uid,lod,cell,height,height_max,height_min,height_pct90,ground_z,footprint_area,footprint_length,centre_e,centre_n,n_triangles,n_vertices,zmin_odn
NS67SW_3156,1,0_0,2.28350430298,-9999.0,-9999.0,-9999.0,54.6650009155,35.918613751838,30.1069898099474,260230.28,670624.95,16,10,54.665
NS67SW_3162,1,0_0,2.93674512591,-9999.0,-9999.0,-9999.0,58.3839988708,62.8603029416844,32.9806794105222,260593.45,670623.67,12,8,58.384
NS67SW_3167,1,0_0,5.97917414076,-9999.0,-9999.0,-9999.0,53.3759994507,133.116951543376,49.6458886775582,260470.94,670623.41,20,12,53.376
NS67SW_3168,1,0_0,5.91270012048,-9999.0,-9999.0,-9999.0,53.4580001831,153.65872120477,53.0074348045887,260488.98,670624.15,20,12,53.458
NS67SW_3170,1,0_0,6.21886116931,-9999.0,-9999.0,-9999.0,53.4239997864,149.989604563111,51.4019045537767,260453.19,670623.0,20,12,53.424
NS67SW_3173,1,0_0,5.96660991845,-9999.0,-9999.0,-9999.0,53.5029983521,160.89427329646,55.1136953361944,260435.47,670623.29,20,12,53.503
NS67SW_3176,1,0_0,5.71164862548,-9999.0,-9999.0,-9999.0,53.8660011292,178.9307948642,53.5070879501929,260397.34,670621.2,12,8,53.866
NS67SW_3178,1,0_0,5.69279741084,-9999.0,-9999.0,-9999.0,53.8339996338,160.17655058403,53.7530717050061,260379.73,670620.54,28,16,53.834
NS67SW_3179,1,0_0,5.12281371236,-9999.0,-9999.0,-9999.0,53.8390007019,156.085407037327,49.9816051140507,260362.1,670619.08,12,8,53.839
NS67SW_3182,1,0_0,6.34117060757,-9999.0,-9999.0,-9999.0,53.8950004578,108.601193265198,42.9100209311645,260344.57,670616.58,20,12,53.895
NS67SW_3184,1,0_0,6.1973612884,-9999.0,-9999.0,-9999.0,54.0079994202,149.053411776701,51.3314203303816,260325.81,670616.55,20,12,54.008
NS67SW_3185,1,0_0,6.50454558267,-9999.0,-9999.0,-9999.0,53.9469985962,131.799295376403,46.4973297993363,260291.6,670615.84,12,8,53.947
NS67SW_3186,1,0_0,5.04142086218,-9999.0,-9999.0,-9999.0,53.8460006714,218.904767096319,87.550786947395,260310.33,670620.78,44,24,53.846
NS67SW_3190,1,0_0,6.83078716171,-9999.0,-9999.0,-9999.0,54.0649986267,150.646474300227,50.1617761518922,260273.83,670615.77,20,12,54.065
NS67SW_3191,1,0_0,3.4698611574,-9999.0,-9999.0,-9999.0,56.7389984131,193.872503680729,73.1380389849946,260574.74,670621.77,28,16,56.739
NS67SW_3192,1,0_0,4.52393776269,-9999.0,-9999.0,-9999.0,54.2980003357,221.171822526067,79.3698712884026,260241.9,670618.95,28,16,54.298
NS67SW_3193,1,0_0,5.24518937569,-9999.0,-9999.0,-9999.0,54.1959991455,170.445292997498,59.7855908957508,260256.59,670617.25,20,12,54.196
NS67SW_3195,1,0_0,6.72532628522,-9999.0,-9999.0,-9999.0,54.8520011902,137.498652758605,47.6374535577338,260221.06,670612.5,12,8,54.852
NS67SW_3197,1,0_0,4.77746591674,-9999.0,-9999.0,-9999.0,55.2443313599,254.855085564584,87.0425317938778,260203.67,670615.73,44,24,55.244
NS67SW_3208,1,0_0,3.95106216216,-9999.0,-9999.0,-9999.0,57.2220001221,126.075416601998,45.8030812634392,260157.8,670605.11,12,8,57.222
NS67SW_3227,1,0_0,4.29695658422,-9999.0,-9999.0,-9999.0,58.2080001831,354.482186435041,91.6684342226197,260595.54,670601.73,36,20,58.208
NS67SW_3230,1,0_0,6.64219578667,-9999.0,-9999.0,-9999.0,54.3819999695,112.805551560754,43.2867288005335,260490.55,670592.1,12,8,54.382
NS67SW_3234,1,0_0,6.24324049391,-9999.0,-9999.0,-9999.0,53.8489990234,120.087964140075,45.2093617801629,260472.62,670591.37,12,8,53.849
NS67SW_3240,1,0_0,6.77171680676,-9999.0,-9999.0,-9999.0,53.6739997864,98.5466806023211,41.0041760137636,260356.74,670586.49,12,8,53.674
NS67SW_3242,1,0_0,4.78086685102,-9999.0,-9999.0,-9999.0,53.3069992065,249.053708390456,64.1145689292964,260454.89,670587.66,12,8,53.307
NS67SW_3244,1,0_0,6.41871875174,-9999.0,-9999.0,-9999.0,53.6440010071,139.057927965624,51.1014294136913,260374.15,670585.3,28,16,53.644
NS67SW_3245,1,0_0,6.06336043258,-9999.0,-9999.0,-9999.0,53.3190002441,153.546093764715,55.4978266335492,260433.35,670586.29,36,20,53.319
NS67SW_3246,1,0_0,3.90713333637,-9999.0,-9999.0,-9999.0,57.047000885,123.195565738959,44.474652849858,260543.2,670585.69,12,8,57.047
NS67SW_3248,1,0_0,5.33790640978,-9999.0,-9999.0,-9999.0,55.2080001831,205.478279179627,68.8506477115621,260505.64,670587.88,24,14,55.208
NS67SW_3253,1,0_0,6.456612506,-9999.0,-9999.0,-9999.0,54.5270004272,108.462183561439,42.5368548645223,260217.75,670581.34,12,8,54.527
NS67SW_3254,1,0_0,6.73394132363,-9999.0,-9999.0,-9999.0,54.2459983826,132.658797277024,46.5827634858775,260252.43,670581.94,12,8,54.246
NS67SW_3255,1,0_0,4.07350791621,-9999.0,-9999.0,-9999.0,56.1440010071,240.054808637356,64.7818934575023,260523.87,670585.4,28,16,56.144
NS67SW_3257,1,0_0,6.5176596289,-9999.0,-9999.0,-9999.0,54.2750015259,131.11976160762,46.4328012007342,260235.16,670581.11,12,8,54.275
NS67SW_3258,1,0_0,5.22798460512,-9999.0,-9999.0,-9999.0,53.7910003662,166.118083589773,53.8820765044347,260304.4,670583.25,20,12,53.791
NS67SW_3259,1,0_0,5.52537898316,-9999.0,-9999.0,-9999.0,54.1150016785,159.598058561977,52.7816175000565,260270.61,670581.57,20,12,54.115
NS67SW_3260,1,0_0,6.06854494702,-9999.0,-9999.0,-9999.0,53.7179985046,162.532960118819,53.2073536830983,260321.81,670582.32,20,12,53.718
NS67SW_3263,1,0_0,5.61463628417,-9999.0,-9999.0,-9999.0,53.4640007019,176.530437401581,53.6402002919766,260394.28,670583.63,12,8,53.464
NS67SW_3269,1,0_0,5.38505327819,-9999.0,-9999.0,-9999.0,53.7239990234,165.029745227228,60.776988545708,260288.27,670580.61,32,18,53.724
NS67SW_3270,1,0_0,6.22180350622,-9999.0,-9999.0,-9999.0,54.6699981689,148.445338201344,51.8129839503636,260200.34,670578.43,20,12,54.67
NS67SW_3272,1,0_0,2.22113070679,-9999.0,-9999.0,-9999.0,53.5870018005,36.6653925033061,24.8135880035594,260348.17,670574.32,12,8,53.587
NS67SW_3278,1,0_0,5.54852762394,-9999.0,-9999.0,-9999.0,53.5149993896,187.84517418923,73.2259377157221,260338.53,670579.4,36,20,53.515
NS67SW_3280,1,0_0,3.3361397913,-9999.0,-9999.0,-9999.0,57.7159996033,193.271710255513,59.7036443926097,260558.24,670577.47,28,16,57.716
NS67SW_3296,1,0_0,2.54676830585,-9999.0,-9999.0,-9999.0,54.5340003967,20.7196949984313,22.3062185773329,260468.53,670564.2,8,6,54.534
NS67SW_3302,1,0_0,4.28638825417,-9999.0,-9999.0,-9999.0,58.1539993286,187.976679685311,59.4146420035034,260571.49,670567.18,20,12,58.154
NS67SW_3303,1,0_0,2.49417440241,-9999.0,-9999.0,-9999.0,55.8839988708,30.4755750006686,22.7343992331693,260494.03,670560.22,12,8,55.884
NS67SW_3304,1,0_0,2.586161096,-9999.0,-9999.0,-9999.0,53.5719985962,59.619480011823,31.5118353944169,260363.13,670560.67,12,8,53.572
NS67SW_3306,1,0_0,2.45051692819,-9999.0,-9999.0,-9999.0,53.5509986877,66.599284999621,42.5332090749529,260314.1,670563.06,24,14,53.551
NS67SW_3307,1,0_0,2.33651892063,-9999.0,-9999.0,-9999.0,53.4980010986,29.2151812510478,22.1866205689919,260328.77,670559.55,12,8,53.498
NS67SW_3313,1,0_0,5.69150008978,-9999.0,-9999.0,-9999.0,53.3089981079,226.640828268768,73.4878796939675,260430.77,670564.56,36,20,53.309
NS67SW_3316,1,0_0,2.3924917691,-9999.0,-9999.0,-9999.0,53.8409996033,21.2880525007253,22.4849059846645,260438.72,670552.84,8,6,53.841
NS67SW_3319,1,0_0,6.58947480121,-9999.0,-9999.0,-9999.0,53.6209983826,142.037532199726,51.0198370246117,260400.27,670557.79,20,12,53.621
NS67SW_3320,1,0_0,2.55464277195,-9999.0,-9999.0,-9999.0,53.5999984741,36.7920225024745,26.513195467047,260355.66,670550.92,12,8,53.6
NS67SW_3321,1,0_0,2.69999921644,-9999.0,-9999.0,-9999.0,53.5680007935,38.5133400056237,24.8639479582989,260392.86,670549.27,12,8,53.568
NS67SW_3331,1,0_0,2.74024761848,-9999.0,-9999.0,-9999.0,55.71900177,28.9943437543438,22.067313945958,260480.59,670544.92,12,8,55.719
NS67SW_3336,1,0_0,6.77069104217,-9999.0,-9999.0,-9999.0,53.8709983826,109.40261272615,42.8038126488006,260200.39,670545.67,12,8,53.871
NS67SW_3337,1,0_0,2.34541557882,-9999.0,-9999.0,-9999.0,53.7080001831,57.4567425060396,36.6693781710419,260366.62,670545.26,16,10,53.708
NS67SW_3342,1,0_0,2.46937323308,-9999.0,-9999.0,-9999.0,54.1409988403,21.8596537520977,22.4634109162788,260383.46,670539.41,8,6,54.141
NS67SW_3346,1,0_0,2.57223387853,-9999.0,-9999.0,-9999.0,53.7919998169,39.965025001665,25.6467847737672,260311.84,670538.36,12,8,53.792
NS67SW_3347,1,0_0,3.84347646683,-9999.0,-9999.0,-9999.0,58.8149986267,421.406807573395,126.359747361446,260592.42,670549.42,68,36,58.815
NS67SW_3352,1,0_0,6.74600859271,-9999.0,-9999.0,-9999.0,58.0219993591,127.259344148754,45.9160349880025,260544.73,670535.98,12,8,58.022
NS67SW_3354,1,0_0,6.50666961524,-9999.0,-9999.0,-9999.0,58.6629981995,135.70725697651,47.2842145671459,260562.52,670536.54,12,8,58.663
NS67SW_3356,1,0_0,6.41396372972,-9999.0,-9999.0,-9999.0,56.7200012207,142.385934427567,50.3967641355035,260509.39,670535.58,20,12,56.72
NS67SW_3357,1,0_0,6.59521488873,-9999.0,-9999.0,-9999.0,57.4560012817,107.376877973506,42.5691229842481,260527.08,670534.07,12,8,57.456
NS67SW_3360,1,0_0,4.78127129352,-9999.0,-9999.0,-9999.0,56.3380012512,191.623466694705,80.3715204087814,260494.66,670539.24,36,20,56.338
NS67SW_3361,1,0_0,5.29974157409,-9999.0,-9999.0,-9999.0,55.3260002136,217.052324404061,73.5321803808829,260470.63,670536.51,28,16,55.326
NS67SW_3363,1,0_0,5.85464460458,-9999.0,-9999.0,-9999.0,54.6160011292,395.297977088102,113.408242531386,260445.08,670536.68,48,26,54.616
NS67SW_3366,1,0_0,6.11937189175,-9999.0,-9999.0,-9999.0,53.936000824,172.712485430484,69.8794485561151,260397.99,670536.18,44,24,53.936
NS67SW_3368,1,0_0,6.19742364462,-9999.0,-9999.0,-9999.0,54.2569999695,154.62193032265,54.7563936606565,260376.19,670531.08,28,16,54.257
NS67SW_3369,1,0_0,6.02066831285,-9999.0,-9999.0,-9999.0,54.4179992676,144.27630880944,53.3794456374484,260359.79,670528.91,28,16,54.418
NS67SW_3372,1,0_0,5.17038331778,-9999.0,-9999.0,-9999.0,53.9749984741,221.871023333121,72.0915231258459,260343.31,670531.65,28,16,53.975
NS67SW_3375,1,0_0,6.0143115391,-9999.0,-9999.0,-9999.0,54.1279983521,127.842760283869,49.1636079201851,260305.49,670527.19,20,12,54.128
NS67SW_3376,1,0_0,4.88625021351,-9999.0,-9999.0,-9999.0,53.8969993591,218.333545117626,85.1632314021607,260326.13,670531.58,48,26,53.897
NS67SW_3378,1,0_0,5.72415599307,-9999.0,-9999.0,-9999.0,53.8899993896,130.483161253618,49.3546735072247,260288.16,670526.32,20,12,53.89
NS67SW_3381,1,0_0,6.79556248235,-9999.0,-9999.0,-9999.0,54.0960006714,130.547871967375,46.2757254566439,260270.68,670524.86,12,8,54.096
NS67SW_3382,1,0_0,5.51575352822,-9999.0,-9999.0,-9999.0,54.033000946,165.963672477371,53.3634867247377,260254.1,670525.05,20,12,54.033
NS67SW_3384,1,0_0,6.9405622629,-9999.0,-9999.0,-9999.0,54.0690002441,132.593450662023,46.6975627878719,260235.63,670523.36,12,8,54.069
NS67SW_3388,1,0_0,6.89973652451,-9999.0,-9999.0,-9999.0,54.2929992676,138.962529153166,47.7518579350618,260211.95,670522.31,12,8,54.293
NS67SW_3412,1,0_0,6.53335650792,-9999.0,-9999.0,-9999.0,59.7000007629,138.429103589067,47.8745461702106,260565.93,670504.01,12,8,59.7
NS67SW_3416,1,0_0,4.50673931261,-9999.0,-9999.0,-9999.0,61.3800010681,161.719311059338,53.1487490605736,260615.57,670502.28,20,12,61.38
NS67SW_3419,1,0_0,2.59124570374,-9999.0,-9999.0,-9999.0,56.5429992676,27.8256262492542,21.896602097806,260385.76,670498.42,12,8,56.543
NS67SW_3420,1,0_0,5.8986495406,-9999.0,-9999.0,-9999.0,58.1769981384,128.213982170398,48.8096690204855,260512.24,670501.27,20,12,58.177
NS67SW_3421,1,0_0,6.39231320489,-9999.0,-9999.0,-9999.0,57.716999054,134.217100812788,46.9142399354407,260476.32,670500.49,12,8,57.717
NS67SW_3422,1,0_0,2.86070722692,-9999.0,-9999.0,-9999.0,61.2569999695,30.0370274990455,22.3736044418101,260601.1,670496.29,12,8,61.257
NS67SW_3427,1,0_0,5.60976124147,-9999.0,-9999.0,-9999.0,57.4119987488,147.437847039666,57.8761537908965,260459.91,670499.46,28,16,57.412
NS67SW_3428,1,0_0,5.28712687737,-9999.0,-9999.0,-9999.0,60.2907485962,167.365877614415,76.292013617726,260580.89,670501.61,44,24,60.291
NS67SW_3431,1,0_0,5.62330383211,-9999.0,-9999.0,-9999.0,57.9230003357,173.001327497101,54.1332763729254,260494.33,670499.19,20,12,57.923
NS67SW_3434,1,0_0,2.83761573419,-9999.0,-9999.0,-9999.0,59.1479988098,25.16241749892,23.0561604834775,260522.5,670492.69,8,6,59.148
NS67SW_3439,1,0_0,6.05956088056,-9999.0,-9999.0,-9999.0,57.3120002747,169.05131771541,66.2995087488856,260439.58,670496.23,52,28,57.312
NS67SW_3440,1,0_0,5.07300030228,-9999.0,-9999.0,-9999.0,58.6360015869,393.187389021042,141.571619846171,260540.16,670498.33,84,44,58.636
NS67SW_3442,1,0_0,5.36741900813,-9999.0,-9999.0,-9999.0,56.4070014954,221.939617718379,79.1629920059417,260367.92,670493.78,52,28,56.407
NS67SW_3446,1,0_0,2.21278425576,-9999.0,-9999.0,-9999.0,58.922000885,34.8278069528412,24.8469220837685,260501.36,670488.73,12,8,58.922
NS67SW_3448,1,0_0,4.47483874951,-9999.0,-9999.0,-9999.0,55.3050003052,211.717824447915,65.2701425186764,260228.89,670490.06,28,16,55.305
NS67SW_3449,1,0_0,5.99648187686,-9999.0,-9999.0,-9999.0,55.8009986877,174.294869409597,58.1384908645278,260325.59,670490.87,36,20,55.801
NS67SW_3456,1,0_0,4.38553598237,-9999.0,-9999.0,-9999.0,62.0110015869,118.66527460145,43.6566008474577,260618.71,670485.21,12,8,62.011
NS67SW_3462,1,0_0,5.93893573685,-9999.0,-9999.0,-9999.0,55.4500007629,167.049774998672,57.9739673894296,260209.88,670486.08,20,12,55.45
NS67SW_3466,1,0_0,5.1223494233,-9999.0,-9999.0,-9999.0,55.5349998474,233.091986725422,70.7861828486454,260252.37,670486.05,28,16,55.535
NS67SW_3468,1,0_0,5.90923868955,-9999.0,-9999.0,-9999.0,56.4365005493,330.967340705849,108.461604171533,260399.32,670489.17,64,34,56.437
NS67SW_3474,1,0_0,4.56907842245,-9999.0,-9999.0,-9999.0,56.2379989624,92.0075615845759,46.6698494231633,260352.48,670479.82,12,8,56.238
NS67SW_3475,1,0_0,2.56395219297,-9999.0,-9999.0,-9999.0,59.2529983521,28.8808312499298,25.6331096519989,260391.02,670472.44,8,6,59.253
NS67SW_3480,1,0_0,5.99122850005,-9999.0,-9999.0,-9999.0,56.2050018311,301.043459669487,103.816258376651,260290.88,670483.59,56,30,56.205
NS67SW_3482,1,0_0,3.47802390205,-9999.0,-9999.0,-9999.0,62.0830001831,61.0622248993717,31.3430204574538,260575.36,670472.56,12,8,62.083
NS67SW_3485,1,0_0,2.25164584319,-9999.0,-9999.0,-9999.0,59.2194290161,25.9675199962798,21.2506024704902,260371.04,670469.14,12,8,59.219
NS67SW_3489,1,0_0,6.95625313767,-9999.0,-9999.0,-9999.0,57.1679992676,119.381876883271,44.8502765489525,260210.75,670469.38,20,12,57.168
NS67SW_3492,1,0_0,4.29137875101,-9999.0,-9999.0,-9999.0,63.4367141724,191.43119819067,63.6544149771328,260615.18,670467.7,28,16,63.437
NS67SW_3494,1,0_0,2.63619885123,-9999.0,-9999.0,-9999.0,57.1949996948,89.7444337430292,57.4780103458039,260316.54,670466.62,24,14,57.195
NS67SW_3495,1,0_0,4.7172184164,-9999.0,-9999.0,-9999.0,59.2869987488,266.442537526878,89.1034011302661,260441.86,670472.96,44,24,59.287
NS67SW_3499,1,0_0,2.01637388531,-9999.0,-9999.0,-9999.0,62.3100013733,22.8924374978206,22.1770487849366,260449.41,670460.66,8,6,62.31
NS67SW_3508,1,0_0,6.67002478971,-9999.0,-9999.0,-9999.0,60.3660011292,130.651735958903,46.383436090484,260403.33,670461.88,12,8,60.366
NS67SW_3514,1,0_0,5.60187105684,-9999.0,-9999.0,-9999.0,58.6459999084,149.451112991969,52.2537290815743,260363.45,670460.21,20,12,58.646
NS67SW_3515,1,0_0,2.6727784131,-9999.0,-9999.0,-9999.0,61.4819984436,22.5871462503852,22.355927594676,260394.83,670454.51,8,6,61.482
NS67SW_3518,1,0_0,5.36558492439,-9999.0,-9999.0,-9999.0,57.9309997559,174.584628803498,54.8844683060042,260329.98,670458.75,20,12,57.931
NS67SW_3519,1,0_0,3.17047508395,-9999.0,-9999.0,-9999.0,63.2200012207,28.0202024992835,24.363029049746,260458.05,670454.25,8,6,63.22
NS67SW_3520,1,0_0,3.6067034639,-9999.0,-9999.0,-9999.0,63.5830001831,42.1340512439028,26.0664237844851,260513.97,670456.27,12,8,63.583
NS67SW_3525,1,0_0,3.05149861929,-9999.0,-9999.0,-9999.0,64.6129989624,66.2088645999177,32.6758500027009,260600.73,670454.32,12,8,64.613
NS67SW_3526,1,0_0,5.78132815588,-9999.0,-9999.0,-9999.0,57.8530006409,148.651820177451,54.7663398421952,260290.91,670458.07,28,16,57.853
NS67SW_3530,1,0_0,4.42409027039,-9999.0,-9999.0,-9999.0,58.4090003967,259.740388026432,97.3142400069949,260254.09,670461.3,60,32,58.409
NS67SW_3535,1,0_0,6.45786197997,-9999.0,-9999.0,-9999.0,59.8460006714,120.220711482422,47.3689246215955,260212.41,670454.17,20,12,59.846
NS67SW_3539,1,0_0,2.99922013595,-9999.0,-9999.0,-9999.0,58.047000885,61.2495112439495,44.5259260627746,260318.12,670449.71,28,16,58.047
NS67SW_3545,1,0_0,4.98537020637,-9999.0,-9999.0,-9999.0,64.1460037231,262.63408430556,89.3346542169108,260585.39,670453.21,44,24,64.146
NS67SW_3552,1,0_0,6.65374340013,-9999.0,-9999.0,-9999.0,64.9609985352,175.929701233737,58.4939441404703,260503.45,670446.82,28,16,64.961
NS67SW_3553,1,0_0,6.23559148859,-9999.0,-9999.0,-9999.0,64.7529983521,367.717854818969,108.231393077519,260531.3,670447.52,52,28,64.753
NS67SW_3554,1,0_0,4.8385056847,-9999.0,-9999.0,-9999.0,65.0329971313,196.109062814932,63.3914455083455,260560.56,670446.08,28,16,65.033
NS67SW_3555,1,0_0,4.81965881381,-9999.0,-9999.0,-9999.0,65.3990020752,228.25661412368,64.8680247609847,260617.65,670447.93,20,12,65.399
NS67SW_3557,1,0_0,5.92033298083,-9999.0,-9999.0,-9999.0,63.1990013123,455.852292445209,147.021499444833,260476.24,670449.33,68,36,63.199
NS67SW_3559,1,0_0,3.21784785022,-9999.0,-9999.0,-9999.0,64.1050033569,37.8801375067232,24.6868788704364,260454.09,670442.02,12,8,64.105
NS67SW_3562,1,0_0,5.74032890293,-9999.0,-9999.0,-9999.0,60.3129997253,146.107967315653,57.9572594698022,260364.84,670443.63,36,20,60.313
NS67SW_3567,1,0_0,5.30179163647,-9999.0,-9999.0,-9999.0,63.0550003052,206.852785323449,67.5130962639865,260440.95,670444.61,36,20,63.055
NS67SW_3570,1,0_0,6.01982827022,-9999.0,-9999.0,-9999.0,59.8979988098,141.396370339176,51.7671603398473,260331.25,670440.93,20,12,59.898
NS67SW_3572,1,0_0,6.93261113555,-9999.0,-9999.0,-9999.0,58.4510002136,127.613900420957,45.8909120634946,260291.05,670439.31,12,8,58.451
NS67SW_3574,1,0_0,5.92726673799,-9999.0,-9999.0,-9999.0,62.2690010071,174.437424698433,76.8154833589527,260399.3,670441.48,36,20,62.269
NS67SW_3575,1,0_0,6.88867943242,-9999.0,-9999.0,-9999.0,61.4449996948,106.478993613411,42.1726430948429,260214.73,670437.47,12,8,61.445
NS67SW_3579,1,0_0,5.29534550535,-9999.0,-9999.0,-9999.0,59.3339996338,227.858483595892,88.1519949905057,260254.47,670437.7,52,28,59.334
NS67SW_3581,1,0_0,1.98769646017,-9999.0,-9999.0,-9999.0,59.2350006104,32.3270917168384,26.2378792603844,260304.1,670431.35,16,10,59.235
NS67SW_3584,1,0_0,2.37296897213,-9999.0,-9999.0,-9999.0,62.4560012817,37.7628262552899,24.8404662071357,260224.5,670429.46,12,8,62.456
NS67SW_3603,1,0_0,6.39418023497,-9999.0,-9999.0,-9999.0,63.1629981995,148.142428230701,52.599282529178,260405.12,670427.99,20,12,63.163
NS67SW_3607,1,0_0,6.26220482152,-9999.0,-9999.0,-9999.0,62.172000885,126.678756084519,49.5315341206807,260364.58,670424.92,20,12,62.172
NS67SW_3611,1,0_0,5.38325423089,-9999.0,-9999.0,-9999.0,60.6329994202,160.2142058235,65.0718161634496,260329.73,670424.82,36,20,60.633
NS67SW_3619,1,0_0,5.02684651368,-9999.0,-9999.0,-9999.0,59.8779983521,180.747125933952,53.8505811502197,260293.63,670421.74,12,8,59.878
NS67SW_3626,1,0_0,6.72968849567,-9999.0,-9999.0,-9999.0,63.2070007324,114.089477321724,43.5364969955414,260216.81,670419.84,12,8,63.207
NS67SW_3627,1,0_0,5.73150973359,-9999.0,-9999.0,-9999.0,60.6360015869,157.962654507276,55.3706217980222,260259.92,670421.13,28,16,60.636
NS67SW_3631,1,0_0,2.43401795674,-9999.0,-9999.0,-9999.0,62.0550003052,33.2619487520285,23.5545671896056,260324.38,670414.61,12,8,62.055
NS67SW_3640,1,0_0,2.48634638632,-9999.0,-9999.0,-9999.0,63.8759994507,40.6274849971828,25.5560597156853,260226.32,670411.91,12,8,63.876
NS67SW_3650,1,0_0,3.73310918732,-9999.0,-9999.0,-9999.0,68.0749969482,221.539497085874,62.5713246660882,260619.29,670411.83,20,12,68.075
NS67SW_3657,1,0_0,5.66086215549,-9999.0,-9999.0,-9999.0,64.1539993286,175.664770008149,53.0741461958566,260405.33,670409.77,12,8,64.154
NS67SW_3663,1,0_0,6.02139152215,-9999.0,-9999.0,-9999.0,63.3260002136,124.783480816972,49.6020228740566,260365.47,670407.49,28,16,63.326
NS67SW_3664,1,0_0,6.50312037242,-9999.0,-9999.0,-9999.0,67.4789962769,153.940195661708,51.2139042505724,260487.05,670405.11,12,8,67.479
NS67SW_3665,1,0_0,5.95497225732,-9999.0,-9999.0,-9999.0,68.841003418,146.765662300753,50.8791769298424,260541.1,670406.45,20,12,68.841
NS67SW_3667,1,0_0,6.26067726686,-9999.0,-9999.0,-9999.0,62.702999115,124.117049137536,47.563134386413,260333.46,670406.18,20,12,62.703
NS67SW_3668,1,0_0,3.75884893524,-9999.0,-9999.0,-9999.0,68.3710021973,245.061351090286,78.6667342472609,260586.72,670407.05,28,16,68.371
NS67SW_3673,1,0_0,5.27122173549,-9999.0,-9999.0,-9999.0,68.1360015869,372.005390131928,97.8498483960907,260513.91,670404.43,44,24,68.136
NS67SW_3674,1,0_0,3.75360399751,-9999.0,-9999.0,-9999.0,68.56300354,299.535819669931,83.955948002671,260562.18,670406.43,44,24,68.563
NS67SW_3678,1,0_0,6.62342001612,-9999.0,-9999.0,-9999.0,61.3269996643,109.094852401573,42.72225745263,260291.69,670403.96,12,8,61.327
NS67SW_3679,1,0_0,6.16350386285,-9999.0,-9999.0,-9999.0,61.5289993286,130.520109421313,48.4114663328929,260261.69,670403.0,20,12,61.529
NS67SW_3680,1,0_0,5.80234467037,-9999.0,-9999.0,-9999.0,64.8330001831,163.758551577925,53.1794915512811,260442.01,670404.56,20,12,64.833
NS67SW_3683,1,0_0,6.80318372311,-9999.0,-9999.0,-9999.0,64.5589981079,107.97941707721,42.5730104932341,260218.49,670402.05,12,8,64.559
NS67SW_3684,1,0_0,2.55030612901,-9999.0,-9999.0,-9999.0,68.1800003052,116.817881578158,57.3968550935241,260606.56,670403.06,32,18,68.18
NS67SW_3686,1,0_0,5.57990684132,-9999.0,-9999.0,-9999.0,66.388999939,207.164306021729,59.0204292634496,260466.54,670402.16,20,12,66.389
NS67SW_3696,1,0_0,2.61425435174,-9999.0,-9999.0,-9999.0,68.1330032349,27.8969624990132,24.7188017498657,260494.7,670396.16,8,6,68.133
NS67SW_3697,1,0_0,2.27357187164,-9999.0,-9999.0,-9999.0,67.1210021973,45.7748249999131,27.6611047453408,260477.1,670395.3,12,8,67.121
NS67SW_3721,1,0_0,6.36248798859,-9999.0,-9999.0,-9999.0,64.516998291,150.070052002367,52.6530447802839,260404.54,670391.47,20,12,64.517
NS67SW_3723,1,0_0,2.34373652784,-9999.0,-9999.0,-9999.0,68.5029983521,41.4913574987651,26.9322913751209,260596.81,670388.21,12,8,68.503
NS67SW_3725,1,0_0,5.45875021815,-9999.0,-9999.0,-9999.0,63.983001709,167.187832995282,55.0038135360808,260366.4,670391.04,28,16,63.983
NS67SW_3727,1,0_0,4.39658241331,-9999.0,-9999.0,-9999.0,67.7363357544,162.972361383927,54.4729113173284,260621.89,670391.03,20,12,67.736
NS67SW_3736,1,0_0,7.00322058605,-9999.0,-9999.0,-9999.0,62.5060005188,131.467922862489,46.5305801464492,260293.61,670386.71,12,8,62.506
NS67SW_3737,1,0_0,5.34136301024,-9999.0,-9999.0,-9999.0,63.6290016174,152.847642812148,62.5106135019,260332.31,670387.56,36,20,63.629
NS67SW_3741,1,0_0,2.59119119952,-9999.0,-9999.0,-9999.0,68.8809967041,24.1329562516052,19.8104716323099,260539.91,670382.17,12,8,68.881
NS67SW_3744,1,0_0,6.44962906948,-9999.0,-9999.0,-9999.0,65.3140029907,108.807066186396,42.6627054893273,260220.2,670384.54,12,8,65.314
NS67SW_3745,1,0_0,2.5792932426,-9999.0,-9999.0,-9999.0,64.7129974365,62.1523049999503,41.3853493056503,260393.55,670381.46,24,14,64.713
NS67SW_3749,1,0_0,5.05891945249,-9999.0,-9999.0,-9999.0,65.2720031738,189.775017231736,70.5998996475549,260444.57,670386.89,36,20,65.272
NS67SW_3751,1,0_0,6.18930340522,-9999.0,-9999.0,-9999.0,62.6879997253,174.134441278409,58.8812518597962,260260.92,670384.19,28,16,62.688
NS67SW_3767,1,0_0,2.56666420676,-9999.0,-9999.0,-9999.0,63.7350006104,69.8468077313936,33.4573286761264,260318.97,670375.5,12,8,63.735
NS67SW_3780,1,0_0,3.69408690908,-9999.0,-9999.0,-9999.0,66.9400024414,139.903595149578,49.9275542709561,260621.73,670374.8,20,12,66.94
NS67SW_3784,1,0_0,6.41492693612,-9999.0,-9999.0,-9999.0,65.0979995728,139.128305531937,47.641555321443,260407.08,670373.85,12,8,65.098
NS67SW_3787,1,0_0,5.60550368531,-9999.0,-9999.0,-9999.0,64.3870010376,145.400378966161,49.7011482704727,260367.1,670372.53,20,12,64.387
NS67SW_3790,1,0_0,6.4687671796,-9999.0,-9999.0,-9999.0,64.3290023804,107.421192602968,42.3880661519758,260336.47,670371.09,12,8,64.329
NS67SW_3791,1,0_0,2.52886190647,-9999.0,-9999.0,-9999.0,65.1760025024,23.194440001766,20.8208911212998,260397.71,670366.24,12,8,65.176
NS67SW_3792,1,0_0,2.44807098389,-9999.0,-9999.0,-9999.0,66.9609985352,33.1676249983041,23.8187077753711,260611.75,670367.44,12,8,66.961
NS67SW_3798,1,0_0,6.1588275714,-9999.0,-9999.0,-9999.0,63.4930000305,115.361059302864,43.6745973883951,260264.27,670367.76,12,8,63.493
NS67SW_3799,1,0_0,4.59203048916,-9999.0,-9999.0,-9999.0,63.4350013733,227.798926765325,93.339663678382,260298.83,670371.45,52,28,63.435
NS67SW_3800,1,0_0,2.53615773722,-9999.0,-9999.0,-9999.0,68.1200027466,64.4774925039742,35.9006741199921,260528.41,670367.17,20,12,68.12
NS67SW_3808,1,0_0,2.36499106166,-9999.0,-9999.0,-9999.0,64.4476013184,23.8470337458132,24.3885798413737,260332.56,670360.31,8,6,64.448
NS67SW_3814,1,0_0,2.7299894121,-9999.0,-9999.0,-9999.0,63.952999115,46.8701056634257,28.927356167891,260294.54,670358.21,12,8,63.953
NS67SW_3828,1,0_0,5.18647802495,-9999.0,-9999.0,-9999.0,64.8369979858,184.280951065068,83.0490560599793,260222.66,670362.92,68,36,64.837
NS67SW_3833,1,0_0,5.61849737616,-9999.0,-9999.0,-9999.0,67.5540008545,165.546360446427,56.3983231829329,260592.52,670357.08,28,16,67.554
NS67SW_3834,1,0_0,4.13732334727,-9999.0,-9999.0,-9999.0,66.3249969482,197.747378337965,59.8463813301537,260621.08,670358.1,28,16,66.325
NS67SW_3838,1,0_0,5.35174234751,-9999.0,-9999.0,-9999.0,67.8740005493,238.543394570771,76.330108908861,260569.42,670355.28,44,24,67.874
NS67SW_3840,1,0_0,5.98270446504,-9999.0,-9999.0,-9999.0,68.0589981079,203.715960412427,61.7033170599912,260515.76,670354.42,20,12,68.059
NS67SW_3844,1,0_0,5.4779927895,-9999.0,-9999.0,-9999.0,68.0660018921,234.815860638442,76.6565513708304,260540.65,670354.42,36,20,68.066
NS67SW_3849,1,0_0,5.65440013518,-9999.0,-9999.0,-9999.0,67.4589996338,258.659538219857,73.2413212935687,260487.82,670355.08,44,24,67.459
NS67SW_3857,1,0_0,2.23525062082,-9999.0,-9999.0,-9999.0,63.9959983826,76.0824974276857,57.2289646855991,260237.91,670353.52,28,18,63.996
NS67SW_3862,1,0_0,5.60613657385,-9999.0,-9999.0,-9999.0,66.6100006104,211.937932678892,81.1209857379351,260462.3,670352.88,52,28,66.61
NS67SW_3865,1,0_0,5.42848360932,-9999.0,-9999.0,-9999.0,66.1380004883,230.047289809549,61.8616982972576,260443.52,670351.16,20,12,66.138
NS67SW_3883,1,0_0,5.40691987517,-9999.0,-9999.0,-9999.0,65.2089996338,303.883326714229,80.7917916400688,260376.13,670347.41,28,16,65.209
NS67SW_3884,1,0_0,5.85541068764,-9999.0,-9999.0,-9999.0,65.6119995117,338.944970896192,85.1145386431917,260403.77,670348.75,36,20,65.612
NS67SW_3888,1,0_0,5.73020447472,-9999.0,-9999.0,-9999.0,64.2490005493,250.033204876848,78.6407375572669,260327.29,670346.64,28,16,64.249
NS67SW_3895,1,0_0,5.24121231141,-9999.0,-9999.0,-9999.0,64.0039978027,257.290916689533,79.6961786023069,260301.63,670345.19,36,20,64.004
NS67SW_3902,1,0_0,5.30686479778,-9999.0,-9999.0,-9999.0,63.6010017395,323.774516207236,103.874550712894,260254.79,670342.63,60,32,63.601
NS67SW_3907,1,0_0,5.94132064076,-9999.0,-9999.0,-9999.0,64.5970001221,137.607521229358,50.1682387067207,260224.85,670339.46,12,8,64.597
NS67SW_3981,1,0_0,4.92618054338,-9999.0,-9999.0,-9999.0,67.3870010376,88.8278270618454,37.8208246735022,260051.47,670315.35,12,8,67.387
NS67SW_3999,1,0_0,5.18216698021,-9999.0,-9999.0,-9999.0,68.9950027466,226.1418131586,60.1901451928314,260554.37,670311.79,12,8,68.995
NS67SW_4003,1,0_0,5.22584407909,-9999.0,-9999.0,-9999.0,69.1060028076,285.785164504275,84.7918342363505,260505.51,670310.85,28,16,69.106
NS67SW_4004,1,0_0,5.1685094578,-9999.0,-9999.0,-9999.0,69.0,291.24377618836,77.7820744229139,260530.25,670311.62,28,16,69.0
NS67SW_4005,1,0_0,5.75156763438,-9999.0,-9999.0,-9999.0,68.6350021362,229.74970782323,72.3176818287148,260478.39,670309.33,28,16,68.635
NS67SW_4010,1,0_0,5.93294940006,-9999.0,-9999.0,-9999.0,68.0100021362,332.059479196619,91.1215867262691,260448.05,670308.88,52,28,68.01
NS67SW_4012,1,0_0,6.24283894072,-9999.0,-9999.0,-9999.0,66.8219985962,291.071480516611,80.8789095710459,260403.85,670307.8,20,12,66.822
NS67SW_4014,1,0_0,5.96798016528,-9999.0,-9999.0,-9999.0,64.3830032349,217.007577477333,64.9011912423547,260347.04,670306.1,20,12,64.383
NS67SW_4019,1,0_0,5.89907607574,-9999.0,-9999.0,-9999.0,64.6230010986,258.195461648427,75.3804640647847,260373.3,670305.94,20,12,64.623
NS67SW_4024,1,0_0,5.12295572934,-9999.0,-9999.0,-9999.0,64.6269989014,151.724368823663,51.0857601308942,260326.74,670304.54,20,12,64.627
NS67SW_4028,1,0_0,5.62364387431,-9999.0,-9999.0,-9999.0,64.4550018311,610.646682260406,160.658545700681,260292.07,670303.97,92,48,64.455
NS67SW_4037,1,0_0,6.3232839942,-9999.0,-9999.0,-9999.0,65.3099975586,167.747511663808,67.4048127501104,260253.22,670301.33,28,16,65.31
NS67SW_4040,1,0_0,4.77423253696,-9999.0,-9999.0,-9999.0,66.1029968262,197.05546207131,62.3428760581533,260233.86,670300.37,36,20,66.103
NS67SW_4056,1,0_0,4.52588484827,-9999.0,-9999.0,-9999.0,68.2969970703,351.433983598503,75.2812450299975,260584.39,670298.06,16,10,68.297
NS67SW_4058,1,0_0,2.11698177057,-9999.0,-9999.0,-9999.0,70.1640014648,58.7855257521859,31.0566374550488,260061.03,670292.83,12,8,70.164
NS67SW_4059,1,0_0,2.28544899269,-9999.0,-9999.0,-9999.0,66.111000061,28.4166374966474,21.8637460025058,260289.95,670290.94,12,8,66.111
NS67SW_4069,1,0_0,3.13173266298,-9999.0,-9999.0,-9999.0,68.3830032349,67.750884856001,32.9794166385055,260443.15,670289.1,12,8,68.383
NS67SW_4070,1,0_0,2.65492791553,-9999.0,-9999.0,-9999.0,69.2949981689,79.1074012487905,44.1805863381485,260549.61,670289.89,24,14,69.295
NS67SW_4073,1,0_0,4.73884773547,-9999.0,-9999.0,-9999.0,69.4560012817,166.043879090309,55.5147390667476,260044.33,670292.89,12,8,69.456
NS67SW_4089,1,0_0,2.74004046837,-9999.0,-9999.0,-9999.0,69.9069976807,68.7059927680657,33.5901574142392,260494.6,670281.56,12,8,69.907
NS67SW_4092,1,0_0,2.54975634423,-9999.0,-9999.0,-9999.0,65.9919967651,59.6487382087844,31.6120243933732,260409.51,670281.71,12,8,65.992
NS67SW_4099,1,0_0,2.68677657807,-9999.0,-9999.0,-9999.0,68.9530029297,42.9248630228623,27.4704350215243,260454.98,670279.91,12,8,68.953
NS67SW_4102,1,0_0,5.6824121211,-9999.0,-9999.0,-9999.0,71.1039962769,298.269635135341,77.0748358226704,260071.17,670280.73,28,16,71.104
NS67SW_4113,1,0_0,7.14590633245,-9999.0,-9999.0,-9999.0,68.0849990845,188.434624170637,57.0688306856357,260602.93,670275.86,20,12,68.085
NS67SW_4151,1,0_0,4.29689871181,-9999.0,-9999.0,-9999.0,69.5250015259,137.682029142411,50.2064233207376,260556.9,670264.46,20,12,69.525
NS67SW_4155,1,0_0,4.71066006609,-9999.0,-9999.0,-9999.0,69.7900009155,389.24196313342,122.621091280288,260531.25,670265.57,64,34,69.79
NS67SW_4157,1,0_0,2.60934753878,-9999.0,-9999.0,-9999.0,69.7703323364,89.6260496605113,41.5065872202456,260248.07,670262.18,28,16,69.77
NS67SW_4161,1,0_0,6.68528142719,-9999.0,-9999.0,-9999.0,70.1169967651,132.888216773276,46.7824539932385,260504.67,670260.24,12,8,70.117
NS67SW_4163,1,0_0,6.10413060869,-9999.0,-9999.0,-9999.0,70.2730026245,149.221623341653,54.6438259002331,260486.18,670261.43,20,12,70.273
NS67SW_4165,1,0_0,6.1849616352,-9999.0,-9999.0,-9999.0,69.5130004883,145.548961449855,50.7044059822564,260467.04,670258.58,20,12,69.513
NS67SW_4169,1,0_0,5.96104496945,-9999.0,-9999.0,-9999.0,68.7659988403,156.610505574739,52.2533472278485,260449.52,670258.77,20,12,68.766
NS67SW_4177,1,0_0,5.7096822909,-9999.0,-9999.0,-9999.0,65.7799987793,445.12928494054,122.030574248766,260399.89,670257.92,52,28,65.78
NS67SW_4181,1,0_0,5.50440728025,-9999.0,-9999.0,-9999.0,66.1299972534,222.943644360704,63.6308290636688,260368.93,670257.05,20,12,66.13
NS67SW_4187,1,0_0,6.11683407313,-9999.0,-9999.0,-9999.0,67.6190032959,164.580413884046,52.1137650744692,260350.67,670254.02,20,12,67.619
NS67SW_4195,1,0_0,5.46948876973,-9999.0,-9999.0,-9999.0,68.5189971924,391.626660243495,107.476547844827,260302.9,670252.44,44,24,68.519
NS67SW_4198,1,0_0,5.04775256578,-9999.0,-9999.0,-9999.0,69.4290008545,211.279681222466,85.4355674057603,260271.97,670254.74,52,28,69.429
NS67SW_4199,1,0_0,4.62471075877,-9999.0,-9999.0,-9999.0,67.8690032959,289.865559690324,78.6715124728511,260331.73,670253.72,44,24,67.869
NS67SW_4201,1,0_0,6.19776194944,-9999.0,-9999.0,-9999.0,70.0250015259,151.390206954016,53.7568184332379,260257.31,670249.92,20,12,70.025
NS67SW_4204,1,0_0,6.1907158167,-9999.0,-9999.0,-9999.0,70.6200027466,183.938388970132,60.8872774446422,260236.42,670248.31,28,16,70.62
NS67SW_4240,1,0_0,2.48617790841,-9999.0,-9999.0,-9999.0,68.3619995117,22.8307275024251,22.0142276509304,260611.64,670232.29,8,6,68.362
NS67SW_4277,1,0_0,5.94559281172,-9999.0,-9999.0,-9999.0,68.6800003052,177.555448560147,59.2075297627635,260598.17,670219.94,20,12,68.68
NS67SW_4284,1,0_0,2.50758115066,-9999.0,-9999.0,-9999.0,68.1740036011,69.6765195134234,35.2787998630827,260613.05,670217.37,20,12,68.174
NS67SW_4288,1,0_0,5.69317564338,-9999.0,-9999.0,-9999.0,69.3850021362,204.425915101544,64.1732807292782,260557.92,670217.95,28,16,69.385
NS67SW_4294,1,0_0,5.67982436875,-9999.0,-9999.0,-9999.0,69.1859970093,410.06893779145,123.439677079452,260524.7,670216.16,68,36,69.186
NS67SW_4295,1,0_0,6.18430311114,-9999.0,-9999.0,-9999.0,69.3160018921,160.308231410063,66.761847147596,260575.33,670217.24,28,16,69.316
NS67SW_4299,1,0_0,2.69208348493,-9999.0,-9999.0,-9999.0,66.6370010376,68.2607179133708,34.1195206151841,260396.41,670213.27,12,8,66.637
NS67SW_4306,1,0_0,5.75897836323,-9999.0,-9999.0,-9999.0,68.2890014648,408.514727276084,123.03039958103,260486.61,670214.46,76,40,68.289
NS67SW_4308,1,0_0,6.87515581627,-9999.0,-9999.0,-9999.0,66.8629989624,137.523654810971,47.4675983033252,260384.63,670212.0,12,8,66.863
NS67SW_4320,1,0_0,5.96984749756,-9999.0,-9999.0,-9999.0,67.1849975586,162.103616299591,53.3277902224976,260366.53,670209.88,28,16,67.185
NS67SW_4323,1,0_0,5.67949268379,-9999.0,-9999.0,-9999.0,67.5589981079,182.632464196994,57.6467779876472,260349.68,670208.7,28,16,67.559
NS67SW_4328,1,0_0,6.3557840316,-9999.0,-9999.0,-9999.0,68.3396682739,161.087347962786,59.1563784119615,260311.88,670207.34,36,20,68.34
NS67SW_4334,1,0_0,5.7419707773,-9999.0,-9999.0,-9999.0,67.1289978027,291.980528428524,82.6083230298613,260450.18,670212.51,52,28,67.129
NS67SW_4341,1,0_0,5.73879519472,-9999.0,-9999.0,-9999.0,67.6770019531,187.897754378663,57.3477672461842,260330.61,670206.48,20,12,67.677
NS67SW_4342,1,0_0,2.31841900474,-9999.0,-9999.0,-9999.0,66.7860031128,23.4997125027324,22.2652393292479,260376.3,670200.64,8,6,66.786
NS67SW_4346,1,0_0,5.7822407954,-9999.0,-9999.0,-9999.0,68.7910003662,419.094996737966,94.0978314308471,260285.19,670205.36,44,24,68.791
NS67SW_4358,1,0_0,2.75420188904,-9999.0,-9999.0,-9999.0,69.1819992065,39.8482701835075,27.1877395508642,260552.19,670196.47,12,8,69.182
NS67SW_4363,1,0_0,2.15383467715,-9999.0,-9999.0,-9999.0,68.0650024414,62.2013062452128,38.8789706269772,260613.78,670196.92,24,14,68.065
NS67SW_4369,1,0_0,5.54165940631,-9999.0,-9999.0,-9999.0,69.8659973145,502.105538383669,126.38293872656,260225.4,670200.37,44,24,69.866
NS67SW_4377,1,0_0,2.56886708317,-9999.0,-9999.0,-9999.0,68.9300003052,84.1688770244131,44.3850637545591,260537.02,670190.53,12,8,68.93
NS67SW_4378,1,0_0,2.39388182669,-9999.0,-9999.0,-9999.0,67.0869979858,41.9070224962251,25.9330967688748,260361.51,670189.72,12,8,67.087
NS67SW_4397,1,0_0,5.42641031477,-9999.0,-9999.0,-9999.0,68.9140014648,277.8995103472,106.34123202375,260260.53,670197.08,52,28,68.914
NS67SW_4452,1,0_0,6.21683129536,-9999.0,-9999.0,-9999.0,68.56300354,146.031281662354,50.2710955949391,260599.64,670170.29,20,12,68.563
NS67SW_4455,1,0_0,5.16619553677,-9999.0,-9999.0,-9999.0,69.0220031738,246.011546458786,75.972184970004,260581.12,670173.86,28,16,69.022
NS67SW_4459,1,0_0,2.23764415014,-9999.0,-9999.0,-9999.0,68.3430023193,45.2161350043099,27.6639032761423,260279.26,670165.91,12,8,68.343
NS67SW_4461,1,0_0,6.00629348755,-9999.0,-9999.0,-9999.0,68.4039993286,104.555025600121,43.4698164692813,260529.39,670166.89,20,12,68.404
NS67SW_4463,1,0_0,5.03605316014,-9999.0,-9999.0,-9999.0,68.6800003052,382.90258640559,114.863987661557,260554.97,670168.83,36,20,68.68
NS67SW_4468,1,0_0,5.62756309871,-9999.0,-9999.0,-9999.0,67.5130004883,244.53599046216,74.15620798236,260508.27,670166.75,28,16,67.513
NS67SW_4472,1,0_0,5.67119680444,-9999.0,-9999.0,-9999.0,67.1699981689,227.527793467062,72.4518685956974,260480.42,670165.62,36,20,67.17
NS67SW_4490,1,0_0,5.9497835458,-9999.0,-9999.0,-9999.0,67.2720031738,211.723526319514,64.2876025975982,260339.76,670159.38,20,12,67.272
NS67SW_4491,1,0_0,4.76251794161,-9999.0,-9999.0,-9999.0,66.5599975586,547.621460515417,113.340732699443,260452.09,670175.99,20,12,66.56
NS67SW_4496,1,0_0,5.37841284948,-9999.0,-9999.0,-9999.0,66.6610031128,525.719260301881,127.926187442481,260374.03,670161.13,68,36,66.661
NS67SW_4501,1,0_0,5.67164787234,-9999.0,-9999.0,-9999.0,67.9479980469,230.842027085467,65.5343838016537,260292.5,670157.62,20,12,67.948
NS67SW_4502,1,0_0,4.65713223339,-9999.0,-9999.0,-9999.0,67.4394302368,268.295254625592,75.7570111862306,260318.83,670160.48,28,16,67.439
NS67SW_4503,1,0_0,5.36468129455,-9999.0,-9999.0,-9999.0,66.4430007935,741.298618409976,190.611824333047,260410.33,670187.18,92,48,66.443
NS67SW_4506,1,0_0,5.34211023539,-9999.0,-9999.0,-9999.0,68.81300354,205.040276254767,60.5210803674434,260237.21,670157.59,36,20,68.813
NS67SW_4508,1,0_0,3.11075266223,-9999.0,-9999.0,-9999.0,68.952003479,200.724152588736,95.5651281689612,260218.1,670158.35,40,20,68.952
NS67SW_4512,1,0_0,5.16465799107,-9999.0,-9999.0,-9999.0,68.43699646,345.489981885051,103.87716321938,260262.36,670158.07,60,32,68.437
NS67SW_4562,1,0_0,2.3636441012,-9999.0,-9999.0,-9999.0,67.1303329468,28.8552525002954,21.7406088501469,260610.32,670131.94,12,8,67.13
NS67SW_4578,1,0_0,5.60482243286,-9999.0,-9999.0,-9999.0,67.6330032349,177.785993754713,54.8748886865459,260598.26,670128.06,20,12,67.633
NS67SW_4583,1,0_0,5.12808829759,-9999.0,-9999.0,-9999.0,67.6210021973,410.179140084254,109.456862062672,260495.68,670124.46,44,24,67.621
NS67SW_4586,1,0_0,5.5381594485,-9999.0,-9999.0,-9999.0,67.9469985962,251.513827498991,81.9474082243168,260459.15,670122.9,44,24,67.947
NS67SW_4593,1,0_0,5.86167095058,-9999.0,-9999.0,-9999.0,67.7429962158,220.418948960893,73.4849883580017,260410.04,670121.62,36,20,67.743
NS67SW_4598,1,0_0,6.89542501414,-9999.0,-9999.0,-9999.0,67.1669998169,94.0914250253588,39.194101329222,260307.21,670118.62,12,8,67.167
NS67SW_4602,1,0_0,5.07262520968,-9999.0,-9999.0,-9999.0,67.8079986572,847.992182783865,232.76359271264,260553.08,670124.39,100,52,67.808
NS67SW_4603,1,0_0,5.56473060215,-9999.0,-9999.0,-9999.0,67.9759979248,145.495889009675,48.5794347328652,260387.13,670119.6,12,8,67.976
NS67SW_4604,1,0_0,2.89558291273,-9999.0,-9999.0,-9999.0,68.0650024414,36.6812587530168,24.7618382537954,260554.5,670116.26,12,8,68.065
NS67SW_4605,1,0_0,2.66440298538,-9999.0,-9999.0,-9999.0,66.2480010986,31.9596899968779,23.1712223111028,260625.0,670115.77,12,8,66.248
NS67SW_4606,1,0_0,4.33235558329,-9999.0,-9999.0,-9999.0,68.0270004272,242.616185629225,62.8754503070815,260371.36,670119.22,12,8,68.027
NS67SW_4609,1,0_0,5.23882959074,-9999.0,-9999.0,-9999.0,67.0820007324,496.658348633794,151.373903890578,260337.6,670118.03,68,36,67.082
NS67SW_4611,1,0_0,6.07209874565,-9999.0,-9999.0,-9999.0,67.047996521,389.473935937096,110.161045015139,260275.31,670116.34,32,18,67.048
NS67SW_4618,1,0_0,6.10217019252,-9999.0,-9999.0,-9999.0,67.6169967651,97.8481512726713,41.2652181006516,260246.45,670114.93,12,8,67.617
NS67SW_4625,1,0_0,2.38902403179,-9999.0,-9999.0,-9999.0,67.9670028687,35.6650725075746,24.411067177791,260559.03,670107.26,12,8,67.967
NS67SW_4628,1,0_0,2.44747648134,-9999.0,-9999.0,-9999.0,68.6190032959,49.0613999975321,30.2282534298214,260377.01,670104.3,12,8,68.619
NS67SW_4637,1,0_0,2.95947974455,-9999.0,-9999.0,-9999.0,66.5550003052,36.882948747447,24.5816108390547,260255.33,670103.17,12,8,66.555
NS67SW_4648,1,0_0,2.86553095767,-9999.0,-9999.0,-9999.0,69.2900009155,48.2657324998281,27.9211898898876,260419.99,670099.24,12,8,69.29
NS67SW_4650,1,0_0,2.74932874259,-9999.0,-9999.0,-9999.0,69.18800354,31.1604749961407,23.0818514035267,260466.84,670097.96,12,8,69.188
NS67SW_4656,1,0_0,2.35654928832,-9999.0,-9999.0,-9999.0,66.0950012207,30.0596999941889,22.7158513686621,260320.78,670095.0,12,8,66.095
NS67SW_4657,1,0_0,2.58616486439,-9999.0,-9999.0,-9999.0,67.7860031128,47.6553075003859,27.7083617046286,260351.44,670096.27,12,8,67.786
NS67SW_4658,1,0_0,2.66190341803,-9999.0,-9999.0,-9999.0,69.3349990845,52.8993686735097,29.7006722288176,260396.16,670097.38,12,8,69.335
NS67SW_4661,1,0_0,2.26434114978,-9999.0,-9999.0,-9999.0,68.4769973755,77.757007498772,49.433550366875,260364.17,670100.44,32,18,68.477
NS67SW_4662,1,0_0,2.6927889176,-9999.0,-9999.0,-9999.0,66.4329986572,33.5638125079709,23.9492394785398,260621.32,670094.17,12,8,66.433
NS67SW_4663,1,0_0,2.39039788542,-9999.0,-9999.0,-9999.0,65.547996521,47.0121524995016,28.2462478907255,260303.53,670094.51,12,8,65.548
NS67SW_4664,1,0_0,2.77608804142,-9999.0,-9999.0,-9999.0,68.5999984741,25.0974675009364,22.9349552348123,260504.43,670094.59,8,6,68.6
NS67SW_4669,1,0_0,2.3198269774,-9999.0,-9999.0,-9999.0,66.4459991455,48.5989001462378,29.6583366389227,260334.58,670093.97,20,12,66.446
NS67SW_4673,1,0_0,2.42207130226,-9999.0,-9999.0,-9999.0,65.6930007935,47.3567362509858,27.9295857938195,260265.27,670091.32,12,8,65.693
NS67SW_4687,1,0_0,3.58755050569,-9999.0,-9999.0,-9999.0,69.1119995117,173.719801610447,57.6995664555558,260493.94,670085.44,28,16,69.112
NS67SW_4690,1,0_0,5.57993175223,-9999.0,-9999.0,-9999.0,69.8190002441,206.881608865324,63.2784711601836,260453.63,670084.79,36,20,69.819
NS67SW_4691,1,0_0,4.14036791292,-9999.0,-9999.0,-9999.0,69.202003479,149.815574985926,54.8962463812342,260474.64,670086.36,36,20,69.202
NS67SW_4694,1,0_0,4.70693054447,-9999.0,-9999.0,-9999.0,65.341003418,155.569062405533,54.3115454491296,260323.55,670083.81,28,16,65.341
NS67SW_4695,1,0_0,4.92517105257,-9999.0,-9999.0,-9999.0,66.0210037231,156.648942263542,58.1838318493872,260340.15,670082.18,36,20,66.021
NS67SW_4696,1,0_0,5.7672879658,-9999.0,-9999.0,-9999.0,67.672996521,110.869426400445,43.3747887463344,260357.56,670082.04,20,12,67.673
NS67SW_4697,1,0_0,3.65848973268,-9999.0,-9999.0,-9999.0,68.4990005493,270.752214159654,90.8596967956223,260519.17,670089.33,52,28,68.499
NS67SW_4698,1,0_0,6.18347678928,-9999.0,-9999.0,-9999.0,69.9779968262,110.27889067698,44.3168668904939,260415.65,670082.21,20,12,69.978
NS67SW_4699,1,0_0,3.9358741352,-9999.0,-9999.0,-9999.0,68.7900009155,157.70168951758,50.2654796985988,260537.36,670082.47,12,8,68.79
NS67SW_4700,1,0_0,5.60167802072,-9999.0,-9999.0,-9999.0,69.7539978027,109.663077644291,43.345753842531,260401.66,670081.09,20,12,69.754
NS67SW_4702,1,0_0,5.16832267003,-9999.0,-9999.0,-9999.0,65.1320037842,123.424949999605,45.2060514433209,260310.33,670083.15,24,14,65.132
NS67SW_4703,1,0_0,4.30185003622,-9999.0,-9999.0,-9999.0,68.3730010986,159.887527764113,61.4485290813336,260554.07,670080.43,36,20,68.373
NS67SW_4708,1,0_0,3.98464647433,-9999.0,-9999.0,-9999.0,68.6669998169,334.49958569564,99.4589036939893,260381.89,670083.99,68,36,68.667
NS67SW_4709,1,0_0,4.26418757661,-9999.0,-9999.0,-9999.0,67.7259979248,136.659380429857,50.8662054716202,260576.86,670080.33,20,12,67.726
NS67SW_4713,1,0_0,4.83609041046,-9999.0,-9999.0,-9999.0,65.2009963989,142.435016081482,52.8782308020146,260278.22,670078.69,28,16,65.201
NS67SW_4714,1,0_0,3.55802692282,-9999.0,-9999.0,-9999.0,65.1340026855,191.108918902052,55.3153078811522,260293.68,670080.07,12,8,65.134
NS67SW_4715,1,0_0,5.45027361818,-9999.0,-9999.0,-9999.0,67.3669967651,160.704039612155,62.6552167987632,260602.65,670076.66,20,12,67.367
NS67SW_4733,1,0_0,4.69686993233,-9999.0,-9999.0,-9999.0,65.3909988403,194.883090763141,61.7274214170687,260257.43,670076.94,36,20,65.391
NS67SW_4767,1,0_0,5.96737546568,-9999.0,-9999.0,-9999.0,67.516998291,106.098731733384,41.2705950044018,260379.32,670047.43,12,8,67.517
NS67SW_4769,1,0_0,5.76091273002,-9999.0,-9999.0,-9999.0,68.4349975586,110.090620204525,43.3850392580209,260393.69,670047.18,20,12,68.435
NS67SW_4770,1,0_0,5.92422828763,-9999.0,-9999.0,-9999.0,66.43800354,115.925185218956,43.68946956127,260363.45,670047.66,12,8,66.438
NS67SW_4777,1,0_0,5.55508213198,-9999.0,-9999.0,-9999.0,70.68800354,161.894893334339,57.4108135837051,260453.1,670045.18,28,16,70.688
NS67SW_4782,1,0_0,4.83963230849,-9999.0,-9999.0,-9999.0,69.8249969482,657.670530075169,180.717790816733,260488.69,670042.89,100,52,69.825
NS67SW_4790,1,0_0,2.69931731561,-9999.0,-9999.0,-9999.0,67.0,25.6948237475864,21.0386852648753,260388.25,670035.86,12,8,67.0
NS67SW_4792,1,0_0,4.39852818854,-9999.0,-9999.0,-9999.0,65.8779983521,310.347825315262,118.798464196886,260262.51,670046.33,84,44,65.878
NS67SW_4796,1,0_0,2.31406676094,-9999.0,-9999.0,-9999.0,65.3949966431,32.5992224972017,26.153210366746,260368.26,670033.76,8,6,65.395
NS67SW_4799,1,0_0,4.01123457315,-9999.0,-9999.0,-9999.0,67.9509963989,578.245704596948,168.515214711652,260422.7,670042.22,76,40,67.951
NS67SW_4806,1,0_0,4.57569322941,-9999.0,-9999.0,-9999.0,68.9169998169,496.588876913419,147.817992859527,260541.37,670038.54,84,44,68.917
NS67SW_4812,1,0_0,4.67139577208,-9999.0,-9999.0,-9999.0,65.8820037842,244.627586618776,75.121250107782,260304.39,670039.11,44,24,65.882
NS67SW_4816,1,0_0,3.55339014944,-9999.0,-9999.0,-9999.0,69.0599975586,68.1875604128031,33.7249418530905,260516.01,670030.76,12,8,69.06
NS67SW_4821,1,0_0,7.05562701776,-9999.0,-9999.0,-9999.0,68.0690002441,317.02397703441,95.2060050688212,260600.41,670033.58,60,32,68.069
NS67SW_4824,1,0_0,3.43313414639,-9999.0,-9999.0,-9999.0,66.1979980469,124.310836805509,56.4038193112693,260263.36,670027.19,24,14,66.198
NS67SW_4834,1,0_0,4.87591814174,-9999.0,-9999.0,-9999.0,68.1299972534,320.746672946133,113.860057278865,260577.45,670031.37,60,32,68.13
NS67SW_4840,1,0_0,4.78226755587,-9999.0,-9999.0,-9999.0,64.7750015259,151.418320726599,65.0260360784713,260333.6,670023.08,36,20,64.775
NS67SW_4851,1,0_0,5.0131831922,-9999.0,-9999.0,-9999.0,64.9619979858,286.753828268736,89.5506077041862,260410.42,670019.93,32,18,64.962
NS67SW_4858,1,0_0,2.42562983586,-9999.0,-9999.0,-9999.0,67.9489974976,20.5833374968445,18.2251714363377,260558.77,670015.35,12,8,67.949
NS67SW_4879,1,0_0,4.54895676943,-9999.0,-9999.0,-9999.0,66.2559967041,139.241261971992,58.3818317003497,260268.88,670013.54,28,16,66.256
NS67SW_4880,1,0_0,3.48133165959,-9999.0,-9999.0,-9999.0,65.9189987183,162.709182157867,58.7146399641226,260307.38,670014.16,36,20,65.919
NS67SW_4888,1,0_0,3.55485862318,-9999.0,-9999.0,-9999.0,65.9189987183,164.505696980203,56.9926966434964,260287.37,670009.16,28,16,65.919
NS67SW_4893,1,0_0,4.39040480887,-9999.0,-9999.0,-9999.0,64.7559967041,194.777516190021,57.0179167225644,260344.48,670010.24,20,12,64.756
NS67SW_4896,1,0_0,3.7016798562,-9999.0,-9999.0,-9999.0,65.03099823,180.752577648418,63.0656241906742,260433.93,670007.22,28,16,65.031
NS67SW_1834,1,0_1,2.03520238241,-9999.0,-9999.0,-9999.0,51.9790000916,20.8496212504159,21.377887392775,260443.83,671248.8,8,6,51.979
NS67SW_1836,1,0_1,2.39586034233,-9999.0,-9999.0,-9999.0,52.9990005493,42.6701099972265,26.4591435199366,260325.22,671247.6,12,8,52.999
NS67SW_1837,1,0_1,2.36473554141,-9999.0,-9999.0,-9999.0,52.1339988708,22.9249799967132,22.6002846382735,260433.17,671244.94,8,6,52.134
NS67SW_1848,1,0_1,4.57689260255,-9999.0,-9999.0,-9999.0,52.3120002747,174.900810484645,56.1023788087187,260368.19,671246.79,12,8,52.312
NS67SW_1849,1,0_1,2.53112635158,-9999.0,-9999.0,-9999.0,51.9959983826,85.2105262511745,43.1119070958851,260416.52,671242.99,28,16,51.996
NS67SW_1852,1,0_1,6.16833330815,-9999.0,-9999.0,-9999.0,51.9319992065,134.216751023857,46.7738618829844,260455.33,671243.16,12,8,51.932
NS67SW_1854,1,0_1,4.67652255981,-9999.0,-9999.0,-9999.0,50.9819984436,129.115405334335,54.8197657479216,260234.65,671243.43,28,16,50.982
NS67SW_1856,1,0_1,6.00650485773,-9999.0,-9999.0,-9999.0,52.7343330383,146.231675842609,54.3495125094906,260337.64,671242.61,28,16,52.734
NS67SW_1859,1,0_1,4.68400006355,-9999.0,-9999.0,-9999.0,51.9570007324,200.551939073287,65.8959454475929,260602.02,671241.55,28,16,51.957
NS67SW_1864,1,0_1,2.48603291475,-9999.0,-9999.0,-9999.0,51.8510017395,35.6077356391774,25.422519335993,260390.69,671233.16,12,8,51.851
NS67SW_1865,1,0_1,4.64472463043,-9999.0,-9999.0,-9999.0,52.0620002747,148.436082616395,52.2348323279615,260443.27,671236.42,20,12,52.062
NS67SW_1866,1,0_1,4.56212828759,-9999.0,-9999.0,-9999.0,51.8240013123,490.333704674074,137.46715674331,260506.88,671248.31,72,38,51.824
NS67SW_1873,1,0_1,6.15274868384,-9999.0,-9999.0,-9999.0,52.0589981079,142.286561338407,48.4330889082299,260428.15,671231.59,12,8,52.059
NS67SW_1877,1,0_1,2.1746822993,-9999.0,-9999.0,-9999.0,52.3320007324,42.1179299989014,27.7139913149278,260603.72,671226.34,12,8,52.332
NS67SW_1880,1,0_1,6.1240086751,-9999.0,-9999.0,-9999.0,51.9370002747,141.586195943775,48.3279788326714,260410.56,671226.81,12,8,51.937
NS67SW_1881,1,0_1,5.49668728625,-9999.0,-9999.0,-9999.0,52.2760009766,122.834255961083,46.6141818874284,260341.3,671226.59,20,12,52.276
NS67SW_1885,1,0_1,3.58655329413,-9999.0,-9999.0,-9999.0,52.2039985657,199.183007622058,63.4502045140713,260619.59,671227.76,44,24,52.204
NS67SW_1890,1,0_1,5.77800668507,-9999.0,-9999.0,-9999.0,51.7789993286,74.9086842460138,34.9290316329332,260397.63,671222.46,16,10,51.779
NS67SW_1891,1,0_1,6.53430776616,-9999.0,-9999.0,-9999.0,51.6329994202,120.461312488784,44.3985913258962,260382.94,671220.49,12,8,51.633
NS67SW_1898,1,0_1,5.80172205298,-9999.0,-9999.0,-9999.0,51.1660003662,304.415514966349,94.601294164435,260301.45,671225.15,32,18,51.166
NS67SW_1905,1,0_1,4.65428122222,-9999.0,-9999.0,-9999.0,52.141998291,435.595053340881,128.190976242842,260479.68,671223.89,72,38,52.142
NS67SW_1916,1,0_1,5.30752047249,-9999.0,-9999.0,-9999.0,51.7859992981,146.35893610192,55.1014798122067,260347.02,671210.54,28,16,51.786
NS67SW_1925,1,0_1,5.24939914225,-9999.0,-9999.0,-9999.0,51.3019981384,84.0970162437943,38.8201975612399,260323.92,671202.34,20,12,51.302
NS67SW_1936,1,0_1,4.41325064516,-9999.0,-9999.0,-9999.0,52.1529998779,326.154011057939,112.868478588722,260420.77,671195.47,48,26,52.153
NS67SW_1938,1,0_1,4.72696034749,-9999.0,-9999.0,-9999.0,51.6910018921,178.865128627861,55.1828001941109,260392.08,671189.4,12,8,51.691
NS67SW_1945,1,0_1,5.54664540845,-9999.0,-9999.0,-9999.0,52.1699981689,79.3489992697403,35.6476222415472,260437.63,671183.92,12,8,52.17
NS67SW_1947,1,0_1,4.88821226497,-9999.0,-9999.0,-9999.0,51.2919998169,174.181189953812,54.8038341534704,260370.48,671183.83,12,8,51.292
NS67SW_1948,1,0_1,5.34278526542,-9999.0,-9999.0,-9999.0,52.216999054,166.03579655806,54.4502382148545,260467.6,671185.01,12,8,52.217
NS67SW_1950,1,0_1,5.46324225104,-9999.0,-9999.0,-9999.0,51.0219993591,85.1926267188423,38.5409625944605,260353.6,671180.18,20,12,51.022
NS67SW_1953,1,0_1,2.16535929416,-9999.0,-9999.0,-9999.0,51.7397994995,27.6890625012931,24.9075116562209,260384.46,671173.12,8,6,51.74
NS67SW_1954,1,0_1,5.31527408922,-9999.0,-9999.0,-9999.0,52.3912239075,87.8416363670203,37.5009348789083,260438.56,671173.27,12,8,52.391
NS67SW_1961,1,0_1,2.41170776252,-9999.0,-9999.0,-9999.0,51.3629989624,34.6455225044483,24.4916801928722,260365.0,671170.16,12,8,51.363
NS67SW_1963,1,0_1,2.62877465628,-9999.0,-9999.0,-9999.0,53.0369987488,37.4024775054199,27.0701203115282,260421.48,671166.15,12,8,53.037
NS67SW_1965,1,0_1,3.88449252856,-9999.0,-9999.0,-9999.0,50.3059997559,1091.44048158222,333.626718296039,260264.78,671202.15,176,92,50.306
NS67SW_1966,1,0_1,5.80070733386,-9999.0,-9999.0,-9999.0,50.7820014954,133.04821405476,46.1454745677117,260310.84,671169.58,12,8,50.782
NS67SW_1980,1,0_1,5.04719370561,-9999.0,-9999.0,-9999.0,50.8720016479,147.780173113076,52.9607570816727,260316.36,671155.89,20,12,50.872
NS67SW_1981,1,0_1,2.66273184277,-9999.0,-9999.0,-9999.0,51.8450012207,54.3776025101844,31.8176946351388,260373.31,671152.12,12,8,51.845
NS67SW_1988,1,0_1,5.19923207351,-9999.0,-9999.0,-9999.0,51.1510009766,247.952236318839,78.998744279173,260353.99,671158.79,48,26,51.151
NS67SW_1991,1,0_1,3.49333145568,-9999.0,-9999.0,-9999.0,52.7490005493,229.896752884083,82.3375490897075,260430.52,671154.7,32,18,52.749
NS67SW_1996,1,0_1,5.41485661,-9999.0,-9999.0,-9999.0,50.9580001831,140.018467071203,50.4747880277709,260323.29,671142.81,20,12,50.958
NS67SW_1999,1,0_1,5.78841231659,-9999.0,-9999.0,-9999.0,51.6360015869,162.166871519954,54.1884441681948,260363.96,671139.63,20,12,51.636
NS67SW_2000,1,0_1,2.20193299582,-9999.0,-9999.0,-9999.0,52.15599823,65.4811612483519,35.5891227050838,260377.66,671136.6,20,12,52.156
NS67SW_2004,1,0_1,4.65428618969,-9999.0,-9999.0,-9999.0,52.7599983215,193.450398275251,61.4073666361569,260436.12,671136.94,28,16,52.76
NS67SW_2007,1,0_1,2.56440295595,-9999.0,-9999.0,-9999.0,51.0509986877,29.1243374984826,25.09362143143,260318.88,671129.21,8,6,51.051
NS67SW_2013,1,0_1,4.74401224991,-9999.0,-9999.0,-9999.0,52.2869987488,595.705442097822,171.385956357197,260470.81,671147.74,80,42,52.287
NS67SW_2019,1,0_1,4.88825482546,-9999.0,-9999.0,-9999.0,51.1300010681,180.682439252191,55.3935770205088,260331.03,671125.91,12,8,51.13
NS67SW_2022,1,0_1,5.82997184562,-9999.0,-9999.0,-9999.0,51.8660011292,162.782812596375,54.5701007471323,260371.98,671123.2,20,12,51.866
NS67SW_2023,1,0_1,2.20669594085,-9999.0,-9999.0,-9999.0,52.3530006409,40.9070812465136,30.4674155093791,260383.25,671119.24,16,10,52.353
NS67SW_2034,1,0_1,2.75387252359,-9999.0,-9999.0,-9999.0,51.3209991455,46.7469637045757,28.8433036574685,260320.88,671110.26,12,8,51.321
NS67SW_2041,1,0_1,4.02688105705,-9999.0,-9999.0,-9999.0,52.6749992371,259.047255190716,89.1675970072041,260430.68,671117.34,44,24,52.675
NS67SW_2049,1,0_1,5.42712991503,-9999.0,-9999.0,-9999.0,52.9020004272,186.464729787972,69.1810552390225,260473.36,671109.8,36,20,52.902
NS67SW_2053,1,0_1,2.41780431881,-9999.0,-9999.0,-9999.0,52.8953323364,48.2516318336784,28.6152493747892,260397.56,671100.97,12,8,52.895
NS67SW_2057,1,0_1,5.13594273528,-9999.0,-9999.0,-9999.0,52.0579986572,225.460123156087,71.1765376083191,260380.54,671103.87,36,20,52.058
NS67SW_2058,1,0_1,5.77595278237,-9999.0,-9999.0,-9999.0,51.3180007935,230.255138173014,89.125807131235,260343.19,671104.38,52,28,51.318
NS67SW_2060,1,0_1,5.02547669084,-9999.0,-9999.0,-9999.0,52.8699989319,112.987559303021,46.9487966994773,260471.78,671096.02,28,16,52.87
NS67SW_2064,1,0_1,5.33918079777,-9999.0,-9999.0,-9999.0,53.2999992371,2163.50485221273,341.592226400094,260552.23,671130.87,148,76,53.3
NS67SW_2067,1,0_1,3.630784659,-9999.0,-9999.0,-9999.0,52.7579994202,311.257779379644,96.3818276370246,260429.14,671095.98,36,20,52.758
NS67SW_2077,1,0_1,4.63846391482,-9999.0,-9999.0,-9999.0,52.5730018616,212.6324115571,63.1774263291193,260388.35,671085.94,20,12,52.573
NS67SW_2090,1,0_1,4.4818491912,-9999.0,-9999.0,-9999.0,53.0410003662,205.218030798267,62.5038637020743,260472.5,671078.44,20,12,53.041
NS67SW_2096,1,0_1,4.71030742112,-9999.0,-9999.0,-9999.0,53.0379981995,235.544253103717,86.5974374819905,260434.59,671073.89,44,24,53.038
NS67SW_2103,1,0_1,4.93423465919,-9999.0,-9999.0,-9999.0,53.1269989014,103.454628607514,40.7078485513649,260476.04,671061.79,12,8,53.127
NS67SW_2107,1,0_1,6.37328454265,-9999.0,-9999.0,-9999.0,55.5279998779,130.929968159833,46.1555706930316,260610.51,671058.0,12,8,55.528
NS67SW_2113,1,0_1,4.93980480741,-9999.0,-9999.0,-9999.0,53.3839988708,196.396845794127,59.4805270476969,260443.76,671056.58,36,20,53.384
NS67SW_2114,1,0_1,5.03522054471,-9999.0,-9999.0,-9999.0,51.6339988708,584.150537877309,142.848221210613,260358.45,671070.77,80,42,51.634
NS67SW_2116,1,0_1,2.00339997898,-9999.0,-9999.0,-9999.0,53.861000061,23.9802300026155,20.7825573128961,260424.79,671047.72,12,8,53.861
NS67SW_2120,1,0_1,2.46168832334,-9999.0,-9999.0,-9999.0,56.4589996338,49.0616024985357,28.0610258343443,260615.99,671046.64,12,8,56.459
NS67SW_2122,1,0_1,2.82736714681,-9999.0,-9999.0,-9999.0,53.4939994812,22.4471587533175,22.7187966996271,260359.26,671042.66,8,6,53.494
NS67SW_2124,1,0_1,4.66794803187,-9999.0,-9999.0,-9999.0,53.3009986877,647.882113973707,153.201838670878,260406.54,671060.18,124,64,53.301
NS67SW_2128,1,0_1,6.43682057517,-9999.0,-9999.0,-9999.0,53.5789985657,120.894679885839,44.4331000785737,260453.72,671039.92,12,8,53.579
NS67SW_2133,1,0_1,4.80034145339,-9999.0,-9999.0,-9999.0,53.4620018005,175.216644325058,54.6721736330971,260373.09,671039.81,12,8,53.462
NS67SW_2139,1,0_1,4.5072176321,-9999.0,-9999.0,-9999.0,53.5190010071,356.052909174432,103.176382182943,260488.96,671041.52,52,28,53.519
NS67SW_2140,1,0_1,2.3702242345,-9999.0,-9999.0,-9999.0,54.2709999084,24.434774996614,23.0699011417252,260427.39,671027.25,8,6,54.271
NS67SW_2141,1,0_1,2.57030030135,-9999.0,-9999.0,-9999.0,53.827999115,28.5141412521911,25.0909455961094,260366.88,671025.41,8,6,53.828
NS67SW_2145,1,0_1,6.58077645735,-9999.0,-9999.0,-9999.0,54.0499992371,138.571556558754,47.858939382695,260415.13,671030.46,12,8,54.05
NS67SW_2168,1,0_1,5.67672349038,-9999.0,-9999.0,-9999.0,53.7379989624,194.650799193193,65.5705056800995,260463.43,671022.14,44,24,53.738
NS67SW_2174,1,0_1,4.49658158647,-9999.0,-9999.0,-9999.0,53.5909996033,363.826253879636,103.249265056284,260510.45,671019.52,60,32,53.591
NS67SW_2175,1,0_1,2.41231790022,-9999.0,-9999.0,-9999.0,55.0449981689,32.7780412465262,28.198325647085,260585.07,671009.92,8,6,55.045
NS67SW_2178,1,0_1,5.07306292227,-9999.0,-9999.0,-9999.0,55.2820014954,230.774924958302,66.0682331125369,260599.93,671016.32,36,20,55.282
NS67SW_2189,1,0_1,5.26710402384,-9999.0,-9999.0,-9999.0,54.6930007935,240.421243413927,67.7767985178004,260423.56,671013.75,32,18,54.693
NS67SW_2204,1,0_1,4.67573412221,-9999.0,-9999.0,-9999.0,53.9930000305,418.366656776431,104.770170710268,260384.4,671014.54,76,40,53.993
NS67SW_2207,1,0_1,3.57052212188,-9999.0,-9999.0,-9999.0,53.9319992065,619.976444934539,195.245950588932,260568.88,671017.09,124,64,53.932
NS67SW_2211,1,0_1,5.69294903342,-9999.0,-9999.0,-9999.0,56.1539993286,121.008139201804,44.0097700520301,260396.48,670995.34,12,8,56.154
NS67SW_2219,1,0_1,4.79162352345,-9999.0,-9999.0,-9999.0,54.0530014038,523.931914720575,164.995539680409,260453.95,670998.3,104,54,54.053
NS67SW_2223,1,0_1,4.80770026368,-9999.0,-9999.0,-9999.0,56.263999939,205.274625351586,74.0141740737577,260608.48,670995.57,40,22,56.264
NS67SW_2235,1,0_1,5.15765003597,-9999.0,-9999.0,-9999.0,56.3699989319,144.780108807893,56.8609664348713,260401.37,670983.66,28,16,56.37
NS67SW_2241,1,0_1,5.51279822263,-9999.0,-9999.0,-9999.0,56.3009986877,172.907191149426,60.2606322603947,260614.95,670982.0,36,20,56.301
NS67SW_2247,1,0_1,4.46391851505,-9999.0,-9999.0,-9999.0,54.5489997864,251.045241114955,78.7114898058815,260568.28,670982.93,44,24,54.549
NS67SW_2251,1,0_1,5.88234056261,-9999.0,-9999.0,-9999.0,54.5200004578,118.488734264143,46.1645656489651,260487.19,670975.15,28,16,54.52
NS67SW_2252,1,0_1,4.25988065346,-9999.0,-9999.0,-9999.0,54.21900177,450.150994490653,146.353468558842,260512.74,670981.79,84,44,54.219
NS67SW_2257,1,0_1,2.27054585637,-9999.0,-9999.0,-9999.0,56.2667999268,24.7595849982824,31.8145542719789,260604.26,670969.42,16,10,56.267
NS67SW_2268,1,0_1,5.77747113956,-9999.0,-9999.0,-9999.0,55.0909996033,164.070001011624,59.6457169567511,260472.94,670969.09,28,16,55.091
NS67SW_2271,1,0_1,5.92459839705,-9999.0,-9999.0,-9999.0,55.2229995728,112.036018682697,42.9829288185651,260541.54,670967.23,20,12,55.223
NS67SW_2279,1,0_1,5.6628153285,-9999.0,-9999.0,-9999.0,55.4869995117,127.100086655263,48.3738702143525,260457.41,670963.23,20,12,55.487
NS67SW_2280,1,0_1,6.31451006752,-9999.0,-9999.0,-9999.0,55.3466682434,138.636010137144,47.8679370738795,260576.27,670963.56,12,8,55.347
NS67SW_2282,1,0_1,4.64985611946,-9999.0,-9999.0,-9999.0,56.7039985657,197.145115237273,61.5868454115048,260623.31,670965.11,28,16,56.704
NS67SW_2298,1,0_1,2.81838760376,-9999.0,-9999.0,-9999.0,56.6823348999,27.0719887489539,25.6863383996243,260613.13,670953.41,8,6,56.682
NS67SW_2299,1,0_1,4.92383490868,-9999.0,-9999.0,-9999.0,55.9949989319,549.325084873443,149.526254672699,260425.28,670963.56,68,36,55.995
NS67SW_2301,1,0_1,5.48254809642,-9999.0,-9999.0,-9999.0,55.5569992065,160.966910066929,55.9217337461431,260545.39,670954.8,28,16,55.557
NS67SW_2308,1,0_1,4.49751849646,-9999.0,-9999.0,-9999.0,55.7089996338,148.58435440936,64.3428259055696,260584.25,670953.66,28,16,55.709
NS67SW_2342,1,0_1,5.19174914437,-9999.0,-9999.0,-9999.0,57.8019981384,144.981121195244,51.1053357400493,260551.48,670940.19,20,12,57.802
NS67SW_2387,1,0_1,5.20554813502,-9999.0,-9999.0,-9999.0,57.0839996338,311.542785531814,94.8138630568557,260589.08,670928.58,60,32,57.084
NS67SW_2416,1,0_1,4.34426408483,-9999.0,-9999.0,-9999.0,59.2789993286,165.824706155434,55.8388488826115,260600.44,670906.78,28,16,59.279
NS67SW_2433,1,0_1,4.72070944931,-9999.0,-9999.0,-9999.0,57.7799987793,481.176022406321,140.350291326239,260542.94,670906.94,112,58,57.78
NS67SW_2461,1,0_1,4.48017386428,-9999.0,-9999.0,-9999.0,59.5769996643,242.01099920355,65.0056057700338,260604.44,670890.75,20,12,59.577
NS67SW_2499,1,0_1,4.60911907869,-9999.0,-9999.0,-9999.0,57.4370002747,269.307998519334,87.3933901667241,260522.58,670879.59,64,34,57.437
NS67SW_2532,1,0_1,4.74307787846,-9999.0,-9999.0,-9999.0,58.2869987488,546.831824160259,137.65819154657,260558.43,670865.03,104,54,58.287
NS67SW_2539,1,0_1,2.91868721567,-9999.0,-9999.0,-9999.0,58.0089988708,118.292627808552,47.7839374183914,260531.29,670857.03,20,12,58.009
NS67SW_2564,1,0_1,4.74267196655,-9999.0,-9999.0,-9999.0,59.5060005188,171.288533447798,56.0009757611301,260584.53,670850.31,28,16,59.506
NS67SW_2575,1,0_1,5.23351516771,-9999.0,-9999.0,-9999.0,59.2319984436,426.078863748972,155.248162063879,260617.64,670859.79,112,58,59.232
NS67SW_2588,1,0_1,2.78852032132,-9999.0,-9999.0,-9999.0,59.236000061,58.2286002797367,33.8296120989282,260577.1,670838.22,20,12,59.236
NS67SW_2622,1,0_1,2.93227621646,-9999.0,-9999.0,-9999.0,53.7859992981,73.454534989958,36.4050564655881,260239.27,670827.0,12,8,53.786
NS67SW_2636,1,0_1,6.2132067071,-9999.0,-9999.0,-9999.0,54.1259994507,195.305752422871,65.6761731524395,260223.75,670825.3,28,16,54.126
NS67SW_2641,1,0_1,6.4207046658,-9999.0,-9999.0,-9999.0,54.4459991455,283.488923540048,80.2733100669778,260200.3,670825.05,32,18,54.446
NS67SW_2642,1,0_1,5.9575598037,-9999.0,-9999.0,-9999.0,55.5379981995,194.345984011549,65.7700768264061,260175.48,670822.93,28,16,55.538
NS67SW_2658,1,0_1,5.07692903588,-9999.0,-9999.0,-9999.0,58.111000061,378.376544647333,125.673343285938,260599.4,670825.78,76,40,58.111
NS67SW_2667,1,0_1,3.26375717092,-9999.0,-9999.0,-9999.0,55.7229995728,54.127710001496,29.4318646784714,260188.69,670812.71,12,8,55.723
NS67SW_2674,1,0_1,5.55648468816,-9999.0,-9999.0,-9999.0,54.3040008545,221.528468084737,66.8185347023009,260254.75,670816.87,28,16,54.304
NS67SW_2675,1,0_1,3.3568838749,-9999.0,-9999.0,-9999.0,52.8720016479,209.272977041893,58.1806657914889,260391.72,670815.09,16,10,52.872
NS67SW_2692,1,0_1,6.01855797334,-9999.0,-9999.0,-9999.0,57.1360015869,113.196795505939,43.968946116654,260619.26,670806.7,20,12,57.136
NS67SW_2694,1,0_1,3.07365094201,-9999.0,-9999.0,-9999.0,53.6010017395,61.2009187472868,31.3748357779277,260274.52,670804.2,12,8,53.601
NS67SW_2697,1,0_1,6.73519871641,-9999.0,-9999.0,-9999.0,56.6100006104,233.570704988592,67.5404846728559,260153.47,670808.74,36,20,56.61
NS67SW_2720,1,0_1,3.96873339291,-9999.0,-9999.0,-9999.0,53.4150009155,32.0966945553506,34.4677279380687,260415.95,670796.53,20,12,53.415
NS67SW_2726,1,0_1,3.4059502066,-9999.0,-9999.0,-9999.0,56.4720001221,58.4729062528932,30.6487176053557,260156.43,670792.87,12,8,56.472
NS67SW_2738,1,0_1,2.09046971639,-9999.0,-9999.0,-9999.0,54.6899986267,23.0514487512817,22.8152243765663,260218.36,670786.8,8,6,54.69
NS67SW_2754,1,0_1,3.17121013518,-9999.0,-9999.0,-9999.0,60.0289993286,24.779137502017,20.0621627053085,260041.86,670782.11,12,8,60.029
NS67SW_2758,1,0_1,2.38449790955,-9999.0,-9999.0,-9999.0,53.4620018005,25.9481512524266,20.8774944039066,260265.77,670781.02,12,8,53.462
NS67SW_2768,1,0_1,2.122278729,-9999.0,-9999.0,-9999.0,54.1839981079,22.7069062523452,22.1393823207321,260224.2,670778.51,8,6,54.184
NS67SW_2793,1,0_1,4.77304648982,-9999.0,-9999.0,-9999.0,53.6590003967,262.817863762248,85.6391801504125,260247.45,670775.96,52,28,53.659
NS67SW_2794,1,0_1,5.71410946482,-9999.0,-9999.0,-9999.0,53.4840011597,144.801212675429,52.8667901211545,260269.81,670770.8,20,12,53.484
NS67SW_2804,1,0_1,5.91485753087,-9999.0,-9999.0,-9999.0,53.9679985046,129.072377669045,48.7316223329894,260232.21,670769.23,20,12,53.968
NS67SW_2806,1,0_1,5.26221457265,-9999.0,-9999.0,-9999.0,54.8450012207,221.955368865517,77.7729471204899,260187.81,670773.92,36,20,54.845
NS67SW_2807,1,0_1,4.82223198276,-9999.0,-9999.0,-9999.0,54.077999115,229.832625923676,80.8787120765548,260209.97,670770.11,44,24,54.078
NS67SW_2819,1,0_1,6.82222528011,-9999.0,-9999.0,-9999.0,53.5050010681,128.918394148316,46.1780868899913,260289.38,670764.32,12,8,53.505
NS67SW_2860,1,0_1,3.91094781244,-9999.0,-9999.0,-9999.0,56.388999939,157.527598373911,52.7069381788324,260154.03,670747.87,12,8,56.389
NS67SW_2865,1,0_1,5.04378943641,-9999.0,-9999.0,-9999.0,53.4020004272,202.14564349483,63.3387030952232,260302.91,670750.82,36,20,53.402
NS67SW_2883,1,0_1,2.23838860219,-9999.0,-9999.0,-9999.0,54.8269996643,34.4215012523261,25.0521131426327,260203.44,670736.59,12,8,54.827
NS67SW_2890,1,0_1,5.49331765234,-9999.0,-9999.0,-9999.0,53.9300003052,193.33175804859,67.6434243807548,260252.27,670737.85,28,16,53.93
NS67SW_2895,1,0_1,6.1495411396,-9999.0,-9999.0,-9999.0,53.6990013123,125.276068940113,47.8482937062351,260273.43,670735.08,20,12,53.699
NS67SW_2906,1,0_1,5.10893540648,-9999.0,-9999.0,-9999.0,54.486000061,172.44125888504,63.8056277453945,260214.46,670734.29,28,16,54.486
NS67SW_2907,1,0_1,4.65754917145,-9999.0,-9999.0,-9999.0,53.9249992371,238.143623511634,83.90985391517,260231.77,670734.9,60,32,53.925
NS67SW_2911,1,0_1,7.40390104392,-9999.0,-9999.0,-9999.0,59.9980010986,2062.74194551902,221.340329947892,260036.21,670751.63,40,22,59.998
NS67SW_2953,1,0_1,4.84641480809,-9999.0,-9999.0,-9999.0,55.2560005188,362.453222812917,116.710965798181,260191.91,670722.58,68,36,55.256
NS67SW_2956,1,0_1,4.90314706717,-9999.0,-9999.0,-9999.0,53.6259994507,221.500447994566,63.6547012095109,260286.14,670716.26,20,12,53.626
NS67SW_2981,1,0_1,4.99616195142,-9999.0,-9999.0,-9999.0,53.0299987793,679.430371644252,187.408515558661,260320.66,670721.7,100,52,53.03
NS67SW_2992,1,0_1,2.50904504184,-9999.0,-9999.0,-9999.0,53.78099823,24.2988337519078,21.5951254188443,260283.37,670694.36,12,8,53.781
NS67SW_3004,1,0_1,4.82449998866,-9999.0,-9999.0,-9999.0,53.5540008545,240.432171754106,69.6831111242623,260296.15,670694.62,28,16,53.554
NS67SW_3005,1,0_1,5.90936903954,-9999.0,-9999.0,-9999.0,53.3030014038,168.641346553695,60.4281120474196,260346.85,670691.43,36,20,53.303
NS67SW_3010,1,0_1,6.7279438771,-9999.0,-9999.0,-9999.0,53.9889984131,108.37871410468,42.6766863359456,260272.68,670686.75,12,8,53.989
NS67SW_3014,1,0_1,5.26495345202,-9999.0,-9999.0,-9999.0,54.8880004883,175.87240275338,72.3386210505862,260232.79,670689.54,40,22,54.888
NS67SW_3015,1,0_1,5.88803030493,-9999.0,-9999.0,-9999.0,54.3030014038,147.157571834863,54.678356451352,260255.5,670687.95,28,16,54.303
NS67SW_3019,1,0_1,6.37143000587,-9999.0,-9999.0,-9999.0,55.1180000305,151.997211633961,52.5679890805233,260217.84,670687.04,20,12,55.118
NS67SW_3022,1,0_1,5.92101820112,-9999.0,-9999.0,-9999.0,55.4749984741,173.328553077688,58.3332713214464,260194.52,670687.01,28,16,55.475
NS67SW_3077,1,0_1,6.53866351694,-9999.0,-9999.0,-9999.0,53.6150016785,106.572474128848,42.3312286954547,260331.98,670661.14,12,8,53.615
NS67SW_3085,1,0_1,3.64710837449,-9999.0,-9999.0,-9999.0,56.4140014648,305.94366996037,75.0878133877824,260156.98,670667.66,12,8,56.414
NS67SW_3086,1,0_1,6.0970782621,-9999.0,-9999.0,-9999.0,53.6520004272,119.248835958203,46.2736890351913,260313.1,670660.24,20,12,53.652
NS67SW_3088,1,0_1,6.67924556166,-9999.0,-9999.0,-9999.0,55.0279998779,103.662726267174,41.7697199855033,260238.38,670658.02,12,8,55.028
NS67SW_3089,1,0_1,6.54272241482,-9999.0,-9999.0,-9999.0,54.5519981384,131.797361756744,46.6214023361702,260257.1,670657.97,12,8,54.552
NS67SW_3092,1,0_1,5.77694167312,-9999.0,-9999.0,-9999.0,54.172000885,124.746527218612,48.0738301097068,260275.69,670658.21,20,12,54.172
NS67SW_3097,1,0_1,6.12154180934,-9999.0,-9999.0,-9999.0,55.3429985046,123.222619592734,46.9160709890951,260219.55,670656.06,20,12,55.343
NS67SW_3105,1,0_1,4.89993177141,-9999.0,-9999.0,-9999.0,53.6339988708,182.096381659532,67.4274396961846,260348.48,670656.12,36,20,53.634
NS67SW_3106,1,0_1,2.81141082446,-9999.0,-9999.0,-9999.0,53.8330001831,49.0512466607382,29.024966077183,260365.38,670652.85,12,8,53.833
NS67SW_3107,1,0_1,2.60726745683,-9999.0,-9999.0,-9999.0,53.6069984436,52.1821950031032,29.5508024890653,260323.4,670650.94,12,8,53.607
NS67SW_3113,1,0_1,5.26194130563,-9999.0,-9999.0,-9999.0,53.5909996033,197.749843407854,79.9035770226345,260297.77,670654.68,36,20,53.591
NS67SW_3120,1,0_1,11.7924067842,-9999.0,-9999.0,-9999.0,59.875,4073.72658220028,371.856564377596,260057.24,670687.21,72,36,59.875
NS67SW_3123,1,0_1,2.69833948841,-9999.0,-9999.0,-9999.0,53.9129981995,23.0579549953684,22.4201986569,260511.83,670641.34,8,6,53.913
NS67SW_3128,1,0_1,2.77346442582,-9999.0,-9999.0,-9999.0,53.8100013733,40.3739662513568,26.1319744230016,260402.3,670639.84,12,8,53.81
NS67SW_3129,1,0_1,3.11841328939,-9999.0,-9999.0,-9999.0,55.4729995728,34.2361950029496,24.0165598051646,260554.91,670638.45,12,8,55.473
NS67SW_3133,1,0_1,2.8680828226,-9999.0,-9999.0,-9999.0,53.2439994812,37.6197524987052,25.0061193257294,260476.82,670638.04,12,8,53.244
NS67SW_3140,1,0_1,2.4668283735,-9999.0,-9999.0,-9999.0,53.7430000305,57.207438171249,32.4336322007486,260443.44,670633.55,20,12,53.743
NS67SW_3143,1,0_1,2.12191716772,-9999.0,-9999.0,-9999.0,53.5690002441,37.0388400044811,25.654112878771,260461.21,670631.44,12,8,53.569
NS67SW_3146,1,0_1,4.75172612164,-9999.0,-9999.0,-9999.0,55.6339988708,252.740547414991,95.990426206555,260195.66,670643.91,52,28,55.634
NS67SW_3147,1,0_1,2.46085508331,-9999.0,-9999.0,-9999.0,53.9710006714,30.6540299947541,22.8613640683698,260370.08,670629.45,12,8,53.971
NS67SW_3152,1,0_1,2.64035096279,-9999.0,-9999.0,-9999.0,53.8470001221,26.8902674959737,24.4573930742866,260334.08,670626.49,8,6,53.847
NS67SW_3154,1,0_1,2.38521976071,-9999.0,-9999.0,-9999.0,53.858001709,38.4157800010324,25.1081407955215,260282.53,670625.21,12,8,53.858
NS67SW_3159,1,0_1,4.90708303921,-9999.0,-9999.0,-9999.0,54.6450004578,395.238526531007,139.626413171493,260532.99,670631.79,76,40,54.645
NS67SW_3161,1,0_1,5.61148860327,-9999.0,-9999.0,-9999.0,53.5193328857,227.210040082024,75.4824980319512,260503.27,670628.77,28,16,53.519
NS67SW_3171,1,0_1,4.90116026815,-9999.0,-9999.0,-9999.0,56.2910003662,196.505533448703,56.3886674250535,260559.22,670625.44,12,8,56.291
NS67SW_1142,1,0_2,3.78981196942,-9999.0,-9999.0,-9999.0,49.5750007629,201.706810128945,77.3229312787149,260531.07,671652.25,36,20,49.575
NS67SW_1438,1,0_2,5.58568830748,-9999.0,-9999.0,-9999.0,51.9518356323,77.8172431488122,38.1942907836747,260197.89,671466.86,20,12,51.952
NS67SW_1444,1,0_2,10.5861996114,-9999.0,-9999.0,-9999.0,49.827999115,4415.43894658763,344.594408939571,260474.75,671496.94,140,72,49.828
NS67SW_1450,1,0_2,6.02263673659,-9999.0,-9999.0,-9999.0,52.5190010071,63.4940918563692,32.3693698831519,260187.46,671460.67,12,8,52.519
NS67SW_1456,1,0_2,2.5186072425,-9999.0,-9999.0,-9999.0,51.1879997253,35.2689300035325,23.9534212407644,260437.35,671455.27,12,8,51.188
NS67SW_1457,1,0_2,2.97090474968,-9999.0,-9999.0,-9999.0,51.3930015564,61.9833899983202,30.4593684093753,260150.03,671456.17,16,10,51.393
NS67SW_1476,1,0_2,4.62469789378,-9999.0,-9999.0,-9999.0,52.3769989014,388.221026591794,140.921660412195,260169.63,671450.4,84,44,52.377
NS67SW_1489,1,0_2,2.76244665871,-9999.0,-9999.0,-9999.0,53.3079986572,21.9276225013965,22.6090173100711,260134.81,671433.79,8,6,53.308
NS67SW_1491,1,0_2,4.65023738688,-9999.0,-9999.0,-9999.0,53.2519989014,113.7404399967,42.9146934072594,260146.24,671435.66,16,10,53.252
NS67SW_1492,1,0_2,2.99256817981,-9999.0,-9999.0,-9999.0,50.9500007629,53.7101224094269,37.88752900488,260551.42,671432.77,28,16,50.95
NS67SW_1501,1,0_2,4.66556040719,-9999.0,-9999.0,-9999.0,52.8209991455,125.486236326756,45.3869292443608,260208.26,671425.86,12,8,52.821
NS67SW_1502,1,0_2,4.29747548829,-9999.0,-9999.0,-9999.0,51.0859985352,192.413021256904,66.7631447346382,260598.09,671428.95,28,16,51.086
NS67SW_1509,1,0_2,4.83298432001,-9999.0,-9999.0,-9999.0,53.0810012817,104.849399103288,44.6719929315372,260196.73,671422.95,20,12,53.081
NS67SW_1513,1,0_2,4.97310881344,-9999.0,-9999.0,-9999.0,52.5110015869,405.452115983109,119.758937626643,260234.94,671425.75,84,44,52.511
NS67SW_1515,1,0_2,4.79000414625,-9999.0,-9999.0,-9999.0,53.6040000916,105.692747214163,47.5642953216626,260142.32,671420.55,28,16,53.604
NS67SW_1519,1,0_2,5.79568704745,-9999.0,-9999.0,-9999.0,51.1459999084,149.895303900922,66.182911764271,260612.99,671415.98,36,20,51.146
NS67SW_1526,1,0_2,5.61719542576,-9999.0,-9999.0,-9999.0,52.4269981384,133.326468910173,48.2143617751437,260264.72,671414.82,20,12,52.427
NS67SW_1536,1,0_2,4.68586505449,-9999.0,-9999.0,-9999.0,51.0229988098,340.311334401345,94.7843771371147,260554.56,671412.57,48,26,51.023
NS67SW_1547,1,0_2,5.10184311309,-9999.0,-9999.0,-9999.0,52.5390014648,305.133380945338,113.678161613198,260237.09,671401.54,76,40,52.539
NS67SW_1549,1,0_2,2.24513780503,-9999.0,-9999.0,-9999.0,52.158000946,36.7300650010525,27.795625295144,260525.21,671390.47,8,6,52.158
NS67SW_1550,1,0_2,5.46447942028,-9999.0,-9999.0,-9999.0,52.4570007324,150.860123492698,53.1380899365931,260294.73,671395.27,20,12,52.457
NS67SW_1552,1,0_2,6.01404293738,-9999.0,-9999.0,-9999.0,53.5250015259,145.842081775314,50.707058906498,260432.27,671392.34,20,12,53.525
NS67SW_1558,1,0_2,2.43413918203,-9999.0,-9999.0,-9999.0,53.2529983521,60.3890812463987,42.7066275631247,260214.61,671389.8,28,16,53.253
NS67SW_1559,1,0_2,4.9162994184,-9999.0,-9999.0,-9999.0,53.0989990234,213.841674422498,63.8512371814165,260449.99,671391.13,28,16,53.099
NS67SW_1562,1,0_2,2.67064051474,-9999.0,-9999.0,-9999.0,53.9760017395,28.0979512489674,25.0263250079286,260355.4,671386.95,8,6,53.976
NS67SW_1563,1,0_2,4.81814671715,-9999.0,-9999.0,-9999.0,53.2200012207,348.088619571374,106.191553275508,260184.78,671398.76,84,44,53.22
NS67SW_1564,1,0_2,6.57304747732,-9999.0,-9999.0,-9999.0,52.7610015869,120.161668322976,44.30917437968,260467.8,671387.31,12,8,52.761
NS67SW_1565,1,0_2,5.06591001388,-9999.0,-9999.0,-9999.0,53.2379989624,364.146169525822,107.893730475266,260405.47,671390.48,76,40,53.238
NS67SW_1572,1,0_2,5.27603226644,-9999.0,-9999.0,-9999.0,52.6360015869,126.221686779491,49.0413537947782,260308.91,671385.92,36,20,52.636
NS67SW_1574,1,0_2,2.09300150913,-9999.0,-9999.0,-9999.0,52.3289985657,62.0926314139614,35.222082165562,260515.88,671382.07,28,16,52.329
NS67SW_1576,1,0_2,6.36444885907,-9999.0,-9999.0,-9999.0,52.6119995117,134.028074976588,49.8107228951185,260485.81,671383.24,28,16,52.612
NS67SW_1581,1,0_2,5.92157469855,-9999.0,-9999.0,-9999.0,51.7389984131,231.251095207532,77.3986829642716,260537.77,671387.04,28,16,51.739
NS67SW_1591,1,0_2,5.15473400226,-9999.0,-9999.0,-9999.0,53.4010009766,171.758227569522,56.5758915759234,260322.57,671376.66,20,12,53.401
NS67SW_1592,1,0_2,5.22419971487,-9999.0,-9999.0,-9999.0,52.5859985352,192.349217960112,65.2380355200839,260500.71,671378.35,36,20,52.586
NS67SW_1593,1,0_2,2.22586021694,-9999.0,-9999.0,-9999.0,53.3540000916,35.9994229016702,25.4088888646534,260211.25,671371.42,12,8,53.354
NS67SW_1599,1,0_2,4.97833078612,-9999.0,-9999.0,-9999.0,54.0050010681,332.261086550052,108.184467884546,260375.98,671378.33,60,32,54.005
NS67SW_1600,1,0_2,5.07355361815,-9999.0,-9999.0,-9999.0,53.1599998474,189.29561644804,58.5361912476631,260196.57,671375.02,12,8,53.16
NS67SW_1605,1,0_2,6.49457554151,-9999.0,-9999.0,-9999.0,52.25,117.805642588151,43.8411596380475,260524.8,671368.95,12,8,52.25
NS67SW_1613,1,0_2,4.86789990928,-9999.0,-9999.0,-9999.0,53.2439994812,573.543875791804,177.061583669002,260155.23,671382.92,104,54,53.244
NS67SW_1614,1,0_2,4.80811326071,-9999.0,-9999.0,-9999.0,50.8230018616,449.254891685636,119.562821199894,260587.5,671374.32,52,28,50.823
NS67SW_1619,1,0_2,3.65074446508,-9999.0,-9999.0,-9999.0,51.158000946,212.17952688523,65.628630840368,260564.72,671367.35,36,20,51.158
NS67SW_1620,1,0_2,5.33371391636,-9999.0,-9999.0,-9999.0,53.1959991455,86.0717441784204,37.1192971727874,260204.83,671360.19,12,8,53.196
NS67SW_1624,1,0_2,3.7096780642,-9999.0,-9999.0,-9999.0,54.7140007019,197.279484496207,62.3450977804946,260437.57,671358.51,28,16,54.714
NS67SW_1625,1,0_2,4.58448061441,-9999.0,-9999.0,-9999.0,53.9780006409,189.138077556798,61.2206888583259,260460.22,671356.86,28,16,53.978
NS67SW_1631,1,0_2,5.50024309719,-9999.0,-9999.0,-9999.0,53.5730018616,86.8887748482594,37.3018382509541,260174.93,671353.14,12,8,53.573
NS67SW_1632,1,0_2,5.01981622015,-9999.0,-9999.0,-9999.0,52.8680000305,492.101239042136,128.347404377516,260236.43,671365.9,76,40,52.868
NS67SW_1633,1,0_2,5.34058428313,-9999.0,-9999.0,-9999.0,52.638999939,445.40255622324,123.320283687402,260279.68,671368.89,60,32,52.639
NS67SW_1640,1,0_2,5.41135796913,-9999.0,-9999.0,-9999.0,53.2579994202,86.0735503759324,37.1196278986716,260210.82,671349.82,12,8,53.258
NS67SW_1642,1,0_2,4.28712320567,-9999.0,-9999.0,-9999.0,55.7960014343,204.001006214653,66.2666190790867,260393.24,671351.61,28,16,55.796
NS67SW_1643,1,0_2,2.65952302825,-9999.0,-9999.0,-9999.0,55.452999115,56.1770512499141,32.0461939688608,260407.08,671346.97,20,12,55.453
NS67SW_1645,1,0_2,4.91206809601,-9999.0,-9999.0,-9999.0,51.0690002441,188.162677164117,78.1113016581932,260609.72,671351.21,52,28,51.069
NS67SW_1646,1,0_2,3.90209619718,-9999.0,-9999.0,-9999.0,53.5499992371,272.506408944342,84.0715469336586,260478.14,671350.16,28,16,53.55
NS67SW_1650,1,0_2,3.66905648025,-9999.0,-9999.0,-9999.0,51.438999176,206.300305312348,64.1965063696857,260553.95,671349.21,36,20,51.439
NS67SW_1652,1,0_2,3.36638519719,-9999.0,-9999.0,-9999.0,55.1829986572,279.89232015745,106.676470224828,260419.16,671352.39,76,40,55.183
NS67SW_1657,1,0_2,5.75039572635,-9999.0,-9999.0,-9999.0,55.4090003967,127.329356705381,47.4827496777209,260342.57,671344.47,20,12,55.409
NS67SW_1660,1,0_2,4.62651456065,-9999.0,-9999.0,-9999.0,53.6220016479,153.097496031414,63.18864942761,260176.89,671343.36,40,22,53.622
NS67SW_1662,1,0_2,4.77949686404,-9999.0,-9999.0,-9999.0,53.2879981995,113.029540282176,57.15274944219,260219.68,671344.02,36,20,53.288
NS67SW_1667,1,0_2,5.21600405483,-9999.0,-9999.0,-9999.0,53.2939987183,151.909538367495,55.3101844019991,260254.9,671339.83,36,20,53.294
NS67SW_1673,1,0_2,5.3663632052,-9999.0,-9999.0,-9999.0,53.4179992676,178.727047340694,55.6987064490792,260276.97,671337.09,12,8,53.418
NS67SW_1677,1,0_2,5.52727468511,-9999.0,-9999.0,-9999.0,53.3310012817,170.84825088391,54.9198303864182,260511.25,671335.54,12,8,53.331
NS67SW_1681,1,0_2,5.07777557561,-9999.0,-9999.0,-9999.0,53.3230018616,103.14255711678,44.0432591213694,260226.58,671331.39,20,12,53.323
NS67SW_1682,1,0_2,4.34295596022,-9999.0,-9999.0,-9999.0,56.1370010376,250.857520984345,64.2495943406007,260375.72,671334.62,12,8,56.137
NS67SW_1686,1,0_2,3.41169907813,-9999.0,-9999.0,-9999.0,51.3470001221,268.220850990878,93.881965195369,260620.45,671332.69,68,36,51.347
NS67SW_1689,1,0_2,4.87642661884,-9999.0,-9999.0,-9999.0,54.6160011292,226.831038276905,63.8010546774494,260332.99,671329.39,28,16,54.616
NS67SW_1691,1,0_2,5.8960660142,-9999.0,-9999.0,-9999.0,51.8639984131,145.862334637393,51.0661652952724,260545.77,671326.73,20,12,51.864
NS67SW_1694,1,0_2,4.75103179141,-9999.0,-9999.0,-9999.0,53.4809989929,271.144931341673,97.0020698009629,260184.26,671327.46,60,32,53.481
NS67SW_1695,1,0_2,5.62568666898,-9999.0,-9999.0,-9999.0,53.4020004272,86.3958395976756,38.2860515333205,260229.3,671321.44,20,12,53.402
NS67SW_1702,1,0_2,5.94562841207,-9999.0,-9999.0,-9999.0,53.3429985046,129.273861562315,47.1427987803413,260293.44,671318.17,12,8,53.343
NS67SW_1705,1,0_2,5.24703832814,-9999.0,-9999.0,-9999.0,53.1399993896,188.574131314974,55.2957183980221,260501.69,671319.61,12,8,53.14
NS67SW_1710,1,0_2,5.10089839864,-9999.0,-9999.0,-9999.0,53.1510009766,98.3683002836502,41.9459712658738,260198.89,671312.68,20,12,53.151
NS67SW_1713,1,0_2,5.14917299189,-9999.0,-9999.0,-9999.0,54.6749992371,207.843134132573,65.1642477709463,260411.72,671314.35,36,20,54.675
NS67SW_1714,1,0_2,5.33243731858,-9999.0,-9999.0,-9999.0,54.3209991455,215.91441906985,70.4346341323463,260438.52,671316.04,20,12,54.321
NS67SW_1720,1,0_2,3.76885437032,-9999.0,-9999.0,-9999.0,54.8819999695,197.705628887281,62.3429583087931,260363.26,671314.41,36,20,54.882
NS67SW_1723,1,0_2,4.64644023164,-9999.0,-9999.0,-9999.0,52.908000946,154.898949910259,73.1288582802745,260276.45,671311.62,52,28,52.908
NS67SW_1724,1,0_2,5.72144389114,-9999.0,-9999.0,-9999.0,53.7700004578,159.7926712867,55.4294915988958,260326.75,671309.24,28,16,53.77
NS67SW_1725,1,0_2,4.504220954,-9999.0,-9999.0,-9999.0,51.3120002747,174.065407231873,58.2481982830554,260568.57,671310.05,20,12,51.312
NS67SW_1727,1,0_2,2.17264265425,-9999.0,-9999.0,-9999.0,55.1300010681,23.5288199973722,20.4618449919894,260371.4,671303.29,12,8,55.13
NS67SW_1728,1,0_2,5.80820449098,-9999.0,-9999.0,-9999.0,53.0159988403,128.37022064475,45.7185386879963,260236.35,671309.1,12,8,53.016
NS67SW_1738,1,0_2,4.48957969539,-9999.0,-9999.0,-9999.0,52.9980010986,126.239224249915,61.4571382889504,260201.41,671302.48,36,20,52.998
NS67SW_1746,1,0_2,6.07216114173,-9999.0,-9999.0,-9999.0,51.577999115,130.956184985595,48.442345338725,260529.73,671295.83,20,12,51.578
NS67SW_1751,1,0_2,5.91763774972,-9999.0,-9999.0,-9999.0,53.2220001221,121.336261005459,46.7477007371278,260325.33,671292.26,20,12,53.222
NS67SW_1752,1,0_2,5.73616496249,-9999.0,-9999.0,-9999.0,52.6409988403,249.984468033268,79.013419915248,260255.55,671296.56,28,16,52.641
NS67SW_1757,1,0_2,2.12233540853,-9999.0,-9999.0,-9999.0,51.7069244385,20.7131699999583,19.0051183290575,260616.4,671286.82,12,8,51.707
NS67SW_1762,1,0_2,4.88106010302,-9999.0,-9999.0,-9999.0,52.4129219055,104.307776723751,52.9236410526986,260211.81,671290.22,28,16,52.413
NS67SW_1765,1,0_2,4.77124386343,-9999.0,-9999.0,-9999.0,51.7620010376,331.745410431509,89.6100961233683,260451.36,671293.72,44,24,51.762
NS67SW_1766,1,0_2,3.50909698573,-9999.0,-9999.0,-9999.0,53.3989982605,280.359015191457,81.099198767698,260362.83,671289.9,28,16,53.399
NS67SW_1768,1,0_2,4.8669497448,-9999.0,-9999.0,-9999.0,51.28099823,425.311583025913,140.461730466337,260593.35,671295.37,104,54,51.281
NS67SW_1770,1,0_2,4.09692953147,-9999.0,-9999.0,-9999.0,49.4819984436,54.2711521834828,35.3337722412753,260047.7,671280.92,20,12,49.482
NS67SW_1771,1,0_2,5.45573595404,-9999.0,-9999.0,-9999.0,52.1539993286,322.738905968838,98.4785056881177,260489.05,671292.35,60,32,52.154
NS67SW_1773,1,0_2,3.40943348872,-9999.0,-9999.0,-9999.0,51.483001709,222.905046887192,73.7157158602259,260548.73,671285.51,52,28,51.483
NS67SW_1787,1,0_2,5.17355751418,-9999.0,-9999.0,-9999.0,53.4790000916,144.71555789328,48.3581142778219,260327.09,671276.32,20,12,53.479
NS67SW_1788,1,0_2,5.50166831279,-9999.0,-9999.0,-9999.0,51.6129989624,160.550022669183,54.6513218275398,260518.48,671276.93,28,16,51.613
NS67SW_1793,1,0_2,5.15994264766,-9999.0,-9999.0,-9999.0,51.5400009155,188.880015481095,72.7575408430891,260620.27,671273.55,32,18,51.54
NS67SW_1798,1,0_2,3.75219828318,-9999.0,-9999.0,-9999.0,51.4210014343,219.04472694772,68.534561486414,260565.56,671271.9,36,20,51.421
NS67SW_1806,1,0_2,4.37118270634,-9999.0,-9999.0,-9999.0,52.9659996033,196.958139943825,62.3622463010444,260361.27,671269.28,28,16,52.966
NS67SW_1808,1,0_2,4.44805874932,-9999.0,-9999.0,-9999.0,51.797000885,384.604753753519,144.637518865568,260280.26,671274.09,44,24,51.797
NS67SW_1811,1,0_2,5.84614241959,-9999.0,-9999.0,-9999.0,51.8880004883,195.054777600011,66.0762735070493,260475.18,671265.95,44,24,51.888
NS67SW_1812,1,0_2,4.69780024231,-9999.0,-9999.0,-9999.0,51.84400177,648.06589334492,172.852618073922,260419.91,671278.2,100,52,51.844
NS67SW_1820,1,0_2,6.21002469353,-9999.0,-9999.0,-9999.0,53.3199996948,142.349146780775,48.4826835861848,260332.15,671260.42,12,8,53.32
NS67SW_1826,1,0_2,4.43362461728,-9999.0,-9999.0,-9999.0,51.2760009766,374.409108236018,139.763923904013,260223.05,671265.99,84,44,51.276
NS67SW_1827,1,0_2,2.04130764008,-9999.0,-9999.0,-9999.0,52.408000946,56.1196274204733,30.7294075032799,260299.06,671253.81,12,8,52.408
NS67SW_1858,1,0_2,3.74950143943,-9999.0,-9999.0,-9999.0,51.6090011597,297.190635277598,93.8795672594313,260582.06,671250.3,36,20,51.609
NS67SW_950,1,0_2,7.35092749633,-9999.0,-9999.0,-9999.0,67.2030029297,1825.29421466522,203.052039260147,260375.62,671847.86,76,40,67.203
NS67SW_978,1,0_2,4.75943112703,-9999.0,-9999.0,-9999.0,66.1539993286,1725.78171858688,337.427652676061,260399.89,671813.41,108,56,66.154
NS67SW_979,1,0_2,2.57935387319,-9999.0,-9999.0,-9999.0,67.3799972534,38.9062950000667,26.4831444716713,260361.31,671787.52,12,8,67.38
NS67SW_995,1,0_2,6.20175536781,-9999.0,-9999.0,-9999.0,66.4110031128,117.965903627726,43.6839130895759,260381.75,671766.45,12,8,66.411
NS67SW_192,1,0_4,4.13699027284,-9999.0,-9999.0,-9999.0,35.1220016479,131.478229152601,49.8878309905734,260153.58,672771.24,28,16,35.122
NS67SW_200,1,0_4,5.55126598903,-9999.0,-9999.0,-9999.0,33.7472000122,33.6452399985967,29.8638817658493,260549.93,672742.87,12,8,33.747
NS67SW_203,1,0_4,2.31334689406,-9999.0,-9999.0,-9999.0,35.0190010071,33.4630800102291,24.1139877135752,260600.68,672732.3,12,8,35.019
NS67SW_225,1,0_4,9.22230238104,-9999.0,-9999.0,-9999.0,34.9480018616,929.264898919857,173.339592340089,260574.28,672690.11,116,60,34.948
NS67SW_16,1,0_5,5.77296678461,-9999.0,-9999.0,-9999.0,36.0050010681,227.989352138893,63.4949081549197,260293.73,673489.62,28,16,36.005
NS67SW_22,1,0_5,5.61770898129,-9999.0,-9999.0,-9999.0,35.3190002441,181.126108494628,57.0848104835016,260230.36,673480.94,28,16,35.319
NS67SW_26,1,0_5,6.54717498412,-9999.0,-9999.0,-9999.0,36.7350006104,192.989837740679,59.7147088586436,260409.33,673477.85,36,20,36.735
NS67SW_28,1,0_5,5.63867435121,-9999.0,-9999.0,-9999.0,35.8870010376,308.324361979002,103.092489686974,260336.08,673478.93,68,36,35.887
NS67SW_31,1,0_5,3.44062554863,-9999.0,-9999.0,-9999.0,36.5649986267,114.714826839108,43.7776197258517,260438.8,673470.68,12,8,36.565
NS67SW_39,1,0_5,2.97440958617,-9999.0,-9999.0,-9999.0,35.9809989929,64.9357655114191,32.2339148808721,260327.94,673458.32,12,8,35.981
NS67SW_41,1,0_5,2.83687827423,-9999.0,-9999.0,-9999.0,36.108001709,70.6661872205226,34.4472771361466,260343.59,673454.51,28,16,36.108
NS67SW_42,1,0_5,5.42292568939,-9999.0,-9999.0,-9999.0,35.9410018921,229.59212933727,71.74623887181,260312.14,673456.3,44,24,35.941
NS67SW_43,1,0_5,2.35700897432,-9999.0,-9999.0,-9999.0,36.1339988708,21.6743550044086,21.7892298990471,260338.62,673449.86,8,6,36.134
NS67SW_49,1,0_5,3.96481747216,-9999.0,-9999.0,-9999.0,35.2579994202,186.703377482237,55.1882060886476,260243.03,673452.37,20,12,35.258
NS67SW_50,1,0_5,5.2576445023,-9999.0,-9999.0,-9999.0,36.1319999695,348.603991970387,80.9341835628912,260361.52,673456.79,36,20,36.132
NS67SW_51,1,0_5,4.9823931361,-9999.0,-9999.0,-9999.0,35.2430000305,258.137296486599,79.69200448603,260442.64,673451.65,40,22,35.243
NS67SW_54,1,0_5,6.04283072732,-9999.0,-9999.0,-9999.0,36.7869987488,219.151288098438,65.1242559941035,260402.06,673451.19,28,16,36.787
NS67SW_61,1,0_5,4.73863126616,-9999.0,-9999.0,-9999.0,35.1730003357,183.250863223913,68.9125386314223,260332.5,673438.21,28,16,35.173
NS67SW_64,1,0_5,5.30695141814,-9999.0,-9999.0,-9999.0,33.7690010071,274.838606589825,68.496049499913,260270.11,673438.89,20,12,33.769
NS67SW_65,1,0_5,5.3603656588,-9999.0,-9999.0,-9999.0,36.1489982605,317.92913890133,102.336915317345,260375.56,673434.39,60,32,36.149
NS67SW_68,1,0_5,4.56572249573,-9999.0,-9999.0,-9999.0,33.7560005188,203.812747486115,62.0129448517187,260250.53,673432.35,28,16,33.756
NS67SW_69,1,0_5,2.0751717995,-9999.0,-9999.0,-9999.0,34.888999939,32.8526549976804,23.6778157919174,260401.37,673424.7,12,8,34.889
NS67SW_7,1,0_5,3.16502612829,-9999.0,-9999.0,-9999.0,36.5136642456,67.1224980308558,33.5524779511111,260415.89,673494.56,20,12,36.514
NS67SW_72,1,0_5,5.39750567033,-9999.0,-9999.0,-9999.0,34.7849998474,168.787256260858,54.0092145138189,260422.76,673425.86,24,14,34.785
NS67SW_76,1,0_5,2.67329329536,-9999.0,-9999.0,-9999.0,33.6199989319,42.8846362434451,26.2939060329791,260391.58,673415.81,12,8,33.62
NS67SW_80,1,0_5,5.16231301946,-9999.0,-9999.0,-9999.0,34.8370018005,180.644197506343,56.6756487251986,260354.19,673415.77,24,14,34.837
NS67SW_84,1,0_5,4.65003800072,-9999.0,-9999.0,-9999.0,33.5200004578,211.053153404082,66.999165214483,260403.49,673410.82,36,20,33.52
NS67SW_85,1,0_5,2.89099934022,-9999.0,-9999.0,-9999.0,33.6780014038,206.089336625602,74.8639702853701,260443.64,673413.2,44,24,33.678
NS67SW_95,1,0_5,2.95688431466,-9999.0,-9999.0,-9999.0,32.2875022888,69.7254741857574,35.0146871582761,260269.8,673383.97,12,8,32.288
NS67SW_96,1,0_5,3.17981764937,-9999.0,-9999.0,-9999.0,32.6479988098,203.693836698542,60.3461714089356,260254.32,673386.31,44,24,32.648
NS67SW_3187,1,1_0,4.56473195759,-9999.0,-9999.0,-9999.0,70.6070022583,198.203478752423,60.38759731878,261233.92,670621.05,40,22,70.607
NS67SW_3201,1,1_0,4.06458344102,-9999.0,-9999.0,-9999.0,63.8127593994,243.601372037987,62.6793807061109,260862.94,670614.26,20,12,63.813
NS67SW_3205,1,1_0,7.14544752767,-9999.0,-9999.0,-9999.0,71.8349990845,312.693775486076,80.1349754099079,261130.25,670612.08,40,22,71.835
NS67SW_3209,1,1_0,3.63723795393,-9999.0,-9999.0,-9999.0,72.6289978027,33.1742249979288,27.063621482243,261153.19,670602.82,8,6,72.629
NS67SW_3214,1,1_0,4.67429373432,-9999.0,-9999.0,-9999.0,67.9260025024,229.203048152456,68.589581321153,260977.36,670605.37,44,24,67.926
NS67SW_3222,1,1_0,2.67462121087,-9999.0,-9999.0,-9999.0,68.5729980469,50.0487300050586,28.4191251242324,260989.18,670594.76,12,8,68.573
NS67SW_3235,1,1_0,4.11318124185,-9999.0,-9999.0,-9999.0,66.0589981079,696.147931816726,176.981285944323,260939.72,670605.93,104,54,66.059
NS67SW_3236,1,1_0,2.62623605776,-9999.0,-9999.0,-9999.0,73.3820037842,101.552128644393,40.8022399644204,261142.3,670589.17,12,8,73.382
NS67SW_3249,1,1_0,3.86022919012,-9999.0,-9999.0,-9999.0,63.9630012512,579.053638494669,198.463671092156,260886.95,670604.6,96,50,63.963
NS67SW_3250,1,1_0,5.95708451405,-9999.0,-9999.0,-9999.0,70.1340026855,436.751673912342,90.6625766074106,261016.68,670593.69,28,16,70.134
NS67SW_3256,1,1_0,3.89653587531,-9999.0,-9999.0,-9999.0,73.0780029297,262.107454240865,72.1916280596964,261115.98,670586.7,36,20,73.078
NS67SW_3265,1,1_0,8.4009423372,-9999.0,-9999.0,-9999.0,71.6190032959,306.811858698838,79.2305602468608,261056.22,670585.62,20,12,71.619
NS67SW_3275,1,1_0,3.88057748413,-9999.0,-9999.0,-9999.0,66.5589981079,128.820369090115,45.4006495042436,260953.07,670577.1,12,8,66.559
NS67SW_3279,1,1_0,3.94965691449,-9999.0,-9999.0,-9999.0,59.2290000916,580.062687727669,175.072813253201,260629.76,670583.31,96,50,59.229
NS67SW_3287,1,1_0,3.96566031237,-9999.0,-9999.0,-9999.0,64.9049987793,137.107211261303,47.4811776395245,260922.5,670574.06,24,14,64.905
NS67SW_3289,1,1_0,3.79182844037,-9999.0,-9999.0,-9999.0,66.9820022583,351.79402821464,90.4030798336192,260973.63,670574.8,60,32,66.982
NS67SW_3290,1,1_0,4.69067007355,-9999.0,-9999.0,-9999.0,71.1959991455,149.042219217079,51.4848656977451,261041.35,670570.12,20,12,71.196
NS67SW_3292,1,1_0,3.68320845616,-9999.0,-9999.0,-9999.0,65.7910003662,213.602736527924,74.3987573878932,260939.21,670574.62,36,20,65.791
NS67SW_3295,1,1_0,21.9095328111,-9999.0,-9999.0,-9999.0,73.922996521,594.322675824559,88.7684896013398,261180.64,670576.32,28,16,73.923
NS67SW_3312,1,1_0,3.47816605695,-9999.0,-9999.0,-9999.0,60.8219985962,88.8803107192648,38.2921139594897,260666.85,670561.25,20,12,60.822
NS67SW_3314,1,1_0,4.60493756743,-9999.0,-9999.0,-9999.0,63.6800003052,211.53878404754,89.4002263374223,260894.19,670566.83,68,36,63.68
NS67SW_3317,1,1_0,4.00171713781,-9999.0,-9999.0,-9999.0,64.0490036011,132.109679890472,49.1833615023052,260918.85,670559.08,28,16,64.049
NS67SW_3318,1,1_0,4.72715650668,-9999.0,-9999.0,-9999.0,74.1790008545,222.969775655607,81.1325985441342,261108.91,670564.0,60,32,74.179
NS67SW_3324,1,1_0,3.20951722798,-9999.0,-9999.0,-9999.0,61.2729988098,51.6495878850726,29.0977763348565,260684.06,670549.24,12,8,61.273
NS67SW_3332,1,1_0,4.28024474187,-9999.0,-9999.0,-9999.0,72.2460021973,258.705089529809,71.3560419256463,261245.42,670550.23,28,16,72.246
NS67SW_3343,1,1_0,4.01372950551,-9999.0,-9999.0,-9999.0,74.0790023804,162.649155631622,53.5492376036238,261101.62,670545.73,20,12,74.079
NS67SW_3344,1,1_0,3.47442794454,-9999.0,-9999.0,-9999.0,61.2181663513,179.209099618893,54.0430043344054,260663.71,670544.74,12,8,61.218
NS67SW_3345,1,1_0,3.75338593285,-9999.0,-9999.0,-9999.0,63.5079994202,136.314495001395,49.0921462193906,260915.55,670544.36,28,16,63.508
NS67SW_3348,1,1_0,3.75030779309,-9999.0,-9999.0,-9999.0,74.9440002441,184.432476991378,59.4712665955688,261146.74,670541.55,36,20,74.944
NS67SW_3364,1,1_0,2.76471496351,-9999.0,-9999.0,-9999.0,62.0509986877,34.0317900017908,23.4400689019664,260694.63,670530.22,12,8,62.051
NS67SW_3383,1,1_0,4.26642398024,-9999.0,-9999.0,-9999.0,61.7690010071,267.533352534931,79.358938854397,260679.2,670530.54,44,24,61.769
NS67SW_3391,1,1_0,3.75890947996,-9999.0,-9999.0,-9999.0,73.5090026855,180.878758827607,58.0888931470929,261098.19,670521.91,28,16,73.509
NS67SW_3396,1,1_0,2.66751070584,-9999.0,-9999.0,-9999.0,73.5759963989,34.479555000549,24.4951858141118,261108.95,670514.89,12,8,73.576
NS67SW_3400,1,1_0,4.03658436758,-9999.0,-9999.0,-9999.0,73.4589996338,600.756459751931,165.125857067592,261206.53,670526.83,108,56,73.459
NS67SW_3404,1,1_0,4.54755279444,-9999.0,-9999.0,-9999.0,62.547000885,207.093062477956,61.2972131418854,260697.14,670514.69,20,12,62.547
NS67SW_3406,1,1_0,3.7050941104,-9999.0,-9999.0,-9999.0,74.3629989624,310.160026669473,86.9381725946198,261152.01,670516.92,36,20,74.363
NS67SW_3409,1,1_0,4.30678043438,-9999.0,-9999.0,-9999.0,63.7210006714,681.479125325499,165.183651279938,260964.48,670523.93,96,50,63.721
NS67SW_3410,1,1_0,4.74381709357,-9999.0,-9999.0,-9999.0,66.0,262.900750309613,83.6582210588213,261041.19,670510.08,52,28,66.0
NS67SW_3413,1,1_0,3.70767434996,-9999.0,-9999.0,-9999.0,74.0660018921,135.482428674461,54.9609501757059,261171.85,670505.46,36,20,74.066
NS67SW_3414,1,1_0,4.27374458587,-9999.0,-9999.0,-9999.0,62.7709999084,179.552284294488,54.0228348595387,260708.46,670505.92,12,8,62.771
NS67SW_3429,1,1_0,4.6543453245,-9999.0,-9999.0,-9999.0,72.2659988403,239.544489404646,66.1696961720066,261101.29,670500.58,20,12,72.266
NS67SW_3450,1,1_0,4.16923087245,-9999.0,-9999.0,-9999.0,62.9749984741,162.684470292344,56.5552021616839,260661.22,670489.63,28,16,62.975
NS67SW_3455,1,1_0,4.05708505037,-9999.0,-9999.0,-9999.0,62.9410018921,340.120752788318,122.862531870984,260728.62,670493.42,68,36,62.941
NS67SW_3458,1,1_0,4.71670522536,-9999.0,-9999.0,-9999.0,72.2460021973,312.772889383214,91.1648526189402,261219.72,670490.21,52,28,72.246
NS67SW_3471,1,1_0,2.89425101977,-9999.0,-9999.0,-9999.0,69.8219985962,26.162774997189,23.7110587478392,261232.45,670473.3,8,6,69.822
NS67SW_3473,1,1_0,4.2332729769,-9999.0,-9999.0,-9999.0,71.4309997559,392.565835646033,112.458656937072,261132.31,670487.5,68,36,71.431
NS67SW_3476,1,1_0,3.96833596755,-9999.0,-9999.0,-9999.0,63.9339981079,136.422088150565,49.4157982211767,260677.46,670477.42,20,12,63.934
NS67SW_3477,1,1_0,4.77137090776,-9999.0,-9999.0,-9999.0,71.15599823,148.046910981215,50.2940950681959,261196.63,670477.16,20,12,71.156
NS67SW_3481,1,1_0,4.42433014652,-9999.0,-9999.0,-9999.0,63.5519981384,184.702726131346,56.1661885546592,260741.3,670477.5,20,12,63.552
NS67SW_3483,1,1_0,2.42844928286,-9999.0,-9999.0,-9999.0,68.7890014648,42.7033109558757,27.3890031328177,261249.32,670470.49,12,8,68.789
NS67SW_3490,1,1_0,3.91394587926,-9999.0,-9999.0,-9999.0,64.3880004883,131.547034412723,48.5609915999015,260659.55,670467.61,20,12,64.388
NS67SW_3498,1,1_0,4.05846782578,-9999.0,-9999.0,-9999.0,64.5360031128,176.608177673952,54.1225295679327,260687.94,670467.26,20,12,64.536
NS67SW_3506,1,1_0,6.36990505648,-9999.0,-9999.0,-9999.0,67.4079971313,317.161055576121,90.854450903543,261085.41,670468.92,60,32,67.408
NS67SW_3509,1,1_0,3.2500849554,-9999.0,-9999.0,-9999.0,63.5740013123,76.3230749837843,34.9575260243381,260786.42,670461.04,12,8,63.574
NS67SW_3510,1,1_0,5.0119798881,-9999.0,-9999.0,-9999.0,63.9249992371,699.88807423572,182.120263505119,261024.39,670472.25,104,54,63.925
NS67SW_3521,1,1_0,2.22461931633,-9999.0,-9999.0,-9999.0,68.3150024414,20.9503462456557,22.3688984096463,261168.71,670454.21,8,6,68.315
NS67SW_3522,1,1_0,6.90264267203,-9999.0,-9999.0,-9999.0,68.2409973145,216.390119141785,66.941328760201,261179.33,670461.45,28,16,68.241
NS67SW_3532,1,1_0,3.94665007223,-9999.0,-9999.0,-9999.0,65.1650009155,134.58775708505,47.6173311564475,260702.17,670456.09,20,12,65.165
NS67SW_3533,1,1_0,2.74214378025,-9999.0,-9999.0,-9999.0,65.7310028076,30.8391299973902,22.6431140397453,260683.35,670451.62,12,8,65.731
NS67SW_3536,1,1_0,4.29202818329,-9999.0,-9999.0,-9999.0,63.888999939,359.291401079382,118.07427382374,260758.59,670461.17,52,28,63.889
NS67SW_3537,1,1_0,3.95190798817,-9999.0,-9999.0,-9999.0,67.5663299561,186.481067758791,81.7187176379353,261126.65,670456.37,40,22,67.566
NS67SW_3540,1,1_0,2.16447024875,-9999.0,-9999.0,-9999.0,63.4539985657,47.5151400052297,27.666841465878,260798.29,670449.79,12,8,63.454
NS67SW_3547,1,1_0,2.46541040594,-9999.0,-9999.0,-9999.0,65.8539962769,22.6422637534649,22.6214269802003,260699.26,670445.44,8,6,65.854
NS67SW_3558,1,1_0,2.26154930912,-9999.0,-9999.0,-9999.0,65.8850021362,21.7393987484039,21.5359550319337,261211.08,670442.17,8,6,65.885
NS67SW_3563,1,1_0,4.02376373291,-9999.0,-9999.0,-9999.0,64.1139984131,221.928183663929,64.9133966230886,260780.18,670444.71,28,16,64.114
NS67SW_3566,1,1_0,4.28050938563,-9999.0,-9999.0,-9999.0,65.6750030518,177.726712320051,53.585324833297,260713.16,670444.2,12,8,65.675
NS67SW_3576,1,1_0,4.29654204017,-9999.0,-9999.0,-9999.0,65.4199981689,442.191094862572,132.190177549412,261233.9,670445.08,68,36,65.42
NS67SW_3582,1,1_0,4.51518011328,-9999.0,-9999.0,-9999.0,63.8180007935,212.990950228568,58.8780707700932,261079.18,670434.46,12,8,63.818
NS67SW_3586,1,1_0,4.06802144417,-9999.0,-9999.0,-9999.0,64.4816131592,164.97840521412,51.4485814245759,260790.18,670433.87,12,8,64.482
NS67SW_3589,1,1_0,2.48956382712,-9999.0,-9999.0,-9999.0,66.1470031738,51.0526050038776,30.3337619579709,260706.62,670428.79,12,8,66.147
NS67SW_3590,1,1_0,3.62453937809,-9999.0,-9999.0,-9999.0,65.986000061,177.935290008464,55.4489453986387,260725.52,670433.01,20,12,65.986
NS67SW_3592,1,1_0,5.18708755309,-9999.0,-9999.0,-9999.0,64.2409973145,221.613179482553,85.7394725814002,261105.07,670433.41,56,30,64.241
NS67SW_3593,1,1_0,4.1492083039,-9999.0,-9999.0,-9999.0,64.7399978638,202.471009462614,61.1388847760183,261122.8,670430.1,28,16,64.74
NS67SW_3606,1,1_0,3.01341294461,-9999.0,-9999.0,-9999.0,63.6040000916,31.0566037502532,22.9798888986434,260816.74,670423.46,12,8,63.604
NS67SW_3608,1,1_0,4.22599026421,-9999.0,-9999.0,-9999.0,65.2369995117,507.117379034382,139.648487419386,260662.22,670440.87,76,40,65.237
NS67SW_3609,1,1_0,3.9887149828,-9999.0,-9999.0,-9999.0,64.3789978027,228.505100561665,70.3223601149074,261200.85,670426.3,36,20,64.379
NS67SW_3620,1,1_0,3.93513948071,-9999.0,-9999.0,-9999.0,63.8770027161,210.027747000742,69.1022556965617,260802.84,670426.3,28,16,63.877
NS67SW_3628,1,1_0,2.34535076,-9999.0,-9999.0,-9999.0,67.2570037842,22.7917949992633,22.060332783316,260680.9,670415.85,8,6,67.257
NS67SW_3629,1,1_0,3.63355822628,-9999.0,-9999.0,-9999.0,66.2369995117,188.517106545043,61.6697393418904,260740.93,670422.01,36,20,66.237
NS67SW_3643,1,1_0,5.84982939306,-9999.0,-9999.0,-9999.0,63.8740005493,552.747413457986,137.916410770071,261164.73,670429.53,100,52,63.874
NS67SW_3651,1,1_0,3.81175750609,-9999.0,-9999.0,-9999.0,63.5508003235,252.705152538966,94.6731814494168,260823.08,670412.88,44,24,63.551
NS67SW_3660,1,1_0,3.85031343567,-9999.0,-9999.0,-9999.0,67.3499984741,178.901988192751,54.0723095860946,260663.34,670408.16,12,8,67.35
NS67SW_3661,1,1_0,3.70330150262,-9999.0,-9999.0,-9999.0,66.2910003662,155.504903126044,52.3947443384985,260754.18,670409.96,20,12,66.291
NS67SW_3693,1,1_0,4.12738049997,-9999.0,-9999.0,-9999.0,64.2249984741,150.23866537799,54.1075435169233,260827.51,670400.92,28,16,64.225
NS67SW_3694,1,1_0,2.76888456439,-9999.0,-9999.0,-9999.0,64.422996521,29.3649075050914,25.1508179858575,260861.34,670395.19,8,6,64.423
NS67SW_3711,1,1_0,4.42435755458,-9999.0,-9999.0,-9999.0,66.0500030518,169.556576721921,56.7052818814261,260765.75,670398.48,20,12,66.05
NS67SW_3719,1,1_0,3.9748916626,-9999.0,-9999.0,-9999.0,66.5090026855,172.396666672058,56.100645602164,260664.7,670391.74,20,12,66.509
NS67SW_3731,1,1_0,4.09181807484,-9999.0,-9999.0,-9999.0,64.4479980469,125.993084287903,44.9068085520771,260839.14,670389.3,12,8,64.448
NS67SW_3734,1,1_0,7.70108616633,-9999.0,-9999.0,-9999.0,63.4519996643,227.058190706373,60.4075288759187,261084.01,670388.77,12,8,63.452
NS67SW_3753,1,1_0,2.46863082188,-9999.0,-9999.0,-9999.0,65.7600021362,42.9171637499614,26.2861845646331,260670.4,670378.91,12,8,65.76
NS67SW_3754,1,1_0,5.76603593625,-9999.0,-9999.0,-9999.0,64.1819992065,158.171751419808,53.8993604496379,261119.42,670383.88,20,12,64.182
NS67SW_3757,1,1_0,2.2848059645,-9999.0,-9999.0,-9999.0,65.2460021973,29.7544237517253,25.4014613253405,260695.49,670378.69,8,6,65.246
NS67SW_3759,1,1_0,2.39336859874,-9999.0,-9999.0,-9999.0,66.2350006104,41.2477687508871,25.5744759273927,260653.71,670377.9,16,10,66.235
NS67SW_3768,1,1_0,3.6291911993,-9999.0,-9999.0,-9999.0,63.0670013428,80.6643459339656,39.5910827218447,261088.22,670373.57,12,8,63.067
NS67SW_3773,1,1_0,5.88836669352,-9999.0,-9999.0,-9999.0,56.9510002136,171.999347999101,58.4172676789632,260918.59,670378.28,28,16,56.951
NS67SW_3821,1,1_0,3.91439681869,-9999.0,-9999.0,-9999.0,64.1760025024,141.438620161036,48.8994284228591,260702.02,670360.96,20,12,64.176
NS67SW_3823,1,1_0,3.91998829617,-9999.0,-9999.0,-9999.0,64.4100036621,206.016698543742,70.5731603604578,260683.16,670363.68,28,16,64.41
NS67SW_3827,1,1_0,4.30517986801,-9999.0,-9999.0,-9999.0,64.8529968262,172.785636336428,57.3199270637296,260663.56,670361.75,20,12,64.853
NS67SW_3829,1,1_0,3.60482885187,-9999.0,-9999.0,-9999.0,63.9850006104,189.570679793115,69.6524991416125,260718.35,670362.66,28,16,63.985
NS67SW_3854,1,1_0,3.22033245039,-9999.0,-9999.0,-9999.0,64.0199966431,247.124059274351,85.1973202547545,260737.01,670360.46,44,24,64.02
NS67SW_3855,1,1_0,3.74822779319,-9999.0,-9999.0,-9999.0,64.8320007324,799.253456241899,238.185440536363,260795.17,670372.04,116,60,64.832
NS67SW_3872,1,1_0,3.35159175354,-9999.0,-9999.0,-9999.0,63.7420005798,733.2422049703,195.253473299334,260865.86,670365.71,104,54,63.742
NS67SW_3878,1,1_0,3.83908077608,-9999.0,-9999.0,-9999.0,64.0579986572,172.942121331682,70.0152331574539,260752.68,670351.92,44,24,64.058
NS67SW_3899,1,1_0,2.4940497291,-9999.0,-9999.0,-9999.0,64.4950027466,39.7669312495273,25.3534164659302,260782.22,670339.84,12,8,64.495
NS67SW_3903,1,1_0,7.16274220977,-9999.0,-9999.0,-9999.0,61.2999992371,824.248191666217,123.268039357547,261103.08,670351.14,28,16,61.3
NS67SW_3908,1,1_0,3.88302025344,-9999.0,-9999.0,-9999.0,64.4879989624,177.102758535932,53.6534387303768,260826.85,670344.22,12,8,64.488
NS67SW_3909,1,1_0,11.3401313243,-9999.0,-9999.0,-9999.0,55.9099998474,1674.00082486652,233.124141379474,260973.88,670370.27,112,58,55.91
NS67SW_3917,1,1_0,3.76765992244,-9999.0,-9999.0,-9999.0,64.0869979858,198.660217606649,71.3901934268237,260766.86,670343.72,28,16,64.087
NS67SW_3927,1,1_0,3.79739622376,-9999.0,-9999.0,-9999.0,63.2120018005,176.600897210952,53.1611944367336,260882.39,670336.96,12,8,63.212
NS67SW_3933,1,1_0,2.84176650192,-9999.0,-9999.0,-9999.0,61.9650001526,34.0542149938789,23.6763641970346,260897.34,670331.32,12,8,61.965
NS67SW_3943,1,1_0,2.88367629633,-9999.0,-9999.0,-9999.0,64.6539993286,41.922354348881,29.0440931172954,260817.49,670330.2,12,8,64.654
NS67SW_3954,1,1_0,3.58676584458,-9999.0,-9999.0,-9999.0,64.2220001221,219.067294849516,63.6772818786463,260835.86,670330.36,36,20,64.222
NS67SW_3961,1,1_0,3.84199029085,-9999.0,-9999.0,-9999.0,64.0739974976,135.986749307756,47.6316735383528,260778.56,670327.83,20,12,64.074
NS67SW_3963,1,1_0,5.74568503796,-9999.0,-9999.0,-9999.0,56.1279983521,536.49896085102,143.578629891656,260931.14,670344.86,64,34,56.128
NS67SW_3976,1,1_0,2.33145243189,-9999.0,-9999.0,-9999.0,57.0690002441,51.497283721504,29.551151438691,260926.81,670316.27,16,10,57.069
NS67SW_3977,1,1_0,3.72873154459,-9999.0,-9999.0,-9999.0,64.2969970703,176.925688008882,57.0440327805579,260696.83,670318.95,20,12,64.297
NS67SW_3982,1,1_0,4.12109964701,-9999.0,-9999.0,-9999.0,64.56300354,170.824186236652,52.5594844877856,260681.85,670318.16,12,8,64.563
NS67SW_3983,1,1_0,4.09322291367,-9999.0,-9999.0,-9999.0,63.6520004272,170.28827420114,55.2804903490529,260714.41,670318.42,28,16,63.652
NS67SW_3984,1,1_0,5.52466552631,-9999.0,-9999.0,-9999.0,57.6139984131,635.836274524364,126.835856745261,261087.82,670323.53,64,34,57.614
NS67SW_3987,1,1_0,3.68732849101,-9999.0,-9999.0,-9999.0,63.7949981689,206.775862968047,59.5307399815206,260845.45,670317.11,20,12,63.795
NS67SW_3992,1,1_0,3.44848209515,-9999.0,-9999.0,-9999.0,63.7439994812,176.340162210957,68.9952195151333,260789.95,670317.2,44,24,63.744
NS67SW_3994,1,1_0,3.86912263738,-9999.0,-9999.0,-9999.0,64.8150024414,207.255079445723,74.0927893446813,260664.59,670315.45,44,24,64.815
NS67SW_4006,1,1_0,3.50217657712,-9999.0,-9999.0,-9999.0,63.0079994202,169.802030955538,58.7903502462295,260731.12,670311.4,28,16,63.008
NS67SW_4007,1,1_0,4.64795894093,-9999.0,-9999.0,-9999.0,56.4480018616,367.939583130131,96.8114595309116,261126.59,670311.0,52,28,56.448
NS67SW_4022,1,1_0,3.91384099537,-9999.0,-9999.0,-9999.0,60.813999176,366.543764700921,110.121764054567,260892.25,670313.69,56,30,60.814
NS67SW_4029,1,1_0,2.73369927163,-9999.0,-9999.0,-9999.0,59.3123474121,90.2516793093169,43.9250227273201,260912.8,670301.49,28,16,59.312
NS67SW_4031,1,1_0,4.56291402298,-9999.0,-9999.0,-9999.0,57.2900009155,170.111947446058,52.6599748665002,260976.08,670303.42,12,8,57.29
NS67SW_4038,1,1_0,4.02405296774,-9999.0,-9999.0,-9999.0,62.3059997559,131.270700518635,47.9275287997478,260852.97,670300.63,20,12,62.306
NS67SW_4043,1,1_0,4.44483855243,-9999.0,-9999.0,-9999.0,62.6769981384,177.549496622101,56.7666715041041,260745.03,670301.22,28,16,62.677
NS67SW_4046,1,1_0,4.0001760247,-9999.0,-9999.0,-9999.0,62.9309997559,228.441601108644,79.048748110977,260801.67,670303.7,28,16,62.931
NS67SW_4057,1,1_0,2.70631307677,-9999.0,-9999.0,-9999.0,62.2019996643,238.542669526187,101.047824072538,260825.2,670304.68,84,44,62.202
NS67SW_4065,1,1_0,2.87278786352,-9999.0,-9999.0,-9999.0,64.4800033569,77.5941955628492,36.1347713468925,260669.76,670289.87,12,8,64.48
NS67SW_4071,1,1_0,2.41258568666,-9999.0,-9999.0,-9999.0,62.591999054,53.2574737557089,29.939497973354,260739.14,670288.31,12,8,62.592
NS67SW_4076,1,1_0,4.3855027403,-9999.0,-9999.0,-9999.0,59.8510017395,189.368685143397,59.5428451349285,260897.57,670289.9,28,16,59.851
NS67SW_4080,1,1_0,2.56311956101,-9999.0,-9999.0,-9999.0,62.3759994507,42.6052837574563,26.1706605438157,260834.23,670284.3,12,8,62.376
NS67SW_4083,1,1_0,5.14932528713,-9999.0,-9999.0,-9999.0,56.9640007019,412.748261108264,102.657383325814,260935.48,670297.26,36,20,56.964
NS67SW_4093,1,1_0,3.68338615921,-9999.0,-9999.0,-9999.0,62.236000061,161.239883577817,51.7732524958967,260853.84,670283.81,16,10,62.236
NS67SW_4096,1,1_0,2.57754522754,-9999.0,-9999.0,-9999.0,64.3730010986,32.543887497236,23.4075669589533,260677.39,670278.94,12,8,64.373
NS67SW_4104,1,1_0,2.77658547011,-9999.0,-9999.0,-9999.0,59.5660018921,76.9419422611385,36.1213313992466,260911.59,670279.91,12,8,59.566
NS67SW_4107,1,1_0,4.73419600922,-9999.0,-9999.0,-9999.0,62.4490013123,242.544812315631,83.7733807612672,260808.28,670282.85,44,24,62.449
NS67SW_4120,1,1_0,2.9486076355,-9999.0,-9999.0,-9999.0,63.0866661072,37.8540150020197,26.0025656894351,260806.54,670269.15,12,8,63.087
NS67SW_4129,1,1_0,4.15368786595,-9999.0,-9999.0,-9999.0,62.9770011902,119.960621516389,43.8839477402076,260727.44,670268.83,12,8,62.977
NS67SW_4131,1,1_0,5.6571407036,-9999.0,-9999.0,-9999.0,57.5060005188,171.157911810283,58.4328635983288,260932.95,670271.92,28,16,57.506
NS67SW_4132,1,1_0,3.99365801291,-9999.0,-9999.0,-9999.0,64.3870010376,134.728823780205,49.0903965596398,260684.1,670268.97,28,16,64.387
NS67SW_4133,1,1_0,4.29643072575,-9999.0,-9999.0,-9999.0,63.5009994507,252.051225121069,70.4344573182788,260705.72,670269.62,20,12,63.501
NS67SW_4135,1,1_0,4.08508902717,-9999.0,-9999.0,-9999.0,60.9070014954,215.384820903782,58.7416081753999,260898.52,670270.29,12,8,60.907
NS67SW_4140,1,1_0,3.87768561851,-9999.0,-9999.0,-9999.0,64.8489990234,223.734645365662,66.3820629256208,260665.63,670270.57,28,16,64.849
NS67SW_4145,1,1_0,3.53349158703,-9999.0,-9999.0,-9999.0,62.2939987183,163.296448918751,52.6873905775486,260856.96,670268.1,20,12,62.294
NS67SW_4148,1,1_0,4.46590348149,-9999.0,-9999.0,-9999.0,62.4309997559,209.765242947456,61.2271998434761,260748.49,670268.3,20,12,62.431
NS67SW_4158,1,1_0,3.77670258313,-9999.0,-9999.0,-9999.0,62.3260002136,478.393950172367,129.168177764588,260762.59,670275.25,60,32,62.326
NS67SW_4202,1,1_0,4.79056728182,-9999.0,-9999.0,-9999.0,64.0627746582,343.735192889361,104.208590431892,260809.22,670252.58,44,24,64.063
NS67SW_4207,1,1_0,3.64946469394,-9999.0,-9999.0,-9999.0,61.2080001831,220.101290053741,66.5930734056539,260897.36,670251.06,28,16,61.208
NS67SW_4216,1,1_0,3.44302911076,-9999.0,-9999.0,-9999.0,57.7270011902,301.511355635885,84.9881015361622,260928.77,670252.84,48,26,57.727
NS67SW_4222,1,1_0,4.32640635173,-9999.0,-9999.0,-9999.0,63.4650001526,268.645950729543,84.4233627903082,260832.51,670244.85,44,24,63.465
NS67SW_4232,1,1_0,5.9195562269,-9999.0,-9999.0,-9999.0,57.2400016785,1156.1263273423,228.009488688309,260979.17,670262.75,84,44,57.24
NS67SW_4244,1,1_0,5.18328324486,-9999.0,-9999.0,-9999.0,62.8160018921,194.609894297107,67.866007955202,260851.63,670237.12,36,20,62.816
NS67SW_4245,1,1_0,3.19643296054,-9999.0,-9999.0,-9999.0,57.9150009155,66.1401500373027,33.7388758273508,260936.01,670231.84,12,8,57.915
NS67SW_4262,1,1_0,4.29359395438,-9999.0,-9999.0,-9999.0,62.563999176,271.800964329519,74.1387998914891,260720.42,670225.43,20,12,62.564
NS67SW_4272,1,1_0,3.80984244768,-9999.0,-9999.0,-9999.0,67.6780014038,196.560823088258,65.1473875938936,260628.35,670224.93,36,20,67.678
NS67SW_4278,1,1_0,4.33926896038,-9999.0,-9999.0,-9999.0,63.9140014648,355.044869112501,98.7645307454222,260674.62,670222.09,44,24,63.914
NS67SW_4279,1,1_0,6.66909596251,-9999.0,-9999.0,-9999.0,59.904876709,244.456478241715,80.0229936679473,260894.2,670224.16,68,36,59.905
NS67SW_4287,1,1_0,4.47169121276,-9999.0,-9999.0,-9999.0,63.5589981079,229.870762288791,62.6121598497163,260697.21,670221.66,12,8,63.559
NS67SW_4289,1,1_0,2.38886501915,-9999.0,-9999.0,-9999.0,63.2130012512,21.8692762500193,20.6950688344945,260708.4,670213.24,12,8,63.213
NS67SW_4319,1,1_0,6.99338898181,-9999.0,-9999.0,-9999.0,58.8928337097,306.40141467492,83.1102337620252,260915.41,670216.84,44,24,58.893
NS67SW_4324,1,1_0,2.62868636647,-9999.0,-9999.0,-9999.0,61.0320014954,54.2474249905509,29.8363864270501,260832.39,670207.35,12,8,61.032
NS67SW_4327,1,1_0,5.10458637901,-9999.0,-9999.0,-9999.0,57.5900001526,175.60042153945,53.0057239036618,260930.28,670209.36,12,8,57.59
NS67SW_4330,1,1_0,3.81546436105,-9999.0,-9999.0,-9999.0,67.6470031738,127.9503591531,47.5754855484754,260629.63,670205.73,20,12,67.647
NS67SW_4335,1,1_0,5.33924532992,-9999.0,-9999.0,-9999.0,61.5079994202,252.102041185229,75.8435855943198,260792.4,670210.47,36,20,61.508
NS67SW_4337,1,1_0,3.26084841514,-9999.0,-9999.0,-9999.0,63.625,50.0130600027704,28.437246337433,260703.85,670203.07,12,8,63.625
NS67SW_4372,1,1_0,4.17282427549,-9999.0,-9999.0,-9999.0,65.1770019531,168.120594332794,53.9783175133282,260672.2,670197.49,20,12,65.177
NS67SW_4373,1,1_0,2.7674987793,-9999.0,-9999.0,-9999.0,57.1269989014,61.9201871407866,31.7194745768075,260973.19,670194.69,12,8,57.127
NS67SW_4384,1,1_0,2.40950121198,-9999.0,-9999.0,-9999.0,65.2139968872,21.0444149942672,21.2063603264442,260680.75,670188.75,8,6,65.214
NS67SW_4385,1,1_0,2.31548026029,-9999.0,-9999.0,-9999.0,61.4589996338,36.1230450055008,24.4246135290841,260806.78,670189.12,12,8,61.459
NS67SW_4386,1,1_0,3.71652695492,-9999.0,-9999.0,-9999.0,61.1129989624,154.132048569841,49.6600182063578,260838.53,670193.16,12,8,61.113
NS67SW_4387,1,1_0,4.48340175917,-9999.0,-9999.0,-9999.0,57.0200004578,502.517898119144,118.927995674235,260963.29,670207.81,28,16,57.02
NS67SW_4395,1,1_0,3.59862263889,-9999.0,-9999.0,-9999.0,61.9729995728,612.885643487048,175.938500310349,260743.67,670207.03,128,66,61.973
NS67SW_4409,1,1_0,3.98601917444,-9999.0,-9999.0,-9999.0,67.6480026245,172.26903403651,54.3584978258395,260630.27,670187.17,20,12,67.648
NS67SW_4424,1,1_0,4.64215475365,-9999.0,-9999.0,-9999.0,61.3870010376,350.541112826044,110.146833382151,260784.2,670188.16,60,32,61.387
NS67SW_4426,1,1_0,9.3836181667,-9999.0,-9999.0,-9999.0,56.3250007629,2947.6716505495,447.56249228341,261006.39,670251.86,136,70,56.325
NS67SW_4435,1,1_0,4.24397162439,-9999.0,-9999.0,-9999.0,62.9280014038,642.366745649266,179.520752594194,260709.61,670181.22,100,52,62.928
NS67SW_4437,1,1_0,2.46950193706,-9999.0,-9999.0,-9999.0,66.2239990234,23.7527999997853,19.8419373613193,260659.34,670170.49,12,8,66.224
NS67SW_4442,1,1_0,3.51249450198,-9999.0,-9999.0,-9999.0,60.9490013123,188.822461180793,72.0858000853728,260829.66,670176.77,36,20,60.949
NS67SW_4447,1,1_0,3.90819920677,-9999.0,-9999.0,-9999.0,67.6949996948,120.742263890814,43.9944034394984,260631.15,670171.72,12,8,67.695
NS67SW_4453,1,1_0,4.79319345104,-9999.0,-9999.0,-9999.0,65.4840011597,272.961775547646,80.0681440086819,260671.54,670174.73,68,36,65.484
NS67SW_4454,1,1_0,2.41858015168,-9999.0,-9999.0,-9999.0,60.8489990234,47.928402992688,31.4518681204226,260814.0,670169.23,12,8,60.849
NS67SW_4478,1,1_0,7.4129908623,-9999.0,-9999.0,-9999.0,57.2599983215,6672.75334599231,530.808499931077,261087.8,670217.5,192,98,57.26
NS67SW_4487,1,1_0,5.23932976777,-9999.0,-9999.0,-9999.0,61.5970001221,242.880449396345,72.0576387764251,260769.43,670166.24,28,16,61.597
NS67SW_4492,1,1_0,2.3128950669,-9999.0,-9999.0,-9999.0,59.6990013123,41.4068999985466,25.7475207003943,261249.32,670156.99,12,8,59.699
NS67SW_4509,1,1_0,4.38497615324,-9999.0,-9999.0,-9999.0,60.6640014648,132.894425970636,48.7420853216628,260821.77,670155.76,28,16,60.664
NS67SW_4513,1,1_0,4.47179830744,-9999.0,-9999.0,-9999.0,57.6129989624,229.293712578994,74.6963720543026,260924.77,670159.96,36,20,57.613
NS67SW_4519,1,1_0,3.6473005304,-9999.0,-9999.0,-9999.0,58.1479988098,164.421697549318,67.2016960194993,260906.9,670156.86,28,16,58.148
NS67SW_4529,1,1_0,4.92221438321,-9999.0,-9999.0,-9999.0,62.6839981079,218.655534014753,76.8937951576645,260752.2,670151.24,44,24,62.684
NS67SW_4532,1,1_0,2.20155409928,-9999.0,-9999.0,-9999.0,60.4296684265,48.8691401777676,31.4766580737716,260887.98,670142.64,12,8,60.43
NS67SW_4536,1,1_0,4.11875550643,-9999.0,-9999.0,-9999.0,60.2569999695,42.1246650000178,26.676228074698,261243.49,670142.32,12,8,60.257
NS67SW_4538,1,1_0,5.1129824751,-9999.0,-9999.0,-9999.0,57.2589988708,342.830368232807,80.4612619567233,261145.01,670148.69,36,20,57.259
NS67SW_4540,1,1_0,4.09034666098,-9999.0,-9999.0,-9999.0,57.5369987488,123.636370754788,51.968923876384,261025.61,670145.97,36,20,57.537
NS67SW_4542,1,1_0,2.61678774461,-9999.0,-9999.0,-9999.0,61.2989997864,27.6174824999543,24.0626111647551,260871.04,670138.84,8,6,61.299
NS67SW_4545,1,1_0,2.46792977789,-9999.0,-9999.0,-9999.0,62.4869995117,51.5850975016225,34.9158892475548,260775.79,670140.04,16,10,62.487
NS67SW_4549,1,1_0,4.28858564794,-9999.0,-9999.0,-9999.0,58.0449981689,468.801185183567,95.3181096556416,261178.3,670146.84,36,20,58.045
NS67SW_4560,1,1_0,4.45597708597,-9999.0,-9999.0,-9999.0,61.611000061,182.422470737549,59.0536118498817,260858.98,670138.08,36,20,61.611
NS67SW_4569,1,1_0,4.29074956415,-9999.0,-9999.0,-9999.0,64.6399993896,297.979587959184,94.8716631413864,260707.31,670132.69,64,34,64.64
NS67SW_4571,1,1_0,4.79100095429,-9999.0,-9999.0,-9999.0,66.4400024414,246.162495247684,72.0639467595148,260631.23,670132.24,28,16,66.44
NS67SW_4574,1,1_0,5.09471940122,-9999.0,-9999.0,-9999.0,59.108001709,434.327748393646,100.761568821398,261208.39,670137.11,36,20,59.108
NS67SW_4577,1,1_0,5.01834006101,-9999.0,-9999.0,-9999.0,60.5970001221,240.817967122441,71.2683412967741,261236.75,670128.07,28,16,60.597
NS67SW_4580,1,1_0,4.37920429751,-9999.0,-9999.0,-9999.0,63.7910003662,352.614823092362,99.7439890304622,260733.25,670134.65,52,28,63.791
NS67SW_4582,1,1_0,6.13821187109,-9999.0,-9999.0,-9999.0,57.2729988098,998.033428945041,196.270896247721,260959.34,670145.88,64,34,57.273
NS67SW_4594,1,1_0,6.64177034595,-9999.0,-9999.0,-9999.0,57.6230010986,200.159753634801,62.4959692442108,261137.13,670121.96,28,16,57.623
NS67SW_4599,1,1_0,3.85541630759,-9999.0,-9999.0,-9999.0,61.0489997864,482.484853082817,149.718538798495,260799.76,670130.54,100,52,61.049
NS67SW_4600,1,1_0,3.19826088117,-9999.0,-9999.0,-9999.0,58.2690010071,59.132976850474,30.9696171842335,260897.45,670119.49,12,8,58.269
NS67SW_4615,1,1_0,3.91520797375,-9999.0,-9999.0,-9999.0,65.6320037842,25.0259925013609,24.22276556702,260722.58,670110.67,8,6,65.632
NS67SW_4619,1,1_0,7.77854976691,-9999.0,-9999.0,-9999.0,57.9169998169,260.440290787616,69.8565924867545,260933.16,670118.27,12,8,57.917
NS67SW_4629,1,1_0,4.26773906906,-9999.0,-9999.0,-9999.0,61.9449996948,275.370605741968,87.8240646797406,260848.93,670115.23,44,24,61.945
NS67SW_4633,1,1_0,2.94319113707,-9999.0,-9999.0,-9999.0,61.7709999084,30.3583574983063,22.44228198125,260845.34,670104.04,12,8,61.771
NS67SW_4636,1,1_0,2.65533777427,-9999.0,-9999.0,-9999.0,65.5530014038,46.7920844839611,29.1300368021345,260702.87,670105.65,12,8,65.553
NS67SW_4639,1,1_0,4.90973469669,-9999.0,-9999.0,-9999.0,66.2289962769,183.205324539062,64.0033687120366,260632.49,670105.44,28,16,66.229
NS67SW_4645,1,1_0,2.34797822005,-9999.0,-9999.0,-9999.0,58.3190002441,204.68774501273,69.5999627333772,260878.93,670107.12,20,12,58.319
NS67SW_4646,1,1_0,5.04081883464,-9999.0,-9999.0,-9999.0,57.5849990845,151.907615916819,55.0192903203266,261214.28,670102.43,36,20,57.585
NS67SW_4647,1,1_0,4.49320251283,-9999.0,-9999.0,-9999.0,65.6849975586,648.572658498652,146.905529348216,260675.55,670119.85,68,36,65.685
NS67SW_4649,1,1_0,4.23459496077,-9999.0,-9999.0,-9999.0,57.9680023193,467.620709160857,117.908360474892,261186.9,670105.87,56,30,57.968
NS67SW_4659,1,1_0,4.90644627862,-9999.0,-9999.0,-9999.0,58.4261665344,144.535841474565,52.4938745039312,261022.91,670099.27,28,16,58.426
NS67SW_4674,1,1_0,3.67811252256,-9999.0,-9999.0,-9999.0,58.341999054,699.906746044652,165.145500444731,260978.02,670110.0,84,44,58.342
NS67SW_4677,1,1_0,6.671984045,-9999.0,-9999.0,-9999.0,57.9290008545,195.362786443474,57.5748299423986,261132.59,670095.73,12,8,57.929
NS67SW_4678,1,1_0,5.25035698194,-9999.0,-9999.0,-9999.0,57.2919998169,292.409661759333,77.6504979128793,261237.72,670092.08,44,24,57.292
NS67SW_4679,1,1_0,8.38132764867,-9999.0,-9999.0,-9999.0,58.0026664734,507.577744468717,113.974007518097,260903.65,670097.05,28,16,58.003
NS67SW_4680,1,1_0,4.55824487334,-9999.0,-9999.0,-9999.0,56.8040008545,459.130453043496,123.436117378457,261067.7,670101.46,68,36,56.804
NS67SW_4685,1,1_0,4.12394647452,-9999.0,-9999.0,-9999.0,64.7570037842,967.738942101425,257.844953352836,260754.92,670104.14,168,86,64.757
NS67SW_4692,1,1_0,5.73432765175,-9999.0,-9999.0,-9999.0,65.6669998169,154.020732906985,52.4418953836055,260712.62,670084.17,20,12,65.667
NS67SW_4704,1,1_0,5.95565107028,-9999.0,-9999.0,-9999.0,56.6920013428,729.478529104763,143.228051796843,261104.58,670102.08,44,24,56.692
NS67SW_4710,1,1_0,6.72612025989,-9999.0,-9999.0,-9999.0,57.9280014038,201.655909367909,58.4331603536676,261145.35,670079.96,12,8,57.928
NS67SW_4716,1,1_0,4.72427393364,-9999.0,-9999.0,-9999.0,66.0459976196,229.233190624887,75.0583798651545,260677.47,670082.25,44,24,66.046
NS67SW_4721,1,1_0,4.54042627948,-9999.0,-9999.0,-9999.0,66.7369995117,238.659395132332,83.3888819317406,260633.44,670081.38,60,32,66.737
NS67SW_4723,1,1_0,3.75719813399,-9999.0,-9999.0,-9999.0,57.1059989929,356.428130739973,101.606949295702,261024.09,670080.43,60,32,57.106
NS67SW_4727,1,1_0,6.31730640875,-9999.0,-9999.0,-9999.0,58.5680007935,245.871096845689,67.9382548350251,260945.56,670079.5,20,12,58.568
NS67SW_4731,1,1_0,5.00157282659,-9999.0,-9999.0,-9999.0,56.9160003662,189.883582294426,56.639910206083,261057.16,670074.88,12,8,56.916
NS67SW_4735,1,1_0,4.55567762674,-9999.0,-9999.0,-9999.0,57.5209999084,370.706063177137,113.30616145621,261198.11,670079.25,52,28,57.521
NS67SW_4736,1,1_0,5.37878796125,-9999.0,-9999.0,-9999.0,58.3870010376,265.555644076437,80.3801946468765,260867.91,670077.96,52,28,58.387
NS67SW_4752,1,1_0,3.63495071086,-9999.0,-9999.0,-9999.0,59.3779983521,181.414463608066,58.2066476523672,260847.71,670061.76,28,16,59.378
NS67SW_4760,1,1_0,5.16301341972,-9999.0,-9999.0,-9999.0,57.6290016174,589.654493261951,135.447928591674,261005.71,670062.31,52,28,57.629
NS67SW_4762,1,1_0,6.82034363462,-9999.0,-9999.0,-9999.0,56.4140014648,914.725257398744,157.108726301169,261104.71,670058.81,28,16,56.414
NS67SW_4765,1,1_0,6.17046145832,-9999.0,-9999.0,-9999.0,59.5550003052,317.436001784471,88.4285086710851,260826.85,670053.21,52,28,59.555
NS67SW_4774,1,1_0,3.86201348176,-9999.0,-9999.0,-9999.0,56.9760017395,394.951159706456,101.244022827194,261055.65,670052.73,28,16,56.976
NS67SW_4779,1,1_0,5.79895860175,-9999.0,-9999.0,-9999.0,61.716999054,1575.98044635165,440.011262751938,260786.92,670074.14,240,124,61.717
NS67SW_4786,1,1_0,6.60543627407,-9999.0,-9999.0,-9999.0,65.3809967041,194.188434876804,61.1544408083182,260681.21,670039.84,36,20,65.381
NS67SW_4800,1,1_0,6.31768339286,-9999.0,-9999.0,-9999.0,63.8880004883,398.818336944231,116.962588930671,260718.37,670040.34,76,40,63.888
NS67SW_4803,1,1_0,2.59068426258,-9999.0,-9999.0,-9999.0,61.96900177,43.024376252212,26.2664836658756,260758.84,670033.57,12,8,61.969
NS67SW_4804,1,1_0,3.52488735911,-9999.0,-9999.0,-9999.0,59.2299995422,422.960951919028,103.454550105768,260953.11,670040.62,64,34,59.23
NS67SW_4807,1,1_0,6.9730533755,-9999.0,-9999.0,-9999.0,60.0550003052,272.963335138992,81.8750668299414,260802.39,670038.0,48,26,60.055
NS67SW_4813,1,1_0,2.36562181893,-9999.0,-9999.0,-9999.0,64.56300354,77.8093912484764,45.0854787465135,260697.42,670032.71,28,16,64.563
NS67SW_4817,1,1_0,3.98383905181,-9999.0,-9999.0,-9999.0,57.0680007935,403.523135910431,85.0164810165101,261139.48,670037.89,20,12,57.068
NS67SW_4825,1,1_0,2.7775631054,-9999.0,-9999.0,-9999.0,61.7729988098,47.6260987500191,27.6428830993183,260742.91,670025.7,12,8,61.773
NS67SW_4827,1,1_0,5.9608123014,-9999.0,-9999.0,-9999.0,57.1619987488,823.349061167839,177.906980240912,261161.73,670055.46,56,30,57.162
NS67SW_4830,1,1_0,4.83230424091,-9999.0,-9999.0,-9999.0,57.3740005493,342.028183215461,87.7650978069241,261192.73,670028.7,44,24,57.374
NS67SW_4841,1,1_0,6.18883708665,-9999.0,-9999.0,-9999.0,60.2179985046,151.832723209462,53.4531015183908,260780.1,670023.36,28,16,60.218
NS67SW_4846,1,1_0,5.47616909892,-9999.0,-9999.0,-9999.0,66.3990020752,444.822709648287,124.862160278111,260630.12,670030.34,76,40,66.399
NS67SW_4849,1,1_0,6.39627542301,-9999.0,-9999.0,-9999.0,65.0830001831,186.010595920541,59.0901386667335,260681.48,670021.43,28,16,65.083
NS67SW_4859,1,1_0,7.03674715009,-9999.0,-9999.0,-9999.0,58.4029998779,192.940356100712,59.7033591974794,261015.39,670018.56,12,8,58.403
NS67SW_4863,1,1_0,4.5558959458,-9999.0,-9999.0,-9999.0,57.3530006409,848.581162139957,217.449520814701,261227.57,670045.03,116,60,57.353
NS67SW_4869,1,1_0,6.87654873769,-9999.0,-9999.0,-9999.0,59.4090003967,135.280743726591,50.8596435404538,260848.71,670016.1,12,8,59.409
NS67SW_4881,1,1_0,6.8278807526,-9999.0,-9999.0,-9999.0,58.8129997253,209.761962575734,61.7453616123114,261056.86,670011.41,12,8,58.813
NS67SW_4882,1,1_0,6.7080499054,-9999.0,-9999.0,-9999.0,60.5019989014,216.605899714051,64.1828744528576,260759.27,670013.89,36,20,60.502
NS67SW_4897,1,1_0,4.81777386314,-9999.0,-9999.0,-9999.0,65.1449966431,245.695000644095,88.5349946780499,260630.65,670007.24,52,28,65.145
NS67SW_4898,1,1_0,6.03637513312,-9999.0,-9999.0,-9999.0,63.7470016479,243.295587767584,70.9540936710123,260682.33,670003.63,48,26,63.747
NS67SW_4899,1,1_0,5.91368549932,-9999.0,-9999.0,-9999.0,60.9119987488,282.049077442664,71.3465151519836,260736.09,670005.18,28,16,60.912
NS67SW_4901,1,1_0,13.5426678678,-9999.0,-9999.0,-9999.0,59.3800010681,465.439949080336,95.1364701960829,260941.73,670012.1,16,10,59.38
NS67SW_4902,1,1_0,6.51860826371,-9999.0,-9999.0,-9999.0,57.5909996033,247.122361049036,71.2915434262603,261103.53,670003.22,16,10,57.591
NS67SW_1842,1,1_1,2.17795614469,-9999.0,-9999.0,-9999.0,52.4420013428,30.7774581757185,24.7412668023655,260679.57,671243.61,12,8,52.442
NS67SW_1845,1,1_1,3.9453727967,-9999.0,-9999.0,-9999.0,52.7340011597,514.469300303951,173.785830741181,260753.52,671249.48,124,64,52.734
NS67SW_1846,1,1_1,5.62981913972,-9999.0,-9999.0,-9999.0,58.2620010376,156.254643411002,53.3684973287919,261220.93,671245.85,20,12,58.262
NS67SW_1851,1,1_1,6.67655810425,-9999.0,-9999.0,-9999.0,53.6139984131,126.585421795921,45.4480087100796,260788.57,671242.05,12,8,53.614
NS67SW_1860,1,1_1,5.21367233263,-9999.0,-9999.0,-9999.0,59.216999054,576.923977551842,117.890625560738,261173.15,671246.73,56,30,59.217
NS67SW_1863,1,1_1,5.23386113055,-9999.0,-9999.0,-9999.0,59.2770004272,79.9407317103714,40.1928330330928,261231.38,671235.45,28,16,59.277
NS67SW_1867,1,1_1,5.01504282579,-9999.0,-9999.0,-9999.0,52.138999939,220.451982665638,65.8975873294628,260663.03,671237.03,28,16,52.139
NS67SW_1868,1,1_1,1.91386286418,-9999.0,-9999.0,-9999.0,52.3720016479,51.9190350054781,28.2083921761708,260692.33,671232.79,16,10,52.372
NS67SW_1870,1,1_1,6.02053960841,-9999.0,-9999.0,-9999.0,54.0069999695,144.421497206254,50.5086113302784,260808.79,671234.97,20,12,54.007
NS67SW_1871,1,1_1,2.15228232247,-9999.0,-9999.0,-9999.0,59.25,45.2391300001532,27.0035578203956,261220.41,671230.65,12,8,59.25
NS67SW_1874,1,1_1,3.62491952157,-9999.0,-9999.0,-9999.0,53.3190002441,54.9015647783024,35.8306747322789,260759.51,671227.61,28,16,53.319
NS67SW_1879,1,1_1,6.19784216666,-9999.0,-9999.0,-9999.0,52.1850013733,144.011338747123,49.0224071479542,260679.46,671228.23,12,8,52.185
NS67SW_1882,1,1_1,4.44758797502,-9999.0,-9999.0,-9999.0,56.2290000916,424.345563840017,118.720994804217,260875.5,671227.85,52,28,56.229
NS67SW_1883,1,1_1,4.60124494845,-9999.0,-9999.0,-9999.0,59.5499992371,195.636874247555,71.9851943005129,260952.56,671226.9,44,24,59.55
NS67SW_1884,1,1_1,3.91723991875,-9999.0,-9999.0,-9999.0,60.0839996338,182.977959047826,55.3536859037232,260975.51,671225.41,12,8,60.084
NS67SW_1886,1,1_1,3.72790806869,-9999.0,-9999.0,-9999.0,60.4480018616,184.522475705132,55.8093354650388,260996.04,671224.59,12,8,60.448
NS67SW_1887,1,1_1,6.29110197587,-9999.0,-9999.0,-9999.0,61.2709999084,120.181567136349,44.3323924116216,261032.82,671223.84,12,8,61.271
NS67SW_1892,1,1_1,5.71934294201,-9999.0,-9999.0,-9999.0,61.6730003357,138.745896742257,50.3315817776349,261050.59,671221.38,20,12,61.673
NS67SW_1893,1,1_1,5.51031959348,-9999.0,-9999.0,-9999.0,60.7690010071,157.787335308255,56.42219685498,261015.43,671222.3,20,12,60.769
NS67SW_1894,1,1_1,6.31311723052,-9999.0,-9999.0,-9999.0,61.7859992981,128.312879298534,45.7366703016795,261067.59,671219.91,12,8,61.786
NS67SW_1896,1,1_1,4.96923448459,-9999.0,-9999.0,-9999.0,59.9640007019,113.357859447512,44.4300242471119,261229.51,671218.53,20,12,59.964
NS67SW_1900,1,1_1,2.41511142065,-9999.0,-9999.0,-9999.0,61.2869987488,35.0220825002494,24.9465484325353,261025.4,671214.97,12,8,61.287
NS67SW_1901,1,1_1,3.7315464635,-9999.0,-9999.0,-9999.0,52.4010009766,261.923870088881,98.4376293132144,260702.38,671219.48,44,24,52.401
NS67SW_1902,1,1_1,5.76931502179,-9999.0,-9999.0,-9999.0,61.7939987183,136.862830436283,46.7982694118495,261084.21,671216.47,12,8,61.794
NS67SW_1903,1,1_1,2.55272873309,-9999.0,-9999.0,-9999.0,53.4449996948,65.0071650036172,36.0613350770881,260747.04,671215.24,12,8,53.445
NS67SW_1904,1,1_1,2.47621803468,-9999.0,-9999.0,-9999.0,60.908000946,53.3113966709609,29.8755250414206,261004.52,671211.43,12,8,60.908
NS67SW_1906,1,1_1,5.64835164532,-9999.0,-9999.0,-9999.0,54.9290008545,163.564036390832,55.6177831532666,260811.65,671215.15,20,12,54.929
NS67SW_1907,1,1_1,3.7267489653,-9999.0,-9999.0,-9999.0,61.4329986572,194.238212341196,62.0520119507103,261102.71,671213.21,36,20,61.433
NS67SW_1908,1,1_1,3.7060959654,-9999.0,-9999.0,-9999.0,52.5950012207,217.012157230484,61.8505097746835,260636.8,671214.56,20,12,52.595
NS67SW_1909,1,1_1,2.33756088629,-9999.0,-9999.0,-9999.0,55.0260009766,25.6658437467843,23.7604600470187,260800.78,671206.76,8,6,55.026
NS67SW_1910,1,1_1,4.4761558069,-9999.0,-9999.0,-9999.0,56.0089988708,174.964781525071,55.9841511425053,260842.12,671213.79,12,8,56.009
NS67SW_1911,1,1_1,5.04719710629,-9999.0,-9999.0,-9999.0,52.96900177,201.719410205053,78.4137016730532,260721.59,671213.06,36,20,52.969
NS67SW_1912,1,1_1,2.35357862098,-9999.0,-9999.0,-9999.0,61.6669998169,27.909757501818,21.5194555268039,261037.57,671206.84,12,8,61.667
NS67SW_1913,1,1_1,2.31734994742,-9999.0,-9999.0,-9999.0,54.1730003357,24.4445737488817,22.9113597597417,260764.64,671204.96,8,6,54.173
NS67SW_1914,1,1_1,2.51094015021,-9999.0,-9999.0,-9999.0,61.9300003052,23.022224998193,23.9382092791519,261091.59,671206.76,8,6,61.93
NS67SW_1917,1,1_1,5.66285098776,-9999.0,-9999.0,-9999.0,59.0359992981,147.752142748399,54.1603083238932,260937.43,671207.65,28,16,59.036
NS67SW_1922,1,1_1,4.29324165125,-9999.0,-9999.0,-9999.0,52.5769996643,145.064005098891,48.785676315451,260649.16,671206.46,12,8,52.577
NS67SW_1923,1,1_1,6.13373450363,-9999.0,-9999.0,-9999.0,53.3860015869,133.310057509668,46.9252002766768,260734.52,671204.38,12,8,53.386
NS67SW_1924,1,1_1,5.51907699232,-9999.0,-9999.0,-9999.0,61.4840011597,133.299440998323,49.4846419256074,261141.73,671204.36,20,12,61.484
NS67SW_1926,1,1_1,4.0313315891,-9999.0,-9999.0,-9999.0,61.5942497253,238.797303552232,71.1122270531065,261160.94,671201.72,20,12,61.594
NS67SW_1927,1,1_1,4.79669268427,-9999.0,-9999.0,-9999.0,58.1850013733,203.721302468732,73.1945321318898,260901.51,671203.09,36,20,58.185
NS67SW_1928,1,1_1,5.72078546877,-9999.0,-9999.0,-9999.0,53.783000946,155.20246334348,55.6346222398906,260751.77,671200.36,28,16,53.783
NS67SW_1929,1,1_1,3.63195672866,-9999.0,-9999.0,-9999.0,61.4490013123,262.953184374953,88.3621216639585,261124.84,671204.17,52,28,61.449
NS67SW_1933,1,1_1,6.29273177057,-9999.0,-9999.0,-9999.0,52.7890014648,129.213079056753,45.7871443301563,260666.62,671196.17,12,8,52.789
NS67SW_1934,1,1_1,4.70122877387,-9999.0,-9999.0,-9999.0,54.9379997253,177.662413298901,59.3734000736013,260772.51,671193.69,20,12,54.938
NS67SW_1937,1,1_1,6.05853583449,-9999.0,-9999.0,-9999.0,59.2340011597,120.487552036883,44.3672098202209,260935.12,671190.56,12,8,59.234
NS67SW_1939,1,1_1,6.62555874235,-9999.0,-9999.0,-9999.0,56.6910018921,126.022487365761,45.1931506767969,260807.77,671190.3,12,8,56.691
NS67SW_1940,1,1_1,5.38594926868,-9999.0,-9999.0,-9999.0,61.2960014343,181.243620975826,75.5964779544312,261206.75,671188.03,36,20,61.296
NS67SW_1942,1,1_1,6.06719076505,-9999.0,-9999.0,-9999.0,58.9189987183,126.079668166348,46.7109813121814,260904.98,671186.92,20,12,58.919
NS67SW_1946,1,1_1,8.79036200224,-9999.0,-9999.0,-9999.0,59.8899993896,22.0839112497058,39.4996633787435,260872.79,671183.89,24,14,59.89
NS67SW_1949,1,1_1,4.1507581241,-9999.0,-9999.0,-9999.0,52.9169998169,163.586216573534,54.7433855032755,260665.23,671181.97,20,12,52.917
NS67SW_1951,1,1_1,5.50810232017,-9999.0,-9999.0,-9999.0,62.047000885,106.300013488555,42.1304241929233,261191.88,671181.07,12,8,62.047
NS67SW_1952,1,1_1,6.28051820249,-9999.0,-9999.0,-9999.0,53.3849983215,132.9675651092,50.4384412097315,260700.49,671180.26,28,16,53.385
NS67SW_1955,1,1_1,6.6198379329,-9999.0,-9999.0,-9999.0,54.2369995117,122.876666445286,44.737373131645,260723.31,671174.85,12,8,54.237
NS67SW_1956,1,1_1,2.29140053373,-9999.0,-9999.0,-9999.0,60.6884002686,38.1400124974182,39.103686883341,260875.17,671172.19,24,14,60.688
NS67SW_1957,1,1_1,2.52668296539,-9999.0,-9999.0,-9999.0,61.591999054,60.0546037514493,40.7311242778415,261233.06,671173.95,20,12,61.592
NS67SW_1958,1,1_1,2.48092393617,-9999.0,-9999.0,-9999.0,64.2060012817,22.5542887531041,22.3501783969774,261042.49,671169.64,8,6,64.206
NS67SW_1959,1,1_1,4.35164531185,-9999.0,-9999.0,-9999.0,63.3240013123,253.424907882468,90.7700580911951,261156.22,671178.97,52,28,63.324
NS67SW_1960,1,1_1,2.59575125906,-9999.0,-9999.0,-9999.0,62.9799995422,37.8537974917652,25.5743139015568,261201.4,671170.01,12,8,62.98
NS67SW_1962,1,1_1,5.95005323591,-9999.0,-9999.0,-9999.0,55.1899986267,69.064598314212,33.4226265931324,260736.43,671170.65,12,8,55.19
NS67SW_1964,1,1_1,2.2739852025,-9999.0,-9999.0,-9999.0,54.7688522339,23.6652637496465,22.8784758355127,260713.46,671167.61,8,6,54.769
NS67SW_1967,1,1_1,5.07750677328,-9999.0,-9999.0,-9999.0,55.7739982605,91.9192537496584,38.3908521984196,260748.15,671167.46,12,8,55.774
NS67SW_1969,1,1_1,5.88077742713,-9999.0,-9999.0,-9999.0,59.6319999695,129.595504632793,61.9394967176251,260935.53,671170.83,36,20,59.632
NS67SW_1970,1,1_1,5.86652979491,-9999.0,-9999.0,-9999.0,59.5439987183,131.889547106381,48.1389795430719,260905.14,671168.4,20,12,59.544
NS67SW_1971,1,1_1,5.97972661268,-9999.0,-9999.0,-9999.0,64.636505127,142.933734798643,50.0799457072752,261188.94,671164.67,20,12,64.636
NS67SW_1972,1,1_1,4.83489558601,-9999.0,-9999.0,-9999.0,62.6380004883,431.11457816768,148.389863927423,260981.27,671165.06,84,44,62.638
NS67SW_1973,1,1_1,2.60625514699,-9999.0,-9999.0,-9999.0,64.1439971924,20.0962312491147,21.4414240324832,261209.52,671158.2,8,6,64.144
NS67SW_1974,1,1_1,4.65575226903,-9999.0,-9999.0,-9999.0,56.4140014648,211.459885528166,69.9795980334088,260763.94,671162.51,44,24,56.414
NS67SW_1976,1,1_1,5.88543619578,-9999.0,-9999.0,-9999.0,63.6090011597,139.386341229807,49.7623655051901,261006.61,671160.12,20,12,63.609
NS67SW_1977,1,1_1,4.17238696752,-9999.0,-9999.0,-9999.0,64.5070037842,272.658869355509,96.2629543057101,261055.54,671160.38,52,28,64.507
NS67SW_1978,1,1_1,4.37524647592,-9999.0,-9999.0,-9999.0,64.0350036621,171.854274837004,55.6888393364111,261027.47,671156.08,12,8,64.035
NS67SW_1979,1,1_1,5.57454900661,-9999.0,-9999.0,-9999.0,62.1520004272,156.676282494478,61.3428741235365,260952.18,671157.56,36,20,62.152
NS67SW_1982,1,1_1,3.94161880493,-9999.0,-9999.0,-9999.0,53.1870002747,286.304627889247,97.9131670342868,260662.84,671161.25,52,28,53.187
NS67SW_1983,1,1_1,4.74821410284,-9999.0,-9999.0,-9999.0,56.7529983521,669.525782848669,184.083676229379,260846.87,671176.94,112,58,56.753
NS67SW_1984,1,1_1,5.09579254111,-9999.0,-9999.0,-9999.0,65.716003418,198.715613940824,59.8348645576182,261155.63,671156.71,20,12,65.716
NS67SW_1986,1,1_1,5.42465893727,-9999.0,-9999.0,-9999.0,57.5260009766,332.585364873576,122.106051604471,260794.61,671156.25,76,40,57.526
NS67SW_1987,1,1_1,2.26975435824,-9999.0,-9999.0,-9999.0,58.1650009155,21.8953350005597,22.1621133803783,260788.74,671149.61,8,6,58.165
NS67SW_1989,1,1_1,4.3363438162,-9999.0,-9999.0,-9999.0,64.8209991455,172.322714604674,55.7905115797385,261075.04,671151.24,12,8,64.821
NS67SW_1990,1,1_1,5.45034698301,-9999.0,-9999.0,-9999.0,65.2929992676,165.958794437604,56.2638647073458,261096.34,671151.75,20,12,65.293
NS67SW_1992,1,1_1,2.26319196331,-9999.0,-9999.0,-9999.0,58.9099998474,21.0867524985288,21.8202836556034,260809.94,671145.11,8,6,58.91
NS67SW_1993,1,1_1,2.30144507198,-9999.0,-9999.0,-9999.0,66.3030014038,30.0436575006397,22.4753007644072,261142.04,671144.59,12,8,66.303
NS67SW_1994,1,1_1,5.48171369576,-9999.0,-9999.0,-9999.0,60.2465553284,159.549520283507,72.9614380806982,260906.8,671149.75,32,18,60.247
NS67SW_1995,1,1_1,5.10161956119,-9999.0,-9999.0,-9999.0,65.672996521,374.615685072565,132.264642214243,261122.97,671150.18,76,40,65.673
NS67SW_1998,1,1_1,5.74566784905,-9999.0,-9999.0,-9999.0,60.297000885,143.679832396366,53.2383797900703,260838.88,671139.23,28,16,60.297
NS67SW_2001,1,1_1,4.92882215129,-9999.0,-9999.0,-9999.0,65.0530014038,221.240423307826,67.5125431433993,261197.4,671137.61,20,12,65.053
NS67SW_2003,1,1_1,2.44049555461,-9999.0,-9999.0,-9999.0,61.2519989014,61.3828799908815,35.8445505052098,260900.22,671133.45,20,12,61.252
NS67SW_2005,1,1_1,6.22507239863,-9999.0,-9999.0,-9999.0,61.5250015259,102.124974100441,40.4340897843964,260915.83,671133.82,12,8,61.525
NS67SW_2006,1,1_1,5.0019706619,-9999.0,-9999.0,-9999.0,54.5074996948,380.044334514157,140.732110545148,260702.37,671147.66,84,44,54.508
NS67SW_2008,1,1_1,2.92109366024,-9999.0,-9999.0,-9999.0,61.1230010986,48.2874839531749,33.7289437916272,260855.93,671129.27,8,6,61.123
NS67SW_2009,1,1_1,4.77610407052,-9999.0,-9999.0,-9999.0,63.3170013428,113.181299998476,42.892855760275,261216.47,671132.47,16,10,63.317
NS67SW_2010,1,1_1,4.75070912576,-9999.0,-9999.0,-9999.0,63.7569999695,179.523688047711,55.1461511411742,260988.25,671130.22,12,8,63.757
NS67SW_2012,1,1_1,2.96617941548,-9999.0,-9999.0,-9999.0,58.8776664734,38.2956750009428,25.895160106826,260774.95,671125.39,12,8,58.878
NS67SW_2014,1,1_1,6.27145574861,-9999.0,-9999.0,-9999.0,64.3720016479,118.22190796207,43.9034142644416,261024.77,671125.26,12,8,64.372
NS67SW_2015,1,1_1,4.73518221419,-9999.0,-9999.0,-9999.0,62.891998291,105.84907499838,44.420757849511,261228.79,671125.72,24,14,62.892
NS67SW_2016,1,1_1,4.71879924427,-9999.0,-9999.0,-9999.0,64.1259994507,217.556400636038,59.9433137638955,261008.5,671126.55,20,12,64.126
NS67SW_2017,1,1_1,6.14876629057,-9999.0,-9999.0,-9999.0,62.9720001221,68.9603698079919,33.3967638484847,260920.52,671121.77,12,8,62.972
NS67SW_2018,1,1_1,5.93248000456,-9999.0,-9999.0,-9999.0,64.8990020752,135.061166167229,49.2644451625377,261042.11,671123.27,20,12,64.899
NS67SW_2021,1,1_1,3.90859222855,-9999.0,-9999.0,-9999.0,63.5680007935,224.097152464595,87.7139245919828,260961.84,671124.09,52,28,63.568
NS67SW_2024,1,1_1,2.28592655577,-9999.0,-9999.0,-9999.0,64.1259994507,24.5648849963069,22.807069704301,260996.85,671116.12,8,6,64.126
NS67SW_2025,1,1_1,5.12128301477,-9999.0,-9999.0,-9999.0,54.1069984436,342.180617484462,120.624511180362,260664.34,671130.53,60,32,54.107
NS67SW_2026,1,1_1,3.64789878613,-9999.0,-9999.0,-9999.0,65.4349975586,200.106008387997,63.87340935618,261060.99,671120.1,36,20,65.435
NS67SW_2027,1,1_1,5.75292758686,-9999.0,-9999.0,-9999.0,66.0220031738,135.461333581799,48.9899519619482,261100.54,671117.77,20,12,66.022
NS67SW_2028,1,1_1,1.89558554103,-9999.0,-9999.0,-9999.0,61.6259994507,31.74520125388,23.8093514249453,260851.42,671114.06,12,8,61.626
NS67SW_2029,1,1_1,3.53738658623,-9999.0,-9999.0,-9999.0,65.672996521,198.32015511804,62.7824739690227,261081.52,671118.36,36,20,65.673
NS67SW_2030,1,1_1,2.97986425535,-9999.0,-9999.0,-9999.0,57.3025436401,28.6925437517047,25.3425994046616,260709.05,671112.75,8,6,57.303
NS67SW_2031,1,1_1,5.74162869929,-9999.0,-9999.0,-9999.0,55.7980003357,150.580087168641,52.3023455754194,260698.75,671117.46,20,12,55.798
NS67SW_2032,1,1_1,5.44749163199,-9999.0,-9999.0,-9999.0,56.6730003357,198.698365631069,79.239336126414,260720.63,671117.39,44,24,56.673
NS67SW_2035,1,1_1,4.79980175994,-9999.0,-9999.0,-9999.0,58.3961448669,101.874611610975,45.5561361090164,260735.38,671113.39,32,18,58.396
NS67SW_2036,1,1_1,5.247636025,-9999.0,-9999.0,-9999.0,66.1900024414,172.893752571536,56.2284492315029,261117.76,671114.87,36,20,66.19
NS67SW_2037,1,1_1,5.3161450028,-9999.0,-9999.0,-9999.0,59.4469985962,379.883052873443,135.827994654326,260804.41,671123.44,112,58,59.447
NS67SW_2038,1,1_1,2.28338829676,-9999.0,-9999.0,-9999.0,65.641494751,26.7276224928603,22.4984491986083,261070.09,671108.89,12,8,65.641
NS67SW_2039,1,1_1,4.5088304867,-9999.0,-9999.0,-9999.0,60.8689994812,299.859791243087,84.1673582997984,261245.76,671119.27,40,22,60.869
NS67SW_2040,1,1_1,4.46178956914,-9999.0,-9999.0,-9999.0,58.6119995117,359.873426226189,98.4251574945909,260757.46,671114.49,36,20,58.612
NS67SW_2042,1,1_1,4.8367580794,-9999.0,-9999.0,-9999.0,59.672000885,230.343744535023,68.5803677400743,260785.49,671113.93,28,16,59.672
NS67SW_2043,1,1_1,5.41295979299,-9999.0,-9999.0,-9999.0,66.2750015259,153.216941126357,51.2193151341971,261134.95,671113.21,20,12,66.275
NS67SW_2044,1,1_1,5.15999987843,-9999.0,-9999.0,-9999.0,65.9160003662,162.491522095198,54.6470554851417,261169.51,671110.85,20,12,65.916
NS67SW_2045,1,1_1,2.53107482117,-9999.0,-9999.0,-9999.0,65.9020004272,23.8696312503889,23.9781118324217,261093.58,671108.29,8,6,65.902
NS67SW_2047,1,1_1,5.66732494971,-9999.0,-9999.0,-9999.0,66.2149963379,138.089735612816,49.6444189329252,261152.03,671110.38,20,12,66.215
NS67SW_2051,1,1_1,5.37390075483,-9999.0,-9999.0,-9999.0,60.9189987183,290.952858357116,95.6420820733906,260840.96,671113.05,44,24,60.919
NS67SW_2052,1,1_1,2.67349203763,-9999.0,-9999.0,-9999.0,66.2429962158,56.5959221979118,30.1661896862035,261142.08,671101.57,12,8,66.243
NS67SW_2054,1,1_1,2.44208353216,-9999.0,-9999.0,-9999.0,66.216003418,26.129872499468,24.2744969930492,261158.56,671100.0,8,6,66.216
NS67SW_2061,1,1_1,4.22661656749,-9999.0,-9999.0,-9999.0,63.8520011902,176.670491452943,56.5501389880809,260958.59,671098.61,12,8,63.852
NS67SW_2063,1,1_1,2.23559134347,-9999.0,-9999.0,-9999.0,65.0550003052,26.0718337477323,23.5531461395734,261025.64,671090.81,8,6,65.055
NS67SW_2066,1,1_1,4.11654006354,-9999.0,-9999.0,-9999.0,64.2610015869,510.357895647261,143.42923273461,261203.98,671098.84,92,46,64.261
NS67SW_2071,1,1_1,2.21908963416,-9999.0,-9999.0,-9999.0,64.0120010376,64.8159579526632,34.309820721775,260973.37,671086.31,12,8,64.012
NS67SW_2072,1,1_1,3.13691824075,-9999.0,-9999.0,-9999.0,62.8180007935,37.2139987551552,24.4592773097772,261232.08,671086.12,12,8,62.818
NS67SW_2074,1,1_1,6.44513029118,-9999.0,-9999.0,-9999.0,61.1930007935,123.554638742756,44.9373100302298,260780.1,671080.8,12,8,61.193
NS67SW_2075,1,1_1,6.39960671944,-9999.0,-9999.0,-9999.0,55.7869987488,133.197716520971,50.4141735609465,260645.7,671081.4,20,12,55.787
NS67SW_2076,1,1_1,2.31650483375,-9999.0,-9999.0,-9999.0,64.4120025635,39.1820486644567,27.5550613800688,261216.93,671079.75,12,8,64.412
NS67SW_2078,1,1_1,5.17483589289,-9999.0,-9999.0,-9999.0,57.5900001526,193.124860777847,70.1430990955668,260701.31,671081.76,44,24,57.59
NS67SW_2079,1,1_1,5.91481585765,-9999.0,-9999.0,-9999.0,62.2770004272,65.4884531108504,32.4980406211767,260837.18,671077.86,12,8,62.277
NS67SW_2080,1,1_1,5.24105285386,-9999.0,-9999.0,-9999.0,56.2579994202,379.339413433329,104.843967261829,260673.89,671080.73,44,24,56.258
NS67SW_2082,1,1_1,5.08657513618,-9999.0,-9999.0,-9999.0,62.6899986267,106.344056724381,41.3650922541454,260867.04,671076.17,12,8,62.69
NS67SW_2083,1,1_1,2.35037367906,-9999.0,-9999.0,-9999.0,64.5100021362,32.352251249901,23.3926005930974,260988.01,671075.14,12,8,64.51
NS67SW_2085,1,1_1,5.50819946241,-9999.0,-9999.0,-9999.0,59.2060012817,163.754520395599,57.5586891532368,260722.03,671078.33,28,16,59.206
NS67SW_2086,1,1_1,4.63059243028,-9999.0,-9999.0,-9999.0,62.5750007629,128.011099954579,53.763491466826,260852.49,671077.17,28,16,62.575
NS67SW_2087,1,1_1,2.48123596486,-9999.0,-9999.0,-9999.0,65.0439987183,54.6990899866053,29.6149198245606,261075.09,671073.0,12,8,65.044
NS67SW_2088,1,1_1,5.29145265098,-9999.0,-9999.0,-9999.0,61.0629997253,183.724010381232,64.4581623081641,260758.83,671077.34,40,22,61.063
NS67SW_2089,1,1_1,5.07852796656,-9999.0,-9999.0,-9999.0,62.9292488098,114.981123751961,42.0328955742505,260883.42,671073.82,28,16,62.929
NS67SW_2091,1,1_1,5.22766872271,-9999.0,-9999.0,-9999.0,61.1839981079,179.674072035529,79.498593111761,260799.57,671076.84,68,36,61.184
NS67SW_2092,1,1_1,5.95443027872,-9999.0,-9999.0,-9999.0,55.3969993591,146.589387740517,51.9501286454996,260626.82,671074.75,20,12,55.397
NS67SW_2093,1,1_1,2.33158565907,-9999.0,-9999.0,-9999.0,64.9189987183,25.5325724989149,23.264684723743,261056.32,671069.36,8,6,64.919
NS67SW_2094,1,1_1,2.39871111021,-9999.0,-9999.0,-9999.0,59.7610015869,26.3186550007351,23.8237293176689,260724.87,671068.35,8,6,59.761
NS67SW_2095,1,1_1,5.71171841064,-9999.0,-9999.0,-9999.0,61.3450012207,157.850365550949,55.7985239236711,261246.39,671075.58,28,16,61.345
NS67SW_2097,1,1_1,3.79490636579,-9999.0,-9999.0,-9999.0,63.7210006714,236.875243655665,65.8285822389046,260961.93,671073.58,28,16,63.721
NS67SW_2098,1,1_1,2.21296744772,-9999.0,-9999.0,-9999.0,64.733001709,54.9978374955317,41.3577878562201,261163.69,671069.06,24,14,64.733
NS67SW_2100,1,1_1,4.20748352178,-9999.0,-9999.0,-9999.0,64.2409973145,186.932594456329,62.0366683769796,261000.2,671069.12,20,12,64.241
NS67SW_2101,1,1_1,4.40500997231,-9999.0,-9999.0,-9999.0,64.2300033569,447.951420969758,132.01528378095,261034.58,671067.38,72,38,64.23
NS67SW_2102,1,1_1,5.7012614469,-9999.0,-9999.0,-9999.0,64.9489974976,153.149421497796,53.2001405210666,261065.52,671062.5,36,20,64.949
NS67SW_2104,1,1_1,6.23973864247,-9999.0,-9999.0,-9999.0,64.9359970093,130.455486619765,46.3005383287276,261083.58,671059.87,12,8,64.936
NS67SW_2105,1,1_1,4.02614830699,-9999.0,-9999.0,-9999.0,64.8560028076,211.79463589475,71.1925041400056,261104.37,671061.97,36,20,64.856
NS67SW_2108,1,1_1,3.81140293431,-9999.0,-9999.0,-9999.0,64.8870010376,244.609153615666,85.7187110389032,261133.22,671061.91,48,26,64.887
NS67SW_2109,1,1_1,5.54229005178,-9999.0,-9999.0,-9999.0,64.7890014648,170.85728150241,52.556292153647,261151.34,671057.72,16,10,64.789
NS67SW_2115,1,1_1,4.6386802094,-9999.0,-9999.0,-9999.0,62.2490005493,185.311670997575,56.0064752359138,261236.25,671057.01,12,8,62.249
NS67SW_2117,1,1_1,5.72203851125,-9999.0,-9999.0,-9999.0,64.2689971924,178.42540414467,57.7773181754429,261171.66,671051.5,28,16,64.269
NS67SW_2118,1,1_1,5.33897287648,-9999.0,-9999.0,-9999.0,62.2130012512,200.567955577262,61.5624624709968,260804.03,671053.49,24,14,62.213
NS67SW_2121,1,1_1,5.10441264638,-9999.0,-9999.0,-9999.0,61.5299987793,166.826729050448,73.3262228032137,260753.21,671052.98,24,14,61.53
NS67SW_2123,1,1_1,4.68941452058,-9999.0,-9999.0,-9999.0,59.1160011292,378.46559721384,109.631951426309,260667.88,671047.58,60,32,59.116
NS67SW_2126,1,1_1,5.62532636719,-9999.0,-9999.0,-9999.0,64.108001709,161.623572933019,54.4931213241413,261187.99,671043.44,20,12,64.108
NS67SW_2127,1,1_1,3.86767450096,-9999.0,-9999.0,-9999.0,62.7070007324,562.573186813358,101.08962061373,260855.05,671044.8,12,8,62.707
NS67SW_2129,1,1_1,4.67276712129,-9999.0,-9999.0,-9999.0,64.4840011597,215.052252648383,66.438580795811,260936.87,671038.28,20,12,64.484
NS67SW_2130,1,1_1,2.46888483488,-9999.0,-9999.0,-9999.0,64.1340026855,41.0953462497663,25.9714743175093,261202.83,671035.24,12,8,64.134
NS67SW_2132,1,1_1,4.70318980476,-9999.0,-9999.0,-9999.0,63.7820014954,110.352356951132,45.1308900280278,260754.56,671036.55,20,12,63.782
NS67SW_2134,1,1_1,5.18856288044,-9999.0,-9999.0,-9999.0,57.4650001526,278.066661877208,87.7900092424962,260633.79,671038.44,52,28,57.465
NS67SW_2135,1,1_1,3.67694254013,-9999.0,-9999.0,-9999.0,64.7379989624,196.255683472282,57.7831898351838,260960.73,671035.52,20,12,64.738
NS67SW_2137,1,1_1,5.59975890856,-9999.0,-9999.0,-9999.0,61.3330001831,76.9129662726621,36.5555546860775,260684.56,671032.75,20,12,61.333
NS67SW_2138,1,1_1,5.66375751598,-9999.0,-9999.0,-9999.0,64.7539978027,145.90574969628,50.8722508110915,260979.9,671034.23,20,12,64.754
NS67SW_2143,1,1_1,4.88085380353,-9999.0,-9999.0,-9999.0,59.8569984436,496.930001188494,128.550587043292,260721.21,671045.07,52,28,59.857
NS67SW_2146,1,1_1,3.67063509257,-9999.0,-9999.0,-9999.0,64.7730026245,190.663031015349,60.9784872933382,261039.07,671028.9,36,20,64.773
NS67SW_2147,1,1_1,5.24755632837,-9999.0,-9999.0,-9999.0,64.861000061,78.1230392761298,35.4824104239923,260752.09,671025.67,12,8,64.861
NS67SW_2150,1,1_1,2.06777308537,-9999.0,-9999.0,-9999.0,65.5155029297,24.0063337521459,23.0312267287129,260969.85,671023.2,8,6,65.516
NS67SW_2151,1,1_1,4.42979016046,-9999.0,-9999.0,-9999.0,64.7829971313,390.738400437667,120.3306307947,261008.49,671028.95,68,36,64.783
NS67SW_2152,1,1_1,3.38641217639,-9999.0,-9999.0,-9999.0,63.1357154846,373.982508144363,111.419519988443,261220.25,671035.95,68,36,63.136
NS67SW_2153,1,1_1,2.52992936255,-9999.0,-9999.0,-9999.0,66.4250030518,20.8333799932983,22.2976854174082,260884.37,671021.81,8,6,66.425
NS67SW_2154,1,1_1,4.14891322691,-9999.0,-9999.0,-9999.0,64.3008575439,278.101444201694,79.1672123406717,260802.49,671030.61,28,16,64.301
NS67SW_2155,1,1_1,3.63756061736,-9999.0,-9999.0,-9999.0,64.9980010986,222.441969288065,60.04941361866,261059.46,671026.47,16,10,64.998
NS67SW_2156,1,1_1,3.6309449439,-9999.0,-9999.0,-9999.0,64.9919967651,199.556573544546,58.9406161407392,261081.2,671025.8,20,12,64.992
NS67SW_2158,1,1_1,5.49438924375,-9999.0,-9999.0,-9999.0,61.8709983826,85.2450538228629,37.7259585229462,260686.14,671021.32,12,8,61.871
NS67SW_2160,1,1_1,2.28960673014,-9999.0,-9999.0,-9999.0,66.1439971924,21.0380662465778,21.9462671491909,260763.06,671018.14,8,6,66.144
NS67SW_2161,1,1_1,3.69983747894,-9999.0,-9999.0,-9999.0,64.8690032959,188.44872533935,60.0075929942615,261125.96,671023.19,28,16,64.869
NS67SW_2163,1,1_1,1.9743107087,-9999.0,-9999.0,-9999.0,65.0419998169,31.5499935815201,25.3152413437028,261028.15,671019.19,12,8,65.042
NS67SW_2165,1,1_1,3.71401466444,-9999.0,-9999.0,-9999.0,64.5,188.648337825509,61.3327728363151,261147.85,671021.26,36,20,64.5
NS67SW_2169,1,1_1,3.74948248612,-9999.0,-9999.0,-9999.0,64.9430007935,243.873948557319,79.395431110418,261104.68,671020.87,36,20,64.943
NS67SW_2170,1,1_1,2.57214997454,-9999.0,-9999.0,-9999.0,65.5410003662,25.6430100027854,23.346394424117,261050.63,671013.07,8,6,65.541
NS67SW_2171,1,1_1,2.60442826438,-9999.0,-9999.0,-9999.0,64.5500030518,45.3056134788091,29.1582479261855,261135.55,671013.55,20,12,64.55
NS67SW_2172,1,1_1,2.21846620163,-9999.0,-9999.0,-9999.0,65.2679977417,26.6501325044961,22.9579294455795,261088.56,671012.55,12,8,65.268
NS67SW_2173,1,1_1,2.14867924871,-9999.0,-9999.0,-9999.0,65.233001709,49.3667549954885,28.5074522826531,261069.87,671012.77,12,8,65.233
NS67SW_2176,1,1_1,2.00035355731,-9999.0,-9999.0,-9999.0,64.2320022583,23.8112399957763,22.7576990343666,261156.28,671009.62,8,6,64.232
NS67SW_2181,1,1_1,4.65226025673,-9999.0,-9999.0,-9999.0,63.9029998779,226.710791260858,72.3703232041197,261168.96,671015.61,44,24,63.903
NS67SW_2183,1,1_1,6.27881076484,-9999.0,-9999.0,-9999.0,65.8939971924,128.631167278235,48.1715875995187,260753.54,671012.12,20,12,65.894
NS67SW_2184,1,1_1,3.86394140172,-9999.0,-9999.0,-9999.0,64.2638549805,224.150420634655,72.7781552262243,260717.69,671013.73,28,16,64.264
NS67SW_2185,1,1_1,4.11866856298,-9999.0,-9999.0,-9999.0,66.6330032349,148.555182469609,49.983803294338,260802.33,671010.39,20,12,66.633
NS67SW_2186,1,1_1,4.44349785104,-9999.0,-9999.0,-9999.0,61.9650001526,199.750416377669,58.2021316497106,261247.57,671014.7,16,10,61.965
NS67SW_2187,1,1_1,3.89890025112,-9999.0,-9999.0,-9999.0,65.4960021973,238.194570212247,77.6806487727844,260925.3,671017.53,44,24,65.496
NS67SW_2190,1,1_1,4.39170377822,-9999.0,-9999.0,-9999.0,66.4749984741,217.858982587951,69.7518615096795,260890.96,671011.71,28,16,66.475
NS67SW_2195,1,1_1,5.13671098474,-9999.0,-9999.0,-9999.0,61.3940010071,99.2639993294112,41.1974102408401,260663.69,671006.17,12,8,61.394
NS67SW_2196,1,1_1,4.56516347672,-9999.0,-9999.0,-9999.0,62.1100006104,116.608848153361,44.8684405185271,260677.59,671006.64,20,12,62.11
NS67SW_2197,1,1_1,2.29757882643,-9999.0,-9999.0,-9999.0,66.5360031128,66.5724749998836,32.8943082330714,260983.21,671004.3,16,10,66.536
NS67SW_2202,1,1_1,6.37880816689,-9999.0,-9999.0,-9999.0,59.1319999695,125.639942943575,45.6614685138808,260643.52,671006.08,20,12,59.132
NS67SW_2205,1,1_1,2.67642175234,-9999.0,-9999.0,-9999.0,66.4774017334,82.6469383581467,44.3683868938829,260878.64,671000.55,20,12,66.477
NS67SW_2210,1,1_1,2.5254379095,-9999.0,-9999.0,-9999.0,59.0209999084,34.4504549924957,25.2867085143138,260646.11,670993.84,12,8,59.021
NS67SW_2212,1,1_1,6.51513080938,-9999.0,-9999.0,-9999.0,65.7620010376,116.856916021915,43.5361086445541,260752.8,670994.4,12,8,65.762
NS67SW_2214,1,1_1,3.74477982955,-9999.0,-9999.0,-9999.0,62.3479995728,187.906756457573,59.3982481805096,261199.22,670995.99,28,16,62.348
NS67SW_2215,1,1_1,5.0548971099,-9999.0,-9999.0,-9999.0,62.125,178.884797275331,55.584762599359,261235.75,670995.69,12,8,62.125
NS67SW_2218,1,1_1,2.41178533009,-9999.0,-9999.0,-9999.0,64.0110015869,28.199103755389,21.9729710648874,261039.78,670988.81,12,8,64.011
NS67SW_2220,1,1_1,4.11028054721,-9999.0,-9999.0,-9999.0,64.7269973755,188.488882094364,59.3728168150426,260720.39,670991.95,20,12,64.727
NS67SW_2221,1,1_1,4.1552855393,-9999.0,-9999.0,-9999.0,66.0559997559,135.386314422957,49.0017251865372,260804.83,670990.18,20,12,66.056
NS67SW_2225,1,1_1,3.45915697677,-9999.0,-9999.0,-9999.0,66.3450012207,378.543987032932,109.53231063352,260845.37,670999.66,60,32,66.345
NS67SW_2226,1,1_1,2.23451168216,-9999.0,-9999.0,-9999.0,63.0600013733,44.6902987509193,27.1738419418508,261174.06,670986.79,12,8,63.06
NS67SW_2231,1,1_1,2.32008984624,-9999.0,-9999.0,-9999.0,65.7010040283,51.4554349025621,28.7499649893587,260792.94,670981.46,12,8,65.701
NS67SW_2232,1,1_1,2.26039133708,-9999.0,-9999.0,-9999.0,66.0400009155,64.5006665898515,33.5399772176746,260856.79,670981.99,20,12,66.04
NS67SW_2236,1,1_1,6.29890633653,-9999.0,-9999.0,-9999.0,58.6450004578,146.43436754762,48.9852674850569,260650.27,670983.17,12,8,58.645
NS67SW_2237,1,1_1,2.01773082779,-9999.0,-9999.0,-9999.0,59.7946662903,42.9753374928482,26.5095258198129,260662.69,670978.99,12,8,59.795
NS67SW_2238,1,1_1,3.76424878967,-9999.0,-9999.0,-9999.0,63.3720016479,214.795878155411,62.9953135657637,261076.0,670982.21,20,12,63.372
NS67SW_2240,1,1_1,3.76818506577,-9999.0,-9999.0,-9999.0,65.5660018921,285.127215162981,107.306049547229,260886.39,670985.86,68,36,65.566
NS67SW_2244,1,1_1,3.58214489382,-9999.0,-9999.0,-9999.0,63.408000946,207.243069681052,71.7916133982797,261055.88,670980.72,44,24,63.408
NS67SW_2245,1,1_1,2.11867366299,-9999.0,-9999.0,-9999.0,63.3769989014,65.5565475114146,42.5175312846319,261135.78,670977.45,28,16,63.377
NS67SW_2249,1,1_1,5.13743669405,-9999.0,-9999.0,-9999.0,65.2139968872,208.24924699779,70.861472527171,260755.98,670980.13,28,16,65.214
NS67SW_2250,1,1_1,3.47525840677,-9999.0,-9999.0,-9999.0,63.2270011902,266.385649019982,101.969769246369,261099.01,670982.12,60,32,63.227
NS67SW_2253,1,1_1,3.81197907592,-9999.0,-9999.0,-9999.0,63.9580001831,182.213943272005,56.2631061332617,261033.31,670976.37,20,12,63.958
NS67SW_2254,1,1_1,3.64500111185,-9999.0,-9999.0,-9999.0,62.4930000305,207.973601332872,64.2052979050435,261187.02,670979.2,36,20,62.493
NS67SW_2259,1,1_1,3.95151513391,-9999.0,-9999.0,-9999.0,65.4940032959,122.106154213442,44.2140007628737,260845.88,670971.82,12,8,65.494
NS67SW_2262,1,1_1,4.17896696833,-9999.0,-9999.0,-9999.0,62.3170013428,214.590856938017,75.3909722421515,261225.8,670975.49,52,28,62.317
NS67SW_2265,1,1_1,3.675420786,-9999.0,-9999.0,-9999.0,64.3280029297,221.324444109783,71.8069708574446,260719.73,670971.55,36,20,64.328
NS67SW_2267,1,1_1,4.00278371089,-9999.0,-9999.0,-9999.0,63.0880012512,228.030062501042,80.2227457333211,261120.64,670973.52,36,20,63.088
NS67SW_2272,1,1_1,4.08587718126,-9999.0,-9999.0,-9999.0,64.2070007324,209.666657347082,63.5729053137308,261010.96,670967.81,20,12,64.207
NS67SW_2274,1,1_1,4.63737650244,-9999.0,-9999.0,-9999.0,65.4309997559,201.593344192301,61.2690203739284,260892.92,670967.4,20,12,65.431
NS67SW_2275,1,1_1,2.20805931091,-9999.0,-9999.0,-9999.0,64.5029983521,20.5960349977939,20.0858030756593,260977.3,670960.57,12,8,64.503
NS67SW_2278,1,1_1,3.11124498704,-9999.0,-9999.0,-9999.0,65.3529968262,52.4358412434402,29.5882873332892,260865.64,670960.09,12,8,65.353
NS67SW_2284,1,1_1,2.55503575489,-9999.0,-9999.0,-9999.0,65.0289993286,26.9258775009558,21.2598261150611,260883.59,670957.16,12,8,65.029
NS67SW_2285,1,1_1,4.06209558115,-9999.0,-9999.0,-9999.0,64.9270019531,480.779268039634,163.294999235434,260931.23,670976.52,76,40,64.927
NS67SW_2290,1,1_1,5.89181786507,-9999.0,-9999.0,-9999.0,64.7040023804,148.504360811362,65.0768474976791,260758.64,670960.77,28,16,64.704
NS67SW_2292,1,1_1,5.80739743987,-9999.0,-9999.0,-9999.0,64.2490005493,132.865498690945,46.2932745239673,260992.28,670958.25,12,8,64.249
NS67SW_2293,1,1_1,2.69101192444,-9999.0,-9999.0,-9999.0,63.7272491455,33.5280599984964,23.7586112146715,261152.73,670955.85,12,8,63.727
NS67SW_2295,1,1_1,4.87454431116,-9999.0,-9999.0,-9999.0,63.2820014954,198.659258462412,59.7097753744478,261141.21,670960.6,28,16,63.282
NS67SW_2297,1,1_1,2.60077485944,-9999.0,-9999.0,-9999.0,64.5869979858,26.3347350037757,21.4897204606844,260764.99,670952.77,12,8,64.587
NS67SW_2305,1,1_1,2.30612793947,-9999.0,-9999.0,-9999.0,58.4350013733,23.5159424939874,23.0605729768274,260676.79,670947.64,8,6,58.435
NS67SW_2306,1,1_1,4.53232313296,-9999.0,-9999.0,-9999.0,63.2299995422,225.099332635043,77.31983396052,261213.86,670955.61,60,32,63.23
NS67SW_2309,1,1_1,4.62943974433,-9999.0,-9999.0,-9999.0,56.78099823,137.294903427951,48.2312772423091,260627.23,670950.13,20,12,56.781
NS67SW_2310,1,1_1,4.3139990663,-9999.0,-9999.0,-9999.0,64.8529968262,458.134298924953,145.396727897915,260805.36,670961.96,56,30,64.853
NS67SW_2311,1,1_1,3.73132909787,-9999.0,-9999.0,-9999.0,63.6300010681,204.090829082462,61.4215257368419,260721.92,670950.93,28,16,63.63
NS67SW_2314,1,1_1,5.65348711685,-9999.0,-9999.0,-9999.0,57.7999992371,367.446977938811,128.244258115537,260662.84,670958.41,76,40,57.8
NS67SW_2315,1,1_1,4.08185629649,-9999.0,-9999.0,-9999.0,64.9820022583,222.787962274631,59.7428183094564,260849.08,670950.45,12,8,64.982
NS67SW_2316,1,1_1,5.96822034396,-9999.0,-9999.0,-9999.0,62.827999115,128.716795150236,49.2538755425186,261058.33,670947.94,20,12,62.828
NS67SW_2319,1,1_1,6.19590401496,-9999.0,-9999.0,-9999.0,64.1129989624,117.829449083608,43.8789583094085,260977.52,670948.14,12,8,64.113
NS67SW_2320,1,1_1,4.56287038139,-9999.0,-9999.0,-9999.0,62.7120018005,226.125918465747,63.0140653952247,261077.4,670948.13,12,8,62.712
NS67SW_2321,1,1_1,2.50493663226,-9999.0,-9999.0,-9999.0,64.65599823,34.245975000551,23.5649257426863,260795.78,670942.2,12,8,64.656
NS67SW_2323,1,1_1,6.01558550041,-9999.0,-9999.0,-9999.0,63.4399986267,128.673438234759,48.5037281654999,261040.7,670946.33,20,12,63.44
NS67SW_2326,1,1_1,2.86400494333,-9999.0,-9999.0,-9999.0,64.875,31.4984100059814,23.0085015626184,260866.16,670940.17,12,8,64.875
NS67SW_2328,1,1_1,3.83632647713,-9999.0,-9999.0,-9999.0,64.6959991455,212.02678831903,62.5202378873342,260892.93,670945.67,20,12,64.696
NS67SW_2329,1,1_1,3.93231329247,-9999.0,-9999.0,-9999.0,63.4980010986,400.84640557488,125.271524499266,261171.14,670952.95,72,38,63.498
NS67SW_2334,1,1_1,3.93255272584,-9999.0,-9999.0,-9999.0,63.0569992065,194.250123442581,62.1052432586888,261100.96,670942.92,44,24,63.057
NS67SW_2338,1,1_1,2.74183591955,-9999.0,-9999.0,-9999.0,65.2799987793,21.8530349985281,18.9814638562024,261234.01,670937.44,12,8,65.28
NS67SW_2340,1,1_1,2.31279180564,-9999.0,-9999.0,-9999.0,63.0830001831,52.6434299959658,29.1051911231281,261050.87,670936.91,12,8,63.083
NS67SW_2343,1,1_1,2.28686273878,-9999.0,-9999.0,-9999.0,64.2590026855,30.6995550000741,29.6769359516477,260947.92,670936.2,16,10,64.259
NS67SW_2348,1,1_1,2.29629011344,-9999.0,-9999.0,-9999.0,64.6399993896,40.925752693379,28.3323218844127,260886.49,670933.75,28,16,64.64
NS67SW_2352,1,1_1,4.15823539765,-9999.0,-9999.0,-9999.0,64.2139968872,191.865889235082,61.9527208270793,260928.66,670939.99,28,16,64.214
NS67SW_2354,1,1_1,5.0520362724,-9999.0,-9999.0,-9999.0,63.4799995422,227.072462415747,82.4563776824681,261027.29,670938.25,56,30,63.48
NS67SW_2355,1,1_1,4.61489263122,-9999.0,-9999.0,-9999.0,63.9720001221,216.082361434967,84.5565099714669,260962.92,670940.55,48,26,63.972
NS67SW_2359,1,1_1,5.30745084336,-9999.0,-9999.0,-9999.0,63.7400016785,134.696478339532,55.1984915410979,261009.0,670933.26,36,20,63.74
NS67SW_2360,1,1_1,2.34695256899,-9999.0,-9999.0,-9999.0,63.3300018311,39.6921562524701,25.7084729815863,261105.97,670929.64,12,8,63.33
NS67SW_2361,1,1_1,2.47139365585,-9999.0,-9999.0,-9999.0,64.0319976807,28.1728724985006,22.0544119426262,261133.09,670929.9,12,8,64.032
NS67SW_2363,1,1_1,2.16915125847,-9999.0,-9999.0,-9999.0,63.4199981689,23.1780374963603,22.2781106574912,261067.02,670928.32,8,6,63.42
NS67SW_2366,1,1_1,4.06363613584,-9999.0,-9999.0,-9999.0,64.6719970703,140.828244824054,50.8757634668841,260806.68,670930.5,20,12,64.672
NS67SW_2367,1,1_1,3.67778962523,-9999.0,-9999.0,-9999.0,63.8040008545,191.018704996749,67.9815048330616,261120.98,670934.45,44,24,63.804
NS67SW_2372,1,1_1,3.94647025542,-9999.0,-9999.0,-9999.0,64.9240036011,189.279839441198,56.7451272440812,260849.66,670931.09,20,12,64.924
NS67SW_2373,1,1_1,2.86068327814,-9999.0,-9999.0,-9999.0,65.6660003662,31.5667687513051,24.0162110540127,261247.3,670925.44,12,8,65.666
NS67SW_2374,1,1_1,2.15560994106,-9999.0,-9999.0,-9999.0,64.9300003052,30.1893375009772,22.1338773141981,260875.02,670925.14,12,8,64.93
NS67SW_2378,1,1_1,2.17333231344,-9999.0,-9999.0,-9999.0,64.6689987183,21.9409199997344,22.438036839401,260797.19,670922.25,8,6,64.669
NS67SW_2385,1,1_1,6.17858338556,-9999.0,-9999.0,-9999.0,64.0029983521,120.127450113307,44.2620262211143,260952.03,670922.74,12,8,64.003
NS67SW_2389,1,1_1,4.411432158,-9999.0,-9999.0,-9999.0,64.4169998169,205.048627452764,73.9837896786284,260894.55,670921.28,36,20,64.417
NS67SW_2394,1,1_1,5.12596071165,-9999.0,-9999.0,-9999.0,57.2389984131,398.350917300918,128.64071255564,260672.84,670926.47,64,34,57.239
NS67SW_2396,1,1_1,5.07733842315,-9999.0,-9999.0,-9999.0,63.7939987183,175.284710700113,71.3215769824882,260992.77,670918.65,48,26,63.794
NS67SW_2400,1,1_1,2.60381730695,-9999.0,-9999.0,-9999.0,65.5240020752,28.3387049993162,22.1548640877424,261137.04,670908.79,12,8,65.524
NS67SW_2404,1,1_1,5.58272777577,-9999.0,-9999.0,-9999.0,63.7579994202,151.172154505581,54.866696298888,260934.41,670909.66,36,20,63.758
NS67SW_2406,1,1_1,5.12343757196,-9999.0,-9999.0,-9999.0,64.7900009155,192.845224789353,56.795576829243,260807.31,670911.11,24,14,64.79
NS67SW_2409,1,1_1,4.20856693813,-9999.0,-9999.0,-9999.0,65.3491668701,198.09955499737,58.1257545152297,261150.5,670912.01,16,10,65.349
NS67SW_2411,1,1_1,3.96550050342,-9999.0,-9999.0,-9999.0,64.7170028687,262.036423782471,73.7613225804765,260852.25,670912.12,36,20,64.717
NS67SW_2414,1,1_1,5.07205410728,-9999.0,-9999.0,-9999.0,63.8009986877,571.105155103174,145.413884134395,260758.53,670925.02,76,40,63.801
NS67SW_2417,1,1_1,2.9874658352,-9999.0,-9999.0,-9999.0,64.3939971924,56.6739674556489,30.1738735543279,260788.4,670903.35,12,8,64.394
NS67SW_2418,1,1_1,4.74010537462,-9999.0,-9999.0,-9999.0,62.46900177,540.935887483709,113.725802617457,260723.38,670919.99,44,24,62.469
NS67SW_2424,1,1_1,4.56399557047,-9999.0,-9999.0,-9999.0,63.6189994812,234.699933402833,64.6454582375433,260980.96,670907.63,28,16,63.619
NS67SW_2426,1,1_1,2.86053718118,-9999.0,-9999.0,-9999.0,64.6770019531,66.9142550226379,34.5445181159752,260869.2,670900.22,20,12,64.677
NS67SW_2436,1,1_1,4.33733577154,-9999.0,-9999.0,-9999.0,63.9990005493,236.200594289107,84.1762476451948,260898.89,670900.84,52,28,63.999
NS67SW_2439,1,1_1,4.33155736103,-9999.0,-9999.0,-9999.0,57.091999054,285.165488675302,100.360797207385,260687.5,670903.44,60,32,57.092
NS67SW_2442,1,1_1,2.5105081038,-9999.0,-9999.0,-9999.0,66.0950012207,30.3715124996164,24.2513763462296,261112.87,670891.31,12,8,66.095
NS67SW_2444,1,1_1,4.63337804219,-9999.0,-9999.0,-9999.0,61.3129997253,129.589887104154,47.6893201137553,260727.59,670893.13,20,12,61.313
NS67SW_2445,1,1_1,2.13633121588,-9999.0,-9999.0,-9999.0,66.077003479,22.9183237484719,23.603858341259,261126.14,670888.84,8,6,66.077
NS67SW_2446,1,1_1,4.04577019597,-9999.0,-9999.0,-9999.0,64.4780044556,152.416181535843,49.4807974727707,260809.43,670891.78,12,8,64.478
NS67SW_2448,1,1_1,4.7779013089,-9999.0,-9999.0,-9999.0,56.8050003052,711.758908210539,248.349076115785,260642.59,670915.13,156,80,56.805
NS67SW_2449,1,1_1,2.15068858944,-9999.0,-9999.0,-9999.0,64.1100006104,20.1806662566439,25.8026978483817,260898.06,670887.0,16,10,64.11
NS67SW_2450,1,1_1,4.02767081282,-9999.0,-9999.0,-9999.0,65.25,573.74056923403,184.383242647013,261187.97,670906.0,92,48,65.25
NS67SW_2452,1,1_1,5.87836567672,-9999.0,-9999.0,-9999.0,63.2989997864,145.643911651852,51.4419414648699,260761.87,670890.03,20,12,63.299
NS67SW_2455,1,1_1,4.16254318636,-9999.0,-9999.0,-9999.0,64.4561233521,207.126235186614,62.7753122997544,260853.32,670890.31,28,16,64.456
NS67SW_2456,1,1_1,4.04168748472,-9999.0,-9999.0,-9999.0,65.8570022583,224.454149015879,71.5818443628945,261138.39,670893.44,44,24,65.857
NS67SW_2458,1,1_1,4.81737411162,-9999.0,-9999.0,-9999.0,67.1320037842,197.816407108609,63.4823533182026,261244.26,670890.42,36,20,67.132
NS67SW_2465,1,1_1,2.4465322222,-9999.0,-9999.0,-9999.0,63.5217514038,46.2523425000607,27.4154945175089,260774.04,670883.25,12,8,63.522
NS67SW_2466,1,1_1,2.44853758968,-9999.0,-9999.0,-9999.0,64.3509979248,39.428913755536,25.1494899451086,260796.69,670882.5,12,8,64.351
NS67SW_2471,1,1_1,2.61392651664,-9999.0,-9999.0,-9999.0,64.2679977417,76.2144525014682,42.1495412784837,260868.55,670883.21,24,14,64.268
NS67SW_2474,1,1_1,6.53897031148,-9999.0,-9999.0,-9999.0,57.1650009155,129.686866943209,45.7695236418692,260689.57,670882.67,12,8,57.165
NS67SW_2477,1,1_1,5.31420887041,-9999.0,-9999.0,-9999.0,63.7760009766,163.107760416284,51.0891371591062,260911.09,670881.56,12,8,63.776
NS67SW_2478,1,1_1,2.46496928953,-9999.0,-9999.0,-9999.0,57.0709991455,68.4819449966698,36.5091907073777,260643.75,670879.2,20,12,57.071
NS67SW_2479,1,1_1,2.36150079881,-9999.0,-9999.0,-9999.0,57.8409996033,54.3290737499237,30.1649661515623,260703.42,670877.7,12,8,57.841
NS67SW_2482,1,1_1,3.69971820323,-9999.0,-9999.0,-9999.0,64.1429977417,191.56887375324,58.1418532954955,261007.74,670882.35,36,20,64.143
NS67SW_2483,1,1_1,2.37734267701,-9999.0,-9999.0,-9999.0,64.3170013428,58.8854662518785,31.6596222460252,261022.68,670879.8,12,8,64.317
NS67SW_2486,1,1_1,5.01857269159,-9999.0,-9999.0,-9999.0,66.3519973755,124.764077489429,45.0491703806573,261170.38,670878.53,20,12,66.352
NS67SW_2490,1,1_1,3.66805002956,-9999.0,-9999.0,-9999.0,63.6069984436,265.975543730389,73.8689839101805,260963.51,670880.43,44,24,63.607
NS67SW_2495,1,1_1,4.05283329257,-9999.0,-9999.0,-9999.0,60.6329994202,237.509071072156,70.9137277400842,260728.28,670876.95,36,20,60.633
NS67SW_2497,1,1_1,2.53286271395,-9999.0,-9999.0,-9999.0,63.9640007019,53.7704587499155,29.6330071294658,260975.43,670872.52,12,8,63.964
NS67SW_2503,1,1_1,2.47516207506,-9999.0,-9999.0,-9999.0,63.8030014038,44.8981274978496,26.8320092268977,260907.02,670869.3,12,8,63.803
NS67SW_2507,1,1_1,5.73370878028,-9999.0,-9999.0,-9999.0,62.7589988708,146.365040838765,50.9745081225884,260764.39,670871.16,20,12,62.759
NS67SW_2508,1,1_1,3.35956746834,-9999.0,-9999.0,-9999.0,66.1330032349,383.019270709831,112.559952944635,261118.61,670874.52,56,30,66.133
NS67SW_2509,1,1_1,2.12237376551,-9999.0,-9999.0,-9999.0,63.2420005798,34.4114774972579,28.9131571980894,260781.73,670864.8,12,8,63.242
NS67SW_2512,1,1_1,4.0221902716,-9999.0,-9999.0,-9999.0,64.0559997559,252.748041589827,79.8810342004703,260859.57,670869.2,28,16,64.056
NS67SW_2514,1,1_1,3.72573452904,-9999.0,-9999.0,-9999.0,66.5,183.513230186842,58.5644120391335,261230.17,670867.11,28,16,66.5
NS67SW_2516,1,1_1,6.56019525805,-9999.0,-9999.0,-9999.0,57.1710014343,125.470378305255,45.1053664319189,260695.13,670866.13,12,8,57.171
NS67SW_2520,1,1_1,5.8272754935,-9999.0,-9999.0,-9999.0,64.5220031738,134.580003112647,51.5378544725745,261017.38,670864.93,28,16,64.522
NS67SW_2521,1,1_1,2.82171187921,-9999.0,-9999.0,-9999.0,57.983001709,167.568183836139,80.2041641689433,260714.64,670864.89,52,28,57.983
NS67SW_2523,1,1_1,6.22394850687,-9999.0,-9999.0,-9999.0,63.9500007629,119.745747844612,44.1660146585397,260983.27,670863.41,12,8,63.95
NS67SW_2524,1,1_1,4.38248025751,-9999.0,-9999.0,-9999.0,66.7519989014,183.295464298195,55.6058259777435,261162.49,670864.26,20,12,66.752
NS67SW_2534,1,1_1,3.52025030933,-9999.0,-9999.0,-9999.0,63.7820014954,222.093932490694,78.1431801837132,260894.96,670863.67,36,20,63.782
NS67SW_2536,1,1_1,5.30704117111,-9999.0,-9999.0,-9999.0,56.861000061,338.589646169242,113.963944090614,260660.74,670866.54,52,28,56.861
NS67SW_2540,1,1_1,4.33524085942,-9999.0,-9999.0,-9999.0,63.658000946,244.36265482049,87.5367299103199,260946.16,670862.08,52,28,63.658
NS67SW_2545,1,1_1,4.06038322024,-9999.0,-9999.0,-9999.0,60.108001709,210.045192351833,65.7995712810243,260735.68,670856.36,28,16,60.108
NS67SW_2551,1,1_1,4.1423858574,-9999.0,-9999.0,-9999.0,63.9090003967,397.923862072854,136.296768294953,260812.69,670861.93,52,28,63.909
NS67SW_2553,1,1_1,2.03115610491,-9999.0,-9999.0,-9999.0,64.09400177,32.5573200012873,26.3621487739727,260981.02,670848.49,8,6,64.094
NS67SW_2554,1,1_1,2.18196918576,-9999.0,-9999.0,-9999.0,66.3349990845,58.0866712468705,31.6041377737414,261097.31,670849.09,12,8,66.335
NS67SW_2555,1,1_1,4.6194574239,-9999.0,-9999.0,-9999.0,66.6679992676,144.651456968823,47.8881528487415,261150.75,670851.81,20,12,66.668
NS67SW_2559,1,1_1,3.66697461311,-9999.0,-9999.0,-9999.0,66.2990036011,225.756509489665,74.2687563964657,261113.77,670853.97,28,16,66.299
NS67SW_2560,1,1_1,3.01354378381,-9999.0,-9999.0,-9999.0,66.5947189331,137.219363672806,53.3275466025043,261192.98,670852.16,20,12,66.595
NS67SW_2565,1,1_1,4.54464773016,-9999.0,-9999.0,-9999.0,65.0360031128,250.391719755155,95.4491143344311,261032.89,670855.23,52,28,65.036
NS67SW_2567,1,1_1,6.5073794159,-9999.0,-9999.0,-9999.0,57.2589988708,121.128631763391,44.4285010848365,260699.53,670848.43,12,8,57.259
NS67SW_2569,1,1_1,5.75120306943,-9999.0,-9999.0,-9999.0,64.2149963379,132.12172930328,46.5829897310611,260993.76,670848.13,20,12,64.215
NS67SW_2570,1,1_1,4.62019064585,-9999.0,-9999.0,-9999.0,66.4739990234,154.153076935376,58.2090956615605,261221.29,670850.13,28,16,66.474
NS67SW_2573,1,1_1,2.69040768739,-9999.0,-9999.0,-9999.0,63.6500015259,47.9997299935339,27.7749593782807,260803.07,670843.42,12,8,63.65
NS67SW_2576,1,1_1,4.63011585176,-9999.0,-9999.0,-9999.0,63.5830001831,203.976094153714,60.7516469627412,260929.83,670848.92,20,12,63.583
NS67SW_2582,1,1_1,2.29361505828,-9999.0,-9999.0,-9999.0,66.8040008545,55.6614629335977,41.0810870475511,261156.14,670839.98,28,16,66.804
NS67SW_2585,1,1_1,6.51604549023,-9999.0,-9999.0,-9999.0,56.6539993286,121.737942262366,44.5210808002535,260668.88,670842.6,12,8,56.654
NS67SW_2587,1,1_1,3.62364853406,-9999.0,-9999.0,-9999.0,63.7220001221,190.794923415927,63.0210433351516,260881.24,670844.84,36,20,63.722
NS67SW_2595,1,1_1,2.07410713322,-9999.0,-9999.0,-9999.0,65.5019989014,46.298032498576,27.445391119726,261052.21,670833.86,12,8,65.502
NS67SW_2596,1,1_1,2.40954467372,-9999.0,-9999.0,-9999.0,66.3470001221,102.614291254249,47.3309971571249,261080.35,670837.27,24,14,66.347
NS67SW_2597,1,1_1,3.61583833799,-9999.0,-9999.0,-9999.0,66.7139968872,116.14493798571,46.2432497696672,261143.76,670835.57,20,12,66.714
NS67SW_2600,1,1_1,2.35521249864,-9999.0,-9999.0,-9999.0,64.0410003662,52.9975312544039,29.5445396719648,260987.19,670832.81,12,8,64.041
NS67SW_2602,1,1_1,5.65729318118,-9999.0,-9999.0,-9999.0,65.1360015869,137.596083936341,48.9483500829313,261036.09,670835.36,12,8,65.136
NS67SW_2604,1,1_1,5.14480933686,-9999.0,-9999.0,-9999.0,59.9239997864,196.264857645191,69.568041776564,260740.95,670836.91,36,20,59.924
NS67SW_2610,1,1_1,5.91642965888,-9999.0,-9999.0,-9999.0,56.9469985962,69.5179725660061,33.5537149544234,260672.07,670829.47,12,8,56.947
NS67SW_2611,1,1_1,4.4551963192,-9999.0,-9999.0,-9999.0,57.53099823,275.948918739465,84.7103968330802,260637.82,670837.09,48,26,57.531
NS67SW_2613,1,1_1,6.16376943571,-9999.0,-9999.0,-9999.0,57.5480003357,140.491703503276,48.1149882659439,260703.22,670830.6,12,8,57.548
NS67SW_2614,1,1_1,4.79151617152,-9999.0,-9999.0,-9999.0,61.9570007324,472.571026854744,114.718746916027,260772.78,670842.81,44,24,61.957
NS67SW_2615,1,1_1,5.96488995845,-9999.0,-9999.0,-9999.0,64.25050354,156.795972175121,56.7791042754856,261001.36,670831.35,36,20,64.251
NS67SW_2617,1,1_1,3.94386274713,-9999.0,-9999.0,-9999.0,63.4760017395,184.61940947858,59.911959682322,260916.96,670832.06,28,16,63.476
NS67SW_2618,1,1_1,4.21726526404,-9999.0,-9999.0,-9999.0,66.43800354,217.016924388129,66.9474023680004,261102.22,670833.24,36,20,66.438
NS67SW_2620,1,1_1,2.54350182949,-9999.0,-9999.0,-9999.0,57.1609992981,53.5071712523888,45.0156944074403,260654.55,670826.74,20,12,57.161
NS67SW_2621,1,1_1,2.33563221091,-9999.0,-9999.0,-9999.0,63.4510002136,29.8099725033071,25.8501216401056,260939.88,670824.6,8,6,63.451
NS67SW_2625,1,1_1,2.20861100091,-9999.0,-9999.0,-9999.0,62.8349990845,27.757027502446,24.0985534254869,260785.36,670823.89,8,6,62.835
NS67SW_2627,1,1_1,3.55028878882,-9999.0,-9999.0,-9999.0,63.4350013733,319.466984179881,94.0439110080611,260816.77,670831.43,52,28,63.435
NS67SW_2628,1,1_1,2.35063401858,-9999.0,-9999.0,-9999.0,58.4469985962,37.243147502933,24.0134433991974,260717.23,670822.65,16,10,58.447
NS67SW_2629,1,1_1,4.96769179278,-9999.0,-9999.0,-9999.0,66.7210006714,177.682409996133,51.6267984777453,261207.12,670827.34,28,16,66.721
NS67SW_2639,1,1_1,4.13128070342,-9999.0,-9999.0,-9999.0,63.7200012207,389.242372208578,122.200548442837,260861.17,670838.01,64,34,63.72
NS67SW_2650,1,1_1,4.71826293226,-9999.0,-9999.0,-9999.0,66.8929977417,172.317816675379,54.3396556151591,261132.24,670821.17,12,8,66.893
NS67SW_2652,1,1_1,2.40290952984,-9999.0,-9999.0,-9999.0,64.0179977417,62.1476018993283,35.1829698079125,260995.36,670816.28,20,12,64.018
NS67SW_2654,1,1_1,2.2357920508,-9999.0,-9999.0,-9999.0,63.4980010986,59.0283262552485,30.8937729951734,260950.02,670815.52,12,8,63.498
NS67SW_2655,1,1_1,2.16525158581,-9999.0,-9999.0,-9999.0,66.0250015259,29.3062499991609,22.2443256118385,261066.95,670813.57,12,8,66.025
NS67SW_2664,1,1_1,3.64585919688,-9999.0,-9999.0,-9999.0,65.4639968872,196.662290278925,63.5842463415238,261049.64,670818.69,36,20,65.464
NS67SW_2676,1,1_1,6.05378964839,-9999.0,-9999.0,-9999.0,63.3619995117,135.466540829262,49.1442903384634,260936.2,670813.36,20,12,63.362
NS67SW_2679,1,1_1,5.22195016899,-9999.0,-9999.0,-9999.0,61.2229995728,218.699033153393,69.3548487623633,260776.58,670813.19,36,20,61.223
NS67SW_2683,1,1_1,4.39810468978,-9999.0,-9999.0,-9999.0,66.3960037231,188.086245696587,61.3015055523766,261091.7,670814.07,20,12,66.396
NS67SW_2686,1,1_1,5.42442903038,-9999.0,-9999.0,-9999.0,57.9739990234,177.754429248676,59.2903960818979,260708.05,670811.57,28,16,57.974
NS67SW_2687,1,1_1,2.26578589661,-9999.0,-9999.0,-9999.0,67.0890045166,38.2213162463009,24.8456074324952,261134.5,670806.49,12,8,67.089
NS67SW_2695,1,1_1,4.91953357897,-9999.0,-9999.0,-9999.0,68.7750015259,209.789742697495,64.8307442874813,261194.83,670809.41,36,20,68.775
NS67SW_2698,1,1_1,5.08304351138,-9999.0,-9999.0,-9999.0,64.3229980469,199.997103789366,83.1388281178115,261009.64,670811.16,44,24,64.323
NS67SW_2699,1,1_1,3.68940127745,-9999.0,-9999.0,-9999.0,63.6100006104,150.591789274838,54.8592471903067,260895.41,670805.69,36,20,63.61
NS67SW_2702,1,1_1,2.60351610184,-9999.0,-9999.0,-9999.0,61.3237991333,28.8222674965769,27.6468789931523,260781.29,670800.22,16,10,61.324
NS67SW_2706,1,1_1,5.14570659423,-9999.0,-9999.0,-9999.0,59.6100006104,256.149809500156,92.0690016628311,260740.32,670809.3,52,28,59.61
NS67SW_2708,1,1_1,5.37572619314,-9999.0,-9999.0,-9999.0,57.6453323364,155.520150679798,51.8475720871531,260676.55,670803.45,12,8,57.645
NS67SW_2709,1,1_1,6.21387205144,-9999.0,-9999.0,-9999.0,64.8300018311,119.174261040091,44.0824228831,261022.75,670801.97,12,8,64.83
NS67SW_2715,1,1_1,5.30056642717,-9999.0,-9999.0,-9999.0,68.8980026245,62.3540648148771,31.7205715245929,261238.17,670797.6,12,8,68.898
NS67SW_2717,1,1_1,4.71560380351,-9999.0,-9999.0,-9999.0,67.125,185.795807655835,60.8920692191169,261121.8,670800.96,20,12,67.125
NS67SW_2721,1,1_1,4.32007883363,-9999.0,-9999.0,-9999.0,63.3600006104,196.088147874788,60.8068385556318,260951.94,670800.04,20,12,63.36
NS67SW_2727,1,1_1,5.58773587259,-9999.0,-9999.0,-9999.0,56.7949981689,281.226331046264,94.5980872058503,260641.91,670796.76,36,20,56.795
NS67SW_2728,1,1_1,2.41151704459,-9999.0,-9999.0,-9999.0,68.9700012207,31.3976100032828,22.6973819646492,261155.72,670791.15,12,8,68.97
NS67SW_2731,1,1_1,3.92651897373,-9999.0,-9999.0,-9999.0,63.1469993591,430.383257008357,147.784713558825,260824.3,670804.57,84,44,63.147
NS67SW_2737,1,1_1,5.75409167746,-9999.0,-9999.0,-9999.0,66.4049987793,199.087996048577,63.8758260130339,261080.34,670795.0,28,16,66.405
NS67SW_2747,1,1_1,4.88489082344,-9999.0,-9999.0,-9999.0,58.8339996338,269.663250549343,83.482679494647,260718.34,670788.83,56,30,58.834
NS67SW_2757,1,1_1,3.91517303856,-9999.0,-9999.0,-9999.0,63.2949981689,41.4876899984301,27.3447745949511,260828.82,670782.22,12,8,63.295
NS67SW_2759,1,1_1,2.0579577696,-9999.0,-9999.0,-9999.0,63.6590003967,30.4623937447542,38.720045008055,260981.3,670780.95,20,12,63.659
NS67SW_2763,1,1_1,2.25230471962,-9999.0,-9999.0,-9999.0,64.5530014038,51.319357962032,31.4871703024341,261006.95,670780.54,16,10,64.553
NS67SW_2764,1,1_1,5.20776081949,-9999.0,-9999.0,-9999.0,65.0019989014,197.922841376508,62.7751809643764,261035.43,670787.02,28,16,65.002
NS67SW_2767,1,1_1,6.27395331585,-9999.0,-9999.0,-9999.0,63.4410018921,120.100150051432,44.2823382592049,260966.66,670782.73,12,8,63.441
NS67SW_2769,1,1_1,2.69977747711,-9999.0,-9999.0,-9999.0,68.7320022583,122.614445576035,48.5880747150593,261146.39,670781.13,20,12,68.732
NS67SW_2772,1,1_1,4.91766098004,-9999.0,-9999.0,-9999.0,60.6870002747,220.269946377037,82.5727376003759,260769.11,670786.98,40,22,60.687
NS67SW_2774,1,1_1,4.70314010352,-9999.0,-9999.0,-9999.0,63.1679992676,231.814121271435,72.5494626679184,260816.15,670783.92,36,20,63.168
NS67SW_2776,1,1_1,4.22850892774,-9999.0,-9999.0,-9999.0,67.4300003052,249.699367442827,77.3198242440088,261112.83,670780.95,36,20,67.43
NS67SW_2781,1,1_1,2.74820898591,-9999.0,-9999.0,-9999.0,65.7119979858,75.4997662531792,36.130120690775,261042.34,670775.66,20,12,65.712
NS67SW_2784,1,1_1,3.4710803976,-9999.0,-9999.0,-9999.0,63.391998291,204.926558819088,67.1068463910085,260927.82,670778.8,44,24,63.392
NS67SW_2788,1,1_1,5.68998520618,-9999.0,-9999.0,-9999.0,58.3030014038,237.22563069839,87.4203624293729,260680.75,670780.5,36,20,58.303
NS67SW_2790,1,1_1,4.60265697232,-9999.0,-9999.0,-9999.0,60.15599823,176.12962094719,56.3744908725793,260753.92,670775.23,12,8,60.156
NS67SW_2798,1,1_1,4.53022072381,-9999.0,-9999.0,-9999.0,69.1330032349,472.356852562515,154.480961052836,261177.75,670784.19,96,50,69.133
NS67SW_2808,1,1_1,5.03524580998,-9999.0,-9999.0,-9999.0,66.5589981079,106.092663748201,44.418194207781,261063.51,670768.09,16,10,66.559
NS67SW_2811,1,1_1,2.80818097184,-9999.0,-9999.0,-9999.0,61.4109992981,114.159935547813,64.7764794228939,260790.65,670770.16,44,24,61.411
NS67SW_2813,1,1_1,2.156104523,-9999.0,-9999.0,-9999.0,68.3089981079,55.4984324907363,30.7368872811356,261115.04,670764.94,12,8,68.309
NS67SW_2823,1,1_1,2.60786500618,-9999.0,-9999.0,-9999.0,60.5079994202,34.4896650032597,24.199980814683,260755.72,670759.46,12,8,60.508
NS67SW_2828,1,1_1,3.15482854131,-9999.0,-9999.0,-9999.0,61.3219985962,52.6499999936085,29.198006635182,260773.63,670758.22,12,8,61.322
NS67SW_2829,1,1_1,4.78122928676,-9999.0,-9999.0,-9999.0,63.6739997864,169.755321746233,54.0250070682042,260943.29,670762.74,12,8,63.674
NS67SW_2836,1,1_1,5.44637940762,-9999.0,-9999.0,-9999.0,67.6350021362,173.078162211801,58.2649646633874,261097.4,670760.88,28,16,67.635
NS67SW_2838,1,1_1,5.44641944554,-9999.0,-9999.0,-9999.0,58.75,147.662753735514,55.688603125455,260684.0,670758.13,36,20,58.75
NS67SW_2842,1,1_1,3.57991948491,-9999.0,-9999.0,-9999.0,63.6220016479,786.589830195876,226.023213706716,260884.37,670774.54,144,74,63.622
NS67SW_2847,1,1_1,4.66443288813,-9999.0,-9999.0,-9999.0,62.0211982727,350.039069798049,108.139493548299,260799.64,670760.96,52,28,62.021
NS67SW_2850,1,1_1,5.81152096765,-9999.0,-9999.0,-9999.0,66.6709976196,150.353768424618,52.4553557082047,261055.13,670753.45,20,12,66.671
NS67SW_2851,1,1_1,2.53959997077,-9999.0,-9999.0,-9999.0,67.7829971313,23.9512462517874,23.2482200227306,261099.97,670749.56,8,6,67.783
NS67SW_2854,1,1_1,4.02163035075,-9999.0,-9999.0,-9999.0,69.2590026855,219.72279870347,71.6449900667489,261163.45,670756.19,44,24,69.259
NS67SW_2859,1,1_1,2.43745878765,-9999.0,-9999.0,-9999.0,63.9749984741,30.6608549986129,23.7043932607173,260940.99,670747.84,12,8,63.975
NS67SW_2862,1,1_1,2.19879973275,-9999.0,-9999.0,-9999.0,63.4749984741,21.4955925009684,21.4760622759962,260827.56,670744.12,8,6,63.475
NS67SW_2867,1,1_1,4.30971301183,-9999.0,-9999.0,-9999.0,63.9119987488,445.685514993963,136.021108974647,260983.97,670759.06,60,32,63.912
NS67SW_2870,1,1_1,2.23587154113,-9999.0,-9999.0,-9999.0,65.93800354,28.5625199971568,27.3113364136713,261017.09,670744.2,8,6,65.938
NS67SW_2872,1,1_1,5.16977878666,-9999.0,-9999.0,-9999.0,63.8349990845,188.270070001956,58.6583660897373,260954.3,670746.67,28,16,63.835
NS67SW_2878,1,1_1,5.40208203584,-9999.0,-9999.0,-9999.0,61.4819984436,214.102302823764,59.5233291958373,260782.22,670743.75,12,8,61.482
NS67SW_2879,1,1_1,3.83633643491,-9999.0,-9999.0,-9999.0,63.5530014038,201.883492249602,62.39711199433,260842.12,670743.0,28,16,63.553
NS67SW_2880,1,1_1,4.60909827504,-9999.0,-9999.0,-9999.0,67.7389984131,185.133054568667,58.4952539506133,261086.49,670743.89,20,12,67.739
NS67SW_2885,1,1_1,2.97357807989,-9999.0,-9999.0,-9999.0,69.1139984131,48.8472637542844,29.8156518841586,261120.62,670735.84,20,12,69.114
NS67SW_2891,1,1_1,4.19310212898,-9999.0,-9999.0,-9999.0,63.6049995422,248.026954217436,95.2033056092076,260891.77,670742.11,60,32,63.605
NS67SW_2892,1,1_1,2.27393205961,-9999.0,-9999.0,-9999.0,64.2340011597,50.896687503995,30.9118809489104,260948.65,670733.62,16,10,64.234
NS67SW_2896,1,1_1,4.67207004605,-9999.0,-9999.0,-9999.0,66.9240036011,238.006974364427,83.9317948771304,261041.36,670738.45,36,20,66.924
NS67SW_2897,1,1_1,4.67001916504,-9999.0,-9999.0,-9999.0,65.111000061,230.264060006225,78.7526675452245,261005.28,670741.02,36,20,65.111
NS67SW_2902,1,1_1,2.18950827725,-9999.0,-9999.0,-9999.0,65.9100036621,24.6427650016479,22.9818260917632,261014.25,670728.07,8,6,65.91
NS67SW_2908,1,1_1,3.6371226464,-9999.0,-9999.0,-9999.0,59.9070014954,474.631842300699,153.575314418709,260733.22,670743.99,88,46,59.907
NS67SW_2909,1,1_1,6.2181518642,-9999.0,-9999.0,-9999.0,64.8679962158,137.697500619184,47.4253684249896,260963.47,670731.04,12,8,64.868
NS67SW_2915,1,1_1,5.10024670404,-9999.0,-9999.0,-9999.0,63.2260017395,135.958006327552,47.5643135930481,260825.77,670728.97,32,18,63.226
NS67SW_2917,1,1_1,6.38397757621,-9999.0,-9999.0,-9999.0,69.0749969482,384.201425817174,126.001580218239,261150.14,670740.8,100,52,69.075
NS67SW_2921,1,1_1,4.69169092946,-9999.0,-9999.0,-9999.0,61.1660003662,209.394429386026,60.640821862121,260771.56,670729.65,20,12,61.166
NS67SW_2940,1,1_1,2.60894072562,-9999.0,-9999.0,-9999.0,63.3069992065,43.0501625565426,26.9430183166898,260828.78,670716.02,12,8,63.307
NS67SW_2941,1,1_1,4.44548065945,-9999.0,-9999.0,-9999.0,61.013999939,173.935878807229,61.7919389815675,260759.73,670718.98,36,20,61.014
NS67SW_2942,1,1_1,5.41525360799,-9999.0,-9999.0,-9999.0,63.9070014954,204.01363817512,64.8451165002247,260892.0,670719.48,28,16,63.907
NS67SW_2943,1,1_1,3.72302698135,-9999.0,-9999.0,-9999.0,68.0459976196,309.006347556557,89.1347718682807,261079.12,670721.39,60,32,68.046
NS67SW_2946,1,1_1,5.60050427743,-9999.0,-9999.0,-9999.0,67.6240005493,158.379350836338,52.3615489750818,261035.65,670718.44,12,8,67.624
NS67SW_2957,1,1_1,4.11645438743,-9999.0,-9999.0,-9999.0,69.3789978027,678.393112879496,120.054512418454,261201.72,670722.7,36,20,69.379
NS67SW_2961,1,1_1,3.65531097199,-9999.0,-9999.0,-9999.0,63.03099823,149.302859492977,52.7107254639133,260809.54,670711.55,28,16,63.031
NS67SW_2963,1,1_1,4.25203840309,-9999.0,-9999.0,-9999.0,66.0540008545,250.634945773402,66.5454231938882,260978.11,670712.85,28,16,66.054
NS67SW_2967,1,1_1,7.51218215051,-9999.0,-9999.0,-9999.0,69.6646652222,225.0271050114,74.7496718395103,261132.2,670707.62,44,24,69.665
NS67SW_2983,1,1_1,4.65091975828,-9999.0,-9999.0,-9999.0,64.3659973145,203.82581751266,73.1287626387145,260900.86,670702.46,28,16,64.366
NS67SW_2984,1,1_1,3.77428121172,-9999.0,-9999.0,-9999.0,67.3619995117,216.560092596906,64.7895876173789,260995.81,670702.48,28,16,67.362
NS67SW_2990,1,1_1,2.40472566412,-9999.0,-9999.0,-9999.0,66.5510025024,49.1329387489962,33.9787437696618,260980.28,670695.71,16,10,66.551
NS67SW_2996,1,1_1,4.33365349791,-9999.0,-9999.0,-9999.0,68.5640029907,223.768857686947,66.6529498991681,261061.58,670699.99,36,20,68.564
NS67SW_2999,1,1_1,7.33638498121,-9999.0,-9999.0,-9999.0,69.68699646,269.892124435605,77.7088486892661,261182.59,670698.06,44,24,69.687
NS67SW_3011,1,1_1,4.24339624008,-9999.0,-9999.0,-9999.0,63.4970016479,506.073895533072,187.208212018107,260848.27,670705.19,92,48,63.497
NS67SW_3016,1,1_1,3.75447540737,-9999.0,-9999.0,-9999.0,62.5449981689,263.136651511934,78.5315045456552,260795.2,670692.8,40,22,62.545
NS67SW_3017,1,1_1,2.52594052004,-9999.0,-9999.0,-9999.0,63.5530014038,45.0182175025151,26.9085902776542,260824.05,670685.7,12,8,63.553
NS67SW_3023,1,1_1,5.21466626683,-9999.0,-9999.0,-9999.0,68.0279998779,165.420966706654,53.4463640062755,261015.83,670688.64,20,12,68.028
NS67SW_3025,1,1_1,3.02357349481,-9999.0,-9999.0,-9999.0,67.8649978638,59.1197662532937,34.4787806210795,261002.46,670684.12,28,16,67.865
NS67SW_3031,1,1_1,7.39424203265,-9999.0,-9999.0,-9999.0,68.7699966431,297.293758667063,81.5354477623251,261121.29,670686.49,56,30,68.77
NS67SW_3035,1,1_1,2.86253212238,-9999.0,-9999.0,-9999.0,66.7259979248,44.3163900059687,27.0058523356981,260965.41,670678.12,12,8,66.726
NS67SW_3040,1,1_1,3.32014516379,-9999.0,-9999.0,-9999.0,68.9759979248,140.257095138924,53.4996356151736,261053.21,670681.29,28,16,68.976
NS67SW_3045,1,1_1,3.62632811475,-9999.0,-9999.0,-9999.0,62.7210006714,284.150966288137,93.6640400974324,260808.93,670684.95,60,32,62.721
NS67SW_3046,1,1_1,2.36261880452,-9999.0,-9999.0,-9999.0,63.6549987793,58.0312687443188,30.5152707143694,260837.52,670674.9,12,8,63.655
NS67SW_3049,1,1_1,3.07299105326,-9999.0,-9999.0,-9999.0,70.1069488525,44.2519799989903,26.8791316801843,261171.42,670674.26,12,8,70.107
NS67SW_3052,1,1_1,4.4477764409,-9999.0,-9999.0,-9999.0,63.6409988403,171.259479381376,52.5107083197696,260862.09,670676.29,12,8,63.641
NS67SW_3057,1,1_1,5.38106875949,-9999.0,-9999.0,-9999.0,64.783996582,328.749468737083,81.3802421207747,260913.63,670679.9,32,18,64.784
NS67SW_3064,1,1_1,4.94104141146,-9999.0,-9999.0,-9999.0,63.1640014648,178.047864907458,56.4542751701875,260821.8,670671.22,20,12,63.164
NS67SW_3074,1,1_1,3.29118650072,-9999.0,-9999.0,-9999.0,66.9810028076,116.932485051347,71.6757644317609,260972.33,670666.72,68,36,66.981
NS67SW_3078,1,1_1,2.49334704548,-9999.0,-9999.0,-9999.0,63.7555847168,59.3927466073197,35.454241741618,260852.99,670662.61,28,16,63.756
NS67SW_3080,1,1_1,3.57052234123,-9999.0,-9999.0,-9999.0,70.091003418,59.5771012442316,31.7774439304726,261077.17,670661.06,12,8,70.091
NS67SW_3083,1,1_1,2.97006481408,-9999.0,-9999.0,-9999.0,69.5930023193,88.4200804263033,41.690774541805,261055.37,670660.27,28,16,69.593
NS67SW_3094,1,1_1,2.53353620633,-9999.0,-9999.0,-9999.0,63.7799987793,51.8056950010396,28.8512071933436,260843.3,670656.67,12,8,63.78
NS67SW_3095,1,1_1,4.4441843358,-9999.0,-9999.0,-9999.0,65.8880004883,181.723566523192,68.6807059871575,260933.37,670661.27,36,20,65.888
NS67SW_3098,1,1_1,4.03404350691,-9999.0,-9999.0,-9999.0,65.0029983521,25.2336600087363,21.1493814027169,260886.65,670652.62,12,8,65.003
NS67SW_3100,1,1_1,5.9122819306,-9999.0,-9999.0,-9999.0,70.216003418,294.665258809351,86.2736773826017,261157.66,670662.48,60,32,70.216
NS67SW_3104,1,1_1,4.55577902192,-9999.0,-9999.0,-9999.0,63.9599990845,165.442754345815,64.7780571224996,260873.46,670657.69,36,20,63.96
NS67SW_3108,1,1_1,2.83778343277,-9999.0,-9999.0,-9999.0,69.8939971924,133.170797488447,60.2407573577944,261212.29,670654.66,24,14,69.894
NS67SW_3114,1,1_1,5.41023723944,-9999.0,-9999.0,-9999.0,63.4430007935,151.858767026882,52.514621813454,260830.23,670653.37,28,16,63.443
NS67SW_3115,1,1_1,4.81750919742,-9999.0,-9999.0,-9999.0,66.6849975586,251.938491509306,70.6779973919473,260954.83,670654.6,36,20,66.685
NS67SW_3118,1,1_1,7.10282394599,-9999.0,-9999.0,-9999.0,68.1179962158,248.472425016244,69.617278945781,260984.99,670653.56,28,16,68.118
NS67SW_3121,1,1_1,2.96369162271,-9999.0,-9999.0,-9999.0,64.0650024414,25.6948124972144,23.6413366819852,260855.82,670643.55,8,6,64.065
NS67SW_3125,1,1_1,2.38427690985,-9999.0,-9999.0,-9999.0,64.1159973145,55.4863624469539,30.0449498595283,260869.66,670641.77,12,8,64.116
NS67SW_3126,1,1_1,7.05723657464,-9999.0,-9999.0,-9999.0,69.7580032349,236.470996006375,69.6350500767797,261033.84,670646.22,28,16,69.758
NS67SW_3130,1,1_1,2.31654454931,-9999.0,-9999.0,-9999.0,70.9390029907,46.0869337506673,32.0835384150205,261174.12,670639.24,16,10,70.939
NS67SW_3134,1,1_1,8.11288297421,-9999.0,-9999.0,-9999.0,69.9584960938,272.913099061201,77.1723909382668,261060.93,670643.47,36,20,69.959
NS67SW_3137,1,1_1,4.70761698597,-9999.0,-9999.0,-9999.0,64.7580032349,192.556546784544,59.2562131907813,260889.07,670640.54,20,12,64.758
NS67SW_3139,1,1_1,5.56269701367,-9999.0,-9999.0,-9999.0,70.1306686401,636.819863998611,175.157248219797,261100.8,670655.11,108,56,70.131
NS67SW_3150,1,1_1,2.78865562166,-9999.0,-9999.0,-9999.0,70.4209976196,29.1798637490247,22.5652328667411,261244.03,670627.31,12,8,70.421
NS67SW_3153,1,1_1,4.73743459157,-9999.0,-9999.0,-9999.0,70.6460037231,232.73259572366,76.95005157222,261195.69,670632.84,36,20,70.646
NS67SW_3157,1,1_1,4.47824276866,-9999.0,-9999.0,-9999.0,65.5569992065,172.454293362315,55.6970982688386,260908.58,670628.98,28,16,65.557
NS67SW_3174,1,1_1,4.41650471458,-9999.0,-9999.0,-9999.0,63.6240005493,389.399535613735,106.83761404312,260844.53,670632.36,56,30,63.624
NS67SW_3175,1,1_1,4.3152616394,-9999.0,-9999.0,-9999.0,70.591003418,336.91124749146,109.244225328432,261214.31,670627.78,92,48,70.591
NS67SW_3180,1,1_1,4.80704477554,-9999.0,-9999.0,-9999.0,54.3460006714,779.002159751988,138.0818807878,260631.85,670636.81,52,28,54.346
NS67SW_1002,1,1_2,4.36044463771,-9999.0,-9999.0,-9999.0,54.561000824,234.411048617677,96.8391198262547,261164.09,671760.74,60,32,54.561
NS67SW_1003,1,1_2,5.46496442316,-9999.0,-9999.0,-9999.0,57.0950012207,122.221573121808,44.3737921867724,261248.35,671756.94,12,8,57.095
NS67SW_1013,1,1_2,5.7508199254,-9999.0,-9999.0,-9999.0,56.1199989319,127.172185368857,45.3293008613125,261212.23,671746.99,12,8,56.12
NS67SW_1016,1,1_2,6.0578409036,-9999.0,-9999.0,-9999.0,54.7980003357,121.268137578859,46.9005447316499,261156.94,671745.59,28,16,54.798
NS67SW_1025,1,1_2,4.56631552193,-9999.0,-9999.0,-9999.0,56.3540000916,195.296942412057,79.6000199325494,261218.9,671736.54,60,32,56.354
NS67SW_1027,1,1_2,1.72661476947,-9999.0,-9999.0,-9999.0,55.7099990845,27.3384112488363,25.7588641642867,261199.8,671730.34,8,6,55.71
NS67SW_1029,1,1_2,5.4063099357,-9999.0,-9999.0,-9999.0,54.9319992065,161.903201209577,55.6363470406009,261144.57,671736.46,28,16,54.932
NS67SW_1041,1,1_2,4.59142091474,-9999.0,-9999.0,-9999.0,55.4449996948,170.222080198747,72.8501957253573,261189.05,671730.09,32,18,55.445
NS67SW_1047,1,1_2,4.40891864791,-9999.0,-9999.0,-9999.0,54.8019981384,210.840768943415,82.645309352346,261131.71,671728.14,52,28,54.802
NS67SW_1066,1,1_2,4.45664814011,-9999.0,-9999.0,-9999.0,55.7099990845,185.347023298945,74.6708551525174,261177.57,671716.59,60,32,55.71
NS67SW_1067,1,1_2,6.24017135696,-9999.0,-9999.0,-9999.0,55.922000885,101.891818838405,40.6951898265463,261120.8,671710.54,12,8,55.922
NS67SW_1068,1,1_2,2.22928430658,-9999.0,-9999.0,-9999.0,59.5419998169,24.275696249179,20.7174623187278,261205.49,671707.27,12,8,59.542
NS67SW_1069,1,1_2,4.11939695161,-9999.0,-9999.0,-9999.0,57.5589981079,386.541624793455,159.241490182546,261229.87,671717.24,92,48,57.559
NS67SW_1072,1,1_2,5.64869033911,-9999.0,-9999.0,-9999.0,56.7099990845,122.63293933242,48.4065578212536,261166.75,671709.22,28,16,56.71
NS67SW_1080,1,1_2,5.65754609866,-9999.0,-9999.0,-9999.0,59.5120010376,139.821712338711,49.8412352726747,261217.92,671704.09,20,12,59.512
NS67SW_1082,1,1_2,1.76818421308,-9999.0,-9999.0,-9999.0,57.53099823,23.7692362474426,23.1744321047379,261165.77,671698.91,8,6,57.531
NS67SW_1085,1,1_2,5.6835503176,-9999.0,-9999.0,-9999.0,56.6409988403,127.064629554018,48.7669512205469,261106.93,671699.2,20,12,56.641
NS67SW_1087,1,1_2,6.29766926969,-9999.0,-9999.0,-9999.0,57.2919998169,101.754787349269,40.704642109342,261154.17,671698.26,12,8,57.292
NS67SW_1092,1,1_2,4.06596118648,-9999.0,-9999.0,-9999.0,48.9010009766,24.8993100021752,22.7610225354986,260923.54,671689.09,8,6,48.901
NS67SW_1094,1,1_2,4.5355158529,-9999.0,-9999.0,-9999.0,59.8409996033,240.894132413158,85.9255908792249,261198.9,671697.94,44,24,59.841
NS67SW_1097,1,1_2,5.32598161168,-9999.0,-9999.0,-9999.0,56.7420005798,183.347086038989,63.5986696663504,261092.89,671690.86,36,20,56.742
NS67SW_1098,1,1_2,6.28645603621,-9999.0,-9999.0,-9999.0,57.6450004578,100.49624823278,40.4136502117456,261140.61,671687.85,12,8,57.645
NS67SW_1100,1,1_2,2.57287841797,-9999.0,-9999.0,-9999.0,61.0110015869,55.2170568508876,29.8150210822396,261178.73,671684.82,12,8,61.011
NS67SW_1105,1,1_2,6.34478235659,-9999.0,-9999.0,-9999.0,60.9749984741,120.421436945911,43.9703757674741,261192.29,671682.49,12,8,60.975
NS67SW_1112,1,1_2,4.71875041395,-9999.0,-9999.0,-9999.0,58.4959983826,153.894555829303,67.0604135709684,261132.64,671676.34,36,20,58.496
NS67SW_1114,1,1_2,4.71489766209,-9999.0,-9999.0,-9999.0,61.3600006104,176.021924572475,75.9562540914327,261244.88,671676.56,36,20,61.36
NS67SW_1118,1,1_2,6.45702071211,-9999.0,-9999.0,-9999.0,61.6710014343,111.312724743261,42.4203736479787,261180.17,671671.29,12,8,61.671
NS67SW_1120,1,1_2,5.51047532759,-9999.0,-9999.0,-9999.0,58.1469993591,173.300274093772,61.4382918794306,261086.33,671669.74,44,24,58.147
NS67SW_1123,1,1_2,5.03046813316,-9999.0,-9999.0,-9999.0,62.4416656494,119.511502025921,43.9072605037684,261229.38,671666.92,12,8,62.442
NS67SW_1124,1,1_2,1.65313487942,-9999.0,-9999.0,-9999.0,59.922000885,30.3258900012223,22.3478808766559,261129.93,671661.9,12,8,59.922
NS67SW_1129,1,1_2,6.39860802615,-9999.0,-9999.0,-9999.0,59.266998291,116.462967225693,43.3700787193567,261118.21,671661.88,12,8,59.267
NS67SW_1131,1,1_2,5.57312436193,-9999.0,-9999.0,-9999.0,61.7309989929,121.485725353823,44.2451959268944,261167.52,671660.62,12,8,61.731
NS67SW_1135,1,1_2,2.03757597476,-9999.0,-9999.0,-9999.0,62.163143158,50.9482425058811,31.5144976057633,261137.17,671655.86,16,10,62.163
NS67SW_1138,1,1_2,6.55020952535,-9999.0,-9999.0,-9999.0,59.2579994202,117.024010969731,43.4601932347393,261097.65,671656.2,12,8,59.258
NS67SW_1143,1,1_2,5.00953854776,-9999.0,-9999.0,-9999.0,62.3730010986,150.428487979713,52.4887721933211,261152.83,671650.68,20,12,62.373
NS67SW_1148,1,1_2,4.75592436174,-9999.0,-9999.0,-9999.0,62.8969993591,110.511447109982,42.0548182058326,261204.03,671649.69,12,8,62.897
NS67SW_1155,1,1_2,2.1764743908,-9999.0,-9999.0,-9999.0,62.1619987488,21.3660599991521,22.6848919761579,261107.63,671639.44,8,6,62.162
NS67SW_1157,1,1_2,5.40350414314,-9999.0,-9999.0,-9999.0,62.6910018921,127.532318688468,45.2992345985481,261139.32,671642.34,12,8,62.691
NS67SW_1167,1,1_2,4.35245313193,-9999.0,-9999.0,-9999.0,61.8129997253,207.44039249408,73.4698764727275,261125.37,671637.52,44,24,61.813
NS67SW_1169,1,1_2,4.9250011532,-9999.0,-9999.0,-9999.0,63.1459999084,111.619142972646,46.3034414994949,261236.68,671631.01,20,12,63.146
NS67SW_1175,1,1_2,5.03142094853,-9999.0,-9999.0,-9999.0,62.8810005188,154.107488803808,53.6649643418695,261107.83,671626.57,20,12,62.881
NS67SW_1178,1,1_2,4.04283717968,-9999.0,-9999.0,-9999.0,63.0769996643,355.691482898066,153.486760102882,261214.84,671632.22,124,64,63.077
NS67SW_1182,1,1_2,3.15596561432,-9999.0,-9999.0,-9999.0,52.8380012512,25.6787924975622,21.9799246665278,260925.81,671618.7,12,8,52.838
NS67SW_1183,1,1_2,7.31977097148,-9999.0,-9999.0,-9999.0,55.4930000305,182.530347129837,56.419906025201,260998.98,671623.25,28,16,55.493
NS67SW_1186,1,1_2,5.53089497884,-9999.0,-9999.0,-9999.0,63.2229995728,146.061165652104,63.8123645932262,261183.0,671622.77,36,20,63.223
NS67SW_1188,1,1_2,2.26352525655,-9999.0,-9999.0,-9999.0,51.9290008545,65.1882217192371,33.8889610486577,260904.96,671617.23,20,12,51.929
NS67SW_1189,1,1_2,4.12922037598,-9999.0,-9999.0,-9999.0,62.561000824,228.98276325077,89.1198472322058,261092.26,671625.72,52,28,62.561
NS67SW_1192,1,1_2,2.4902450954,-9999.0,-9999.0,-9999.0,51.7109985352,82.976272508754,41.3778503493822,260708.14,671611.27,20,12,51.711
NS67SW_1197,1,1_2,4.67252355581,-9999.0,-9999.0,-9999.0,61.7822990417,169.840683022345,56.2397630830846,261074.91,671612.53,28,16,61.782
NS67SW_1200,1,1_2,7.40945377152,-9999.0,-9999.0,-9999.0,55.8979988098,148.139496688137,49.3920940491956,261004.59,671608.8,20,12,55.898
NS67SW_1203,1,1_2,4.38489728596,-9999.0,-9999.0,-9999.0,63.28099823,237.987797374986,83.6099916413447,261196.35,671612.69,68,36,63.281
NS67SW_1205,1,1_2,5.58623507759,-9999.0,-9999.0,-9999.0,51.6940002441,123.141477294439,47.5807373588247,260892.27,671605.3,20,12,51.694
NS67SW_1206,1,1_2,3.65467195225,-9999.0,-9999.0,-9999.0,53.4599990845,197.486049541643,78.1726193181571,260943.83,671607.94,56,30,53.46
NS67SW_1209,1,1_2,4.52343941136,-9999.0,-9999.0,-9999.0,63.391998291,123.786499996813,50.6583767264346,261150.01,671604.83,28,16,63.392
NS67SW_1215,1,1_2,4.89317789892,-9999.0,-9999.0,-9999.0,52.061000824,165.64668736555,55.0314603176566,260913.05,671605.5,20,12,52.061
NS67SW_1218,1,1_2,5.94268368918,-9999.0,-9999.0,-9999.0,63.5929985046,81.8256444167174,36.4984426761026,261161.12,671599.41,12,8,63.593
NS67SW_1220,1,1_2,2.31374063418,-9999.0,-9999.0,-9999.0,63.1220016479,34.0671599993799,23.6490922664528,261230.93,671596.72,12,8,63.122
NS67SW_1223,1,1_2,4.28245716879,-9999.0,-9999.0,-9999.0,51.4910011292,82.2301855088711,50.0340695540328,260671.93,671595.51,36,20,51.491
NS67SW_1224,1,1_2,5.83764595821,-9999.0,-9999.0,-9999.0,63.3810005188,66.379927657791,33.0254071362166,261202.77,671596.31,12,8,63.381
NS67SW_1227,1,1_2,9.63926249455,-9999.0,-9999.0,-9999.0,59.7490005493,165.149359712858,51.6792956078391,261041.39,671595.54,12,8,59.749
NS67SW_1229,1,1_2,2.16279023269,-9999.0,-9999.0,-9999.0,64.611000061,38.2307849981934,25.0040646464099,261145.54,671589.45,12,8,64.611
NS67SW_1232,1,1_2,5.83017137581,-9999.0,-9999.0,-9999.0,63.7340011597,81.1373353573294,37.998419037498,261166.81,671589.93,20,12,63.734
NS67SW_1234,1,1_2,4.47823312687,-9999.0,-9999.0,-9999.0,63.7980003357,199.887186372468,61.8399933558646,261123.71,671592.58,28,16,63.798
NS67SW_1235,1,1_2,5.74448457145,-9999.0,-9999.0,-9999.0,63.3040008545,66.907706211943,33.02193862765,261209.32,671589.09,12,8,63.304
NS67SW_1240,1,1_2,4.96049322934,-9999.0,-9999.0,-9999.0,52.4210014343,198.236273204797,79.8581732250512,260924.17,671590.43,52,28,52.421
NS67SW_1241,1,1_2,6.88860689704,-9999.0,-9999.0,-9999.0,58.6349983215,136.137186392885,48.4289915638622,261026.74,671588.11,20,12,58.635
NS67SW_1243,1,1_2,6.42814097968,-9999.0,-9999.0,-9999.0,57.9679985046,161.694042843635,55.2287224442183,261012.72,671585.75,20,12,57.968
NS67SW_1246,1,1_2,6.31001944116,-9999.0,-9999.0,-9999.0,63.9599990845,115.302546197008,43.1462930337721,261175.39,671579.12,12,8,63.96
NS67SW_1247,1,1_2,5.21665057052,-9999.0,-9999.0,-9999.0,62.9550018311,152.612819215909,49.4611089177921,261092.92,671578.9,12,8,62.955
NS67SW_1248,1,1_2,5.31455981018,-9999.0,-9999.0,-9999.0,62.8950004578,243.429729021164,68.9423272956299,261228.78,671580.76,36,20,62.895
NS67SW_1249,1,1_2,4.3855336819,-9999.0,-9999.0,-9999.0,50.827999115,575.951988620384,205.500978593782,260862.14,671587.09,136,70,50.828
NS67SW_1250,1,1_2,4.39446206395,-9999.0,-9999.0,-9999.0,63.6349983215,203.912972360841,78.2212849480345,261109.54,671582.15,36,20,63.635
NS67SW_1257,1,1_2,2.30740023122,-9999.0,-9999.0,-9999.0,53.7179985046,30.1768650022646,27.3296615438731,260926.22,671570.14,16,10,53.718
NS67SW_1260,1,1_2,2.71268431346,-9999.0,-9999.0,-9999.0,56.7439994812,26.5522799981453,21.8134840370034,260961.56,671569.12,12,8,56.744
NS67SW_1262,1,1_2,5.30677522381,-9999.0,-9999.0,-9999.0,52.5690002441,181.232877436968,59.665993708963,260910.22,671572.45,28,16,52.569
NS67SW_1266,1,1_2,2.51686581698,-9999.0,-9999.0,-9999.0,50.4290008545,29.6898412508914,25.5718211796041,260814.09,671566.8,8,6,50.429
NS67SW_1269,1,1_2,5.66187261902,-9999.0,-9999.0,-9999.0,51.4449996948,116.754540308024,46.7330264198174,260841.01,671567.89,28,16,51.445
NS67SW_1270,1,1_2,5.1156692418,-9999.0,-9999.0,-9999.0,63.9490013123,112.825230909589,46.6349158528639,261184.35,671568.59,20,12,63.949
NS67SW_1272,1,1_2,6.82350797502,-9999.0,-9999.0,-9999.0,56.9370002747,299.942718820812,88.1763308413014,260987.84,671572.99,48,26,56.937
NS67SW_1273,1,1_2,2.37233816007,-9999.0,-9999.0,-9999.0,64.8830032349,52.3382024916222,28.9806973632746,261138.66,671564.06,12,8,64.883
NS67SW_1275,1,1_2,5.02546009717,-9999.0,-9999.0,-9999.0,61.1300010681,291.85437879431,76.9684108796424,261069.5,671568.42,28,16,61.13
NS67SW_1277,1,1_2,5.15580969089,-9999.0,-9999.0,-9999.0,63.9259986877,111.70900679273,43.4951474731324,261191.73,671561.09,12,8,63.926
NS67SW_1279,1,1_2,4.41010742471,-9999.0,-9999.0,-9999.0,50.3450012207,209.323383750165,69.7220342332039,260824.49,671566.46,36,20,50.345
NS67SW_1282,1,1_2,5.2428919111,-9999.0,-9999.0,-9999.0,64.8020019531,92.1136651463684,41.6092041599848,261127.7,671558.62,20,12,64.802
NS67SW_1286,1,1_2,4.68358337524,-9999.0,-9999.0,-9999.0,64.7269973755,127.027368087951,51.0383782830915,261149.33,671559.28,28,16,64.727
NS67SW_1288,1,1_2,2.63906804069,-9999.0,-9999.0,-9999.0,62.1730003357,30.6766649934601,23.2019877797149,261067.43,671553.67,12,8,62.173
NS67SW_1290,1,1_2,5.48504380655,-9999.0,-9999.0,-9999.0,59.9900016785,78.6079617181341,38.4066256090002,261035.86,671555.16,20,12,59.99
NS67SW_1292,1,1_2,5.65671276516,-9999.0,-9999.0,-9999.0,57.2280006409,149.323187655012,54.2663339436468,260960.63,671556.87,28,16,57.228
NS67SW_1293,1,1_2,2.87835951774,-9999.0,-9999.0,-9999.0,56.2651138306,35.4928574939558,32.267174782871,260935.23,671552.17,20,12,56.265
NS67SW_1297,1,1_2,6.28960293723,-9999.0,-9999.0,-9999.0,52.5600013733,118.227015469035,43.7579290535481,260876.87,671553.62,12,8,52.56
NS67SW_1298,1,1_2,5.24578214827,-9999.0,-9999.0,-9999.0,64.0289993286,85.7059353012795,37.0385702378369,261200.08,671552.44,12,8,64.029
NS67SW_1299,1,1_2,4.61889439323,-9999.0,-9999.0,-9999.0,64.81300354,119.846809349202,48.1290911244661,261119.86,671554.02,20,12,64.813
NS67SW_1303,1,1_2,5.83223931521,-9999.0,-9999.0,-9999.0,64.716003418,77.1136299372246,35.3373229697738,261153.83,671548.52,12,8,64.716
NS67SW_1304,1,1_2,5.19042053957,-9999.0,-9999.0,-9999.0,62.2560005188,329.126909742117,124.018797946817,261249.7,671554.97,84,44,62.256
NS67SW_1307,1,1_2,2.38855994238,-9999.0,-9999.0,-9999.0,53.797000885,22.655190002732,22.2210892761589,260887.73,671543.25,8,6,53.797
NS67SW_1309,1,1_2,6.23626848046,-9999.0,-9999.0,-9999.0,57.0909996033,127.038853078459,49.6441867189919,260948.64,671547.58,28,16,57.091
NS67SW_1311,1,1_2,6.39199067796,-9999.0,-9999.0,-9999.0,53.0670013428,117.277134131307,43.5536614388535,260862.35,671545.8,12,8,53.067
NS67SW_1312,1,1_2,6.40899836007,-9999.0,-9999.0,-9999.0,59.2680015564,118.490750660643,45.5362719800197,261023.45,671547.93,20,12,59.268
NS67SW_1313,1,1_2,2.43436033676,-9999.0,-9999.0,-9999.0,64.7210006714,111.756842596825,47.3916908230938,261109.89,671543.64,28,16,64.721
NS67SW_1315,1,1_2,5.89342833754,-9999.0,-9999.0,-9999.0,63.3590011597,94.6174487269868,39.5421254186753,261071.32,671544.59,12,8,63.359
NS67SW_1317,1,1_2,2.0515057809,-9999.0,-9999.0,-9999.0,53.5219993591,45.4145775017762,27.0501253677717,260875.89,671540.29,12,8,53.522
NS67SW_1319,1,1_2,2.38355089544,-9999.0,-9999.0,-9999.0,61.5979995728,48.1583062430292,27.9333871751771,261044.67,671539.8,12,8,61.598
NS67SW_1323,1,1_2,2.19195064969,-9999.0,-9999.0,-9999.0,54.4910011292,25.2435300002341,24.0262410218884,260880.91,671533.99,8,6,54.491
NS67SW_1327,1,1_2,6.12848694338,-9999.0,-9999.0,-9999.0,53.4029998779,135.234063457336,50.8674170507029,260848.7,671535.9,28,16,53.403
NS67SW_1328,1,1_2,5.96538133249,-9999.0,-9999.0,-9999.0,54.2120018005,122.323665655448,44.3883881036255,260892.26,671535.58,12,8,54.212
NS67SW_1329,1,1_2,2.01769600452,-9999.0,-9999.0,-9999.0,54.134765625,22.6907925024227,23.0378558342128,260863.09,671530.61,8,6,54.135
NS67SW_1331,1,1_2,5.24074099056,-9999.0,-9999.0,-9999.0,56.8530006409,149.122072303049,51.826371188545,260935.38,671535.09,20,12,56.853
NS67SW_1333,1,1_2,5.93423814643,-9999.0,-9999.0,-9999.0,64.7099990845,74.2735341033865,34.6795169417979,261120.83,671532.13,12,8,64.71
NS67SW_1335,1,1_2,3.86668711892,-9999.0,-9999.0,-9999.0,64.1849975586,343.023291514852,121.180039159258,261168.05,671539.81,68,36,64.185
NS67SW_1339,1,1_2,5.29453358008,-9999.0,-9999.0,-9999.0,63.1940002441,285.794268097589,84.8381190363001,261225.15,671533.54,28,16,63.194
NS67SW_1340,1,1_2,2.24884475708,-9999.0,-9999.0,-9999.0,55.5289993286,21.3104850016083,23.952401374187,260873.85,671522.59,8,6,55.529
NS67SW_1341,1,1_2,2.86938628617,-9999.0,-9999.0,-9999.0,55.3880004883,37.1363338540582,27.4242309645036,260886.77,671523.0,20,12,55.388
NS67SW_1343,1,1_2,5.9093003148,-9999.0,-9999.0,-9999.0,55.5769996643,67.2460296400792,33.2199489111604,260898.77,671523.3,12,8,55.577
NS67SW_1344,1,1_2,4.47391220513,-9999.0,-9999.0,-9999.0,51.5649986267,386.3834656441,130.581989518997,260795.18,671531.81,68,36,51.565
NS67SW_1347,1,1_2,4.99537488412,-9999.0,-9999.0,-9999.0,55.1739997864,92.2676399988757,49.0712030199859,260861.16,671518.35,32,18,55.174
NS67SW_1348,1,1_2,4.12485782135,-9999.0,-9999.0,-9999.0,64.0260009766,330.629328694149,132.476792699603,261086.21,671526.2,80,42,64.026
NS67SW_1349,1,1_2,6.13859542588,-9999.0,-9999.0,-9999.0,63.6769981384,74.2013476373199,34.7062259047151,261209.81,671518.89,12,8,63.677
NS67SW_1351,1,1_2,2.54191923141,-9999.0,-9999.0,-9999.0,62.2260017395,21.6128924979742,21.8194734579693,261019.21,671515.42,8,6,62.226
NS67SW_1354,1,1_2,6.96729753014,-9999.0,-9999.0,-9999.0,50.7789993286,205.298264485016,58.9599867667767,260649.01,671520.43,12,8,50.779
NS67SW_1355,1,1_2,4.69709361844,-9999.0,-9999.0,-9999.0,64.6340026855,113.274012215096,58.9893610887338,261127.22,671521.69,28,16,64.634
NS67SW_1356,1,1_2,5.59109815207,-9999.0,-9999.0,-9999.0,52.266998291,66.017982190854,32.813058633448,260776.51,671516.14,12,8,52.267
NS67SW_1357,1,1_2,5.46612774359,-9999.0,-9999.0,-9999.0,56.1399993896,76.7892093239528,37.5310659593645,260904.45,671516.18,20,12,56.14
NS67SW_1359,1,1_2,5.24627552137,-9999.0,-9999.0,-9999.0,64.4639968872,95.2459691400073,41.2120980865081,261137.05,671515.91,20,12,64.464
NS67SW_1361,1,1_2,6.2864979853,-9999.0,-9999.0,-9999.0,53.8870010376,162.737255150627,52.1769108497816,260824.68,671513.3,20,12,53.887
NS67SW_1362,1,1_2,5.16985641336,-9999.0,-9999.0,-9999.0,62.5040016174,417.995705019378,123.174336519683,261039.64,671517.19,64,34,62.504
NS67SW_1363,1,1_2,3.17808549064,-9999.0,-9999.0,-9999.0,60.716999054,20.7329099979525,21.8004362178817,260996.89,671506.5,8,6,60.717
NS67SW_1365,1,1_2,5.92156235159,-9999.0,-9999.0,-9999.0,64.8040008545,73.6749016196619,34.5578223196864,261089.96,671508.58,12,8,64.804
NS67SW_1366,1,1_2,7.09641313811,-9999.0,-9999.0,-9999.0,51.3759994507,195.120256013854,58.1078275677244,260668.73,671510.74,20,12,51.376
NS67SW_1368,1,1_2,2.15043581794,-9999.0,-9999.0,-9999.0,56.5200004578,23.162073751024,23.1022189714169,260898.86,671504.51,8,6,56.52
NS67SW_1369,1,1_2,5.33653520526,-9999.0,-9999.0,-9999.0,56.3170013428,128.442525886352,45.4391188186704,260916.25,671507.72,12,8,56.317
NS67SW_1370,1,1_2,5.38676794954,-9999.0,-9999.0,-9999.0,63.7610015869,193.369959549003,60.8955409807329,261198.04,671508.78,24,14,63.761
NS67SW_1372,1,1_2,2.35485903718,-9999.0,-9999.0,-9999.0,54.1787490845,56.2871212432401,30.3050005277013,260809.42,671503.99,12,8,54.179
NS67SW_1375,1,1_2,5.96183964978,-9999.0,-9999.0,-9999.0,62.8959999084,74.1415476719134,34.661268778957,261018.97,671504.44,12,8,62.896
NS67SW_1381,1,1_2,1.89322769859,-9999.0,-9999.0,-9999.0,55.0537986755,30.7646287520201,23.9640398989404,260821.59,671499.04,12,8,55.054
NS67SW_1382,1,1_2,2.35402442314,-9999.0,-9999.0,-9999.0,55.8650016785,21.9958837496226,21.5447335714108,260914.08,671494.91,8,6,55.865
NS67SW_1383,1,1_2,5.18226429042,-9999.0,-9999.0,-9999.0,61.6976661682,104.421486029676,56.5839492103099,261008.54,671503.63,36,20,61.698
NS67SW_1384,1,1_2,4.67788973873,-9999.0,-9999.0,-9999.0,65.1070022583,120.620937321415,58.9052598494507,261096.32,671502.59,36,20,65.107
NS67SW_1385,1,1_2,3.97474534461,-9999.0,-9999.0,-9999.0,64.4980010986,190.281771903678,54.6179177039169,261143.62,671504.03,16,10,64.498
NS67SW_1386,1,1_2,6.89820614015,-9999.0,-9999.0,-9999.0,51.7249984741,195.420527361016,57.9890089347587,260688.08,671501.28,20,12,51.725
NS67SW_1391,1,1_2,4.61659547203,-9999.0,-9999.0,-9999.0,64.1269989014,148.766375508968,50.8822472170879,261184.88,671497.01,20,12,64.127
NS67SW_1393,1,1_2,6.90429130921,-9999.0,-9999.0,-9999.0,50.7109985352,202.869450631663,62.3430845793459,260628.62,671493.74,28,16,50.711
NS67SW_1397,1,1_2,3.99520226737,-9999.0,-9999.0,-9999.0,56.2299995422,329.061162917219,126.181754663914,260873.79,671499.93,76,40,56.23
NS67SW_1398,1,1_2,5.59695630343,-9999.0,-9999.0,-9999.0,64.3679962158,68.0825212931077,33.381729325233,261174.98,671488.74,12,8,64.368
NS67SW_1399,1,1_2,6.93649411483,-9999.0,-9999.0,-9999.0,52.03099823,200.541940999957,60.52108888971,260707.11,671491.76,28,16,52.031
NS67SW_1400,1,1_2,6.17146740997,-9999.0,-9999.0,-9999.0,54.1689987183,121.912715704056,44.3581261693714,260799.71,671489.91,12,8,54.169
NS67SW_1403,1,1_2,3.85121598145,-9999.0,-9999.0,-9999.0,55.0289993286,173.099401323535,74.9856736630463,260910.34,671486.49,44,24,55.029
NS67SW_1404,1,1_2,4.12514275106,-9999.0,-9999.0,-9999.0,64.922996521,199.419372372085,77.730511900266,261054.69,671488.28,44,24,64.923
NS67SW_1409,1,1_2,5.10542874066,-9999.0,-9999.0,-9999.0,65.4199981689,216.829275731497,71.8150630755044,261108.76,671487.09,36,20,65.42
NS67SW_1414,1,1_2,6.71479571252,-9999.0,-9999.0,-9999.0,52.1360015869,204.576541862373,60.1811080626291,260648.13,671484.18,20,12,52.136
NS67SW_1415,1,1_2,4.43863304443,-9999.0,-9999.0,-9999.0,55.2229995728,470.33945193057,170.39842702112,260846.4,671490.42,128,66,55.223
NS67SW_1417,1,1_2,7.01343398119,-9999.0,-9999.0,-9999.0,52.141998291,196.534636517922,58.8574604247191,260727.1,671482.24,20,12,52.142
NS67SW_1420,1,1_2,5.51561634465,-9999.0,-9999.0,-9999.0,65.5088348389,109.119852543146,43.1498422094185,261120.54,671478.86,12,8,65.509
NS67SW_1421,1,1_2,6.05207075306,-9999.0,-9999.0,-9999.0,55.0040016174,124.216748488515,46.238594738296,260810.56,671478.03,20,12,55.004
NS67SW_1423,1,1_2,5.57819432098,-9999.0,-9999.0,-9999.0,54.891998291,78.4832531466027,35.6347606273461,260916.5,671473.27,12,8,54.892
NS67SW_1426,1,1_2,4.30101608246,-9999.0,-9999.0,-9999.0,64.7099990845,133.627656950448,61.9431690998593,261033.34,671474.23,44,24,64.71
NS67SW_1427,1,1_2,5.32422924699,-9999.0,-9999.0,-9999.0,65.3980026245,225.569108293761,67.3464073853545,261072.64,671478.11,44,24,65.398
NS67SW_1430,1,1_2,6.2058146274,-9999.0,-9999.0,-9999.0,52.6513328552,229.115440531353,64.4768056043927,260667.62,671474.93,20,12,52.651
NS67SW_1431,1,1_2,4.80059621836,-9999.0,-9999.0,-9999.0,55.7700004578,1156.99122519502,332.683083557849,260978.99,671507.17,200,102,55.77
NS67SW_1434,1,1_2,6.80995831957,-9999.0,-9999.0,-9999.0,52.0800018311,201.082606036934,58.6089567997983,260746.52,671472.62,20,12,52.08
NS67SW_1443,1,1_2,5.05616397118,-9999.0,-9999.0,-9999.0,55.5489997864,171.401186445526,75.1913893758371,260821.33,671470.67,52,28,55.549
NS67SW_1445,1,1_2,6.50576836367,-9999.0,-9999.0,-9999.0,52.5089988708,199.399416970535,59.3859856941336,260688.61,671465.3,28,16,52.509
NS67SW_1446,1,1_2,2.51015595829,-9999.0,-9999.0,-9999.0,66.1510009766,21.3691125002224,21.4538954997839,261068.51,671457.67,8,6,66.151
NS67SW_1451,1,1_2,2.15741464543,-9999.0,-9999.0,-9999.0,65.2890014648,47.4345000073071,27.5586416693278,261048.01,671458.69,12,8,65.289
NS67SW_1453,1,1_2,5.43935477147,-9999.0,-9999.0,-9999.0,64.9940032959,122.999997782505,44.5156607467888,261034.89,671461.31,12,8,64.994
NS67SW_1454,1,1_2,3.63149503325,-9999.0,-9999.0,-9999.0,53.0250015259,166.993752075922,54.9849196992418,260765.39,671459.69,20,12,53.025
NS67SW_1460,1,1_2,3.88214501527,-9999.0,-9999.0,-9999.0,54.1150016785,228.659165621318,95.1833758852614,260910.18,671460.07,60,32,54.115
NS67SW_1462,1,1_2,3.48992558639,-9999.0,-9999.0,-9999.0,53.1870002747,150.279311263618,53.7499882686935,260783.0,671453.89,24,14,53.187
NS67SW_1463,1,1_2,4.37461908266,-9999.0,-9999.0,-9999.0,55.0509986877,155.208727494323,69.0988396705457,260836.13,671454.6,40,22,55.051
NS67SW_1464,1,1_2,6.69104779528,-9999.0,-9999.0,-9999.0,52.6739997864,196.798423594623,59.0732868623672,260708.56,671455.55,28,16,52.674
NS67SW_1465,1,1_2,5.95865807757,-9999.0,-9999.0,-9999.0,65.6755371094,76.3565147470069,35.2423559345714,261140.27,671451.54,12,8,65.675
NS67SW_1466,1,1_2,4.84797431596,-9999.0,-9999.0,-9999.0,64.3089981079,546.64216313119,149.833042493008,261159.39,671466.56,116,60,64.309
NS67SW_1468,1,1_2,4.9174406095,-9999.0,-9999.0,-9999.0,55.3549995422,187.938417475637,65.3946166785828,260952.03,671455.23,36,20,55.355
NS67SW_1471,1,1_2,4.7591325913,-9999.0,-9999.0,-9999.0,65.5279998779,358.726440834096,144.73847401809,261091.39,671456.55,88,46,65.528
NS67SW_1472,1,1_2,5.65377155496,-9999.0,-9999.0,-9999.0,64.8949966431,145.840805920404,60.2190078606749,261046.27,671446.4,28,16,64.895
NS67SW_1474,1,1_2,2.26242083595,-9999.0,-9999.0,-9999.0,55.2980003357,43.751355002434,26.5579842002556,260954.93,671442.15,12,8,55.298
NS67SW_1475,1,1_2,6.88225632857,-9999.0,-9999.0,-9999.0,52.6590003967,193.865220675072,57.9378714995298,260728.39,671445.68,20,12,52.659
NS67SW_1477,1,1_2,2.22942662035,-9999.0,-9999.0,-9999.0,52.9650001526,35.3336775027331,31.6955753877881,260635.89,671438.32,16,10,52.965
NS67SW_1480,1,1_2,4.91723765914,-9999.0,-9999.0,-9999.0,62.1227722168,680.682993991839,231.6827793852,261002.51,671467.9,164,84,62.123
NS67SW_1481,1,1_2,4.49983659748,-9999.0,-9999.0,-9999.0,65.7819976807,130.117241075257,56.9786570745776,261137.44,671442.03,28,16,65.782
NS67SW_1482,1,1_2,2.34474264407,-9999.0,-9999.0,-9999.0,52.9679985046,40.812630002372,32.0291252328087,260656.89,671439.41,24,14,52.968
NS67SW_1484,1,1_2,2.02429572903,-9999.0,-9999.0,-9999.0,64.858001709,41.3355375038014,35.0876458037946,261068.19,671436.82,20,12,64.858
NS67SW_1486,1,1_2,4.70013648176,-9999.0,-9999.0,-9999.0,54.5379981995,246.117658663223,95.7519554060585,260917.88,671443.17,44,24,54.538
NS67SW_1490,1,1_2,2.37062275949,-9999.0,-9999.0,-9999.0,65.8769989014,55.2283251804065,36.899790179742,261097.93,671436.99,24,14,65.877
NS67SW_1493,1,1_2,6.43320561673,-9999.0,-9999.0,-9999.0,52.8989982605,119.352460425616,44.1466728148948,260646.27,671433.81,12,8,52.899
NS67SW_1494,1,1_2,2.3043773682,-9999.0,-9999.0,-9999.0,64.9110031128,100.475487202235,62.2789671283631,261083.75,671436.59,48,26,64.911
NS67SW_1496,1,1_2,6.96796739133,-9999.0,-9999.0,-9999.0,52.5050010681,202.701828180192,58.9430429134025,260748.22,671435.93,20,12,52.505
NS67SW_1497,1,1_2,6.11815755903,-9999.0,-9999.0,-9999.0,64.7630004883,119.359962418156,46.0123769040781,261055.73,671433.72,20,12,64.763
NS67SW_1498,1,1_2,5.10733873897,-9999.0,-9999.0,-9999.0,61.7400016785,109.523099703772,44.2864268952841,261019.73,671430.56,28,16,61.74
NS67SW_1499,1,1_2,4.32156150174,-9999.0,-9999.0,-9999.0,65.4126663208,144.295678443643,63.7203237995608,261134.25,671431.83,36,20,65.413
NS67SW_1504,1,1_2,6.40781405807,-9999.0,-9999.0,-9999.0,52.4140014648,119.563067277526,44.1719067982156,260628.6,671425.63,12,8,52.414
NS67SW_1506,1,1_2,6.99524937907,-9999.0,-9999.0,-9999.0,52.8209991455,197.224971717729,59.6283114669391,260767.95,671425.95,36,20,52.821
NS67SW_1507,1,1_2,5.9893410911,-9999.0,-9999.0,-9999.0,64.623336792,128.912177282128,46.7185910051572,261070.68,671424.78,20,12,64.623
NS67SW_1511,1,1_2,2.43211320899,-9999.0,-9999.0,-9999.0,65.0469970703,25.0388212473889,23.7714120323881,261135.65,671419.2,8,6,65.047
NS67SW_1514,1,1_2,3.07381022311,-9999.0,-9999.0,-9999.0,65.0279998779,1516.12593805328,226.351615223487,261231.6,671445.97,108,56,65.028
NS67SW_1516,1,1_2,5.3401922732,-9999.0,-9999.0,-9999.0,64.5749969482,126.137949420249,45.4438992902905,261086.87,671420.03,20,12,64.575
NS67SW_1518,1,1_2,4.88074035058,-9999.0,-9999.0,-9999.0,54.0410003662,173.453563510907,54.7158574516417,260850.39,671418.82,20,12,54.041
NS67SW_1520,1,1_2,5.06497902706,-9999.0,-9999.0,-9999.0,54.8050003052,280.401694355221,96.2967973732181,260928.93,671421.92,40,22,54.805
NS67SW_1521,1,1_2,5.29848651006,-9999.0,-9999.0,-9999.0,55.2019996643,469.185041323491,141.899091524107,260977.13,671426.32,84,44,55.202
NS67SW_1523,1,1_2,2.35491423834,-9999.0,-9999.0,-9999.0,52.8260002136,30.6411562504945,24.7938374904296,260755.01,671410.61,12,8,52.826
NS67SW_1524,1,1_2,6.94626154028,-9999.0,-9999.0,-9999.0,53.1819992065,184.830066780611,56.9794613821609,260787.85,671416.28,20,12,53.182
NS67SW_1525,1,1_2,2.12065617987,-9999.0,-9999.0,-9999.0,54.1730003357,60.1617000010447,31.9561649511931,260862.12,671411.1,12,8,54.173
NS67SW_1531,1,1_2,5.46029963921,-9999.0,-9999.0,-9999.0,52.7159996033,526.512744968639,167.958255063621,260679.46,671418.83,104,54,52.716
NS67SW_1533,1,1_2,4.83080305454,-9999.0,-9999.0,-9999.0,64.4290008545,258.030623475791,76.8154402253154,261124.34,671415.14,28,16,64.429
NS67SW_1534,1,1_2,2.43074335875,-9999.0,-9999.0,-9999.0,53.3050003052,29.8387500034573,22.5605302825353,260723.88,671403.3,12,8,53.305
NS67SW_1535,1,1_2,2.33573924025,-9999.0,-9999.0,-9999.0,53.2229995728,22.2719437559716,23.1099771651275,260750.44,671402.55,8,6,53.223
NS67SW_1539,1,1_2,5.84063518928,-9999.0,-9999.0,-9999.0,54.1399993896,136.976023787329,46.9878548885665,260849.67,671402.77,12,8,54.14
NS67SW_1544,1,1_2,5.66934303721,-9999.0,-9999.0,-9999.0,53.1139984131,162.101825025688,56.0262757062064,260711.67,671402.68,32,18,53.114
NS67SW_1545,1,1_2,5.86508589999,-9999.0,-9999.0,-9999.0,64.2040023804,93.2003122527364,38.6297913493739,261115.96,671399.72,12,8,64.204
NS67SW_1548,1,1_2,4.3924117196,-9999.0,-9999.0,-9999.0,52.1629981995,128.547183761966,50.6704391782883,260649.49,671396.99,28,16,52.163
NS67SW_1551,1,1_2,4.30669620093,-9999.0,-9999.0,-9999.0,64.1900024414,313.929510764283,78.6570688747985,261238.87,671394.38,12,8,64.19
NS67SW_1555,1,1_2,4.3059629954,-9999.0,-9999.0,-9999.0,54.8619995117,413.432861252656,112.933022333838,260951.25,671400.03,56,30,54.862
NS67SW_1560,1,1_2,5.67838693816,-9999.0,-9999.0,-9999.0,55.2210006714,74.8040199242133,34.7686722756949,260971.17,671389.57,12,8,55.221
NS67SW_1566,1,1_2,5.22910420677,-9999.0,-9999.0,-9999.0,52.3660011292,175.419059290052,57.5721284406158,260663.58,671389.55,28,16,52.366
NS67SW_1567,1,1_2,5.36404648146,-9999.0,-9999.0,-9999.0,56.1119995117,697.147642534444,208.282508552932,261036.95,671397.77,116,60,56.112
NS67SW_1569,1,1_2,4.40785845784,-9999.0,-9999.0,-9999.0,54.1139984131,205.880100450747,81.4429404832578,260855.97,671388.83,44,24,54.114
NS67SW_1573,1,1_2,6.00373042779,-9999.0,-9999.0,-9999.0,51.7109985352,134.71861184899,51.4584490545582,260632.24,671386.03,36,20,51.711
NS67SW_1577,1,1_2,5.24074875561,-9999.0,-9999.0,-9999.0,53.4959983826,357.029351573052,113.021098414836,260735.64,671388.24,64,34,53.496
NS67SW_1578,1,1_2,2.32178935649,-9999.0,-9999.0,-9999.0,53.6609992981,47.1970125012143,36.7414221882765,260758.11,671381.89,20,12,53.661
NS67SW_1579,1,1_2,6.39248373917,-9999.0,-9999.0,-9999.0,52.75,120.752720986235,44.4169775059136,260679.36,671382.37,12,8,52.75
NS67SW_1582,1,1_2,2.13218338425,-9999.0,-9999.0,-9999.0,51.8639984131,22.4342700014369,22.6622045725714,260634.85,671376.45,8,6,51.864
NS67SW_1586,1,1_2,5.18819761698,-9999.0,-9999.0,-9999.0,55.3556671143,90.1574617974832,39.5517262537248,260991.45,671379.02,24,14,55.356
NS67SW_1590,1,1_2,5.00474373621,-9999.0,-9999.0,-9999.0,55.2610015869,137.969233363288,60.7717589255746,260980.51,671378.96,28,16,55.261
NS67SW_1594,1,1_2,6.52310379093,-9999.0,-9999.0,-9999.0,53.1790008545,119.388443924311,44.1299221963965,260694.78,671374.42,12,8,53.179
NS67SW_1596,1,1_2,2.34401155954,-9999.0,-9999.0,-9999.0,52.891998291,44.8524787438205,30.0339955319635,260682.29,671370.34,16,10,52.892
NS67SW_1598,1,1_2,2.9289882852,-9999.0,-9999.0,-9999.0,55.4319992065,38.2693424990698,25.6927045396091,260971.73,671369.74,12,8,55.432
NS67SW_1603,1,1_2,4.46563470521,-9999.0,-9999.0,-9999.0,54.1910018921,215.812884236472,77.2277912341053,260855.46,671372.13,28,16,54.191
NS67SW_1606,1,1_2,5.45006204401,-9999.0,-9999.0,-9999.0,52.2789993286,163.508328412042,65.8067183898029,260643.47,671371.98,28,16,52.279
NS67SW_1610,1,1_2,5.95111915738,-9999.0,-9999.0,-9999.0,53.5,138.572111810112,48.6109030930001,260755.2,671366.59,20,12,53.5
NS67SW_1615,1,1_2,4.12324948759,-9999.0,-9999.0,-9999.0,55.5390014648,321.36404454199,128.004158556613,261005.06,671369.76,68,36,55.539
NS67SW_1617,1,1_2,5.03869678348,-9999.0,-9999.0,-9999.0,55.9020004272,217.264992407086,68.0237991737642,261028.68,671366.7,36,20,55.902
NS67SW_1627,1,1_2,5.18463688765,-9999.0,-9999.0,-9999.0,52.608001709,175.621809676588,68.2708909768622,260658.95,671357.73,36,20,52.608
NS67SW_1628,1,1_2,5.11551111334,-9999.0,-9999.0,-9999.0,56.4799995422,148.174347980442,50.1456605224447,261044.23,671359.39,20,12,56.48
NS67SW_1634,1,1_2,5.17375915889,-9999.0,-9999.0,-9999.0,54.2770004272,133.135087454561,46.487410426134,260849.59,671352.82,20,12,54.277
NS67SW_1635,1,1_2,4.75875843299,-9999.0,-9999.0,-9999.0,53.1616668701,435.638749859803,127.179955976362,260714.74,671358.81,64,34,53.162
NS67SW_1637,1,1_2,5.82908743938,-9999.0,-9999.0,-9999.0,53.9398002625,375.334155790715,87.8308729522867,260809.5,671352.91,32,18,53.94
NS67SW_1638,1,1_2,6.16855734366,-9999.0,-9999.0,-9999.0,56.5209999084,76.1888587986983,35.1405080104222,261081.46,671349.82,12,8,56.521
NS67SW_1644,1,1_2,4.66944827359,-9999.0,-9999.0,-9999.0,56.8969993591,127.129837504453,48.361748949615,261070.33,671351.36,20,12,56.897
NS67SW_1647,1,1_2,4.70400159933,-9999.0,-9999.0,-9999.0,53.4565010071,218.321539561954,77.9692142028761,260763.77,671352.19,44,24,53.456
NS67SW_1648,1,1_2,5.78454629903,-9999.0,-9999.0,-9999.0,64.7009963989,105.61493176278,42.3902543520281,261244.51,671345.53,20,12,64.701
NS67SW_1651,1,1_2,5.52467128209,-9999.0,-9999.0,-9999.0,56.1739997864,121.221738127188,45.2322122962407,261092.72,671345.95,20,12,56.174
NS67SW_1654,1,1_2,5.3703939137,-9999.0,-9999.0,-9999.0,52.4819984436,166.0464502907,56.4050845895567,260669.88,671346.09,28,16,52.482
NS67SW_1656,1,1_2,2.41697034411,-9999.0,-9999.0,-9999.0,53.2569999695,43.9399762524807,27.1009909280526,260731.43,671341.65,12,8,53.257
NS67SW_1666,1,1_2,2.28663118547,-9999.0,-9999.0,-9999.0,53.2060012817,82.2659598384158,44.4034758511536,260765.96,671336.32,28,16,53.206
NS67SW_1669,1,1_2,6.04168125016,-9999.0,-9999.0,-9999.0,56.047000885,136.123211352605,47.2842151071139,261104.72,671338.11,12,8,56.047
NS67SW_1670,1,1_2,5.22380566406,-9999.0,-9999.0,-9999.0,54.5040016174,130.501272402379,45.7511480997869,260858.52,671336.29,12,8,54.504
NS67SW_1675,1,1_2,4.88567021809,-9999.0,-9999.0,-9999.0,52.5260009766,219.0697160928,74.2318354569265,260686.79,671336.49,32,18,52.526
NS67SW_1678,1,1_2,2.5712449407,-9999.0,-9999.0,-9999.0,52.766998291,25.4090400042092,23.7005391214629,260706.17,671329.42,8,6,52.767
NS67SW_1683,1,1_2,6.22181250374,-9999.0,-9999.0,-9999.0,56.0800018311,134.569934657264,46.9573005039889,261121.17,671330.4,12,8,56.08
NS67SW_1688,1,1_2,5.86636675666,-9999.0,-9999.0,-9999.0,53.1209983826,134.044524921921,49.6820664904586,260757.51,671327.54,20,12,53.121
NS67SW_1696,1,1_2,6.02243103338,-9999.0,-9999.0,-9999.0,52.4039993286,137.141695954817,53.9945037316676,260695.47,671323.85,36,20,52.404
NS67SW_1697,1,1_2,5.29742970143,-9999.0,-9999.0,-9999.0,54.71900177,130.878818445717,46.4180229202116,260868.56,671319.91,12,8,54.719
NS67SW_1698,1,1_2,6.16344829023,-9999.0,-9999.0,-9999.0,56.2229995728,133.797492063673,46.7968183406314,261136.74,671321.34,12,8,56.223
NS67SW_1700,1,1_2,2.1673610843,-9999.0,-9999.0,-9999.0,56.2290000916,29.1927824988928,24.7243851610807,261123.31,671315.06,8,6,56.229
NS67SW_1703,1,1_2,5.65982120294,-9999.0,-9999.0,-9999.0,52.75,327.536921180641,110.809447860926,260718.49,671325.42,44,26,52.75
NS67SW_1704,1,1_2,3.67337038412,-9999.0,-9999.0,-9999.0,51.9889984131,219.941341906542,67.9753445962294,260638.27,671319.53,36,20,51.989
NS67SW_1706,1,1_2,5.31227936536,-9999.0,-9999.0,-9999.0,52.8940010071,99.4894592254983,42.2149983804922,260750.66,671315.11,20,12,52.894
NS67SW_1708,1,1_2,5.6875811293,-9999.0,-9999.0,-9999.0,56.3860015869,75.6653360014446,35.0074772272113,261149.4,671313.56,12,8,56.386
NS67SW_1711,1,1_2,6.23810025981,-9999.0,-9999.0,-9999.0,54.0410003662,596.850978386939,102.214148637282,260811.9,671324.48,20,12,54.041
NS67SW_1721,1,1_2,2.17395023164,-9999.0,-9999.0,-9999.0,56.7944297791,28.9395674964604,21.9612239097139,261137.73,671306.89,12,8,56.794
NS67SW_1726,1,1_2,5.17393692796,-9999.0,-9999.0,-9999.0,56.5419998169,1050.35259801675,326.521398319788,261173.96,671336.55,172,88,56.542
NS67SW_1736,1,1_2,6.09944682421,-9999.0,-9999.0,-9999.0,54.8979988098,118.115226864283,43.6886825602109,260876.17,671303.55,12,8,54.898
NS67SW_1739,1,1_2,4.37530075501,-9999.0,-9999.0,-9999.0,52.2239990234,225.366624655233,69.7286663412708,260656.04,671306.46,44,24,52.224
NS67SW_1742,1,1_2,6.52066846646,-9999.0,-9999.0,-9999.0,52.9090003967,118.680317120994,44.1363225918376,260745.68,671299.76,12,8,52.909
NS67SW_1743,1,1_2,4.85785064448,-9999.0,-9999.0,-9999.0,56.7019996643,319.533199502149,120.323659679643,261164.33,671302.4,52,28,56.702
NS67SW_1749,1,1_2,3.87671644725,-9999.0,-9999.0,-9999.0,54.547000885,202.943842134821,77.4334461341688,260843.97,671298.17,40,24,54.547
NS67SW_1753,1,1_2,2.55071267022,-9999.0,-9999.0,-9999.0,52.3530006409,26.8251975014985,24.786861671908,260660.57,671288.36,8,6,52.353
NS67SW_1755,1,1_2,3.86636689591,-9999.0,-9999.0,-9999.0,52.311000824,186.846534312075,63.0174944270563,260673.33,671293.81,36,20,52.311
NS67SW_1761,1,1_2,6.43865168353,-9999.0,-9999.0,-9999.0,53.2280006409,121.896953219259,44.8030030752721,260765.2,671288.34,12,8,53.228
NS67SW_1767,1,1_2,2.22815619843,-9999.0,-9999.0,-9999.0,57.3785018921,41.9975850019008,26.2867114019975,261169.71,671282.85,12,8,57.379
NS67SW_1769,1,1_2,5.79457151423,-9999.0,-9999.0,-9999.0,57.1290016174,149.295035996699,51.8645670308824,261183.35,671286.03,20,12,57.129
NS67SW_1772,1,1_2,5.7457202992,-9999.0,-9999.0,-9999.0,53.8040008545,144.101035464922,51.7540628548867,260782.33,671283.58,20,12,53.804
NS67SW_1774,1,1_2,4.5074137825,-9999.0,-9999.0,-9999.0,58.0489997864,467.374805733698,137.1082153931,261236.63,671291.59,92,48,58.049
NS67SW_1775,1,1_2,2.45202653673,-9999.0,-9999.0,-9999.0,59.6069984436,24.2009999998105,20.4532947941651,260978.08,671278.01,12,8,59.607
NS67SW_1781,1,1_2,6.55388620936,-9999.0,-9999.0,-9999.0,53.8600006104,122.709400297235,44.6270780083374,260798.85,671277.37,12,8,53.86
NS67SW_1782,1,1_2,2.45274135734,-9999.0,-9999.0,-9999.0,57.9659996033,23.85045000025,23.4006859121528,260934.49,671275.46,8,6,57.966
NS67SW_1786,1,1_2,4.30179066721,-9999.0,-9999.0,-9999.0,55.3870010376,173.576797909439,55.8744244921791,260881.08,671279.51,12,8,55.387
NS67SW_1789,1,1_2,4.51469986039,-9999.0,-9999.0,-9999.0,53.7304992676,264.703910416755,120.325369921136,260819.65,671281.97,56,30,53.73
NS67SW_1791,1,1_2,4.98386801318,-9999.0,-9999.0,-9999.0,57.2610015869,204.693889112767,68.2722954526686,261192.95,671274.07,44,24,57.261
NS67SW_1796,1,1_2,2.6134872715,-9999.0,-9999.0,-9999.0,52.3899993896,39.0492037512461,28.4907671891527,260673.26,671267.29,8,6,52.39
NS67SW_1801,1,1_2,6.3308270896,-9999.0,-9999.0,-9999.0,56.6129989624,133.720612090716,46.8995760814172,260905.34,671266.82,12,8,56.613
NS67SW_1802,1,1_2,4.46018232371,-9999.0,-9999.0,-9999.0,54.8160018921,210.099496742701,64.969932547089,260844.22,671273.37,20,12,54.816
NS67SW_1804,1,1_2,5.23729685191,-9999.0,-9999.0,-9999.0,57.3600006104,183.931503711577,54.254591757665,260923.77,671267.72,12,8,57.36
NS67SW_1805,1,1_2,6.08254362987,-9999.0,-9999.0,-9999.0,58.4500007629,133.109837689559,46.7896767718335,260941.94,671265.67,12,8,58.45
NS67SW_1807,1,1_2,4.21434814362,-9999.0,-9999.0,-9999.0,59.0620002747,224.509208431055,72.2776179407455,260963.35,671267.04,28,16,59.062
NS67SW_1809,1,1_2,5.99027764477,-9999.0,-9999.0,-9999.0,59.8629989624,133.557933512896,46.8288414438167,260984.2,671264.1,12,8,59.863
NS67SW_1815,1,1_2,4.22065711723,-9999.0,-9999.0,-9999.0,60.0740013123,588.956343723292,187.857191321758,261011.93,671269.38,80,42,60.074
NS67SW_1817,1,1_2,4.25795809179,-9999.0,-9999.0,-9999.0,60.9770011902,194.623410506351,65.7836670683492,261041.99,671262.18,28,16,60.977
NS67SW_1818,1,1_2,2.17366902473,-9999.0,-9999.0,-9999.0,57.7150001526,46.5381937497295,27.2933765231482,261195.6,671257.61,12,8,57.715
NS67SW_1821,1,1_2,4.03928773609,-9999.0,-9999.0,-9999.0,52.3059997559,674.375455441548,199.929842170493,260710.08,671271.86,136,70,52.306
NS67SW_1823,1,1_2,5.54065482071,-9999.0,-9999.0,-9999.0,59.7299995422,856.124512843313,153.279823346081,261102.91,671268.15,56,28,59.73
NS67SW_1824,1,1_2,5.75571738212,-9999.0,-9999.0,-9999.0,57.6870002747,157.184817057046,53.0649091058305,261208.86,671259.5,20,12,57.687
NS67SW_1825,1,1_2,4.51522386739,-9999.0,-9999.0,-9999.0,51.8260002136,177.870221787253,56.5653028380833,260630.4,671258.72,12,8,51.826
NS67SW_1829,1,1_2,1.9162333981,-9999.0,-9999.0,-9999.0,52.1730003357,26.5784249998657,24.3895312458557,260658.77,671251.8,8,6,52.173
NS67SW_1841,1,1_2,5.21074267646,-9999.0,-9999.0,-9999.0,52.0750007629,184.860821762733,70.0069491939149,260648.18,671250.78,44,24,52.075
NS67SW_967,1,1_2,4.96997384201,-9999.0,-9999.0,-9999.0,54.1360015869,178.43350563207,61.1455166535756,261216.83,671807.02,28,16,54.136
NS67SW_975,1,1_2,2.46521868471,-9999.0,-9999.0,-9999.0,54.2163200378,36.5387399962875,42.1397859278374,261194.93,671790.94,24,14,54.216
NS67SW_980,1,1_2,6.18143767149,-9999.0,-9999.0,-9999.0,54.7509994507,99.1214871763827,40.1486372169626,261208.55,671789.74,12,8,54.751
NS67SW_984,1,1_2,2.31197749244,-9999.0,-9999.0,-9999.0,54.3779983521,40.141907636452,26.3276319374491,261182.85,671779.59,20,12,54.378
NS67SW_986,1,1_2,5.68194066659,-9999.0,-9999.0,-9999.0,54.6459999084,118.651795731634,47.0606357666186,261196.0,671778.99,28,16,54.646
NS67SW_992,1,1_2,5.31049503443,-9999.0,-9999.0,-9999.0,56.5970001221,134.491172396465,48.7981293289984,261237.56,671771.66,20,12,56.597
NS67SW_996,1,1_2,6.0938557371,-9999.0,-9999.0,-9999.0,54.6529998779,98.047645706218,39.9213074147824,261183.35,671766.86,12,8,54.653
NS67SW_268,1,1_4,3.10214397885,-9999.0,-9999.0,-9999.0,37.1180000305,56.0729137443501,29.7788188256547,261195.56,672619.27,16,10,37.118
NS67SW_276,1,1_4,4.56470061215,-9999.0,-9999.0,-9999.0,35.7010002136,175.488004642413,57.7828890755719,261216.27,672613.29,36,20,35.701
NS67SW_280,1,1_4,4.26124773723,-9999.0,-9999.0,-9999.0,36.2879981995,109.007219324273,41.7932706577404,260687.19,672607.37,12,8,36.288
NS67SW_297,1,1_4,7.33064998541,-9999.0,-9999.0,-9999.0,40.8499984741,37.5327149986372,24.5257668227475,260782.44,672583.91,12,8,40.85
NS67SW_302,1,1_4,4.01983108045,-9999.0,-9999.0,-9999.0,36.03099823,546.113427704481,176.421906287037,260683.33,672586.46,60,32,36.031
NS67SW_309,1,1_4,2.35769781938,-9999.0,-9999.0,-9999.0,36.6199989319,69.602074120048,36.2911051865983,260707.66,672568.76,12,8,36.62
NS67SW_331,1,1_4,3.784400051,-9999.0,-9999.0,-9999.0,36.8959999084,370.017225499738,80.9927282322805,260711.21,672545.66,20,12,36.896
NS67SW_4912,1,2_-1,5.30116431778,-9999.0,-9999.0,-9999.0,61.8359985352,93.3224522275635,41.5175330568872,261775.81,669999.49,28,16,61.836
NS67SW_3158,1,2_0,2.24392601112,-9999.0,-9999.0,-9999.0,69.0579986572,22.6779637514755,19.6047510285728,261322.47,670622.81,12,8,69.058
NS67SW_3165,1,2_0,2.15647213423,-9999.0,-9999.0,-9999.0,71.2620010376,55.3717200053355,42.110900739531,261472.86,670623.15,24,14,71.262
NS67SW_3189,1,2_0,2.5111854459,-9999.0,-9999.0,-9999.0,68.9150009155,21.9375187509719,20.3825557800052,261325.42,670613.7,12,8,68.915
NS67SW_3194,1,2_0,5.29048613976,-9999.0,-9999.0,-9999.0,67.4850006104,379.345839238113,81.533618818503,261404.26,670622.75,20,12,67.485
NS67SW_3199,1,2_0,4.18233424068,-9999.0,-9999.0,-9999.0,72.9879989624,226.507957908178,71.2257565550492,261739.19,670617.54,28,16,72.988
NS67SW_3211,1,2_0,3.71563194886,-9999.0,-9999.0,-9999.0,70.8939971924,373.039412049585,94.4556699558995,261448.69,670615.55,36,20,70.894
NS67SW_3216,1,2_0,2.43174760818,-9999.0,-9999.0,-9999.0,67.0059967041,105.478402494576,46.4837658638244,261374.93,670604.25,20,12,67.006
NS67SW_3217,1,2_0,4.04081169667,-9999.0,-9999.0,-9999.0,70.3030014038,671.873091787383,168.897004323079,261269.23,670610.43,92,48,70.303
NS67SW_3220,1,2_0,6.30153998622,-9999.0,-9999.0,-9999.0,75.6829986572,108.816908833168,42.0515731136171,261866.1,670598.7,12,8,75.683
NS67SW_3221,1,2_0,3.98375930612,-9999.0,-9999.0,-9999.0,69.8259963989,339.390278393301,82.0733984969043,261304.85,670600.67,28,16,69.826
NS67SW_3224,1,2_0,4.70232809838,-9999.0,-9999.0,-9999.0,67.2480010986,267.500643430213,67.8193440323344,261392.18,670602.09,20,12,67.248
NS67SW_3226,1,2_0,3.84272164307,-9999.0,-9999.0,-9999.0,70.0660018921,168.893429381173,58.8750244619471,261437.25,670596.53,44,24,70.066
NS67SW_3231,1,2_0,3.81959018824,-9999.0,-9999.0,-9999.0,68.8290023804,251.742519063,76.44353622805,261328.13,670596.85,28,16,68.829
NS67SW_3237,1,2_0,2.8902766888,-9999.0,-9999.0,-9999.0,70.7720031738,27.2020087509629,21.5908157508528,261440.36,670586.4,12,8,70.772
NS67SW_3241,1,2_0,4.8749493367,-9999.0,-9999.0,-9999.0,75.1510009766,193.31627823915,81.6905163936541,261846.87,670589.56,52,28,75.151
NS67SW_3247,1,2_0,3.7530356585,-9999.0,-9999.0,-9999.0,66.5279998779,120.624214268674,44.4746603358511,261384.12,670585.73,20,12,66.528
NS67SW_3251,1,2_0,4.12891471066,-9999.0,-9999.0,-9999.0,67.4173278809,345.070273959696,95.281399473382,261354.66,670588.2,44,24,67.417
NS67SW_3264,1,2_0,2.37854777156,-9999.0,-9999.0,-9999.0,72.4209976196,22.1878649994269,22.8269170064652,261251.98,670578.0,8,6,72.421
NS67SW_3266,1,2_0,4.59182992796,-9999.0,-9999.0,-9999.0,69.0810012817,170.634214082675,57.3065275512302,261431.42,670581.88,20,12,69.081
NS67SW_3267,1,2_0,4.65344011652,-9999.0,-9999.0,-9999.0,74.8916702271,137.854054733924,46.9842867431478,261836.55,670582.05,12,8,74.892
NS67SW_3284,1,2_0,2.75975379515,-9999.0,-9999.0,-9999.0,70.2279968262,46.4483143458322,36.6317011262786,261441.57,670569.34,20,12,70.228
NS67SW_3285,1,2_0,5.19973072808,-9999.0,-9999.0,-9999.0,74.4189987183,109.593113677276,41.9745990465893,261822.92,670572.24,12,8,74.419
NS67SW_3297,1,2_0,4.11395274571,-9999.0,-9999.0,-9999.0,66.1360015869,160.426163952664,56.7617817880591,261375.89,670571.15,20,12,66.136
NS67SW_3300,1,2_0,4.44120902622,-9999.0,-9999.0,-9999.0,68.1969985962,149.309888745445,49.4215934278459,261421.43,670569.32,12,8,68.197
NS67SW_3305,1,2_0,4.50459463899,-9999.0,-9999.0,-9999.0,74.4749984741,148.989912898195,65.2155658952193,261804.86,670563.39,28,16,74.475
NS67SW_3308,1,2_0,3.93472314217,-9999.0,-9999.0,-9999.0,71.2149963379,286.92206341946,80.9888717494161,261272.94,670568.44,52,28,71.215
NS67SW_3322,1,2_0,4.15682622365,-9999.0,-9999.0,-9999.0,66.7229995728,206.590512823205,63.264527789342,261414.96,670553.55,36,20,66.723
NS67SW_3323,1,2_0,6.1460276801,-9999.0,-9999.0,-9999.0,74.4769973755,122.356096800919,47.1009380156555,261794.96,670552.97,20,12,74.477
NS67SW_3325,1,2_0,5.49698139933,-9999.0,-9999.0,-9999.0,71.5199966431,2365.92831660087,332.269133264529,261527.03,670578.08,68,36,71.52
NS67SW_3327,1,2_0,4.58896567105,-9999.0,-9999.0,-9999.0,74.1969985962,251.264214790686,71.731579656102,261870.22,670557.11,44,24,74.197
NS67SW_3329,1,2_0,6.22833037795,-9999.0,-9999.0,-9999.0,73.9329986572,116.736830123282,45.231869658538,261844.95,670549.03,20,12,73.933
NS67SW_3335,1,2_0,2.23876578467,-9999.0,-9999.0,-9999.0,73.8517990112,28.4489325011659,22.2643836686785,261856.16,670543.76,12,8,73.852
NS67SW_3339,1,2_0,4.48988625077,-9999.0,-9999.0,-9999.0,74.5569992065,230.285365029072,83.0712042508077,261777.11,670546.31,36,20,74.557
NS67SW_3349,1,2_0,3.61233218256,-9999.0,-9999.0,-9999.0,65.5319976807,503.29288628877,142.375162703263,261332.66,670545.97,68,36,65.532
NS67SW_3353,1,2_0,2.19171224505,-9999.0,-9999.0,-9999.0,73.8789978027,38.9193525019822,25.3534617717833,261843.47,670534.65,12,8,73.879
NS67SW_3358,1,2_0,4.60055370808,-9999.0,-9999.0,-9999.0,68.9296646118,321.137676967604,92.574714274811,261298.37,670539.69,44,24,68.93
NS67SW_3362,1,2_0,4.91792525015,-9999.0,-9999.0,-9999.0,74.3089981079,290.656286516708,95.6448774184252,261759.34,670535.52,44,24,74.309
NS67SW_3370,1,2_0,4.59618312966,-9999.0,-9999.0,-9999.0,64.9570007324,155.074375491576,54.3514399298488,261361.12,670531.07,20,12,64.957
NS67SW_3371,1,2_0,4.81300816675,-9999.0,-9999.0,-9999.0,73.6210021973,172.716090020628,69.7784327800892,261831.64,670534.16,36,20,73.621
NS67SW_3392,1,2_0,4.84131374403,-9999.0,-9999.0,-9999.0,72.5520019531,111.372978752332,43.7758237664457,261733.12,670519.69,24,14,72.552
NS67SW_3393,1,2_0,5.38854482477,-9999.0,-9999.0,-9999.0,73.1750030518,144.459502408529,49.481200321637,261803.16,670520.28,20,12,73.175
NS67SW_3394,1,2_0,3.78221545564,-9999.0,-9999.0,-9999.0,73.0680007935,221.672727583056,76.8987384522629,261817.13,670525.04,44,24,73.068
NS67SW_3398,1,2_0,3.04760745283,-9999.0,-9999.0,-9999.0,69.4499969482,129.601561174408,49.1832748074374,261292.7,670516.94,36,20,69.45
NS67SW_3401,1,2_0,6.01854812375,-9999.0,-9999.0,-9999.0,72.9300003052,124.395397808015,49.3947802692852,261789.42,670513.92,20,12,72.93
NS67SW_3407,1,2_0,2.42238677979,-9999.0,-9999.0,-9999.0,72.2519989014,22.8889949990948,22.3198310436772,261801.21,670506.22,8,6,72.252
NS67SW_3415,1,2_0,5.37629406832,-9999.0,-9999.0,-9999.0,72.4919967651,137.522232044162,51.2111167987959,261775.7,670505.02,28,16,72.492
NS67SW_3423,1,2_0,5.38726426401,-9999.0,-9999.0,-9999.0,71.1610031128,164.251822430796,57.2675159702171,261734.6,670503.44,20,12,71.161
NS67SW_3433,1,2_0,4.31935764009,-9999.0,-9999.0,-9999.0,70.6269989014,729.116882555555,174.424682377008,261257.9,670512.22,100,52,70.627
NS67SW_3437,1,2_0,4.2948556937,-9999.0,-9999.0,-9999.0,65.3379974365,557.923453203067,152.153284786262,261331.44,670507.78,76,40,65.338
NS67SW_3453,1,2_0,10.217926238,-9999.0,-9999.0,-9999.0,62.861000061,1093.55634127551,181.324042656649,261452.15,670492.94,80,42,62.861
NS67SW_3460,1,2_0,3.7070195401,-9999.0,-9999.0,-9999.0,70.5360031128,136.25465455574,50.6094113673552,261861.27,670483.19,20,12,70.536
NS67SW_3469,1,2_0,4.37519851714,-9999.0,-9999.0,-9999.0,67.716003418,269.063235942403,86.1194371786492,261290.32,670483.07,52,28,67.716
NS67SW_3478,1,2_0,3.56133792207,-9999.0,-9999.0,-9999.0,70.2890014648,153.540795144577,58.7802310037488,261819.67,670476.91,28,16,70.289
NS67SW_3484,1,2_0,8.28212941995,-9999.0,-9999.0,-9999.0,63.4700012207,996.478599281115,159.16232946558,261521.33,670480.88,84,44,63.47
NS67SW_3493,1,2_0,5.19001838598,-9999.0,-9999.0,-9999.0,70.1429977417,96.2434719323113,40.8216663300654,261784.0,670466.86,20,12,70.143
NS67SW_3503,1,2_0,4.95818535276,-9999.0,-9999.0,-9999.0,69.6770019531,99.879315155031,41.9572861516327,261750.54,670464.08,20,12,69.677
NS67SW_3504,1,2_0,4.88222764333,-9999.0,-9999.0,-9999.0,70.6039962769,216.142069514058,69.4436079038805,261861.55,670466.56,44,24,70.604
NS67SW_3505,1,2_0,4.74291054793,-9999.0,-9999.0,-9999.0,66.6406707764,242.857948410569,69.4123687235688,261267.44,670467.12,20,12,66.641
NS67SW_3511,1,2_0,3.24564275695,-9999.0,-9999.0,-9999.0,63.858001709,636.193949694367,151.443783165798,261353.26,670470.72,68,34,63.858
NS67SW_3512,1,2_0,2.95231414015,-9999.0,-9999.0,-9999.0,66.0279998779,74.7803400933211,34.6091375926891,261597.47,670459.48,12,8,66.028
NS67SW_3534,1,2_0,5.99678254304,-9999.0,-9999.0,-9999.0,70.8970031738,68.2264682281565,33.2071071913823,261864.31,670451.72,12,8,70.897
NS67SW_3541,1,2_0,5.56312146309,-9999.0,-9999.0,-9999.0,69.9599990845,150.396821431981,49.0727323837137,261785.67,670452.67,12,8,69.96
NS67SW_3546,1,2_0,6.31504412892,-9999.0,-9999.0,-9999.0,69.5360031128,124.381855282219,45.0076585685601,261754.45,670449.97,12,8,69.536
NS67SW_3548,1,2_0,4.83219721094,-9999.0,-9999.0,-9999.0,66.3740005493,258.144664218648,91.5633403357029,261623.24,670448.7,52,28,66.374
NS67SW_3549,1,2_0,3.51517358755,-9999.0,-9999.0,-9999.0,67.3219985962,196.743945168558,59.4208511407934,261644.24,670451.1,20,12,67.322
NS67SW_3550,1,2_0,4.82305880363,-9999.0,-9999.0,-9999.0,70.375,335.464183021161,119.132800598935,261827.38,670456.16,60,32,70.375
NS67SW_3561,1,2_0,5.73799191141,-9999.0,-9999.0,-9999.0,65.9319992065,72.7966051717775,35.0979596376944,261608.16,670442.74,20,12,65.932
NS67SW_3568,1,2_0,4.5818621799,-9999.0,-9999.0,-9999.0,69.8769989014,118.186994237704,44.3793744165568,261791.99,670439.44,12,8,69.877
NS67SW_3573,1,2_0,6.08485692063,-9999.0,-9999.0,-9999.0,65.2109985352,68.8233243119855,33.3876914433667,261597.89,670437.86,12,8,65.211
NS67SW_3585,1,2_0,5.87544500178,-9999.0,-9999.0,-9999.0,64.6259994507,84.9724297300414,38.8735090355756,261587.99,670432.21,20,12,64.626
NS67SW_3591,1,2_0,2.82005990666,-9999.0,-9999.0,-9999.0,63.2497520447,37.3606987540976,25.8536333297012,261559.96,670427.7,12,8,63.25
NS67SW_3594,1,2_0,5.92567926438,-9999.0,-9999.0,-9999.0,69.2040023804,143.148122522367,50.5709340410762,261757.43,670431.26,20,12,69.204
NS67SW_3598,1,2_0,3.93896832408,-9999.0,-9999.0,-9999.0,67.608001709,407.383575974769,149.026781035175,261667.44,670436.78,64,38,67.608
NS67SW_3600,1,2_0,6.22979183071,-9999.0,-9999.0,-9999.0,63.9029998779,76.5204716013911,35.1811579600687,261579.01,670426.39,12,8,63.903
NS67SW_3604,1,2_0,3.978661967,-9999.0,-9999.0,-9999.0,63.4210014343,144.232140938151,53.0469515529771,261280.2,670428.16,20,12,63.421
NS67SW_3621,1,2_0,6.22490973155,-9999.0,-9999.0,-9999.0,62.9319992065,76.194442240985,35.1545290956954,261569.56,670420.44,12,8,62.932
NS67SW_3624,1,2_0,5.97889885317,-9999.0,-9999.0,-9999.0,71.2440032959,68.299548708956,33.2138409541312,261852.06,670418.68,12,8,71.244
NS67SW_3632,1,2_0,5.67724836779,-9999.0,-9999.0,-9999.0,67.8089981079,170.819775778362,58.004299976939,261692.69,670418.85,28,16,67.809
NS67SW_3633,1,2_0,6.08601974718,-9999.0,-9999.0,-9999.0,70.7720031738,137.617167015649,52.3242904421527,261832.34,670417.52,28,16,70.772
NS67SW_3637,1,2_0,2.82195825577,-9999.0,-9999.0,-9999.0,64.7580032349,62.6852258702379,32.1705028456387,261615.34,670415.81,12,8,64.758
NS67SW_3641,1,2_0,5.48228116594,-9999.0,-9999.0,-9999.0,71.3929977417,161.041476395178,69.3292847495849,261865.09,670418.4,44,24,71.393
NS67SW_3646,1,2_0,4.04218472054,-9999.0,-9999.0,-9999.0,69.6029968262,159.007348680547,71.8132104467435,261814.16,670412.53,48,26,69.603
NS67SW_3653,1,2_0,5.65601657989,-9999.0,-9999.0,-9999.0,65.7679977417,170.006339231031,58.8933859333556,261636.51,670412.49,28,16,65.768
NS67SW_3675,1,2_0,6.11744117737,-9999.0,-9999.0,-9999.0,60.3959999084,75.3870319843435,35.0023325982485,261546.12,670403.55,12,8,60.396
NS67SW_3687,1,2_0,3.77396171775,-9999.0,-9999.0,-9999.0,66.31300354,212.214708745489,66.0667497978705,261653.21,670404.71,20,12,66.313
NS67SW_3691,1,2_0,4.83419202528,-9999.0,-9999.0,-9999.0,68.7779998779,314.681584625098,87.9401499642019,261758.07,670408.14,36,20,68.778
NS67SW_3695,1,2_0,2.35503696029,-9999.0,-9999.0,-9999.0,59.4900016785,40.7705850026485,26.246994599419,261525.86,670397.32,12,8,59.49
NS67SW_3700,1,2_0,4.64684735052,-9999.0,-9999.0,-9999.0,69.5505065918,234.399689499757,96.4706988398423,261795.26,670402.2,52,28,69.55
NS67SW_3704,1,2_0,6.08049296693,-9999.0,-9999.0,-9999.0,59.891998291,77.345083950847,35.3620500388329,261538.92,670394.61,12,8,59.892
NS67SW_3728,1,2_0,2.30056622042,-9999.0,-9999.0,-9999.0,68.3949966431,49.921904995244,30.7198083194615,261758.21,670386.82,12,8,68.395
NS67SW_3733,1,2_0,3.89360937901,-9999.0,-9999.0,-9999.0,66.3909988403,205.5053629067,68.5997627847671,261670.12,670391.66,44,24,66.391
NS67SW_3742,1,2_0,5.45563301852,-9999.0,-9999.0,-9999.0,59.6399993896,88.0995233818855,38.1628732501262,261534.07,670384.38,12,8,59.64
NS67SW_3746,1,2_0,3.81445339201,-9999.0,-9999.0,-9999.0,67.68699646,561.574771072964,168.027131485015,261717.65,670396.76,92,48,67.687
NS67SW_3747,1,2_0,5.782928237,-9999.0,-9999.0,-9999.0,66.7089996338,85.9952858937206,39.4067956965941,261684.68,670383.56,20,12,66.709
NS67SW_3755,1,2_0,2.59244166579,-9999.0,-9999.0,-9999.0,69.2320022583,31.4561737494154,26.7765717628793,261819.07,670378.35,8,6,69.232
NS67SW_3758,1,2_0,5.24041786021,-9999.0,-9999.0,-9999.0,69.3730010986,112.4969595368,42.5972648247171,261833.56,670380.97,12,8,69.373
NS67SW_3760,1,2_0,4.34673542075,-9999.0,-9999.0,-9999.0,69.6070022583,270.542985916556,97.1311351367463,261858.29,670383.0,76,40,69.607
NS67SW_3769,1,2_0,5.24382279474,-9999.0,-9999.0,-9999.0,60.8250007629,199.760085588932,64.958866692875,261569.85,670377.64,36,20,60.825
NS67SW_3778,1,2_0,4.56088138803,-9999.0,-9999.0,-9999.0,68.2229995728,115.129680998115,48.3689553163327,261755.61,670375.65,28,16,68.223
NS67SW_3783,1,2_0,5.48592997512,-9999.0,-9999.0,-9999.0,66.8450012207,94.5949949176151,40.7299456273723,261692.99,670374.87,20,12,66.845
NS67SW_3785,1,2_0,2.00821564618,-9999.0,-9999.0,-9999.0,62.5900001526,24.8669887485328,24.75993614706,261586.7,670369.39,8,6,62.59
NS67SW_3803,1,2_0,5.30184848983,-9999.0,-9999.0,-9999.0,68.3030014038,331.576673252917,85.3352044314391,261789.16,670375.69,20,12,68.303
NS67SW_3810,1,2_0,4.54047776065,-9999.0,-9999.0,-9999.0,59.3569984436,250.413860861491,77.9405500553809,261526.81,670368.4,44,24,59.357
NS67SW_3815,1,2_0,5.06100822018,-9999.0,-9999.0,-9999.0,62.8819999695,778.803115155163,251.03676942482,261623.75,670383.29,144,76,62.882
NS67SW_3816,1,2_0,3.62346474806,-9999.0,-9999.0,-9999.0,66.7350006104,250.965928562259,89.104577741079,261700.63,670365.14,60,32,66.735
NS67SW_3818,1,2_0,2.42805087313,-9999.0,-9999.0,-9999.0,63.138999939,26.2892399983455,22.1384653654195,261583.1,670357.99,12,8,63.139
NS67SW_3830,1,2_0,5.50646615853,-9999.0,-9999.0,-9999.0,68.2050018311,178.279183236202,65.5856539079059,261829.74,670362.81,44,24,68.205
NS67SW_3850,1,2_0,3.66761362994,-9999.0,-9999.0,-9999.0,65.5640029907,138.746657431234,49.9019715835585,261658.65,670356.36,20,12,65.564
NS67SW_3852,1,2_0,5.00890743276,-9999.0,-9999.0,-9999.0,59.3209991455,94.2284223335033,40.1269210272544,261525.19,670350.97,12,8,59.321
NS67SW_3853,1,2_0,5.27888891537,-9999.0,-9999.0,-9999.0,60.6180000305,207.060926739198,70.0927598387994,261558.58,670357.9,48,26,60.618
NS67SW_3858,1,2_0,2.75336350852,-9999.0,-9999.0,-9999.0,66.8659973145,34.6191749987192,24.2557390589207,261702.48,670349.62,12,8,66.866
NS67SW_3870,1,2_0,6.07166969353,-9999.0,-9999.0,-9999.0,67.8430023193,71.0628371059014,33.8943994323927,261824.63,670347.32,12,8,67.843
NS67SW_3873,1,2_0,4.84298657475,-9999.0,-9999.0,-9999.0,62.9500007629,245.813115632758,93.7613177403546,261595.73,670355.84,68,36,62.95
NS67SW_3874,1,2_0,6.12605490144,-9999.0,-9999.0,-9999.0,64.1299972534,150.421097999036,51.4661595791372,261610.08,670350.05,20,12,64.13
NS67SW_3875,1,2_0,3.74384345148,-9999.0,-9999.0,-9999.0,67.0950012207,204.00632286383,64.3358968888791,261721.84,670351.68,36,20,67.095
NS67SW_3885,1,2_0,3.61395486796,-9999.0,-9999.0,-9999.0,66.0090026855,134.550575791622,49.9995941013626,261668.72,670348.38,20,12,66.009
NS67SW_3886,1,2_0,5.3306382045,-9999.0,-9999.0,-9999.0,67.6600036621,176.965530654475,60.4640828649834,261778.54,670348.78,44,24,67.66
NS67SW_3896,1,2_0,6.12487905997,-9999.0,-9999.0,-9999.0,67.7740020752,69.1610465414236,33.4434605211045,261861.61,670342.74,12,8,67.774
NS67SW_3910,1,2_0,2.68467702983,-9999.0,-9999.0,-9999.0,67.0220031738,23.9380237539569,20.3498533320996,261721.34,670337.36,12,8,67.022
NS67SW_3911,1,2_0,5.0926350708,-9999.0,-9999.0,-9999.0,67.2279968262,95.5847951633596,39.1138950198312,261733.88,670341.49,12,8,67.228
NS67SW_3916,1,2_0,3.67909769232,-9999.0,-9999.0,-9999.0,66.0390014648,146.58621788413,49.2142620221188,261679.26,670340.44,20,12,66.039
NS67SW_3918,1,2_0,5.21482852728,-9999.0,-9999.0,-9999.0,67.5370025635,108.417785935463,43.327680537023,261818.1,670338.37,12,8,67.537
NS67SW_3920,1,2_0,5.91672570188,-9999.0,-9999.0,-9999.0,67.3150024414,79.8436373365026,35.9044664828431,261853.94,670336.86,12,8,67.315
NS67SW_3922,1,2_0,6.67366992726,-9999.0,-9999.0,-9999.0,64.43699646,138.826062887882,47.9172933748907,261625.25,670338.62,12,8,64.437
NS67SW_3925,1,2_0,2.83209936567,-9999.0,-9999.0,-9999.0,66.5380020142,35.6069175014762,24.8293560722756,261699.32,670334.1,12,8,66.538
NS67SW_3936,1,2_0,5.67532973432,-9999.0,-9999.0,-9999.0,67.4290008545,151.713798970234,53.4296762304068,261770.82,670334.57,20,12,67.429
NS67SW_3944,1,2_0,5.08839980074,-9999.0,-9999.0,-9999.0,60.5289993286,194.345671491473,87.8596287878318,261560.61,670335.41,44,24,60.529
NS67SW_3946,1,2_0,5.94537531363,-9999.0,-9999.0,-9999.0,66.1610031128,75.0996428074255,34.9328959327329,261688.04,670330.46,12,8,66.161
NS67SW_3951,1,2_0,5.91941448416,-9999.0,-9999.0,-9999.0,67.3199996948,80.6337096404003,36.1630231244941,261814.44,670327.5,12,8,67.32
NS67SW_3955,1,2_0,5.9725933075,-9999.0,-9999.0,-9999.0,67.0879974365,79.140520354246,35.7674393909276,261849.14,670326.77,12,8,67.088
NS67SW_3958,1,2_0,5.14279190952,-9999.0,-9999.0,-9999.0,64.9209976196,100.643829825977,41.1615714646574,261635.16,670327.52,12,8,64.921
NS67SW_3965,1,2_0,5.2330736348,-9999.0,-9999.0,-9999.0,66.3450012207,102.535050436782,45.7302250092291,261697.45,670324.03,28,16,66.345
NS67SW_3969,1,2_0,2.25082800362,-9999.0,-9999.0,-9999.0,64.5879974365,23.9769187478937,20.854544256844,261630.5,670318.54,12,8,64.588
NS67SW_3970,1,2_0,6.48737714325,-9999.0,-9999.0,-9999.0,61.7620010376,124.929040645067,45.0742089834796,261580.63,670322.77,12,8,61.762
NS67SW_3986,1,2_0,5.96702293113,-9999.0,-9999.0,-9999.0,66.5029983521,137.940681191513,52.7151781837706,261708.52,670316.92,28,16,66.503
NS67SW_3995,1,2_0,4.88106986739,-9999.0,-9999.0,-9999.0,59.061000824,470.683130152424,154.63349282479,261521.81,670325.14,100,52,59.061
NS67SW_3996,1,2_0,5.78190914971,-9999.0,-9999.0,-9999.0,67.1439971924,252.280923853046,76.4006188358404,261753.75,670317.01,44,24,67.144
NS67SW_4000,1,2_0,4.95073966797,-9999.0,-9999.0,-9999.0,67.1539993286,217.204828846189,67.3424544498197,261806.31,670314.01,36,20,67.154
NS67SW_4016,1,2_0,5.20789031827,-9999.0,-9999.0,-9999.0,66.9440002441,259.423206173255,67.5214113383252,261842.14,670310.68,20,12,66.944
NS67SW_4021,1,2_0,5.06494575026,-9999.0,-9999.0,-9999.0,65.53099823,215.193284463648,65.0570215137687,261664.34,670307.27,44,24,65.531
NS67SW_4041,1,2_0,5.03405959509,-9999.0,-9999.0,-9999.0,62.5699996948,402.261166770689,112.446075534448,261603.26,670309.91,52,28,62.57
NS67SW_4042,1,2_0,6.19777313926,-9999.0,-9999.0,-9999.0,59.0970001221,142.243557435031,48.3572865485926,261527.0,670300.33,12,8,59.097
NS67SW_4048,1,2_0,5.71947748441,-9999.0,-9999.0,-9999.0,67.0790023804,147.38710184192,51.0645696264582,261793.73,670300.05,20,12,67.079
NS67SW_4049,1,2_0,2.22584982017,-9999.0,-9999.0,-9999.0,65.0459976196,78.7621219202515,35.707108661279,261647.99,670296.55,12,8,65.046
NS67SW_4061,1,2_0,5.81900621208,-9999.0,-9999.0,-9999.0,66.9649963379,151.233366169903,52.6092994952306,261830.28,670295.22,20,12,66.965
NS67SW_4066,1,2_0,4.96297310122,-9999.0,-9999.0,-9999.0,66.9970016479,199.108386038098,74.5768665301453,261739.72,670296.18,44,24,66.997
NS67SW_4077,1,2_0,4.83106780325,-9999.0,-9999.0,-9999.0,60.4169998169,225.730394519961,88.9816455276354,261562.5,670294.94,48,26,60.417
NS67SW_4084,1,2_0,4.95749038378,-9999.0,-9999.0,-9999.0,66.0390014648,347.797897921556,103.358160584013,261685.55,670293.08,76,40,66.039
NS67SW_4095,1,2_0,2.23728374591,-9999.0,-9999.0,-9999.0,67.2860031128,63.8796500427232,32.6341041628007,261750.06,670281.47,12,8,67.286
NS67SW_4097,1,2_0,5.62689806664,-9999.0,-9999.0,-9999.0,58.8829994202,153.728434030118,49.59932519789,261526.62,670282.39,12,8,58.883
NS67SW_4112,1,2_0,5.66595295768,-9999.0,-9999.0,-9999.0,66.9199981689,159.603139672847,54.0789286826197,261817.84,670280.2,20,12,66.92
NS67SW_4114,1,2_0,6.31952350679,-9999.0,-9999.0,-9999.0,66.0680007935,108.151930183456,41.8676315952618,261866.24,670276.14,12,8,66.068
NS67SW_4116,1,2_0,4.22162395354,-9999.0,-9999.0,-9999.0,62.0740013123,200.628567531757,62.8290080221907,261586.81,670278.12,28,16,62.074
NS67SW_4119,1,2_0,5.29225764134,-9999.0,-9999.0,-9999.0,66.7009963989,190.501418113598,62.0506387822521,261703.05,670277.35,36,20,66.701
NS67SW_4136,1,2_0,5.16956199406,-9999.0,-9999.0,-9999.0,67.0849990845,381.729383695897,123.302102950032,261775.24,670278.61,56,30,67.085
NS67SW_4142,1,2_0,5.92066578289,-9999.0,-9999.0,-9999.0,66.1370010376,69.7000069917588,33.5982830961545,261856.36,670266.0,12,8,66.137
NS67SW_4149,1,2_0,2.04714589305,-9999.0,-9999.0,-9999.0,66.9029998779,23.1196500014411,29.0792977471089,261705.32,670262.02,20,12,66.903
NS67SW_4159,1,2_0,4.07364558685,-9999.0,-9999.0,-9999.0,62.6300010681,203.239890273941,70.3434125945953,261604.56,670265.05,52,28,62.63
NS67SW_4162,1,2_0,4.5353436041,-9999.0,-9999.0,-9999.0,64.3679962158,501.994103020412,165.30695343302,261649.01,670274.16,112,58,64.368
NS67SW_4164,1,2_0,5.32986112322,-9999.0,-9999.0,-9999.0,58.7270011902,174.680537577406,56.8912561000982,261528.08,670264.22,20,12,58.727
NS67SW_4182,1,2_0,2.2371188736,-9999.0,-9999.0,-9999.0,62.5690002441,55.0075649989792,45.4961318951241,261609.82,670251.71,32,18,62.569
NS67SW_4184,1,2_0,4.80347116186,-9999.0,-9999.0,-9999.0,66.8420028687,213.629480568119,80.2525540164281,261717.2,670261.17,44,24,66.842
NS67SW_4188,1,2_0,4.67208603375,-9999.0,-9999.0,-9999.0,66.7259979248,330.171543610143,103.649224366746,261804.91,670262.21,76,40,66.726
NS67SW_4189,1,2_0,6.16554546356,-9999.0,-9999.0,-9999.0,65.7750015259,115.939541271848,43.2584378438614,261849.86,670254.94,12,8,65.775
NS67SW_4191,1,2_0,5.78759092304,-9999.0,-9999.0,-9999.0,67.2730026245,167.40441992632,57.5686082368879,261732.42,670254.58,36,20,67.273
NS67SW_4211,1,2_0,5.99640671688,-9999.0,-9999.0,-9999.0,64.0120010376,132.901248351007,49.1427895052071,261661.36,670246.96,28,16,64.012
NS67SW_4214,1,2_0,5.6090842353,-9999.0,-9999.0,-9999.0,66.1470031738,78.7883765144608,35.5629357273021,261794.05,670244.74,12,8,66.147
NS67SW_4217,1,2_0,3.99320845225,-9999.0,-9999.0,-9999.0,58.9319992065,506.709524552855,170.389130127449,261563.47,670260.48,124,64,58.932
NS67SW_4220,1,2_0,5.9108043162,-9999.0,-9999.0,-9999.0,59.361000061,78.8544256754211,37.4043299346955,261580.8,670242.55,20,12,59.361
NS67SW_4225,1,2_0,2.52323722839,-9999.0,-9999.0,-9999.0,66.56300354,35.9767949972935,28.5870051906211,261731.95,670238.06,8,6,66.563
NS67SW_4229,1,2_0,5.18534067626,-9999.0,-9999.0,-9999.0,63.4350013733,96.7784419722603,49.0344938884609,261628.47,670243.5,36,20,63.435
NS67SW_4230,1,2_0,6.29998009406,-9999.0,-9999.0,-9999.0,65.2289962769,112.652266155293,42.7804340609036,261839.4,670241.85,12,8,65.229
NS67SW_4233,1,2_0,5.48271539697,-9999.0,-9999.0,-9999.0,66.8000030518,177.451758700427,54.6990081965436,261746.78,670242.28,20,12,66.8
NS67SW_4235,1,2_0,4.54307167844,-9999.0,-9999.0,-9999.0,60.1710014343,133.909893037223,50.3184064791415,261594.92,670239.13,28,16,60.171
NS67SW_4246,1,2_0,5.37953270006,-9999.0,-9999.0,-9999.0,64.966003418,82.1926615277569,37.5144853038933,261872.87,670233.68,20,12,64.966
NS67SW_4247,1,2_0,2.22222824359,-9999.0,-9999.0,-9999.0,64.9459991455,78.9636687159463,38.0776239417632,261807.99,670233.73,20,12,64.946
NS67SW_4249,1,2_0,5.63199254629,-9999.0,-9999.0,-9999.0,61.8380012512,131.470417727634,48.7568752501475,261619.07,670233.79,20,12,61.838
NS67SW_4264,1,2_0,4.87486794212,-9999.0,-9999.0,-9999.0,63.8300018311,226.584296877768,76.6656161667424,261824.33,670228.07,52,28,63.83
NS67SW_4275,1,2_0,4.44581394723,-9999.0,-9999.0,-9999.0,62.7610015869,296.056492973749,94.103367107836,261668.76,670229.22,68,36,62.761
NS67SW_4276,1,2_0,5.77472827684,-9999.0,-9999.0,-9999.0,64.2659988403,138.233940327765,52.5973123966887,261862.76,670222.57,28,16,64.266
NS67SW_4280,1,2_0,4.46781659914,-9999.0,-9999.0,-9999.0,62.2270011902,217.628407197974,100.399356219417,261689.33,670219.78,60,32,62.227
NS67SW_4300,1,2_0,5.44921420759,-9999.0,-9999.0,-9999.0,61.9650001526,227.809297110367,68.0142654990053,261713.85,670216.28,28,16,61.965
NS67SW_4312,1,2_0,4.51279004625,-9999.0,-9999.0,-9999.0,61.7150001526,233.257991452154,78.9349151779157,261734.54,670213.24,28,16,61.715
NS67SW_4321,1,2_0,5.06051891838,-9999.0,-9999.0,-9999.0,58.6819992065,166.168707002652,52.8026693024875,261331.74,670208.81,12,8,58.682
NS67SW_4326,1,2_0,5.2134813491,-9999.0,-9999.0,-9999.0,58.3909988403,138.650214180867,57.7359309300998,261350.44,670209.32,36,20,58.391
NS67SW_4329,1,2_0,5.95449689055,-9999.0,-9999.0,-9999.0,59.1790008545,188.045767575277,56.3500689752542,261588.17,670207.62,20,12,59.179
NS67SW_4331,1,2_0,5.74582571068,-9999.0,-9999.0,-9999.0,58.8429985046,194.379225904999,75.8505955991743,261566.9,670209.97,44,24,58.843
NS67SW_4332,1,2_0,2.99694115439,-9999.0,-9999.0,-9999.0,62.6409988403,42.6994349959654,26.349812413537,261769.56,670204.35,12,8,62.641
NS67SW_4333,1,2_0,5.57643427271,-9999.0,-9999.0,-9999.0,62.8650016785,135.153804051685,51.0146873947443,261851.66,670208.08,28,16,62.865
NS67SW_4339,1,2_0,5.81617984905,-9999.0,-9999.0,-9999.0,59.0270004272,186.129447409558,58.7381496660135,261605.57,670205.7,20,12,59.027
NS67SW_4349,1,2_0,5.61147205328,-9999.0,-9999.0,-9999.0,58.4140014648,214.600767641166,64.7016947775197,261368.61,670204.5,36,20,58.414
NS67SW_4350,1,2_0,5.35531302848,-9999.0,-9999.0,-9999.0,61.4700012207,549.2016039529,194.06770368611,261776.47,670217.66,116,60,61.47
NS67SW_4355,1,2_0,5.94783554596,-9999.0,-9999.0,-9999.0,58.1850013733,74.5200049496132,34.7458613936755,261384.77,670199.87,12,8,58.185
NS67SW_4359,1,2_0,6.72441400756,-9999.0,-9999.0,-9999.0,59.7659988403,163.34327054347,55.8855516053867,261621.95,670202.02,20,12,59.766
NS67SW_4361,1,2_0,5.42755700273,-9999.0,-9999.0,-9999.0,57.96900177,87.971794354575,40.3819411671819,261393.93,670199.51,20,12,57.969
NS67SW_4364,1,2_0,6.35399888756,-9999.0,-9999.0,-9999.0,60.1440010071,157.995760426787,53.2824652006048,261642.12,670198.6,20,12,60.144
NS67SW_4367,1,2_0,2.45373247982,-9999.0,-9999.0,-9999.0,58.3930015564,26.7633899989711,23.8252422319715,261448.09,670195.09,8,6,58.393
NS67SW_4374,1,2_0,5.62362247597,-9999.0,-9999.0,-9999.0,57.9539985657,97.3193091849374,43.033513238922,261406.09,670196.9,20,12,57.954
NS67SW_4376,1,2_0,6.84484173935,-9999.0,-9999.0,-9999.0,60.2630004883,146.973866164548,49.1245734849082,261659.21,670195.24,12,8,60.263
NS67SW_4380,1,2_0,6.08818098685,-9999.0,-9999.0,-9999.0,58.0089988708,87.4518014230847,37.825238852379,261416.49,670191.92,12,8,58.009
NS67SW_4391,1,2_0,6.24682928334,-9999.0,-9999.0,-9999.0,60.1949996948,152.365941987682,54.5197116057015,261676.74,670191.84,36,20,60.195
NS67SW_4400,1,2_0,5.64946920001,-9999.0,-9999.0,-9999.0,58.2229995728,83.3092237624499,36.8377837873947,261425.59,670189.05,12,8,58.223
NS67SW_4404,1,2_0,4.57390911174,-9999.0,-9999.0,-9999.0,58.2859992981,124.421140854266,53.8292459289884,261440.67,670190.19,28,16,58.286
NS67SW_4410,1,2_0,7.00893982833,-9999.0,-9999.0,-9999.0,60.0830001831,125.45523933375,45.1758599339661,261712.82,670185.51,12,8,60.083
NS67SW_4411,1,2_0,5.92310199359,-9999.0,-9999.0,-9999.0,58.2929992676,76.3352615841546,35.1367497056315,261450.84,670184.32,12,8,58.293
NS67SW_4412,1,2_0,2.31838282072,-9999.0,-9999.0,-9999.0,59.733581543,36.2267287493352,30.4801919049893,261666.87,670183.24,16,10,59.734
NS67SW_4413,1,2_0,5.7177393815,-9999.0,-9999.0,-9999.0,60.1290016174,187.222582867158,60.862166735152,261696.54,670187.28,36,20,60.129
NS67SW_4417,1,2_0,4.63897152834,-9999.0,-9999.0,-9999.0,58.5540008545,179.0746764662,73.8608128618377,261467.03,670185.86,28,16,58.554
NS67SW_4419,1,2_0,2.43615915298,-9999.0,-9999.0,-9999.0,59.8740005493,53.055787499477,30.0057935710526,261684.93,670179.19,12,8,59.874
NS67SW_4428,1,2_0,5.99460194757,-9999.0,-9999.0,-9999.0,60.4379997253,89.9499445512981,41.3879558756736,261817.49,670176.86,36,20,60.438
NS67SW_4430,1,2_0,4.76957298962,-9999.0,-9999.0,-9999.0,58.6500015259,174.079700625415,57.0554193987218,261480.19,670178.24,28,16,58.65
NS67SW_4431,1,2_0,4.5248227008,-9999.0,-9999.0,-9999.0,59.2690010071,199.719495803175,65.3340754990065,261324.32,670181.1,28,16,59.269
NS67SW_4432,1,2_0,5.88870805027,-9999.0,-9999.0,-9999.0,59.9570007324,191.286676496766,58.7900598331665,261741.27,670178.03,20,12,59.957
NS67SW_4438,1,2_0,5.13151344886,-9999.0,-9999.0,-9999.0,59.891998291,143.894512278579,63.8778031714283,261727.45,670177.82,36,20,59.892
NS67SW_4439,1,2_0,5.87077536813,-9999.0,-9999.0,-9999.0,60.1199989319,168.1387051415,53.9388389217763,261761.02,670174.81,24,14,60.12
NS67SW_4443,1,2_0,5.44704416872,-9999.0,-9999.0,-9999.0,58.783000946,101.932958973855,44.2601931202781,261493.42,670174.31,20,12,58.783
NS67SW_4444,1,2_0,6.28559021984,-9999.0,-9999.0,-9999.0,59.9939994812,141.515913493739,48.3165230398149,261778.69,670172.7,12,8,59.994
NS67SW_4449,1,2_0,6.28115676305,-9999.0,-9999.0,-9999.0,60.3269996643,1784.43043501634,369.857719865014,261272.73,670196.94,160,82,60.327
NS67SW_4450,1,2_0,5.92555101013,-9999.0,-9999.0,-9999.0,59.0270004272,131.207601910072,45.936079070323,261360.4,670170.6,12,8,59.027
NS67SW_4456,1,2_0,5.30743216573,-9999.0,-9999.0,-9999.0,58.8170013428,108.113244905606,44.3042912862517,261503.83,670171.22,20,12,58.817
NS67SW_4458,1,2_0,2.38140611246,-9999.0,-9999.0,-9999.0,60.5120010376,22.2169049993875,21.5486090386814,261827.37,670165.46,8,6,60.512
NS67SW_4462,1,2_0,5.61873794055,-9999.0,-9999.0,-9999.0,59.0589981079,146.889311976192,52.3173713541242,261343.46,670168.87,20,12,59.059
NS67SW_4464,1,2_0,1.99583790578,-9999.0,-9999.0,-9999.0,59.3639984131,38.73745499526,25.4675974604026,261331.0,670164.6,12,8,59.364
NS67SW_4465,1,2_0,4.37954718251,-9999.0,-9999.0,-9999.0,59.0130004883,158.100863904075,69.6248970537413,261517.81,670171.49,28,16,59.013
NS67SW_4466,1,2_0,4.71161374558,-9999.0,-9999.0,-9999.0,60.3040008545,146.332107430724,64.7387236053786,261808.07,670170.03,44,24,60.304
NS67SW_4469,1,2_0,5.24754333496,-9999.0,-9999.0,-9999.0,58.952999115,89.4391987178077,38.9005658011924,261373.14,670166.86,16,10,58.953
NS67SW_4470,1,2_0,4.25897458308,-9999.0,-9999.0,-9999.0,60.1124000549,152.163597560235,59.0352469751891,261793.41,670168.7,36,20,60.112
NS67SW_4475,1,2_0,5.78641705094,-9999.0,-9999.0,-9999.0,59.1469993591,77.9887336689507,35.5619991186109,261524.67,670164.26,12,8,59.147
NS67SW_4482,1,2_0,2.30865956502,-9999.0,-9999.0,-9999.0,59.563999176,23.3566050050041,19.7869311949772,261350.27,670159.12,12,8,59.564
NS67SW_4484,1,2_0,5.7418059635,-9999.0,-9999.0,-9999.0,59.1409988403,118.615129247871,43.5876364507809,261535.17,670162.2,12,8,59.141
NS67SW_4493,1,2_0,5.93523872976,-9999.0,-9999.0,-9999.0,58.5811805725,87.086788862944,37.7924777674732,261400.05,670159.39,12,8,58.581
NS67SW_4494,1,2_0,5.30779357578,-9999.0,-9999.0,-9999.0,58.5559997559,131.019489999213,47.7338714770169,261413.32,670160.15,20,12,58.556
NS67SW_4504,1,2_0,5.77627934068,-9999.0,-9999.0,-9999.0,58.4900016785,137.334591143274,49.2172660288482,261429.13,670157.67,20,12,58.49
NS67SW_4514,1,2_0,6.16628822098,-9999.0,-9999.0,-9999.0,58.5250015259,121.178443063143,44.2492926316124,261445.49,670153.69,12,8,58.525
NS67SW_4533,1,2_0,5.41400284288,-9999.0,-9999.0,-9999.0,58.5369987488,106.527624017744,44.6710199554947,261457.88,670147.47,20,12,58.537
NS67SW_4544,1,2_0,6.0048574493,-9999.0,-9999.0,-9999.0,59.1879997253,84.8569375445654,37.2622803879175,261478.9,670141.72,12,8,59.188
NS67SW_4547,1,2_0,4.99713766959,-9999.0,-9999.0,-9999.0,58.686000824,129.762713455763,60.973159668126,261465.93,670142.18,36,20,58.686
NS67SW_4551,1,2_0,3.73109962175,-9999.0,-9999.0,-9999.0,60.4869995117,140.696044129949,51.0181854563343,261340.14,670136.73,20,12,60.487
NS67SW_4552,1,2_0,6.18037042841,-9999.0,-9999.0,-9999.0,59.5680007935,117.518105629779,43.5864472726114,261492.65,670136.77,12,8,59.568
NS67SW_4555,1,2_0,2.34442686125,-9999.0,-9999.0,-9999.0,60.047000885,72.2401768041889,39.5872421100434,261278.3,670137.78,20,12,60.047
NS67SW_4572,1,2_0,2.25675219459,-9999.0,-9999.0,-9999.0,59.65599823,40.6166785045405,27.335065286317,261482.98,670126.55,20,12,59.656
NS67SW_4584,1,2_0,3.30132281462,-9999.0,-9999.0,-9999.0,60.108001709,47.9795555473705,29.1756240064545,261388.58,670123.48,12,8,60.108
NS67SW_4585,1,2_0,2.10289539435,-9999.0,-9999.0,-9999.0,60.0019989014,50.7891637426474,28.611621868324,261498.86,670122.07,12,8,60.002
NS67SW_4587,1,2_0,5.08931395967,-9999.0,-9999.0,-9999.0,60.3493995667,292.375933815342,74.724936898566,261261.97,670125.86,44,24,60.349
NS67SW_4591,1,2_0,5.18745607835,-9999.0,-9999.0,-9999.0,59.7649993896,198.274539956062,77.5177779457931,261510.0,670126.87,52,28,59.765
NS67SW_4595,1,2_0,2.72606482072,-9999.0,-9999.0,-9999.0,59.8050003052,58.7547663589514,31.6139569998118,261414.34,670120.46,12,8,59.805
NS67SW_4596,1,2_0,6.81022081844,-9999.0,-9999.0,-9999.0,60.9210014343,160.263310649654,51.1088295808454,261293.39,670120.82,12,8,60.921
NS67SW_4610,1,2_0,7.02303777988,-9999.0,-9999.0,-9999.0,61.390335083,192.001525094798,60.3303287530259,261324.75,670117.81,24,14,61.39
NS67SW_4617,1,2_0,6.42578202982,-9999.0,-9999.0,-9999.0,61.2540016174,247.855751200715,72.2109410169419,261350.26,670117.02,44,24,61.254
NS67SW_4627,1,2_0,7.53813895294,-9999.0,-9999.0,-9999.0,60.8470001221,303.63192675929,75.8906918830243,261400.48,670112.48,20,12,60.847
NS67SW_4630,1,2_0,4.49312482739,-9999.0,-9999.0,-9999.0,60.0050010681,237.704066685032,91.2532183855311,261525.67,670116.62,36,20,60.005
NS67SW_4634,1,2_0,7.41877502139,-9999.0,-9999.0,-9999.0,60.658000946,170.09486221709,55.4129493792013,261429.23,670107.62,28,16,60.658
NS67SW_4640,1,2_0,5.01086458391,-9999.0,-9999.0,-9999.0,61.111000061,290.635713763964,97.8611257830244,261460.09,670106.28,52,28,61.111
NS67SW_4651,1,2_0,5.14732371699,-9999.0,-9999.0,-9999.0,61.6780014038,212.782081931669,63.3230299238871,261488.69,670101.36,28,16,61.678
NS67SW_4665,1,2_0,4.1324537971,-9999.0,-9999.0,-9999.0,61.5909996033,298.47593914212,100.084352175843,261512.62,670102.81,36,20,61.591
NS67SW_4675,1,2_0,6.17391487095,-9999.0,-9999.0,-9999.0,60.3909988403,1636.35940235105,192.087065072149,261563.61,670110.0,88,46,60.391
NS67SW_4684,1,2_0,5.52445507683,-9999.0,-9999.0,-9999.0,60.8180007935,190.90978220803,61.339778974858,261569.95,670089.01,36,20,60.818
NS67SW_4693,1,2_0,5.97735071324,-9999.0,-9999.0,-9999.0,61.3829994202,257.118231405094,71.5825841264905,261600.02,670085.55,28,16,61.383
NS67SW_4705,1,2_0,7.25593669976,-9999.0,-9999.0,-9999.0,60.6819992065,290.200079500581,78.7481334483095,261629.56,670084.91,44,24,60.682
NS67SW_4729,1,2_0,8.47329301486,-9999.0,-9999.0,-9999.0,60.0270004272,1165.81586925844,190.284084082857,261663.2,670094.38,84,44,60.027
NS67SW_4742,1,2_0,4.07909305647,-9999.0,-9999.0,-9999.0,60.40599823,992.590186011305,205.929255601367,261736.13,670085.1,104,54,60.406
NS67SW_4746,1,2_0,3.93735463659,-9999.0,-9999.0,-9999.0,61.25,330.215562331114,84.5480808361086,261707.51,670071.76,28,16,61.25
NS67SW_4776,1,2_0,4.43644951733,-9999.0,-9999.0,-9999.0,63.0699996948,240.061697534779,64.2917209961054,261623.99,670044.73,12,8,63.07
NS67SW_4781,1,2_0,2.56465261954,-9999.0,-9999.0,-9999.0,62.0086669922,24.1263262497027,22.7515045428326,261558.27,670038.86,8,6,62.009
NS67SW_4784,1,2_0,5.28077114395,-9999.0,-9999.0,-9999.0,62.7019996643,86.2421867079097,39.4112593240857,261685.87,670038.68,20,12,62.702
NS67SW_4787,1,2_0,4.74229805441,-9999.0,-9999.0,-9999.0,60.7649993896,1008.02680763267,255.233504271392,261536.42,670049.38,132,68,60.765
NS67SW_4791,1,2_0,6.3191284556,-9999.0,-9999.0,-9999.0,58.8959999084,179.47024766491,56.7926733752816,261265.03,670041.52,20,12,58.896
NS67SW_4793,1,2_0,4.38983023714,-9999.0,-9999.0,-9999.0,62.8639984131,260.924382347289,85.2323018999424,261583.38,670044.86,52,28,62.864
NS67SW_4805,1,2_0,5.57699592051,-9999.0,-9999.0,-9999.0,62.5480003357,69.8219222329903,33.87734566399,261718.83,670033.2,12,8,62.548
NS67SW_4808,1,2_0,5.29433118864,-9999.0,-9999.0,-9999.0,61.6699981689,80.1147882204851,38.7706969265442,261838.55,670033.06,20,12,61.67
NS67SW_4809,1,2_0,2.34651287133,-9999.0,-9999.0,-9999.0,62.1679992676,58.0571624994761,34.3170560146529,261854.36,670034.25,20,12,62.168
NS67SW_4814,1,2_0,2.22816019792,-9999.0,-9999.0,-9999.0,63.2340011597,40.8314849973783,25.6166503878016,261631.82,670030.01,12,8,63.234
NS67SW_4818,1,2_0,3.70838340753,-9999.0,-9999.0,-9999.0,63.0,319.251835619797,104.221026753293,261603.56,670040.11,52,28,63.0
NS67SW_4819,1,2_0,5.73892730744,-9999.0,-9999.0,-9999.0,62.0200004578,123.207696201263,44.5665350340338,261746.65,670029.71,12,8,62.02
NS67SW_4822,1,2_0,5.52873998744,-9999.0,-9999.0,-9999.0,61.108001709,66.6172935066642,32.995198584066,261804.39,670027.76,12,8,61.108
NS67SW_4826,1,2_0,5.65863689623,-9999.0,-9999.0,-9999.0,61.311000824,125.64254350022,44.9521648836015,261762.95,670027.76,12,8,61.311
NS67SW_4828,1,2_0,5.55531726306,-9999.0,-9999.0,-9999.0,60.3959999084,124.486425382972,44.7921954776564,261508.43,670027.5,12,8,60.396
NS67SW_4831,1,2_0,6.28584211301,-9999.0,-9999.0,-9999.0,61.5550003052,122.011659977445,44.2767876165809,261563.25,670025.96,12,8,61.555
NS67SW_4836,1,2_0,4.6553027463,-9999.0,-9999.0,-9999.0,62.9410018921,420.704693399437,153.934378788263,261652.6,670033.5,84,44,62.941
NS67SW_4838,1,2_0,5.24660369328,-9999.0,-9999.0,-9999.0,62.8470001221,82.5742265792959,38.1805845183277,261718.82,670022.62,20,12,62.847
NS67SW_4844,1,2_0,2.80157194033,-9999.0,-9999.0,-9999.0,60.625,25.5846600002106,21.038010865611,261551.8,670018.27,12,8,60.625
NS67SW_4845,1,2_0,5.65831410443,-9999.0,-9999.0,-9999.0,63.0320014954,125.057599492255,44.8515300081888,261599.02,670021.99,12,8,63.032
NS67SW_4847,1,2_0,6.4548843596,-9999.0,-9999.0,-9999.0,61.111000061,174.470643567228,55.1711875757803,261346.45,670021.68,24,14,61.111
NS67SW_4848,1,2_0,6.10954052715,-9999.0,-9999.0,-9999.0,60.1819992065,123.22348759424,44.5647222129853,261524.31,670021.71,12,8,60.182
NS67SW_4852,1,2_0,5.30849919902,-9999.0,-9999.0,-9999.0,61.7410011292,143.329234766934,51.3325965501603,261839.16,670020.38,20,12,61.741
NS67SW_4855,1,2_0,4.49975760725,-9999.0,-9999.0,-9999.0,63.1240005493,235.927945555405,81.4448562541707,261680.62,670022.77,44,24,63.124
NS67SW_4860,1,2_0,6.56794497193,-9999.0,-9999.0,-9999.0,58.3689994812,160.301179603757,52.5322423434459,261261.89,670021.05,12,8,58.369
NS67SW_4861,1,2_0,4.52889556423,-9999.0,-9999.0,-9999.0,60.7229995728,169.442575877084,66.7802401027396,261780.49,670021.69,28,16,60.723
NS67SW_4865,1,2_0,2.17957320743,-9999.0,-9999.0,-9999.0,62.2760009766,45.9699112535733,27.5595817269442,261849.56,670013.89,12,8,62.276
NS67SW_4867,1,2_0,2.6358158405,-9999.0,-9999.0,-9999.0,60.9510002136,29.5855425035074,26.0300035187092,261771.72,670014.6,12,8,60.951
NS67SW_4870,1,2_0,1.86960441589,-9999.0,-9999.0,-9999.0,62.3330001831,28.8192712500154,25.2710674536018,261607.85,670012.2,8,6,62.333
NS67SW_4871,1,2_0,5.6650548683,-9999.0,-9999.0,-9999.0,62.9790000916,67.6952877464438,33.2951748622761,261718.95,670012.59,12,8,62.979
NS67SW_4872,1,2_0,6.71735693966,-9999.0,-9999.0,-9999.0,61.1660003662,158.326753602547,52.0680885068722,261326.27,670014.43,12,8,61.166
NS67SW_4873,1,2_0,5.51180450336,-9999.0,-9999.0,-9999.0,60.8289985657,75.6463020401181,37.33876985262,261565.5,670012.0,20,12,60.829
NS67SW_4874,1,2_0,5.32562299595,-9999.0,-9999.0,-9999.0,60.2680015564,206.468425470768,58.3984589176846,261539.95,670014.52,20,12,60.268
NS67SW_4876,1,2_0,6.50108914988,-9999.0,-9999.0,-9999.0,60.1570014954,166.42379739476,55.2844853656862,261305.37,670012.12,20,12,60.157
NS67SW_4883,1,2_0,6.69798348442,-9999.0,-9999.0,-9999.0,59.5009994507,164.271878286076,55.0269135757587,261285.45,670010.34,20,12,59.501
NS67SW_4885,1,2_0,10.1232006,-9999.0,-9999.0,-9999.0,60.5800018311,201.224704782587,61.1864936277318,261377.63,670015.03,16,10,60.58
NS67SW_4887,1,2_0,4.89023644737,-9999.0,-9999.0,-9999.0,63.6230010986,93.2709012015816,40.8207453324626,261677.63,670007.39,20,12,63.623
NS67SW_4892,1,2_0,4.81252708227,-9999.0,-9999.0,-9999.0,61.3759994507,195.870880997625,72.7735282682464,261804.96,670011.97,36,20,61.376
NS67SW_4905,1,2_0,5.12594048389,-9999.0,-9999.0,-9999.0,60.202999115,78.8618658833413,37.7442499110512,261563.44,670001.78,20,12,60.203
NS67SW_4906,1,2_0,6.17487667725,-9999.0,-9999.0,-9999.0,61.908000946,117.995000371137,43.5180453891587,261597.24,670005.75,12,8,61.908
NS67SW_4909,1,2_0,4.86436336021,-9999.0,-9999.0,-9999.0,63.5239982605,137.15997384185,53.5597261165467,261721.43,670000.89,32,18,63.524
NS67SW_4910,1,2_0,5.51619456365,-9999.0,-9999.0,-9999.0,62.9109992981,83.1334298736669,36.9524201181711,261751.28,670002.58,16,10,62.911
NS67SW_4911,1,2_0,5.6020991341,-9999.0,-9999.0,-9999.0,62.4930000305,77.1995872213452,35.2747641082641,261761.98,670001.07,12,8,62.493
NS67SW_4914,1,2_0,6.31483749455,-9999.0,-9999.0,-9999.0,62.4350013733,125.835940066035,45.7600071536833,261840.8,670004.08,24,14,62.435
NS67SW_1838,1,2_1,5.10823555181,-9999.0,-9999.0,-9999.0,64.9759979248,106.666761976369,45.9991631231868,261326.3,671247.61,28,16,64.976
NS67SW_1839,1,2_1,6.03661624865,-9999.0,-9999.0,-9999.0,65.1640014648,88.2297539266531,37.8062037934796,261371.88,671246.4,12,8,65.164
NS67SW_1843,1,2_1,5.51562652588,-9999.0,-9999.0,-9999.0,69.2080001831,226.292944899988,85.0168427662287,261731.07,671248.45,44,24,69.208
NS67SW_1847,1,2_1,3.4542422551,-9999.0,-9999.0,-9999.0,69.2519989014,27.7216500077587,23.3875013968871,261690.36,671239.5,12,8,69.252
NS67SW_1850,1,2_1,6.98220514824,-9999.0,-9999.0,-9999.0,69.5370025635,144.122527554888,48.0205914465738,261660.27,671243.89,12,8,69.537
NS67SW_1853,1,2_1,6.62444688989,-9999.0,-9999.0,-9999.0,69.7659988403,138.688506953588,47.1793744794989,261757.25,671243.42,12,8,69.766
NS67SW_1855,1,2_1,4.17710295654,-9999.0,-9999.0,-9999.0,60.7610015869,177.582072911452,66.6372678560304,261270.05,671242.6,28,16,60.761
NS67SW_1862,1,2_1,5.38212337204,-9999.0,-9999.0,-9999.0,65.0449981689,242.78073450906,78.5650945610669,261391.56,671242.4,48,26,65.045
NS67SW_1869,1,2_1,6.45276183024,-9999.0,-9999.0,-9999.0,69.31199646,150.54599790421,51.7646600576426,261674.69,671235.45,20,12,69.312
NS67SW_1872,1,2_1,7.0522723713,-9999.0,-9999.0,-9999.0,69.5550003052,148.089726826757,48.6796817720742,261716.58,671233.61,12,8,69.555
NS67SW_1875,1,2_1,6.13778441873,-9999.0,-9999.0,-9999.0,65.0879974365,168.713560432862,55.2526437961412,261438.42,671233.74,12,8,65.088
NS67SW_1876,1,2_1,6.73685778044,-9999.0,-9999.0,-9999.0,69.7570037842,123.252856410838,44.781077871583,261748.03,671230.59,12,8,69.757
NS67SW_1888,1,2_1,6.49975104858,-9999.0,-9999.0,-9999.0,69.2139968872,131.218855382311,48.5734828925027,261691.77,671226.27,28,16,69.214
NS67SW_1889,1,2_1,6.05011082108,-9999.0,-9999.0,-9999.0,69.7699966431,181.202628919664,58.4854818445848,261636.68,671228.01,20,12,69.77
NS67SW_1895,1,2_1,6.5380172564,-9999.0,-9999.0,-9999.0,69.6804962158,118.734467113923,45.8869379417941,261660.07,671220.63,20,12,69.68
NS67SW_1897,1,2_1,6.26704263089,-9999.0,-9999.0,-9999.0,69.81199646,124.553517626967,47.2340909895012,261738.3,671219.03,28,16,69.812
NS67SW_1899,1,2_1,5.31592575798,-9999.0,-9999.0,-9999.0,64.8789978027,512.029117947661,134.516724552141,261347.74,671230.73,108,56,64.879
NS67SW_1915,1,2_1,6.08571063536,-9999.0,-9999.0,-9999.0,65.1139984131,197.702349556879,61.1071716863057,261426.05,671213.78,12,8,65.114
NS67SW_1918,1,2_1,5.08064241857,-9999.0,-9999.0,-9999.0,61.2620010376,268.923702624752,101.982901604181,261272.63,671216.24,76,40,61.262
NS67SW_1919,1,2_1,6.25802082278,-9999.0,-9999.0,-9999.0,69.68699646,130.431871366964,45.7847530139478,261730.12,671208.36,12,8,69.687
NS67SW_1920,1,2_1,6.29994461442,-9999.0,-9999.0,-9999.0,67.6259994507,149.006490485335,49.9346000811136,261651.22,671206.91,20,12,67.626
NS67SW_1921,1,2_1,6.46366465593,-9999.0,-9999.0,-9999.0,69.1370010376,122.420944742512,45.1820851660569,261674.5,671206.41,20,12,69.137
NS67SW_1931,1,2_1,6.09672282236,-9999.0,-9999.0,-9999.0,69.466003418,133.466981660664,50.2999366739209,261719.73,671197.56,28,16,69.466
NS67SW_1935,1,2_1,7.17134098226,-9999.0,-9999.0,-9999.0,68.9349975586,147.850055611787,48.6413726770688,261684.62,671194.84,12,8,68.935
NS67SW_1941,1,2_1,7.66697686471,-9999.0,-9999.0,-9999.0,65.1220016479,154.503692505423,50.5686805850765,261411.95,671190.08,20,12,65.122
NS67SW_1943,1,2_1,3.83544631889,-9999.0,-9999.0,-9999.0,65.7080001831,59.6584810716853,31.2506283724058,261582.62,671184.84,12,8,65.708
NS67SW_1944,1,2_1,6.73936474664,-9999.0,-9999.0,-9999.0,69.5120010376,141.190574283809,47.5999202107636,261708.33,671186.25,12,8,69.512
NS67SW_1975,1,2_1,6.28267159535,-9999.0,-9999.0,-9999.0,64.4199981689,1990.13772576608,362.411601201095,261371.33,671186.76,208,106,64.42
NS67SW_1985,1,2_1,10.1953290645,-9999.0,-9999.0,-9999.0,62.6959991455,266.070231251603,71.373455389492,261277.54,671157.39,12,8,62.696
NS67SW_2002,1,2_1,10.2104825667,-9999.0,-9999.0,-9999.0,63.9490013123,261.788897477716,70.6817004060857,261301.69,671140.42,12,8,63.949
NS67SW_2033,1,2_1,2.48976171915,-9999.0,-9999.0,-9999.0,62.8160018921,98.9027155526395,44.0928648934659,261305.8,671111.55,12,8,62.816
NS67SW_2046,1,2_1,2.34614289837,-9999.0,-9999.0,-9999.0,61.0250015259,23.4310875028605,22.4801953434636,261274.0,671107.42,8,6,61.025
NS67SW_2048,1,2_1,3.94339206049,-9999.0,-9999.0,-9999.0,65.7099990845,46.7654101550926,36.2353180776053,261487.39,671106.11,12,8,65.71
NS67SW_2050,1,2_1,9.97442477492,-9999.0,-9999.0,-9999.0,63.9286422729,584.226349475669,138.772521881268,261351.78,671118.48,60,32,63.929
NS67SW_2055,1,2_1,6.88262254235,-9999.0,-9999.0,-9999.0,65.7610015869,5733.56745938908,329.676555096192,261523.16,671144.66,76,40,65.761
NS67SW_2056,1,2_1,2.56449179747,-9999.0,-9999.0,-9999.0,61.4309997559,51.5851049907465,33.5308006979912,261289.76,671099.06,20,12,61.431
NS67SW_2059,1,2_1,2.16110213396,-9999.0,-9999.0,-9999.0,62.4440002441,65.7032641771241,37.8743883706652,261314.89,671097.39,32,18,62.444
NS67SW_2062,1,2_1,4.0627615475,-9999.0,-9999.0,-9999.0,65.9560012817,30.410640002512,27.9688130841483,261533.39,671092.05,12,8,65.956
NS67SW_2065,1,2_1,4.03066905224,-9999.0,-9999.0,-9999.0,60.8479995728,355.567407422952,114.839331838517,261268.22,671101.14,56,30,60.848
NS67SW_2068,1,2_1,2.4614178479,-9999.0,-9999.0,-9999.0,62.4580001831,68.3264263496583,38.1943876364953,261338.37,671090.62,20,12,62.458
NS67SW_2069,1,2_1,12.0387433132,-9999.0,-9999.0,-9999.0,65.90599823,461.622672738627,97.2194942314157,261443.53,671101.29,12,8,65.906
NS67SW_2070,1,2_1,6.15561932903,-9999.0,-9999.0,-9999.0,66.2490005493,1229.01622469756,342.636492665928,261626.11,671116.31,212,108,66.249
NS67SW_2073,1,2_1,3.70387149806,-9999.0,-9999.0,-9999.0,61.9749984741,189.286086446729,57.5492684566821,261295.41,671085.7,20,12,61.975
NS67SW_2081,1,2_1,3.55802292925,-9999.0,-9999.0,-9999.0,62.4840011597,240.34564963531,67.9787353187896,261318.87,671081.56,36,20,62.484
NS67SW_2084,1,2_1,4.37963845041,-9999.0,-9999.0,-9999.0,67.7710037231,539.523770807654,166.129874177599,261643.84,671091.71,76,40,67.771
NS67SW_2099,1,2_1,6.28615477892,-9999.0,-9999.0,-9999.0,65.5820007324,136.399053450625,51.1660627176655,261585.82,671070.77,28,16,65.582
NS67SW_2106,1,2_1,12.0474918954,-9999.0,-9999.0,-9999.0,65.7929992676,456.017440141422,99.3039160714808,261425.19,671070.27,20,12,65.793
NS67SW_2110,1,2_1,9.60816753465,-9999.0,-9999.0,-9999.0,65.7910003662,672.659377142612,139.799682991893,261472.72,671058.07,44,24,65.791
NS67SW_2111,1,2_1,3.6115579786,-9999.0,-9999.0,-9999.0,63.2529983521,378.629332107181,98.2402567155722,261341.06,671064.25,44,24,63.253
NS67SW_2112,1,2_1,6.22504174663,-9999.0,-9999.0,-9999.0,65.31300354,131.908606719359,50.7586698445473,261576.08,671058.29,28,16,65.313
NS67SW_2119,1,2_1,3.98547008414,-9999.0,-9999.0,-9999.0,61.7070007324,405.611761300154,115.019837106498,261280.99,671053.53,60,32,61.707
NS67SW_2125,1,2_1,2.4479433809,-9999.0,-9999.0,-9999.0,62.2700004578,30.7611299994622,24.0149834016136,261271.14,671040.97,12,8,62.27
NS67SW_2131,1,2_1,5.41414119279,-9999.0,-9999.0,-9999.0,65.2386703491,215.444428273624,85.1103399872169,261565.93,671043.18,60,32,65.239
NS67SW_2136,1,2_1,5.14359122689,-9999.0,-9999.0,-9999.0,63.2770004272,186.037352522478,54.5650038711614,261310.51,671037.36,12,8,63.277
NS67SW_2142,1,2_1,2.61202503529,-9999.0,-9999.0,-9999.0,62.9459991455,85.713881254039,46.6345551715546,261295.06,671032.54,28,16,62.946
NS67SW_2144,1,2_1,4.76494609165,-9999.0,-9999.0,-9999.0,62.0279998779,185.363552555766,58.747106182888,261257.75,671033.06,20,12,62.028
NS67SW_2148,1,2_1,6.17798402395,-9999.0,-9999.0,-9999.0,65.5640029907,833.941605904941,139.66244475543,261603.91,671044.07,36,20,65.564
NS67SW_2157,1,2_1,2.26748926598,-9999.0,-9999.0,-9999.0,62.7490005493,62.5635189221219,32.9440702709232,261278.56,671023.66,12,8,62.749
NS67SW_2159,1,2_1,2.32930650816,-9999.0,-9999.0,-9999.0,63.8510017395,27.9943124982837,24.496936302618,261309.63,671020.54,8,6,63.851
NS67SW_2162,1,2_1,5.59007120686,-9999.0,-9999.0,-9999.0,65.1159973145,448.358044954634,141.36747033875,261539.28,671027.09,76,40,65.116
NS67SW_2164,1,2_1,2.99735553448,-9999.0,-9999.0,-9999.0,67.5080032349,44.0697262503246,26.8261969567039,261745.03,671018.36,12,8,67.508
NS67SW_2166,1,2_1,3.22935088411,-9999.0,-9999.0,-9999.0,65.1920013428,195.616819970153,75.1650945388909,261478.47,671020.44,28,16,65.192
NS67SW_2167,1,2_1,5.37772833849,-9999.0,-9999.0,-9999.0,65.6666717529,258.045825195377,86.875794504011,261505.11,671025.05,52,28,65.667
NS67SW_2177,1,2_1,2.75417676746,-9999.0,-9999.0,-9999.0,69.5110015869,62.0388675003518,38.3701500679192,261617.55,671012.77,20,12,69.511
NS67SW_2179,1,2_1,4.3972361642,-9999.0,-9999.0,-9999.0,64.8980026245,756.384219686084,206.381355244767,261405.04,671023.77,128,66,64.898
NS67SW_2180,1,2_1,2.95395803037,-9999.0,-9999.0,-9999.0,68.9390029907,66.3483787526377,43.6467263418205,261589.73,671013.04,16,10,68.939
NS67SW_2182,1,2_1,5.35069471276,-9999.0,-9999.0,-9999.0,64.0989990234,146.669189386264,48.4428265618382,261371.32,671013.26,12,8,64.099
NS67SW_2191,1,2_1,6.08233538789,-9999.0,-9999.0,-9999.0,68.2990036011,107.063965481422,44.3052223300973,261716.9,671006.26,20,12,68.299
NS67SW_2193,1,2_1,5.44592413715,-9999.0,-9999.0,-9999.0,70.0989990234,166.53173778092,67.2117814265632,261652.29,671009.4,36,20,70.099
NS67SW_2194,1,2_1,5.91776815046,-9999.0,-9999.0,-9999.0,68.9564971924,148.457874205028,48.8143123418851,261699.46,671006.72,12,8,68.957
NS67SW_2198,1,2_1,5.82398742586,-9999.0,-9999.0,-9999.0,69.5790023804,178.772757050221,57.6085914678765,261679.48,671006.35,20,12,69.579
NS67SW_2199,1,2_1,5.02644878142,-9999.0,-9999.0,-9999.0,67.6760025024,185.290838028363,57.860482770212,261734.3,671006.51,20,12,67.676
NS67SW_2201,1,2_1,2.06925415411,-9999.0,-9999.0,-9999.0,64.6660003662,42.4880399934605,26.1587599086221,261438.09,671002.76,12,8,64.666
NS67SW_2203,1,2_1,2.43727374468,-9999.0,-9999.0,-9999.0,66.4130020142,32.1802537533209,23.1295315072954,261381.21,671001.71,12,8,66.413
NS67SW_2206,1,2_1,4.38043211995,-9999.0,-9999.0,-9999.0,70.4069976807,219.114912744043,64.0051678971109,261631.24,671003.8,28,16,70.407
NS67SW_2208,1,2_1,5.16195224313,-9999.0,-9999.0,-9999.0,66.875,138.915469646006,49.7855618894391,261362.08,670999.39,28,16,66.875
NS67SW_2209,1,2_1,4.42231243079,-9999.0,-9999.0,-9999.0,70.6959991455,216.061604612195,69.319966790438,261607.4,670998.83,28,16,70.696
NS67SW_2213,1,2_1,5.12200620483,-9999.0,-9999.0,-9999.0,69.0400009155,193.18273337424,65.6622539801342,261555.51,670997.18,28,16,69.04
NS67SW_2216,1,2_1,4.34257498582,-9999.0,-9999.0,-9999.0,70.7200012207,249.262840103931,72.5950857501177,261581.89,670993.39,36,20,70.72
NS67SW_2222,1,2_1,4.73170387939,-9999.0,-9999.0,-9999.0,64.6689987183,156.300515961182,54.2849192826432,261433.43,670991.4,28,16,64.669
NS67SW_2227,1,2_1,2.67576003216,-9999.0,-9999.0,-9999.0,65.9069976807,86.7175435021344,38.5338413485806,261500.58,670985.94,12,8,65.907
NS67SW_2229,1,2_1,3.68565997371,-9999.0,-9999.0,-9999.0,65.5599975586,198.77099180135,84.388755714907,261415.5,670989.49,32,18,65.56
NS67SW_2230,1,2_1,2.77791298163,-9999.0,-9999.0,-9999.0,66.7829971313,59.548162503358,34.5878862117114,261374.5,670982.96,16,10,66.783
NS67SW_2239,1,2_1,5.7076162765,-9999.0,-9999.0,-9999.0,67.4209976196,194.816857192088,64.7475484363409,261518.97,670982.46,44,24,67.421
NS67SW_2242,1,2_1,3.02312536905,-9999.0,-9999.0,-9999.0,67.0879974365,54.9330637527517,29.7052669372736,261387.03,670977.11,12,8,67.088
NS67SW_2246,1,2_1,4.60177202837,-9999.0,-9999.0,-9999.0,66.3860015869,169.020127629003,58.4734770798855,261355.43,670980.29,28,16,66.386
NS67SW_2255,1,2_1,4.54704040913,-9999.0,-9999.0,-9999.0,66.6019973755,139.684841430425,47.2770867890053,261409.85,670976.7,12,8,66.602
NS67SW_2256,1,2_1,5.45991195468,-9999.0,-9999.0,-9999.0,68.5459976196,270.16815686911,82.92586425372,261708.98,670974.5,44,24,68.546
NS67SW_2258,1,2_1,5.74490957973,-9999.0,-9999.0,-9999.0,70.7109985352,184.177682678007,54.5109343313418,261685.27,670973.06,12,8,70.711
NS67SW_2261,1,2_1,6.08088166504,-9999.0,-9999.0,-9999.0,72.2409973145,162.243035220616,60.5257868646958,261644.5,670972.57,32,18,72.241
NS67SW_2263,1,2_1,6.14089624586,-9999.0,-9999.0,-9999.0,65.3180007935,191.703367166926,59.9576870092422,261295.34,670972.77,20,12,65.318
NS67SW_2264,1,2_1,5.81472921274,-9999.0,-9999.0,-9999.0,72.388999939,127.610924514805,47.9447682444902,261626.15,670971.06,20,12,72.389
NS67SW_2266,1,2_1,2.08425938972,-9999.0,-9999.0,-9999.0,67.6809997559,28.4553225028797,22.5104806908507,261367.22,670967.21,12,8,67.681
NS67SW_2270,1,2_1,6.13659909837,-9999.0,-9999.0,-9999.0,72.4899978638,118.578987301897,47.8394901886229,261608.72,670967.09,28,16,72.49
NS67SW_2273,1,2_1,4.77475918558,-9999.0,-9999.0,-9999.0,65.0400009155,332.979989901184,102.761564758479,261483.88,670973.14,44,24,65.04
NS67SW_2276,1,2_1,3.40168342037,-9999.0,-9999.0,-9999.0,67.8659973145,194.623883651728,57.5716387673392,261343.69,670965.64,20,12,67.866
NS67SW_2286,1,2_1,4.4227763007,-9999.0,-9999.0,-9999.0,67.56199646,185.155106041702,61.0138787150602,261395.81,670963.64,32,18,67.562
NS67SW_2288,1,2_1,2.30095610071,-9999.0,-9999.0,-9999.0,73.2009963989,37.4996287455513,33.4084774603267,261620.04,670958.21,16,10,73.201
NS67SW_2291,1,2_1,4.56816881735,-9999.0,-9999.0,-9999.0,72.5039978027,209.995580684713,78.8975996717715,261594.62,670961.28,44,24,72.504
NS67SW_2294,1,2_1,6.90147113417,-9999.0,-9999.0,-9999.0,72.2740020752,127.531147876593,45.8690031036083,261574.12,670957.72,12,8,72.274
NS67SW_2302,1,2_1,2.69121344615,-9999.0,-9999.0,-9999.0,68.3679962158,44.4466312556186,27.0918142205805,261352.13,670951.91,12,8,68.368
NS67SW_2303,1,2_1,2.35376780902,-9999.0,-9999.0,-9999.0,68.7119979858,36.3276637522571,28.5635077506575,261369.67,670948.61,8,6,68.712
NS67SW_2307,1,2_1,2.60691367255,-9999.0,-9999.0,-9999.0,68.7440032959,21.0053249976089,21.4911670140425,261344.86,670947.3,8,6,68.744
NS67SW_2312,1,2_1,5.80531106751,-9999.0,-9999.0,-9999.0,69.6709976196,328.168296693742,100.738730658359,261533.43,670960.2,52,28,69.671
NS67SW_2318,1,2_1,4.24379884566,-9999.0,-9999.0,-9999.0,67.8308029175,226.606363418315,79.6591072079644,261385.42,670954.13,28,16,67.831
NS67SW_2322,1,2_1,2.03846132086,-9999.0,-9999.0,-9999.0,73.1741638184,24.3731812499464,21.342506366871,261617.7,670942.69,12,8,73.174
NS67SW_2327,1,2_1,4.77801814618,-9999.0,-9999.0,-9999.0,72.7340011597,123.960025726054,46.6851465916378,261630.71,670943.61,20,12,72.734
NS67SW_2330,1,2_1,5.37959406122,-9999.0,-9999.0,-9999.0,65.5979995728,242.689523183476,70.2826950568763,261283.6,670950.08,28,16,65.598
NS67SW_2331,1,2_1,6.05944315262,-9999.0,-9999.0,-9999.0,65.0569992065,195.042807862837,58.4807317857442,261444.19,670946.27,20,12,65.057
NS67SW_2335,1,2_1,5.54964552138,-9999.0,-9999.0,-9999.0,72.3430023193,179.31635251646,68.7289164911173,261647.67,670946.4,32,18,72.343
NS67SW_2345,1,2_1,4.03512055971,-9999.0,-9999.0,-9999.0,68.2450027466,271.894848629973,77.0937462431464,261327.76,670943.73,28,16,68.245
NS67SW_2349,1,2_1,2.66013493489,-9999.0,-9999.0,-9999.0,65.2850036621,24.8052524982874,21.1591191366233,261452.27,670932.97,12,8,65.285
NS67SW_2350,1,2_1,5.66979118422,-9999.0,-9999.0,-9999.0,68.8740005493,316.493673522049,89.0465169494145,261716.16,670947.02,56,30,68.874
NS67SW_2351,1,2_1,6.11417450355,-9999.0,-9999.0,-9999.0,71.0159988403,217.952769428714,72.118093226088,261681.54,670943.65,28,16,71.016
NS67SW_2356,1,2_1,4.36992101327,-9999.0,-9999.0,-9999.0,69.2379989624,162.574459619186,55.6572540238438,261380.35,670937.26,20,12,69.238
NS67SW_2357,1,2_1,5.39046962468,-9999.0,-9999.0,-9999.0,72.9919967651,162.11300652597,56.3278690350789,261608.04,670935.28,28,16,72.992
NS67SW_2364,1,2_1,4.87277450562,-9999.0,-9999.0,-9999.0,72.0660018921,190.344284687764,59.4525004682274,261536.82,670932.98,28,16,72.066
NS67SW_2368,1,2_1,2.84170542774,-9999.0,-9999.0,-9999.0,69.7819976807,57.4108167659408,32.142967643203,261350.58,670929.52,20,12,69.782
NS67SW_2369,1,2_1,5.78859613661,-9999.0,-9999.0,-9999.0,65.361000061,308.092511907855,101.8545400279,261487.52,670940.82,60,32,65.361
NS67SW_2371,1,2_1,2.10217188446,-9999.0,-9999.0,-9999.0,72.8359985352,22.1355225012585,22.3377694374523,261605.77,670925.44,8,6,72.836
NS67SW_2376,1,2_1,4.34260999311,-9999.0,-9999.0,-9999.0,72.7180023193,321.839348887649,107.248290068474,261576.81,670934.14,60,32,72.718
NS67SW_2377,1,2_1,2.79026186998,-9999.0,-9999.0,-9999.0,69.6859970093,39.4873275024208,25.9523765164289,261708.37,670923.04,12,8,69.686
NS67SW_2379,1,2_1,3.92577636074,-9999.0,-9999.0,-9999.0,69.638999939,110.442234508443,42.6781698665245,261315.87,670925.18,16,10,69.639
NS67SW_2381,1,2_1,5.08623187603,-9999.0,-9999.0,-9999.0,66.9929962158,171.876852404744,55.2499424446586,261267.84,670927.49,20,12,66.993
NS67SW_2383,1,2_1,3.83348083496,-9999.0,-9999.0,-9999.0,65.9759979248,252.034893209415,97.8624790887527,261425.53,670931.17,52,28,65.976
NS67SW_2386,1,2_1,4.90061158444,-9999.0,-9999.0,-9999.0,70.0199966431,172.974521930362,58.7905273306876,261371.78,670923.92,20,12,70.02
NS67SW_2391,1,2_1,5.99225376636,-9999.0,-9999.0,-9999.0,65.2850036621,147.127934695696,51.5168192062811,261453.47,670917.32,20,12,65.285
NS67SW_2392,1,2_1,5.76515682773,-9999.0,-9999.0,-9999.0,71.2030029297,181.192981458444,72.5434719136058,261538.18,670916.26,36,20,71.203
NS67SW_2395,1,2_1,2.44518222719,-9999.0,-9999.0,-9999.0,67.297996521,56.4431999993976,32.9720570986392,261431.98,670912.57,12,8,67.298
NS67SW_2397,1,2_1,6.72419666109,-9999.0,-9999.0,-9999.0,72.3909988403,106.169662691753,42.1706168900394,261573.75,670914.22,12,8,72.391
NS67SW_2401,1,2_1,2.32998561859,-9999.0,-9999.0,-9999.0,72.327003479,47.7915074984379,33.1284439186697,261591.16,670908.3,20,12,72.327
NS67SW_2410,1,2_1,5.47171150766,-9999.0,-9999.0,-9999.0,69.5070037842,208.125707553489,60.7154672156252,261717.12,670910.89,20,12,69.507
NS67SW_2412,1,2_1,2.05938099049,-9999.0,-9999.0,-9999.0,70.9680023193,54.2349787502257,36.7209850598043,261326.85,670906.24,24,14,70.968
NS67SW_2413,1,2_1,5.72566115801,-9999.0,-9999.0,-9999.0,70.8820037842,221.906472828575,69.0390517919136,261681.54,670912.46,28,16,70.882
NS67SW_2415,1,2_1,2.42821591617,-9999.0,-9999.0,-9999.0,69.9700012207,44.031301915047,30.6163082763854,261531.96,670902.64,12,8,69.97
NS67SW_2419,1,2_1,5.53749531888,-9999.0,-9999.0,-9999.0,72.0419998169,192.851834142447,63.2629153862202,261610.17,670909.77,28,16,72.042
NS67SW_2420,1,2_1,6.25407422267,-9999.0,-9999.0,-9999.0,71.533996582,140.667737084795,50.257954167307,261648.39,670905.79,20,12,71.534
NS67SW_2423,1,2_1,5.06030734036,-9999.0,-9999.0,-9999.0,71.8199996948,166.903908748515,56.4383172427504,261629.89,670905.6,28,16,71.82
NS67SW_2427,1,2_1,3.36452832065,-9999.0,-9999.0,-9999.0,71.2779998779,47.9703037535654,26.6886555968368,261334.84,670901.17,16,10,71.278
NS67SW_2428,1,2_1,4.35205886116,-9999.0,-9999.0,-9999.0,70.1179962158,201.611396868245,59.0380399512369,261306.14,670904.57,28,16,70.118
NS67SW_2431,1,2_1,2.14267103639,-9999.0,-9999.0,-9999.0,70.8929977417,22.2980137492869,22.6576011428944,261680.21,670897.57,8,6,70.893
NS67SW_2434,1,2_1,4.06501726058,-9999.0,-9999.0,-9999.0,68.3279953003,276.774870236179,93.4638576605563,261413.67,670905.89,52,28,68.328
NS67SW_2435,1,2_1,5.87677678195,-9999.0,-9999.0,-9999.0,71.077003479,152.484259364055,54.4976755415573,261545.94,670899.61,20,12,71.077
NS67SW_2437,1,2_1,3.92816558309,-9999.0,-9999.0,-9999.0,70.8142471313,322.033460870914,86.1781195541293,261360.68,670904.81,28,16,70.814
NS67SW_2440,1,2_1,6.23479510892,-9999.0,-9999.0,-9999.0,71.9410018921,103.337860619394,43.3006499755187,261582.24,670897.51,20,12,71.941
NS67SW_2441,1,2_1,5.76347924494,-9999.0,-9999.0,-9999.0,69.2949981689,120.758447118673,47.887952860129,261731.67,670897.43,20,12,69.295
NS67SW_2443,1,2_1,5.38120091928,-9999.0,-9999.0,-9999.0,65.3099975586,379.383157517084,117.434354192103,261496.48,670905.15,52,28,65.31
NS67SW_2453,1,2_1,5.9255274253,-9999.0,-9999.0,-9999.0,70.7470016479,125.221133846861,44.8125745536327,261684.48,670889.83,12,8,70.747
NS67SW_2462,1,2_1,6.40634756772,-9999.0,-9999.0,-9999.0,70.8330001831,74.6619085917953,34.7574842598309,261550.27,670884.13,12,8,70.833
NS67SW_2464,1,2_1,4.04366829223,-9999.0,-9999.0,-9999.0,71.3266677856,236.931617802979,88.597621054444,261645.17,670891.06,68,36,71.327
NS67SW_2467,1,2_1,2.09169628976,-9999.0,-9999.0,-9999.0,70.0609970093,25.3731712457897,23.5930059441261,261713.46,670882.84,8,6,70.061
NS67SW_2470,1,2_1,6.07768352754,-9999.0,-9999.0,-9999.0,69.2740020752,112.392980434613,44.9997119468014,261747.5,670886.63,20,12,69.274
NS67SW_2475,1,2_1,2.89185850182,-9999.0,-9999.0,-9999.0,68.8509979248,60.805126335735,32.4886475586656,261525.71,670878.52,12,8,68.851
NS67SW_2476,1,2_1,5.00107653426,-9999.0,-9999.0,-9999.0,71.4150009155,176.218239456831,59.0428150680827,261593.37,670883.89,28,16,71.415
NS67SW_2487,1,2_1,4.3197587697,-9999.0,-9999.0,-9999.0,71.5500030518,332.451433879507,78.6341116045461,261339.69,670884.05,24,14,71.55
NS67SW_2488,1,2_1,2.960638968,-9999.0,-9999.0,-9999.0,69.3649978638,108.68041500714,50.114021866722,261423.93,670879.46,28,16,69.365
NS67SW_2492,1,2_1,4.76296473163,-9999.0,-9999.0,-9999.0,69.1579971313,184.835397200665,55.9150376234608,261760.97,670878.15,24,14,69.158
NS67SW_2496,1,2_1,5.05825689641,-9999.0,-9999.0,-9999.0,70.1210021973,165.791274054814,62.4273975803603,261700.45,670876.18,28,16,70.121
NS67SW_2500,1,2_1,5.14031405806,-9999.0,-9999.0,-9999.0,65.5859985352,380.089865305318,119.780225004202,261451.15,670883.58,72,38,65.586
NS67SW_2504,1,2_1,8.37088414836,-9999.0,-9999.0,-9999.0,71.2924957275,57.7323712427043,32.0432009671397,261303.79,670868.89,12,8,71.293
NS67SW_2505,1,2_1,6.48205319573,-9999.0,-9999.0,-9999.0,70.8420028687,105.182304124808,41.9910637841147,261658.19,670870.5,12,8,70.842
NS67SW_2506,1,2_1,5.8316676363,-9999.0,-9999.0,-9999.0,69.28099823,133.605617038227,47.2879989163149,261776.54,670870.49,12,8,69.281
NS67SW_2518,1,2_1,5.24935805779,-9999.0,-9999.0,-9999.0,70.2239990234,169.009455452963,56.2955677768751,261549.48,670866.33,28,16,70.224
NS67SW_2522,1,2_1,2.52102687441,-9999.0,-9999.0,-9999.0,69.8339996338,22.2232575043718,19.6109502435398,261540.36,670858.46,12,8,69.834
NS67SW_2528,1,2_1,5.21235358578,-9999.0,-9999.0,-9999.0,69.6699981689,318.837438239157,116.728479202279,261721.85,670864.15,60,32,69.67
NS67SW_2531,1,2_1,4.22076605479,-9999.0,-9999.0,-9999.0,70.9652023315,158.649713050845,53.8512864735094,261383.08,670858.9,20,12,70.965
NS67SW_2537,1,2_1,3.3455513412,-9999.0,-9999.0,-9999.0,70.2559967041,625.509324811449,177.583548600461,261405.38,670873.84,108,56,70.256
NS67SW_2538,1,2_1,6.01271150132,-9999.0,-9999.0,-9999.0,70.5825042725,123.823315776605,48.2132409197723,261672.2,670856.83,20,12,70.582
NS67SW_2541,1,2_1,2.24011199746,-9999.0,-9999.0,-9999.0,71.1480026245,41.4748800054483,31.1077220598661,261631.38,670851.49,16,10,71.148
NS67SW_2542,1,2_1,4.99914654562,-9999.0,-9999.0,-9999.0,69.2929992676,381.09273340399,109.763974068754,261793.7,670859.66,36,20,69.293
NS67SW_2543,1,2_1,4.55008160648,-9999.0,-9999.0,-9999.0,69.6679992676,333.617096364572,80.0467025056446,261279.6,670862.02,20,12,69.668
NS67SW_2544,1,2_1,2.68323343168,-9999.0,-9999.0,-9999.0,70.6689987183,36.9805987457743,27.7790341058192,261294.11,670851.19,8,6,70.669
NS67SW_2548,1,2_1,2.26903680489,-9999.0,-9999.0,-9999.0,67.0279998779,47.1742942304862,29.3822517957621,261511.6,670850.61,12,8,67.028
NS67SW_2549,1,2_1,5.82274734785,-9999.0,-9999.0,-9999.0,71.1800003052,338.522682675331,116.592003908547,261611.83,670862.36,44,24,71.18
NS67SW_2552,1,2_1,3.9987747345,-9999.0,-9999.0,-9999.0,71.0889968872,130.009317936417,47.7114120338745,261309.8,670852.9,20,12,71.089
NS67SW_2556,1,2_1,5.9445393714,-9999.0,-9999.0,-9999.0,69.5989990234,117.182653724086,46.667174554566,261742.09,670850.88,20,12,69.599
NS67SW_2561,1,2_1,6.63253698696,-9999.0,-9999.0,-9999.0,70.0059967041,90.5590272496219,39.2469166554103,261546.51,670850.14,12,8,70.006
NS67SW_2562,1,2_1,2.26801555783,-9999.0,-9999.0,-9999.0,69.5410003662,51.6299325046173,35.2084672542082,261770.53,670848.49,20,12,69.541
NS67SW_2571,1,2_1,2.6795381278,-9999.0,-9999.0,-9999.0,70.5879974365,32.0992874964139,23.2103997139827,261678.24,670843.84,12,8,70.588
NS67SW_2577,1,2_1,4.39643300834,-9999.0,-9999.0,-9999.0,67.8430023193,402.766350367737,118.854404890898,261435.69,670854.58,60,32,67.843
NS67SW_2578,1,2_1,5.71023410333,-9999.0,-9999.0,-9999.0,70.1839981079,126.413570370058,46.8006016797857,261688.37,670846.28,20,12,70.184
NS67SW_2580,1,2_1,4.00540571464,-9999.0,-9999.0,-9999.0,69.9056625366,157.022030970129,56.1032613609722,261399.86,670845.25,20,12,69.906
NS67SW_2586,1,2_1,4.94660468468,-9999.0,-9999.0,-9999.0,69.5159988403,235.743536366878,88.383020910892,261755.9,670849.17,60,32,69.516
NS67SW_2590,1,2_1,5.55518785288,-9999.0,-9999.0,-9999.0,69.3809967041,258.628630287035,76.8343384981025,261823.51,670843.68,36,20,69.381
NS67SW_2591,1,2_1,4.30405546314,-9999.0,-9999.0,-9999.0,70.7429962158,174.599745567465,53.6717309502709,261329.2,670841.49,12,8,70.743
NS67SW_2593,1,2_1,4.9091170881,-9999.0,-9999.0,-9999.0,69.1210021973,138.592506829458,61.579234827903,261533.71,670836.55,28,16,69.121
NS67SW_2598,1,2_1,2.17127318429,-9999.0,-9999.0,-9999.0,70.9359970093,29.3096400030504,27.5665480779141,261634.26,670831.39,16,10,70.936
NS67SW_2601,1,2_1,5.75062763785,-9999.0,-9999.0,-9999.0,71.0670013428,132.135789821418,50.0872653315097,261618.88,670835.25,28,16,71.067
NS67SW_2605,1,2_1,4.94742157216,-9999.0,-9999.0,-9999.0,70.0569992065,239.22617230362,66.0186269547416,261702.92,670836.11,36,20,70.057
NS67SW_2606,1,2_1,5.67730811192,-9999.0,-9999.0,-9999.0,69.6600036621,135.612815933461,49.7101190179638,261772.32,670832.24,20,12,69.66
NS67SW_2612,1,2_1,3.9318515325,-9999.0,-9999.0,-9999.0,70.138999939,185.666533175015,57.1384991785724,261343.91,670832.48,32,18,70.139
NS67SW_2616,1,2_1,4.09478435193,-9999.0,-9999.0,-9999.0,67.9639968872,152.651636316764,49.6798168698613,261423.92,670831.11,12,8,67.964
NS67SW_2626,1,2_1,5.77189070573,-9999.0,-9999.0,-9999.0,69.483001709,225.659846229512,77.8681273291318,261849.39,670830.03,52,28,69.483
NS67SW_2630,1,2_1,2.71542566473,-9999.0,-9999.0,-9999.0,68.8550033569,73.812620918992,36.825004656953,261515.83,670823.93,20,12,68.855
NS67SW_2631,1,2_1,2.38874572962,-9999.0,-9999.0,-9999.0,69.4540023804,77.1394581407143,36.1351584843749,261836.38,670823.68,12,8,69.454
NS67SW_2633,1,2_1,4.96955921479,-9999.0,-9999.0,-9999.0,65.5879974365,749.299449979419,267.224374812661,261481.98,670850.73,108,56,65.588
NS67SW_2634,1,2_1,6.22286971699,-9999.0,-9999.0,-9999.0,69.5469970703,116.186109763086,44.7367759815766,261531.06,670824.84,24,14,69.547
NS67SW_2635,1,2_1,4.86085859026,-9999.0,-9999.0,-9999.0,69.6399993896,154.514324869076,72.5846032170545,261786.75,670830.22,52,28,69.64
NS67SW_2640,1,2_1,2.2655415498,-9999.0,-9999.0,-9999.0,70.4789962769,32.7099487474529,23.3427130885939,261690.49,670820.36,12,8,70.479
NS67SW_2643,1,2_1,5.47161928877,-9999.0,-9999.0,-9999.0,70.6200027466,262.741296780448,79.766493249059,261574.88,670821.69,36,20,70.62
NS67SW_2646,1,2_1,4.94298089253,-9999.0,-9999.0,-9999.0,69.7929992676,233.08899215618,95.2337034044562,261720.17,670824.0,68,36,69.793
NS67SW_2648,1,2_1,5.81049694027,-9999.0,-9999.0,-9999.0,70.9974594116,117.022818386506,45.5892893998081,261626.94,670818.68,28,16,70.998
NS67SW_2651,1,2_1,5.65869150798,-9999.0,-9999.0,-9999.0,70.5729980469,96.7465058900277,40.4680241518911,261677.25,670818.32,12,8,70.573
NS67SW_2653,1,2_1,3.91298572253,-9999.0,-9999.0,-9999.0,68.8634033203,201.431892041434,72.4083619482718,261360.76,670820.69,52,28,68.863
NS67SW_2660,1,2_1,2.89200085499,-9999.0,-9999.0,-9999.0,68.8659973145,31.4109000014143,23.0582016562731,261508.39,670812.19,12,8,68.866
NS67SW_2661,1,2_1,5.18764623006,-9999.0,-9999.0,-9999.0,69.8190002441,170.016085772831,53.0475711125967,261868.74,670817.71,20,12,69.819
NS67SW_2668,1,2_1,1.91596433341,-9999.0,-9999.0,-9999.0,69.5210037231,24.149235002009,22.7666804829837,261834.25,670811.17,8,6,69.521
NS67SW_2677,1,2_1,7.14405569202,-9999.0,-9999.0,-9999.0,69.5729980469,167.410727797783,57.7620555767038,261805.32,670813.64,12,8,69.573
NS67SW_2678,1,2_1,2.33860856396,-9999.0,-9999.0,-9999.0,70.9580001831,48.0024749987466,31.9885227257541,261589.84,670809.34,20,12,70.958
NS67SW_2680,1,2_1,5.68934386396,-9999.0,-9999.0,-9999.0,69.4499969482,126.559601150105,45.0056588883141,261521.38,670811.77,12,8,69.45
NS67SW_2681,1,2_1,2.22291926849,-9999.0,-9999.0,-9999.0,70.1709976196,22.1423475012611,22.8798867361477,261701.6,670807.91,8,6,70.171
NS67SW_2688,1,2_1,4.72342334184,-9999.0,-9999.0,-9999.0,68.5650024414,153.211225504628,53.5502265716489,261376.76,670811.94,20,12,68.565
NS67SW_2689,1,2_1,4.62863791616,-9999.0,-9999.0,-9999.0,66.81199646,157.16807602227,51.9829116607033,261459.46,670810.4,20,12,66.812
NS67SW_2690,1,2_1,2.18449446259,-9999.0,-9999.0,-9999.0,70.6019973755,49.980352493815,29.6469180816834,261570.87,670806.19,12,8,70.602
NS67SW_2700,1,2_1,6.11975535797,-9999.0,-9999.0,-9999.0,69.8000030518,114.393712534253,46.8695556063684,261714.75,670805.21,28,16,69.8
NS67SW_2703,1,2_1,5.30075875441,-9999.0,-9999.0,-9999.0,70.8000030518,450.375914612485,161.822793323302,261649.6,670814.34,100,52,70.8
NS67SW_2718,1,2_1,5.18334817546,-9999.0,-9999.0,-9999.0,69.4430007935,326.071662873711,95.7808839664245,261762.69,670804.73,52,28,69.443
NS67SW_2719,1,2_1,2.72597025482,-9999.0,-9999.0,-9999.0,70.7429962158,38.6854350026526,25.3618729353453,261568.08,670794.6,12,8,70.743
NS67SW_2722,1,2_1,2.84225750813,-9999.0,-9999.0,-9999.0,67.9970016479,59.0608725011747,29.8859635618439,261373.29,670794.52,16,10,67.997
NS67SW_2723,1,2_1,4.43113135459,-9999.0,-9999.0,-9999.0,67.4359970093,176.782801969912,64.3900383637998,261481.01,670800.0,28,16,67.436
NS67SW_2724,1,2_1,6.28311670394,-9999.0,-9999.0,-9999.0,69.6100006104,215.41809334545,74.2882041804722,261831.74,670798.13,28,16,69.61
NS67SW_2734,1,2_1,3.79467610168,-9999.0,-9999.0,-9999.0,67.3949966431,130.916366110897,48.4335716737169,261411.15,670793.69,20,12,67.395
NS67SW_2735,1,2_1,5.15533470753,-9999.0,-9999.0,-9999.0,70.3667526245,250.188974895009,105.956105371401,261681.02,670800.07,60,32,70.367
NS67SW_2739,1,2_1,5.20081155558,-9999.0,-9999.0,-9999.0,69.6699981689,161.38057802287,51.8889585399458,261784.74,670792.05,12,8,69.67
NS67SW_2740,1,2_1,2.25290838877,-9999.0,-9999.0,-9999.0,70.6709976196,21.0801900009793,21.1102421968628,261673.45,670784.96,8,6,70.671
NS67SW_2743,1,2_1,4.30411591193,-9999.0,-9999.0,-9999.0,67.8539962769,226.663907906158,82.0826021035177,261393.5,670794.92,36,20,67.854
NS67SW_2745,1,2_1,5.08832484484,-9999.0,-9999.0,-9999.0,70.017288208,201.390835437762,82.4679609734201,261700.79,670792.93,44,24,70.017
NS67SW_2748,1,2_1,5.433719232,-9999.0,-9999.0,-9999.0,70.4390029907,282.159391435949,85.5297193655694,261553.06,670793.19,44,24,70.439
NS67SW_2749,1,2_1,5.87358478107,-9999.0,-9999.0,-9999.0,69.8219985962,143.077748821284,52.7314142079958,261739.44,670788.97,28,16,69.822
NS67SW_2750,1,2_1,5.57745375172,-9999.0,-9999.0,-9999.0,70.0559997559,127.568312390279,46.9690456455549,261851.34,670786.86,20,12,70.056
NS67SW_2765,1,2_1,3.79634642928,-9999.0,-9999.0,-9999.0,69.5133361816,378.400363897832,121.060374069017,261506.26,670791.61,84,44,69.513
NS67SW_2766,1,2_1,5.0353742482,-9999.0,-9999.0,-9999.0,69.6360015869,111.552905473983,46.103600773935,261802.19,670781.53,20,12,69.636
NS67SW_2785,1,2_1,4.61273476293,-9999.0,-9999.0,-9999.0,67.1259994507,238.954826184506,65.1331670673544,261427.78,670779.41,28,16,67.126
NS67SW_2795,1,2_1,5.23983990638,-9999.0,-9999.0,-9999.0,70.0889968872,111.619961256515,42.7303743339342,261712.49,670771.69,20,12,70.089
NS67SW_2796,1,2_1,2.58605632668,-9999.0,-9999.0,-9999.0,67.6740036011,43.7253412523836,25.4085587334998,261412.84,670769.7,20,12,67.674
NS67SW_2805,1,2_1,4.84129770541,-9999.0,-9999.0,-9999.0,69.9179992676,184.161116823908,73.0175130757215,261734.08,670769.91,36,20,69.918
NS67SW_2809,1,2_1,5.84119901356,-9999.0,-9999.0,-9999.0,70.9570007324,476.053278798931,131.249115107167,261591.36,670784.5,52,28,70.957
NS67SW_2814,1,2_1,4.99814701302,-9999.0,-9999.0,-9999.0,70.78099823,343.307299930459,136.595714769327,261670.71,670770.6,68,36,70.781
NS67SW_2817,1,2_1,5.19678027242,-9999.0,-9999.0,-9999.0,69.8209991455,186.471345907672,55.4677017761202,261787.42,670765.82,20,12,69.821
NS67SW_2821,1,2_1,3.85139276404,-9999.0,-9999.0,-9999.0,66.8840026855,190.774665523827,77.7190139797271,261442.82,670768.24,36,20,66.884
NS67SW_2822,1,2_1,6.30613553155,-9999.0,-9999.0,-9999.0,71.2220001221,98.1652268651557,44.0251292853531,261621.4,670763.27,20,12,71.222
NS67SW_2832,1,2_1,4.44499843318,-9999.0,-9999.0,-9999.0,66.9970016479,166.399812749553,54.9383208918714,261458.76,670762.08,20,12,66.997
NS67SW_2839,1,2_1,6.74319711989,-9999.0,-9999.0,-9999.0,70.3880004883,201.29463542395,76.016447090117,261544.19,670760.98,36,20,70.388
NS67SW_2840,1,2_1,5.90246580481,-9999.0,-9999.0,-9999.0,70.6839981079,126.27826753384,48.3058004817548,261689.39,670757.36,20,12,70.684
NS67SW_2841,1,2_1,5.4016395617,-9999.0,-9999.0,-9999.0,70.1190032959,285.77447619501,109.185348435941,261867.05,670764.96,60,32,70.119
NS67SW_2844,1,2_1,5.64420758248,-9999.0,-9999.0,-9999.0,70.0059967041,221.053018609885,65.8100292687724,261831.36,670756.55,28,16,70.006
NS67SW_2848,1,2_1,5.91694656589,-9999.0,-9999.0,-9999.0,71.2249984741,125.895371524383,48.1253007229884,261636.67,670753.83,20,12,71.225
NS67SW_2849,1,2_1,4.68081727118,-9999.0,-9999.0,-9999.0,69.8280029297,216.221944458481,64.3032453832618,261771.76,670755.7,36,20,69.828
NS67SW_2852,1,2_1,2.36528977614,-9999.0,-9999.0,-9999.0,71.1240005493,50.9614124964828,28.8050360122513,261578.49,670750.5,12,8,71.124
NS67SW_2857,1,2_1,2.64292174891,-9999.0,-9999.0,-9999.0,71.2720031738,40.0627425009478,26.1908225868183,261624.48,670747.35,12,8,71.272
NS67SW_2863,1,2_1,3.72971481943,-9999.0,-9999.0,-9999.0,67.5419998169,209.510794166493,69.6591065233728,261477.59,670751.84,28,16,67.542
NS67SW_2868,1,2_1,5.30327100503,-9999.0,-9999.0,-9999.0,70.5520019531,159.865787891338,74.3068150224858,261704.55,670751.79,40,22,70.552
NS67SW_2869,1,2_1,6.22431335449,-9999.0,-9999.0,-9999.0,70.0950012207,107.670354207964,42.3901833799066,261814.33,670747.2,12,8,70.095
NS67SW_2871,1,2_1,5.83465912552,-9999.0,-9999.0,-9999.0,70.0490036011,141.429396208858,47.6867261809941,261755.39,670746.32,12,8,70.049
NS67SW_2873,1,2_1,2.68424513846,-9999.0,-9999.0,-9999.0,67.2279968262,50.4319462492899,28.5212032178888,261455.3,670742.96,12,8,67.228
NS67SW_2874,1,2_1,6.3375991033,-9999.0,-9999.0,-9999.0,71.0279998779,141.492559344717,49.9652795624391,261564.89,670746.12,20,12,71.028
NS67SW_2875,1,2_1,4.65615967882,-9999.0,-9999.0,-9999.0,71.0950012207,189.448052196989,74.1920937705068,261646.88,670744.46,36,20,71.095
NS67SW_2881,1,2_1,4.57304751893,-9999.0,-9999.0,-9999.0,70.3570022583,168.995706513252,67.0664732501732,261845.76,670742.11,44,24,70.357
NS67SW_2887,1,2_1,5.97350216543,-9999.0,-9999.0,-9999.0,70.6360015869,153.604805801331,55.926852091913,261720.37,670737.71,36,20,70.636
NS67SW_2888,1,2_1,5.14068504053,-9999.0,-9999.0,-9999.0,70.3339996338,168.564343237473,55.8275645931119,261741.3,670738.05,28,16,70.334
NS67SW_2899,1,2_1,6.20356378836,-9999.0,-9999.0,-9999.0,70.8990020752,141.650114917676,51.2215556088667,261666.68,670734.92,28,16,70.899
NS67SW_2900,1,2_1,6.30929338033,-9999.0,-9999.0,-9999.0,70.0820007324,208.01786633253,70.9656309737169,261796.9,670735.55,36,20,70.082
NS67SW_2912,1,2_1,3.02244269631,-9999.0,-9999.0,-9999.0,71.4100036621,59.4802206546148,30.9208041602343,261630.88,670727.05,12,8,71.41
NS67SW_2918,1,2_1,4.94988233859,-9999.0,-9999.0,-9999.0,70.4189987183,159.291719786591,56.055843744256,261516.3,670730.51,20,12,70.419
NS67SW_2922,1,2_1,5.22719948554,-9999.0,-9999.0,-9999.0,70.9670028687,158.356984804749,68.9929852869963,261679.09,670725.72,44,24,70.967
NS67SW_2927,1,2_1,6.28250261803,-9999.0,-9999.0,-9999.0,70.5920028687,139.60850251779,51.5141442809986,261850.02,670721.75,28,16,70.592
NS67SW_2933,1,2_1,2.23904104368,-9999.0,-9999.0,-9999.0,70.6289978027,56.7517387411855,30.4684548708329,261813.96,670717.2,12,8,70.629
NS67SW_2944,1,2_1,5.98626907637,-9999.0,-9999.0,-9999.0,70.3089981079,202.931566970083,71.635045420949,261769.58,670720.61,28,16,70.309
NS67SW_2947,1,2_1,4.95279518731,-9999.0,-9999.0,-9999.0,71.3059997559,632.257892245831,215.382661529681,261595.84,670727.21,120,62,71.306
NS67SW_2948,1,2_1,3.60558998715,-9999.0,-9999.0,-9999.0,69.90599823,168.070369500861,55.1130459660843,261509.89,670715.96,28,16,69.906
NS67SW_2951,1,2_1,5.74679373475,-9999.0,-9999.0,-9999.0,70.952003479,121.078437419116,47.6579030442046,261697.34,670715.35,20,12,70.952
NS67SW_2955,1,2_1,5.82603642435,-9999.0,-9999.0,-9999.0,70.8059997559,134.542053757284,50.154544015993,261834.95,670710.59,20,12,70.806
NS67SW_2958,1,2_1,6.87451507485,-9999.0,-9999.0,-9999.0,70.6800003052,98.6611048207229,39.9671627801733,261752.06,670709.21,12,8,70.68
NS67SW_2962,1,2_1,2.3372933524,-9999.0,-9999.0,-9999.0,70.638999939,22.2917437513835,22.4931971615634,261802.19,670706.17,8,6,70.639
NS67SW_2964,1,2_1,6.08106826357,-9999.0,-9999.0,-9999.0,71.3929977417,118.770262660466,50.3922848842921,261625.45,670709.01,28,16,71.393
NS67SW_2966,1,2_1,2.32762109139,-9999.0,-9999.0,-9999.0,71.4749984741,55.2458263811899,30.1091156455603,261653.97,670705.05,12,8,71.475
NS67SW_2971,1,2_1,6.00612070065,-9999.0,-9999.0,-9999.0,70.9459991455,153.087267903278,53.2812763098464,261712.61,670707.1,20,12,70.946
NS67SW_2973,1,2_1,4.17254049594,-9999.0,-9999.0,-9999.0,67.5759963989,727.873749600592,181.473112275627,261464.24,670720.82,100,52,67.576
NS67SW_2974,1,2_1,2.41675881778,-9999.0,-9999.0,-9999.0,70.7925491333,25.506554999139,23.3508560771736,261796.84,670701.9,8,6,70.793
NS67SW_2977,1,2_1,5.98426233299,-9999.0,-9999.0,-9999.0,70.8499984741,123.965825364511,47.5621991802696,261733.19,670703.59,20,12,70.85
NS67SW_2979,1,2_1,4.14961680244,-9999.0,-9999.0,-9999.0,69.6370010376,105.709517862097,41.1615517285881,261499.49,670703.51,12,8,69.637
NS67SW_2987,1,2_1,5.5564622189,-9999.0,-9999.0,-9999.0,71.5640029907,141.783408745492,52.2093464326576,261641.58,670699.55,20,12,71.564
NS67SW_2991,1,2_1,2.28784472533,-9999.0,-9999.0,-9999.0,71.0729980469,26.1431587494366,23.5758183975345,261743.69,670695.26,12,8,71.073
NS67SW_2993,1,2_1,2.37284586646,-9999.0,-9999.0,-9999.0,71.3176651001,46.0314525005589,27.4524110823895,261668.3,670693.91,12,8,71.318
NS67SW_2994,1,2_1,5.88291865422,-9999.0,-9999.0,-9999.0,70.9140014648,249.193001662868,73.342861641864,261816.89,670700.58,20,12,70.914
NS67SW_3007,1,2_1,6.03892881132,-9999.0,-9999.0,-9999.0,71.5670013428,151.168228773964,52.6169685261159,261655.55,670691.99,20,12,71.567
NS67SW_3008,1,2_1,3.76606723951,-9999.0,-9999.0,-9999.0,69.841003418,149.204598647673,50.7192148517335,261493.68,670690.17,20,12,69.841
NS67SW_3020,1,2_1,2.11489080481,-9999.0,-9999.0,-9999.0,71.3089981079,50.0901752428712,31.437356799789,261683.09,670684.4,12,8,71.309
NS67SW_3032,1,2_1,3.88441651183,-9999.0,-9999.0,-9999.0,71.2519989014,497.393393585302,151.238005058189,261857.9,670689.89,76,40,71.252
NS67SW_3033,1,2_1,5.44757643217,-9999.0,-9999.0,-9999.0,71.0569992065,275.543407597191,79.6563300484878,261790.14,670685.5,28,16,71.057
NS67SW_3036,1,2_1,5.9817534501,-9999.0,-9999.0,-9999.0,71.5319976807,125.283146453691,47.8603887405496,261670.25,670681.77,20,12,71.532
NS67SW_3047,1,2_1,2.60932040052,-9999.0,-9999.0,-9999.0,71.3659973145,43.8881400044103,34.5857963500479,261699.3,670675.76,20,12,71.366
NS67SW_3050,1,2_1,3.62272598965,-9999.0,-9999.0,-9999.0,70.0589981079,172.920705952867,65.8716093329443,261488.35,670676.4,36,20,70.059
NS67SW_3053,1,2_1,4.6291567874,-9999.0,-9999.0,-9999.0,68.0999984741,424.940186551075,94.0377986076148,261440.11,670683.35,36,20,68.1
NS67SW_3054,1,2_1,5.98124655335,-9999.0,-9999.0,-9999.0,71.2340011597,125.230217717866,57.7133394867757,261772.49,670677.69,36,20,71.234
NS67SW_3061,1,2_1,6.21999608629,-9999.0,-9999.0,-9999.0,71.4209976196,147.467223006995,51.9052862667178,261686.8,670672.43,20,12,71.421
NS67SW_3062,1,2_1,2.54245135968,-9999.0,-9999.0,-9999.0,71.4609985352,32.7716849944853,23.8454470599648,261711.06,670669.24,12,8,71.461
NS67SW_3065,1,2_1,4.12150428213,-9999.0,-9999.0,-9999.0,71.9240036011,240.468341893803,81.5893482956129,261829.31,670671.13,52,28,71.924
NS67SW_3075,1,2_1,4.71996669747,-9999.0,-9999.0,-9999.0,71.2009963989,221.20484401259,95.809202618401,261753.36,670670.08,68,36,71.201
NS67SW_3081,1,2_1,6.66238163539,-9999.0,-9999.0,-9999.0,71.4619979858,107.181316162078,42.3394189434185,261700.72,670662.06,12,8,71.462
NS67SW_3099,1,2_1,5.95415649201,-9999.0,-9999.0,-9999.0,71.5289993286,185.847804605122,55.313110745419,261722.04,670657.85,24,14,71.529
NS67SW_3102,1,2_1,6.82341242186,-9999.0,-9999.0,-9999.0,71.6579971313,104.904898297597,41.9554807778256,261742.26,670655.66,12,8,71.658
NS67SW_3103,1,2_1,3.94837075566,-9999.0,-9999.0,-9999.0,72.2519989014,227.372600459213,80.5825897011406,261807.36,670658.25,36,20,72.252
NS67SW_3110,1,2_1,3.67966395259,-9999.0,-9999.0,-9999.0,70.1969985962,245.663222840533,90.0531086637435,261479.65,670658.23,48,26,70.197
NS67SW_3131,1,2_1,4.12332019953,-9999.0,-9999.0,-9999.0,72.3310012817,202.954293173503,64.918813613095,261782.35,670644.24,28,16,72.331
NS67SW_3136,1,2_1,4.12789119538,-9999.0,-9999.0,-9999.0,68.2689971924,392.224994645124,102.609188127846,261421.63,670648.2,68,36,68.269
NS67SW_3138,1,2_1,4.29213684563,-9999.0,-9999.0,-9999.0,70.8470001221,195.258969261812,57.1976465854218,261463.93,670638.92,20,12,70.847
NS67SW_3144,1,2_1,4.12463367378,-9999.0,-9999.0,-9999.0,70.8679962158,2597.39316157111,416.243551000279,261583.71,670661.93,164,84,70.868
NS67SW_3177,1,2_1,4.09214606537,-9999.0,-9999.0,-9999.0,72.5380020142,262.065388389542,84.9020472274527,261760.47,670627.64,44,24,72.538
NS67SW_1000,1,2_2,2.22394912097,-9999.0,-9999.0,-9999.0,57.8230018616,63.3018853782337,31.9588477485046,261262.0,671757.53,20,12,57.823
NS67SW_1001,1,2_2,5.94552138924,-9999.0,-9999.0,-9999.0,59.9230003357,383.6257001754,130.922295490624,261726.33,671765.16,56,30,59.923
NS67SW_1004,1,2_2,2.61851416136,-9999.0,-9999.0,-9999.0,60.0569992065,38.5717237438273,25.3512536761455,261737.52,671753.14,12,8,60.057
NS67SW_1007,1,2_2,2.95465025651,-9999.0,-9999.0,-9999.0,60.2130012512,48.7659337517846,27.9369092760207,261418.02,671749.76,12,8,60.213
NS67SW_1008,1,2_2,5.54982097391,-9999.0,-9999.0,-9999.0,60.5950012207,257.838797666888,75.0700751366861,261755.2,671756.88,36,20,60.595
NS67SW_1009,1,2_2,5.01508086902,-9999.0,-9999.0,-9999.0,59.8619995117,432.766118984004,135.554476283509,261650.81,671756.76,88,48,59.862
NS67SW_1012,1,2_2,6.99543100839,-9999.0,-9999.0,-9999.0,59.6650009155,166.090268669496,54.5444117065699,261698.66,671747.85,20,12,59.665
NS67SW_1014,1,2_2,2.43803768158,-9999.0,-9999.0,-9999.0,59.8059997559,48.6424462411915,30.0802728471972,261713.55,671743.31,16,10,59.806
NS67SW_1017,1,2_2,5.1476928692,-9999.0,-9999.0,-9999.0,60.34400177,317.868504964796,119.215846964939,261389.84,671748.32,52,28,60.344
NS67SW_1018,1,2_2,4.85563006404,-9999.0,-9999.0,-9999.0,61.1699981689,905.983657104173,131.294816140246,261841.89,671755.14,44,24,61.17
NS67SW_1020,1,2_2,2.40064694869,-9999.0,-9999.0,-9999.0,59.7600669861,49.5615300091517,32.4808808964135,261680.05,671738.66,24,14,59.76
NS67SW_1021,1,2_2,4.79685098071,-9999.0,-9999.0,-9999.0,59.1730003357,312.082326460421,123.202709414114,261463.37,671745.7,68,36,59.173
NS67SW_1022,1,2_2,3.02898330688,-9999.0,-9999.0,-9999.0,59.391998291,26.1884962541181,21.3466498721193,261455.39,671732.96,12,8,59.392
NS67SW_1024,1,2_2,5.10894211856,-9999.0,-9999.0,-9999.0,59.5,113.727766820516,46.3786105752071,261442.89,671734.91,20,12,59.5
NS67SW_1026,1,2_2,5.64144972524,-9999.0,-9999.0,-9999.0,59.9309997559,79.2148975001149,37.668132313969,261407.15,671734.64,20,12,59.931
NS67SW_1030,1,2_2,4.72383873309,-9999.0,-9999.0,-9999.0,59.5870018005,895.550745680532,322.511875107389,261336.36,671754.19,196,100,59.587
NS67SW_1031,1,2_2,2.20860137009,-9999.0,-9999.0,-9999.0,59.4879989624,87.5538766773334,43.2378625497722,261285.39,671730.37,28,16,59.488
NS67SW_1032,1,2_2,4.33161792337,-9999.0,-9999.0,-9999.0,60.2739982605,171.220423929476,65.2505202556076,261353.04,671731.79,36,20,60.274
NS67SW_1033,1,2_2,2.05345881187,-9999.0,-9999.0,-9999.0,60.2220001221,33.4696050051991,27.4656065247802,261523.89,671726.59,16,10,60.222
NS67SW_1036,1,2_2,4.66130606657,-9999.0,-9999.0,-9999.0,59.8120002747,129.493145202548,48.5700439290601,261666.75,671728.6,20,12,59.812
NS67SW_1038,1,2_2,4.70742892619,-9999.0,-9999.0,-9999.0,57.9760017395,407.277991922958,142.491566601658,261267.6,671736.24,76,40,57.976
NS67SW_1039,1,2_2,2.76272718189,-9999.0,-9999.0,-9999.0,59.7799987793,54.6987787414217,30.1574054259555,261694.84,671726.25,12,8,59.78
NS67SW_1040,1,2_2,6.11097594996,-9999.0,-9999.0,-9999.0,59.9179992676,213.962513654198,63.7736005534804,261508.58,671730.18,20,12,59.918
NS67SW_1043,1,2_2,6.19300483311,-9999.0,-9999.0,-9999.0,60.4169998169,206.686639776201,62.1956721116825,261737.77,671726.87,12,8,60.417
NS67SW_1044,1,2_2,5.63395453722,-9999.0,-9999.0,-9999.0,59.8769989014,79.0203971354413,37.8635849493186,261427.42,671721.72,20,12,59.877
NS67SW_1048,1,2_2,2.31955077431,-9999.0,-9999.0,-9999.0,60.108001709,26.0588324980576,24.0548743670141,261290.39,671717.47,8,6,60.108
NS67SW_1049,1,2_2,2.65238035395,-9999.0,-9999.0,-9999.0,60.3209991455,45.9244312533788,27.3118598771103,261723.05,671718.71,12,8,60.321
NS67SW_1052,1,2_2,2.92811588711,-9999.0,-9999.0,-9999.0,59.9589996338,25.7078099982466,24.014225695057,261449.09,671713.8,8,6,59.959
NS67SW_1053,1,2_2,4.59343314642,-9999.0,-9999.0,-9999.0,60.3050003052,135.976143949357,52.9838898457236,261368.93,671719.07,28,16,60.305
NS67SW_1054,1,2_2,5.7100639082,-9999.0,-9999.0,-9999.0,59.9739990234,75.9967646311552,35.4644429101036,261435.91,671716.27,16,10,59.974
NS67SW_1055,1,2_2,5.77895916404,-9999.0,-9999.0,-9999.0,59.7599983215,178.470119047591,56.6409571653742,261679.49,671718.36,20,12,59.76
NS67SW_1056,1,2_2,5.49032614022,-9999.0,-9999.0,-9999.0,60.2449989319,198.482407064097,63.9689461464688,261550.86,671715.38,20,12,60.245
NS67SW_1057,1,2_2,2.46716631531,-9999.0,-9999.0,-9999.0,61.4399986267,51.8117212442861,29.5466428877295,261865.67,671712.15,12,8,61.44
NS67SW_1058,1,2_2,4.82571793715,-9999.0,-9999.0,-9999.0,60.0499992371,88.1464813534109,39.515119038284,261278.18,671714.89,12,8,60.05
NS67SW_1060,1,2_2,5.52317550039,-9999.0,-9999.0,-9999.0,60.3400001526,364.808677625125,115.081430449209,261581.94,671716.71,52,28,60.34
NS67SW_1064,1,2_2,2.40927745678,-9999.0,-9999.0,-9999.0,60.7690010071,23.778809999157,23.1063932728879,261305.72,671707.42,8,6,60.769
NS67SW_1065,1,2_2,6.64890096362,-9999.0,-9999.0,-9999.0,60.1940002441,136.329735765996,52.2549141257561,261612.56,671712.91,28,16,60.194
NS67SW_1070,1,2_2,6.97550222022,-9999.0,-9999.0,-9999.0,60.4490013123,191.815014223412,64.62082012544,261521.59,671712.09,40,22,60.449
NS67SW_1074,1,2_2,5.60922302615,-9999.0,-9999.0,-9999.0,60.047000885,256.420451351722,78.9240512322003,261481.6,671710.65,44,24,60.047
NS67SW_1075,1,2_2,5.23278307032,-9999.0,-9999.0,-9999.0,59.9959983826,224.261124877961,63.6659940738623,261695.38,671709.24,28,16,59.996
NS67SW_1076,1,2_2,5.4920662127,-9999.0,-9999.0,-9999.0,61.1150016785,98.5024034006454,43.7623480528836,261327.68,671705.16,20,12,61.115
NS67SW_1077,1,2_2,5.30211809799,-9999.0,-9999.0,-9999.0,60.5999984741,133.282537754005,46.3488924402139,261286.41,671704.95,12,8,60.6
NS67SW_1079,1,2_2,4.86438199093,-9999.0,-9999.0,-9999.0,60.2529983521,224.253959663877,76.1517559589008,261385.76,671707.86,40,22,60.253
NS67SW_1081,1,2_2,4.63334265815,-9999.0,-9999.0,-9999.0,61.0410003662,267.595446882724,100.316828823196,261346.08,671707.13,60,32,61.041
NS67SW_1086,1,2_2,6.06433114678,-9999.0,-9999.0,-9999.0,60.1839981079,200.769851551229,63.2355962470272,261642.71,671701.93,28,16,60.184
NS67SW_1088,1,2_2,4.61331086465,-9999.0,-9999.0,-9999.0,60.172000885,146.096535002965,51.6871455870112,261401.67,671699.62,24,14,60.172
NS67SW_1089,1,2_2,6.72735287552,-9999.0,-9999.0,-9999.0,60.3429985046,183.767566750615,56.4908744759095,261448.14,671699.91,12,8,60.343
NS67SW_1090,1,2_2,5.86533846367,-9999.0,-9999.0,-9999.0,60.4980354309,221.326484261244,79.2399363787136,261718.89,671701.09,36,20,60.498
NS67SW_1091,1,2_2,4.38867455838,-9999.0,-9999.0,-9999.0,60.8849983215,208.093456239021,77.8754254066462,261306.85,671696.12,28,16,60.885
NS67SW_1095,1,2_2,2.86931799612,-9999.0,-9999.0,-9999.0,60.8409996033,39.8838262514171,25.8475477896184,261413.36,671688.41,12,8,60.841
NS67SW_1096,1,2_2,5.26386150891,-9999.0,-9999.0,-9999.0,60.4269981384,206.980846147976,71.4518640029965,261662.88,671693.75,36,20,60.427
NS67SW_1099,1,2_2,6.35217642557,-9999.0,-9999.0,-9999.0,60.8650016785,215.88867893136,61.6420636511589,261497.5,671691.52,12,8,60.865
NS67SW_1102,1,2_2,6.24811742972,-9999.0,-9999.0,-9999.0,61.4109992981,142.384959127422,49.5784531681164,261565.69,671683.48,12,8,61.411
NS67SW_1104,1,2_2,6.40490305838,-9999.0,-9999.0,-9999.0,60.8530006409,131.124651092146,46.4620675476813,261314.64,671683.61,12,8,60.853
NS67SW_1106,1,2_2,5.78219867493,-9999.0,-9999.0,-9999.0,60.5676651001,166.313807527725,55.0688578065146,261679.42,671681.84,20,12,60.568
NS67SW_1108,1,2_2,5.84416983666,-9999.0,-9999.0,-9999.0,60.7610015869,165.289215008515,55.144547108895,261641.39,671681.96,16,10,60.761
NS67SW_1109,1,2_2,5.52749093503,-9999.0,-9999.0,-9999.0,61.4129981995,191.339686988637,58.6519169482712,261547.24,671679.17,20,12,61.413
NS67SW_1110,1,2_2,5.82858311302,-9999.0,-9999.0,-9999.0,60.9720001221,243.107794351458,69.9342339587564,261464.69,671681.84,20,12,60.972
NS67SW_1113,1,2_2,5.44842932485,-9999.0,-9999.0,-9999.0,61.0740013123,391.635997673253,117.713479327268,261594.41,671677.98,60,32,61.074
NS67SW_1119,1,2_2,2.80343409947,-9999.0,-9999.0,-9999.0,61.9169998169,46.395044998202,27.75116031072,261557.51,671666.02,12,8,61.917
NS67SW_1121,1,2_2,3.81658796831,-9999.0,-9999.0,-9999.0,61.3470001221,61.8144224948701,31.9640783299934,261658.79,671664.45,12,8,61.347
NS67SW_1125,1,2_2,6.40713988326,-9999.0,-9999.0,-9999.0,62.1220016479,192.85504814035,59.1085558136821,261484.48,671667.4,12,8,62.122
NS67SW_1126,1,2_2,5.57037327515,-9999.0,-9999.0,-9999.0,61.8240013123,255.156888398072,82.2805641339434,261525.59,671668.47,48,26,61.824
NS67SW_1127,1,2_2,5.30625737682,-9999.0,-9999.0,-9999.0,61.0270004272,414.164340182967,112.000220398214,261425.63,671672.29,60,32,61.027
NS67SW_1128,1,2_2,5.59997564728,-9999.0,-9999.0,-9999.0,61.2120018005,173.523577101922,61.0939071001746,261644.26,671664.47,36,20,61.212
NS67SW_1130,1,2_2,4.40457780992,-9999.0,-9999.0,-9999.0,61.9179992676,418.662082380111,134.782965862707,261815.97,671664.06,96,50,61.918
NS67SW_1132,1,2_2,6.1143857701,-9999.0,-9999.0,-9999.0,61.1609992981,208.369916009942,63.0299107147259,261698.58,671662.16,20,12,61.161
NS67SW_1133,1,2_2,1.95808432075,-9999.0,-9999.0,-9999.0,61.1184997559,27.0198337506049,23.8954110873058,261684.41,671654.59,8,6,61.118
NS67SW_1134,1,2_2,3.9656127983,-9999.0,-9999.0,-9999.0,61.6759986877,485.425038359695,135.718466474446,261780.52,671666.94,52,28,61.676
NS67SW_1139,1,2_2,5.05753673083,-9999.0,-9999.0,-9999.0,60.283000946,427.148786716379,153.26818465979,261333.91,671669.22,76,40,60.283
NS67SW_1140,1,2_2,2.38642815527,-9999.0,-9999.0,-9999.0,60.6440010071,54.3871200028221,36.3941165481627,261366.1,671648.17,24,14,60.644
NS67SW_1141,1,2_2,6.85528126701,-9999.0,-9999.0,-9999.0,62.2400016785,171.697078064815,55.0262506630592,261447.68,671652.81,20,12,62.24
NS67SW_1144,1,2_2,4.72264446887,-9999.0,-9999.0,-9999.0,61.2750015259,189.722593391795,65.5120563193796,261291.06,671654.66,28,16,61.275
NS67SW_1146,1,2_2,5.01891754571,-9999.0,-9999.0,-9999.0,61.7239990234,214.874330025705,64.4726702430495,261585.79,671651.98,20,12,61.724
NS67SW_1147,1,2_2,6.00165823169,-9999.0,-9999.0,-9999.0,60.7249984741,67.6288411403839,33.2299211691609,261300.23,671647.78,12,8,60.725
NS67SW_1149,1,2_2,5.14782667686,-9999.0,-9999.0,-9999.0,62.5810012817,115.038976488765,43.1527519406656,261865.49,671647.05,12,8,62.581
NS67SW_1152,1,2_2,2.17487251468,-9999.0,-9999.0,-9999.0,61.9140014648,31.5957599998801,23.2425782706637,261279.6,671641.31,12,8,61.914
NS67SW_1153,1,2_2,4.71374611275,-9999.0,-9999.0,-9999.0,60.3839988708,201.304153603498,75.0392407127711,261350.17,671650.37,44,24,60.384
NS67SW_1154,1,2_2,5.86028420134,-9999.0,-9999.0,-9999.0,62.8499984741,236.982569388906,70.4041518447474,261514.95,671647.68,28,16,62.85
NS67SW_1156,1,2_2,5.70776912144,-9999.0,-9999.0,-9999.0,62.391998291,163.283274926792,57.0935126837777,261562.04,671646.1,24,14,62.392
NS67SW_1158,1,2_2,2.25352652355,-9999.0,-9999.0,-9999.0,61.2389984131,48.0742162561712,27.7862413576182,261290.08,671638.39,12,8,61.239
NS67SW_1159,1,2_2,4.90061495109,-9999.0,-9999.0,-9999.0,61.4339981079,244.259080870323,76.1881216673986,261656.91,671644.54,40,22,61.434
NS67SW_1160,1,2_2,2.42135329054,-9999.0,-9999.0,-9999.0,62.8709983826,46.0693457375792,29.759656281754,261447.96,671633.89,12,8,62.871
NS67SW_1161,1,2_2,4.30443491626,-9999.0,-9999.0,-9999.0,63.1010017395,172.457128246688,61.0110907604938,261531.65,671638.21,32,18,63.101
NS67SW_1162,1,2_2,2.09166841317,-9999.0,-9999.0,-9999.0,61.3860015869,40.0494637538474,25.5874915901073,261376.04,671633.81,12,8,61.386
NS67SW_1163,1,2_2,2.95774202462,-9999.0,-9999.0,-9999.0,63.2089996338,44.1081537571453,27.7036191543255,261792.16,671632.54,12,8,63.209
NS67SW_1165,1,2_2,6.20888701604,-9999.0,-9999.0,-9999.0,62.9440002441,204.797463242345,64.188542146596,261463.08,671636.33,28,16,62.944
NS67SW_1166,1,2_2,4.84012765987,-9999.0,-9999.0,-9999.0,60.5690002441,167.867901690262,53.9261421365584,261361.44,671634.74,20,12,60.569
NS67SW_1170,1,2_2,2.36315937366,-9999.0,-9999.0,-9999.0,63.4393348694,94.0865625013066,49.8858660758425,261866.25,671627.92,28,16,63.439
NS67SW_1171,1,2_2,4.17152017365,-9999.0,-9999.0,-9999.0,62.3930015564,447.620548987982,138.005739399017,261762.32,671638.72,68,36,62.393
NS67SW_1172,1,2_2,4.17598647837,-9999.0,-9999.0,-9999.0,61.3349990845,1011.6583839787,399.338552038419,261262.95,671651.36,244,126,61.335
NS67SW_1173,1,2_2,3.9819759108,-9999.0,-9999.0,-9999.0,62.8310012817,403.203324940578,127.581188891425,261815.75,671634.11,68,36,62.831
NS67SW_1177,1,2_2,5.77963319302,-9999.0,-9999.0,-9999.0,62.1759986877,162.364750428616,57.184785931285,261589.32,671626.71,36,20,62.176
NS67SW_1179,1,2_2,6.48794520463,-9999.0,-9999.0,-9999.0,63.3370018005,135.655477724403,49.9689682772738,261543.18,671625.37,20,12,63.337
NS67SW_1180,1,2_2,5.86439129201,-9999.0,-9999.0,-9999.0,61.3549995422,621.864980192596,196.028615864018,261621.92,671643.23,104,54,61.355
NS67SW_1181,1,2_2,6.65106345329,-9999.0,-9999.0,-9999.0,63.3540000916,184.714690196457,59.3076842632846,261478.78,671624.93,28,16,63.354
NS67SW_1184,1,2_2,6.57039882145,-9999.0,-9999.0,-9999.0,61.4679985046,380.099071556659,95.8302185262253,261681.83,671632.54,20,12,61.468
NS67SW_1185,1,2_2,2.90829647813,-9999.0,-9999.0,-9999.0,63.2229995728,55.9398825010375,29.6337705280622,261783.26,671619.34,16,10,63.223
NS67SW_1187,1,2_2,2.36328467177,-9999.0,-9999.0,-9999.0,63.2560005188,61.8916329614187,31.473649225703,261461.25,671617.42,12,8,63.256
NS67SW_1190,1,2_2,5.72240527792,-9999.0,-9999.0,-9999.0,61.6459999084,138.289529057897,51.4945672588666,261269.45,671618.46,28,16,61.646
NS67SW_1191,1,2_2,2.37144492409,-9999.0,-9999.0,-9999.0,60.5439987183,70.8756535228281,34.1705109604129,261307.88,671615.55,12,8,60.544
NS67SW_1193,1,2_2,4.32706650914,-9999.0,-9999.0,-9999.0,63.6802520752,193.871247394511,62.8150280210681,261800.53,671616.78,28,16,63.68
NS67SW_1194,1,2_2,2.23565407686,-9999.0,-9999.0,-9999.0,64.4049987793,37.7956199935523,37.6906400489857,261872.7,671612.92,20,12,64.405
NS67SW_1196,1,2_2,5.15761187771,-9999.0,-9999.0,-9999.0,60.4739990234,386.452969619159,112.19535534858,261327.19,671619.18,60,32,60.474
NS67SW_1198,1,2_2,3.55802990061,-9999.0,-9999.0,-9999.0,62.9300003052,179.051020099845,77.6279034504715,261748.17,671614.67,52,28,62.93
NS67SW_1201,1,2_2,2.55697199763,-9999.0,-9999.0,-9999.0,60.7210006714,25.0522349981524,20.8553776046774,261304.63,671604.45,12,8,60.721
NS67SW_1202,1,2_2,2.26956811282,-9999.0,-9999.0,-9999.0,64.4589996338,51.5620987532009,28.771722340579,261777.31,671605.91,12,8,64.459
NS67SW_1204,1,2_2,4.52928133478,-9999.0,-9999.0,-9999.0,63.3699989319,384.046549687274,130.695913161401,261854.98,671617.73,92,48,63.37
NS67SW_1207,1,2_2,4.92097564593,-9999.0,-9999.0,-9999.0,63.6220016479,450.757047144397,149.078366358156,261500.26,671610.91,76,40,63.622
NS67SW_1208,1,2_2,4.62898313082,-9999.0,-9999.0,-9999.0,60.9620018005,109.364226149778,42.7539817233106,261295.31,671605.48,12,8,60.962
NS67SW_1210,1,2_2,4.53840942525,-9999.0,-9999.0,-9999.0,63.3190002441,136.489852102278,46.7446092729486,261739.49,671605.5,12,8,63.319
NS67SW_1212,1,2_2,2.29248188564,-9999.0,-9999.0,-9999.0,62.5810012817,21.6516600010167,22.9743028930834,261408.4,671599.05,8,6,62.581
NS67SW_1213,1,2_2,6.18788743796,-9999.0,-9999.0,-9999.0,62.4199981689,200.079334459141,62.9017737293281,261571.83,671604.79,36,20,62.42
NS67SW_1216,1,2_2,3.23659750715,-9999.0,-9999.0,-9999.0,62.0379981995,104.991322509239,43.6595415275466,261624.93,671602.16,24,14,62.038
NS67SW_1217,1,2_2,4.69044975902,-9999.0,-9999.0,-9999.0,62.0149993896,134.072657172397,50.5651020672885,261646.19,671603.73,28,16,62.015
NS67SW_1219,1,2_2,3.87979167689,-9999.0,-9999.0,-9999.0,64.5439987183,145.073679927822,52.510454375402,261792.82,671601.26,28,16,64.544
NS67SW_1221,1,2_2,2.50995315331,-9999.0,-9999.0,-9999.0,64.3590011597,35.7102600004417,24.3484479061117,261763.32,671595.97,12,8,64.359
NS67SW_1225,1,2_2,4.70888545667,-9999.0,-9999.0,-9999.0,61.4720001221,517.321757771043,163.727045386546,261385.0,671609.27,92,48,61.472
NS67SW_1226,1,2_2,5.88616045784,-9999.0,-9999.0,-9999.0,61.216999054,64.4061678848719,32.4349086518873,261299.91,671594.66,12,8,61.217
NS67SW_1228,1,2_2,5.33568497284,-9999.0,-9999.0,-9999.0,62.3030014038,340.021740967648,88.3529848951588,261250.34,671602.01,36,20,62.303
NS67SW_1230,1,2_2,5.45346112673,-9999.0,-9999.0,-9999.0,63.3009986877,183.095414807261,68.8938143094389,261523.1,671593.97,36,20,63.301
NS67SW_1231,1,2_2,4.47219676584,-9999.0,-9999.0,-9999.0,63.8829994202,138.074048736281,47.002235230928,261731.16,671591.79,12,8,63.883
NS67SW_1237,1,2_2,6.60130537862,-9999.0,-9999.0,-9999.0,64.9580001831,144.104365492336,48.5513870340376,261828.61,671589.24,12,8,64.958
NS67SW_1238,1,2_2,4.89583959606,-9999.0,-9999.0,-9999.0,61.361000061,93.1769319292043,44.4515693483148,261307.18,671588.52,28,16,61.361
NS67SW_1239,1,2_2,4.21480575381,-9999.0,-9999.0,-9999.0,64.96900177,132.03315350043,45.9724977963329,261784.59,671588.49,12,8,64.969
NS67SW_1242,1,2_2,5.00365155207,-9999.0,-9999.0,-9999.0,62.3520011902,456.923666111697,134.304940660723,261602.82,671593.13,64,34,62.352
NS67SW_1244,1,2_2,5.92194637269,-9999.0,-9999.0,-9999.0,61.8100013733,65.9904796416424,32.8576233039702,261268.88,671579.53,12,8,61.81
NS67SW_1245,1,2_2,4.15447924776,-9999.0,-9999.0,-9999.0,61.0999984741,465.701666016607,161.936751597221,261347.91,671591.88,108,56,61.1
NS67SW_1251,1,2_2,6.09989989061,-9999.0,-9999.0,-9999.0,65.5429992676,170.218147806297,60.0099746038547,261844.65,671578.27,36,20,65.543
NS67SW_1252,1,2_2,6.02536764453,-9999.0,-9999.0,-9999.0,61.6590003967,63.603602590254,32.2039221041406,261277.72,671574.07,12,8,61.659
NS67SW_1253,1,2_2,2.37958344068,-9999.0,-9999.0,-9999.0,64.0559997559,41.6208524946947,25.8288971419895,261507.95,671572.99,12,8,64.056
NS67SW_1256,1,2_2,3.1124778534,-9999.0,-9999.0,-9999.0,64.6460037231,104.763888749328,54.674307464656,261740.91,671576.14,28,16,64.646
NS67SW_1258,1,2_2,4.68169789646,-9999.0,-9999.0,-9999.0,64.5059967041,193.13409114394,56.6141522716731,261723.83,671575.39,20,12,64.506
NS67SW_1263,1,2_2,5.73887756101,-9999.0,-9999.0,-9999.0,62.6549987793,346.954362617294,120.507874751585,261635.15,671579.52,76,40,62.655
NS67SW_1264,1,2_2,5.06992130029,-9999.0,-9999.0,-9999.0,62.5929985046,394.574297225117,134.239021540863,261410.99,671578.38,68,36,62.593
NS67SW_1265,1,2_2,2.33175521061,-9999.0,-9999.0,-9999.0,63.9449996948,30.410384998626,22.305306336819,261469.18,671566.87,12,8,63.945
NS67SW_1267,1,2_2,5.35707428235,-9999.0,-9999.0,-9999.0,64.0670013428,152.272791206574,49.547729453913,261495.49,671570.34,16,10,64.067
NS67SW_1268,1,2_2,5.83287475366,-9999.0,-9999.0,-9999.0,65.7590026855,182.388729888626,71.5730596851665,261813.86,671570.18,52,28,65.759
NS67SW_1271,1,2_2,5.58344010247,-9999.0,-9999.0,-9999.0,63.9440002441,70.6784206853978,37.7541105375976,261482.11,671565.61,28,16,63.944
NS67SW_1274,1,2_2,4.29857135657,-9999.0,-9999.0,-9999.0,62.7449989319,213.353615688618,84.712632442674,261366.68,671570.74,56,30,62.745
NS67SW_1276,1,2_2,4.64279087746,-9999.0,-9999.0,-9999.0,61.0670013428,519.696156239097,138.110012499497,261323.61,671577.96,80,42,61.067
NS67SW_1278,1,2_2,3.79795139128,-9999.0,-9999.0,-9999.0,65.466003418,362.659461306095,117.40323251254,261771.24,671570.13,48,26,65.466
NS67SW_1280,1,2_2,4.65078505804,-9999.0,-9999.0,-9999.0,64.1940002441,176.18538996044,69.5604941715044,261514.26,671561.33,36,20,64.194
NS67SW_1281,1,2_2,5.84308296953,-9999.0,-9999.0,-9999.0,63.0550003052,166.745978235108,56.8503032171455,261380.93,671562.55,28,16,63.055
NS67SW_1283,1,2_2,5.52042837384,-9999.0,-9999.0,-9999.0,63.1139984131,648.782807048844,200.712056250828,261555.59,671574.41,100,52,63.114
NS67SW_1284,1,2_2,6.12855368617,-9999.0,-9999.0,-9999.0,66.6920013428,169.514413963846,55.0930128460404,261852.39,671559.69,28,16,66.692
NS67SW_1285,1,2_2,4.20019299683,-9999.0,-9999.0,-9999.0,65.4169998169,178.455936644054,55.7121640437051,261712.71,671560.02,28,16,65.417
NS67SW_1287,1,2_2,4.79026186668,-9999.0,-9999.0,-9999.0,63.216999054,171.8788918879,71.51867216315,261429.87,671562.88,36,20,63.217
NS67SW_1291,1,2_2,2.19051420579,-9999.0,-9999.0,-9999.0,63.8409996033,59.4990337518892,32.2453833868997,261460.19,671553.75,12,8,63.841
NS67SW_1294,1,2_2,5.67057579442,-9999.0,-9999.0,-9999.0,63.9339981079,133.302051596064,50.3220564437685,261472.12,671554.7,28,16,63.934
NS67SW_1295,1,2_2,2.23840332031,-9999.0,-9999.0,-9999.0,66.8290023804,20.362458744906,22.6687146381866,261747.71,671550.04,8,6,66.829
NS67SW_1296,1,2_2,5.86872248216,-9999.0,-9999.0,-9999.0,63.2599983215,69.4408652054502,33.55309316748,261389.46,671552.32,12,8,63.26
NS67SW_1300,1,2_2,5.23905124236,-9999.0,-9999.0,-9999.0,64.141998291,219.436759561723,71.4244842810823,261590.97,671554.75,44,24,64.142
NS67SW_1301,1,2_2,5.20451451139,-9999.0,-9999.0,-9999.0,64.2900009155,159.218516532955,66.8334141603732,261525.54,671552.56,28,16,64.29
NS67SW_1302,1,2_2,5.82557430342,-9999.0,-9999.0,-9999.0,63.5509986877,65.0909923306374,32.66211935254,261440.59,671549.23,12,8,63.551
NS67SW_1305,1,2_2,4.79555561749,-9999.0,-9999.0,-9999.0,63.03099823,256.978018218601,104.875655491362,261341.07,671556.7,60,32,63.031
NS67SW_1306,1,2_2,4.03559167591,-9999.0,-9999.0,-9999.0,66.8310012817,127.806779092294,45.3319599147314,261759.63,671549.76,12,8,66.831
NS67SW_1310,1,2_2,2.38418448205,-9999.0,-9999.0,-9999.0,66.1470031738,52.8161517725144,29.5063276371044,261717.46,671544.09,12,8,66.147
NS67SW_1314,1,2_2,2.22302304436,-9999.0,-9999.0,-9999.0,63.8699989319,47.3371012501043,36.5588942378157,261448.74,671539.35,20,12,63.87
NS67SW_1316,1,2_2,4.89758081147,-9999.0,-9999.0,-9999.0,64.6259994507,173.893450256091,69.9671513760284,261541.34,671543.45,28,16,64.626
NS67SW_1321,1,2_2,4.27585645944,-9999.0,-9999.0,-9999.0,65.9550018311,186.957182289068,59.6430609254981,261703.0,671542.35,20,12,65.955
NS67SW_1322,1,2_2,5.35405237908,-9999.0,-9999.0,-9999.0,64.0220031738,122.203446977829,44.3239559228111,261464.11,671540.81,12,8,64.022
NS67SW_1325,1,2_2,4.91452218734,-9999.0,-9999.0,-9999.0,61.7560005188,529.381800710532,178.989361078208,261293.09,671551.49,128,66,61.756
NS67SW_1326,1,2_2,4.74267315213,-9999.0,-9999.0,-9999.0,63.311000824,203.204294331417,95.0241423118638,261352.87,671542.18,72,38,63.311
NS67SW_1330,1,2_2,6.37672002324,-9999.0,-9999.0,-9999.0,67.4390029907,139.686608164057,47.8729594968496,261790.21,671533.01,12,8,67.439
NS67SW_1332,1,2_2,6.11325411233,-9999.0,-9999.0,-9999.0,65.0530014038,239.900422995975,66.0459195426898,261610.46,671538.68,12,8,65.053
NS67SW_1334,1,2_2,4.90891313241,-9999.0,-9999.0,-9999.0,64.9710006714,157.010716569261,52.5734405210259,261550.11,671533.31,20,12,64.971
NS67SW_1336,1,2_2,5.28882503818,-9999.0,-9999.0,-9999.0,63.5239982605,78.6772316669015,35.5233412318538,261365.09,671529.24,12,8,63.524
NS67SW_1337,1,2_2,5.79850681085,-9999.0,-9999.0,-9999.0,64.0810012817,100.776430035654,40.2271206837176,261455.31,671529.66,12,8,64.081
NS67SW_1338,1,2_2,4.83480560119,-9999.0,-9999.0,-9999.0,63.5489997864,112.389453748487,47.526745183456,261407.67,671528.77,24,14,63.549
NS67SW_1342,1,2_2,5.32435524195,-9999.0,-9999.0,-9999.0,62.6850013733,219.727871502871,67.3509839427907,261315.31,671529.81,28,16,62.685
NS67SW_1345,1,2_2,5.41734836616,-9999.0,-9999.0,-9999.0,67.3040008545,430.773420470528,148.457618417062,261850.32,671534.61,96,50,67.304
NS67SW_1346,1,2_2,5.10595000323,-9999.0,-9999.0,-9999.0,63.9580001831,108.470888200699,43.5441238729625,261417.18,671521.93,12,8,63.958
NS67SW_1352,1,2_2,3.91670776348,-9999.0,-9999.0,-9999.0,67.3349990845,409.856908323789,116.949836604382,261742.69,671528.36,60,32,67.335
NS67SW_1353,1,2_2,5.53269105308,-9999.0,-9999.0,-9999.0,67.3310012817,498.399393338556,132.618269435228,261827.15,671533.43,68,36,67.331
NS67SW_1360,1,2_2,2.34085845947,-9999.0,-9999.0,-9999.0,64.2600021362,22.3891274995733,23.4513316596486,261407.21,671507.85,8,6,64.26
NS67SW_1364,1,2_2,3.58457556353,-9999.0,-9999.0,-9999.0,65.7369995117,446.124624185058,136.878080293346,261571.88,671516.74,68,36,65.737
NS67SW_1367,1,2_2,6.46205357719,-9999.0,-9999.0,-9999.0,63.9210014343,120.336239242667,44.1003637782185,261387.42,671509.69,12,8,63.921
NS67SW_1371,1,2_2,4.92859042956,-9999.0,-9999.0,-9999.0,64.1360015869,173.428059768843,57.2293784967491,261427.27,671509.41,20,12,64.136
NS67SW_1373,1,2_2,2.50120027734,-9999.0,-9999.0,-9999.0,64.2949981689,53.208599998707,36.2481336002571,261412.45,671503.95,20,12,64.295
NS67SW_1374,1,2_2,4.2868834334,-9999.0,-9999.0,-9999.0,67.4319992065,155.060270080098,50.5346200269769,261682.58,671508.39,12,8,67.432
NS67SW_1376,1,2_2,6.14830991081,-9999.0,-9999.0,-9999.0,68.5270004272,161.412013025464,53.3890737665725,261858.27,671506.16,20,12,68.527
NS67SW_1378,1,2_2,4.84141569363,-9999.0,-9999.0,-9999.0,63.4370002747,331.93277310231,115.436568156881,261333.01,671512.13,64,34,63.437
NS67SW_1379,1,2_2,6.28956505641,-9999.0,-9999.0,-9999.0,68.4919967651,154.77465514252,52.5957750834988,261828.11,671503.98,20,12,68.492
NS67SW_1387,1,2_2,6.11927559352,-9999.0,-9999.0,-9999.0,64.6230010986,106.563019132959,41.4057399570586,261439.33,671498.61,16,10,64.623
NS67SW_1388,1,2_2,3.66234194665,-9999.0,-9999.0,-9999.0,68.0240020752,349.991622964983,135.432463313171,261774.01,671506.34,92,48,68.024
NS67SW_1389,1,2_2,5.1525956555,-9999.0,-9999.0,-9999.0,68.6890029907,230.645210371697,68.4773790947811,261794.35,671500.35,44,24,68.689
NS67SW_1390,1,2_2,4.98376921451,-9999.0,-9999.0,-9999.0,64.2590026855,135.163975850275,49.7994099974458,261379.16,671496.9,28,16,64.259
NS67SW_1392,1,2_2,5.11754461,-9999.0,-9999.0,-9999.0,64.3089981079,88.5158750662811,43.5223150110956,261371.45,671491.85,28,16,64.309
NS67SW_1394,1,2_2,5.62710633105,-9999.0,-9999.0,-9999.0,64.9749984741,118.268861247318,43.5097326918526,261451.98,671491.71,12,8,64.975
NS67SW_1395,1,2_2,2.25214916727,-9999.0,-9999.0,-9999.0,68.9250030518,43.2388500003226,27.1008430013071,261773.41,671488.69,12,8,68.925
NS67SW_1396,1,2_2,3.6633058824,-9999.0,-9999.0,-9999.0,67.9359970093,326.276436525418,121.700355704363,261684.18,671495.62,72,38,67.936
NS67SW_1401,1,2_2,6.67319136088,-9999.0,-9999.0,-9999.0,68.93800354,143.270740642322,48.3855540929229,261861.58,671488.29,12,8,68.938
NS67SW_1402,1,2_2,3.98763344863,-9999.0,-9999.0,-9999.0,68.8820037842,145.848469288702,52.2083534330445,261757.09,671488.23,28,16,68.882
NS67SW_1405,1,2_2,4.47762942353,-9999.0,-9999.0,-9999.0,68.7060012817,160.525083907738,56.8873731861373,261716.0,671486.9,20,12,68.706
NS67SW_1406,1,2_2,5.8552318698,-9999.0,-9999.0,-9999.0,69.016998291,162.035442900046,53.9519868220961,261830.09,671486.2,20,12,69.017
NS67SW_1408,1,2_2,2.55086317219,-9999.0,-9999.0,-9999.0,69.0960006714,50.2144292097303,45.3830863716129,261841.29,671482.87,20,14,69.096
NS67SW_1410,1,2_2,5.49841564971,-9999.0,-9999.0,-9999.0,65.2919998169,160.149037004479,51.199182505979,261464.71,671485.11,12,8,65.292
NS67SW_1411,1,2_2,2.48079407081,-9999.0,-9999.0,-9999.0,69.2419967651,25.2208499989862,24.2527208240169,261850.94,671479.01,8,6,69.242
NS67SW_1412,1,2_2,4.58354734298,-9999.0,-9999.0,-9999.0,64.4240036011,115.533962865379,48.8952767340063,261365.78,671483.32,20,12,64.424
NS67SW_1413,1,2_2,4.02903003319,-9999.0,-9999.0,-9999.0,68.5230026245,58.9525134676511,35.8717750649562,261693.19,671483.62,20,12,68.523
NS67SW_1416,1,2_2,5.60308744113,-9999.0,-9999.0,-9999.0,65.5240020752,123.902760604981,44.5289795558064,261478.88,671481.04,12,8,65.524
NS67SW_1418,1,2_2,3.28170945304,-9999.0,-9999.0,-9999.0,65.3619995117,35.249242496084,24.5795163695299,261452.77,671476.69,12,8,65.362
NS67SW_1419,1,2_2,2.55516554578,-9999.0,-9999.0,-9999.0,69.3909988403,53.0071124928245,29.8714550719626,261765.44,671475.97,12,8,69.391
NS67SW_1422,1,2_2,5.83174618508,-9999.0,-9999.0,-9999.0,69.28099823,179.620094119317,58.2015422678245,261786.66,671479.28,28,16,69.281
NS67SW_1424,1,2_2,5.89737743365,-9999.0,-9999.0,-9999.0,65.0859985352,224.06852403812,86.1535122805855,261414.07,671475.15,48,28,65.086
NS67SW_1425,1,2_2,5.97830626666,-9999.0,-9999.0,-9999.0,65.9800033569,139.335625070514,50.6679145614128,261496.96,671475.48,20,12,65.98
NS67SW_1428,1,2_2,4.12685879794,-9999.0,-9999.0,-9999.0,69.013999939,126.400312540559,45.033337301194,261710.56,671474.36,12,8,69.014
NS67SW_1429,1,2_2,4.0250370734,-9999.0,-9999.0,-9999.0,69.2009963989,150.665437508495,52.058286148011,261748.67,671474.79,20,12,69.201
NS67SW_1432,1,2_2,4.52296573851,-9999.0,-9999.0,-9999.0,68.7620010376,182.135485244659,55.9933419742282,261661.93,671474.41,20,12,68.762
NS67SW_1433,1,2_2,5.45420020735,-9999.0,-9999.0,-9999.0,64.5250015259,204.692370002506,70.4549347033114,261352.0,671474.85,44,24,64.525
NS67SW_1435,1,2_2,6.46445841865,-9999.0,-9999.0,-9999.0,69.28099823,143.923861717117,48.4998118133537,261863.59,671470.42,12,8,69.281
NS67SW_1437,1,2_2,2.25988346597,-9999.0,-9999.0,-9999.0,66.1299133301,28.403234999302,25.0658746058657,261480.0,671464.5,8,6,66.13
NS67SW_1439,1,2_2,2.64911446205,-9999.0,-9999.0,-9999.0,69.2760009766,31.1867962477185,26.0514490216227,261685.75,671462.21,8,6,69.276
NS67SW_1441,1,2_2,3.60325985344,-9999.0,-9999.0,-9999.0,65.1650009155,124.371643027699,46.3517832426911,261320.68,671466.46,20,12,65.165
NS67SW_1442,1,2_2,5.62122346997,-9999.0,-9999.0,-9999.0,69.388999939,193.950874041612,64.4555223827591,261832.36,671467.07,28,16,69.389
NS67SW_1447,1,2_2,2.35857116699,-9999.0,-9999.0,-9999.0,69.6796646118,36.938193749176,35.4993137590047,261853.09,671459.4,20,12,69.68
NS67SW_1449,1,2_2,2.26743268363,-9999.0,-9999.0,-9999.0,69.3173370361,24.3472424981417,22.5113222923425,261671.2,671458.57,8,6,69.317
NS67SW_1452,1,2_2,4.79335791334,-9999.0,-9999.0,-9999.0,69.2279968262,151.406869601525,52.2169899995398,261698.55,671462.51,20,12,69.228
NS67SW_1455,1,2_2,5.80202181988,-9999.0,-9999.0,-9999.0,69.8310012817,166.6193127198,55.2858878720263,261786.66,671459.89,20,12,69.831
NS67SW_1458,1,2_2,3.62983051133,-9999.0,-9999.0,-9999.0,69.8550033569,151.951648397212,63.3554918231054,261740.28,671460.26,28,16,69.855
NS67SW_1459,1,2_2,2.20835800171,-9999.0,-9999.0,-9999.0,70.2892990112,24.9220049978001,22.8359699258266,261764.41,671452.8,8,6,70.289
NS67SW_1461,1,2_2,4.40287392865,-9999.0,-9999.0,-9999.0,69.0979995728,258.93098548585,68.5041683723495,261642.47,671459.08,20,12,69.098
NS67SW_1467,1,2_2,6.92460641161,-9999.0,-9999.0,-9999.0,69.7249984741,134.482381221722,46.8356719351899,261865.96,671452.59,12,8,69.725
NS67SW_1469,1,2_2,6.56146030227,-9999.0,-9999.0,-9999.0,69.8509979248,148.284764833912,49.1947609653274,261832.22,671450.21,12,8,69.851
NS67SW_1473,1,2_2,2.64467231801,-9999.0,-9999.0,-9999.0,69.6149978638,39.4681612548649,25.4973595253541,261653.16,671443.01,12,8,69.615
NS67SW_1478,1,2_2,2.94413949393,-9999.0,-9999.0,-9999.0,70.2429962158,74.8150923992912,36.9846926384559,261760.3,671440.51,20,12,70.243
NS67SW_1479,1,2_2,5.91712151181,-9999.0,-9999.0,-9999.0,70.0830001831,175.4773877595,56.8166002383474,261789.83,671443.56,20,12,70.083
NS67SW_1485,1,2_2,3.90523498008,-9999.0,-9999.0,-9999.0,70.0569992065,208.649375948062,80.740242500406,261732.68,671444.75,52,28,70.057
NS67SW_1487,1,2_2,2.28216432844,-9999.0,-9999.0,-9999.0,70.3519973755,21.2134875003023,22.4969316598445,261750.29,671436.56,8,6,70.352
NS67SW_1488,1,2_2,5.29652264685,-9999.0,-9999.0,-9999.0,65.0719985962,505.941527963128,152.567526707424,261377.7,671453.48,76,40,65.072
NS67SW_1495,1,2_2,5.45395686309,-9999.0,-9999.0,-9999.0,65.2089996338,356.765439035423,94.5942099433359,261426.85,671439.33,36,20,65.209
NS67SW_1500,1,2_2,3.99923731573,-9999.0,-9999.0,-9999.0,65.0979995728,1541.11612180408,187.576088690645,261281.89,671443.94,76,40,65.098
NS67SW_1503,1,2_2,5.20804955187,-9999.0,-9999.0,-9999.0,70.2119979858,223.090641647563,62.6016983285024,261726.39,671428.1,32,18,70.212
NS67SW_1505,1,2_2,5.16121096619,-9999.0,-9999.0,-9999.0,69.9049987793,449.318991854108,143.681669711152,261851.74,671431.23,84,44,69.905
NS67SW_1508,1,2_2,5.43194069672,-9999.0,-9999.0,-9999.0,65.2070007324,258.000078127868,75.3709156158781,261401.83,671428.95,36,20,65.207
NS67SW_1517,1,2_2,5.5351089895,-9999.0,-9999.0,-9999.0,69.7880020142,252.650591183131,79.5299572894375,261800.73,671419.34,52,28,69.788
NS67SW_1522,1,2_2,6.28703800732,-9999.0,-9999.0,-9999.0,69.922996521,154.487871805716,52.3374527723524,261777.11,671414.68,20,12,69.923
NS67SW_1527,1,2_2,5.70952557429,-9999.0,-9999.0,-9999.0,65.3470001221,112.308836242468,40.2114170886631,261377.29,671414.1,20,12,65.347
NS67SW_1528,1,2_2,6.47452862721,-9999.0,-9999.0,-9999.0,70.111000061,142.796349458007,48.3472636667523,261760.43,671412.54,12,8,70.111
NS67SW_1530,1,2_2,6.44598242896,-9999.0,-9999.0,-9999.0,69.9449996948,147.993368894047,49.6675073498184,261740.68,671410.81,24,14,69.945
NS67SW_1532,1,2_2,5.82008733565,-9999.0,-9999.0,-9999.0,69.0780029297,739.71696269289,115.297887675051,261632.48,671423.64,12,8,69.078
NS67SW_1537,1,2_2,5.54750820338,-9999.0,-9999.0,-9999.0,65.2009963989,1406.37940289142,308.167832932474,261487.08,671436.54,84,44,65.201
NS67SW_1538,1,2_2,5.96246861752,-9999.0,-9999.0,-9999.0,65.4420013428,109.937371720856,43.1847451311833,261366.71,671403.82,20,12,65.442
NS67SW_1543,1,2_2,5.11433054688,-9999.0,-9999.0,-9999.0,64.9850006104,657.604067923042,204.357532875835,261431.79,671414.02,128,66,64.985
NS67SW_1553,1,2_2,5.83907592905,-9999.0,-9999.0,-9999.0,69.7369995117,360.076715606149,96.2373614104771,261868.12,671395.66,36,20,69.737
NS67SW_1554,1,2_2,5.59309563147,-9999.0,-9999.0,-9999.0,65.4300003052,120.449177582299,47.7990233962933,261358.92,671392.6,28,16,65.43
NS67SW_1556,1,2_2,5.75155737489,-9999.0,-9999.0,-9999.0,65.4980010986,177.405515473254,61.1277001152929,261389.67,671393.18,44,24,65.498
NS67SW_1557,1,2_2,5.4261686022,-9999.0,-9999.0,-9999.0,65.1500015259,110.481865356708,43.3750615602995,261466.41,671391.4,20,12,65.15
NS67SW_1568,1,2_2,6.08024502393,-9999.0,-9999.0,-9999.0,69.4430007935,161.932889240221,56.5124969489536,261804.82,671386.79,28,16,69.443
NS67SW_1570,1,2_2,5.5698853501,-9999.0,-9999.0,-9999.0,65.2570037842,594.725682291482,138.277157821403,261490.57,671397.8,48,26,65.257
NS67SW_1571,1,2_2,5.1452268915,-9999.0,-9999.0,-9999.0,69.6689987183,434.894306435277,108.628382872699,261832.62,671389.62,48,26,69.669
NS67SW_1575,1,2_2,6.21850020177,-9999.0,-9999.0,-9999.0,69.5719985962,151.10860875841,53.0550727609963,261787.85,671384.24,28,16,69.572
NS67SW_1580,1,2_2,6.53872807148,-9999.0,-9999.0,-9999.0,69.5100021362,143.076008525252,48.4559796891156,261752.31,671380.29,12,8,69.51
NS67SW_1583,1,2_2,5.19484351179,-9999.0,-9999.0,-9999.0,65.111000061,146.580468747035,53.5136711921169,261461.21,671381.85,20,12,65.111
NS67SW_1584,1,2_2,5.93850541768,-9999.0,-9999.0,-9999.0,69.5029983521,180.200439609638,59.2173854799872,261771.16,671381.59,28,16,69.503
NS67SW_1587,1,2_2,2.72037897482,-9999.0,-9999.0,-9999.0,69.6269989014,42.9106162510353,31.8676638204787,261815.78,671377.01,16,10,69.627
NS67SW_1588,1,2_2,5.70120329746,-9999.0,-9999.0,-9999.0,65.483001709,110.986886375797,43.449571380667,261284.99,671378.13,20,12,65.483
NS67SW_1589,1,2_2,2.36817576668,-9999.0,-9999.0,-9999.0,69.3870010376,24.8216325009525,24.2708053631768,261796.99,671374.42,12,8,69.387
NS67SW_1595,1,2_2,5.99424233176,-9999.0,-9999.0,-9999.0,65.0350036621,146.047915450177,50.5192573189906,261526.25,671374.0,20,12,65.035
NS67SW_1597,1,2_2,5.74140894357,-9999.0,-9999.0,-9999.0,65.4879989624,110.537609282083,43.3291438327645,261275.18,671372.44,20,12,65.488
NS67SW_1601,1,2_2,5.84714190931,-9999.0,-9999.0,-9999.0,65.2649993896,176.142982585085,58.3600786729364,261411.36,671373.36,28,16,65.265
NS67SW_1602,1,2_2,2.39421423965,-9999.0,-9999.0,-9999.0,69.3970031738,36.8049225006822,32.6958116730011,261768.15,671366.36,20,12,69.397
NS67SW_1604,1,2_2,5.80959338262,-9999.0,-9999.0,-9999.0,65.327003479,162.569619753933,57.7107270209284,261481.22,671371.15,36,20,65.327
NS67SW_1607,1,2_2,3.44705861929,-9999.0,-9999.0,-9999.0,65.3450012207,51.6888562490517,28.9144316100372,261513.5,671366.02,12,8,65.345
NS67SW_1608,1,2_2,6.75563845763,-9999.0,-9999.0,-9999.0,69.0,155.449575438574,52.8369608270613,261618.16,671370.07,20,12,69.0
NS67SW_1609,1,2_2,2.49629001886,-9999.0,-9999.0,-9999.0,69.37449646,38.2825837492697,25.5715295993608,261746.89,671365.76,12,8,69.374
NS67SW_1611,1,2_2,5.9411408351,-9999.0,-9999.0,-9999.0,65.3759994507,161.042225312581,54.8480099320595,261367.89,671368.01,32,18,65.376
NS67SW_1612,1,2_2,5.90308237957,-9999.0,-9999.0,-9999.0,68.3460006714,318.373771247272,101.817465504218,261595.63,671374.8,60,32,68.346
NS67SW_1618,1,2_2,5.81729035015,-9999.0,-9999.0,-9999.0,65.1770019531,177.625040686258,59.1063927211236,261429.36,671365.81,28,16,65.177
NS67SW_1621,1,2_2,6.84947701295,-9999.0,-9999.0,-9999.0,69.3880004883,152.007204000416,49.349409190094,261632.52,671361.06,12,8,69.388
NS67SW_1626,1,2_2,5.64433857836,-9999.0,-9999.0,-9999.0,65.3089981079,185.59478478004,62.0298315671334,261447.8,671359.2,20,12,65.309
NS67SW_1629,1,2_2,5.72566796028,-9999.0,-9999.0,-9999.0,64.9570007324,224.697775307471,74.5799312222483,261257.76,671359.64,44,24,64.957
NS67SW_1630,1,2_2,6.13651151073,-9999.0,-9999.0,-9999.0,65.4680023193,142.182950828272,48.3309892778939,261353.68,671355.21,12,8,65.468
NS67SW_1636,1,2_2,5.85126585996,-9999.0,-9999.0,-9999.0,65.4010009766,173.806365980884,56.2444160476403,261388.93,671355.07,24,14,65.401
NS67SW_1639,1,2_2,6.50903950638,-9999.0,-9999.0,-9999.0,69.6269989014,120.443649413295,46.2143931462914,261654.18,671350.38,20,12,69.627
NS67SW_1649,1,2_2,5.82721360999,-9999.0,-9999.0,-9999.0,67.9499969482,153.940078283619,65.9595933344617,261582.91,671350.71,36,20,67.95
NS67SW_1653,1,2_2,6.07401761142,-9999.0,-9999.0,-9999.0,65.7210006714,199.706855507257,61.9757734611585,261308.71,671347.65,32,18,65.721
NS67SW_1655,1,2_2,5.95144301373,-9999.0,-9999.0,-9999.0,65.233001709,168.036296247258,54.9219862902545,261468.05,671346.3,24,14,65.233
NS67SW_1658,1,2_2,5.39690943101,-9999.0,-9999.0,-9999.0,65.2229995728,333.173553994584,106.806945068289,261501.59,671353.25,64,34,65.223
NS67SW_1661,1,2_2,6.55175300516,-9999.0,-9999.0,-9999.0,67.8809967041,119.382299522013,46.1947366850102,261575.29,671342.44,20,12,67.881
NS67SW_1663,1,2_2,6.1427534424,-9999.0,-9999.0,-9999.0,65.622833252,148.350556941675,50.9421405801095,261286.56,671342.53,16,10,65.623
NS67SW_1664,1,2_2,3.08840560913,-9999.0,-9999.0,-9999.0,69.6490020752,41.7705487530465,31.2736905300965,261654.64,671337.75,16,10,69.649
NS67SW_1665,1,2_2,6.34545898437,-9999.0,-9999.0,-9999.0,69.5979995728,125.0968011206,46.1474197930231,261668.08,671340.92,20,12,69.598
NS67SW_1672,1,2_2,5.87387987462,-9999.0,-9999.0,-9999.0,65.3850021362,167.810332461548,58.0817563634096,261415.6,671339.26,36,20,65.385
NS67SW_1676,1,2_2,6.27198123215,-9999.0,-9999.0,-9999.0,65.3880004883,138.31391661086,47.5319071167089,261392.69,671335.24,12,8,65.388
NS67SW_1679,1,2_2,6.5019526065,-9999.0,-9999.0,-9999.0,69.3249969482,135.905567767424,46.6314332128663,261678.95,671332.84,12,8,69.325
NS67SW_1680,1,2_2,6.90651088808,-9999.0,-9999.0,-9999.0,69.641998291,150.734700500073,49.109705228637,261743.66,671332.01,12,8,69.642
NS67SW_1684,1,2_2,6.4441927731,-9999.0,-9999.0,-9999.0,69.2779998779,330.362543462659,108.198510474283,261610.85,671338.52,52,28,69.278
NS67SW_1687,1,2_2,6.59455198071,-9999.0,-9999.0,-9999.0,69.5869979858,138.537548111407,47.1186683183668,261720.53,671330.23,12,8,69.587
NS67SW_1690,1,2_2,6.52891679244,-9999.0,-9999.0,-9999.0,69.5569992065,119.635507091867,46.0195138901545,261632.92,671326.72,20,12,69.557
NS67SW_1692,1,2_2,5.82593865752,-9999.0,-9999.0,-9999.0,65.34400177,179.066322289444,58.5461495507889,261437.33,671326.3,32,18,65.344
NS67SW_1693,1,2_2,6.66300953843,-9999.0,-9999.0,-9999.0,69.7369995117,129.775034588257,45.938674457238,261758.69,671323.54,12,8,69.737
NS67SW_1699,1,2_2,6.54212473356,-9999.0,-9999.0,-9999.0,69.9670028687,136.811395230352,48.2738416348944,261658.51,671321.05,20,12,69.967
NS67SW_1701,1,2_2,6.5621534192,-9999.0,-9999.0,-9999.0,68.5550003052,120.283064984821,46.356469892805,261588.29,671318.85,20,12,68.555
NS67SW_1715,1,2_2,5.92119745906,-9999.0,-9999.0,-9999.0,65.5690002441,174.981055604568,59.8287896488389,261292.95,671316.12,28,16,65.569
NS67SW_1716,1,2_2,5.84867247176,-9999.0,-9999.0,-9999.0,65.2450027466,113.340282750625,45.2243715987681,261423.0,671313.71,12,8,65.245
NS67SW_1717,1,2_2,6.18202677571,-9999.0,-9999.0,-9999.0,69.2760009766,128.661645763364,45.4618174789618,261612.09,671313.26,12,8,69.276
NS67SW_1719,1,2_2,6.4507416037,-9999.0,-9999.0,-9999.0,69.1640014648,284.871867879361,96.5035678855677,261692.84,671319.56,36,20,69.164
NS67SW_1722,1,2_2,6.507571863,-9999.0,-9999.0,-9999.0,69.6620025635,122.361725738443,47.5837683637563,261721.95,671308.66,28,16,69.662
NS67SW_1729,1,2_2,5.8816560009,-9999.0,-9999.0,-9999.0,65.2689971924,111.486887396347,45.0981111018672,261441.29,671307.3,12,8,65.269
NS67SW_1730,1,2_2,6.38246621543,-9999.0,-9999.0,-9999.0,67.5210037231,255.51665606063,68.9273940202016,261558.44,671313.25,12,8,67.521
NS67SW_1731,1,2_2,6.2023998725,-9999.0,-9999.0,-9999.0,69.7880020142,126.838622218416,45.1192670989827,261651.34,671308.18,12,8,69.788
NS67SW_1733,1,2_2,6.08093204388,-9999.0,-9999.0,-9999.0,65.0250015259,182.720347483106,59.2454258669247,261364.87,671309.28,12,8,65.025
NS67SW_1734,1,2_2,5.97981406069,-9999.0,-9999.0,-9999.0,65.327003479,169.648951840362,55.2280709803894,261462.17,671307.24,20,12,65.327
NS67SW_1735,1,2_2,6.15970160129,-9999.0,-9999.0,-9999.0,69.7789993286,127.980200702642,45.3267188949367,261745.74,671304.9,12,8,69.779
NS67SW_1737,1,2_2,6.07095547449,-9999.0,-9999.0,-9999.0,65.0970001221,198.852045733031,63.2792651617533,261319.08,671306.79,24,14,65.097
NS67SW_1740,1,2_2,5.94555378851,-9999.0,-9999.0,-9999.0,65.0230026245,391.643097449806,129.383158123617,261266.08,671313.73,76,40,65.023
NS67SW_1741,1,2_2,6.55132858963,-9999.0,-9999.0,-9999.0,69.125,121.721437544895,46.7662740668049,261603.22,671300.98,20,12,69.125
NS67SW_1744,1,2_2,6.36616501473,-9999.0,-9999.0,-9999.0,69.3799972534,122.657156801305,45.4868584834012,261697.62,671297.4,20,12,69.38
NS67SW_1745,1,2_2,6.18646426731,-9999.0,-9999.0,-9999.0,69.7919998169,170.069756167734,57.2864973133912,261670.6,671298.52,20,12,69.792
NS67SW_1747,1,2_2,5.62316424672,-9999.0,-9999.0,-9999.0,65.3030014038,216.972257481011,71.1054335935181,261388.66,671295.44,36,20,65.303
NS67SW_1748,1,2_2,6.15327318253,-9999.0,-9999.0,-9999.0,65.0090026855,111.496363756288,42.3971119168275,261350.15,671295.17,12,8,65.009
NS67SW_1750,1,2_2,6.83312270066,-9999.0,-9999.0,-9999.0,69.4540023804,148.445048906457,48.738494766125,261723.26,671293.63,12,8,69.454
NS67SW_1754,1,2_2,6.37218821575,-9999.0,-9999.0,-9999.0,68.3700027466,125.734118726196,44.9210929179861,261572.76,671292.62,12,8,68.37
NS67SW_1756,1,2_2,6.29650420815,-9999.0,-9999.0,-9999.0,69.6439971924,483.247765126183,114.257669628523,261789.98,671300.18,28,16,69.644
NS67SW_1758,1,2_2,6.19496583604,-9999.0,-9999.0,-9999.0,65.2302856445,108.732710382943,41.8745842884793,261306.06,671289.6,12,8,65.23
NS67SW_1759,1,2_2,6.46110183165,-9999.0,-9999.0,-9999.0,69.4410018921,121.428249187685,46.2586525347126,261625.99,671290.03,20,12,69.441
NS67SW_1760,1,2_2,6.96473353418,-9999.0,-9999.0,-9999.0,69.6019973755,144.223739745278,48.0372783080786,261643.51,671290.24,12,8,69.602
NS67SW_1763,1,2_2,2.98072360961,-9999.0,-9999.0,-9999.0,69.3789978027,31.4563387530482,23.4445796609981,261734.68,671283.15,12,8,69.379
NS67SW_1764,1,2_2,6.45339940283,-9999.0,-9999.0,-9999.0,68.7850036621,122.287640977383,45.3191356333827,261584.26,671287.32,20,12,68.785
NS67SW_1776,1,2_2,6.50316997879,-9999.0,-9999.0,-9999.0,67.016998291,198.655648177919,59.2634864349757,261538.57,671283.1,20,12,67.017
NS67SW_1777,1,2_2,5.3514604612,-9999.0,-9999.0,-9999.0,65.2490005493,119.233640467317,45.706662472434,261417.11,671280.01,20,12,65.249
NS67SW_1778,1,2_2,6.90496483248,-9999.0,-9999.0,-9999.0,69.5490036011,146.936532093594,48.4873120390547,261692.38,671281.26,12,8,69.549
NS67SW_1779,1,2_2,5.48467158189,-9999.0,-9999.0,-9999.0,64.9950027466,162.944733221178,56.1544669816574,261371.21,671281.73,20,12,64.995
NS67SW_1780,1,2_2,6.58738783069,-9999.0,-9999.0,-9999.0,68.93699646,136.89663625714,48.8705321320317,261596.01,671279.84,20,12,68.937
NS67SW_1783,1,2_2,5.9305203408,-9999.0,-9999.0,-9999.0,64.9810028076,129.390280598347,48.7927533792753,261338.92,671280.24,28,16,64.981
NS67SW_1784,1,2_2,6.57795867069,-9999.0,-9999.0,-9999.0,69.7440032959,139.025193018586,49.0795926175421,261746.49,671278.27,20,12,69.744
NS67SW_1785,1,2_2,6.10133412879,-9999.0,-9999.0,-9999.0,69.388999939,132.117758486783,46.2878627364881,261657.69,671277.28,16,10,69.389
NS67SW_1790,1,2_2,1.98751675455,-9999.0,-9999.0,-9999.0,60.4150009155,23.2852499998407,22.9666977534088,261263.09,671270.77,8,6,60.415
NS67SW_1794,1,2_2,6.37240486983,-9999.0,-9999.0,-9999.0,69.6600036621,316.426970556974,80.6802634232946,261781.46,671276.34,12,8,69.66
NS67SW_1795,1,2_2,6.59435562701,-9999.0,-9999.0,-9999.0,69.1409988403,117.909410131951,46.0110538085881,261611.0,671271.1,20,12,69.141
NS67SW_1797,1,2_2,6.53436888167,-9999.0,-9999.0,-9999.0,69.4779968262,133.165153312762,46.1591767072151,261670.46,671270.59,12,8,69.478
NS67SW_1799,1,2_2,3.5439772833,-9999.0,-9999.0,-9999.0,68.5490036011,32.98575000341,23.9276016420662,261595.96,671266.69,12,8,68.549
NS67SW_1800,1,2_2,5.21970411513,-9999.0,-9999.0,-9999.0,59.7270011902,114.720938726233,43.2429041451473,261254.39,671269.48,12,8,59.727
NS67SW_1803,1,2_2,3.40746388537,-9999.0,-9999.0,-9999.0,65.1679992676,37.8339024617907,27.3276257944183,261373.2,671264.14,20,12,65.168
NS67SW_1810,1,2_2,5.87220553366,-9999.0,-9999.0,-9999.0,64.8399963379,150.010403049097,49.9561759332492,261390.18,671266.02,12,8,64.84
NS67SW_1813,1,2_2,6.14238471628,-9999.0,-9999.0,-9999.0,65.2149963379,109.060326647788,41.9466317086097,261421.68,671261.85,12,8,65.215
NS67SW_1814,1,2_2,6.23658732193,-9999.0,-9999.0,-9999.0,69.1770019531,273.704953546116,90.5094723303574,261720.82,671270.04,40,22,69.177
NS67SW_1816,1,2_2,6.50961052103,-9999.0,-9999.0,-9999.0,69.5920028687,121.988859611437,50.1363613841323,261631.65,671263.2,36,20,69.592
NS67SW_1819,1,2_2,6.59334700301,-9999.0,-9999.0,-9999.0,69.4020004272,140.318462667527,47.448445301818,261683.45,671261.55,12,8,69.402
NS67SW_1822,1,2_2,5.72331633643,-9999.0,-9999.0,-9999.0,65.0459976196,266.106706771973,96.6860646394688,261355.01,671264.56,40,22,65.046
NS67SW_1828,1,2_2,5.2062825318,-9999.0,-9999.0,-9999.0,60.3009986877,122.775494267942,44.9446825782106,261260.71,671256.17,12,8,60.301
NS67SW_1830,1,2_2,6.94091292649,-9999.0,-9999.0,-9999.0,69.6520004272,148.781723067303,48.7914543333593,261766.08,671255.72,12,8,69.652
NS67SW_1831,1,2_2,5.09593073826,-9999.0,-9999.0,-9999.0,65.03099823,444.976752529778,131.463302486061,261308.8,671263.48,64,34,65.031
NS67SW_1832,1,2_2,5.21928057216,-9999.0,-9999.0,-9999.0,65.9309997559,169.728750726407,52.1125369651429,261569.27,671255.1,12,8,65.931
NS67SW_1833,1,2_2,6.75687315444,-9999.0,-9999.0,-9999.0,69.1460037231,124.693336276057,45.8587445854277,261696.71,671254.02,20,12,69.146
NS67SW_1835,1,2_2,6.70377018872,-9999.0,-9999.0,-9999.0,69.7610015869,137.338007726358,46.9540849942686,261646.71,671252.44,12,8,69.761
NS67SW_922,1,2_2,5.78124783794,-9999.0,-9999.0,-9999.0,61.1180000305,170.362576776038,54.0007523848234,261760.08,671869.07,28,16,61.118
NS67SW_923,1,2_2,5.89946341202,-9999.0,-9999.0,-9999.0,58.3470001221,123.509183419031,47.3299255773903,261443.8,671866.19,20,12,58.347
NS67SW_924,1,2_2,2.22292683919,-9999.0,-9999.0,-9999.0,60.908000946,32.4239812509391,28.1257948873501,261780.86,671862.34,16,10,60.908
NS67SW_927,1,2_2,5.15516869976,-9999.0,-9999.0,-9999.0,60.7690010071,557.753038316965,174.073940632436,261560.7,671865.42,104,54,60.769
NS67SW_928,1,2_2,6.07029067444,-9999.0,-9999.0,-9999.0,58.0340003967,170.452354441246,57.5964729696693,261456.88,671861.42,20,12,58.034
NS67SW_929,1,2_2,4.63229992278,-9999.0,-9999.0,-9999.0,61.0620002747,551.000899818878,147.52091971428,261708.63,671868.98,80,42,61.062
NS67SW_934,1,2_2,5.21679329533,-9999.0,-9999.0,-9999.0,57.6800003052,168.714619922948,53.6594640845572,261480.01,671855.41,20,12,57.68
NS67SW_937,1,2_2,5.83351463996,-9999.0,-9999.0,-9999.0,61.1189994812,213.096742991261,65.7064266721996,261742.62,671853.52,44,24,61.119
NS67SW_939,1,2_2,6.29476263584,-9999.0,-9999.0,-9999.0,60.6339988708,391.283508443762,97.4818546850343,261791.55,671856.47,20,12,60.634
NS67SW_942,1,2_2,4.95406910388,-9999.0,-9999.0,-9999.0,58.8180007935,386.772160277687,131.286676407931,261353.27,671853.07,56,30,58.818
NS67SW_943,1,2_2,5.64289234611,-9999.0,-9999.0,-9999.0,59.4090003967,120.587716744224,48.5924478156163,261384.62,671840.58,28,16,59.409
NS67SW_944,1,2_2,5.14033598971,-9999.0,-9999.0,-9999.0,59.3019981384,459.260107994592,136.878225595938,261411.72,671847.52,72,38,59.302
NS67SW_946,1,2_2,6.91182314156,-9999.0,-9999.0,-9999.0,61.46900177,169.971866815455,57.0599789547863,261728.4,671836.99,28,16,61.469
NS67SW_947,1,2_2,2.15882055538,-9999.0,-9999.0,-9999.0,61.2610015869,25.5261075051146,21.1608029285002,261755.68,671830.99,12,8,61.261
NS67SW_948,1,2_2,2.55883675727,-9999.0,-9999.0,-9999.0,61.0001411438,36.2660362506995,24.2282705754908,261873.91,671830.76,12,8,61.0
NS67SW_951,1,2_2,4.342133149,-9999.0,-9999.0,-9999.0,61.5489997864,147.675611994347,57.0301791486364,261684.49,671832.01,36,20,61.549
NS67SW_952,1,2_2,4.96222933706,-9999.0,-9999.0,-9999.0,59.8699989319,169.560786857208,60.6324456471289,261447.56,671829.68,28,16,59.87
NS67SW_953,1,2_2,5.68259059556,-9999.0,-9999.0,-9999.0,60.9869995117,232.015269169493,69.0587358747489,261770.45,671832.19,28,16,60.987
NS67SW_955,1,2_2,2.44524862411,-9999.0,-9999.0,-9999.0,61.2620010376,41.0560275024104,28.8587806136307,261681.18,671819.62,16,10,61.262
NS67SW_956,1,2_2,5.97357285989,-9999.0,-9999.0,-9999.0,59.013999939,113.838133686443,44.7395885900988,261469.31,671818.88,20,12,59.014
NS67SW_957,1,2_2,5.16240725465,-9999.0,-9999.0,-9999.0,59.6710014343,169.665764372276,57.5481828384979,261392.18,671820.34,20,12,59.671
NS67SW_958,1,2_2,6.65725194721,-9999.0,-9999.0,-9999.0,61.0190010071,198.778241506024,55.5479335867945,261699.06,671815.41,16,10,61.019
NS67SW_959,1,2_2,3.04863427236,-9999.0,-9999.0,-9999.0,59.8714027405,27.2732024959335,22.2572866617642,261454.33,671807.4,12,8,59.871
NS67SW_960,1,2_2,5.31682177856,-9999.0,-9999.0,-9999.0,61.2750015259,361.626075328427,101.311651791471,261747.08,671814.69,56,30,61.275
NS67SW_961,1,2_2,3.22926721573,-9999.0,-9999.0,-9999.0,61.0600013733,37.5096187421391,27.43326926174,261704.24,671805.71,16,10,61.06
NS67SW_962,1,2_2,5.96420906594,-9999.0,-9999.0,-9999.0,58.7270011902,116.849344307073,45.0563477999375,261480.54,671809.15,20,12,58.727
NS67SW_964,1,2_2,5.03201865044,-9999.0,-9999.0,-9999.0,58.9609985352,315.452358765243,119.657422934054,261364.11,671807.92,52,28,58.961
NS67SW_965,1,2_2,4.8231469016,-9999.0,-9999.0,-9999.0,60.4020004272,236.757481833476,83.1296544123962,261428.81,671806.59,48,26,60.402
NS67SW_968,1,2_2,2.27459564626,-9999.0,-9999.0,-9999.0,60.7618560791,51.4836112461825,35.3028340567539,261692.18,671799.82,16,10,60.762
NS67SW_971,1,2_2,4.479576723,-9999.0,-9999.0,-9999.0,60.5050010681,155.292015552449,58.2568772468077,261403.26,671799.99,20,12,60.505
NS67SW_972,1,2_2,5.47660109326,-9999.0,-9999.0,-9999.0,60.0089988708,96.0100727345655,39.9664482404692,261439.07,671795.79,12,8,60.009
NS67SW_977,1,2_2,5.32477103572,-9999.0,-9999.0,-9999.0,58.5029983521,331.059651716905,101.273798437551,261497.62,671796.87,64,34,58.503
NS67SW_982,1,2_2,4.02386281693,-9999.0,-9999.0,-9999.0,60.783000946,905.916307183543,219.146766942802,261860.13,671802.76,156,78,60.783
NS67SW_987,1,2_2,2.80471401615,-9999.0,-9999.0,-9999.0,60.9399986267,36.9707212405112,25.3854705307412,261754.06,671774.81,12,8,60.94
NS67SW_989,1,2_2,2.220568992,-9999.0,-9999.0,-9999.0,57.1819992065,50.6493675033775,31.8098300225709,261250.85,671771.14,16,10,57.182
NS67SW_990,1,2_2,4.79556237015,-9999.0,-9999.0,-9999.0,60.2220001221,131.239562410938,53.5112932568369,261378.79,671773.73,28,16,60.222
NS67SW_991,1,2_2,4.70208685463,-9999.0,-9999.0,-9999.0,59.4640007019,362.044379141324,124.414658251704,261460.72,671779.64,76,40,59.464
NS67SW_993,1,2_2,5.34890260257,-9999.0,-9999.0,-9999.0,59.9259986877,680.532275762601,187.755877919625,261689.0,671782.96,92,48,59.926
NS67SW_994,1,2_2,4.51474939982,-9999.0,-9999.0,-9999.0,60.6259994507,271.116878325632,82.7538070325022,261405.46,671773.49,44,24,60.626
NS67SW_997,1,2_2,5.15377811394,-9999.0,-9999.0,-9999.0,60.358001709,107.240743217379,44.7597271985342,261420.05,671763.69,20,12,60.358
NS67SW_999,1,2_2,5.7387972222,-9999.0,-9999.0,-9999.0,59.9930000305,80.3835742756273,36.3761103282009,261431.29,671760.9,12,8,59.993
NS67SW_451,1,2_3,3.89590529665,-9999.0,-9999.0,-9999.0,54.8400001526,513.754665451436,158.953339907713,261471.72,672423.62,92,48,54.84
NS67SW_497,1,2_3,3.6441949619,-9999.0,-9999.0,-9999.0,52.0999984741,265.364422504121,81.8597864752643,261474.4,672368.06,44,24,52.1
NS67SW_500,1,2_3,4.67695871504,-9999.0,-9999.0,-9999.0,45.6209983826,272.105715476635,80.8680860650095,261416.32,672362.42,28,16,45.621
NS67SW_529,1,2_3,3.69049956822,-9999.0,-9999.0,-9999.0,43.2999992371,134.061008613503,47.5467228414587,261454.38,672323.03,20,12,43.3
NS67SW_539,1,2_3,10.6146422151,-9999.0,-9999.0,-9999.0,49.7430000305,443.710671829299,92.57522761007,261573.6,672318.1,28,16,49.743
NS67SW_641,1,2_3,4.28864919222,-9999.0,-9999.0,-9999.0,47.718334198,70.7131349988391,35.7083196865319,261583.41,672196.01,20,12,47.718
NS67SW_645,1,2_3,12.7940893368,-9999.0,-9999.0,-9999.0,61.3089981079,52.7477849999721,29.9696112624479,261751.52,672190.27,12,8,61.309
NS67SW_656,1,2_3,3.38802284565,-9999.0,-9999.0,-9999.0,52.5859985352,325.897357612507,94.3470144283816,261670.08,672188.05,32,18,52.586
NS67SW_657,1,2_3,4.26651198664,-9999.0,-9999.0,-9999.0,60.2220001221,647.928735977123,142.053439248328,261726.24,672192.79,68,36,60.222
NS67SW_672,1,2_3,2.67861341722,-9999.0,-9999.0,-9999.0,53.4480018616,28.3678724997678,28.3303031657411,261661.78,672166.01,16,10,53.448
NS67SW_674,1,2_3,3.1497551572,-9999.0,-9999.0,-9999.0,60.8650016785,60.4507050060618,34.5475927840289,261761.94,672164.21,20,12,60.865
NS67SW_678,1,2_3,4.28513465277,-9999.0,-9999.0,-9999.0,48.7550010681,424.241965006323,114.80993810887,261591.37,672173.19,44,24,48.755
NS67SW_682,1,2_3,5.32809798611,-9999.0,-9999.0,-9999.0,61.2849998474,207.725828772784,72.2735102451996,261742.1,672160.72,28,16,61.285
NS67SW_694,1,2_3,6.68225469243,-9999.0,-9999.0,-9999.0,60.9915008545,147.682851954689,48.6100542883707,261760.69,672149.12,12,8,60.992
NS67SW_713,1,2_3,4.18053715866,-9999.0,-9999.0,-9999.0,57.9210014343,211.437156311225,62.3891543559473,261651.13,672129.67,12,8,57.921
NS67SW_715,1,2_3,3.82524443579,-9999.0,-9999.0,-9999.0,58.4970016479,149.694311351963,51.9293126941706,261667.12,672125.01,12,8,58.497
NS67SW_718,1,2_3,3.27417311088,-9999.0,-9999.0,-9999.0,61.297000885,49.3377299995622,28.9644042935047,261794.85,672118.57,12,8,61.297
NS67SW_722,1,2_3,10.451971291,-9999.0,-9999.0,-9999.0,61.5149993896,131.417115001953,47.7473241409276,261738.32,672114.79,20,12,61.515
NS67SW_723,1,2_3,6.20524031321,-9999.0,-9999.0,-9999.0,61.5279998779,155.517625511721,51.3666981505797,261720.57,672115.78,20,12,61.528
NS67SW_726,1,2_3,4.62132836416,-9999.0,-9999.0,-9999.0,61.3950004578,527.29517034051,135.414630437163,261775.26,672124.53,68,36,61.395
NS67SW_734,1,2_3,4.82462696866,-9999.0,-9999.0,-9999.0,58.1780014038,253.9148885217,72.2813971028039,261632.22,672106.23,20,12,58.178
NS67SW_741,1,2_3,6.3918376913,-9999.0,-9999.0,-9999.0,58.7719993591,312.614234729246,80.2479628936305,261661.22,672099.42,36,20,58.772
NS67SW_746,1,2_3,5.12390011763,-9999.0,-9999.0,-9999.0,62.1220016479,197.527810086562,64.3191671414609,261845.5,672090.33,28,16,62.122
NS67SW_747,1,2_3,4.13811535708,-9999.0,-9999.0,-9999.0,61.9399986267,267.011272476145,73.2648827451266,261740.18,672093.12,20,12,61.94
NS67SW_757,1,2_3,2.63174312215,-9999.0,-9999.0,-9999.0,62.7649993896,39.6854774981103,26.4580323356741,261874.8,672074.77,12,8,62.765
NS67SW_760,1,2_3,5.07307824375,-9999.0,-9999.0,-9999.0,61.5250015259,474.069298414736,116.759094599902,261698.42,672079.38,68,36,61.525
NS67SW_762,1,2_3,4.98387470157,-9999.0,-9999.0,-9999.0,59.0989990234,343.007220665506,108.915831791776,261628.3,672071.09,60,32,59.099
NS67SW_763,1,2_3,3.21234993301,-9999.0,-9999.0,-9999.0,62.3400001526,367.448225345693,115.39941459181,261858.87,672077.5,60,32,62.34
NS67SW_766,1,2_3,4.98462788121,-9999.0,-9999.0,-9999.0,62.5009994507,83.8616739574064,37.0383554072392,261712.64,672062.96,12,8,62.501
NS67SW_770,1,2_3,3.53197923955,-9999.0,-9999.0,-9999.0,63.060333252,386.632123044143,110.535749438529,261814.75,672063.89,56,30,63.06
NS67SW_772,1,2_3,5.75423512417,-9999.0,-9999.0,-9999.0,61.2770004272,175.776389697934,55.7763651598907,261657.12,672057.36,20,12,61.277
NS67SW_773,1,2_3,2.78495274961,-9999.0,-9999.0,-9999.0,62.8219985962,41.8353637504775,32.7898345969375,261782.64,672051.64,8,6,62.822
NS67SW_776,1,2_3,5.10191107291,-9999.0,-9999.0,-9999.0,61.2010002136,175.48520181742,54.5311674085324,261670.17,672046.11,20,12,61.201
NS67SW_779,1,2_3,3.38018744732,-9999.0,-9999.0,-9999.0,62.6679992676,318.66649791776,92.8700354241366,261872.07,672049.31,60,32,62.668
NS67SW_780,1,2_3,3.83872526076,-9999.0,-9999.0,-9999.0,62.563999176,284.821956798493,81.6575995858982,261826.87,672046.1,52,28,62.564
NS67SW_783,1,2_3,3.98996664714,-9999.0,-9999.0,-9999.0,62.891998291,216.09065096397,62.6619451500105,261787.73,672039.57,24,14,62.892
NS67SW_784,1,2_3,4.4991274724,-9999.0,-9999.0,-9999.0,59.4440002441,433.153905605096,122.147694497235,261615.41,672039.59,68,36,59.444
NS67SW_786,1,2_3,5.22658959428,-9999.0,-9999.0,-9999.0,62.1160011292,171.886232279799,56.3573846744375,261702.47,672036.23,28,16,62.116
NS67SW_790,1,2_3,3.69416694358,-9999.0,-9999.0,-9999.0,62.4440002441,207.035819542539,71.6570502674629,261834.88,672031.96,44,24,62.444
NS67SW_792,1,2_3,5.08786190406,-9999.0,-9999.0,-9999.0,57.5660018921,907.684248994478,237.165569454359,261575.77,672048.81,124,64,57.566
NS67SW_793,1,2_3,5.54340243582,-9999.0,-9999.0,-9999.0,62.1739997864,152.565249430002,55.0782371454952,261689.74,672027.5,20,12,62.174
NS67SW_794,1,2_3,5.59040046874,-9999.0,-9999.0,-9999.0,61.0699996948,154.040637123687,55.3846072170856,261637.76,672026.88,20,12,61.07
NS67SW_796,1,2_3,5.81757070646,-9999.0,-9999.0,-9999.0,62.9259986877,122.657207958866,48.4886670587515,261796.96,672024.83,20,12,62.926
NS67SW_806,1,2_3,5.15866340264,-9999.0,-9999.0,-9999.0,61.5680007935,172.370352876663,60.6281108298034,261613.18,672017.57,36,20,61.568
NS67SW_809,1,2_3,4.05140641274,-9999.0,-9999.0,-9999.0,62.7309989929,151.483147500983,53.6189974897937,261807.79,672013.46,20,12,62.731
NS67SW_810,1,2_3,5.6187227946,-9999.0,-9999.0,-9999.0,60.4399986267,148.281633060592,54.3583387610108,261549.96,672012.14,20,12,60.44
NS67SW_812,1,2_3,4.96248078139,-9999.0,-9999.0,-9999.0,61.7630004883,329.717695810234,115.135746487617,261656.57,672013.96,80,42,61.763
NS67SW_813,1,2_3,3.94272483192,-9999.0,-9999.0,-9999.0,62.0950012207,320.636929973685,123.716821800207,261846.84,672013.06,68,36,62.095
NS67SW_814,1,2_3,4.27229999822,-9999.0,-9999.0,-9999.0,62.2200012207,185.297713002265,60.0263764720857,261869.5,672007.8,20,12,62.22
NS67SW_818,1,2_3,5.04495188016,-9999.0,-9999.0,-9999.0,60.6539993286,174.799020191177,55.0820925070273,261534.58,672008.26,28,16,60.654
NS67SW_820,1,2_3,5.90971027019,-9999.0,-9999.0,-9999.0,61.7229995728,319.670300197094,101.624612979435,261739.74,672011.81,48,26,61.723
NS67SW_821,1,2_3,3.91507324545,-9999.0,-9999.0,-9999.0,62.4939994812,222.60663901829,67.9886878437141,261820.7,672000.82,36,20,62.494
NS67SW_822,1,2_3,5.72243149934,-9999.0,-9999.0,-9999.0,62.1940002441,171.555898640209,54.6242394936631,261638.0,671997.35,20,12,62.194
NS67SW_823,1,2_3,5.76419338397,-9999.0,-9999.0,-9999.0,60.6199989319,172.128694232778,54.8721452985893,261521.13,671997.22,20,12,60.62
NS67SW_824,1,2_3,5.21560913569,-9999.0,-9999.0,-9999.0,61.6440010071,363.882338274293,109.902496250024,261595.12,672002.08,60,32,61.644
NS67SW_826,1,2_3,2.15630363206,-9999.0,-9999.0,-9999.0,61.9580001831,30.5208374948054,22.3834712797864,261759.34,671989.69,12,8,61.958
NS67SW_828,1,2_3,4.32743468089,-9999.0,-9999.0,-9999.0,62.0789985657,190.920060321733,57.83161785009,261773.05,671991.52,20,12,62.079
NS67SW_830,1,2_3,4.53787930981,-9999.0,-9999.0,-9999.0,62.4010009766,187.377328529961,55.5853828308117,261832.57,671989.58,20,12,62.401
NS67SW_831,1,2_3,4.95484852752,-9999.0,-9999.0,-9999.0,62.0239982605,165.377494016696,57.1877304694985,261574.94,671986.54,20,12,62.024
NS67SW_832,1,2_3,4.80245016711,-9999.0,-9999.0,-9999.0,62.1679992676,189.851178124012,61.9206917604101,261624.83,671986.55,36,20,62.168
NS67SW_835,1,2_3,5.58970702082,-9999.0,-9999.0,-9999.0,60.78099823,150.462843669055,54.8223260322177,261513.88,671981.47,20,12,60.781
NS67SW_836,1,2_3,4.88701918178,-9999.0,-9999.0,-9999.0,62.2859992981,147.670790120192,48.8162935429728,261845.52,671980.63,12,8,62.286
NS67SW_837,1,2_3,2.91138967454,-9999.0,-9999.0,-9999.0,61.0656661987,58.8756037554517,30.7360044873608,261525.06,671972.77,12,8,61.066
NS67SW_838,1,2_3,5.36120931792,-9999.0,-9999.0,-9999.0,62.2770004272,195.165697807138,63.8788279821969,261611.27,671975.01,44,24,62.277
NS67SW_839,1,2_3,4.55181925334,-9999.0,-9999.0,-9999.0,62.1689987183,147.811403058971,50.8649053974399,261788.09,671974.39,20,12,62.169
NS67SW_841,1,2_3,7.18702471811,-9999.0,-9999.0,-9999.0,61.6339988708,158.456079201747,51.3329442890974,261753.83,671973.13,12,8,61.634
NS67SW_842,1,2_3,5.03912298634,-9999.0,-9999.0,-9999.0,61.4760017395,446.598434424087,133.613615808444,261716.61,671981.32,84,44,61.476
NS67SW_843,1,2_3,4.40889321776,-9999.0,-9999.0,-9999.0,62.3260002136,205.662620500747,73.2063494530311,261863.56,671972.29,44,24,62.326
NS67SW_844,1,2_3,2.98190468857,-9999.0,-9999.0,-9999.0,53.4570007324,29.1014737527083,24.7802102612562,261439.15,671967.22,8,6,53.457
NS67SW_846,1,2_3,5.21829054464,-9999.0,-9999.0,-9999.0,56.4910011292,174.187244441474,56.1423349697402,261488.55,671966.45,20,12,56.491
NS67SW_847,1,2_3,3.47427512884,-9999.0,-9999.0,-9999.0,62.3209991455,279.440298167206,85.2102226211447,261655.24,671968.72,52,28,62.321
NS67SW_848,1,2_3,5.83347240294,-9999.0,-9999.0,-9999.0,54.5040016174,329.69365956646,101.324717448927,261466.68,671967.37,60,32,54.504
NS67SW_849,1,2_3,5.57771885759,-9999.0,-9999.0,-9999.0,62.3650016785,149.821143062687,54.2665636744091,261600.42,671962.84,20,12,62.365
NS67SW_852,1,2_3,4.43877031884,-9999.0,-9999.0,-9999.0,62.4049987793,160.494986891581,54.495443081814,261803.92,671959.02,20,12,62.405
NS67SW_855,1,2_3,5.34551589406,-9999.0,-9999.0,-9999.0,61.6230010986,132.242401381037,52.5717176851152,261527.62,671957.26,36,20,61.623
NS67SW_857,1,2_3,5.2516043802,-9999.0,-9999.0,-9999.0,58.8320007324,179.162406635964,57.5248440262398,261501.01,671954.96,20,12,58.832
NS67SW_859,1,2_3,2.38568334281,-9999.0,-9999.0,-9999.0,62.533000946,65.31816820466,32.8477763236739,261806.95,671945.62,12,8,62.533
NS67SW_860,1,2_3,5.03239789904,-9999.0,-9999.0,-9999.0,62.2070007324,227.16084145126,70.1993622993435,261772.57,671949.46,36,20,62.207
NS67SW_861,1,2_3,4.25220593327,-9999.0,-9999.0,-9999.0,62.8089981079,166.702489882835,53.8089271296445,261821.96,671947.04,20,12,62.809
NS67SW_862,1,2_3,3.48713673124,-9999.0,-9999.0,-9999.0,62.1759986877,284.896381665843,85.1494565993706,261640.99,671951.91,44,24,62.176
NS67SW_864,1,2_3,5.5356718776,-9999.0,-9999.0,-9999.0,61.3079986572,384.583318858553,117.125125119635,261697.31,671950.18,48,26,61.308
NS67SW_865,1,2_3,5.03131657891,-9999.0,-9999.0,-9999.0,61.7919998169,723.606108675017,227.47739148899,261561.71,671965.46,160,82,61.792
NS67SW_867,1,2_3,5.05345516789,-9999.0,-9999.0,-9999.0,59.7750015259,202.403187986534,62.4811735290592,261512.9,671939.47,20,12,59.775
NS67SW_869,1,2_3,5.36051579367,-9999.0,-9999.0,-9999.0,62.0929985046,162.619322342673,60.898299099629,261625.68,671933.76,36,20,62.093
NS67SW_871,1,2_3,4.46852680863,-9999.0,-9999.0,-9999.0,62.7919998169,156.271843170935,50.5575667184048,261837.03,671935.41,12,8,62.792
NS67SW_872,1,2_3,5.88768257721,-9999.0,-9999.0,-9999.0,61.2039985657,215.729319302273,61.605891588902,261667.78,671933.07,28,16,61.204
NS67SW_874,1,2_3,6.26766948673,-9999.0,-9999.0,-9999.0,54.7779998779,362.146272168416,86.5877553553539,261448.84,671933.08,28,16,54.778
NS67SW_875,1,2_3,5.68369477818,-9999.0,-9999.0,-9999.0,62.3269996643,408.912857081165,129.751070322441,261799.93,671936.39,64,34,62.327
NS67SW_877,1,2_3,2.57840738668,-9999.0,-9999.0,-9999.0,62.4070014954,22.3760624976712,23.098596410636,261811.69,671918.96,8,6,62.407
NS67SW_878,1,2_3,2.7122618539,-9999.0,-9999.0,-9999.0,61.8179969788,22.876278748463,21.9924606080673,261631.64,671916.19,8,6,61.818
NS67SW_880,1,2_3,5.28328811023,-9999.0,-9999.0,-9999.0,61.4770011902,465.578399367703,128.98870767677,261743.13,671930.52,60,32,61.477
NS67SW_882,1,2_3,5.97781565323,-9999.0,-9999.0,-9999.0,60.8510017395,157.301589870925,51.0133483429423,261718.04,671920.3,20,12,60.851
NS67SW_883,1,2_3,5.5188738963,-9999.0,-9999.0,-9999.0,62.1259994507,187.260642202067,62.3401353537676,261617.93,671919.12,36,20,62.126
NS67SW_885,1,2_3,4.89255583914,-9999.0,-9999.0,-9999.0,61.6825027466,358.879397422499,109.408003643509,261541.44,671920.59,68,36,61.682
NS67SW_887,1,2_3,6.56365994484,-9999.0,-9999.0,-9999.0,62.3030014038,191.347819416101,60.9506580985191,261831.46,671913.65,28,16,62.303
NS67SW_888,1,2_3,2.42669820786,-9999.0,-9999.0,-9999.0,60.8650016785,37.6655399992461,29.5092353094167,261721.73,671907.97,12,8,60.865
NS67SW_889,1,2_3,4.93595424585,-9999.0,-9999.0,-9999.0,61.8629989624,780.891029843105,228.279729492375,261577.77,671927.83,140,74,61.863
NS67SW_891,1,2_3,5.87300300288,-9999.0,-9999.0,-9999.0,61.108001709,157.528503767552,56.8897138903626,261745.76,671906.08,36,20,61.108
NS67SW_893,1,2_3,5.79334491622,-9999.0,-9999.0,-9999.0,60.5810012817,164.367995853818,55.1412070030647,261706.55,671904.81,28,16,60.581
NS67SW_895,1,2_3,5.28666680244,-9999.0,-9999.0,-9999.0,62.0110015869,160.409949611672,51.0887511653668,261605.48,671902.18,12,8,62.011
NS67SW_898,1,2_3,6.73009124583,-9999.0,-9999.0,-9999.0,61.391998291,181.813204574645,56.1757582237517,261787.49,671899.42,12,8,61.392
NS67SW_901,1,2_3,5.93397200546,-9999.0,-9999.0,-9999.0,56.7840003967,332.58150440311,109.816158361432,261401.32,671896.93,48,26,56.784
NS67SW_902,1,2_3,2.40940554549,-9999.0,-9999.0,-9999.0,61.1279983521,23.3533274983686,23.5506192169913,261789.69,671885.36,8,6,61.128
NS67SW_903,1,2_3,5.43646644495,-9999.0,-9999.0,-9999.0,60.8499984741,186.298124995504,59.2086781288241,261734.22,671889.82,24,14,60.85
NS67SW_910,1,2_3,5.71205314862,-9999.0,-9999.0,-9999.0,60.9329986572,211.259416877217,60.0117998745913,261770.85,671884.51,20,12,60.933
NS67SW_913,1,2_3,5.11828236326,-9999.0,-9999.0,-9999.0,61.7050018311,214.160068621523,66.5724331453497,261593.62,671881.02,28,16,61.705
NS67SW_915,1,2_3,4.56944234899,-9999.0,-9999.0,-9999.0,57.7060012817,458.882891920006,167.246729069176,261363.93,671889.11,128,66,57.706
NS67SW_916,1,2_3,5.73951511813,-9999.0,-9999.0,-9999.0,61.0239982605,239.254439699283,84.508486795517,261804.54,671881.93,44,24,61.024
NS67SW_918,1,2_3,4.50802451532,-9999.0,-9999.0,-9999.0,56.8520011902,920.138032882038,257.222507301343,261492.66,671901.95,120,64,56.852
NS67SW_919,1,2_3,5.29168511852,-9999.0,-9999.0,-9999.0,57.3460006714,348.17318925907,117.283103792062,261425.69,671879.37,80,42,57.346
NS67SW_174,1,2_4,14.5910032812,-9999.0,-9999.0,-9999.0,37.7659988403,71.2083940827297,36.3311476836238,261874.48,672881.93,20,12,37.766
NS67SW_138,1,2_5,16.1666802575,-9999.0,-9999.0,-9999.0,35.2010002136,49.4611650019966,28.8812712840709,261771.03,673131.9,12,8,35.201
NS67SW_3166,1,3_0,2.03927972582,-9999.0,-9999.0,-9999.0,75.158996582,27.380452502657,21.5432394445543,261989.03,670621.35,12,8,75.159
NS67SW_3181,1,3_0,4.79636704251,-9999.0,-9999.0,-9999.0,74.7259979248,241.580168707749,94.7238696688861,261973.19,670623.26,64,34,74.726
NS67SW_3183,1,3_0,2.6824785181,-9999.0,-9999.0,-9999.0,74.1060028076,22.1259524979222,21.6840983240254,262301.06,670614.9,8,6,74.106
NS67SW_3196,1,3_0,3.90609668209,-9999.0,-9999.0,-9999.0,72.4000015259,137.758496411486,50.7712707924451,262118.36,670614.27,20,12,72.4
NS67SW_3198,1,3_0,5.14507222293,-9999.0,-9999.0,-9999.0,75.7303314209,157.394803803393,68.9404042593715,261891.95,670615.15,44,24,75.73
NS67SW_3200,1,3_0,4.9151064534,-9999.0,-9999.0,-9999.0,73.5709991455,158.417519766048,54.9870461138588,262062.55,670612.57,28,16,73.571
NS67SW_3202,1,3_0,3.83843596628,-9999.0,-9999.0,-9999.0,73.6060028076,442.656829827317,149.179082840182,262020.74,670617.28,92,46,73.606
NS67SW_3203,1,3_0,2.45782692649,-9999.0,-9999.0,-9999.0,76.2040023804,29.566346240878,22.8778748664801,261976.47,670605.0,12,8,76.204
NS67SW_3206,1,3_0,10.2059018935,-9999.0,-9999.0,-9999.0,74.4150009155,814.296675781668,201.206535034396,262384.63,670617.55,60,32,74.415
NS67SW_3210,1,3_0,10.1986612306,-9999.0,-9999.0,-9999.0,74.7760009766,811.437790675157,201.658815617531,262451.04,670617.39,60,32,74.776
NS67SW_3212,1,3_0,5.50904959127,-9999.0,-9999.0,-9999.0,76.43800354,81.1540884695437,36.1561100211686,261944.16,670603.97,12,8,76.438
NS67SW_3213,1,3_0,5.52740493282,-9999.0,-9999.0,-9999.0,75.9749984741,160.598741544762,56.1074340108613,261880.83,670605.19,28,16,75.975
NS67SW_3215,1,3_0,1.93933947675,-9999.0,-9999.0,-9999.0,70.7605819702,22.2263399982416,28.5851019525307,262194.71,670599.04,8,6,70.761
NS67SW_3218,1,3_0,2.38844192669,-9999.0,-9999.0,-9999.0,75.3470001221,24.3179100040076,20.0308201875418,262305.32,670596.15,12,8,75.347
NS67SW_3225,1,3_0,4.39153151728,-9999.0,-9999.0,-9999.0,76.4800033569,164.11884660181,66.5623012711676,261935.0,670597.74,36,20,76.48
NS67SW_3228,1,3_0,5.29374758997,-9999.0,-9999.0,-9999.0,76.6500015259,87.4670215234817,42.756556434182,261919.58,670593.56,20,12,76.65
NS67SW_3232,1,3_0,2.29568276754,-9999.0,-9999.0,-9999.0,76.3964996338,23.9608912456468,22.9728980806566,261952.55,670589.06,8,6,76.397
NS67SW_3233,1,3_0,4.53927433772,-9999.0,-9999.0,-9999.0,73.5149993896,155.262960900086,49.8821719740288,262036.21,670594.2,12,8,73.515
NS67SW_3238,1,3_0,4.16175450273,-9999.0,-9999.0,-9999.0,71.9390029907,256.371129878207,89.9417759547472,262076.21,670594.5,68,36,71.939
NS67SW_3252,1,3_0,5.22284720724,-9999.0,-9999.0,-9999.0,76.0469970703,114.445501980462,42.899074736639,261908.09,670584.36,12,8,76.047
NS67SW_3261,1,3_0,2.39284541026,-9999.0,-9999.0,-9999.0,76.3953323364,31.6378889394061,25.1185222501714,261922.84,670580.14,12,8,76.395
NS67SW_3262,1,3_0,10.2262736911,-9999.0,-9999.0,-9999.0,73.1560058594,1539.0882017493,297.92631751715,262313.06,670609.13,160,82,73.156
NS67SW_3273,1,3_0,5.09694948961,-9999.0,-9999.0,-9999.0,74.0009994507,352.706967129951,127.469831632509,261984.81,670590.32,92,48,74.001
NS67SW_3276,1,3_0,5.4106028159,-9999.0,-9999.0,-9999.0,75.1139984131,145.998376741235,48.371501446975,261954.76,670578.75,12,8,75.114
NS67SW_3277,1,3_0,3.83076158052,-9999.0,-9999.0,-9999.0,70.6999969482,299.519241923098,92.8882194279581,262154.38,670584.01,60,32,70.7
NS67SW_3282,1,3_0,5.05359522502,-9999.0,-9999.0,-9999.0,75.327003479,105.754013708346,43.4688656193683,261897.71,670575.26,20,12,75.327
NS67SW_3286,1,3_0,2.01099206297,-9999.0,-9999.0,-9999.0,74.9980010986,39.51008250471,25.2285331236594,261922.46,670569.34,12,8,74.998
NS67SW_3293,1,3_0,2.22558011142,-9999.0,-9999.0,-9999.0,75.1520004272,58.8724650021227,40.9846092509387,261906.15,670569.86,24,14,75.152
NS67SW_3294,1,3_0,4.12282009157,-9999.0,-9999.0,-9999.0,71.7890014648,309.85895136794,101.655817982955,262037.58,670574.51,68,36,71.789
NS67SW_3298,1,3_0,3.47800556081,-9999.0,-9999.0,-9999.0,70.5640029907,184.870614971786,60.1418358241563,262119.1,670569.45,28,16,70.564
NS67SW_3309,1,3_0,5.63025762739,-9999.0,-9999.0,-9999.0,72.9120025635,145.233565636298,51.5339867159058,261961.09,670564.2,20,12,72.912
NS67SW_3310,1,3_0,2.3950941514,-9999.0,-9999.0,-9999.0,71.6849975586,52.3609537585628,29.2915666736327,262028.05,670560.3,12,8,71.685
NS67SW_3311,1,3_0,3.71066892985,-9999.0,-9999.0,-9999.0,70.6399993896,771.608235742291,203.021073712938,262194.08,670584.36,116,60,70.64
NS67SW_3315,1,3_0,2.08652750651,-9999.0,-9999.0,-9999.0,71.8199996948,34.197127495411,23.4251308116439,262016.59,670555.65,12,8,71.82
NS67SW_3330,1,3_0,4.18249496272,-9999.0,-9999.0,-9999.0,71.7610015869,365.223990262181,132.371560119329,261997.9,670557.72,68,36,71.761
NS67SW_3338,1,3_0,4.47172173807,-9999.0,-9999.0,-9999.0,70.7584991455,251.506758831697,92.3454134464286,262121.01,670551.96,52,28,70.758
NS67SW_3340,1,3_0,5.07475269312,-9999.0,-9999.0,-9999.0,70.4069976807,193.423464308422,68.807097043836,262085.35,670548.27,36,20,70.407
NS67SW_3341,1,3_0,4.76405859383,-9999.0,-9999.0,-9999.0,73.0410003662,386.467454978255,146.732737755015,261919.11,670551.65,100,50,73.041
NS67SW_3350,1,3_0,4.03623236402,-9999.0,-9999.0,-9999.0,72.2399978638,286.903302871787,83.10200188699,261957.69,670543.3,52,28,72.24
NS67SW_3355,1,3_0,5.70404002614,-9999.0,-9999.0,-9999.0,73.2649993896,142.312650231643,66.8140927444219,261882.43,670539.86,28,16,73.265
NS67SW_3359,1,3_0,5.97131606908,-9999.0,-9999.0,-9999.0,72.6549987793,79.5534377946534,35.891175935589,262127.83,670533.67,12,8,72.655
NS67SW_3365,1,3_0,6.28664100818,-9999.0,-9999.0,-9999.0,71.3659973145,79.0492978286765,35.7660513476357,262092.62,670531.82,12,8,71.366
NS67SW_3373,1,3_0,3.63272618914,-9999.0,-9999.0,-9999.0,72.6370010376,150.01121428967,54.1223333649356,261923.03,670529.17,28,16,72.637
NS67SW_3379,1,3_0,4.65545396768,-9999.0,-9999.0,-9999.0,70.3850021362,267.711794330135,83.3077073927764,262061.1,670532.1,44,24,70.385
NS67SW_3385,1,3_0,5.29543704262,-9999.0,-9999.0,-9999.0,73.4570007324,101.065487611192,41.558203552965,262133.18,670523.06,12,8,73.457
NS67SW_3386,1,3_0,4.77955507685,-9999.0,-9999.0,-9999.0,73.3960037231,492.357132922346,127.953318554401,262202.94,670538.55,96,50,73.396
NS67SW_3387,1,3_0,4.27919514974,-9999.0,-9999.0,-9999.0,71.5960006714,779.305131735278,219.62279944184,262163.46,670544.38,136,70,71.596
NS67SW_3389,1,3_0,3.5535461251,-9999.0,-9999.0,-9999.0,72.8430023193,166.432786684082,61.2964104062927,261880.76,670523.75,28,16,72.843
NS67SW_3397,1,3_0,2.61917487862,-9999.0,-9999.0,-9999.0,75.8359985352,53.1563212505279,33.8650487599494,262163.82,670513.39,16,10,75.836
NS67SW_3402,1,3_0,4.57528674579,-9999.0,-9999.0,-9999.0,74.6940002441,131.829673016201,57.5612365242898,262139.58,670512.18,28,16,74.694
NS67SW_3403,1,3_0,5.8471442173,-9999.0,-9999.0,-9999.0,72.1220016479,169.440052979686,63.3269975965415,262098.55,670516.24,36,20,72.122
NS67SW_3405,1,3_0,5.17287644908,-9999.0,-9999.0,-9999.0,76.7300033569,1278.45551165692,222.857281047528,262278.65,670525.42,96,48,76.73
NS67SW_3408,1,3_0,4.22352444228,-9999.0,-9999.0,-9999.0,76.3874969482,150.801715686866,52.9587192751311,262177.8,670510.72,24,14,76.388
NS67SW_3417,1,3_0,5.94958520705,-9999.0,-9999.0,-9999.0,74.3539962769,70.8657897052363,33.8508092212236,262102.23,670500.32,12,8,74.354
NS67SW_3418,1,3_0,5.72464292477,-9999.0,-9999.0,-9999.0,75.5329971313,79.0711181030753,35.7183577809974,262137.93,670500.69,12,8,75.533
NS67SW_3424,1,3_0,5.40207860499,-9999.0,-9999.0,-9999.0,71.3649978638,82.7439340993424,39.3813412295391,261928.27,670498.39,20,12,71.365
NS67SW_3425,1,3_0,2.19506821405,-9999.0,-9999.0,-9999.0,73.6279983521,30.1769250010792,26.4267518305424,262085.61,670497.07,16,10,73.628
NS67SW_3430,1,3_0,2.26113111123,-9999.0,-9999.0,-9999.0,71.2689971924,25.7533874979126,23.2681074989143,261936.85,670495.01,8,6,71.269
NS67SW_3432,1,3_0,3.91856397731,-9999.0,-9999.0,-9999.0,79.0029983521,458.870699055894,120.099012147177,262227.12,670501.36,52,28,79.003
NS67SW_3438,1,3_0,5.15813638809,-9999.0,-9999.0,-9999.0,70.6510009766,389.483405302564,138.715662935845,262027.14,670510.25,76,42,70.651
NS67SW_3443,1,3_0,5.29599062044,-9999.0,-9999.0,-9999.0,70.6470031738,362.380857836539,110.501027708424,262066.54,670502.06,44,24,70.647
NS67SW_3459,1,3_0,5.74562637806,-9999.0,-9999.0,-9999.0,71.3679962158,83.3938006589056,38.4979451762471,262033.82,670482.4,20,12,71.368
NS67SW_3463,1,3_0,4.34727684007,-9999.0,-9999.0,-9999.0,78.4499969482,293.308589355674,103.754985416688,262179.37,670487.3,60,32,78.45
NS67SW_3467,1,3_0,2.50040549099,-9999.0,-9999.0,-9999.0,71.21900177,51.8217075025308,28.8900789224004,262018.13,670479.11,12,8,71.219
NS67SW_3470,1,3_0,5.10060181351,-9999.0,-9999.0,-9999.0,78.200668335,313.225836740646,88.3643111064187,262296.6,670483.1,44,24,78.201
NS67SW_3472,1,3_0,4.55331798476,-9999.0,-9999.0,-9999.0,77.6129989624,306.805422931823,110.652450172348,262152.7,670480.44,68,36,77.613
NS67SW_3479,1,3_0,4.16631181698,-9999.0,-9999.0,-9999.0,70.7279968262,479.312905656483,143.65263038616,261999.79,670492.04,84,44,70.728
NS67SW_3487,1,3_0,5.44002236031,-9999.0,-9999.0,-9999.0,78.8020019531,94.9541051344742,40.6669863426775,262243.91,670470.52,20,12,78.802
NS67SW_3488,1,3_0,3.97341217164,-9999.0,-9999.0,-9999.0,70.7760009766,579.60009728791,147.09152631804,261962.35,670486.13,84,44,70.776
NS67SW_3496,1,3_0,5.33715646299,-9999.0,-9999.0,-9999.0,78.3339996338,349.291019587236,104.062712157774,262272.06,670474.87,44,24,78.334
NS67SW_3500,1,3_0,3.92883786787,-9999.0,-9999.0,-9999.0,71.0550003052,398.543504265674,110.698964238594,261929.76,670475.84,60,32,71.055
NS67SW_3501,1,3_0,5.67022579293,-9999.0,-9999.0,-9999.0,78.8560028076,170.487825330377,56.1011308273988,262228.1,670466.39,28,16,78.856
NS67SW_3502,1,3_0,6.87774000967,-9999.0,-9999.0,-9999.0,78.8190002441,3617.60801281074,436.152509983915,262389.24,670502.21,152,78,78.819
NS67SW_3523,1,3_0,3.85773632961,-9999.0,-9999.0,-9999.0,71.1190032959,662.768578879879,170.194241152616,261891.29,670473.88,96,50,71.119
NS67SW_3524,1,3_0,5.93567944158,-9999.0,-9999.0,-9999.0,78.6569976807,172.804037494648,60.2316813890642,262211.66,670459.18,28,16,78.657
NS67SW_3528,1,3_0,6.26265449381,-9999.0,-9999.0,-9999.0,73.2229995728,137.272352128749,49.8235586993004,262057.92,670455.15,20,12,73.223
NS67SW_3543,1,3_0,5.76356531073,-9999.0,-9999.0,-9999.0,72.4436645508,168.198114437298,59.4822841567114,262042.62,670450.94,36,20,72.444
NS67SW_3544,1,3_0,4.44757020691,-9999.0,-9999.0,-9999.0,72.9260025024,369.33657836143,96.5604164056525,262080.07,670455.79,48,26,72.926
NS67SW_3551,1,3_0,5.08182921905,-9999.0,-9999.0,-9999.0,72.0029983521,205.480574241203,81.2068149936991,262022.33,670447.76,44,24,72.003
NS67SW_3556,1,3_0,2.50383078493,-9999.0,-9999.0,-9999.0,76.5210037231,106.689862503789,43.9240224131711,262096.5,670444.61,24,14,76.521
NS67SW_3560,1,3_0,5.35363604402,-9999.0,-9999.0,-9999.0,71.875,96.1065456694714,43.0559074122935,262006.04,670444.42,20,12,71.875
NS67SW_3569,1,3_0,4.6735945825,-9999.0,-9999.0,-9999.0,76.9209976196,504.982278076371,134.489280061802,262116.41,670454.82,72,38,76.921
NS67SW_3571,1,3_0,2.7228272919,-9999.0,-9999.0,-9999.0,76.0400009155,31.3910174978562,23.372431981384,262078.58,670436.44,12,8,76.04
NS67SW_3578,1,3_0,4.11890439706,-9999.0,-9999.0,-9999.0,77.138999939,304.503295810417,120.490551454341,262189.38,670446.03,44,24,77.139
NS67SW_3580,1,3_0,5.01463824844,-9999.0,-9999.0,-9999.0,71.8069992065,392.902996037129,107.863984282088,261982.24,670438.08,60,32,71.807
NS67SW_3587,1,3_0,5.30353845467,-9999.0,-9999.0,-9999.0,72.0830001831,86.9245351173684,41.1761295048378,261940.43,670431.82,28,16,72.083
NS67SW_3588,1,3_0,5.19570274353,-9999.0,-9999.0,-9999.0,77.3229980469,94.6602636485118,41.8712986275372,262121.58,670430.0,20,12,77.323
NS67SW_3595,1,3_0,2.42344413044,-9999.0,-9999.0,-9999.0,73.5869979858,36.0644062474603,24.0505025182716,262277.07,670426.61,12,8,73.587
NS67SW_3599,1,3_0,2.13423820164,-9999.0,-9999.0,-9999.0,76.452003479,27.0656099997984,24.7606703660246,262103.84,670425.15,8,6,76.452
NS67SW_3605,1,3_0,2.43729019165,-9999.0,-9999.0,-9999.0,73.6179962158,67.1406400177865,32.872756331133,262295.71,670423.91,12,8,73.618
NS67SW_3610,1,3_0,4.88053960553,-9999.0,-9999.0,-9999.0,71.5640029907,675.404533936549,206.304251242031,261905.42,670428.06,124,64,71.564
NS67SW_3615,1,3_0,4.95908433838,-9999.0,-9999.0,-9999.0,74.2919998169,166.288180496701,78.2405816232756,262249.24,670422.46,48,26,74.292
NS67SW_3616,1,3_0,2.32221546004,-9999.0,-9999.0,-9999.0,72.2350006104,33.4890750025168,24.7303535689538,261972.55,670418.55,12,8,72.235
NS67SW_3617,1,3_0,4.32194867201,-9999.0,-9999.0,-9999.0,73.1859970093,187.737928520783,55.5645987240462,262426.96,670423.6,24,14,73.186
NS67SW_3622,1,3_0,2.04068402423,-9999.0,-9999.0,-9999.0,73.2644958496,39.6597300012793,25.6850073250124,262400.13,670418.17,12,8,73.264
NS67SW_3623,1,3_0,1.97480111594,-9999.0,-9999.0,-9999.0,71.9810028076,26.435407496949,21.9625158012492,262026.33,670416.9,12,8,71.981
NS67SW_3634,1,3_0,6.12107422531,-9999.0,-9999.0,-9999.0,72.9800033569,117.439128710408,43.5558305046406,262322.0,670416.15,12,8,72.98
NS67SW_3635,1,3_0,5.03393665977,-9999.0,-9999.0,-9999.0,72.9030838013,153.953019984254,62.0378995799843,262336.34,670419.4,28,16,72.903
NS67SW_3636,1,3_0,2.29789090711,-9999.0,-9999.0,-9999.0,71.6439971924,44.2257149905159,26.6795112083175,261876.06,670413.94,12,8,71.644
NS67SW_3638,1,3_0,2.33334938539,-9999.0,-9999.0,-9999.0,72.2180023193,56.7843337486712,31.0293947087872,261946.1,670414.2,12,8,72.218
NS67SW_3639,1,3_0,5.55923673568,-9999.0,-9999.0,-9999.0,72.7900009155,122.846482771825,44.4377955880274,262354.71,670415.47,12,8,72.79
NS67SW_3642,1,3_0,4.79892689897,-9999.0,-9999.0,-9999.0,73.1380004883,190.84531794012,78.532122218205,262308.43,670418.53,52,28,73.138
NS67SW_3644,1,3_0,4.88523251943,-9999.0,-9999.0,-9999.0,73.6259994507,654.877368642179,200.857401080605,262072.49,670422.0,116,60,73.626
NS67SW_3645,1,3_0,4.99466265289,-9999.0,-9999.0,-9999.0,74.3860015869,373.822347364431,110.382554399062,262219.44,670419.03,60,32,74.386
NS67SW_3647,1,3_0,5.50957533029,-9999.0,-9999.0,-9999.0,73.1139984131,131.396044239885,47.2734935813056,262414.84,670413.84,20,12,73.114
NS67SW_3648,1,3_0,5.44145044249,-9999.0,-9999.0,-9999.0,72.8909988403,87.4434149859428,40.8726826982862,262290.05,670412.37,20,12,72.891
NS67SW_3649,1,3_0,4.90809984905,-9999.0,-9999.0,-9999.0,73.1660003662,106.929100258441,44.2682159775024,262250.84,670410.22,20,12,73.166
NS67SW_3654,1,3_0,6.22847954702,-9999.0,-9999.0,-9999.0,72.2770004272,151.116916125698,53.0281503245267,262038.43,670409.92,20,12,72.277
NS67SW_3655,1,3_0,5.15165242662,-9999.0,-9999.0,-9999.0,72.5400009155,141.011947496165,54.0780133659602,262371.14,670410.81,28,16,72.54
NS67SW_3662,1,3_0,4.95437168729,-9999.0,-9999.0,-9999.0,72.8430023193,107.788636177879,47.8123541316756,262463.15,670408.0,36,20,72.843
NS67SW_3666,1,3_0,2.30408451921,-9999.0,-9999.0,-9999.0,72.4879989624,94.561724277981,42.5515822535468,262385.89,670406.89,20,12,72.488
NS67SW_3669,1,3_0,5.34963430207,-9999.0,-9999.0,-9999.0,71.3860015869,210.990459794788,68.3208442736235,262016.41,670406.55,44,24,71.386
NS67SW_3670,1,3_0,2.23395445719,-9999.0,-9999.0,-9999.0,73.5650024414,45.8492924996325,27.2220285718249,262203.09,670401.9,12,8,73.565
NS67SW_3671,1,3_0,5.16608115572,-9999.0,-9999.0,-9999.0,72.5404968262,105.339572865804,43.0740117938728,262279.06,670405.84,12,8,72.54
NS67SW_3676,1,3_0,2.38165552476,-9999.0,-9999.0,-9999.0,71.6210021973,21.687251248035,22.2417143415634,261925.66,670400.89,8,6,71.621
NS67SW_3677,1,3_0,5.73578577762,-9999.0,-9999.0,-9999.0,71.0599975586,136.855196377449,50.424805646817,261998.34,670404.87,20,12,71.06
NS67SW_3681,1,3_0,6.2549590071,-9999.0,-9999.0,-9999.0,72.6179962158,99.8875504157483,40.0878702989709,262403.63,670402.71,12,8,72.618
NS67SW_3682,1,3_0,4.72628571387,-9999.0,-9999.0,-9999.0,71.2170028687,196.458879765864,83.9311397641587,261982.5,670407.3,56,30,71.217
NS67SW_3688,1,3_0,5.82486013602,-9999.0,-9999.0,-9999.0,73.8489990234,821.17424593436,170.327605994982,262162.95,670424.19,60,32,73.849
NS67SW_3699,1,3_0,5.26923800737,-9999.0,-9999.0,-9999.0,72.6480026245,91.0962265391169,38.8510406125067,262213.94,670396.96,12,8,72.648
NS67SW_3701,1,3_0,5.56755896418,-9999.0,-9999.0,-9999.0,72.7440032959,117.857765196736,43.4418617275378,262452.86,670397.64,12,8,72.744
NS67SW_3705,1,3_0,5.34570669902,-9999.0,-9999.0,-9999.0,71.9479980469,160.385453667095,56.1509780067688,262250.15,670397.21,36,20,71.948
NS67SW_3706,1,3_0,2.24514684677,-9999.0,-9999.0,-9999.0,72.9739990234,22.1355562483383,21.4831142506106,262465.47,670390.91,8,6,72.974
NS67SW_3720,1,3_0,5.96823663344,-9999.0,-9999.0,-9999.0,72.3069992065,113.028722073859,42.7573043110539,262392.76,670392.17,12,8,72.307
NS67SW_3722,1,3_0,5.31771258567,-9999.0,-9999.0,-9999.0,71.202003479,301.60432138417,106.377688104285,261941.04,670394.26,64,36,71.202
NS67SW_3726,1,3_0,3.83209581623,-9999.0,-9999.0,-9999.0,70.9589996338,138.525952015641,50.8803846940892,261917.87,670390.97,20,12,70.959
NS67SW_3729,1,3_0,5.07701696668,-9999.0,-9999.0,-9999.0,71.78099823,102.015930863321,43.0899111613022,262218.07,670388.05,12,8,71.781
NS67SW_3735,1,3_0,6.68265537534,-9999.0,-9999.0,-9999.0,72.7180023193,143.738926845874,48.7161231688921,262083.15,670387.24,12,8,72.718
NS67SW_3738,1,3_0,6.079244543,-9999.0,-9999.0,-9999.0,72.5889968872,104.794180742238,41.0862262302133,262441.79,670386.79,12,8,72.589
NS67SW_3743,1,3_0,3.04540153888,-9999.0,-9999.0,-9999.0,72.1800003052,36.7983300064856,25.6016261609029,262111.14,670383.11,12,8,72.18
NS67SW_3748,1,3_0,6.84679497028,-9999.0,-9999.0,-9999.0,71.4069824219,147.102242747506,51.8603824502287,262064.39,670383.92,20,12,71.407
NS67SW_3750,1,3_0,6.14091722021,-9999.0,-9999.0,-9999.0,72.1380004883,178.638850468278,71.2220376558436,262099.54,670386.87,36,20,72.138
NS67SW_3752,1,3_0,2.31339292598,-9999.0,-9999.0,-9999.0,73.0039978027,35.3659646553333,25.915411485254,262459.3,670380.0,12,8,73.004
NS67SW_3761,1,3_0,6.0066140378,-9999.0,-9999.0,-9999.0,72.0690002441,143.564208203572,49.4604154802323,262347.82,670381.27,20,12,72.069
NS67SW_3762,1,3_0,4.27251439391,-9999.0,-9999.0,-9999.0,69.6989974976,543.893621762384,138.106154953167,261891.1,670386.17,76,40,69.699
NS67SW_3763,1,3_0,6.75485155659,-9999.0,-9999.0,-9999.0,71.1070022583,109.639539592443,42.1134767987717,262046.64,670378.57,12,8,71.107
NS67SW_3764,1,3_0,5.35574689056,-9999.0,-9999.0,-9999.0,72.5490036011,140.512267752774,49.5022628713007,262429.14,670380.49,20,12,72.549
NS67SW_3765,1,3_0,3.13180456269,-9999.0,-9999.0,-9999.0,69.4664306641,25.214220004506,23.3804085018004,262076.43,670375.35,8,6,69.466
NS67SW_3766,1,3_0,5.82001183595,-9999.0,-9999.0,-9999.0,71.9250030518,77.894513847512,35.4790351028853,262334.47,670378.01,12,8,71.925
NS67SW_3770,1,3_0,4.77722802392,-9999.0,-9999.0,-9999.0,71.8840026855,195.839762052962,56.109462957334,262301.19,670379.32,12,8,71.884
NS67SW_3771,1,3_0,4.89795130507,-9999.0,-9999.0,-9999.0,71.7539978027,388.05886009845,132.645766734763,262134.29,670387.53,84,44,71.754
NS67SW_3772,1,3_0,6.28811062661,-9999.0,-9999.0,-9999.0,71.1289978027,117.529252189958,46.692504776809,262188.45,670376.51,20,12,71.129
NS67SW_3774,1,3_0,6.26934471426,-9999.0,-9999.0,-9999.0,70.6689987183,98.6427478015774,41.4477005286687,262033.42,670374.17,20,12,70.669
NS67SW_3775,1,3_0,5.79745932988,-9999.0,-9999.0,-9999.0,71.2610015869,99.6112626080372,40.0142142485977,262173.87,670374.81,12,8,71.261
NS67SW_3788,1,3_0,2.39098805019,-9999.0,-9999.0,-9999.0,70.56199646,21.9146362496191,23.4927477199274,262054.63,670368.71,8,6,70.562
NS67SW_3793,1,3_0,2.3140394184,-9999.0,-9999.0,-9999.0,70.7040023804,21.0669562463728,21.8592004157671,262041.6,670368.11,8,6,70.704
NS67SW_3795,1,3_0,5.97653321466,-9999.0,-9999.0,-9999.0,72.5009994507,73.2693360390119,34.4676164511552,262420.85,670369.54,12,8,72.501
NS67SW_3797,1,3_0,4.59207879552,-9999.0,-9999.0,-9999.0,72.2289962769,280.973624985845,104.503178496796,262370.1,670374.77,60,32,72.229
NS67SW_3804,1,3_0,2.84226036681,-9999.0,-9999.0,-9999.0,70.6230010986,83.7461746991128,36.672128886194,262103.51,670364.08,12,8,70.623
NS67SW_3805,1,3_0,5.05708693601,-9999.0,-9999.0,-9999.0,71.1200027466,112.733430637138,42.6299723199577,262259.48,670364.76,12,8,71.12
NS67SW_3806,1,3_0,2.27083868451,-9999.0,-9999.0,-9999.0,72.6480026245,75.4128484623929,41.3136545147025,262432.58,670365.28,28,16,72.648
NS67SW_3813,1,3_0,2.29239341004,-9999.0,-9999.0,-9999.0,72.797996521,21.4861950002237,23.4322155286635,262469.44,670358.92,8,6,72.798
NS67SW_3819,1,3_0,2.45960998535,-9999.0,-9999.0,-9999.0,70.3949966431,23.6551912505451,22.9783552079935,261989.75,670357.61,8,6,70.395
NS67SW_3822,1,3_0,4.70367966299,-9999.0,-9999.0,-9999.0,70.5019989014,167.136854347953,57.218990198844,262142.6,670361.76,28,16,70.502
NS67SW_3824,1,3_0,4.66321973171,-9999.0,-9999.0,-9999.0,71.3280029297,423.707879279582,169.928796763524,262290.89,670366.03,116,60,71.328
NS67SW_3826,1,3_0,2.11816775144,-9999.0,-9999.0,-9999.0,72.8690032959,26.7214912523083,24.2176761913149,262374.72,670356.52,8,6,72.869
NS67SW_3831,1,3_0,5.4755408264,-9999.0,-9999.0,-9999.0,70.9390029907,140.395594120225,52.8588161526683,262244.23,670359.57,36,20,70.939
NS67SW_3835,1,3_0,4.69531152819,-9999.0,-9999.0,-9999.0,70.3229980469,140.300380374964,62.6522419101163,261970.87,670361.48,36,20,70.323
NS67SW_3837,1,3_0,6.17474917407,-9999.0,-9999.0,-9999.0,70.7900009155,112.249816504832,42.6315675769584,262226.95,670355.66,12,8,70.79
NS67SW_3841,1,3_0,2.23589896014,-9999.0,-9999.0,-9999.0,69.608001709,91.8774343555387,41.2028866349952,262036.63,670355.06,20,12,69.608
NS67SW_3842,1,3_0,2.69886514617,-9999.0,-9999.0,-9999.0,72.5699996948,41.9070224996701,25.9080663218605,262298.66,670352.51,12,8,72.57
NS67SW_3845,1,3_0,4.8593061353,-9999.0,-9999.0,-9999.0,72.8870010376,163.068376096511,55.6071286822889,262385.31,670355.93,28,16,72.887
NS67SW_3851,1,3_0,1.86664386824,-9999.0,-9999.0,-9999.0,69.1380004883,31.1865374996768,29.5268734628252,262064.81,670351.12,20,12,69.138
NS67SW_3863,1,3_0,4.88564926347,-9999.0,-9999.0,-9999.0,72.7050018311,318.186506613593,124.591907830128,262445.26,670356.12,68,36,72.705
NS67SW_3864,1,3_0,6.19732893169,-9999.0,-9999.0,-9999.0,68.2089996338,78.1090654981407,35.5768565546904,261879.08,670349.38,12,8,68.209
NS67SW_3867,1,3_0,5.42356988412,-9999.0,-9999.0,-9999.0,68.93800354,140.566418343203,52.8121716030551,262091.37,670350.77,36,20,68.938
NS67SW_3871,1,3_0,6.07155692932,-9999.0,-9999.0,-9999.0,70.4639968872,114.983658795351,43.0120209000823,262194.08,670348.42,12,8,70.464
NS67SW_3876,1,3_0,4.68332027961,-9999.0,-9999.0,-9999.0,72.7289962769,132.823883639406,63.9205005052049,262471.79,670349.66,28,16,72.729
NS67SW_3879,1,3_0,5.75421848297,-9999.0,-9999.0,-9999.0,68.1600036621,295.92425596107,87.9241303499301,261897.92,670349.33,48,26,68.16
NS67SW_3880,1,3_0,4.95324321356,-9999.0,-9999.0,-9999.0,69.2549972534,468.83246607568,132.275166203706,261948.23,670355.49,68,36,69.255
NS67SW_3881,1,3_0,3.99581983659,-9999.0,-9999.0,-9999.0,70.5540008545,210.535476079597,72.1058045242723,262214.93,670348.88,36,20,70.554
NS67SW_3882,1,3_0,6.04250938094,-9999.0,-9999.0,-9999.0,72.6650009155,127.371052143219,48.7102125660469,262309.74,670347.58,28,16,72.665
NS67SW_3889,1,3_0,4.6735613994,-9999.0,-9999.0,-9999.0,68.9049987793,534.937967099194,165.847686847771,261994.26,670357.7,100,52,68.905
NS67SW_3891,1,3_0,5.14223122386,-9999.0,-9999.0,-9999.0,69.7620010376,115.286770446508,43.0348384593078,262149.62,670345.74,12,8,69.762
NS67SW_3893,1,3_0,4.66674795882,-9999.0,-9999.0,-9999.0,72.9280014038,311.904456221032,122.09545645822,262347.85,670350.98,60,32,72.928
NS67SW_3897,1,3_0,5.96367023416,-9999.0,-9999.0,-9999.0,72.7419967651,73.6362833270547,34.5700466250445,262480.39,670343.17,12,8,72.742
NS67SW_3900,1,3_0,2.48730126852,-9999.0,-9999.0,-9999.0,74.2819976807,61.830708757281,32.3775885795026,262362.11,670340.25,12,8,74.282
NS67SW_3904,1,3_0,5.30822475872,-9999.0,-9999.0,-9999.0,68.0790023804,122.317200931474,44.2701778121922,262076.09,670342.35,12,8,68.079
NS67SW_3905,1,3_0,5.50797774401,-9999.0,-9999.0,-9999.0,70.3320007324,79.8575843530077,35.8359387104714,262182.43,670340.64,12,8,70.332
NS67SW_3906,1,3_0,5.22199714375,-9999.0,-9999.0,-9999.0,73.2829971313,144.989979383577,51.8283511032251,262398.12,670344.21,20,12,73.283
NS67SW_3913,1,3_0,2.26711767998,-9999.0,-9999.0,-9999.0,73.6819992065,70.5454551149103,34.3253961960637,262383.8,670339.93,12,8,73.682
NS67SW_3919,1,3_0,2.05974373994,-9999.0,-9999.0,-9999.0,69.6940002441,55.2058199992841,30.0171281922915,262141.97,670335.71,12,8,69.694
NS67SW_3921,1,3_0,1.98965260339,-9999.0,-9999.0,-9999.0,70.7099990845,49.6977787547878,29.2018659739024,262205.8,670337.51,12,8,70.71
NS67SW_3923,1,3_0,5.79269103332,-9999.0,-9999.0,-9999.0,73.1009979248,116.00049221562,43.1473038802345,262411.03,670337.64,12,8,73.101
NS67SW_3928,1,3_0,4.50885245404,-9999.0,-9999.0,-9999.0,68.033996582,120.301179185512,63.1412060572334,261941.52,670334.18,36,20,68.034
NS67SW_3934,1,3_0,5.53834960753,-9999.0,-9999.0,-9999.0,68.5543289185,173.613770561884,66.7586957508688,262116.19,670338.98,36,20,68.554
NS67SW_3935,1,3_0,4.82578931536,-9999.0,-9999.0,-9999.0,73.5449981689,136.369006424338,50.6940011168137,262284.57,670335.74,20,12,73.545
NS67SW_3937,1,3_0,4.88120300002,-9999.0,-9999.0,-9999.0,67.375,348.446087656327,123.126309635951,262050.49,670337.89,72,38,67.375
NS67SW_3938,1,3_0,5.93565709138,-9999.0,-9999.0,-9999.0,74.3470001221,92.9590784166627,43.2715852374653,262353.77,670331.81,20,12,74.347
NS67SW_3940,1,3_0,5.95328258523,-9999.0,-9999.0,-9999.0,73.7539978027,109.33294026575,41.9446901105501,262313.77,670333.12,12,8,73.754
NS67SW_3941,1,3_0,2.3943366509,-9999.0,-9999.0,-9999.0,67.6809997559,23.0254649962549,23.2915294094746,261935.99,670328.7,8,6,67.681
NS67SW_3950,1,3_0,2.37678544786,-9999.0,-9999.0,-9999.0,73.7770004272,57.7161787506761,30.6103042903841,262395.18,670327.76,12,8,73.777
NS67SW_3952,1,3_0,6.1857696805,-9999.0,-9999.0,-9999.0,73.5120010376,102.974771048457,40.6868358533161,262422.87,670328.51,12,8,73.512
NS67SW_3956,1,3_0,5.29888250661,-9999.0,-9999.0,-9999.0,67.5459976196,154.339525847193,62.5458784856464,262007.44,670330.51,36,20,67.546
NS67SW_3957,1,3_0,2.07644897852,-9999.0,-9999.0,-9999.0,72.6463317871,21.4928978091825,22.3541007149187,262210.22,670325.46,12,8,72.646
NS67SW_3959,1,3_0,5.68846378735,-9999.0,-9999.0,-9999.0,69.5800018311,131.20324611064,46.9230291867538,262154.85,670328.77,12,8,69.58
NS67SW_3960,1,3_0,5.21911434955,-9999.0,-9999.0,-9999.0,73.625,173.19245159146,55.1341852773769,262270.48,670328.98,20,12,73.625
NS67SW_3966,1,3_0,5.3270158073,-9999.0,-9999.0,-9999.0,73.3000030518,157.304547361344,50.2648795701335,262252.43,670324.65,12,8,73.3
NS67SW_3971,1,3_0,2.39468007406,-9999.0,-9999.0,-9999.0,69.9810028076,38.9517074974728,26.4129724909167,262156.41,670317.75,12,8,69.981
NS67SW_3978,1,3_0,2.29173296347,-9999.0,-9999.0,-9999.0,66.9209976196,48.3730275004757,33.1512629575544,261880.76,670316.74,24,14,66.921
NS67SW_3979,1,3_0,5.49934280651,-9999.0,-9999.0,-9999.0,73.0759963989,144.459705888773,50.8641533204477,262236.47,670319.1,36,20,73.076
NS67SW_3985,1,3_0,6.4688632425,-9999.0,-9999.0,-9999.0,66.4189987183,115.937443474232,46.2032060837907,262012.61,670316.42,28,16,66.419
NS67SW_3989,1,3_0,4.93809366006,-9999.0,-9999.0,-9999.0,66.7850036621,279.094933503457,73.9710688033233,261898.91,670321.38,28,16,66.785
NS67SW_3990,1,3_0,5.67022359212,-9999.0,-9999.0,-9999.0,66.5790023804,134.098053850143,49.2678738795663,261935.14,670316.41,20,12,66.579
NS67SW_3991,1,3_0,4.37513779283,-9999.0,-9999.0,-9999.0,72.9349975586,176.489394793138,58.0189891316657,262219.91,670315.26,36,20,72.935
NS67SW_3993,1,3_0,2.11860635978,-9999.0,-9999.0,-9999.0,66.3079986572,37.8602624987263,24.9117001604454,261964.54,670310.66,12,8,66.308
NS67SW_3997,1,3_0,4.50972776197,-9999.0,-9999.0,-9999.0,66.5210037231,158.028227205879,50.5449859456711,262085.96,670311.86,12,8,66.521
NS67SW_3998,1,3_0,5.04702779705,-9999.0,-9999.0,-9999.0,67.3349990845,203.360750750233,77.876226114187,262105.34,670314.05,52,28,67.335
NS67SW_4001,1,3_0,4.38087972674,-9999.0,-9999.0,-9999.0,70.7580032349,301.674090885737,88.7288039032407,262193.3,670316.78,52,28,70.758
NS67SW_4008,1,3_0,5.35805310792,-9999.0,-9999.0,-9999.0,65.9359970093,112.726716126411,42.6504168307392,262069.61,670308.52,12,8,65.936
NS67SW_4011,1,3_0,5.72014338333,-9999.0,-9999.0,-9999.0,76.3229980469,86.9824840932032,40.2210136227995,262361.25,670306.42,28,16,76.323
NS67SW_4013,1,3_0,2.11374653561,-9999.0,-9999.0,-9999.0,67.0559997559,38.1526874974901,25.1406542084024,262097.18,670303.46,12,8,67.056
NS67SW_4015,1,3_0,4.76949180687,-9999.0,-9999.0,-9999.0,73.4700012207,503.550291946506,201.090242004088,262451.98,670313.03,124,64,73.47
NS67SW_4017,1,3_0,2.25298386586,-9999.0,-9999.0,-9999.0,76.5950012207,22.853474996676,22.7044655977562,262372.53,670302.64,8,6,76.595
NS67SW_4026,1,3_0,4.39339584248,-9999.0,-9999.0,-9999.0,66.1890029907,188.108281912233,60.3124323265126,261948.72,670306.36,28,16,66.189
NS67SW_4032,1,3_0,2.31125727356,-9999.0,-9999.0,-9999.0,66.1549987793,63.8121187477638,33.017437377025,262080.55,670300.46,16,10,66.155
NS67SW_4033,1,3_0,6.26001347133,-9999.0,-9999.0,-9999.0,70.4020004272,73.195330771271,34.4119840082733,262162.79,670300.03,12,8,70.402
NS67SW_4036,1,3_0,5.55689169231,-9999.0,-9999.0,-9999.0,66.5,138.83188705514,48.7894388378208,261886.66,670302.68,20,12,66.5
NS67SW_4039,1,3_0,3.98494601717,-9999.0,-9999.0,-9999.0,65.5999984741,217.360055058861,88.6738278006922,262009.09,670301.58,44,24,65.6
NS67SW_4044,1,3_0,5.62815602143,-9999.0,-9999.0,-9999.0,65.4869995117,139.922744375699,50.4483564474081,262053.46,670300.32,20,12,65.487
NS67SW_4047,1,3_0,2.20849108142,-9999.0,-9999.0,-9999.0,65.6139984131,45.1905262560616,26.9490074598412,262064.7,670296.34,12,8,65.614
NS67SW_4051,1,3_0,5.69794395399,-9999.0,-9999.0,-9999.0,76.7429962158,82.2325035993144,38.9988890608036,262325.52,670295.42,20,12,76.743
NS67SW_4060,1,3_0,4.22991202407,-9999.0,-9999.0,-9999.0,69.4270019531,184.929713927097,70.2957508370768,262147.12,670295.88,36,20,69.427
NS67SW_4063,1,3_0,2.16012786416,-9999.0,-9999.0,-9999.0,65.4270019531,34.2198449980568,23.4259134122046,262010.79,670289.66,12,8,65.427
NS67SW_4072,1,3_0,6.27030399664,-9999.0,-9999.0,-9999.0,76.8740005493,139.232414986554,47.6177709263271,262363.28,670291.09,12,8,76.874
NS67SW_4074,1,3_0,4.22660243209,-9999.0,-9999.0,-9999.0,68.4179992676,170.73438713138,71.0389201118163,262130.68,670291.32,44,24,68.418
NS67SW_4078,1,3_0,5.58687998551,-9999.0,-9999.0,-9999.0,66.138999939,136.507304842368,48.8462515867799,261877.44,670289.03,20,12,66.139
NS67SW_4079,1,3_0,2.31447387372,-9999.0,-9999.0,-9999.0,77.48387146,50.2923112529785,28.4925944284151,262378.92,670285.72,12,8,77.484
NS67SW_4081,1,3_0,2.1514843781,-9999.0,-9999.0,-9999.0,64.908996582,52.0268437422146,28.8753484637399,262055.39,670285.24,12,8,64.909
NS67SW_4085,1,3_0,4.00675827276,-9999.0,-9999.0,-9999.0,65.7549972534,428.277394395895,148.878204183675,261969.6,670293.57,84,44,65.755
NS67SW_4087,1,3_0,2.11456760607,-9999.0,-9999.0,-9999.0,64.9563369751,60.5513287488724,37.6992211723328,262071.87,670283.96,20,12,64.956
NS67SW_4088,1,3_0,5.52718073742,-9999.0,-9999.0,-9999.0,73.1529998779,216.561035400913,75.5504133456436,262206.48,670288.77,44,24,73.153
NS67SW_4090,1,3_0,4.63425620657,-9999.0,-9999.0,-9999.0,65.0930023193,144.529722486201,51.5072391826575,262021.35,670285.32,20,12,65.093
NS67SW_4091,1,3_0,4.53371665865,-9999.0,-9999.0,-9999.0,67.71900177,152.325672904561,52.1427505536154,262118.72,670285.73,20,12,67.719
NS67SW_4094,1,3_0,3.69679715406,-9999.0,-9999.0,-9999.0,66.5100021362,106.659177873937,57.8713772370292,262104.27,670285.69,36,20,66.51
NS67SW_4098,1,3_0,6.18258342337,-9999.0,-9999.0,-9999.0,77.2829971313,118.52336468704,43.7796016226453,262331.24,670282.42,12,8,77.283
NS67SW_4117,1,3_0,5.08694328338,-9999.0,-9999.0,-9999.0,76.8089981079,129.224403124463,55.3008082954217,262436.5,670276.94,32,18,76.809
NS67SW_4121,1,3_0,4.05406024159,-9999.0,-9999.0,-9999.0,64.8789978027,285.918808819944,98.6160038616059,262088.01,670281.08,56,30,64.879
NS67SW_4122,1,3_0,5.39876631367,-9999.0,-9999.0,-9999.0,77.0920028687,93.0766487219658,42.0922558862751,262426.31,670273.9,20,12,77.092
NS67SW_4123,1,3_0,5.87985676683,-9999.0,-9999.0,-9999.0,76.7480010986,135.676599605842,49.8109157935918,262285.89,670272.88,20,12,76.748
NS67SW_4126,1,3_0,5.71631149958,-9999.0,-9999.0,-9999.0,77.8310012817,156.063271564643,54.4849947247014,262366.13,670272.97,36,20,77.831
NS67SW_4127,1,3_0,4.5379188791,-9999.0,-9999.0,-9999.0,64.5199966431,141.675790677071,47.6873922460608,262066.51,670271.76,12,8,64.52
NS67SW_4128,1,3_0,4.6353805455,-9999.0,-9999.0,-9999.0,65.8560028076,134.097285783655,49.2364807053712,261940.26,670272.07,20,12,65.856
NS67SW_4130,1,3_0,6.49063263999,-9999.0,-9999.0,-9999.0,76.5780029297,108.912452826711,42.0056008970596,262269.08,670269.34,12,8,76.578
NS67SW_4137,1,3_0,4.07653670945,-9999.0,-9999.0,-9999.0,76.9420013428,182.933326775839,68.6659668976236,262300.55,670272.57,44,24,76.942
NS67SW_4141,1,3_0,6.3206655657,-9999.0,-9999.0,-9999.0,71.8339996338,77.387084994612,34.3833052331715,262170.77,670267.09,16,10,71.834
NS67SW_4144,1,3_0,5.3017039074,-9999.0,-9999.0,-9999.0,77.9515686035,169.819322124567,57.9342761094678,262332.93,670266.54,28,16,77.952
NS67SW_4146,1,3_0,2.50799789429,-9999.0,-9999.0,-9999.0,65.5189971924,37.5552487469332,24.9177619916722,261993.88,670263.26,12,8,65.519
NS67SW_4147,1,3_0,2.33335673014,-9999.0,-9999.0,-9999.0,70.9639968872,25.7079300016008,23.9702109157603,262154.07,670263.45,8,6,70.964
NS67SW_4150,1,3_0,3.62824101936,-9999.0,-9999.0,-9999.0,65.6500015259,252.979984948575,110.168997272558,261982.04,670270.84,80,44,65.65
NS67SW_4153,1,3_0,6.08672016753,-9999.0,-9999.0,-9999.0,76.2080001831,127.239635988158,47.5470941307136,262252.66,670263.68,20,12,76.208
NS67SW_4156,1,3_0,2.52591308089,-9999.0,-9999.0,-9999.0,77.6370010376,33.5120173734347,27.9989720914737,262278.7,670260.12,8,6,77.637
NS67SW_4160,1,3_0,5.23507429739,-9999.0,-9999.0,-9999.0,76.4189987183,161.47606858207,54.2663431691172,262454.15,670263.83,20,12,76.419
NS67SW_4166,1,3_0,2.02896947639,-9999.0,-9999.0,-9999.0,77.3479995728,45.1059599992763,26.9130593040259,262262.95,670257.56,12,8,77.348
NS67SW_4167,1,3_0,4.40474190609,-9999.0,-9999.0,-9999.0,65.9729995728,153.117042008662,50.748138210826,261951.62,670261.59,20,12,65.973
NS67SW_4171,1,3_0,5.43489837646,-9999.0,-9999.0,-9999.0,64.3059997559,151.51846652193,49.2494673268719,262032.91,670260.63,12,8,64.306
NS67SW_4173,1,3_0,5.76556060409,-9999.0,-9999.0,-9999.0,69.7817993164,122.871893336029,59.2593001965529,262147.19,670259.08,28,16,69.782
NS67SW_4174,1,3_0,1.86556880382,-9999.0,-9999.0,-9999.0,78.5849990845,48.6946687445009,28.4115407639405,262327.63,670255.24,12,8,78.585
NS67SW_4175,1,3_0,4.71797055059,-9999.0,-9999.0,-9999.0,75.9499969482,142.864300767358,48.9086837270793,262237.18,670257.56,20,12,75.95
NS67SW_4176,1,3_0,4.47955304326,-9999.0,-9999.0,-9999.0,65.7115020752,616.401815583042,162.345882867409,261904.51,670272.52,76,40,65.712
NS67SW_4178,1,3_0,2.97818959843,-9999.0,-9999.0,-9999.0,65.9410018921,46.3193520523683,28.1677277046868,261959.99,670254.21,12,8,65.941
NS67SW_4179,1,3_0,5.25589512932,-9999.0,-9999.0,-9999.0,78.5110015869,128.718738362745,49.1302203595564,262369.49,670255.97,28,16,78.511
NS67SW_4183,1,3_0,5.05765817197,-9999.0,-9999.0,-9999.0,68.591003418,133.723816262207,48.0897991337671,262129.66,670255.39,20,12,68.591
NS67SW_4185,1,3_0,6.18248745138,-9999.0,-9999.0,-9999.0,72.7139968872,107.98295358534,43.6227919856328,262177.27,670254.57,20,12,72.714
NS67SW_4192,1,3_0,1.98558307004,-9999.0,-9999.0,-9999.0,77.3570022583,41.0495700005375,28.3644724873984,262247.6,670251.3,12,8,77.357
NS67SW_4193,1,3_0,5.1382971289,-9999.0,-9999.0,-9999.0,77.9400024414,111.11641769212,44.5868503446038,262410.97,670252.45,20,12,77.94
NS67SW_4196,1,3_0,2.67563400269,-9999.0,-9999.0,-9999.0,71.7756652832,23.9478299965742,22.9626204877618,262156.97,670248.0,8,6,71.776
NS67SW_4200,1,3_0,5.46350660962,-9999.0,-9999.0,-9999.0,78.4580001831,125.94327820678,45.0601987958307,262338.72,670250.68,12,8,78.458
NS67SW_4203,1,3_0,5.83926977009,-9999.0,-9999.0,-9999.0,66.1699981689,175.699598265255,55.2352349442514,262110.52,670250.35,24,14,66.17
NS67SW_4205,1,3_0,1.97003883539,-9999.0,-9999.0,-9999.0,70.2089996338,45.264757501067,32.8093738687094,262140.72,670247.81,24,14,70.209
NS67SW_4208,1,3_0,5.56547736368,-9999.0,-9999.0,-9999.0,75.3970031738,136.337818458276,50.2943950773908,262214.0,670248.22,20,12,75.397
NS67SW_4212,1,3_0,2.90904634696,-9999.0,-9999.0,-9999.0,79.2119979858,98.6485237392391,46.680126583861,262285.71,670247.81,20,12,79.212
NS67SW_4215,1,3_0,2.08177546748,-9999.0,-9999.0,-9999.0,76.7269973755,36.3144074962298,29.1800760303962,262226.43,670243.87,16,10,76.727
NS67SW_4226,1,3_0,3.67587852667,-9999.0,-9999.0,-9999.0,79.7730026245,257.744289474849,78.7956986529895,262316.41,670242.7,36,20,79.773
NS67SW_4231,1,3_0,5.86679120252,-9999.0,-9999.0,-9999.0,77.5220031738,90.078719999147,36.8259337829102,262421.96,670240.39,16,10,77.522
NS67SW_4236,1,3_0,2.14887570468,-9999.0,-9999.0,-9999.0,78.091003418,89.9957174574835,39.677452156099,262404.62,670238.88,28,16,78.091
NS67SW_4239,1,3_0,4.15616027108,-9999.0,-9999.0,-9999.0,63.5769996643,356.268426380478,121.755492396748,262007.42,670242.22,52,28,63.577
NS67SW_4241,1,3_0,5.12025969767,-9999.0,-9999.0,-9999.0,65.6500015259,161.357523485962,54.292309905564,261919.02,670236.77,28,16,65.65
NS67SW_4242,1,3_0,5.74220576608,-9999.0,-9999.0,-9999.0,79.8499984741,167.586786226505,56.3749076592666,262295.41,670236.03,28,16,79.85
NS67SW_4243,1,3_0,4.89417695843,-9999.0,-9999.0,-9999.0,75.6610031128,319.223751132635,119.248559209965,262467.41,670244.1,60,32,75.661
NS67SW_4248,1,3_0,2.29511285757,-9999.0,-9999.0,-9999.0,65.2919998169,40.5787162496687,26.2350320736308,261943.13,670229.77,12,8,65.292
NS67SW_4250,1,3_0,6.19129641361,-9999.0,-9999.0,-9999.0,64.297996521,118.832521709288,44.0787126918777,262057.55,670232.45,16,10,64.298
NS67SW_4251,1,3_0,5.24086796233,-9999.0,-9999.0,-9999.0,76.4779968262,111.587563799506,42.4015339329534,262215.47,670231.87,12,8,76.478
NS67SW_4252,1,3_0,2.03017407372,-9999.0,-9999.0,-9999.0,77.638999939,23.317743752792,23.8311163062735,262403.73,670228.72,8,6,77.639
NS67SW_4256,1,3_0,4.2035831228,-9999.0,-9999.0,-9999.0,72.6800003052,248.933722853061,97.6836057783945,262175.86,670235.62,52,28,72.68
NS67SW_4257,1,3_0,6.19502777479,-9999.0,-9999.0,-9999.0,65.1719970703,121.727963992237,47.8895957335027,261931.31,670228.74,28,16,65.172
NS67SW_4260,1,3_0,4.60815433862,-9999.0,-9999.0,-9999.0,77.7635955811,393.387317719457,145.238311091755,262383.63,670238.79,88,46,77.764
NS67SW_4261,1,3_0,2.42838077056,-9999.0,-9999.0,-9999.0,63.7400016785,44.5049287521214,34.3090494600806,261980.7,670224.56,16,10,63.74
NS67SW_4263,1,3_0,2.97518070221,-9999.0,-9999.0,-9999.0,64.6230010986,51.4517549945831,28.841879284362,261890.22,670222.61,12,8,64.623
NS67SW_4265,1,3_0,5.15565363271,-9999.0,-9999.0,-9999.0,63.4109992981,109.404698519909,42.0046771195422,261993.51,670224.67,12,8,63.411
NS67SW_4266,1,3_0,4.56835584232,-9999.0,-9999.0,-9999.0,74.9309997559,132.956257379061,61.7010950856132,262477.0,670227.47,28,16,74.931
NS67SW_4267,1,3_0,4.2443662211,-9999.0,-9999.0,-9999.0,77.7450027466,707.289157855086,256.11138920373,262256.54,670233.08,164,84,77.745
NS67SW_4268,1,3_0,4.62904617221,-9999.0,-9999.0,-9999.0,63.9280014038,177.671402430648,71.38219211165,262046.14,670225.28,44,24,63.928
NS67SW_4269,1,3_0,5.19525141412,-9999.0,-9999.0,-9999.0,76.6460037231,195.67455257583,78.6605412624361,262433.12,670228.29,36,20,76.646
NS67SW_4273,1,3_0,5.9627259284,-9999.0,-9999.0,-9999.0,75.0709991455,107.920560142117,42.6629037136752,262185.88,670222.85,20,12,75.071
NS67SW_4285,1,3_0,3.3837168856,-9999.0,-9999.0,-9999.0,70.6829986572,159.535269478941,73.408151736155,262140.35,670222.2,48,26,70.683
NS67SW_4290,1,3_0,6.46592215066,-9999.0,-9999.0,-9999.0,64.1169967651,108.366164316971,41.9154994591574,261942.91,670217.06,12,8,64.117
NS67SW_4291,1,3_0,2.14786316628,-9999.0,-9999.0,-9999.0,73.2949981689,35.1582075033553,35.3493409019601,262167.95,670216.8,20,12,73.295
NS67SW_4293,1,3_0,4.57170387359,-9999.0,-9999.0,-9999.0,77.2880020142,151.851831942652,54.3060577226673,262223.18,670216.25,36,20,77.288
NS67SW_4296,1,3_0,6.58567711039,-9999.0,-9999.0,-9999.0,63.8040008545,122.619472345569,45.4515523710377,262027.62,670216.11,20,12,63.804
NS67SW_4301,1,3_0,5.74142905691,-9999.0,-9999.0,-9999.0,77.1200027466,153.006666534529,53.0353455825334,262403.45,670215.84,20,12,77.12
NS67SW_4302,1,3_0,6.38123335489,-9999.0,-9999.0,-9999.0,64.2799987793,126.863449396572,49.2757019712949,261898.5,670214.74,28,16,64.28
NS67SW_4303,1,3_0,2.15297944578,-9999.0,-9999.0,-9999.0,63.8209991455,23.0545875020784,22.0748486824311,261950.38,670209.26,8,6,63.821
NS67SW_4307,1,3_0,4.66791238209,-9999.0,-9999.0,-9999.0,75.8379974365,158.634202725456,70.2876530329482,262442.21,670216.55,36,20,75.838
NS67SW_4309,1,3_0,5.38845978038,-9999.0,-9999.0,-9999.0,69.0019989014,153.73803627845,58.9092725573757,262123.33,670214.96,36,20,69.002
NS67SW_4313,1,3_0,2.73831428181,-9999.0,-9999.0,-9999.0,67.3769989014,22.4344950006406,19.9059508732342,262114.5,670208.32,12,8,67.377
NS67SW_4314,1,3_0,5.99493115447,-9999.0,-9999.0,-9999.0,73.4430007935,85.8218843487519,37.5756218974948,262492.06,670209.97,12,8,73.443
NS67SW_4318,1,3_0,5.24260401778,-9999.0,-9999.0,-9999.0,62.7070007324,115.978327804501,43.2005621545944,261982.21,670211.17,12,8,62.707
NS67SW_4322,1,3_0,5.14802993164,-9999.0,-9999.0,-9999.0,79.2689971924,166.146676129243,62.2035587626002,262325.8,670209.32,44,24,79.269
NS67SW_4325,1,3_0,4.21871921373,-9999.0,-9999.0,-9999.0,64.5660018921,515.568960035371,187.326169469571,262096.73,670225.12,84,44,64.566
NS67SW_4336,1,3_0,6.31291048898,-9999.0,-9999.0,-9999.0,76.0820007324,113.910549022043,42.9213810262073,262188.88,670206.69,12,8,76.082
NS67SW_4338,1,3_0,5.75058716502,-9999.0,-9999.0,-9999.0,73.4110031128,141.78406611503,50.3234578992226,262478.41,670206.19,28,16,73.411
NS67SW_4340,1,3_0,5.35349565008,-9999.0,-9999.0,-9999.0,78.6839981079,166.446262705574,67.0748916758344,262344.17,670210.17,36,20,78.684
NS67SW_4343,1,3_0,4.80946184538,-9999.0,-9999.0,-9999.0,77.0569992065,238.272711210301,109.255962359766,262365.72,670209.49,88,46,77.057
NS67SW_4344,1,3_0,6.04601072929,-9999.0,-9999.0,-9999.0,76.1549987793,126.436974884098,47.5635068185,262414.28,670205.6,28,16,76.155
NS67SW_4347,1,3_0,6.12520601951,-9999.0,-9999.0,-9999.0,79.1269989014,151.987488841447,51.3275351873064,262309.81,670203.93,20,12,79.127
NS67SW_4351,1,3_0,5.59692452294,-9999.0,-9999.0,-9999.0,63.483001709,143.528919236894,64.8499165951785,261906.94,670202.39,28,16,63.483
NS67SW_4352,1,3_0,5.13175669771,-9999.0,-9999.0,-9999.0,72.341003418,237.783885359802,75.2611749094653,262154.13,670207.71,36,20,72.341
NS67SW_4356,1,3_0,4.70073314542,-9999.0,-9999.0,-9999.0,63.6800003052,151.446248647101,49.5139752667181,262017.14,670202.34,12,8,63.68
NS67SW_4357,1,3_0,5.33001051742,-9999.0,-9999.0,-9999.0,74.2389984131,101.442719143079,40.3367410882138,262453.87,670201.61,12,8,74.239
NS67SW_4365,1,3_0,4.56332406315,-9999.0,-9999.0,-9999.0,75.4020004272,136.979810737514,64.2862507414845,262426.96,670202.6,44,24,75.402
NS67SW_4370,1,3_0,5.80598035842,-9999.0,-9999.0,-9999.0,62.1230010986,147.149358971423,55.0605733065745,261967.84,670198.69,28,16,62.123
NS67SW_4371,1,3_0,2.20296496294,-9999.0,-9999.0,-9999.0,76.0279998779,36.4606687552488,28.4772046373485,262180.9,670194.15,8,6,76.028
NS67SW_4379,1,3_0,1.98308149526,-9999.0,-9999.0,-9999.0,76.3290023804,39.0100499963356,26.4553851651935,262354.15,670190.55,12,8,76.329
NS67SW_4381,1,3_0,2.26268670654,-9999.0,-9999.0,-9999.0,64.0569992065,35.4636074990651,27.162532650778,262015.79,670189.69,8,6,64.057
NS67SW_4382,1,3_0,5.51543864241,-9999.0,-9999.0,-9999.0,76.4319992065,125.389615147315,45.0183134612997,262382.73,670193.74,12,8,76.432
NS67SW_4383,1,3_0,5.12389652096,-9999.0,-9999.0,-9999.0,74.2549972534,99.9801245507464,40.0380818167901,262446.64,670192.46,12,8,74.255
NS67SW_4388,1,3_0,2.00363310452,-9999.0,-9999.0,-9999.0,72.8320007324,30.5890162553821,23.3271429097599,262153.1,670189.05,12,8,72.832
NS67SW_4392,1,3_0,4.8755657154,-9999.0,-9999.0,-9999.0,62.436000824,187.935693745065,63.8909663503214,261927.22,670193.4,36,20,62.436
NS67SW_4396,1,3_0,6.10501406804,-9999.0,-9999.0,-9999.0,63.0589981079,124.065242363006,46.5992257499105,262003.95,670190.81,20,12,63.059
NS67SW_4398,1,3_0,6.53448847628,-9999.0,-9999.0,-9999.0,76.8199996948,111.296454198415,42.4495836123688,262192.47,670190.08,12,8,76.82
NS67SW_4399,1,3_0,2.20935043779,-9999.0,-9999.0,-9999.0,77.5360031128,27.2148675018259,21.6333852944614,262319.61,670186.01,12,8,77.536
NS67SW_4401,1,3_0,5.04813873646,-9999.0,-9999.0,-9999.0,78.6608581543,183.169310243773,78.029063393058,262271.05,670191.8,44,24,78.661
NS67SW_4405,1,3_0,2.54991494456,-9999.0,-9999.0,-9999.0,67.1399993896,40.0121887442137,26.5543894287394,262042.55,670183.99,12,8,67.14
NS67SW_4414,1,3_0,5.22534227644,-9999.0,-9999.0,-9999.0,78.1689987183,93.3797960206896,41.5925159243124,262231.3,670184.56,20,12,78.169
NS67SW_4416,1,3_0,2.63870702283,-9999.0,-9999.0,-9999.0,78.4940032959,37.9480950045206,25.6441203284607,262249.21,670180.61,12,8,78.494
NS67SW_4420,1,3_0,5.14577278572,-9999.0,-9999.0,-9999.0,76.0719985962,103.127276762699,44.0892681840656,262368.92,670180.92,28,16,76.072
NS67SW_4425,1,3_0,5.10692907911,-9999.0,-9999.0,-9999.0,76.21900177,115.629114998472,46.2664097258628,262353.67,670178.75,28,16,76.219
NS67SW_4433,1,3_0,4.61319923066,-9999.0,-9999.0,-9999.0,77.7340011597,147.498819154268,48.673893523312,262276.31,670175.4,12,8,77.734
NS67SW_4436,1,3_0,4.53871805056,-9999.0,-9999.0,-9999.0,65.4769973755,472.465580293321,146.257759893909,262062.74,670188.77,92,48,65.477
NS67SW_4441,1,3_0,4.80076566012,-9999.0,-9999.0,-9999.0,77.2200012207,136.015713353387,49.998329677427,262197.98,670174.13,20,12,77.22
NS67SW_4445,1,3_0,5.95327315383,-9999.0,-9999.0,-9999.0,60.9739990234,69.0923966131175,33.404136801938,261949.54,670172.1,12,8,60.974
NS67SW_4457,1,3_0,5.00185045956,-9999.0,-9999.0,-9999.0,68.3280029297,797.65554713651,212.7800268705,262115.49,670177.3,140,72,68.328
NS67SW_4460,1,3_0,5.60661038188,-9999.0,-9999.0,-9999.0,71.9629974365,119.627841038585,43.8804137356403,262477.88,670168.09,12,8,71.963
NS67SW_4467,1,3_0,6.29587441302,-9999.0,-9999.0,-9999.0,73.71900177,118.322859377623,43.7762930385082,262426.83,670166.92,12,8,73.719
NS67SW_4471,1,3_0,5.83150770513,-9999.0,-9999.0,-9999.0,76.0469970703,76.2446038405812,35.2083322775837,262353.64,670164.88,12,8,76.047
NS67SW_4473,1,3_0,5.55779442611,-9999.0,-9999.0,-9999.0,71.1220016479,239.182803474406,99.8954911652003,262499.68,670169.33,60,32,71.122
NS67SW_4476,1,3_0,3.4595200184,-9999.0,-9999.0,-9999.0,77.7490005493,110.482596492592,44.7119515407362,262275.97,670162.35,12,8,77.749
NS67SW_4479,1,3_0,5.89044552539,-9999.0,-9999.0,-9999.0,74.1539993286,84.6982750331466,37.2390163658342,262414.01,670164.22,12,8,74.154
NS67SW_4481,1,3_0,5.5214139451,-9999.0,-9999.0,-9999.0,73.0429992676,132.514257202732,46.1466814485123,262444.59,670164.36,12,8,73.043
NS67SW_4483,1,3_0,4.3267708758,-9999.0,-9999.0,-9999.0,77.3040008545,335.8769041894,114.665428079628,262311.23,670170.81,44,24,77.304
NS67SW_4485,1,3_0,5.12273368278,-9999.0,-9999.0,-9999.0,62.9480018616,286.52909713378,110.875393960825,261989.51,670170.61,52,28,62.948
NS67SW_4488,1,3_0,5.33188209238,-9999.0,-9999.0,-9999.0,72.5230026245,131.891811128916,46.3680927898994,262461.47,670164.04,12,8,72.523
NS67SW_4489,1,3_0,2.57944765278,-9999.0,-9999.0,-9999.0,78.2086029053,27.0882525035297,22.5017625761112,262264.12,670157.14,12,8,78.209
NS67SW_4495,1,3_0,5.49443357294,-9999.0,-9999.0,-9999.0,60.8549995422,142.847944627336,47.1684041690532,261943.0,670161.65,16,10,60.855
NS67SW_4497,1,3_0,2.08755616884,-9999.0,-9999.0,-9999.0,76.3379974365,39.2762925020017,25.1614403698569,262345.73,670156.27,12,8,76.338
NS67SW_4499,1,3_0,2.19017371836,-9999.0,-9999.0,-9999.0,77.3619995117,34.4603287484045,29.5531919337268,262320.42,670155.71,20,12,77.362
NS67SW_4500,1,3_0,2.32164050371,-9999.0,-9999.0,-9999.0,71.8600006104,40.9196099982222,26.1503658145001,262472.64,670155.3,12,8,71.86
NS67SW_4505,1,3_0,5.52720499906,-9999.0,-9999.0,-9999.0,77.6320037842,110.550716195761,42.1923943684557,262202.41,670157.83,12,8,77.632
NS67SW_4507,1,3_0,5.80603925317,-9999.0,-9999.0,-9999.0,74.4140014648,86.3066130473334,37.5278455146066,262403.99,670155.79,12,8,74.414
NS67SW_4510,1,3_0,2.17796952384,-9999.0,-9999.0,-9999.0,63.7690010071,34.3303537444144,24.6423854469181,261987.08,670151.32,12,8,63.769
NS67SW_4517,1,3_0,3.69602644721,-9999.0,-9999.0,-9999.0,78.1809997559,88.6323108129563,38.2915398350444,262278.5,670151.81,12,8,78.181
NS67SW_4518,1,3_0,4.12504986981,-9999.0,-9999.0,-9999.0,78.0729980469,385.874936993205,132.09916639421,262238.34,670160.8,52,28,78.073
NS67SW_4520,1,3_0,5.94428592957,-9999.0,-9999.0,-9999.0,62.4500007629,122.869059427378,46.6693139314437,261973.75,670151.88,20,12,62.45
NS67SW_4523,1,3_0,4.62994953416,-9999.0,-9999.0,-9999.0,76.0360031128,165.068912711011,54.0754042022805,262356.58,670150.71,28,16,76.036
NS67SW_4530,1,3_0,5.99187837247,-9999.0,-9999.0,-9999.0,74.8509979248,84.359253920953,37.1683494332817,262393.94,670147.24,12,8,74.851
NS67SW_4531,1,3_0,2.48214050522,-9999.0,-9999.0,-9999.0,72.8960037231,36.145740009878,24.9777315611026,262441.7,670144.05,12,8,72.896
NS67SW_4534,1,3_0,5.05488812923,-9999.0,-9999.0,-9999.0,77.9530029297,115.777504458135,43.1917303189965,262311.13,670146.15,12,8,77.953
NS67SW_4541,1,3_0,5.34907082466,-9999.0,-9999.0,-9999.0,60.908000946,159.48965524796,52.1038652732567,261929.6,670146.9,20,12,60.908
NS67SW_4546,1,3_0,2.31619885707,-9999.0,-9999.0,-9999.0,74.5690002441,59.0810051758099,31.2345538138171,262404.57,670138.27,12,8,74.569
NS67SW_4550,1,3_0,4.82964208058,-9999.0,-9999.0,-9999.0,62.1739997864,172.244229049294,70.137688401822,261968.66,670139.21,36,20,62.174
NS67SW_4553,1,3_0,6.64526938941,-9999.0,-9999.0,-9999.0,79.1259994507,107.976954474634,41.8574508570941,262279.59,670137.09,12,8,79.126
NS67SW_4556,1,3_0,5.2748512208,-9999.0,-9999.0,-9999.0,74.9000015259,134.996227517623,46.6929653562894,262379.11,670137.67,12,8,74.9
NS67SW_4557,1,3_0,5.57373806568,-9999.0,-9999.0,-9999.0,70.8420028687,120.778499608803,44.1945281620456,262470.81,670136.81,12,8,70.842
NS67SW_4558,1,3_0,4.61400859212,-9999.0,-9999.0,-9999.0,69.8990020752,202.976577311656,58.8785801761667,262486.29,670139.22,20,12,69.899
NS67SW_4561,1,3_0,5.51840646781,-9999.0,-9999.0,-9999.0,71.8389968872,132.982123559875,48.5725608042669,262453.96,670136.42,20,12,71.839
NS67SW_4563,1,3_0,2.45387682065,-9999.0,-9999.0,-9999.0,75.1740036011,34.4505000048436,24.3305582098686,262393.01,670132.5,12,8,75.174
NS67SW_4566,1,3_0,3.56843772251,-9999.0,-9999.0,-9999.0,78.5550003052,155.307653800233,57.5149982606713,262316.29,670132.41,28,16,78.555
NS67SW_4567,1,3_0,5.50141342415,-9999.0,-9999.0,-9999.0,72.8619995117,122.801717529022,44.450821662945,262437.85,670131.97,12,8,72.862
NS67SW_4575,1,3_0,5.9664762842,-9999.0,-9999.0,-9999.0,73.8860015869,74.5087080013445,34.8046090499827,262424.33,670127.76,12,8,73.886
NS67SW_4576,1,3_0,4.89387927535,-9999.0,-9999.0,-9999.0,79.3980026245,182.139453034168,74.7057674021386,262243.88,670131.24,28,16,79.398
NS67SW_4581,1,3_0,3.74058976675,-9999.0,-9999.0,-9999.0,80.625,112.394926443717,44.0508807499656,262279.58,670124.02,12,8,80.625
NS67SW_4589,1,3_0,5.90293882517,-9999.0,-9999.0,-9999.0,61.7509994507,170.065798623636,58.3647513475724,261952.57,670124.81,28,16,61.751
NS67SW_4592,1,3_0,5.2807188985,-9999.0,-9999.0,-9999.0,74.4700012207,90.7806712541902,39.3702519452448,262414.34,670122.52,16,10,74.47
NS67SW_4601,1,3_0,2.78942810405,-9999.0,-9999.0,-9999.0,78.6019973755,46.7719275032697,27.4946834767005,262167.45,670118.1,12,8,78.602
NS67SW_4607,1,3_0,4.51867680266,-9999.0,-9999.0,-9999.0,78.15599823,355.538459376109,164.246751910102,262199.93,670130.27,104,56,78.156
NS67SW_4613,1,3_0,3.37252457366,-9999.0,-9999.0,-9999.0,81.3639984131,133.900785555586,58.0381133296099,262277.18,670114.77,20,12,81.364
NS67SW_4614,1,3_0,5.8772277576,-9999.0,-9999.0,-9999.0,74.888999939,76.1793029122387,35.1633800830192,262405.46,670114.84,12,8,74.889
NS67SW_4620,1,3_0,3.55459359251,-9999.0,-9999.0,-9999.0,69.90599823,26.7081299993677,24.9859526858757,262497.13,670109.02,12,8,69.906
NS67SW_4623,1,3_0,2.41193688185,-9999.0,-9999.0,-9999.0,79.1309967041,34.4115187498654,24.8518449438883,262138.72,670108.2,12,8,79.131
NS67SW_4624,1,3_0,4.71435225154,-9999.0,-9999.0,-9999.0,80.8089981079,176.385520422839,71.7334642076026,262243.84,670113.82,36,20,80.809
NS67SW_4632,1,3_0,2.60250166484,-9999.0,-9999.0,-9999.0,80.8590011597,28.4682262511251,21.7756563036864,262191.1,670104.49,12,8,80.859
NS67SW_4635,1,3_0,4.22174532183,-9999.0,-9999.0,-9999.0,75.2229995728,254.62652935437,83.5082711237225,262389.89,670110.8,44,24,75.223
NS67SW_4638,1,3_0,5.26198550826,-9999.0,-9999.0,-9999.0,80.6953353882,113.471911974907,42.9464726140607,262205.88,670106.74,12,8,80.695
NS67SW_4643,1,3_0,4.25612570653,-9999.0,-9999.0,-9999.0,79.9950027466,344.128290650445,123.533160397481,262318.83,670111.03,64,34,79.995
NS67SW_4652,1,3_0,4.62683074661,-9999.0,-9999.0,-9999.0,80.0540008545,332.316695191023,103.488227317131,262172.53,670103.39,52,28,80.054
NS67SW_4653,1,3_0,5.20373997025,-9999.0,-9999.0,-9999.0,81.3929977417,115.375985176736,43.0332044649892,262238.98,670099.82,12,8,81.393
NS67SW_4654,1,3_0,5.66508807384,-9999.0,-9999.0,-9999.0,79.5289993286,137.877936052377,51.9159918843641,262148.63,670100.88,28,16,79.529
NS67SW_4666,1,3_0,5.20187433955,-9999.0,-9999.0,-9999.0,79.96900177,119.952392746847,43.8919065102767,262131.84,670096.05,12,8,79.969
NS67SW_4667,1,3_0,4.98298466778,-9999.0,-9999.0,-9999.0,73.9349975586,118.013758232074,45.8517523532564,262431.33,670097.62,20,12,73.935
NS67SW_4668,1,3_0,3.97502171738,-9999.0,-9999.0,-9999.0,81.7549972534,208.052929257223,70.4942313526351,262281.31,670097.13,36,20,81.755
NS67SW_4670,1,3_0,4.66752963451,-9999.0,-9999.0,-9999.0,79.9020004272,149.732544996873,49.0559689815471,262115.32,670095.22,12,8,79.902
NS67SW_4671,1,3_0,2.07733828522,-9999.0,-9999.0,-9999.0,81.6060028076,26.675669996645,23.751241215723,262249.51,670090.42,8,6,81.606
NS67SW_4672,1,3_0,4.74198986452,-9999.0,-9999.0,-9999.0,71.5540008545,174.826156816442,54.7156672104024,262458.0,670097.85,20,12,71.554
NS67SW_4681,1,3_0,5.22010028455,-9999.0,-9999.0,-9999.0,74.1790008545,102.435244193203,45.7826300777033,262423.45,670088.33,28,16,74.179
NS67SW_4682,1,3_0,5.43204519098,-9999.0,-9999.0,-9999.0,76.1770019531,90.6839318825239,39.9256847743644,262388.02,670087.58,20,12,76.177
NS67SW_4683,1,3_0,6.03675062475,-9999.0,-9999.0,-9999.0,70.6600036621,103.769957812094,41.0756694261807,262471.94,670088.46,12,8,70.66
NS67SW_4686,1,3_0,3.97159837395,-9999.0,-9999.0,-9999.0,80.533996582,198.690553396445,77.8787305702581,262320.56,670089.64,36,20,80.534
NS67SW_4688,1,3_0,2.21708940778,-9999.0,-9999.0,-9999.0,79.8323364258,21.6223012513672,22.2665811167154,262328.56,670081.2,8,6,79.832
NS67SW_4701,1,3_0,4.18891010971,-9999.0,-9999.0,-9999.0,81.8339157104,178.700952099092,69.4751579330581,262281.12,670082.68,28,16,81.834
NS67SW_4706,1,3_0,2.19685808119,-9999.0,-9999.0,-9999.0,79.1920013428,23.9899087485844,20.245346145286,262335.35,670077.15,12,8,79.192
NS67SW_4707,1,3_0,3.99587430946,-9999.0,-9999.0,-9999.0,77.8929977417,331.68881132681,115.226847950507,262073.73,670086.76,60,32,77.893
NS67SW_4711,1,3_0,2.84593990237,-9999.0,-9999.0,-9999.0,73.5609970093,25.357139997332,23.2440207147667,262426.91,670076.4,8,6,73.561
NS67SW_4717,1,3_0,2.29791531822,-9999.0,-9999.0,-9999.0,77.8690032959,33.4825124989729,23.5682390417733,262359.06,670076.02,12,8,77.869
NS67SW_4720,1,3_0,4.25000736713,-9999.0,-9999.0,-9999.0,81.0719985962,171.062762878883,68.8913946883041,262242.05,670080.34,36,20,81.072
NS67SW_4722,1,3_0,5.24651477665,-9999.0,-9999.0,-9999.0,70.3389968872,128.826789679239,47.6215423559596,262483.72,670078.62,20,12,70.339
NS67SW_4724,1,3_0,2.21592717557,-9999.0,-9999.0,-9999.0,72.1969985962,37.3084425017101,24.538977587853,262439.95,670073.62,12,8,72.197
NS67SW_4725,1,3_0,1.94278401342,-9999.0,-9999.0,-9999.0,82.38621521,23.5807987491635,20.2013573378962,262275.6,670072.72,12,8,82.386
NS67SW_4726,1,3_0,4.5073208252,-9999.0,-9999.0,-9999.0,78.7279968262,165.590929042539,51.5122533193114,262347.5,670079.36,12,8,78.728
NS67SW_4730,1,3_0,2.46343529224,-9999.0,-9999.0,-9999.0,81.7300033569,32.8299450020199,23.2445846366706,262287.27,670071.34,12,8,81.73
NS67SW_4732,1,3_0,5.34248718085,-9999.0,-9999.0,-9999.0,74.9759979248,90.0506262932058,40.5545034355013,262392.63,670072.21,20,12,74.976
NS67SW_4737,1,3_0,6.38390268415,-9999.0,-9999.0,-9999.0,79.68699646,114.591445669838,43.1282821270736,262171.58,670070.64,12,8,79.687
NS67SW_4738,1,3_0,5.41718857205,-9999.0,-9999.0,-9999.0,79.3860015869,170.463702300141,69.9440522565698,262200.84,670075.04,28,16,79.386
NS67SW_4739,1,3_0,5.87607549692,-9999.0,-9999.0,-9999.0,79.5759963989,119.917566694014,46.6507170494417,262128.81,670068.82,12,8,79.576
NS67SW_4740,1,3_0,2.97376896353,-9999.0,-9999.0,-9999.0,78.7689971924,35.3370375006768,24.0126147663614,262114.45,670067.36,12,8,78.769
NS67SW_4741,1,3_0,1.86305026619,-9999.0,-9999.0,-9999.0,70.3550033569,27.8775150011218,24.2390412761859,262484.12,670067.25,8,6,70.355
NS67SW_4743,1,3_0,6.07324632685,-9999.0,-9999.0,-9999.0,69.111000061,121.024440288825,44.8937725448492,262497.9,670069.04,20,12,69.111
NS67SW_4744,1,3_0,6.37004507559,-9999.0,-9999.0,-9999.0,79.6100006104,109.740019943578,42.6592209542482,262236.98,670067.05,20,12,79.61
NS67SW_4745,1,3_0,5.31195161842,-9999.0,-9999.0,-9999.0,72.2259979248,129.314342629054,47.9653704927303,262430.28,670064.73,20,12,72.226
NS67SW_4747,1,3_0,5.28842257405,-9999.0,-9999.0,-9999.0,74.5889968872,94.0494913262251,40.1352869333691,262395.8,670062.71,12,8,74.589
NS67SW_4748,1,3_0,5.32223229739,-9999.0,-9999.0,-9999.0,71.2949981689,134.988030798151,46.5659271676676,262447.81,670063.05,12,8,71.295
NS67SW_4750,1,3_0,5.29215935298,-9999.0,-9999.0,-9999.0,76.8700027466,142.740632547582,47.8208720188469,262355.95,670061.64,12,8,76.87
NS67SW_4751,1,3_0,2.54893537249,-9999.0,-9999.0,-9999.0,80.7949981689,37.201124994899,24.792273939586,262264.34,670057.27,12,8,80.795
NS67SW_4753,1,3_0,5.13414416806,-9999.0,-9999.0,-9999.0,79.2649993896,174.012747028416,60.4307134329795,262319.27,670061.81,20,12,79.265
NS67SW_4754,1,3_0,1.99702497072,-9999.0,-9999.0,-9999.0,69.1770019531,42.1474087551767,26.2832855719288,262497.28,670056.86,12,8,69.177
NS67SW_4755,1,3_0,6.3330532074,-9999.0,-9999.0,-9999.0,77.922996521,107.802320553581,41.7987187872255,262205.43,670056.79,12,8,77.923
NS67SW_4757,1,3_0,6.36034909814,-9999.0,-9999.0,-9999.0,77.716003418,117.342727106516,43.543779516308,262133.93,670055.91,12,8,77.716
NS67SW_4758,1,3_0,4.88648320182,-9999.0,-9999.0,-9999.0,70.486000061,162.273629660638,52.9804626138786,262465.84,670059.57,12,8,70.486
NS67SW_4759,1,3_0,2.69838474574,-9999.0,-9999.0,-9999.0,78.9430007935,47.3241712560358,27.7566507157745,262251.8,670052.89,12,8,78.943
NS67SW_4763,1,3_0,5.88595396994,-9999.0,-9999.0,-9999.0,80.0640029907,138.971839230249,51.8962433638687,262289.15,670051.58,20,12,80.064
NS67SW_4766,1,3_0,6.39407467491,-9999.0,-9999.0,-9999.0,73.2109985352,122.502967480979,44.4045703316483,262399.62,670048.97,12,8,73.211
NS67SW_4768,1,3_0,5.26098696801,-9999.0,-9999.0,-9999.0,69.1380004883,162.370591835348,68.0940041736186,262480.57,670053.06,28,16,69.138
NS67SW_4771,1,3_0,6.30811356953,-9999.0,-9999.0,-9999.0,76.9049987793,110.065919271821,42.2696196229503,262167.05,670046.38,12,8,76.905
NS67SW_4772,1,3_0,6.3472085357,-9999.0,-9999.0,-9999.0,77.6240005493,102.853867496028,40.8765999991447,262235.52,670045.76,12,8,77.624
NS67SW_4775,1,3_0,6.22397348484,-9999.0,-9999.0,-9999.0,75.5640029907,104.23830198551,41.0760556915455,262359.25,670045.14,12,8,75.564
NS67SW_4778,1,3_0,6.01312139906,-9999.0,-9999.0,-9999.0,79.1429977417,116.782198419867,45.6213293546853,262276.07,670044.4,20,12,79.143
NS67SW_4783,1,3_0,2.41437125693,-9999.0,-9999.0,-9999.0,76.358001709,26.3932424982851,21.4316187331663,262184.28,670037.06,12,8,76.358
NS67SW_4785,1,3_0,6.1823679926,-9999.0,-9999.0,-9999.0,76.0830001831,123.090615389354,44.4971081985929,262204.56,670039.54,12,8,76.083
NS67SW_4788,1,3_0,5.45696731826,-9999.0,-9999.0,-9999.0,77.9160003662,152.171698450138,55.4363360588301,262262.0,670040.37,36,20,77.916
NS67SW_4794,1,3_0,6.38764792905,-9999.0,-9999.0,-9999.0,76.3619995117,120.388003072916,44.4238001510816,262136.32,670039.09,20,12,76.362
NS67SW_4795,1,3_0,2.19479528288,-9999.0,-9999.0,-9999.0,75.6139984131,23.5126499956426,23.228119355646,262194.52,670033.2,8,6,75.614
NS67SW_4797,1,3_0,2.37345898245,-9999.0,-9999.0,-9999.0,77.0459976196,32.462782498732,23.1612627817835,262253.88,670034.59,12,8,77.046
NS67SW_4820,1,3_0,5.60878473207,-9999.0,-9999.0,-9999.0,67.5839996338,234.340933946115,75.0579603871403,262497.64,670034.83,36,20,67.584
NS67SW_4823,1,3_0,4.85373191199,-9999.0,-9999.0,-9999.0,75.5979995728,107.787333752789,45.5178398794553,262238.4,670029.71,20,12,75.598
NS67SW_4832,1,3_0,5.61449314464,-9999.0,-9999.0,-9999.0,75.0019989014,181.377794920736,67.2262085428343,262178.57,670027.88,36,20,75.002
NS67SW_4833,1,3_0,6.25703302743,-9999.0,-9999.0,-9999.0,75.4440002441,117.035638662497,43.8988486378613,262334.89,670026.67,20,12,75.444
NS67SW_4835,1,3_0,5.85815240221,-9999.0,-9999.0,-9999.0,76.1959991455,114.024972128295,42.8995712780895,262320.75,670024.97,12,8,76.196
NS67SW_4837,1,3_0,5.21945489147,-9999.0,-9999.0,-9999.0,70.1800003052,197.661677909696,88.3302218860808,262441.02,670027.92,60,32,70.18
NS67SW_4842,1,3_0,6.12579069202,-9999.0,-9999.0,-9999.0,74.6660003662,115.977762520641,43.233276869039,262204.78,670022.25,12,8,74.666
NS67SW_4843,1,3_0,4.90361132098,-9999.0,-9999.0,-9999.0,74.033996582,182.830226538205,61.8435922189472,262363.42,670024.8,44,24,74.034
NS67SW_4853,1,3_0,4.99719677639,-9999.0,-9999.0,-9999.0,67.8089981079,203.79166683213,72.9672778613013,262464.77,670023.28,52,28,67.809
NS67SW_4856,1,3_0,6.13528400496,-9999.0,-9999.0,-9999.0,76.1959991455,131.604870543712,46.5124861592153,262307.88,670019.62,20,12,76.196
NS67SW_4864,1,3_0,6.55856639934,-9999.0,-9999.0,-9999.0,76.0680007935,109.583104227844,45.0351547509716,262294.13,670016.71,20,12,76.068
NS67SW_4866,1,3_0,5.02810047785,-9999.0,-9999.0,-9999.0,70.5459976196,311.555653831333,92.5930550656671,262405.04,670025.1,44,24,70.546
NS67SW_4877,1,3_0,4.34413655599,-9999.0,-9999.0,-9999.0,74.6399993896,246.089953504465,89.7359095354263,262135.92,670018.42,60,32,74.64
NS67SW_4884,1,3_0,2.49435740834,-9999.0,-9999.0,-9999.0,72.111000061,63.7234449204987,31.9767781967785,262359.09,670009.56,12,8,72.111
NS67SW_4886,1,3_0,5.46373267896,-9999.0,-9999.0,-9999.0,67.3229980469,89.5523806182682,41.1723859456482,262476.11,670009.51,20,12,67.323
NS67SW_4889,1,3_0,6.67288326811,-9999.0,-9999.0,-9999.0,74.1169967651,105.800029673936,41.5017501179811,262267.54,670008.04,12,8,74.117
NS67SW_4890,1,3_0,5.97563238849,-9999.0,-9999.0,-9999.0,74.4120025635,158.261782971591,54.8579593413391,262281.06,670011.15,28,16,74.412
NS67SW_4915,1,3_0,4.25864927746,-9999.0,-9999.0,-9999.0,74.2389984131,134.215108425589,46.3406084579326,262148.62,670005.94,12,8,74.239
NS67SW_4916,1,3_0,3.8452036573,-9999.0,-9999.0,-9999.0,73.9209976196,116.547441139302,47.1485114709056,262165.27,670006.28,20,12,73.921
NS67SW_4917,1,3_0,5.96573537494,-9999.0,-9999.0,-9999.0,73.1829986572,137.072027895081,50.3503649096636,262202.25,670003.55,28,16,73.183
NS67SW_4919,1,3_0,5.80286903253,-9999.0,-9999.0,-9999.0,73.9169998169,78.4306447369361,35.4265178240207,262256.35,670004.47,12,8,73.917
NS67SW_4920,1,3_0,6.14224302144,-9999.0,-9999.0,-9999.0,69.1060028076,102.288027364908,40.8176650023589,262413.61,670002.43,12,8,69.106
NS67SW_4921,1,3_0,5.23210701912,-9999.0,-9999.0,-9999.0,67.7009963989,203.235996132432,70.1119724660538,262444.58,670007.15,36,20,67.701
NS67SW_2399,1,3_1,4.52405984727,-9999.0,-9999.0,-9999.0,70.2559967041,125.746262747338,45.089904145931,262488.87,670913.27,12,8,70.256
NS67SW_2447,1,3_1,5.3507223007,-9999.0,-9999.0,-9999.0,70.4100036621,160.343717989491,58.3141903558685,262487.8,670892.5,28,16,70.41
NS67SW_2501,1,3_1,6.38817505066,-9999.0,-9999.0,-9999.0,70.2149963379,84.5281335435937,36.7910074994698,262498.49,670872.6,12,8,70.215
NS67SW_2517,1,3_1,4.35140927345,-9999.0,-9999.0,-9999.0,71.5199966431,118.747377429639,46.7049346322846,262355.77,670864.98,12,8,71.52
NS67SW_2526,1,3_1,5.36378340998,-9999.0,-9999.0,-9999.0,71.1200027466,75.3897128209592,37.2371833608187,262344.95,670860.48,20,12,71.12
NS67SW_2557,1,3_1,6.27846979391,-9999.0,-9999.0,-9999.0,70.5719985962,122.048996063637,44.385305652548,262334.26,670851.47,12,8,70.572
NS67SW_2581,1,3_1,5.17233924226,-9999.0,-9999.0,-9999.0,70.4472503662,93.4393166290505,39.9732052279695,262323.74,670842.6,20,12,70.447
NS67SW_2592,1,3_1,4.888347527,-9999.0,-9999.0,-9999.0,70.1449966431,108.857094186553,46.386363819749,262312.34,670840.14,28,16,70.145
NS67SW_2603,1,3_1,5.06559120178,-9999.0,-9999.0,-9999.0,70.0370025635,105.955313542924,42.9859247828426,262302.88,670834.27,12,8,70.037
NS67SW_2623,1,3_1,2.90251061512,-9999.0,-9999.0,-9999.0,69.8044433594,48.9071891715825,31.1222281090795,262007.58,670826.65,20,12,69.804
NS67SW_2632,1,3_1,5.11433254059,-9999.0,-9999.0,-9999.0,70.6930007935,179.699274414711,60.8706674569322,262368.67,670828.07,28,16,70.693
NS67SW_2644,1,3_1,6.77347305298,-9999.0,-9999.0,-9999.0,70.1770019531,190.975508528997,64.2885152905978,261952.5,670823.17,28,16,70.177
NS67SW_2645,1,3_1,5.50940266798,-9999.0,-9999.0,-9999.0,70.0759963989,141.726282325615,49.5665663126407,262020.28,670822.56,24,14,70.076
NS67SW_2665,1,3_1,4.18786367937,-9999.0,-9999.0,-9999.0,70.3339996338,228.607397999119,86.5054763799286,262360.45,670820.15,36,20,70.334
NS67SW_2669,1,3_1,5.12473965556,-9999.0,-9999.0,-9999.0,69.9560012817,346.600770944903,116.278941458123,262285.97,670822.26,68,36,69.956
NS67SW_2670,1,3_1,5.3277964355,-9999.0,-9999.0,-9999.0,70.2450027466,129.70925447813,45.6308750858803,262340.94,670814.36,12,8,70.245
NS67SW_2682,1,3_1,6.11597980305,-9999.0,-9999.0,-9999.0,70.1829986572,146.858735487592,52.0570469979034,262005.86,670812.57,20,12,70.183
NS67SW_2684,1,3_1,2.09860722133,-9999.0,-9999.0,-9999.0,70.7535552979,44.4203550038499,26.6797012314835,262352.87,670807.57,12,8,70.754
NS67SW_2685,1,3_1,6.4418767861,-9999.0,-9999.0,-9999.0,70.0729980469,114.140558029042,45.4269274559707,261883.95,670810.59,12,8,70.073
NS67SW_2691,1,3_1,6.16000396611,-9999.0,-9999.0,-9999.0,70.158996582,199.89568512322,68.4452830270077,261920.77,670813.34,20,12,70.159
NS67SW_2693,1,3_1,4.58827072663,-9999.0,-9999.0,-9999.0,69.8659973145,201.645705331208,76.3571924900729,262265.39,670812.71,36,20,69.866
NS67SW_2696,1,3_1,9.96176757005,-9999.0,-9999.0,-9999.0,71.0159988403,52.6107412449025,29.156032639657,262441.75,670804.05,12,8,71.016
NS67SW_2701,1,3_1,5.71942118818,-9999.0,-9999.0,-9999.0,70.391998291,137.592093102607,49.3071688834118,262327.61,670804.77,20,12,70.392
NS67SW_2710,1,3_1,5.2457154797,-9999.0,-9999.0,-9999.0,70.3460006714,150.959930541135,76.7659024879898,261985.55,670802.24,52,28,70.346
NS67SW_2711,1,3_1,2.67956219841,-9999.0,-9999.0,-9999.0,69.4607696533,46.9891649989904,28.7338901154202,262162.71,670799.14,12,8,69.461
NS67SW_2713,1,3_1,3.04561830718,-9999.0,-9999.0,-9999.0,70.0830001831,38.8701450011019,25.0598802223787,262223.16,670797.41,12,8,70.083
NS67SW_2714,1,3_1,4.7342668401,-9999.0,-9999.0,-9999.0,69.908996582,114.149271179147,53.1436671491208,262252.28,670803.12,28,16,69.909
NS67SW_2716,1,3_1,4.2180246916,-9999.0,-9999.0,-9999.0,70.4430007935,129.996512312034,50.5568061211666,262308.14,670798.51,28,16,70.443
NS67SW_2725,1,3_1,5.68577315719,-9999.0,-9999.0,-9999.0,70.3099975586,138.945352073231,54.8856138695724,261894.0,670797.24,28,16,70.31
NS67SW_2729,1,3_1,5.86770751145,-9999.0,-9999.0,-9999.0,69.9150009155,79.5867654566512,35.8401920865234,262243.69,670793.47,12,8,69.915
NS67SW_2736,1,3_1,2.20456059153,-9999.0,-9999.0,-9999.0,70.1100006104,53.3188574993397,29.559211859457,262206.79,670790.4,12,8,70.11
NS67SW_2741,1,3_1,5.00675195058,-9999.0,-9999.0,-9999.0,70.0090026855,93.0520986009627,40.436277639773,262234.57,670789.01,16,10,70.009
NS67SW_2744,1,3_1,3.96979186881,-9999.0,-9999.0,-9999.0,71.1340026855,186.626469470273,81.7179599398212,262374.9,670792.35,36,20,71.134
NS67SW_2746,1,3_1,5.88750768311,-9999.0,-9999.0,-9999.0,70.5009994507,231.437907520843,79.5033179988028,261971.3,670791.76,44,24,70.501
NS67SW_2751,1,3_1,5.80390628424,-9999.0,-9999.0,-9999.0,70.2919998169,186.330043765358,63.4209697287684,262027.63,670788.11,28,16,70.292
NS67SW_2755,1,3_1,6.30783024541,-9999.0,-9999.0,-9999.0,70.6660003662,115.939567233967,43.3408725736837,262311.93,670785.9,12,8,70.666
NS67SW_2756,1,3_1,2.34572874924,-9999.0,-9999.0,-9999.0,71.2539978027,37.9252875067737,24.6857199774525,262324.68,670782.22,12,8,71.254
NS67SW_2760,1,3_1,5.49482565154,-9999.0,-9999.0,-9999.0,70.1299972534,95.5016380072601,43.1757014547113,262225.17,670784.28,20,12,70.13
NS67SW_2761,1,3_1,5.74175596826,-9999.0,-9999.0,-9999.0,70.6269989014,127.368220506045,49.1955301431647,261902.26,670783.17,20,12,70.627
NS67SW_2762,1,3_1,2.4535592771,-9999.0,-9999.0,-9999.0,70.2539978027,26.1301275044181,21.470319506392,262135.39,670779.71,12,8,70.254
NS67SW_2770,1,3_1,5.69169553391,-9999.0,-9999.0,-9999.0,70.4290008545,241.606569535235,79.466322151042,261936.05,670787.31,36,20,70.429
NS67SW_2773,1,3_1,5.54480556521,-9999.0,-9999.0,-9999.0,70.341003418,89.4382190530435,39.915044507089,262216.51,670780.42,12,8,70.341
NS67SW_2775,1,3_1,5.11306881223,-9999.0,-9999.0,-9999.0,70.4029998779,144.140252590628,48.7567486374076,262279.91,670779.11,12,8,70.403
NS67SW_2777,1,3_1,5.42812848173,-9999.0,-9999.0,-9999.0,70.6640014648,156.826471114661,64.9954411803792,262016.25,670778.68,44,24,70.664
NS67SW_2779,1,3_1,5.09305512058,-9999.0,-9999.0,-9999.0,70.0059967041,94.0208593922918,40.2688994547027,262154.36,670777.15,12,8,70.006
NS67SW_2780,1,3_1,6.22134983898,-9999.0,-9999.0,-9999.0,70.4430007935,124.223879085086,44.9916960898928,262203.55,670776.82,12,8,70.443
NS67SW_2782,1,3_1,5.86731249877,-9999.0,-9999.0,-9999.0,73.0049972534,75.0587551058131,34.878946785091,262372.55,670775.44,12,8,73.005
NS67SW_2786,1,3_1,4.64213671003,-9999.0,-9999.0,-9999.0,69.8069992065,127.434603620558,47.9099391140209,262171.0,670776.41,20,12,69.807
NS67SW_2791,1,3_1,5.55762240517,-9999.0,-9999.0,-9999.0,73.0230026245,85.790772788374,39.3819739001538,262362.63,670772.22,20,12,73.023
NS67SW_2792,1,3_1,5.12298553103,-9999.0,-9999.0,-9999.0,73.0390014648,110.067374991501,50.4343257679364,262389.09,670771.87,24,14,73.039
NS67SW_2799,1,3_1,5.97657475158,-9999.0,-9999.0,-9999.0,70.3069992065,70.2121063831576,33.6879425619268,262146.33,670769.91,12,8,70.307
NS67SW_2801,1,3_1,6.17754100808,-9999.0,-9999.0,-9999.0,70.8209991455,111.902994423971,46.5607660661659,261997.7,670770.93,20,12,70.821
NS67SW_2802,1,3_1,5.48788532541,-9999.0,-9999.0,-9999.0,70.486000061,123.989807512139,44.6735713234669,262264.43,670770.82,12,8,70.486
NS67SW_2803,1,3_1,6.41623181882,-9999.0,-9999.0,-9999.0,71.4120025635,116.86725741537,43.5435300261282,262318.58,670770.75,12,8,71.412
NS67SW_2810,1,3_1,2.44084005645,-9999.0,-9999.0,-9999.0,70.7350006104,44.6771790985692,31.2864894826013,262118.61,670767.24,20,12,70.735
NS67SW_2812,1,3_1,2.68038355509,-9999.0,-9999.0,-9999.0,71.0810012817,31.0792837511518,23.1908104795483,262096.89,670763.74,12,8,71.081
NS67SW_2815,1,3_1,2.70996187519,-9999.0,-9999.0,-9999.0,70.4426040649,47.9830598301153,28.8340354285595,262192.95,670763.91,12,8,70.443
NS67SW_2824,1,3_1,6.7503923054,-9999.0,-9999.0,-9999.0,70.9850006104,101.677076513207,42.132648532227,261983.88,670763.06,20,12,70.985
NS67SW_2825,1,3_1,5.56372430975,-9999.0,-9999.0,-9999.0,73.3109970093,116.035387733022,46.4702183364469,262354.21,670763.35,28,16,73.311
NS67SW_2827,1,3_1,5.39851313624,-9999.0,-9999.0,-9999.0,72.4550018311,74.8089191910313,36.9489352076726,262323.3,670759.05,20,12,72.455
NS67SW_2830,1,3_1,2.18749228857,-9999.0,-9999.0,-9999.0,71.091003418,26.8087200026339,22.2656540541951,262106.92,670755.94,12,8,71.091
NS67SW_2831,1,3_1,5.49333709202,-9999.0,-9999.0,-9999.0,70.7720031738,122.928298301879,44.4645618865066,262251.1,670759.82,12,8,70.772
NS67SW_2833,1,3_1,5.03074906944,-9999.0,-9999.0,-9999.0,70.5469970703,180.199875094077,62.9102572119383,262134.34,670760.94,44,24,70.547
NS67SW_2834,1,3_1,4.83097910669,-9999.0,-9999.0,-9999.0,71.31300354,174.584438896223,55.7869062574536,262288.49,670761.28,28,16,71.313
NS67SW_2835,1,3_1,5.57408546296,-9999.0,-9999.0,-9999.0,73.3059997559,76.121054417066,35.0902694420584,262344.99,670757.55,12,8,73.306
NS67SW_2845,1,3_1,5.21834921169,-9999.0,-9999.0,-9999.0,71.1376647949,154.918054121112,67.6168543091109,261974.93,670754.39,36,20,71.138
NS67SW_2853,1,3_1,6.28242237777,-9999.0,-9999.0,-9999.0,70.8479995728,111.038270592241,42.3478554177995,262119.36,670752.99,12,8,70.848
NS67SW_2855,1,3_1,4.76096946142,-9999.0,-9999.0,-9999.0,73.6790008545,241.656060919908,100.707074237143,262394.57,670755.59,60,32,73.679
NS67SW_2856,1,3_1,5.4144206684,-9999.0,-9999.0,-9999.0,72.9940032959,73.6353478811262,34.5292883086187,262327.63,670750.16,12,8,72.994
NS67SW_2858,1,3_1,4.47844086582,-9999.0,-9999.0,-9999.0,70.7740020752,406.212463606793,153.531695261264,261899.6,670761.51,84,44,70.774
NS67SW_2861,1,3_1,4.81237044666,-9999.0,-9999.0,-9999.0,71.4189987183,106.487229042834,41.4159343126802,262218.85,670749.22,12,8,71.419
NS67SW_2864,1,3_1,5.91251709784,-9999.0,-9999.0,-9999.0,71.4110031128,115.553509834858,46.6872793899146,261956.81,670747.96,20,12,71.411
NS67SW_2866,1,3_1,4.74014259787,-9999.0,-9999.0,-9999.0,69.8980026245,306.711113703263,91.767835466947,262177.38,670756.18,44,24,69.898
NS67SW_2877,1,3_1,2.14212560654,-9999.0,-9999.0,-9999.0,71.9039993286,20.5409849990053,18.3979362566673,262213.35,670737.34,12,8,71.904
NS67SW_2882,1,3_1,6.16511499156,-9999.0,-9999.0,-9999.0,72.2350006104,119.059196428163,43.8298428335141,262258.36,670739.66,12,8,72.235
NS67SW_2884,1,3_1,5.96581022162,-9999.0,-9999.0,-9999.0,70.8820037842,159.759876051474,56.1038955363281,261881.85,670741.27,28,16,70.882
NS67SW_2889,1,3_1,5.77668628144,-9999.0,-9999.0,-9999.0,74.9410018921,79.3711953023709,35.9408904797426,262388.83,670736.17,12,8,74.941
NS67SW_2893,1,3_1,5.99678532504,-9999.0,-9999.0,-9999.0,72.0250015259,127.704186002672,49.8050541302375,262225.59,670736.38,28,16,72.025
NS67SW_2898,1,3_1,4.74411598456,-9999.0,-9999.0,-9999.0,70.7770004272,361.671837820113,123.154569362935,262095.97,670740.42,76,40,70.777
NS67SW_2901,1,3_1,5.70834142585,-9999.0,-9999.0,-9999.0,72.2829971313,242.679730448633,96.2245693967856,262298.78,670738.95,68,36,72.283
NS67SW_2903,1,3_1,5.38111758645,-9999.0,-9999.0,-9999.0,70.5979995728,149.088276233699,54.8078677275869,262185.52,670733.7,28,16,70.598
NS67SW_2904,1,3_1,5.53075891418,-9999.0,-9999.0,-9999.0,74.9649963379,81.8262289799879,38.2247528411032,262379.25,670731.28,20,12,74.965
NS67SW_2905,1,3_1,5.4896370499,-9999.0,-9999.0,-9999.0,71.2320022583,293.530674262728,105.300800222068,261935.78,670734.85,72,36,71.232
NS67SW_2913,1,3_1,4.65226561094,-9999.0,-9999.0,-9999.0,72.6930007935,136.562127485832,63.2821861982198,262268.56,670731.33,28,16,72.693
NS67SW_2919,1,3_1,5.64691326646,-9999.0,-9999.0,-9999.0,70.5159988403,204.962406556721,74.25277944128,262145.11,670730.09,36,20,70.516
NS67SW_2925,1,3_1,4.8906770512,-9999.0,-9999.0,-9999.0,74.5800018311,98.714740510581,39.9615685050918,262338.93,670722.37,12,8,74.58
NS67SW_2926,1,3_1,4.82057061555,-9999.0,-9999.0,-9999.0,74.7460021973,270.658010291898,102.686828842399,262361.94,670727.6,60,32,74.746
NS67SW_2928,1,3_1,5.20606839239,-9999.0,-9999.0,-9999.0,71.2249984741,152.841432393997,53.8280176663276,261914.95,670722.75,28,16,71.225
NS67SW_2930,1,3_1,2.05806519358,-9999.0,-9999.0,-9999.0,71.837600708,52.8285000034053,33.7531230214761,262209.74,670716.97,16,10,71.838
NS67SW_2932,1,3_1,2.15331268311,-9999.0,-9999.0,-9999.0,70.5680007935,20.4632550040875,21.1320398867677,262160.72,670714.5,8,6,70.568
NS67SW_2934,1,3_1,4.06263006096,-9999.0,-9999.0,-9999.0,70.6920013428,364.981114181228,137.599406874213,262065.7,670727.25,84,44,70.692
NS67SW_2935,1,3_1,5.81879296138,-9999.0,-9999.0,-9999.0,73.0830001831,73.1708077336206,34.4377929739498,262269.83,670717.52,12,8,73.083
NS67SW_2937,1,3_1,2.23142328951,-9999.0,-9999.0,-9999.0,70.5540008545,25.9710600002302,21.2502769185425,262139.5,670715.59,12,8,70.554
NS67SW_2938,1,3_1,4.80714262121,-9999.0,-9999.0,-9999.0,74.0329971313,113.430888535762,54.1027738953767,262302.02,670719.89,28,16,74.033
NS67SW_2939,1,3_1,4.06986870462,-9999.0,-9999.0,-9999.0,71.2269973755,189.517328835784,77.6980902619326,262195.43,670722.59,44,24,71.227
NS67SW_2952,1,3_1,5.32180383992,-9999.0,-9999.0,-9999.0,71.3249969482,156.427414709224,57.9094559947055,261899.03,670713.52,28,16,71.325
NS67SW_2954,1,3_1,5.06790506976,-9999.0,-9999.0,-9999.0,70.7549972534,112.486695697211,42.6064326890419,262047.91,670711.26,12,8,70.755
NS67SW_2959,1,3_1,5.99544783953,-9999.0,-9999.0,-9999.0,73.2149963379,71.749506520954,34.1360224286602,262273.64,670708.22,12,8,73.215
NS67SW_2960,1,3_1,2.04443515077,-9999.0,-9999.0,-9999.0,73.4618377686,38.7864262465744,25.2750330509235,262286.6,670707.22,12,8,73.462
NS67SW_2965,1,3_1,5.4282763678,-9999.0,-9999.0,-9999.0,74.7760009766,130.732261851696,45.786029507702,262344.11,670708.71,12,8,74.776
NS67SW_2969,1,3_1,5.92225046465,-9999.0,-9999.0,-9999.0,71.1740036011,118.235608154408,46.8835306061483,261886.16,670705.72,20,12,71.174
NS67SW_2970,1,3_1,4.39452606508,-9999.0,-9999.0,-9999.0,70.3190002441,363.043464672779,103.579294260438,262121.94,670713.92,72,38,70.319
NS67SW_2972,1,3_1,4.90776721066,-9999.0,-9999.0,-9999.0,70.5220031738,183.200892561462,71.3457298027605,262158.93,670705.77,36,20,70.522
NS67SW_2975,1,3_1,5.35992830717,-9999.0,-9999.0,-9999.0,70.4430007935,83.0999152517944,39.5102049012392,262107.16,670704.19,20,12,70.443
NS67SW_2976,1,3_1,4.19988747541,-9999.0,-9999.0,-9999.0,71.9410018921,424.438874924334,153.963281191574,262228.89,670713.16,80,42,71.941
NS67SW_2980,1,3_1,4.88385112866,-9999.0,-9999.0,-9999.0,71.0869979858,181.830125497448,71.6565008402508,262204.47,670703.39,32,18,71.087
NS67SW_2982,1,3_1,5.77566481348,-9999.0,-9999.0,-9999.0,71.1829986572,137.663617226309,47.8594211573528,262035.01,670703.14,20,12,71.183
NS67SW_2985,1,3_1,2.25593095077,-9999.0,-9999.0,-9999.0,70.4970016479,24.421848749749,22.8549821634245,262157.08,670696.69,8,6,70.497
NS67SW_2988,1,3_1,5.49243483296,-9999.0,-9999.0,-9999.0,74.0950012207,275.584759103261,83.7084527058465,262311.89,670704.69,52,28,74.095
NS67SW_2995,1,3_1,3.74318091125,-9999.0,-9999.0,-9999.0,76.1019973755,3024.59541032252,309.574737590539,262464.29,670722.34,112,56,76.102
NS67SW_2997,1,3_1,2.93456471761,-9999.0,-9999.0,-9999.0,70.7080001831,38.4226199965324,25.0643976740163,262105.81,670692.49,12,8,70.708
NS67SW_3000,1,3_1,6.17428346878,-9999.0,-9999.0,-9999.0,72.9469985962,118.404592528655,43.6996993122289,262277.73,670694.61,12,8,72.947
NS67SW_3001,1,3_1,2.03306006308,-9999.0,-9999.0,-9999.0,73.033996582,89.6685541502968,43.2673711866768,262292.03,670692.63,28,16,73.034
NS67SW_3002,1,3_1,2.16724537037,-9999.0,-9999.0,-9999.0,71.0820007324,34.0217174970264,23.6727533350998,262117.44,670688.36,12,8,71.082
NS67SW_3006,1,3_1,5.4235428258,-9999.0,-9999.0,-9999.0,71.0849990845,90.7802775058064,41.6559021652927,262080.89,670690.72,20,12,71.085
NS67SW_3009,1,3_1,2.1814225037,-9999.0,-9999.0,-9999.0,73.7170028687,44.1735599975497,26.6642852707518,262308.83,670687.27,12,8,73.717
NS67SW_3012,1,3_1,3.74726940615,-9999.0,-9999.0,-9999.0,71.3830032349,267.599539894424,102.893801929502,262235.47,670690.42,68,36,71.383
NS67SW_3018,1,3_1,5.38132971029,-9999.0,-9999.0,-9999.0,70.8870010376,144.714616885187,52.9083704750634,262205.85,670688.8,28,16,70.887
NS67SW_3026,1,3_1,6.53286239236,-9999.0,-9999.0,-9999.0,71.1770019531,110.509445519862,42.370024514373,262069.91,670684.97,12,8,71.177
NS67SW_3028,1,3_1,5.24515429901,-9999.0,-9999.0,-9999.0,71.3820037842,311.082807503361,95.531638917947,262011.51,670687.89,44,24,71.382
NS67SW_3029,1,3_1,2.43697446352,-9999.0,-9999.0,-9999.0,71.2900009155,23.0676187540981,22.296960573074,262081.44,670680.0,8,6,71.29
NS67SW_3030,1,3_1,5.35196946838,-9999.0,-9999.0,-9999.0,73.5719985962,128.203639661286,45.6414320672274,262320.87,670683.93,20,12,73.572
NS67SW_3034,1,3_1,2.1502183613,-9999.0,-9999.0,-9999.0,71.7819976807,39.7505850024088,26.5245562414067,262236.67,670679.02,12,8,71.782
NS67SW_3037,1,3_1,5.85764725297,-9999.0,-9999.0,-9999.0,71.2860031128,68.8101974908345,32.3323672149804,262057.9,670680.19,16,10,71.286
NS67SW_3038,1,3_1,2.24868817397,-9999.0,-9999.0,-9999.0,73.1320037842,20.5799850011156,20.7721125951894,262300.95,670677.41,8,6,73.132
NS67SW_3042,1,3_1,6.08774171234,-9999.0,-9999.0,-9999.0,70.9270019531,120.970697182922,46.9883296693857,262124.09,670679.24,28,16,70.927
NS67SW_3043,1,3_1,5.15501104688,-9999.0,-9999.0,-9999.0,72.7440032959,161.450813260489,52.9109566137537,262284.79,670680.02,20,12,72.744
NS67SW_3044,1,3_1,5.21384779521,-9999.0,-9999.0,-9999.0,72.4240036011,88.4609683203588,38.7237075437373,261994.02,670677.73,12,8,72.424
NS67SW_3051,1,3_1,2.34970308233,-9999.0,-9999.0,-9999.0,71.3970031738,56.5110069319919,30.2015350775551,262090.97,670673.79,12,8,71.397
NS67SW_3055,1,3_1,5.60312408447,-9999.0,-9999.0,-9999.0,71.8850021362,140.083778103682,53.0405753013428,262250.96,670675.27,28,16,71.885
NS67SW_3058,1,3_1,5.3807075614,-9999.0,-9999.0,-9999.0,70.4639968872,292.224964014556,89.6129500370398,262172.68,670682.12,36,20,70.464
NS67SW_3059,1,3_1,5.51593119498,-9999.0,-9999.0,-9999.0,73.4570007324,66.717015818729,33.1453923845031,262324.65,670670.38,12,8,73.457
NS67SW_3063,1,3_1,5.31161426609,-9999.0,-9999.0,-9999.0,71.4629974365,156.988904986915,54.8845909988366,262046.17,670671.52,24,14,71.463
NS67SW_3067,1,3_1,4.69865482121,-9999.0,-9999.0,-9999.0,70.8069992065,219.237339531432,72.314659463867,262214.57,670671.45,44,24,70.807
NS67SW_3069,1,3_1,4.69289512406,-9999.0,-9999.0,-9999.0,72.7689971924,175.466036908961,74.1508915328898,261978.01,670669.18,48,26,72.769
NS67SW_3070,1,3_1,2.15403405214,-9999.0,-9999.0,-9999.0,71.5449981689,24.5354062499246,23.1953856498412,262240.91,670663.72,8,6,71.545
NS67SW_3073,1,3_1,5.01775644757,-9999.0,-9999.0,-9999.0,72.6679992676,100.88964811563,40.2193469675996,262292.12,670665.9,12,8,72.668
NS67SW_3076,1,3_1,4.87254062491,-9999.0,-9999.0,-9999.0,70.966003418,201.611362116199,78.7008819827107,262137.44,670667.64,44,24,70.966
NS67SW_3079,1,3_1,3.03522198375,-9999.0,-9999.0,-9999.0,71.6900024414,85.8244696220002,37.0956313038142,262064.52,670663.82,12,8,71.69
NS67SW_3082,1,3_1,6.31399962533,-9999.0,-9999.0,-9999.0,71.4469985962,108.732385792997,41.9832797342209,262096.04,670662.69,12,8,71.447
NS67SW_3084,1,3_1,4.94894380155,-9999.0,-9999.0,-9999.0,70.68699646,98.3833662357405,39.6753743525117,262181.07,670661.1,12,8,70.687
NS67SW_3087,1,3_1,5.38400036992,-9999.0,-9999.0,-9999.0,71.9029998779,84.3930337807678,38.699359758857,262036.4,670660.86,20,12,71.903
NS67SW_3090,1,3_1,6.09645489993,-9999.0,-9999.0,-9999.0,73.5410003662,108.250629531203,43.9142038859873,261968.34,670659.49,20,12,73.541
NS67SW_3091,1,3_1,4.74885550412,-9999.0,-9999.0,-9999.0,71.8720016479,113.864448757837,45.2585942890042,262255.86,670659.9,20,12,71.872
NS67SW_3101,1,3_1,4.42666488589,-9999.0,-9999.0,-9999.0,71.5220031738,132.893697980132,49.8047090950109,262222.02,670656.1,20,12,71.522
NS67SW_3111,1,3_1,2.4576679539,-9999.0,-9999.0,-9999.0,71.8489990234,47.4018937569027,27.6734649141268,262091.01,670650.56,12,8,71.849
NS67SW_3117,1,3_1,5.46837031531,-9999.0,-9999.0,-9999.0,73.9940032959,153.766792491663,54.2787251678569,261954.09,670651.72,24,14,73.994
NS67SW_3119,1,3_1,3.75538151192,-9999.0,-9999.0,-9999.0,71.03099823,134.688068468075,49.7939406624575,262183.82,670648.78,20,12,71.031
NS67SW_3122,1,3_1,5.80279034246,-9999.0,-9999.0,-9999.0,73.1439971924,69.5507494574392,33.545930914256,262012.91,670646.47,12,8,73.144
NS67SW_3127,1,3_1,4.32717220321,-9999.0,-9999.0,-9999.0,71.2679977417,268.514591382291,90.0341654789382,262142.78,670647.93,52,28,71.268
NS67SW_3132,1,3_1,6.24646362305,-9999.0,-9999.0,-9999.0,74.6309967041,116.00673214895,43.2692658748116,261936.87,670642.39,12,8,74.631
NS67SW_3135,1,3_1,4.26875636329,-9999.0,-9999.0,-9999.0,72.4420013428,175.892472787472,75.5175974433574,262055.34,670640.96,36,20,72.442
NS67SW_3142,1,3_1,4.55118687601,-9999.0,-9999.0,-9999.0,73.8840026855,290.823585628829,77.8128624243885,261994.25,670638.58,40,22,73.884
NS67SW_3148,1,3_1,3.62887956069,-9999.0,-9999.0,-9999.0,71.8880004883,146.135860358892,52.4129808324197,262155.34,670634.14,20,12,71.888
NS67SW_3149,1,3_1,6.39571610203,-9999.0,-9999.0,-9999.0,75.0080032349,108.521182745692,41.9527229911929,261923.19,670632.15,12,8,75.008
NS67SW_3160,1,3_1,4.36062469482,-9999.0,-9999.0,-9999.0,71.7549972534,460.244253244833,164.824960628265,262107.83,670638.99,108,58,71.755
NS67SW_3163,1,3_1,5.03350438298,-9999.0,-9999.0,-9999.0,73.0279998779,126.513960198318,47.7705424397572,262057.61,670626.38,24,14,73.028
NS67SW_3169,1,3_1,5.3269093155,-9999.0,-9999.0,-9999.0,75.2249984741,147.797077490849,58.86022064812,261909.53,670626.32,44,24,75.225
NS67SW_1005,1,3_2,5.31742353189,-9999.0,-9999.0,-9999.0,60.908000946,644.330482128929,104.070232535085,261951.38,671764.95,12,8,60.908
NS67SW_1045,1,3_2,4.16595399717,-9999.0,-9999.0,-9999.0,60.9039993286,1616.15767810479,198.374716768739,261910.53,671739.83,44,24,60.904
NS67SW_1078,1,3_2,4.75542950534,-9999.0,-9999.0,-9999.0,60.7140007019,2258.26375593092,298.430178024103,262003.65,671735.8,100,52,60.714
NS67SW_1084,1,3_2,3.65112521344,-9999.0,-9999.0,-9999.0,61.6220016479,129.833319100267,49.922996049804,261962.82,671700.2,20,12,61.622
NS67SW_1101,1,3_2,3.57791799429,-9999.0,-9999.0,-9999.0,62.0690002441,52.6385058913527,48.306664546958,261992.95,671684.85,32,18,62.069
NS67SW_1116,1,3_2,4.92069722677,-9999.0,-9999.0,-9999.0,61.0750007629,1826.5275205433,195.453251809927,261899.36,671695.38,44,24,61.075
NS67SW_1137,1,3_2,4.21285446252,-9999.0,-9999.0,-9999.0,61.9780006409,772.727333880662,131.583368426338,261963.31,671669.19,52,28,61.978
NS67SW_1164,1,3_2,5.52920675097,-9999.0,-9999.0,-9999.0,63.0870018005,207.438894849292,72.0973928567479,261884.82,671637.23,36,20,63.087
NS67SW_1214,1,3_2,5.2920331149,-9999.0,-9999.0,-9999.0,64.5360031128,148.612669097707,50.1621384178053,261963.69,671604.52,20,12,64.536
NS67SW_1222,1,3_2,4.14575611385,-9999.0,-9999.0,-9999.0,64.6460037231,238.869842019718,82.8536598111712,261981.8,671601.11,60,32,64.646
NS67SW_1254,1,3_2,4.43965062228,-9999.0,-9999.0,-9999.0,64.7122039795,36.1908698135154,32.8123538873858,261953.2,671570.51,12,8,64.712
NS67SW_1255,1,3_2,5.7163125694,-9999.0,-9999.0,-9999.0,65.2080001831,370.299432869619,133.448107181811,261881.36,671586.26,72,38,65.208
NS67SW_1259,1,3_2,1.97788375992,-9999.0,-9999.0,-9999.0,66.716003418,30.5176162497176,25.3210099617481,261898.51,671568.86,12,8,66.716
NS67SW_1261,1,3_2,6.06967036936,-9999.0,-9999.0,-9999.0,65.1699981689,875.080616998211,252.651155740335,262029.43,671583.9,92,48,65.17
NS67SW_1289,1,3_2,5.55948065713,-9999.0,-9999.0,-9999.0,66.6480026245,198.017669898322,58.1309971618214,261886.15,671558.54,20,12,66.648
NS67SW_1308,1,3_2,3.2636476492,-9999.0,-9999.0,-9999.0,65.1890029907,85.1681777135154,38.616026295014,262231.16,671547.36,12,8,65.189
NS67SW_1318,1,3_2,6.19560384928,-9999.0,-9999.0,-9999.0,65.7409973145,134.449804318949,46.6177702512524,262023.22,671542.09,12,8,65.741
NS67SW_1320,1,3_2,4.57732830491,-9999.0,-9999.0,-9999.0,65.8850021362,42.6006112499841,34.6572000039652,262038.49,671540.72,12,8,65.885
NS67SW_1324,1,3_2,4.79686220954,-9999.0,-9999.0,-9999.0,66.18800354,35.1190303997302,29.1955579383163,262065.35,671536.84,12,8,66.188
NS67SW_1350,1,3_2,5.9855459312,-9999.0,-9999.0,-9999.0,67.5510025024,353.38503167014,120.448312803657,261887.57,671530.02,84,44,67.551
NS67SW_1358,1,3_2,2.10949205519,-9999.0,-9999.0,-9999.0,68.4169998169,38.8933724996311,28.0133256883057,261901.19,671514.0,16,10,68.417
NS67SW_1380,1,3_2,6.89300176024,-9999.0,-9999.0,-9999.0,68.5419998169,134.045609769913,46.8777335049814,261890.16,671503.82,12,8,68.542
NS67SW_1407,1,3_2,5.00299983707,-9999.0,-9999.0,-9999.0,68.6679992676,251.859618179537,78.702971405598,261896.41,671489.19,36,20,68.668
NS67SW_1436,1,3_2,6.64885733986,-9999.0,-9999.0,-9999.0,69.2180023193,138.543087820654,47.6914110416718,261894.07,671468.17,12,8,69.218
NS67SW_1440,1,3_2,17.8293593634,-9999.0,-9999.0,-9999.0,61.4700012207,4788.30866867407,319.663334061489,262477.32,671492.07,84,44,61.47
NS67SW_1448,1,3_2,2.38611431428,-9999.0,-9999.0,-9999.0,69.5110015869,49.5324150018254,35.6442994846261,261906.93,671460.11,28,16,69.511
NS67SW_1470,1,3_2,6.26560660261,-9999.0,-9999.0,-9999.0,69.7379989624,159.503471896969,54.9557020205682,261897.34,671450.14,28,16,69.738
NS67SW_1510,1,3_2,4.60902645352,-9999.0,-9999.0,-9999.0,67.4189987183,28.7127652148645,25.3899571384893,262352.44,671421.26,12,8,67.419
NS67SW_1512,1,3_2,4.33499359325,-9999.0,-9999.0,-9999.0,67.2850036621,79.7891700762594,37.7176506304016,262357.76,671422.09,12,8,67.285
NS67SW_1529,1,3_2,5.1115296092,-9999.0,-9999.0,-9999.0,69.5699996948,468.302562496063,156.930484644843,261899.75,671425.23,84,44,69.57
NS67SW_1540,1,3_2,4.63407838016,-9999.0,-9999.0,-9999.0,67.4530029297,476.025811753407,161.567764351593,262340.52,671404.7,92,48,67.453
NS67SW_1541,1,3_2,2.25949651545,-9999.0,-9999.0,-9999.0,69.9789962769,25.9548900034197,23.6893940025773,261890.89,671398.2,8,6,69.979
NS67SW_1585,1,3_2,5.98120344985,-9999.0,-9999.0,-9999.0,66.6930007935,117.057593840789,51.3476552645406,262115.16,671380.13,24,14,66.693
NS67SW_1641,1,3_2,3.1931608796,-9999.0,-9999.0,-9999.0,67.6539993286,428.407297963845,117.164438275081,262396.33,671352.71,28,16,67.654
NS67SW_1712,1,3_2,4.56319825731,-9999.0,-9999.0,-9999.0,66.8140029907,365.493497167998,82.3552838315881,262426.64,671316.64,20,12,66.814
NS67SW_1732,1,3_2,3.33808509408,-9999.0,-9999.0,-9999.0,64.1279983521,65.7068021509231,35.4639199556829,262499.53,671305.62,28,16,64.128
NS67SW_4928,1,3_2,10.2195540066,-9999.0,-9999.0,-9999.0,65.3550033569,48023.5156881356,1365.52392296279,262154.74,671474.6,304,148,65.355
NS67SW_917,1,3_2,3.49252427351,-9999.0,-9999.0,-9999.0,62.6650009155,71.2530337317298,33.897330158595,262052.53,671874.82,12,8,62.665
NS67SW_926,1,3_2,4.60544392713,-9999.0,-9999.0,-9999.0,62.7369995117,512.049919737503,123.151691079428,261890.14,671872.57,60,32,62.737
NS67SW_940,1,3_2,3.15497485502,-9999.0,-9999.0,-9999.0,61.4049987793,23.7463200011577,20.2770244988675,261909.59,671840.47,12,8,61.405
NS67SW_945,1,3_2,4.69538114304,-9999.0,-9999.0,-9999.0,62.5999984741,141.450339470122,55.963886712576,262102.71,671838.52,28,16,62.6
NS67SW_988,1,3_2,6.05031142125,-9999.0,-9999.0,-9999.0,60.8149986267,1558.54290615453,157.959974617247,261966.02,671796.31,12,8,60.815
NS67SW_369,1,3_3,2.53327981163,-9999.0,-9999.0,-9999.0,55.4550018311,68.9135052050307,36.2543694547814,262146.73,672494.14,12,8,55.455
NS67SW_375,1,3_3,2.38467007875,-9999.0,-9999.0,-9999.0,55.4980010986,50.5681649898895,29.6207587357262,262162.02,672488.29,16,10,55.498
NS67SW_387,1,3_3,2.61853495463,-9999.0,-9999.0,-9999.0,55.5379981995,92.7137870826437,46.6178487321,262165.23,672477.7,28,16,55.538
NS67SW_392,1,3_3,2.24781034627,-9999.0,-9999.0,-9999.0,55.5410003662,59.8212634928985,32.4263169675502,262178.89,672472.87,12,8,55.541
NS67SW_453,1,3_3,6.97104046866,-9999.0,-9999.0,-9999.0,55.4599990845,862.0397292342,122.524542250481,262141.48,672428.72,12,8,55.46
NS67SW_602,1,3_3,4.57040772615,-9999.0,-9999.0,-9999.0,64.2060012817,268.895153933188,84.0811723226607,262042.92,672252.36,28,16,64.206
NS67SW_693,1,3_3,4.17975252774,-9999.0,-9999.0,-9999.0,64.9700012207,97.2706841983619,41.7008205186435,262243.98,672148.41,12,8,64.97
NS67SW_732,1,3_3,2.66349604044,-9999.0,-9999.0,-9999.0,63.4970016479,63.0685612444809,34.9222239190055,262014.28,672100.24,20,12,63.497
NS67SW_751,1,3_3,2.8612651825,-9999.0,-9999.0,-9999.0,60.2089996338,22.7331187503878,26.0270685773277,261919.68,672078.9,12,8,60.209
NS67SW_754,1,3_3,4.60538740643,-9999.0,-9999.0,-9999.0,63.4959983826,151.000228862026,54.2988341796908,262010.49,672081.18,36,20,63.496
NS67SW_761,1,3_3,4.67637125535,-9999.0,-9999.0,-9999.0,62.1450004578,280.890508895596,83.8902785968218,261902.25,672070.6,52,28,62.145
NS67SW_767,1,3_3,5.18597950527,-9999.0,-9999.0,-9999.0,61.077999115,270.795748071147,70.6436104817608,261924.28,672065.43,32,18,61.078
NS67SW_771,1,3_3,8.39153361671,-9999.0,-9999.0,-9999.0,63.7159996033,14718.9058525887,679.624626968489,262408.02,672121.84,196,100,63.716
NS67SW_777,1,3_3,3.53428818839,-9999.0,-9999.0,-9999.0,62.96900177,252.66567804909,66.590334178714,261893.06,672046.17,36,20,62.969
NS67SW_795,1,3_3,4.31387805436,-9999.0,-9999.0,-9999.0,63.1699981689,338.078337914988,77.1566171831039,262000.82,672030.96,12,8,63.17
NS67SW_805,1,3_3,3.54111569453,-9999.0,-9999.0,-9999.0,62.438999176,795.847802206334,219.15297554921,261935.77,672037.82,124,64,62.439
NS67SW_815,1,3_3,3.8373856562,-9999.0,-9999.0,-9999.0,62.4469985962,212.989469941843,62.0595043790547,261908.45,672007.82,20,12,62.447
NS67SW_816,1,3_3,3.04634154715,-9999.0,-9999.0,-9999.0,62.2291984558,48.4882997991975,41.4768309254254,261930.33,672005.11,20,12,62.229
NS67SW_819,1,3_3,5.6129422019,-9999.0,-9999.0,-9999.0,62.4430007935,235.410556436507,69.0523450172808,261886.82,672005.25,28,16,62.443
NS67SW_853,1,3_3,3.72119604823,-9999.0,-9999.0,-9999.0,62.4140014648,173.165707137736,57.3885024497835,261888.71,671957.88,28,16,62.414
NS67SW_858,1,3_3,3.06387344759,-9999.0,-9999.0,-9999.0,62.7415008545,70.1748156637497,37.1265438505469,262190.73,671947.61,12,8,62.742
NS67SW_899,1,3_3,3.57735146284,-9999.0,-9999.0,-9999.0,63.2840003967,83.1110276630595,39.5209292209995,261909.23,671896.15,20,12,63.284
NS67SW_900,1,3_3,5.86804415322,-9999.0,-9999.0,-9999.0,62.7750015259,1120.65600238475,169.396913910124,262169.1,671918.85,36,20,62.775
NS67SW_938,1,3_3,7.25310067808,-9999.0,-9999.0,-9999.0,62.4053344727,22121.4089570954,1234.48981655685,262100.6,671970.59,268,136,62.405
NS67SW_299,1,3_4,3.40796568336,-9999.0,-9999.0,-9999.0,60.3569984436,53.6540759412364,31.8159761041165,262035.46,672583.51,12,8,60.357
NS67SW_304,1,3_4,4.15974684526,-9999.0,-9999.0,-9999.0,60.0069999695,195.244463882703,70.8221171302467,262017.64,672579.21,44,24,60.007
NS67SW_305,1,3_4,3.45693249529,-9999.0,-9999.0,-9999.0,59.9900016785,90.4059798134058,51.1453407654379,262025.56,672577.24,12,8,59.99
NS67SW_335,1,3_4,3.86855978771,-9999.0,-9999.0,-9999.0,55.2779998779,276.035429969425,71.8166451845556,261997.71,672542.18,28,16,55.278
NS67SW_343,1,3_4,8.14333817017,-9999.0,-9999.0,-9999.0,54.7379989624,4919.72326812327,564.990700314582,261901.5,672573.51,244,124,54.738
NS67SW_353,1,3_4,6.26825916685,-9999.0,-9999.0,-9999.0,57.3923339844,40.4654475016734,26.4313243986807,262078.6,672510.6,12,8,57.392
NS67SW_358,1,3_4,16.7398232617,-9999.0,-9999.0,-9999.0,55.1590003967,278.990552465199,111.819198026211,261982.0,672514.1,44,24,55.159
NS67SW_363,1,3_4,2.96114425298,-9999.0,-9999.0,-9999.0,55.438999176,56.4136537482768,34.346049774029,262092.13,672500.66,20,12,55.439
NS67SW_368,1,3_4,4.64860775766,-9999.0,-9999.0,-9999.0,59.841999054,695.321741022748,158.495681188728,262169.35,672509.91,60,32,59.842
NS67SW_106,1,3_5,4.61511479032,-9999.0,-9999.0,-9999.0,36.3870010376,2115.47291529506,317.814943815763,262184.0,673363.03,100,52,36.387
NS67SW_109,1,3_5,5.45320991865,-9999.0,-9999.0,-9999.0,36.7010002136,243.609088535781,79.8057078844033,262195.75,673326.83,44,24,36.701
NS67SW_126,1,3_5,2.19241956385,-9999.0,-9999.0,-9999.0,46.5460014343,64.1108376971559,32.1411237292249,262363.6,673204.07,12,8,46.546
NS67SW_129,1,3_5,3.40549294107,-9999.0,-9999.0,-9999.0,45.0149993896,175.514775304803,57.0753772300472,262339.64,673201.67,20,12,45.015
NS67SW_134,1,3_5,4.06857074932,-9999.0,-9999.0,-9999.0,48.9729995728,155.64612577023,53.3346840119533,262358.52,673174.88,20,12,48.973
NS67SW_139,1,3_5,7.09328293567,-9999.0,-9999.0,-9999.0,46.1599998474,605.189711570868,133.287123748217,262350.41,673144.47,96,50,46.16
NS67SW_79,1,3_5,3.71735428016,-9999.0,-9999.0,-9999.0,35.7480010986,51.1458909079871,41.5042106614741,262159.39,673416.91,28,16,35.748
NS67SW_99,1,3_5,19.4246973895,-9999.0,-9999.0,-9999.0,36.2470016479,46.2217848002381,27.9578942494623,262231.39,673369.43,20,12,36.247
NS67SW_3172,1,4_0,5.95514474205,-9999.0,-9999.0,-9999.0,77.1510009766,82.2090043292984,36.287895559128,262871.68,670621.8,12,8,77.151
NS67SW_3188,1,4_0,5.18188047881,-9999.0,-9999.0,-9999.0,77.2740020752,109.606497426321,42.4929246921889,262839.63,670617.17,24,14,77.274
NS67SW_3204,1,4_0,6.02018049133,-9999.0,-9999.0,-9999.0,77.7030029297,157.971580700779,51.3082388278218,262921.14,670607.64,12,8,77.703
NS67SW_3207,1,4_0,6.05928257805,-9999.0,-9999.0,-9999.0,78.0670013428,103.993472709963,40.8136795995395,262947.17,670605.17,12,8,78.067
NS67SW_3219,1,4_0,4.9820904977,-9999.0,-9999.0,-9999.0,77.3280029297,226.632210395364,76.9149299784798,262798.17,670605.67,36,20,77.328
NS67SW_3223,1,4_0,5.30807874554,-9999.0,-9999.0,-9999.0,78.3170013428,150.428615953663,51.52415269443,262834.25,670598.49,28,16,78.317
NS67SW_3229,1,4_0,4.89023904592,-9999.0,-9999.0,-9999.0,77.68800354,298.373777308453,103.488956587645,262878.68,670601.43,56,32,77.688
NS67SW_3239,1,4_0,5.92679957854,-9999.0,-9999.0,-9999.0,78.1819992065,122.236764511618,44.4010817436488,262950.37,670589.99,16,10,78.182
NS67SW_3243,1,4_0,5.54105317807,-9999.0,-9999.0,-9999.0,79.75,131.855876243931,49.8287698421497,262848.78,670586.17,20,12,79.75
NS67SW_3268,1,4_0,6.04098901173,-9999.0,-9999.0,-9999.0,78.2969970703,153.361751045852,50.4795793196821,262911.47,670580.57,12,8,78.297
NS67SW_3281,1,4_0,5.24963684354,-9999.0,-9999.0,-9999.0,78.1920013428,151.536206252707,61.8320308673613,262740.03,670574.02,36,20,78.192
NS67SW_3283,1,4_0,6.0161517737,-9999.0,-9999.0,-9999.0,77.2470016479,139.507741880107,47.279364324536,262712.67,670573.89,12,8,77.247
NS67SW_3288,1,4_0,6.0590206768,-9999.0,-9999.0,-9999.0,78.263999939,114.788565596287,42.9325135226852,262928.86,670571.47,12,8,78.264
NS67SW_3299,1,4_0,5.13286055908,-9999.0,-9999.0,-9999.0,79.4410018921,163.136520006066,60.9514141243201,262766.94,670568.32,32,18,79.441
NS67SW_3326,1,4_0,2.68250261214,-9999.0,-9999.0,-9999.0,80.3970031738,63.3663179251499,38.8352590805535,262826.28,670555.32,20,12,80.397
NS67SW_3328,1,4_0,6.04722178822,-9999.0,-9999.0,-9999.0,78.2760009766,147.172278071734,50.397096813119,262708.28,670550.47,20,12,78.276
NS67SW_3333,1,4_0,5.07388684336,-9999.0,-9999.0,-9999.0,80.766998291,108.895501308129,54.4585325091383,262804.67,670546.99,44,24,80.767
NS67SW_3334,1,4_0,4.99535025431,-9999.0,-9999.0,-9999.0,80.6510009766,117.483286186531,51.0220814949804,262817.94,670548.48,32,18,80.651
NS67SW_3351,1,4_0,4.89811857003,-9999.0,-9999.0,-9999.0,80.1070022583,134.685005512865,71.7136392554392,262842.41,670541.42,40,22,80.107
NS67SW_3367,1,4_0,5.13956642151,-9999.0,-9999.0,-9999.0,80.7620010376,160.099927666135,56.3761773747796,262796.59,670533.63,28,16,80.762
NS67SW_3374,1,4_0,6.40619499356,-9999.0,-9999.0,-9999.0,80.7200012207,134.095699504376,46.326340293586,262770.94,670528.12,12,8,80.72
NS67SW_3377,1,4_0,5.99606683935,-9999.0,-9999.0,-9999.0,79.4769973755,120.356073042972,44.0370127321312,262712.97,670526.49,12,8,79.477
NS67SW_3380,1,4_0,6.32716235084,-9999.0,-9999.0,-9999.0,80.0329971313,252.601548878311,67.6303846191922,262734.95,670526.34,12,8,80.033
NS67SW_3390,1,4_0,4.90122725621,-9999.0,-9999.0,-9999.0,79.9400024414,178.315089131126,65.5808657535618,262844.56,670524.34,44,24,79.94
NS67SW_3395,1,4_0,6.25923561207,-9999.0,-9999.0,-9999.0,78.2060012817,123.716921493964,44.5175148802404,262904.91,670518.96,12,8,78.206
NS67SW_3399,1,4_0,5.32177597377,-9999.0,-9999.0,-9999.0,79.9739990234,83.6977690568645,38.7107935614045,262830.98,670514.43,20,12,79.974
NS67SW_3411,1,4_0,6.00600963756,-9999.0,-9999.0,-9999.0,78.0550003052,101.998524531169,40.438744546722,262900.62,670506.28,12,8,78.055
NS67SW_3435,1,4_0,6.25045252183,-9999.0,-9999.0,-9999.0,79.5260009766,113.472144717478,43.2494987355688,262810.62,670495.76,20,12,79.526
NS67SW_3436,1,4_0,6.37336604395,-9999.0,-9999.0,-9999.0,79.28099823,107.021010053336,41.5355222573064,262734.17,670494.73,12,8,79.281
NS67SW_3441,1,4_0,5.37199784955,-9999.0,-9999.0,-9999.0,78.7590026855,243.531282937863,81.1380286363166,262712.76,670493.07,44,24,78.759
NS67SW_3444,1,4_0,5.94343393676,-9999.0,-9999.0,-9999.0,78.15599823,104.339404556884,40.8967558658428,262900.66,670492.63,12,8,78.156
NS67SW_3445,1,4_0,6.13151615027,-9999.0,-9999.0,-9999.0,77.3059997559,128.884210804869,45.4291486088161,262878.43,670491.47,12,8,77.306
NS67SW_3447,1,4_0,5.69313327168,-9999.0,-9999.0,-9999.0,80.2730026245,128.221845496397,49.1960344252077,262750.22,670491.11,28,16,80.273
NS67SW_3451,1,4_0,2.4135591295,-9999.0,-9999.0,-9999.0,79.3249969482,25.844583751897,21.5355588047821,262728.53,670484.7,12,8,79.325
NS67SW_3452,1,4_0,5.77424281438,-9999.0,-9999.0,-9999.0,80.4509963989,125.279083754778,48.3585056652036,262766.23,670487.97,20,12,80.451
NS67SW_3454,1,4_0,2.17774922797,-9999.0,-9999.0,-9999.0,78.2220001221,77.1989137500611,48.1501010144391,262824.79,670484.85,32,18,78.222
NS67SW_3457,1,4_0,5.47263925972,-9999.0,-9999.0,-9999.0,80.1849975586,72.1416139650584,38.0940614862007,262778.29,670485.37,20,12,80.185
NS67SW_3461,1,4_0,2.92487180031,-9999.0,-9999.0,-9999.0,77.8310012817,118.226280988385,47.7324503617455,262696.2,670486.0,20,12,77.831
NS67SW_3464,1,4_0,6.39822262225,-9999.0,-9999.0,-9999.0,78.7590026855,97.8325378474228,39.6209862811524,262812.56,670480.72,12,8,78.759
NS67SW_3465,1,4_0,5.92908189222,-9999.0,-9999.0,-9999.0,78.0780029297,96.0893176985526,39.4915425643086,262896.99,670482.0,12,8,78.078
NS67SW_3486,1,4_0,2.70363198665,-9999.0,-9999.0,-9999.0,78.6750030518,124.864477752314,53.2149056438204,262778.16,670470.85,28,16,78.675
NS67SW_3491,1,4_0,2.92028253017,-9999.0,-9999.0,-9999.0,78.4240036011,48.7658399962092,27.9408434356876,262924.88,670464.97,12,8,78.424
NS67SW_3497,1,4_0,6.12751258792,-9999.0,-9999.0,-9999.0,76.8570022583,99.2719666689181,39.8630647510452,262867.81,670465.8,12,8,76.857
NS67SW_3507,1,4_0,6.09512263295,-9999.0,-9999.0,-9999.0,77.1750030518,96.9249922283475,40.0517994163485,262879.78,670461.49,20,12,77.175
NS67SW_3513,1,4_0,6.07568094838,-9999.0,-9999.0,-9999.0,77.6129989624,101.053923292363,40.2285781391297,262893.07,670460.06,12,8,77.613
NS67SW_3516,1,4_0,4.61069632915,-9999.0,-9999.0,-9999.0,78.0400009155,336.755890458964,117.477903465902,262722.81,670461.67,68,36,78.04
NS67SW_3517,1,4_0,6.3543069167,-9999.0,-9999.0,-9999.0,78.25,118.066969575897,43.5377102582747,262951.02,670458.62,12,8,78.25
NS67SW_3527,1,4_0,4.94858433469,-9999.0,-9999.0,-9999.0,78.4162902832,172.25633085253,54.9902075142906,262938.29,670459.0,24,14,78.416
NS67SW_3529,1,4_0,4.56606436349,-9999.0,-9999.0,-9999.0,77.966003418,198.473711282387,73.3700737176351,262746.67,670459.29,52,28,77.966
NS67SW_3531,1,4_0,5.87597674723,-9999.0,-9999.0,-9999.0,78.1429977417,107.864485345066,41.8112799281141,262916.15,670455.19,12,8,78.143
NS67SW_3538,1,4_0,4.86947797608,-9999.0,-9999.0,-9999.0,77.53099823,205.768103909691,67.0877302268764,262766.57,670455.49,28,16,77.531
NS67SW_3542,1,4_0,5.57528170205,-9999.0,-9999.0,-9999.0,77.1910018921,137.577422940779,50.7335637618819,262779.8,670453.34,28,16,77.191
NS67SW_3564,1,4_0,5.96760457896,-9999.0,-9999.0,-9999.0,78.1510009766,99.06463975862,39.9042221027148,262916.72,670441.46,12,8,78.151
NS67SW_3565,1,4_0,9.96755939385,-9999.0,-9999.0,-9999.0,75.2040023804,8921.29749763549,744.58964225686,262589.2,670501.58,120,60,75.204
NS67SW_3577,1,4_0,5.9851994543,-9999.0,-9999.0,-9999.0,77.2310028076,86.1068109865478,37.7469336755576,262707.58,670436.34,12,8,77.231
NS67SW_3583,1,4_0,6.26234771393,-9999.0,-9999.0,-9999.0,75.6819992065,95.427502112073,39.218181421468,262859.32,670433.14,12,8,75.682
NS67SW_3596,1,4_0,6.02903417236,-9999.0,-9999.0,-9999.0,76.3980026245,90.6497800021407,38.6385284403424,262870.75,670429.65,12,8,76.398
NS67SW_3597,1,4_0,6.19403355013,-9999.0,-9999.0,-9999.0,78.2220001221,100.792777249251,40.1966747921874,262918.51,670428.67,12,8,78.222
NS67SW_3601,1,4_0,5.19185823775,-9999.0,-9999.0,-9999.0,73.3373336792,514.219387594464,158.440610717774,262815.8,670447.27,108,56,73.337
NS67SW_3602,1,4_0,4.66677052802,-9999.0,-9999.0,-9999.0,77.608001709,195.88093986111,81.1254935894531,262888.2,670433.26,40,22,77.608
NS67SW_3612,1,4_0,4.80936982897,-9999.0,-9999.0,-9999.0,76.8280029297,154.805789317675,63.4149337966165,262712.96,670423.49,36,20,76.828
NS67SW_3613,1,4_0,5.27068165116,-9999.0,-9999.0,-9999.0,75.6220016479,168.948971922643,56.0094804198503,262774.05,670421.99,20,12,75.622
NS67SW_3614,1,4_0,5.84264441403,-9999.0,-9999.0,-9999.0,78.1370010376,113.478269077863,42.6309839523948,262952.21,670422.99,12,8,78.137
NS67SW_3618,1,4_0,4.80728123938,-9999.0,-9999.0,-9999.0,78.1210021973,149.397573510452,59.1971449644791,262935.87,670422.19,28,16,78.121
NS67SW_3625,1,4_0,5.01676914537,-9999.0,-9999.0,-9999.0,75.9629974365,197.701157390142,66.9528387824732,262754.2,670421.06,28,16,75.963
NS67SW_3630,1,4_0,4.95184256814,-9999.0,-9999.0,-9999.0,74.6029968262,113.595362891641,46.0798055304781,262789.89,670418.52,20,12,74.603
NS67SW_3652,1,4_0,2.37406100133,-9999.0,-9999.0,-9999.0,74.6539993286,43.7547075038441,27.2821051126095,262553.01,670407.34,12,8,74.654
NS67SW_3656,1,4_0,2.35465466699,-9999.0,-9999.0,-9999.0,76.2288894653,44.5407599985475,26.785191141178,262642.94,670406.4,12,8,76.229
NS67SW_3658,1,4_0,2.53715510874,-9999.0,-9999.0,-9999.0,76.2109985352,46.1223225012611,27.1771389838862,262673.36,670406.47,12,8,76.211
NS67SW_3659,1,4_0,5.8865167296,-9999.0,-9999.0,-9999.0,78.4410018921,107.23618076627,41.6957672354846,262921.29,670407.64,12,8,78.441
NS67SW_3672,1,4_0,6.02229966236,-9999.0,-9999.0,-9999.0,75.1399993896,124.286258381025,46.1087299222383,262849.64,670405.3,20,12,75.14
NS67SW_3689,1,4_0,6.30298374662,-9999.0,-9999.0,-9999.0,76.8570022583,96.247134606911,39.4601699401259,262887.6,670400.81,12,8,76.857
NS67SW_3690,1,4_0,6.2063406589,-9999.0,-9999.0,-9999.0,75.922996521,108.859726231398,41.7478098998357,262862.88,670399.67,12,8,75.923
NS67SW_3692,1,4_0,6.02371195475,-9999.0,-9999.0,-9999.0,78.1920013428,101.880344866446,40.4099220152774,262945.6,670398.6,12,8,78.192
NS67SW_3698,1,4_0,4.7860689972,-9999.0,-9999.0,-9999.0,73.28099823,285.934516027726,84.7007785688848,262503.36,670404.07,44,24,73.281
NS67SW_3702,1,4_0,5.96413254262,-9999.0,-9999.0,-9999.0,77.6809997559,94.1661208567601,39.1892553723736,262898.03,670396.95,12,8,77.681
NS67SW_3703,1,4_0,5.87449624159,-9999.0,-9999.0,-9999.0,74.5070037842,144.607166923329,48.7361905102588,262543.79,670396.38,20,12,74.507
NS67SW_3707,1,4_0,5.28614156655,-9999.0,-9999.0,-9999.0,74.8990020752,134.895931758809,49.5885656631805,262560.28,670395.75,20,12,74.899
NS67SW_3708,1,4_0,4.47241600585,-9999.0,-9999.0,-9999.0,75.1220016479,202.469792355228,67.909286800068,262577.46,670396.53,28,16,75.122
NS67SW_3709,1,4_0,5.38111674311,-9999.0,-9999.0,-9999.0,76.2710037231,120.090885668202,44.0279564240506,262650.52,670394.44,12,8,76.271
NS67SW_3710,1,4_0,5.22824569403,-9999.0,-9999.0,-9999.0,76.2210006714,132.545190803105,48.045932835664,262634.92,670394.47,20,12,76.221
NS67SW_3712,1,4_0,5.84158487956,-9999.0,-9999.0,-9999.0,75.5790023804,75.576306677514,34.9318840549702,262589.93,670392.84,12,8,75.579
NS67SW_3713,1,4_0,5.51822005763,-9999.0,-9999.0,-9999.0,75.9629974365,86.5109135129531,48.4195907323972,262622.43,670394.77,28,16,75.963
NS67SW_3714,1,4_0,5.25183205653,-9999.0,-9999.0,-9999.0,75.7720031738,106.202524728053,43.3360312702143,262599.95,670394.4,12,8,75.772
NS67SW_3715,1,4_0,5.41787643029,-9999.0,-9999.0,-9999.0,75.8629989624,99.9729257401141,41.2401346767335,262610.4,670393.61,12,8,75.863
NS67SW_3716,1,4_0,4.92302883897,-9999.0,-9999.0,-9999.0,76.3280029297,111.032276256909,44.122825759625,262666.5,670392.9,24,14,76.328
NS67SW_3717,1,4_0,5.93071299739,-9999.0,-9999.0,-9999.0,75.9909973145,89.2738003683089,38.1764977718479,262707.66,670392.37,12,8,75.991
NS67SW_3718,1,4_0,4.92858719876,-9999.0,-9999.0,-9999.0,73.1675033569,490.912033780807,144.030844944271,262766.49,670396.39,84,44,73.168
NS67SW_3724,1,4_0,5.97409071447,-9999.0,-9999.0,-9999.0,75.0459976196,82.6250075779866,36.8194568152435,262739.1,670389.64,12,8,75.046
NS67SW_3730,1,4_0,3.15980495725,-9999.0,-9999.0,-9999.0,74.8970031738,29.1893175069507,22.3618676960721,262853.89,670385.47,12,8,74.897
NS67SW_3732,1,4_0,5.01227673133,-9999.0,-9999.0,-9999.0,72.888999939,128.280568469655,45.3794879678672,262790.78,670388.02,12,8,72.889
NS67SW_3739,1,4_0,6.26707079426,-9999.0,-9999.0,-9999.0,73.6470031738,83.748148916381,36.9216819678317,262508.95,670384.5,12,8,73.647
NS67SW_3740,1,4_0,6.37848975802,-9999.0,-9999.0,-9999.0,78.236000061,123.534045224894,44.5204577393584,262942.62,670385.27,12,8,78.236
NS67SW_3756,1,4_0,6.33960087742,-9999.0,-9999.0,-9999.0,77.8649978638,92.2837005698243,38.6850237969931,262905.13,670381.16,12,8,77.865
NS67SW_3776,1,4_0,5.99154487523,-9999.0,-9999.0,-9999.0,78.2249984741,88.9591039126031,38.2203731578207,262945.04,670372.99,12,8,78.225
NS67SW_3777,1,4_0,4.9552353486,-9999.0,-9999.0,-9999.0,83.6999969482,1321.2139719528,239.016255362407,263044.06,670395.67,92,48,83.7
NS67SW_3779,1,4_0,6.29595773372,-9999.0,-9999.0,-9999.0,74.0790023804,126.474062796384,45.0089847113403,262836.85,670375.24,12,8,74.079
NS67SW_3781,1,4_0,5.82814178026,-9999.0,-9999.0,-9999.0,73.5419998169,91.9103184982943,40.2647835700411,262512.13,670373.02,20,12,73.542
NS67SW_3782,1,4_0,4.47700546825,-9999.0,-9999.0,-9999.0,75.3960037231,188.129107367049,69.7708500738568,262883.57,670377.74,36,20,75.396
NS67SW_3786,1,4_0,6.02151095867,-9999.0,-9999.0,-9999.0,77.891998291,101.65427887704,40.9919129936345,262915.33,670372.05,20,12,77.892
NS67SW_3794,1,4_0,2.8987709554,-9999.0,-9999.0,-9999.0,73.6740036011,22.1584274960269,22.5201364987052,262500.2,670366.76,8,6,73.674
NS67SW_3796,1,4_0,6.1899391117,-9999.0,-9999.0,-9999.0,74.4869995117,100.285194611577,40.0707953895354,262849.12,670369.84,12,8,74.487
NS67SW_3801,1,4_0,5.97629643153,-9999.0,-9999.0,-9999.0,75.8310012817,73.0900379402497,34.4780231112823,262571.43,670366.31,12,8,75.831
NS67SW_3802,1,4_0,5.72410281155,-9999.0,-9999.0,-9999.0,75.18800354,82.7645180991087,39.3208343091738,262550.78,670366.39,20,12,75.188
NS67SW_3807,1,4_0,5.09753291142,-9999.0,-9999.0,-9999.0,75.4749984741,99.1135342780301,41.3996965789811,262560.66,670365.06,12,8,75.475
NS67SW_3809,1,4_0,5.39613802378,-9999.0,-9999.0,-9999.0,73.5690002441,103.753544712552,43.9852744859097,262511.32,670362.25,20,12,73.569
NS67SW_3811,1,4_0,6.01021556922,-9999.0,-9999.0,-9999.0,76.6309967041,73.0383476093042,34.4535402354063,262599.19,670361.81,12,8,76.631
NS67SW_3812,1,4_0,6.15825800199,-9999.0,-9999.0,-9999.0,75.0559997559,95.6748425042464,39.2807202597616,262876.17,670361.55,12,8,75.056
NS67SW_3817,1,4_0,5.90882367372,-9999.0,-9999.0,-9999.0,77.9120025635,108.032073579212,43.1636982869833,262943.72,670360.73,20,12,77.912
NS67SW_3820,1,4_0,5.62363247755,-9999.0,-9999.0,-9999.0,76.9400024414,85.2072469750339,39.5693489984994,262621.23,670361.26,20,12,76.94
NS67SW_3825,1,4_0,5.91537389164,-9999.0,-9999.0,-9999.0,76.3639984131,144.038849994174,52.9367183175816,262585.57,670361.02,28,16,76.364
NS67SW_3832,1,4_0,3.79987478819,-9999.0,-9999.0,-9999.0,83.7620010376,1205.83764113748,237.391500514615,263081.52,670382.13,52,28,83.762
NS67SW_3836,1,4_0,5.37479337134,-9999.0,-9999.0,-9999.0,76.6920013428,217.878811459804,63.7581648866582,262695.33,670359.57,28,16,76.692
NS67SW_3843,1,4_0,2.18295726901,-9999.0,-9999.0,-9999.0,77.748336792,40.0754212456167,27.9906201178779,262677.39,670351.27,12,8,77.748
NS67SW_3846,1,4_0,6.07879731315,-9999.0,-9999.0,-9999.0,73.5360031128,71.6550917033441,34.142219491141,262515.75,670351.76,12,8,73.536
NS67SW_3847,1,4_0,4.42143397082,-9999.0,-9999.0,-9999.0,76.8310012817,137.144238194654,62.3070402907059,262607.61,670357.3,28,16,76.831
NS67SW_3848,1,4_0,5.99835877243,-9999.0,-9999.0,-9999.0,76.8600006104,91.400853396292,38.7630475601167,262909.46,670353.56,12,8,76.86
NS67SW_3856,1,4_0,5.97899758103,-9999.0,-9999.0,-9999.0,74.6289978027,90.5287182076682,38.5905926051117,262868.89,670352.1,12,8,74.629
NS67SW_3859,1,4_0,2.13618180389,-9999.0,-9999.0,-9999.0,76.1500015259,62.5731548252466,38.4172175791246,262576.54,670352.32,28,16,76.15
NS67SW_3860,1,4_0,4.55794090072,-9999.0,-9999.0,-9999.0,84.5979995728,618.734929781705,117.492632708266,263041.38,670358.66,28,16,84.598
NS67SW_3861,1,4_0,5.00267562074,-9999.0,-9999.0,-9999.0,77.2259979248,229.27437329427,82.603946686109,262637.36,670355.18,44,24,77.226
NS67SW_3866,1,4_0,4.59837923082,-9999.0,-9999.0,-9999.0,73.5138015747,153.310947704414,49.9899312152618,262783.52,670350.86,12,8,73.514
NS67SW_3868,1,4_0,6.10385223708,-9999.0,-9999.0,-9999.0,73.6900024414,102.006838251356,40.4528591590924,262825.96,670349.14,12,8,73.69
NS67SW_3869,1,4_0,6.22886844082,-9999.0,-9999.0,-9999.0,77.611000061,100.990357382363,40.2628250374333,262943.9,670347.69,12,8,77.611
NS67SW_3877,1,4_0,2.3749275986,-9999.0,-9999.0,-9999.0,76.7460021973,54.5169262505506,42.0032596849865,262594.82,670349.17,24,14,76.746
NS67SW_3887,1,4_0,4.83438887862,-9999.0,-9999.0,-9999.0,73.9700012207,340.887559730883,96.7815160841058,262759.33,670348.63,52,28,73.97
NS67SW_3890,1,4_0,6.14404880971,-9999.0,-9999.0,-9999.0,74.0,103.468442087621,40.7615140421079,262838.34,670345.61,12,8,74.0
NS67SW_3892,1,4_0,6.23968190392,-9999.0,-9999.0,-9999.0,76.3000030518,87.4064884527476,37.8268424520584,262898.77,670344.67,12,8,76.3
NS67SW_3894,1,4_0,6.01298783401,-9999.0,-9999.0,-9999.0,73.3970031738,75.2139651584107,34.9631845964545,262516.16,670341.79,12,8,73.397
NS67SW_3898,1,4_0,5.21026229858,-9999.0,-9999.0,-9999.0,77.2139968872,108.759555812481,43.5253540426233,262724.88,670341.43,12,8,77.214
NS67SW_3901,1,4_0,4.11161848397,-9999.0,-9999.0,-9999.0,75.9420013428,188.408771257657,82.9927817427026,262734.03,670346.25,48,26,75.942
NS67SW_3912,1,4_0,2.99786344139,-9999.0,-9999.0,-9999.0,77.6579971313,47.2784699945851,27.5143183245611,262955.49,670338.86,12,8,77.658
NS67SW_3914,1,4_0,5.26032100934,-9999.0,-9999.0,-9999.0,74.7689971924,98.6976215168027,39.7644998664184,262547.95,670338.81,12,8,74.769
NS67SW_3915,1,4_0,5.68475014823,-9999.0,-9999.0,-9999.0,75.4029998779,81.7014269769746,38.9465535623588,262559.96,670339.38,20,12,75.403
NS67SW_3924,1,4_0,2.46844100952,-9999.0,-9999.0,-9999.0,75.4126663208,25.3378162522387,25.7182642231749,262759.34,670334.17,16,10,75.413
NS67SW_3926,1,4_0,5.98302917968,-9999.0,-9999.0,-9999.0,76.8809967041,80.2515291125069,36.1921666217499,262591.23,670335.17,12,8,76.881
NS67SW_3929,1,4_0,6.00857710911,-9999.0,-9999.0,-9999.0,77.2350006104,82.8326741961602,36.7970332779367,262602.4,670334.72,12,8,77.235
NS67SW_3930,1,4_0,5.48341109369,-9999.0,-9999.0,-9999.0,77.5439987183,190.033480718658,70.9474264109355,262689.88,670338.6,36,20,77.544
NS67SW_3931,1,4_0,5.05776725445,-9999.0,-9999.0,-9999.0,75.96900177,246.180195681948,72.1583850282328,262575.42,670337.59,36,20,75.969
NS67SW_3932,1,4_0,2.24117403959,-9999.0,-9999.0,-9999.0,74.4970016479,60.5510737458542,45.5081773745738,262775.86,670334.29,28,16,74.497
NS67SW_3939,1,4_0,6.07830888643,-9999.0,-9999.0,-9999.0,75.8140029907,98.4628091074578,39.7991394659186,262889.92,670332.96,12,8,75.814
NS67SW_3942,1,4_0,3.9379959417,-9999.0,-9999.0,-9999.0,77.4613342285,191.466714007001,96.4041860986682,262617.37,670338.34,68,36,77.461
NS67SW_3945,1,4_0,2.70852028451,-9999.0,-9999.0,-9999.0,78.391998291,77.5594537628351,38.7302417594271,262667.39,670331.44,16,10,78.392
NS67SW_3947,1,4_0,5.84396817607,-9999.0,-9999.0,-9999.0,73.2890014648,80.8512619779871,36.2490100146789,262517.27,670328.72,12,8,73.289
NS67SW_3948,1,4_0,4.78187290315,-9999.0,-9999.0,-9999.0,77.4599990845,134.743471060619,50.5386060572599,262726.74,670330.49,28,16,77.46
NS67SW_3949,1,4_0,4.85362257167,-9999.0,-9999.0,-9999.0,74.4339981079,164.104803281356,61.4175186104452,262862.73,670335.58,28,16,74.434
NS67SW_3953,1,4_0,5.88605833301,-9999.0,-9999.0,-9999.0,76.3649978638,98.5858824005409,39.8358963808389,262928.02,670327.05,12,8,76.365
NS67SW_3962,1,4_0,5.70252520319,-9999.0,-9999.0,-9999.0,76.8359985352,214.621014587639,83.1249429015267,262946.66,670325.45,36,20,76.836
NS67SW_3964,1,4_0,5.89955872669,-9999.0,-9999.0,-9999.0,78.3779983521,85.1692543603246,37.3714179325441,262683.32,670322.7,12,8,78.378
NS67SW_3967,1,4_0,4.93326186622,-9999.0,-9999.0,-9999.0,76.2590026855,197.497166270462,59.0971190700277,262748.79,670325.02,20,12,76.259
NS67SW_3968,1,4_0,6.28063323417,-9999.0,-9999.0,-9999.0,76.3292541504,98.9827204047806,39.8085951892331,262915.24,670321.57,12,8,76.329
NS67SW_3972,1,4_0,5.11300480044,-9999.0,-9999.0,-9999.0,75.0650024414,156.539690709496,53.7549587565538,262766.84,670319.79,28,16,75.065
NS67SW_3973,1,4_0,6.11826145043,-9999.0,-9999.0,-9999.0,74.5370025635,120.628650855116,43.9325400236192,262782.22,670319.74,12,8,74.537
NS67SW_3974,1,4_0,5.92225980971,-9999.0,-9999.0,-9999.0,73.5230026245,118.731044443088,43.5913975835375,262818.62,670320.19,12,8,73.523
NS67SW_3975,1,4_0,5.81567441371,-9999.0,-9999.0,-9999.0,75.4619979858,120.778249721807,45.3079880387659,262886.06,670320.75,20,12,75.462
NS67SW_3980,1,4_0,6.1090508461,-9999.0,-9999.0,-9999.0,73.6650009155,102.701610318166,40.5849440005523,262831.5,670317.11,12,8,73.665
NS67SW_4002,1,4_0,5.86022184565,-9999.0,-9999.0,-9999.0,74.1289978027,116.128465293373,45.0277336400855,262854.07,670309.96,28,16,74.129
NS67SW_4009,1,4_0,6.07072168867,-9999.0,-9999.0,-9999.0,74.1259994507,108.248873975681,41.7333365601482,262550.77,670307.08,12,8,74.126
NS67SW_4018,1,4_0,5.31645448822,-9999.0,-9999.0,-9999.0,73.2259979248,251.533186737131,95.2565989559026,262515.72,670310.14,44,24,73.226
NS67SW_4020,1,4_0,5.96361593979,-9999.0,-9999.0,-9999.0,75.0439987183,107.884420636408,41.8566206889599,262888.74,670305.79,12,8,75.044
NS67SW_4023,1,4_0,5.02006653377,-9999.0,-9999.0,-9999.0,74.2539978027,146.535849549069,67.7788126596031,262869.8,670305.27,36,20,74.254
NS67SW_4025,1,4_0,2.27452119459,-9999.0,-9999.0,-9999.0,76.4649963379,31.170288753628,24.7128594673506,262597.02,670301.4,12,8,76.465
NS67SW_4027,1,4_0,5.55132014348,-9999.0,-9999.0,-9999.0,76.3239974976,84.1669649760939,39.9773165689582,262590.36,670302.38,20,12,76.324
NS67SW_4030,1,4_0,5.84141656627,-9999.0,-9999.0,-9999.0,75.6819992065,155.288464607177,55.519648579527,262576.63,670304.03,28,16,75.682
NS67SW_4034,1,4_0,3.52921550476,-9999.0,-9999.0,-9999.0,77.9209976196,393.612205509111,143.098657818114,262668.22,670308.2,68,36,77.921
NS67SW_4035,1,4_0,6.09912086888,-9999.0,-9999.0,-9999.0,77.7620010376,124.876659518624,44.8675185006746,262709.72,670301.62,12,8,77.762
NS67SW_4045,1,4_0,4.40204144516,-9999.0,-9999.0,-9999.0,74.56199646,123.714264264809,57.0571218515671,262563.42,670301.89,28,16,74.562
NS67SW_4050,1,4_0,5.74213454609,-9999.0,-9999.0,-9999.0,74.9869995117,115.272503313712,43.9194115904943,262946.42,670295.58,12,8,74.987
NS67SW_4052,1,4_0,2.43726399499,-9999.0,-9999.0,-9999.0,73.7040023804,54.6244050006606,29.9629439456464,262550.82,670293.9,12,8,73.704
NS67SW_4053,1,4_0,2.27933378477,-9999.0,-9999.0,-9999.0,75.6439971924,29.250944994628,23.5566562602383,262583.56,670294.31,12,8,75.644
NS67SW_4054,1,4_0,6.34426656491,-9999.0,-9999.0,-9999.0,76.9270019531,104.004111603854,41.0537655526322,262731.78,670295.17,12,8,76.927
NS67SW_4055,1,4_0,5.92703000088,-9999.0,-9999.0,-9999.0,74.797996521,115.388895022602,44.4648869747038,262931.56,670294.85,20,12,74.798
NS67SW_4062,1,4_0,5.92741592375,-9999.0,-9999.0,-9999.0,73.1740036011,121.103788532008,45.5143701356966,262805.52,670294.22,20,12,73.174
NS67SW_4064,1,4_0,6.26747576944,-9999.0,-9999.0,-9999.0,74.6289978027,121.396904253829,44.1340722319975,262918.3,670292.89,12,8,74.629
NS67SW_4067,1,4_0,5.41238993519,-9999.0,-9999.0,-9999.0,73.1350021362,126.859007164668,51.5840992915005,262517.0,670290.26,20,12,73.135
NS67SW_4068,1,4_0,2.06165394639,-9999.0,-9999.0,-9999.0,74.4449996948,36.5162737505206,37.2124213371972,262572.82,670288.72,20,12,74.445
NS67SW_4075,1,4_0,6.14628464835,-9999.0,-9999.0,-9999.0,73.1940002441,102.188280613746,40.4805770587397,262818.76,670288.52,12,8,73.194
NS67SW_4082,1,4_0,2.99558431452,-9999.0,-9999.0,-9999.0,75.0599975586,57.151218745769,37.3679926834799,262953.96,670287.52,16,10,75.06
NS67SW_4086,1,4_0,6.13121202958,-9999.0,-9999.0,-9999.0,73.3040008545,93.621104935996,38.9753675601565,262830.7,670285.2,12,8,73.304
NS67SW_4100,1,4_0,5.96958218074,-9999.0,-9999.0,-9999.0,76.5820007324,118.640860738586,45.5221104198988,262627.01,670280.88,20,12,76.582
NS67SW_4101,1,4_0,6.19872461319,-9999.0,-9999.0,-9999.0,73.2279968262,104.658158475911,40.9804916960298,262842.78,670280.96,12,8,73.228
NS67SW_4103,1,4_0,5.45944858826,-9999.0,-9999.0,-9999.0,73.7699966431,126.865525048515,45.1431518052121,262563.73,670279.95,12,8,73.77
NS67SW_4105,1,4_0,5.07495181871,-9999.0,-9999.0,-9999.0,75.4319992065,357.998332752381,138.706413659991,262750.82,670285.59,76,40,75.432
NS67SW_4106,1,4_0,5.25505372419,-9999.0,-9999.0,-9999.0,76.5080032349,233.726834945815,74.1851074457522,262709.14,670282.26,28,16,76.508
NS67SW_4108,1,4_0,5.88479001732,-9999.0,-9999.0,-9999.0,72.9100036621,108.881305105086,44.4177458985765,262523.04,670277.07,20,12,72.91
NS67SW_4109,1,4_0,6.07400865431,-9999.0,-9999.0,-9999.0,74.3290023804,99.6624077174995,39.9496122720597,262897.1,670278.04,12,8,74.329
NS67SW_4110,1,4_0,5.98500803675,-9999.0,-9999.0,-9999.0,74.0329971313,115.752550540924,48.4000617377725,262579.15,670277.58,28,16,74.033
NS67SW_4111,1,4_0,5.84922851562,-9999.0,-9999.0,-9999.0,73.4130020142,102.699554989286,40.5852711095556,262855.21,670277.36,12,8,73.413
NS67SW_4115,1,4_0,5.08514170677,-9999.0,-9999.0,-9999.0,74.3050003052,119.53821079097,46.0619473823364,262933.45,670273.99,12,8,74.305
NS67SW_4118,1,4_0,5.87672940322,-9999.0,-9999.0,-9999.0,74.047996521,116.078304104452,44.6376590068953,262884.3,670274.98,20,12,74.048
NS67SW_4124,1,4_0,5.17838000294,-9999.0,-9999.0,-9999.0,76.2440032959,155.807226133193,53.80428126656,262638.14,670273.28,20,12,76.244
NS67SW_4125,1,4_0,6.24633849462,-9999.0,-9999.0,-9999.0,73.4710006714,124.989746883301,44.8220865025937,262867.94,670272.45,12,8,73.471
NS67SW_4134,1,4_0,6.45345020707,-9999.0,-9999.0,-9999.0,75.8529968262,118.589965026598,43.7340303286497,262704.98,670268.91,12,8,75.853
NS67SW_4138,1,4_0,6.22285772309,-9999.0,-9999.0,-9999.0,76.3399963379,128.369211190132,48.7425644733722,262654.97,670268.33,28,16,76.34
NS67SW_4139,1,4_0,2.12095879028,-9999.0,-9999.0,-9999.0,75.2949981689,42.5500199928234,26.1582283226337,262737.32,670266.11,12,8,75.295
NS67SW_4143,1,4_0,6.3315789068,-9999.0,-9999.0,-9999.0,76.0469970703,125.870395782508,45.0485420880695,262671.34,670266.69,12,8,76.047
NS67SW_4152,1,4_0,5.92095597801,-9999.0,-9999.0,-9999.0,72.7259979248,116.399266818586,43.7061049278207,262796.65,670263.81,12,8,72.726
NS67SW_4154,1,4_0,5.20569747044,-9999.0,-9999.0,-9999.0,72.8870010376,138.196483433905,48.3600610153811,262525.58,670262.91,20,12,72.887
NS67SW_4168,1,4_0,4.86400620117,-9999.0,-9999.0,-9999.0,72.1350021362,171.958550964327,73.6797491190264,262816.08,670259.74,28,16,72.135
NS67SW_4170,1,4_0,2.23795465742,-9999.0,-9999.0,-9999.0,73.7799987793,76.7574268902409,42.1800969054244,262622.64,670256.97,24,14,73.78
NS67SW_4172,1,4_0,5.86800556244,-9999.0,-9999.0,-9999.0,75.1780014038,78.2825453441289,36.5177643520996,262704.76,670255.56,20,12,75.178
NS67SW_4180,1,4_0,4.73493390736,-9999.0,-9999.0,-9999.0,74.7060012817,204.880916950094,62.5261920848746,262725.73,670255.46,28,16,74.706
NS67SW_4186,1,4_0,6.00487891713,-9999.0,-9999.0,-9999.0,74.0989990234,87.4830737085916,37.8016404388105,262754.53,670253.81,12,8,74.099
NS67SW_4190,1,4_0,5.50983954765,-9999.0,-9999.0,-9999.0,74.5149993896,96.1270847356953,43.414118254422,262743.04,670254.94,20,12,74.515
NS67SW_4194,1,4_0,5.92571057861,-9999.0,-9999.0,-9999.0,73.4670028687,241.287794188236,82.6039840449081,262938.19,670257.51,40,22,73.467
NS67SW_4197,1,4_0,6.1556286047,-9999.0,-9999.0,-9999.0,72.0920028687,127.908786611483,45.3407731605675,262833.49,670251.41,12,8,72.092
NS67SW_4206,1,4_0,5.41899680319,-9999.0,-9999.0,-9999.0,73.0279998779,126.034553817509,47.0482922596785,262908.55,670248.13,20,12,73.028
NS67SW_4209,1,4_0,5.76506567667,-9999.0,-9999.0,-9999.0,71.8629989624,111.967914414434,42.7121085181166,262847.81,670247.77,12,8,71.863
NS67SW_4210,1,4_0,5.98887009523,-9999.0,-9999.0,-9999.0,72.9219970703,99.547708125726,40.2259946665279,262526.15,670246.97,12,8,72.922
NS67SW_4213,1,4_0,6.1190335335,-9999.0,-9999.0,-9999.0,72.3223342896,114.788174412058,44.3280815202146,262559.54,670247.38,12,8,72.322
NS67SW_4218,1,4_0,6.04588973157,-9999.0,-9999.0,-9999.0,73.1549987793,82.852240802696,36.9462242602936,262612.33,670244.02,12,8,73.155
NS67SW_4219,1,4_0,5.96588138241,-9999.0,-9999.0,-9999.0,72.7060012817,115.83601810838,43.0859159617014,262894.18,670244.59,12,8,72.706
NS67SW_4221,1,4_0,5.93379814945,-9999.0,-9999.0,-9999.0,71.9646682739,104.590405635441,41.240946511327,262861.24,670242.39,12,8,71.965
NS67SW_4223,1,4_0,4.58764116189,-9999.0,-9999.0,-9999.0,72.7549972534,137.979776206128,63.7743436447135,262637.58,670244.08,28,16,72.755
NS67SW_4224,1,4_0,5.35185963995,-9999.0,-9999.0,-9999.0,72.1320037842,172.04031906867,58.438653140268,262877.43,670242.15,20,12,72.132
NS67SW_4227,1,4_0,2.19552664323,-9999.0,-9999.0,-9999.0,73.1370010376,25.9156800052817,22.0452522001481,262513.99,670237.31,12,8,73.137
NS67SW_4228,1,4_0,5.37593195515,-9999.0,-9999.0,-9999.0,73.0189971924,94.9633606456877,40.4591014671711,262624.26,670242.22,12,8,73.019
NS67SW_4234,1,4_0,5.95959196811,-9999.0,-9999.0,-9999.0,73.3949966431,111.131255384906,43.7274985814491,262943.4,670239.47,20,12,73.395
NS67SW_4237,1,4_0,5.95709534592,-9999.0,-9999.0,-9999.0,72.6529998779,85.8272613558424,37.5763961532351,262646.41,670237.87,12,8,72.653
NS67SW_4238,1,4_0,4.44967910824,-9999.0,-9999.0,-9999.0,72.2649993896,208.069679992079,61.3817660589316,262675.14,670243.76,24,14,72.265
NS67SW_4254,1,4_0,5.37467437203,-9999.0,-9999.0,-9999.0,72.0419998169,121.575693843523,45.8490746592997,262560.67,670231.49,20,12,72.042
NS67SW_4255,1,4_0,6.21318238468,-9999.0,-9999.0,-9999.0,72.09400177,121.745050712325,44.1949660293266,262793.87,670231.69,12,8,72.094
NS67SW_4258,1,4_0,5.80384828333,-9999.0,-9999.0,-9999.0,71.8170013428,121.472872718193,44.1072081272306,262807.54,670227.81,12,8,71.817
NS67SW_4259,1,4_0,6.16989758192,-9999.0,-9999.0,-9999.0,73.1360015869,100.091214942635,40.051588813039,262947.67,670227.06,12,8,73.136
NS67SW_4270,1,4_0,6.00116473716,-9999.0,-9999.0,-9999.0,71.6679992676,75.3119718601946,34.9810589147135,262668.8,670221.6,12,8,71.668
NS67SW_4271,1,4_0,5.68813004562,-9999.0,-9999.0,-9999.0,71.6139984131,108.117560528084,41.6053501830397,262820.69,670222.97,12,8,71.614
NS67SW_4274,1,4_0,5.80733153505,-9999.0,-9999.0,-9999.0,72.2850036621,112.046086022147,42.69797528636,262712.1,670222.87,12,8,72.285
NS67SW_4281,1,4_0,5.55544354589,-9999.0,-9999.0,-9999.0,71.8809967041,156.295190316336,57.9317764612869,262684.12,670220.33,28,16,71.881
NS67SW_4282,1,4_0,6.08926459548,-9999.0,-9999.0,-9999.0,71.2969970703,101.453306881473,40.3443838359627,262833.46,670218.58,12,8,71.297
NS67SW_4283,1,4_0,6.10449616114,-9999.0,-9999.0,-9999.0,72.5830001831,97.7402981156134,39.5530481957422,262920.09,670218.41,12,8,72.583
NS67SW_4286,1,4_0,5.25309287945,-9999.0,-9999.0,-9999.0,72.3509979248,278.734705570794,100.412687998389,262522.55,670224.48,44,24,72.351
NS67SW_4292,1,4_0,6.06133435164,-9999.0,-9999.0,-9999.0,72.4100036621,92.481599322247,38.8905362033517,262906.32,670215.52,12,8,72.41
NS67SW_4297,1,4_0,4.68895681082,-9999.0,-9999.0,-9999.0,71.6709976196,156.430245292934,69.7833103867701,262565.14,670217.39,36,20,71.671
NS67SW_4298,1,4_0,5.8979997572,-9999.0,-9999.0,-9999.0,71.4209976196,116.818998697323,44.8350083605456,262846.73,670215.04,20,12,71.421
NS67SW_4304,1,4_0,5.96047888657,-9999.0,-9999.0,-9999.0,72.0790023804,111.618235242774,42.2598296311588,262893.14,670213.16,12,8,72.079
NS67SW_4305,1,4_0,5.81498331614,-9999.0,-9999.0,-9999.0,72.6327514648,118.291828284294,44.5846862963215,262948.94,670213.41,20,12,72.633
NS67SW_4310,1,4_0,4.56140790299,-9999.0,-9999.0,-9999.0,72.0329971313,152.25269138256,70.2695413557552,262729.85,670213.91,52,28,72.033
NS67SW_4311,1,4_0,6.10814100859,-9999.0,-9999.0,-9999.0,71.1539993286,76.954979990436,35.3244241587802,262711.12,670209.75,12,8,71.154
NS67SW_4315,1,4_0,5.36893455581,-9999.0,-9999.0,-9999.0,72.4990005493,102.477074266834,42.7954110556292,262748.75,670210.5,20,12,72.499
NS67SW_4316,1,4_0,6.04732842333,-9999.0,-9999.0,-9999.0,71.5400009155,128.929541994425,45.5452675986011,262863.25,670209.88,12,8,71.54
NS67SW_4317,1,4_0,6.38337432601,-9999.0,-9999.0,-9999.0,71.9130020142,121.394615342006,44.1378834958321,262878.77,670211.16,12,8,71.913
NS67SW_4345,1,4_0,4.57858432139,-9999.0,-9999.0,-9999.0,71.908996582,177.15484239849,68.6596997659834,262521.26,670205.76,32,18,71.909
NS67SW_4348,1,4_0,5.4859640751,-9999.0,-9999.0,-9999.0,71.1920013428,104.728785861995,42.5856542047826,262613.33,670204.01,12,8,71.192
NS67SW_4353,1,4_0,6.21711997463,-9999.0,-9999.0,-9999.0,71.3010025024,115.637638586223,43.1316196679151,262786.1,670201.24,12,8,71.301
NS67SW_4354,1,4_0,6.22031978921,-9999.0,-9999.0,-9999.0,72.2799987793,120.109521580826,43.9020776353667,262951.94,670200.9,12,8,72.28
NS67SW_4362,1,4_0,2.73980923855,-9999.0,-9999.0,-9999.0,71.53099823,71.5529683987242,34.3145212714905,262738.12,670197.04,12,8,71.531
NS67SW_4366,1,4_0,6.17196647682,-9999.0,-9999.0,-9999.0,70.3399963379,106.597244394148,41.3642435590359,262709.89,670197.34,12,8,70.34
NS67SW_4368,1,4_0,4.53541022081,-9999.0,-9999.0,-9999.0,71.0381393433,140.954765903907,58.8688359530636,262622.55,670198.29,36,20,71.038
NS67SW_4375,1,4_0,6.14699444093,-9999.0,-9999.0,-9999.0,71.2870025635,105.424228591972,41.3383824921561,262798.09,670195.66,12,8,71.287
NS67SW_4389,1,4_0,5.55990854,-9999.0,-9999.0,-9999.0,70.4540023804,145.599606844138,49.8740352022737,262639.43,670192.64,20,12,70.454
NS67SW_4390,1,4_0,5.27067132765,-9999.0,-9999.0,-9999.0,71.3320007324,161.355109184068,52.1157914102059,262811.34,670193.74,12,8,71.332
NS67SW_4393,1,4_0,2.140997255,-9999.0,-9999.0,-9999.0,71.2109985352,41.3552100090205,26.5445824425585,262526.77,670188.19,12,8,71.211
NS67SW_4394,1,4_0,6.09065826801,-9999.0,-9999.0,-9999.0,70.7409973145,124.212035361626,44.9050213163617,262655.26,670190.83,12,8,70.741
NS67SW_4402,1,4_0,5.79722359102,-9999.0,-9999.0,-9999.0,70.4599990845,137.52137521685,48.8817047732391,262670.44,670188.01,20,12,70.46
NS67SW_4403,1,4_0,5.96500352939,-9999.0,-9999.0,-9999.0,72.0439987183,114.460599439545,44.1882251795715,262953.75,670187.44,20,12,72.044
NS67SW_4406,1,4_0,5.15196576388,-9999.0,-9999.0,-9999.0,70.8759994507,136.010510388185,55.3935290888918,262542.89,670186.92,44,24,70.876
NS67SW_4407,1,4_0,6.16552975944,-9999.0,-9999.0,-9999.0,71.3430023193,115.679812258271,43.1327659063461,262824.77,670187.14,12,8,71.343
NS67SW_4408,1,4_0,6.37126751972,-9999.0,-9999.0,-9999.0,71.9479980469,122.346746958363,44.2951229555145,262925.38,670185.97,12,8,71.948
NS67SW_4415,1,4_0,5.19836575052,-9999.0,-9999.0,-9999.0,71.7519989014,140.400114756743,48.4100751465672,262910.96,670185.04,12,8,71.752
NS67SW_4418,1,4_0,4.32597606967,-9999.0,-9999.0,-9999.0,70.0800018311,44.8270619230843,28.5060031080176,262612.37,670179.9,12,8,70.08
NS67SW_4421,1,4_0,6.18550155049,-9999.0,-9999.0,-9999.0,71.6620025635,112.30113766536,42.5338253657418,262897.72,670180.63,12,8,71.662
NS67SW_4422,1,4_0,3.25217991456,-9999.0,-9999.0,-9999.0,69.9227142334,96.4619952096673,47.2360249002584,262628.09,670180.88,28,16,69.923
NS67SW_4423,1,4_0,2.96857397484,-9999.0,-9999.0,-9999.0,69.5920028687,72.6506509916232,35.9809922084752,262646.47,670179.44,20,12,69.592
NS67SW_4427,1,4_0,6.0383271945,-9999.0,-9999.0,-9999.0,71.5009994507,218.896171008438,87.4490876530938,262844.1,670180.88,44,24,71.501
NS67SW_4429,1,4_0,6.16530601167,-9999.0,-9999.0,-9999.0,71.6210021973,126.308176452981,45.0176613961514,262882.7,670178.1,12,8,71.621
NS67SW_4434,1,4_0,6.20468431638,-9999.0,-9999.0,-9999.0,71.7089996338,148.681261993186,48.9614146098633,262866.51,670175.44,12,8,71.709
NS67SW_4440,1,4_0,5.80272144051,-9999.0,-9999.0,-9999.0,71.8860015869,111.152704597627,43.710075455625,262957.17,670173.86,20,12,71.886
NS67SW_4446,1,4_0,2.26004365253,-9999.0,-9999.0,-9999.0,69.4919967651,154.288117163496,71.5377154768397,262664.64,670173.54,28,16,69.492
NS67SW_4448,1,4_0,5.94345047093,-9999.0,-9999.0,-9999.0,69.8649978638,283.553197071024,81.5463169378188,262714.93,670174.31,60,32,69.865
NS67SW_4451,1,4_0,4.54867896718,-9999.0,-9999.0,-9999.0,70.6179962158,156.778196999162,57.620403541717,262521.57,670174.68,28,16,70.618
NS67SW_4474,1,4_0,6.372548372,-9999.0,-9999.0,-9999.0,71.8679962158,122.855512496685,44.4025565792837,262772.33,670166.77,12,8,71.868
NS67SW_4477,1,4_0,2.25386554439,-9999.0,-9999.0,-9999.0,70.327003479,44.6021400000882,27.3939783675186,262516.46,670162.95,12,8,70.327
NS67SW_4480,1,4_0,6.04908801855,-9999.0,-9999.0,-9999.0,71.7610015869,98.1801916798767,39.6870042053529,262787.25,670164.11,12,8,71.761
NS67SW_4486,1,4_0,5.8522388317,-9999.0,-9999.0,-9999.0,71.7119979858,112.508919098102,42.48535182566,262958.11,670161.71,12,8,71.712
NS67SW_4498,1,4_0,5.84710897946,-9999.0,-9999.0,-9999.0,71.7919998169,140.374833667566,47.4019387063454,262812.08,670158.75,12,8,71.792
NS67SW_4511,1,4_0,6.27726644202,-9999.0,-9999.0,-9999.0,71.6500015259,124.598779505777,44.7132951372267,262929.08,670155.37,12,8,71.65
NS67SW_4515,1,4_0,6.26133065806,-9999.0,-9999.0,-9999.0,68.4940032959,236.05730796053,70.2543607891712,262639.75,670159.39,28,16,68.494
NS67SW_4516,1,4_0,5.73933200034,-9999.0,-9999.0,-9999.0,72.0680007935,140.092109080685,48.7838790141163,262825.93,670154.64,20,12,72.068
NS67SW_4521,1,4_0,2.1299717996,-9999.0,-9999.0,-9999.0,67.9160003662,29.4945974998878,21.8586939805003,262571.39,670146.79,12,8,67.916
NS67SW_4522,1,4_0,6.26174755754,-9999.0,-9999.0,-9999.0,72.0289993286,119.022484869191,43.718946006347,262901.15,670150.35,12,8,72.029
NS67SW_4524,1,4_0,5.576280547,-9999.0,-9999.0,-9999.0,71.8669967651,137.257770475161,51.9978510721566,262915.46,670151.62,28,16,71.867
NS67SW_4525,1,4_0,6.13116016794,-9999.0,-9999.0,-9999.0,72.1029968262,143.583192671254,48.0239513499789,262841.42,670150.39,12,8,72.103
NS67SW_4526,1,4_0,6.30755458444,-9999.0,-9999.0,-9999.0,71.7310028076,122.345320707395,44.3186983607728,262959.46,670148.25,12,8,71.731
NS67SW_4527,1,4_0,6.06591394705,-9999.0,-9999.0,-9999.0,72.1159973145,98.8894954198237,39.806886463558,262887.24,670147.89,12,8,72.116
NS67SW_4528,1,4_0,6.24276280403,-9999.0,-9999.0,-9999.0,68.6429977417,277.474973899446,71.9998577204017,262671.24,670147.84,12,8,68.643
NS67SW_4535,1,4_0,5.41043098924,-9999.0,-9999.0,-9999.0,68.5709991455,172.110836986649,68.5761904351956,262530.69,670149.28,28,16,68.571
NS67SW_4539,1,4_0,6.24788220428,-9999.0,-9999.0,-9999.0,72.2720031738,111.101298461806,42.2863897452281,262872.83,670144.8,12,8,72.272
NS67SW_4543,1,4_0,4.29197791724,-9999.0,-9999.0,-9999.0,69.0380020142,161.030766840741,72.8441264176793,262515.12,670146.1,44,24,69.038
NS67SW_4548,1,4_0,4.99809509382,-9999.0,-9999.0,-9999.0,69.4169998169,150.553808006014,53.9046024835631,262503.19,670139.79,28,16,69.417
NS67SW_4554,1,4_0,5.97954252001,-9999.0,-9999.0,-9999.0,71.3539962769,90.885499401233,38.6704816310673,262960.43,670135.91,12,8,71.354
NS67SW_4559,1,4_0,5.74855516138,-9999.0,-9999.0,-9999.0,70.8349990845,308.575345657257,81.3323685350288,262727.71,670143.93,44,24,70.835
NS67SW_4564,1,4_0,2.57897547129,-9999.0,-9999.0,-9999.0,71.9850006104,37.2662699985927,24.4220321666743,262905.91,670130.44,12,8,71.985
NS67SW_4565,1,4_0,6.30603265538,-9999.0,-9999.0,-9999.0,71.9599990845,109.068741156083,41.9478662491334,262776.68,670132.8,12,8,71.96
NS67SW_4568,1,4_0,6.01084858864,-9999.0,-9999.0,-9999.0,71.3519973755,106.476402131794,41.2932132227819,262928.95,670131.0,12,8,71.352
NS67SW_4570,1,4_0,6.1575619615,-9999.0,-9999.0,-9999.0,67.5380020142,332.309411420043,82.3532035924878,262586.54,670138.8,24,14,67.538
NS67SW_4573,1,4_0,6.19947096202,-9999.0,-9999.0,-9999.0,71.7870025635,101.877646351761,40.410378373206,262800.58,670128.64,12,8,71.787
NS67SW_4579,1,4_0,4.85233383296,-9999.0,-9999.0,-9999.0,70.408996582,172.383881085665,65.7427869733308,262759.33,670131.39,52,28,70.409
NS67SW_4588,1,4_0,5.50393200696,-9999.0,-9999.0,-9999.0,71.0859985352,132.324039177111,49.8413935448456,262962.9,670123.5,20,12,71.086
NS67SW_4590,1,4_0,6.07582308538,-9999.0,-9999.0,-9999.0,71.733001709,113.808188283799,42.7958995882042,262814.63,670123.5,12,8,71.733
NS67SW_4597,1,4_0,6.0913716952,-9999.0,-9999.0,-9999.0,71.7249984741,99.5036094518538,39.9220391616704,262828.04,670120.65,12,8,71.725
NS67SW_4608,1,4_0,6.26043772596,-9999.0,-9999.0,-9999.0,71.0559997559,122.546452594513,44.3630174424593,262930.61,670116.99,12,8,71.056
NS67SW_4612,1,4_0,4.64854721796,-9999.0,-9999.0,-9999.0,69.1859970093,35.782293886322,28.0680421680987,262636.42,670114.96,20,12,69.186
NS67SW_4616,1,4_0,5.85181448234,-9999.0,-9999.0,-9999.0,71.908996582,138.406510023313,48.5004614390037,262863.99,670116.07,20,12,71.909
NS67SW_4621,1,4_0,5.75132069131,-9999.0,-9999.0,-9999.0,70.8550033569,104.320890838365,40.9655552524437,262966.43,670111.27,12,8,70.855
NS67SW_4622,1,4_0,6.31477428849,-9999.0,-9999.0,-9999.0,71.658996582,124.387323606355,44.6842300843178,262892.51,670112.32,12,8,71.659
NS67SW_4626,1,4_0,6.23759516062,-9999.0,-9999.0,-9999.0,71.7389984131,114.148465036759,42.8705543930085,262877.11,670110.99,12,8,71.739
NS67SW_4631,1,4_0,4.82486780893,-9999.0,-9999.0,-9999.0,68.111000061,250.909513121068,99.2318899224429,262535.27,670110.3,68,36,68.111
NS67SW_4642,1,4_0,6.05275344849,-9999.0,-9999.0,-9999.0,70.7300033569,117.408084239878,43.4646566424097,262933.54,670102.87,12,8,70.73
NS67SW_4644,1,4_0,5.26246909021,-9999.0,-9999.0,-9999.0,71.5419998169,153.058054577371,57.2998199975108,262907.83,670106.28,20,12,71.542
NS67SW_4660,1,4_0,6.14305640556,-9999.0,-9999.0,-9999.0,70.6600036621,114.221072797149,42.909069819485,262970.31,670097.87,12,8,70.66
NS67SW_4676,1,4_0,5.78874812407,-9999.0,-9999.0,-9999.0,69.2147521973,151.749575714248,52.6611743906278,262510.19,670094.93,28,16,69.215
NS67SW_4689,1,4_0,6.0720654455,-9999.0,-9999.0,-9999.0,67.7460021973,440.725002113581,110.116887934011,262600.06,670100.46,36,20,67.746
NS67SW_4712,1,4_0,5.70638349528,-9999.0,-9999.0,-9999.0,67.2760009766,93.1552916756139,41.4508060947161,262544.36,670079.43,20,12,67.276
NS67SW_4718,1,4_0,5.86598539213,-9999.0,-9999.0,-9999.0,67.7429962158,89.8516012529691,36.8584963015995,262532.98,670078.8,16,10,67.743
NS67SW_4749,1,4_0,6.13681550888,-9999.0,-9999.0,-9999.0,67.6660003662,338.836783188734,88.5298162665376,262586.86,670064.46,36,20,67.666
NS67SW_4756,1,4_0,6.20193488065,-9999.0,-9999.0,-9999.0,68.0199966431,116.639771877925,43.5253672811256,262510.44,670058.4,12,8,68.02
NS67SW_4761,1,4_0,5.66233712566,-9999.0,-9999.0,-9999.0,67.5609970093,81.5491234713786,36.36806546775,262522.55,670050.56,12,8,67.561
NS67SW_4764,1,4_0,1.80426907702,-9999.0,-9999.0,-9999.0,67.9029998779,38.8282237478772,25.9357060778969,262511.14,670046.29,12,8,67.903
NS67SW_4773,1,4_0,5.99435299083,-9999.0,-9999.0,-9999.0,68.6350021362,114.616856798047,42.8539326771774,262656.6,670047.66,12,8,68.635
NS67SW_4780,1,4_0,5.71747920595,-9999.0,-9999.0,-9999.0,67.486000061,115.293281501607,42.9499299420936,262531.58,670043.64,12,8,67.486
NS67SW_4789,1,4_0,5.04752657548,-9999.0,-9999.0,-9999.0,68.9319992065,109.932370064531,48.5402487706073,262690.59,670039.78,28,16,68.932
NS67SW_4798,1,4_0,2.36763458252,-9999.0,-9999.0,-9999.0,68.9029998779,89.7960463854603,40.8306798342022,262718.51,670036.99,20,12,68.903
NS67SW_4801,1,4_0,5.29343215279,-9999.0,-9999.0,-9999.0,68.6449966431,103.052952575579,49.4298431793355,262628.12,670036.16,44,24,68.645
NS67SW_4802,1,4_0,5.97262984657,-9999.0,-9999.0,-9999.0,68.8740005493,74.4600563993982,34.7247973671986,262660.96,670035.82,12,8,68.874
NS67SW_4810,1,4_0,2.18864913214,-9999.0,-9999.0,-9999.0,67.7519989014,63.5719065654971,33.2603959696452,262516.66,670033.78,20,12,67.752
NS67SW_4811,1,4_0,2.34448521932,-9999.0,-9999.0,-9999.0,67.3840026855,46.2718200073737,27.6549243774008,262529.97,670032.0,12,8,67.384
NS67SW_4815,1,4_0,5.97687715473,-9999.0,-9999.0,-9999.0,69.3399963379,75.1359036600091,34.9257003980993,262705.17,670031.92,12,8,69.34
NS67SW_4829,1,4_0,4.77267124021,-9999.0,-9999.0,-9999.0,69.2202224731,134.032255481684,68.5912810783805,262682.55,670033.28,44,24,69.22
NS67SW_4839,1,4_0,5.96324709102,-9999.0,-9999.0,-9999.0,69.5,85.165206270014,37.353787890786,262712.63,670022.68,12,8,69.5
NS67SW_4850,1,4_0,5.2846405669,-9999.0,-9999.0,-9999.0,69.2590026855,172.129703908502,52.6363040650424,262628.48,670020.34,12,8,69.259
NS67SW_4854,1,4_0,6.16105341174,-9999.0,-9999.0,-9999.0,69.952003479,101.761043483447,40.4405882038453,262673.29,670019.83,12,8,69.952
NS67SW_4857,1,4_0,4.69208051574,-9999.0,-9999.0,-9999.0,67.2919998169,126.330960668799,47.1727565737568,262514.82,670021.26,20,12,67.292
NS67SW_4862,1,4_0,6.13152762134,-9999.0,-9999.0,-9999.0,70.2699966431,100.934927934685,40.2237859105621,262986.37,670016.92,12,8,70.27
NS67SW_4891,1,4_0,6.22845928853,-9999.0,-9999.0,-9999.0,70.31199646,125.488985483418,44.8831258582766,262959.85,670009.16,12,8,70.312
NS67SW_4923,1,4_0,5.17233440817,-9999.0,-9999.0,-9999.0,70.5,145.617310595859,49.875588789301,262632.23,670004.05,24,14,70.5
NS67SW_4924,1,4_0,7.31465033685,-9999.0,-9999.0,-9999.0,68.983001709,182.04079475509,54.2953799434009,262747.44,670002.78,12,8,68.983
NS67SW_4925,1,4_0,6.22323521397,-9999.0,-9999.0,-9999.0,70.0360031128,119.100167930055,43.6981088657922,262930.83,670003.86,12,8,70.036
NS67SW_4926,1,4_0,5.61329374126,-9999.0,-9999.0,-9999.0,70.1689987183,131.721085455009,50.0642514011304,262946.23,670005.55,20,12,70.169
NS67SW_4927,1,4_0,6.30289896154,-9999.0,-9999.0,-9999.0,70.6399993896,115.996430025235,43.1438141968709,262989.4,670002.76,12,8,70.64
NS67SW_1857,1,4_1,3.32532235004,-9999.0,-9999.0,-9999.0,67.0599975586,59.716369479952,32.9144249787313,262892.06,671240.59,12,8,67.06
NS67SW_2149,1,4_1,2.23402569392,-9999.0,-9999.0,-9999.0,63.7058639526,77.7398395887954,40.672831145914,262909.65,671025.87,20,12,63.706
NS67SW_2188,1,4_1,6.33029904412,-9999.0,-9999.0,-9999.0,63.766998291,191.002018641991,63.260750017748,262921.55,671013.53,36,20,63.767
NS67SW_2192,1,4_1,5.71797846635,-9999.0,-9999.0,-9999.0,63.7400016785,260.461618366882,76.502477515794,262886.92,671011.23,20,12,63.74
NS67SW_2217,1,4_1,4.46003410836,-9999.0,-9999.0,-9999.0,64.3079986572,360.671612774729,133.718222233059,262851.14,670997.55,64,34,64.308
NS67SW_2224,1,4_1,5.8834391251,-9999.0,-9999.0,-9999.0,65.0849990845,373.708238425896,106.573572818409,262791.57,670991.31,56,30,65.085
NS67SW_2228,1,4_1,5.66873901288,-9999.0,-9999.0,-9999.0,65.4290008545,200.437483019869,65.9049873816692,262757.32,670989.85,36,20,65.429
NS67SW_2233,1,4_1,2.58783543667,-9999.0,-9999.0,-9999.0,66.3972930908,59.161002982601,31.8497373219689,262673.98,670980.6,20,12,66.397
NS67SW_2234,1,4_1,5.8869724326,-9999.0,-9999.0,-9999.0,64.8259963989,287.438743338782,85.5124809871065,262918.12,670988.58,28,16,64.826
NS67SW_2243,1,4_1,2.22068922591,-9999.0,-9999.0,-9999.0,66.0159988403,29.3550299956539,25.9204710614462,262931.74,670975.95,8,6,66.016
NS67SW_2248,1,4_1,6.15328657735,-9999.0,-9999.0,-9999.0,64.7399978638,201.227394076121,66.5040982200474,262823.19,670981.89,20,12,64.74
NS67SW_2260,1,4_1,5.70327832452,-9999.0,-9999.0,-9999.0,64.4434432983,77.0673176156926,40.7483657517499,262882.15,670972.7,20,12,64.443
NS67SW_2269,1,4_1,2.61288228661,-9999.0,-9999.0,-9999.0,66.6190032959,28.9263712474353,25.8194072131131,262936.66,670964.36,8,6,66.619
NS67SW_2277,1,4_1,6.1031332883,-9999.0,-9999.0,-9999.0,65.7220001221,122.560158335203,45.3662001268149,262922.6,670964.31,12,8,65.722
NS67SW_2281,1,4_1,2.30841351677,-9999.0,-9999.0,-9999.0,65.1949996948,25.9094287494569,24.0315120498491,262890.3,670958.77,8,6,65.195
NS67SW_2283,1,4_1,6.38600275163,-9999.0,-9999.0,-9999.0,65.5370025635,179.754548592159,59.2672665168445,262747.38,670966.37,12,8,65.537
NS67SW_2287,1,4_1,2.28275083654,-9999.0,-9999.0,-9999.0,65.7440032959,23.6424937496195,20.2869407478315,262720.95,670957.09,12,8,65.744
NS67SW_2289,1,4_1,5.09997471835,-9999.0,-9999.0,-9999.0,64.8470001221,225.340552333269,66.0485885939028,262868.17,670962.72,28,16,64.847
NS67SW_2296,1,4_1,2.3296907386,-9999.0,-9999.0,-9999.0,66.2819976807,39.7406624975295,25.2307755462373,262623.55,670954.31,12,8,66.282
NS67SW_2300,1,4_1,2.55417514377,-9999.0,-9999.0,-9999.0,67.4570007324,34.9759760584824,25.0536288168244,262944.45,670953.37,12,8,67.457
NS67SW_2304,1,4_1,6.23886400444,-9999.0,-9999.0,-9999.0,66.7649993896,85.3696354504535,36.9719820329504,262927.66,670952.19,12,8,66.765
NS67SW_2313,1,4_1,5.17818671451,-9999.0,-9999.0,-9999.0,65.4899978638,110.790762530995,46.6059673983829,262892.49,670948.92,28,16,65.49
NS67SW_2317,1,4_1,5.67788399941,-9999.0,-9999.0,-9999.0,65.4339981079,216.863172593478,69.7357133422388,262768.97,670949.86,20,12,65.434
NS67SW_2324,1,4_1,4.70288615538,-9999.0,-9999.0,-9999.0,65.4020004272,223.38531544634,68.161163272788,262672.71,670946.63,28,16,65.402
NS67SW_2325,1,4_1,2.28025871774,-9999.0,-9999.0,-9999.0,65.2539978027,52.3817436053136,34.0728295021152,262867.62,670943.65,28,16,65.254
NS67SW_2332,1,4_1,5.13105132302,-9999.0,-9999.0,-9999.0,65.3769989014,145.434117558205,51.8079635776427,262655.94,670943.94,20,12,65.377
NS67SW_2333,1,4_1,5.40553047582,-9999.0,-9999.0,-9999.0,65.5709991455,125.598246111688,49.2967866774392,262638.2,670940.99,20,12,65.571
NS67SW_2336,1,4_1,2.03888838882,-9999.0,-9999.0,-9999.0,65.8535003662,174.220653088977,71.7949494265742,262740.17,670942.59,28,16,65.853
NS67SW_2337,1,4_1,4.98974279617,-9999.0,-9999.0,-9999.0,67.4329986572,133.314919871886,71.5595713750827,262940.75,670941.04,36,20,67.433
NS67SW_2339,1,4_1,5.00251234034,-9999.0,-9999.0,-9999.0,64.9869995117,353.551711101673,98.3193201322854,262843.72,670947.04,44,24,64.987
NS67SW_2341,1,4_1,6.06827184612,-9999.0,-9999.0,-9999.0,65.5270004272,197.196442189292,68.9975216651887,262793.5,670942.36,36,20,65.527
NS67SW_2344,1,4_1,6.11421192141,-9999.0,-9999.0,-9999.0,65.59400177,102.225343308993,44.7647188977075,262704.05,670938.7,28,16,65.594
NS67SW_2346,1,4_1,4.52376441843,-9999.0,-9999.0,-9999.0,66.0490036011,268.426334952821,77.222215440831,262615.18,670939.74,36,20,66.049
NS67SW_2347,1,4_1,4.62518862211,-9999.0,-9999.0,-9999.0,66.8659973145,132.777402360123,49.8555087683959,262597.36,670938.84,20,12,66.866
NS67SW_2353,1,4_1,4.09180499163,-9999.0,-9999.0,-9999.0,67.0,167.485098748504,67.2482333102383,262582.45,670938.04,44,24,67.0
NS67SW_2358,1,4_1,2.18066027692,-9999.0,-9999.0,-9999.0,69.0859985352,37.2337687437956,27.9401207395765,262531.08,670931.02,8,6,69.086
NS67SW_2362,1,4_1,6.35603272883,-9999.0,-9999.0,-9999.0,67.7429962158,95.4525322922517,39.5380633921236,262571.35,670931.06,12,8,67.743
NS67SW_2365,1,4_1,4.87503287966,-9999.0,-9999.0,-9999.0,65.5404129028,157.711745820518,69.1183441346465,262717.66,670935.48,44,24,65.54
NS67SW_2370,1,4_1,6.19502699161,-9999.0,-9999.0,-9999.0,68.4120025635,84.372968730144,36.7571019768442,262940.84,670930.01,12,8,68.412
NS67SW_2375,1,4_1,2.66969554961,-9999.0,-9999.0,-9999.0,65.5439987183,50.1884526187568,28.9431657200463,262857.81,670926.82,12,8,65.544
NS67SW_2380,1,4_1,5.43294204294,-9999.0,-9999.0,-9999.0,66.1800003052,192.214041754179,71.5864589229366,262901.54,670930.13,44,24,66.18
NS67SW_2382,1,4_1,5.47937462488,-9999.0,-9999.0,-9999.0,65.4489974976,151.086144116175,51.4508705853937,262827.14,670926.47,20,12,65.449
NS67SW_2384,1,4_1,4.82561889739,-9999.0,-9999.0,-9999.0,68.1989974976,346.654798010451,122.576419983828,262549.42,670926.61,84,44,68.199
NS67SW_2388,1,4_1,4.70749704924,-9999.0,-9999.0,-9999.0,69.3639984131,361.58453987337,118.298718378587,262511.51,670919.23,68,36,69.364
NS67SW_2390,1,4_1,5.14773432651,-9999.0,-9999.0,-9999.0,67.0449981689,136.367843745095,49.4019352373052,262788.42,670917.64,20,12,67.045
NS67SW_2393,1,4_1,5.25343491327,-9999.0,-9999.0,-9999.0,65.6630020142,138.558100340429,52.1530546340424,262847.32,670916.83,28,16,65.663
NS67SW_2398,1,4_1,5.23475763909,-9999.0,-9999.0,-9999.0,66.0709991455,144.974844092733,50.9994442650034,262642.73,670912.47,20,12,66.071
NS67SW_2402,1,4_1,4.34340294089,-9999.0,-9999.0,-9999.0,65.7139968872,161.606221940397,70.9210994742182,262864.8,670913.85,52,28,65.714
NS67SW_2403,1,4_1,5.23960580944,-9999.0,-9999.0,-9999.0,66.5179977417,438.873491694845,148.620294257625,262748.53,670917.4,80,42,66.518
NS67SW_2405,1,4_1,5.49732776166,-9999.0,-9999.0,-9999.0,66.9319992065,125.665378343299,48.1190768137753,262604.8,670908.79,20,12,66.932
NS67SW_2407,1,4_1,5.03116165487,-9999.0,-9999.0,-9999.0,68.9810028076,321.726211635511,131.686251822919,262957.96,670917.24,84,44,68.981
NS67SW_2408,1,4_1,2.73078330994,-9999.0,-9999.0,-9999.0,68.0080032349,30.4201687549501,27.9778875423613,262904.55,670905.41,8,6,68.008
NS67SW_2421,1,4_1,4.75339898131,-9999.0,-9999.0,-9999.0,66.3280029297,173.057873211078,53.3753782818619,262692.12,670907.19,12,8,66.328
NS67SW_2422,1,4_1,5.97398750228,-9999.0,-9999.0,-9999.0,67.658996582,101.710499760249,42.4157280278955,262785.19,670904.51,20,12,67.659
NS67SW_2425,1,4_1,4.49440830754,-9999.0,-9999.0,-9999.0,67.5029983521,253.443662014525,89.5204941597099,262917.77,670910.0,44,24,67.503
NS67SW_2429,1,4_1,2.2120529476,-9999.0,-9999.0,-9999.0,67.5930023193,40.57545000025,25.8291371922685,262598.45,670899.37,12,8,67.593
NS67SW_2430,1,4_1,5.82561927883,-9999.0,-9999.0,-9999.0,66.6439971924,113.490261611075,43.9571194873309,262707.8,670901.98,12,8,66.644
NS67SW_2432,1,4_1,3.90567789041,-9999.0,-9999.0,-9999.0,66.327003479,279.9321272168,135.062102439382,262886.36,670908.74,80,42,66.327
NS67SW_2438,1,4_1,6.05086918311,-9999.0,-9999.0,-9999.0,66.3679962158,90.9601781197772,38.150579035717,262814.05,670896.75,12,8,66.368
NS67SW_2451,1,4_1,2.48149215343,-9999.0,-9999.0,-9999.0,68.4326629639,22.1225849980509,19.7264591611131,262593.93,670886.85,12,8,68.433
NS67SW_2454,1,4_1,5.38498960223,-9999.0,-9999.0,-9999.0,69.4680023193,168.52458708292,56.8821224792641,262533.28,670890.48,20,12,69.468
NS67SW_2457,1,4_1,4.79076173018,-9999.0,-9999.0,-9999.0,66.6800003052,328.24110673544,126.723853521669,262649.5,670893.63,72,38,66.68
NS67SW_2459,1,4_1,4.6795867726,-9999.0,-9999.0,-9999.0,68.1600036621,303.232255716872,97.7192560110649,262574.23,670895.09,60,32,68.16
NS67SW_2460,1,4_1,6.66266630035,-9999.0,-9999.0,-9999.0,67.9940032959,94.3422527894431,39.2010509651653,262739.56,670886.68,12,8,67.994
NS67SW_2463,1,4_1,6.2756613007,-9999.0,-9999.0,-9999.0,67.3649978638,86.2133222702034,37.1592157115647,262809.6,670885.59,12,8,67.365
NS67SW_2468,1,4_1,2.45704344589,-9999.0,-9999.0,-9999.0,68.7399978638,34.8142500005197,24.0331621323879,262589.12,670882.42,12,8,68.74
NS67SW_2469,1,4_1,4.48722595864,-9999.0,-9999.0,-9999.0,68.4560012817,134.323518215751,61.6735614550551,262921.97,670885.64,36,20,68.456
NS67SW_2472,1,4_1,5.1562929808,-9999.0,-9999.0,-9999.0,67.1900024414,247.397470528629,85.781611705595,262610.89,670887.75,52,28,67.19
NS67SW_2473,1,4_1,4.88914125793,-9999.0,-9999.0,-9999.0,65.9710006714,100.646353460749,40.1629896484671,262850.38,670881.82,12,8,65.971
NS67SW_2480,1,4_1,4.91057250194,-9999.0,-9999.0,-9999.0,70.1800003052,99.224442285158,39.860078426977,262517.63,670879.12,12,8,70.18
NS67SW_2481,1,4_1,3.88275791222,-9999.0,-9999.0,-9999.0,69.4929962158,422.870478576386,132.923275129003,262952.67,670885.56,76,38,69.493
NS67SW_2484,1,4_1,5.29855472453,-9999.0,-9999.0,-9999.0,67.7549972534,313.682916171266,108.601828993602,262898.94,670887.19,80,42,67.755
NS67SW_2485,1,4_1,4.26318275748,-9999.0,-9999.0,-9999.0,67.6439971924,154.286313263468,54.0799982898422,262702.2,670881.6,20,12,67.644
NS67SW_2489,1,4_1,3.3610608361,-9999.0,-9999.0,-9999.0,67.4710006714,44.8425224982511,26.8123354563019,262686.77,670875.56,12,8,67.471
NS67SW_2491,1,4_1,3.81992143454,-9999.0,-9999.0,-9999.0,67.763999939,29.030171240356,32.428930725675,262614.65,670872.75,8,6,67.764
NS67SW_2493,1,4_1,6.05239127468,-9999.0,-9999.0,-9999.0,68.2289962769,87.5686373980709,37.4612281956786,262805.21,670874.34,12,8,68.229
NS67SW_2494,1,4_1,3.70135294908,-9999.0,-9999.0,-9999.0,66.1230010986,212.427552046541,91.2205475304912,262833.52,670881.07,56,30,66.123
NS67SW_2498,1,4_1,5.78472619308,-9999.0,-9999.0,-9999.0,69.6490020752,121.379289502817,54.0128820650442,262540.1,670874.15,28,16,69.649
NS67SW_2502,1,4_1,4.48552106392,-9999.0,-9999.0,-9999.0,67.3850021362,133.453862224396,47.3098607254721,262652.49,670872.53,20,12,67.385
NS67SW_2510,1,4_1,5.74066426142,-9999.0,-9999.0,-9999.0,68.7860031128,126.068423287355,48.8405940918045,262769.04,670870.1,32,18,68.786
NS67SW_2511,1,4_1,6.16553671237,-9999.0,-9999.0,-9999.0,68.5029983521,83.1902640052175,36.4957689269831,262902.99,670866.64,12,8,68.503
NS67SW_2513,1,4_1,5.3595790614,-9999.0,-9999.0,-9999.0,68.0370025635,97.517296833817,39.5184853651481,262694.15,670866.52,12,8,68.037
NS67SW_2515,1,4_1,5.28175700795,-9999.0,-9999.0,-9999.0,67.9570007324,109.522792271517,54.2067456882398,262610.65,670864.96,28,16,67.957
NS67SW_2519,1,4_1,6.72525596982,-9999.0,-9999.0,-9999.0,69.0500030518,135.503522184422,47.539150647598,262578.4,670864.95,12,8,69.05
NS67SW_2525,1,4_1,2.74096711682,-9999.0,-9999.0,-9999.0,69.358001709,84.1483124978332,63.1391308586836,262751.11,670862.25,28,16,69.358
NS67SW_2527,1,4_1,4.93701259729,-9999.0,-9999.0,-9999.0,68.5110015869,170.332207867238,55.8360112808403,262801.34,670861.31,28,16,68.511
NS67SW_2529,1,4_1,5.39240955662,-9999.0,-9999.0,-9999.0,68.2419967651,22.2590175016722,21.7952973966569,262608.89,670853.89,8,6,68.242
NS67SW_2530,1,4_1,4.64226266866,-9999.0,-9999.0,-9999.0,66.4940032959,307.594512962524,96.3582929755522,262866.95,670865.22,52,28,66.494
NS67SW_2533,1,4_1,2.2824055263,-9999.0,-9999.0,-9999.0,68.5069961548,22.0804575017318,21.4282509466052,262894.89,670853.4,8,6,68.507
NS67SW_2535,1,4_1,6.06182263796,-9999.0,-9999.0,-9999.0,69.8010025024,97.4634745547261,39.5244201024473,262947.74,670856.47,12,8,69.801
NS67SW_2546,1,4_1,4.88167426578,-9999.0,-9999.0,-9999.0,68.9889984131,233.412660920809,82.3010651913271,262732.41,670859.64,52,28,68.989
NS67SW_2547,1,4_1,5.57763456642,-9999.0,-9999.0,-9999.0,69.6029968262,114.178545965219,46.1341326136285,262934.96,670854.11,20,12,69.603
NS67SW_2550,1,4_1,5.39150704887,-9999.0,-9999.0,-9999.0,70.0299987793,124.470562154551,47.2971769892616,262765.08,670853.09,20,12,70.03
NS67SW_2558,1,4_1,4.42855286988,-9999.0,-9999.0,-9999.0,67.6709976196,206.354179297069,65.2177087115556,262641.94,670850.73,20,12,67.671
NS67SW_2563,1,4_1,5.86427565816,-9999.0,-9999.0,-9999.0,69.2720031738,108.193095612804,44.5881203347954,262921.78,670849.7,20,12,69.272
NS67SW_2566,1,4_1,5.50799768838,-9999.0,-9999.0,-9999.0,69.3180007935,331.817306485569,106.767267767796,262545.25,670851.6,68,36,69.318
NS67SW_2568,1,4_1,2.77316761792,-9999.0,-9999.0,-9999.0,68.68699646,33.6841649982434,23.415236699402,262810.61,670843.72,12,8,68.687
NS67SW_2572,1,4_1,5.574753075,-9999.0,-9999.0,-9999.0,69.3679962158,111.934029114652,46.1133011010379,262798.29,670846.01,20,12,69.368
NS67SW_2574,1,4_1,6.68148547953,-9999.0,-9999.0,-9999.0,69.03099823,136.282418198754,47.7225366920077,262583.86,670847.55,12,8,69.031
NS67SW_2579,1,4_1,6.39544240288,-9999.0,-9999.0,-9999.0,68.4079971313,98.9476152088303,39.8056664944529,262908.93,670844.46,12,8,68.408
NS67SW_2583,1,4_1,4.60323273217,-9999.0,-9999.0,-9999.0,68.2200012207,227.753376234779,75.8373195392116,262622.79,670845.76,28,16,68.22
NS67SW_2584,1,4_1,5.15621944619,-9999.0,-9999.0,-9999.0,68.2229995728,269.900540731585,88.7187671216833,262704.34,670845.34,36,20,68.223
NS67SW_2589,1,4_1,6.20691735512,-9999.0,-9999.0,-9999.0,67.9219970703,132.230727142774,46.2912539059393,262894.24,670839.94,12,8,67.922
NS67SW_2594,1,4_1,6.11775241249,-9999.0,-9999.0,-9999.0,70.0670013428,126.139842521946,45.201315813229,262766.51,670837.87,12,8,70.067
NS67SW_2599,1,4_1,6.02750526383,-9999.0,-9999.0,-9999.0,67.5749969482,257.799036309378,73.2893391497158,262874.19,670837.33,44,24,67.575
NS67SW_2607,1,4_1,2.64048138428,-9999.0,-9999.0,-9999.0,68.9919967651,32.3847712503317,23.4988258208746,262644.68,670830.26,12,8,68.992
NS67SW_2608,1,4_1,5.62408724529,-9999.0,-9999.0,-9999.0,68.0159988403,106.199220401477,42.6783683683478,262834.26,670833.09,12,8,68.016
NS67SW_2609,1,4_1,4.71424052859,-9999.0,-9999.0,-9999.0,67.547996521,153.793488217196,51.5374675415248,262856.51,670833.23,20,12,67.548
NS67SW_2619,1,4_1,4.66601281166,-9999.0,-9999.0,-9999.0,70.0500030518,122.252559599713,50.6139720032658,262509.66,670829.15,36,20,70.05
NS67SW_2624,1,4_1,4.68169707122,-9999.0,-9999.0,-9999.0,69.25,174.658701389942,80.8101931225167,262804.38,670830.67,44,24,69.25
NS67SW_2637,1,4_1,4.78254345397,-9999.0,-9999.0,-9999.0,69.4219970703,160.059945524507,54.6855452177452,262655.12,670825.58,28,16,69.422
NS67SW_2638,1,4_1,6.13497574911,-9999.0,-9999.0,-9999.0,70.4130020142,113.473190769654,46.666564799564,262766.62,670823.42,20,12,70.413
NS67SW_2647,1,4_1,4.96399130726,-9999.0,-9999.0,-9999.0,70.1119995117,360.837135661202,91.9794176182146,262741.11,670820.84,44,24,70.112
NS67SW_2649,1,4_1,5.4925289732,-9999.0,-9999.0,-9999.0,69.5346679688,397.147557739826,146.745928040818,262624.99,670820.1,116,60,69.535
NS67SW_2656,1,4_1,5.78889959731,-9999.0,-9999.0,-9999.0,69.7009963989,111.414153727857,46.9196179689686,262558.22,670817.83,28,16,69.701
NS67SW_2657,1,4_1,5.49182559119,-9999.0,-9999.0,-9999.0,68.3300018311,95.6272898644232,39.8446042382252,262833.25,670816.54,12,8,68.33
NS67SW_2659,1,4_1,6.08946262882,-9999.0,-9999.0,-9999.0,70.4280014038,103.559958043937,40.8880589525017,262801.04,670816.12,12,8,70.428
NS67SW_2662,1,4_1,6.30193354754,-9999.0,-9999.0,-9999.0,69.9189987183,103.223675297301,45.9459734536218,262544.05,670814.37,28,16,69.919
NS67SW_2663,1,4_1,6.01621721721,-9999.0,-9999.0,-9999.0,69.9209976196,122.411068024288,47.2590716379033,262717.0,670815.75,20,12,69.921
NS67SW_2666,1,4_1,4.40985096638,-9999.0,-9999.0,-9999.0,70.2310028076,147.906930627825,64.342024209953,262510.18,670814.68,28,16,70.231
NS67SW_2671,1,4_1,5.83111303472,-9999.0,-9999.0,-9999.0,69.9000015259,147.23080554654,54.0640991737844,262592.81,670814.67,28,16,69.9
NS67SW_2672,1,4_1,5.00190609888,-9999.0,-9999.0,-9999.0,69.4251098633,303.769290201459,104.443022097333,262691.34,670816.63,52,28,69.425
NS67SW_2673,1,4_1,2.53646413485,-9999.0,-9999.0,-9999.0,69.8489990234,48.9474112493136,28.0090790670119,262812.4,670810.2,12,8,69.849
NS67SW_2704,1,4_1,5.36998746425,-9999.0,-9999.0,-9999.0,69.0199966431,86.6042757980865,39.929635942997,262835.54,670802.07,20,12,69.02
NS67SW_2705,1,4_1,6.70666651742,-9999.0,-9999.0,-9999.0,69.5039978027,449.784884412134,127.095316480599,262930.29,670813.16,52,28,69.504
NS67SW_2707,1,4_1,6.20272801116,-9999.0,-9999.0,-9999.0,68.7919998169,100.723658715835,40.3600563985433,262864.68,670801.19,12,8,68.792
NS67SW_2712,1,4_1,5.46210990937,-9999.0,-9999.0,-9999.0,70.9909973145,127.805159855241,52.5449939396652,262804.67,670800.44,28,16,70.991
NS67SW_2730,1,4_1,6.72280339134,-9999.0,-9999.0,-9999.0,68.6790008545,370.516690444464,121.927571857921,262884.37,670800.18,84,44,68.679
NS67SW_2732,1,4_1,4.91806000804,-9999.0,-9999.0,-9999.0,71.5520019531,118.367138800233,46.2424147541522,262770.47,670793.28,20,12,71.552
NS67SW_2733,1,4_1,2.02791229666,-9999.0,-9999.0,-9999.0,70.9522476196,22.2332174965948,21.9931932567574,262617.96,670790.21,8,6,70.952
NS67SW_2742,1,4_1,4.88370020348,-9999.0,-9999.0,-9999.0,70.1429977417,115.523542493463,44.0352893064851,262839.77,670788.3,24,14,70.143
NS67SW_2752,1,4_1,5.58426119118,-9999.0,-9999.0,-9999.0,71.638999939,115.054888641539,42.9160772716094,262805.74,670785.49,12,8,71.639
NS67SW_2753,1,4_1,4.73845168919,-9999.0,-9999.0,-9999.0,70.6380004883,162.755792320893,79.3820945443259,262929.79,670787.37,44,24,70.638
NS67SW_2771,1,4_1,5.7820241174,-9999.0,-9999.0,-9999.0,70.7996673584,255.471665652005,84.1431990463545,262565.27,670787.06,48,26,70.8
NS67SW_2778,1,4_1,4.65434819617,-9999.0,-9999.0,-9999.0,70.9430007935,373.972405935411,116.753785640292,262637.29,670779.91,60,32,70.943
NS67SW_2783,1,4_1,6.26113228246,-9999.0,-9999.0,-9999.0,71.7409973145,124.311494271953,45.2806395152061,262925.06,670776.63,20,12,71.741
NS67SW_2787,1,4_1,4.29267860313,-9999.0,-9999.0,-9999.0,71.5490036011,318.197720645756,130.945682958183,262763.62,670782.19,76,40,71.549
NS67SW_2789,1,4_1,2.15719090512,-9999.0,-9999.0,-9999.0,73.2283325195,28.4457824962197,25.1907249067179,262545.76,670771.5,8,6,73.228
NS67SW_2797,1,4_1,4.76181013888,-9999.0,-9999.0,-9999.0,71.2969970703,997.371487071632,284.289647365046,262706.78,670777.19,224,112,71.297
NS67SW_2800,1,4_1,6.22607376633,-9999.0,-9999.0,-9999.0,72.3180007935,97.051098222112,39.6523652326295,262807.36,670770.0,12,8,72.318
NS67SW_2816,1,4_1,6.54042360057,-9999.0,-9999.0,-9999.0,72.5530014038,94.3090679430266,40.1353400532187,262573.0,670764.41,20,12,72.553
NS67SW_2818,1,4_1,5.09178594128,-9999.0,-9999.0,-9999.0,71.6220016479,301.587182645548,96.9648255560364,262606.72,670771.7,52,28,71.622
NS67SW_2820,1,4_1,3.18946629077,-9999.0,-9999.0,-9999.0,72.1999969482,28.6927537495778,22.6696857006642,262944.75,670759.54,12,8,72.2
NS67SW_2826,1,4_1,5.71226840964,-9999.0,-9999.0,-9999.0,72.4739990234,107.199926249577,39.9486729475616,262928.19,670760.62,20,12,72.474
NS67SW_2837,1,4_1,5.84000093287,-9999.0,-9999.0,-9999.0,72.4530029297,183.568411751053,57.8384943388473,262894.73,670761.53,20,12,72.453
NS67SW_2843,1,4_1,2.66675422305,-9999.0,-9999.0,-9999.0,74.2139968872,72.8854938221241,40.1814546735247,262552.19,670752.63,12,8,74.214
NS67SW_2846,1,4_1,5.26200862315,-9999.0,-9999.0,-9999.0,72.7009963989,132.885300942764,51.1727656057157,262812.04,670753.69,28,16,72.701
NS67SW_2876,1,4_1,4.73807634981,-9999.0,-9999.0,-9999.0,73.5820007324,164.343918482806,74.7977623916747,262574.01,670744.3,52,28,73.582
NS67SW_2886,1,4_1,4.81088566616,-9999.0,-9999.0,-9999.0,73.6839981079,302.136171279396,85.7286875641512,262614.13,670745.11,44,24,73.684
NS67SW_2894,1,4_1,5.16928887588,-9999.0,-9999.0,-9999.0,73.2959976196,136.938610418137,47.9685541915463,262819.05,670734.71,12,8,73.296
NS67SW_2910,1,4_1,5.97722938681,-9999.0,-9999.0,-9999.0,72.0960006714,99.0097440985098,39.8441534760412,262907.85,670728.84,12,8,72.096
NS67SW_2914,1,4_1,5.37074588662,-9999.0,-9999.0,-9999.0,71.8970031738,140.43514716556,50.9778502710475,262923.6,670728.9,28,16,71.897
NS67SW_2916,1,4_1,5.3591079228,-9999.0,-9999.0,-9999.0,72.2659988403,124.533960477695,44.8822033618448,262894.92,670727.77,12,8,72.266
NS67SW_2920,1,4_1,6.11561939015,-9999.0,-9999.0,-9999.0,74.2929992676,86.7308433007741,37.2775473684248,262557.45,670724.92,12,8,74.293
NS67SW_2923,1,4_1,5.74587349704,-9999.0,-9999.0,-9999.0,72.5230026245,117.219002915764,45.9245563326947,262878.85,670725.23,20,12,72.523
NS67SW_2924,1,4_1,4.98071621982,-9999.0,-9999.0,-9999.0,73.5003356934,200.500160413388,67.0218535048535,262581.81,670727.32,36,20,73.5
NS67SW_2929,1,4_1,5.68563246924,-9999.0,-9999.0,-9999.0,72.797996521,126.808472326536,46.3276552865734,262863.1,670721.14,20,12,72.798
NS67SW_2931,1,4_1,2.2173417471,-9999.0,-9999.0,-9999.0,73.4980010986,29.9556450046455,25.397727386969,262629.43,670716.52,8,6,73.498
NS67SW_2936,1,4_1,2.13961347445,-9999.0,-9999.0,-9999.0,72.0899963379,36.1523962512342,31.4266518067876,262917.17,670717.24,20,12,72.09
NS67SW_2945,1,4_1,2.38158092336,-9999.0,-9999.0,-9999.0,73.3310012817,124.686137510519,72.9608014250297,262570.49,670720.0,44,24,73.331
NS67SW_2949,1,4_1,3.13618167241,-9999.0,-9999.0,-9999.0,72.6429977417,24.8116725008634,20.7635576117059,262840.79,670711.46,12,8,72.643
NS67SW_2950,1,4_1,6.05138067663,-9999.0,-9999.0,-9999.0,72.7089996338,91.2771517972821,38.2334014602651,262849.07,670714.25,16,10,72.709
NS67SW_2978,1,4_1,5.34502605583,-9999.0,-9999.0,-9999.0,73.016998291,207.574034477203,61.4784335892885,262585.26,670704.51,12,8,73.017
NS67SW_2986,1,4_1,5.77699547236,-9999.0,-9999.0,-9999.0,72.9100036621,69.7182734504206,33.8285644350475,262822.65,670697.47,12,8,72.91
NS67SW_2989,1,4_1,4.45655214787,-9999.0,-9999.0,-9999.0,73.0680007935,164.797268220836,54.9954446687986,262911.08,670698.93,28,16,73.068
NS67SW_2998,1,4_1,5.56012923142,-9999.0,-9999.0,-9999.0,73.2750015259,107.398181247913,43.7675825772978,262892.99,670694.55,20,12,73.275
NS67SW_3003,1,4_1,6.11899898782,-9999.0,-9999.0,-9999.0,73.4570007324,84.0766467795241,36.6844051978148,262881.39,670690.26,12,8,73.457
NS67SW_3013,1,4_1,5.20145434823,-9999.0,-9999.0,-9999.0,73.7369995117,107.436922506246,41.0083178222551,262868.85,670688.02,16,10,73.737
NS67SW_3021,1,4_1,5.39788071848,-9999.0,-9999.0,-9999.0,73.1029968262,297.790808611611,88.3987254449998,262621.57,670696.8,28,16,73.103
NS67SW_3024,1,4_1,5.61660334133,-9999.0,-9999.0,-9999.0,73.8899993896,99.3650591543873,41.58823512261,262855.97,670684.6,20,12,73.89
NS67SW_3039,1,4_1,5.17201934542,-9999.0,-9999.0,-9999.0,73.8099975586,121.181506193536,46.9970670672798,262840.88,670681.08,28,16,73.81
NS67SW_3048,1,4_1,6.16500949635,-9999.0,-9999.0,-9999.0,73.8789978027,113.64194185354,43.3506246492506,262827.71,670675.83,20,12,73.879
NS67SW_3056,1,4_1,4.94859331504,-9999.0,-9999.0,-9999.0,72.9909973145,203.557418668188,62.7789965948619,262589.66,670677.54,20,12,72.991
NS67SW_3060,1,4_1,4.06097920627,-9999.0,-9999.0,-9999.0,73.1849975586,594.384705269476,161.760331839181,262540.68,670689.03,76,40,73.185
NS67SW_3066,1,4_1,6.00819412727,-9999.0,-9999.0,-9999.0,73.0449981689,87.2487869745706,37.4006104325806,262567.99,670667.1,12,8,73.045
NS67SW_3068,1,4_1,4.27352821017,-9999.0,-9999.0,-9999.0,73.0599975586,212.667915519941,64.6703715220659,262628.84,670670.95,36,20,73.06
NS67SW_3071,1,4_1,5.91894491981,-9999.0,-9999.0,-9999.0,74.9219970703,103.526440531146,40.7150123849101,262937.38,670666.22,12,8,74.922
NS67SW_3072,1,4_1,6.00482950116,-9999.0,-9999.0,-9999.0,75.0960006714,105.036359179275,41.0069363502272,262952.18,670666.12,12,8,75.096
NS67SW_3093,1,4_1,4.99349665685,-9999.0,-9999.0,-9999.0,73.0090026855,145.240876640969,59.1190794668301,262589.27,670659.11,32,18,73.009
NS67SW_3096,1,4_1,2.0632966883,-9999.0,-9999.0,-9999.0,73.0260009766,25.4576999985199,25.0608897145784,262576.33,670655.4,8,6,73.026
NS67SW_3109,1,4_1,4.97766867995,-9999.0,-9999.0,-9999.0,75.2549972534,190.353230628901,69.2755088526845,262870.74,670655.74,36,20,75.255
NS67SW_3116,1,4_1,4.26169957683,-9999.0,-9999.0,-9999.0,75.3499984741,298.365531070274,97.1022202088714,262896.86,670652.58,40,22,75.35
NS67SW_3124,1,4_1,6.0820475484,-9999.0,-9999.0,-9999.0,76.2170028687,115.023847025826,42.9302724565665,262951.33,670644.47,12,8,76.217
NS67SW_3141,1,4_1,5.29102331576,-9999.0,-9999.0,-9999.0,76.5801849365,101.238770363844,42.6696950901306,262868.59,670635.72,20,12,76.58
NS67SW_3145,1,4_1,5.95427506504,-9999.0,-9999.0,-9999.0,77.1839981079,81.4851194029747,36.3738686567128,262925.07,670634.32,12,8,77.184
NS67SW_3151,1,4_1,6.13291486722,-9999.0,-9999.0,-9999.0,76.9110031128,81.1950643269762,36.0454549139196,262839.52,670629.06,12,8,76.911
NS67SW_3155,1,4_1,6.03827452395,-9999.0,-9999.0,-9999.0,77.0110015869,115.988220087301,43.1204827167234,262950.93,670627.57,12,8,77.011
NS67SW_3164,1,4_1,4.87402532333,-9999.0,-9999.0,-9999.0,75.1890029907,539.911775635663,181.681037600037,262822.4,670635.52,100,52,75.189
NS67SW_4930,1,4_1,12.3040737413,-9999.0,-9999.0,-9999.0,67.1480026245,8179.31981868651,375.63614887335,262829.37,671232.05,56,30,67.148
NS67SW_4931,1,4_1,8.94381591,-9999.0,-9999.0,-9999.0,65.1669998169,9845.66723257243,471.242969943299,262633.91,671232.96,84,44,65.167
NS67SW_1674,1,4_2,4.47087951943,-9999.0,-9999.0,-9999.0,61.0460014343,40.3259331897178,33.7047495372847,262660.47,671330.46,12,8,61.046
NS67SW_4929,1,4_2,10.7386223626,-9999.0,-9999.0,-9999.0,60.6669998169,22878.0248234523,848.445266039625,262620.9,671404.92,192,98,60.667
NS67SW_554,1,4_3,3.06615930156,-9999.0,-9999.0,-9999.0,63.5239982605,351.938681160573,75.0416531033953,262628.8,672299.16,12,8,63.524
NS67SW_556,1,4_3,5.2719659176,-9999.0,-9999.0,-9999.0,63.7459983826,255.452448149769,78.3535285066598,262594.15,672297.55,20,12,63.746
NS67SW_576,1,4_3,5.73975826955,-9999.0,-9999.0,-9999.0,63.1360015869,215.574876930425,62.3890345102163,262631.44,672275.23,12,8,63.136
NS67SW_648,1,4_3,9.30781533889,-9999.0,-9999.0,-9999.0,62.7430000305,2848.68168745486,363.755333607499,262854.28,672210.14,112,58,62.743
NS67SW_671,1,4_3,5.05253544932,-9999.0,-9999.0,-9999.0,62.5299987793,2185.81498575109,226.442721514386,262691.0,672199.11,36,20,62.53
NS67SW_731,1,4_3,4.52974663759,-9999.0,-9999.0,-9999.0,67.4710006714,108.279154378168,41.6579551765334,262994.03,672103.65,12,8,67.471
NS67SW_742,1,4_3,3.09976979484,-9999.0,-9999.0,-9999.0,67.5530014038,59.2955408222843,31.024564119552,262990.84,672089.92,12,8,67.553
NS67SW_744,1,4_3,2.51268448264,-9999.0,-9999.0,-9999.0,62.3660011292,29.9722199973358,22.1124685367437,262898.81,672085.54,12,8,62.366
NS67SW_764,1,4_3,8.91279908044,-9999.0,-9999.0,-9999.0,62.1819992065,7994.88472546967,561.598083361923,262853.39,672122.06,124,62,62.182
NS67SW_825,1,4_3,5.90703158639,-9999.0,-9999.0,-9999.0,65.6979980469,2001.4059913926,265.716944684723,263005.64,672029.77,104,54,65.698
NS67SW_890,1,4_3,11.2298299828,-9999.0,-9999.0,-9999.0,61.8619995117,8722.77271100295,1193.1811907975,262825.05,671981.26,232,118,61.862
NS67SW_324,1,4_4,3.44482139946,-9999.0,-9999.0,-9999.0,62.686000824,786.63976081275,238.363828123352,262910.85,672575.19,68,36,62.686
NS67SW_350,1,4_4,2.17251943477,-9999.0,-9999.0,-9999.0,63.2470016479,79.5334837537297,49.7112479857392,262690.45,672513.34,24,14,63.247
NS67SW_355,1,4_4,4.10749975983,-9999.0,-9999.0,-9999.0,63.0605430603,127.029804184974,77.6311732434336,262674.75,672509.99,52,28,63.06
NS67SW_3271,1,5_0,4.93203338734,-9999.0,-9999.0,-9999.0,73.5100021362,2423.48838288128,236.645101548735,263709.62,670611.2,60,32,73.51
NS67SW_3274,1,5_0,6.46282554564,-9999.0,-9999.0,-9999.0,73.4400024414,155.879654613808,53.9572635231853,263737.81,670579.83,28,16,73.44
NS67SW_3291,1,5_0,5.24272247254,-9999.0,-9999.0,-9999.0,73.4700012207,258.535200128471,95.0656238434872,263721.15,670576.38,36,20,73.47
NS67SW_3301,1,5_0,2.49271464678,-9999.0,-9999.0,-9999.0,74.0009994507,93.548196139637,46.4272329446984,263699.27,670565.06,20,12,74.001
NS67SW_3426,1,5_0,3.76561741734,-9999.0,-9999.0,-9999.0,80.1969985962,166.094877924708,64.8951608647865,263166.53,670499.54,28,16,80.197
NS67SW_1997,1,5_1,5.01932978976,-9999.0,-9999.0,-9999.0,65.7163314819,36.3731174950926,24.2438280455547,263498.32,671136.26,12,8,65.716
NS67SW_2020,1,5_1,2.49809812658,-9999.0,-9999.0,-9999.0,65.4390029907,64.9589057311578,32.9895404331903,263357.3,671119.56,12,8,65.439
NS67SW_1019,1,5_2,3.67642249991,-9999.0,-9999.0,-9999.0,61.3880004883,282.498258152825,85.2031252114572,263725.35,671742.7,40,22,61.388
NS67SW_1023,1,5_2,3.56134965598,-9999.0,-9999.0,-9999.0,61.0890007019,248.091028924658,76.4114452922825,263681.83,671740.08,44,24,61.089
NS67SW_1034,1,5_2,2.03349852889,-9999.0,-9999.0,-9999.0,61.9970016479,39.2602950054127,25.2268009919629,263734.01,671726.4,12,8,61.997
NS67SW_1046,1,5_2,3.54042974185,-9999.0,-9999.0,-9999.0,61.9150009155,101.642050363635,44.263288807864,263709.83,671723.81,12,8,61.915
NS67SW_1050,1,5_2,3.07535763075,-9999.0,-9999.0,-9999.0,61.3470001221,124.444200010117,52.2910375045751,263690.94,671722.8,16,10,61.347
NS67SW_1059,1,5_2,3.26679230842,-9999.0,-9999.0,-9999.0,62.2779998779,88.5130417552884,38.170142576631,263733.76,671713.82,12,8,62.278
NS67SW_1063,1,5_2,2.36148716853,-9999.0,-9999.0,-9999.0,62.2430000305,31.2871199949996,26.788665244742,263688.97,671709.04,8,6,62.243
NS67SW_1083,1,5_2,2.45530769865,-9999.0,-9999.0,-9999.0,62.4900016785,149.537806502765,50.7500095769203,263680.68,671699.96,12,8,62.49
NS67SW_1093,1,5_2,2.56214820682,-9999.0,-9999.0,-9999.0,62.8215026855,102.998343561447,54.1692117666012,263709.46,671695.87,28,16,62.822
NS67SW_1103,1,5_2,2.9699991826,-9999.0,-9999.0,-9999.0,62.65599823,449.747347862981,153.048080255891,263681.04,671692.12,68,36,62.656
NS67SW_1377,1,5_2,10.693268747,-9999.0,-9999.0,-9999.0,61.5050010681,36.1157099315469,26.6852351599056,263132.98,671501.32,28,16,61.505
NS67SW_966,1,5_2,2.97461128235,-9999.0,-9999.0,-9999.0,58.96900177,127.789426644219,49.4037133651762,263717.88,671803.74,20,12,58.969
NS67SW_969,1,5_2,3.78365491089,-9999.0,-9999.0,-9999.0,59.0449981689,187.256788984994,54.9489427283099,263679.66,671799.3,12,8,59.045
NS67SW_970,1,5_2,3.76792225501,-9999.0,-9999.0,-9999.0,59.293674469,65.0230506141686,34.5908744497175,263701.21,671798.36,12,8,59.294
NS67SW_973,1,5_2,3.77184919201,-9999.0,-9999.0,-9999.0,59.341999054,197.491197262265,65.4925857635794,263741.25,671797.72,44,24,59.342
NS67SW_635,1,5_3,4.57523203434,-9999.0,-9999.0,-9999.0,63.9284515381,162.097835532334,71.3934187774318,263636.26,672206.18,32,18,63.928
NS67SW_653,1,5_3,13.1187403856,-9999.0,-9999.0,-9999.0,63.9809989929,37.2371287549142,36.1263783361358,263628.66,672183.75,20,12,63.981
NS67SW_654,1,5_3,5.8458429678,-9999.0,-9999.0,-9999.0,64.263999939,615.630432323353,120.053466466719,263653.46,672194.62,28,16,64.264
NS67SW_706,1,5_3,4.04424515716,-9999.0,-9999.0,-9999.0,64.3830032349,1322.41278383474,317.112203443174,263688.57,672155.59,148,76,64.383
NS67SW_801,1,5_3,4.09313429448,-9999.0,-9999.0,-9999.0,57.9659996033,43.440267223034,38.2465792917379,263729.59,672022.99,12,8,57.966
NS67SW_914,1,5_3,2.77300522888,-9999.0,-9999.0,-9999.0,54.6230010986,90.4153292639523,43.7668125169775,263664.04,671876.74,20,12,54.623
NS67SW_148,1,5_4,2.88266013166,-9999.0,-9999.0,-9999.0,50.297000885,35.3338237515645,23.9072416135958,263410.4,673094.7,12,8,50.297
NS67SW_150,1,5_4,3.94921890905,-9999.0,-9999.0,-9999.0,50.966999054,394.94253886227,130.6201681949,263398.92,673080.32,68,36,50.967
NS67SW_153,1,5_4,3.62818426966,-9999.0,-9999.0,-9999.0,50.0769996643,234.639321178454,82.1387657202132,263505.58,673057.87,52,28,50.077
NS67SW_154,1,5_4,4.30885540192,-9999.0,-9999.0,-9999.0,50.6899986267,597.801105757199,115.401319169876,263446.99,673058.06,88,46,50.69
NS67SW_169,1,5_4,4.42431078424,-9999.0,-9999.0,-9999.0,54.5730018616,148.568866661045,48.945269989935,263364.23,672898.14,12,8,54.573
NS67SW_173,1,5_4,3.15012341279,-9999.0,-9999.0,-9999.0,55.7729988098,53.575560008505,29.3540677132041,263374.24,672882.94,12,8,55.773
NS67SW_111,1,5_5,5.829852167,-9999.0,-9999.0,-9999.0,53.4710006714,425.136781767173,84.2530471749885,263266.44,673314.49,12,8,53.471
NS67SW_112,1,5_5,5.5778325705,-9999.0,-9999.0,-9999.0,53.03099823,956.688797458783,164.03233629095,263294.82,673319.11,28,16,53.031
NS67SW_117,1,5_5,5.0038424266,-9999.0,-9999.0,-9999.0,53.1800003052,1227.79532255909,186.882156916893,263284.47,673274.09,44,24,53.18
NS67SW_119,1,5_5,5.0915269976,-9999.0,-9999.0,-9999.0,53.5019989014,406.709371730476,88.121166429291,263251.24,673264.5,12,8,53.502
NS67SW_127,1,5_5,3.65565229391,-9999.0,-9999.0,-9999.0,51.5279998779,156.93048038576,55.1998545854342,263341.72,673205.99,28,16,51.528
NS67SW_128,1,5_5,5.01898262121,-9999.0,-9999.0,-9999.0,52.8549995422,1012.67678337489,275.63927638595,263271.62,673222.42,120,60,52.855
NS67SW_130,1,5_5,3.89695389859,-9999.0,-9999.0,-9999.0,50.7439994812,157.846231151323,53.2137758185174,263345.22,673185.94,20,12,50.744
NS67SW_132,1,5_5,2.49012407693,-9999.0,-9999.0,-9999.0,50.0880012512,23.4412349969089,19.3918831808832,263359.58,673179.26,12,8,50.088
NS67SW_1840,1,6_1,2.54610048641,-9999.0,-9999.0,-9999.0,66.3259963989,47.7591524986801,28.8091648081015,263915.53,671243.7,12,8,66.326
NS67SW_1861,1,6_1,4.24235357889,-9999.0,-9999.0,-9999.0,66.3769989014,27.2634525029582,23.1842235408408,263891.08,671233.46,12,8,66.377
NS67SW_1878,1,6_1,4.32200625819,-9999.0,-9999.0,-9999.0,59.8134994507,125.652903753819,44.6004140214066,264184.32,671228.66,24,14,59.813
NS67SW_1006,1,6_2,3.31353385138,-9999.0,-9999.0,-9999.0,63.3819999695,114.127660672828,45.0929114719769,263845.9,671755.22,20,12,63.382
NS67SW_1010,1,6_2,3.77188795171,-9999.0,-9999.0,-9999.0,62.438999176,286.173635194499,93.6417703425543,263803.85,671748.97,60,32,62.439
NS67SW_1011,1,6_2,4.06270502911,-9999.0,-9999.0,-9999.0,66.3840026855,248.906553949949,68.9143216714038,264122.29,671749.99,36,20,66.384
NS67SW_1015,1,6_2,3.6697381262,-9999.0,-9999.0,-9999.0,62.7490005493,110.915394560542,44.1842484550259,263778.39,671744.18,20,12,62.749
NS67SW_1028,1,6_2,3.65148583678,-9999.0,-9999.0,-9999.0,65.2770004272,279.510380009521,72.6557276469294,263907.23,671737.3,28,16,65.277
NS67SW_1035,1,6_2,3.29808853768,-9999.0,-9999.0,-9999.0,67.5319976807,37.960942499754,24.7720381343242,264130.86,671725.65,12,8,67.532
NS67SW_1037,1,6_2,3.10021316704,-9999.0,-9999.0,-9999.0,64.0749969482,118.426912499974,47.7011115220867,263834.86,671731.12,16,10,64.075
NS67SW_1042,1,6_2,6.56096475021,-9999.0,-9999.0,-9999.0,67.5500030518,187.519510173557,59.3753243481073,264118.77,671725.4,36,20,67.55
NS67SW_1051,1,6_2,2.92376963657,-9999.0,-9999.0,-9999.0,65.6399993896,183.283080819219,63.559012123169,263920.82,671721.94,36,20,65.64
NS67SW_1061,1,6_2,2.58089034622,-9999.0,-9999.0,-9999.0,65.2570037842,21.0315187529099,22.2492670401643,263840.64,671711.51,12,8,65.257
NS67SW_1062,1,6_2,3.02108056569,-9999.0,-9999.0,-9999.0,67.09400177,160.934801243342,57.0896950095067,264000.18,671713.95,28,16,67.094
NS67SW_1071,1,6_2,3.4526682432,-9999.0,-9999.0,-9999.0,64.4209976196,186.046347612761,74.6289095829508,263820.46,671718.3,12,8,64.421
NS67SW_1073,1,6_2,4.03371861224,-9999.0,-9999.0,-9999.0,65.3389968872,161.181477215312,55.175909964889,263851.02,671709.35,28,16,65.339
NS67SW_1107,1,6_2,2.69679693139,-9999.0,-9999.0,-9999.0,67.2770004272,118.708614970817,49.9389051910503,263946.88,671683.12,12,8,67.277
NS67SW_1111,1,6_2,3.50082617751,-9999.0,-9999.0,-9999.0,68.3899993896,568.502664941012,168.22417273853,264244.11,671687.33,84,44,68.39
NS67SW_1115,1,6_2,3.58797710875,-9999.0,-9999.0,-9999.0,67.7310028076,186.854050392281,62.2273734113318,264019.24,671673.08,28,16,67.731
NS67SW_1117,1,6_2,3.75195544515,-9999.0,-9999.0,-9999.0,67.952003479,234.04266695288,69.9202420097687,264067.88,671673.11,36,20,67.952
NS67SW_1122,1,6_2,2.30363285421,-9999.0,-9999.0,-9999.0,67.3229980469,177.163163935819,74.0226097047264,263940.67,671675.01,12,8,67.323
NS67SW_1136,1,6_2,3.462602192,-9999.0,-9999.0,-9999.0,67.1409988403,342.35299269751,127.275976135975,263928.53,671668.86,32,16,67.141
NS67SW_1145,1,6_2,3.11413829217,-9999.0,-9999.0,-9999.0,67.9729995728,94.7723401946282,55.681586258517,264050.24,671651.16,28,16,67.973
NS67SW_1150,1,6_2,3.42323530922,-9999.0,-9999.0,-9999.0,67.9160003662,69.8028935044088,36.3851817371144,264035.76,671647.78,12,8,67.916
NS67SW_1151,1,6_2,3.9376956437,-9999.0,-9999.0,-9999.0,67.4629974365,110.701522800864,90.0411267781236,263936.55,671645.88,40,22,67.463
NS67SW_1168,1,6_2,3.64968632637,-9999.0,-9999.0,-9999.0,66.4150009155,49.3895943258856,30.4612390935017,263797.25,671629.91,12,8,66.415
NS67SW_1174,1,6_2,3.43069905636,-9999.0,-9999.0,-9999.0,69.3850021362,68.3219375326384,34.7866170320025,264226.39,671624.92,12,8,69.385
NS67SW_1176,1,6_2,3.01453363881,-9999.0,-9999.0,-9999.0,68.1230010986,220.741480612233,69.8784301205523,264114.49,671629.81,28,16,68.123
NS67SW_1195,1,6_2,3.45673336702,-9999.0,-9999.0,-9999.0,69.3199996948,68.7267191418683,33.2830345407353,264212.4,671612.17,12,8,69.32
NS67SW_1199,1,6_2,5.20557877697,-9999.0,-9999.0,-9999.0,67.9199981689,409.416617590781,84.2807062112971,264045.92,671616.83,28,16,67.92
NS67SW_1211,1,6_2,5.51320741014,-9999.0,-9999.0,-9999.0,69.9889984131,171.932691870006,54.366768341881,264313.16,671605.62,20,12,69.989
NS67SW_1236,1,6_2,5.64521856637,-9999.0,-9999.0,-9999.0,69.3050003052,298.783911646882,89.8059706745322,264193.63,671595.57,60,32,69.305
NS67SW_1483,1,6_2,4.07810803982,-9999.0,-9999.0,-9999.0,65.93699646,114.066621719741,51.1998233968159,264334.62,671439.02,28,16,65.937
NS67SW_1844,1,6_2,6.94038201805,-9999.0,-9999.0,-9999.0,66.233001709,1016.80775102753,143.644932526033,263887.49,671254.11,20,12,66.233
NS67SW_920,1,6_2,5.39710171472,-9999.0,-9999.0,-9999.0,65.827003479,150.902533522573,53.9505735017785,264284.44,671869.66,28,16,65.827
NS67SW_921,1,6_2,5.48341805104,-9999.0,-9999.0,-9999.0,66.0350036621,120.703811784899,48.2937126663161,264319.69,671867.81,20,12,66.035
NS67SW_925,1,6_2,4.53543963143,-9999.0,-9999.0,-9999.0,63.6380004883,252.64273549883,75.2611600703991,264087.37,671866.05,36,20,63.638
NS67SW_930,1,6_2,5.0010393727,-9999.0,-9999.0,-9999.0,66.0400009155,181.178717266655,66.8827907417703,264212.02,671859.82,36,20,66.04
NS67SW_931,1,6_2,4.97679035972,-9999.0,-9999.0,-9999.0,65.966003418,108.677626659872,46.1649784819804,264272.31,671857.41,28,16,65.966
NS67SW_932,1,6_2,4.98142224048,-9999.0,-9999.0,-9999.0,66.3150024414,128.851706326293,50.310901365547,264329.53,671856.56,28,16,66.315
NS67SW_935,1,6_2,4.40120309708,-9999.0,-9999.0,-9999.0,66.2799987793,380.876436262147,114.462824118955,264356.4,671854.22,68,36,66.28
NS67SW_936,1,6_2,4.97070891954,-9999.0,-9999.0,-9999.0,65.9970016479,404.456124749451,137.804299683287,264243.8,671852.78,64,36,65.997
NS67SW_949,1,6_2,4.36930533289,-9999.0,-9999.0,-9999.0,64.5589981079,208.914854419208,63.1272113486194,264106.48,671832.45,28,16,64.559
NS67SW_954,1,6_2,3.02673778128,-9999.0,-9999.0,-9999.0,64.4189987183,35.7883200057922,24.1157855560366,264082.84,671822.17,12,8,64.419
NS67SW_963,1,6_2,4.71171382583,-9999.0,-9999.0,-9999.0,64.9309997559,216.019664991531,67.6632982956274,264110.1,671810.47,24,14,64.931
NS67SW_974,1,6_2,3.86771969835,-9999.0,-9999.0,-9999.0,63.9819984436,60.8698162431017,30.4567971836809,263955.9,671793.11,16,10,63.982
NS67SW_976,1,6_2,2.80399443567,-9999.0,-9999.0,-9999.0,64.8323364258,74.6396824271068,40.9348769291678,264080.62,671793.54,20,12,64.832
NS67SW_983,1,6_2,5.94296506832,-9999.0,-9999.0,-9999.0,65.5449981689,157.654302797927,55.081444753928,264116.14,671783.61,28,16,65.545
NS67SW_985,1,6_2,3.92393547844,-9999.0,-9999.0,-9999.0,63.8300018311,276.707530292385,82.4538396036514,263925.85,671785.18,44,24,63.83
NS67SW_998,1,6_2,4.21988173386,-9999.0,-9999.0,-9999.0,64.4459991455,319.409540860413,97.6573132868286,263945.9,671769.04,52,28,64.446
NS67SW_403,1,6_3,3.31212649387,-9999.0,-9999.0,-9999.0,46.3829994202,206.535782479251,68.9459603320706,264365.03,672464.29,44,24,46.383
NS67SW_411,1,6_3,5.26457517212,-9999.0,-9999.0,-9999.0,46.3300018311,153.57806170149,51.9158081517555,264350.83,672456.12,20,12,46.33
NS67SW_433,1,6_3,5.7221182085,-9999.0,-9999.0,-9999.0,46.3450012207,310.675715152879,85.1836425829365,264329.58,672437.55,32,18,46.345
NS67SW_442,1,6_3,2.13189470768,-9999.0,-9999.0,-9999.0,47.7290000916,36.8700562529066,27.7579692921814,264372.64,672417.07,8,6,47.729
NS67SW_444,1,6_3,4.570476045,-9999.0,-9999.0,-9999.0,46.8199996948,194.414400230019,57.0962697167416,264307.86,672422.43,20,12,46.82
NS67SW_448,1,6_3,5.68700591256,-9999.0,-9999.0,-9999.0,47.7480010986,176.546449986314,57.2408493944008,264358.05,672419.65,28,16,47.748
NS67SW_462,1,6_3,5.69332230948,-9999.0,-9999.0,-9999.0,48.063999176,130.234326670657,47.3513468274716,264336.62,672402.28,20,12,48.064
NS67SW_467,1,6_3,2.23616699026,-9999.0,-9999.0,-9999.0,48.2220001221,22.9345349999971,22.0920837837632,264320.05,672393.6,8,6,48.222
NS67SW_472,1,6_3,5.0076132813,-9999.0,-9999.0,-9999.0,46.533000946,443.476195468657,149.449306343682,264282.9,672404.27,72,38,46.533
NS67SW_475,1,6_3,5.46999553175,-9999.0,-9999.0,-9999.0,48.3800010681,284.52101587946,79.5483697010184,264373.18,672397.98,28,16,48.38
NS67SW_479,1,6_3,5.29633865226,-9999.0,-9999.0,-9999.0,48.875,149.877739982009,52.4583195529893,264345.41,672386.8,20,12,48.875
NS67SW_480,1,6_3,4.02196286673,-9999.0,-9999.0,-9999.0,46.9799995422,167.721895661226,54.36763992057,264260.51,672386.57,20,12,46.98
NS67SW_483,1,6_3,5.42169003202,-9999.0,-9999.0,-9999.0,48.2869987488,144.506935307459,49.3997033614008,264310.82,672382.16,20,12,48.287
NS67SW_487,1,6_3,3.61618928695,-9999.0,-9999.0,-9999.0,47.7649993896,190.826641710895,57.4772081503474,264248.43,672376.04,20,12,47.765
NS67SW_491,1,6_3,5.36343153318,-9999.0,-9999.0,-9999.0,48.4760017395,148.08522948611,64.5147320016292,264324.21,672369.5,28,16,48.476
NS67SW_492,1,6_3,5.85044172097,-9999.0,-9999.0,-9999.0,48.2120018005,120.324553064429,44.1948457987763,264288.85,672367.39,12,8,48.212
NS67SW_498,1,6_3,3.58094165229,-9999.0,-9999.0,-9999.0,47.9150009155,181.57009554271,58.1735596435924,264235.07,672362.17,20,12,47.915
NS67SW_501,1,6_3,5.97113541274,-9999.0,-9999.0,-9999.0,50.0600013733,268.058472185428,76.9180918337018,264355.96,672364.55,16,10,50.06
NS67SW_506,1,6_3,5.94651297956,-9999.0,-9999.0,-9999.0,48.5760002136,120.854197918837,44.4076639556599,264298.87,672353.77,12,8,48.576
NS67SW_508,1,6_3,5.35872069508,-9999.0,-9999.0,-9999.0,48.8959999084,151.417925593488,53.6733957941156,264266.27,672349.12,36,20,48.896
NS67SW_509,1,6_3,5.35697452955,-9999.0,-9999.0,-9999.0,49.4537467957,239.183085995889,78.839934686906,264333.63,672352.03,36,20,49.454
NS67SW_518,1,6_3,5.93555904188,-9999.0,-9999.0,-9999.0,49.9770011902,126.052518423993,45.2700074615665,264275.13,672335.91,12,8,49.977
NS67SW_522,1,6_3,6.1012467403,-9999.0,-9999.0,-9999.0,51.9959983826,155.425919640702,51.3422742747229,264332.17,672329.36,12,8,51.996
NS67SW_527,1,6_3,5.11302515593,-9999.0,-9999.0,-9999.0,50.0359992981,272.672752121233,75.2433381859239,264308.23,672331.25,28,16,50.036
NS67SW_531,1,6_3,6.06197255618,-9999.0,-9999.0,-9999.0,51.5693321228,116.851640046669,43.5786935743827,264284.12,672321.09,12,8,51.569
NS67SW_532,1,6_3,5.05508881823,-9999.0,-9999.0,-9999.0,55.5149993896,195.470278085134,71.7433817825689,264366.07,672322.0,36,20,55.515
NS67SW_534,1,6_3,4.41132385075,-9999.0,-9999.0,-9999.0,46.827999115,667.701208441544,231.973908432798,264205.5,672335.94,152,78,46.828
NS67SW_536,1,6_3,4.79699652051,-9999.0,-9999.0,-9999.0,49.5979995728,404.64347314859,104.045069722116,264246.72,672322.7,60,32,49.598
NS67SW_546,1,6_3,5.35133475433,-9999.0,-9999.0,-9999.0,56.3479995728,166.992374475901,57.0998747066152,264353.42,672307.88,28,16,56.348
NS67SW_548,1,6_3,5.13301047751,-9999.0,-9999.0,-9999.0,48.8284988403,339.665740210464,97.0265605936137,264171.44,672312.01,40,22,48.828
NS67SW_549,1,6_3,5.71102918771,-9999.0,-9999.0,-9999.0,53.9109992981,138.115660571003,49.5275071199748,264289.12,672302.55,20,12,53.911
NS67SW_550,1,6_3,2.31038049234,-9999.0,-9999.0,-9999.0,55.4819984436,47.5937700060364,27.6551986240902,264304.39,672295.2,12,8,55.482
NS67SW_552,1,6_3,5.61470809637,-9999.0,-9999.0,-9999.0,53.5279998779,131.143256659854,51.3014208020194,264251.31,672298.39,28,16,53.528
NS67SW_557,1,6_3,5.65154691424,-9999.0,-9999.0,-9999.0,57.4440002441,183.619175161869,63.400022116152,264339.04,672293.7,28,16,57.444
NS67SW_558,1,6_3,5.76315250222,-9999.0,-9999.0,-9999.0,48.1150016785,312.501283923548,84.6244542295882,264140.38,672296.05,16,10,48.115
NS67SW_559,1,6_3,6.01873495521,-9999.0,-9999.0,-9999.0,54.6220016479,147.303158413138,49.5375840634209,264282.61,672287.47,12,8,54.622
NS67SW_566,1,6_3,6.17622923176,-9999.0,-9999.0,-9999.0,55.0260009766,116.280423380173,43.5427551477415,264240.63,672282.9,12,8,55.026
NS67SW_569,1,6_3,5.65449377207,-9999.0,-9999.0,-9999.0,50.4749984741,132.650465318387,49.2644827560898,264162.69,672279.48,20,12,50.475
NS67SW_573,1,6_3,5.37931662537,-9999.0,-9999.0,-9999.0,49.1819992065,152.717205570534,53.5533952327406,264120.48,672276.48,20,12,49.182
NS67SW_578,1,6_3,6.03771474559,-9999.0,-9999.0,-9999.0,57.2050018311,119.500913199488,44.0323343657269,264272.35,672270.22,12,8,57.205
NS67SW_580,1,6_3,2.95125332857,-9999.0,-9999.0,-9999.0,51.5428543091,43.9367887459807,26.9379172436618,264155.67,672264.94,12,8,51.543
NS67SW_581,1,6_3,5.09329820147,-9999.0,-9999.0,-9999.0,50.6339988708,736.119228492687,209.314317245144,264206.3,672290.32,132,68,50.634
NS67SW_584,1,6_3,5.47876434326,-9999.0,-9999.0,-9999.0,50.4959983826,164.774793283571,55.6111438665739,264134.74,672266.2,20,12,50.496
NS67SW_587,1,6_3,4.47760288009,-9999.0,-9999.0,-9999.0,55.6054534912,235.505498301723,95.1104731500726,264227.27,672266.05,68,36,55.605
NS67SW_588,1,6_3,4.86480935978,-9999.0,-9999.0,-9999.0,58.8600006104,103.000079990006,44.9436652526397,264272.57,672257.33,20,12,58.86
NS67SW_589,1,6_3,5.7735558608,-9999.0,-9999.0,-9999.0,51.7540016174,141.142408431352,49.982257226254,264147.23,672256.65,28,16,51.754
NS67SW_591,1,6_3,4.64867930801,-9999.0,-9999.0,-9999.0,61.0844993591,191.194966384727,63.4915891087406,264358.81,672255.74,32,18,61.084
NS67SW_593,1,6_3,3.17016314037,-9999.0,-9999.0,-9999.0,55.0900001526,38.8426107388283,41.8610664713821,264200.7,672251.35,24,14,55.09
NS67SW_595,1,6_3,4.5742841685,-9999.0,-9999.0,-9999.0,49.5400009155,128.227573051735,45.4263702664129,264092.52,672251.14,12,8,49.54
NS67SW_596,1,6_3,4.63928882545,-9999.0,-9999.0,-9999.0,58.6710014343,110.75172040587,42.1346083629548,264240.83,672248.47,12,8,58.671
NS67SW_598,1,6_3,5.11791065481,-9999.0,-9999.0,-9999.0,59.3180007935,102.913514643868,45.4928778727953,264252.09,672247.16,20,12,59.318
NS67SW_599,1,6_3,5.26692536475,-9999.0,-9999.0,-9999.0,58.5852508545,536.784831159838,161.601568783269,264313.07,672265.99,108,56,58.585
NS67SW_600,1,6_3,5.01875239069,-9999.0,-9999.0,-9999.0,50.1479988098,91.6192853237212,40.089345083444,264104.66,672246.16,12,8,50.148
NS67SW_601,1,6_3,4.71747227602,-9999.0,-9999.0,-9999.0,61.4322509766,86.8266837773688,37.3972376069771,264345.1,672245.59,12,8,61.432
NS67SW_603,1,6_3,2.48770841516,-9999.0,-9999.0,-9999.0,62.0439987183,29.4850912488119,22.3404104464689,264359.21,672240.22,12,8,62.044
NS67SW_605,1,6_3,5.2388157696,-9999.0,-9999.0,-9999.0,53.1619987488,226.754855599946,74.1622991277879,264175.63,672248.85,32,18,53.162
NS67SW_606,1,6_3,5.51410031675,-9999.0,-9999.0,-9999.0,51.1590003967,86.5220682169364,38.1353636596648,264113.59,672240.94,20,12,51.159
NS67SW_608,1,6_3,3.09275963727,-9999.0,-9999.0,-9999.0,56.1010017395,44.753182009619,30.778330061497,264190.3,672238.97,20,12,56.101
NS67SW_609,1,6_3,4.82240649825,-9999.0,-9999.0,-9999.0,56.8009986877,366.516169799646,100.860530951553,264213.92,672239.67,52,28,56.801
NS67SW_615,1,6_3,2.22964926169,-9999.0,-9999.0,-9999.0,62.063999176,38.3929199974505,25.990198212925,264347.63,672225.49,12,8,62.064
NS67SW_616,1,6_3,5.35190500345,-9999.0,-9999.0,-9999.0,50.013999939,151.32042780677,53.4990060281415,264078.32,672227.35,28,16,50.014
NS67SW_618,1,6_3,5.55041809831,-9999.0,-9999.0,-9999.0,53.9580001831,156.499006277565,58.2583404411156,264161.97,672227.26,20,12,53.958
NS67SW_619,1,6_3,1.91591999449,-9999.0,-9999.0,-9999.0,54.8370018005,38.3282662478462,24.8724677673828,264171.85,672220.76,12,8,54.837
NS67SW_623,1,6_3,5.970322903,-9999.0,-9999.0,-9999.0,49.5699996948,124.951095466148,45.6631809645815,264051.11,672222.07,20,12,49.57
NS67SW_624,1,6_3,2.11306259007,-9999.0,-9999.0,-9999.0,63.236000061,29.6832262502837,29.7563653789508,264359.19,672216.19,16,10,63.236
NS67SW_625,1,6_3,5.368035686,-9999.0,-9999.0,-9999.0,51.388999939,150.533952675142,49.0795821885825,264094.2,672218.68,12,8,51.389
NS67SW_626,1,6_3,4.97432344997,-9999.0,-9999.0,-9999.0,52.9020004272,290.89573346703,85.5046360598626,264128.47,672226.33,44,24,52.902
NS67SW_629,1,6_3,4.43052538526,-9999.0,-9999.0,-9999.0,61.8170013428,325.82409583075,118.374235759885,264326.53,672225.26,60,32,61.817
NS67SW_630,1,6_3,5.15676819681,-9999.0,-9999.0,-9999.0,59.8650016785,177.476938243379,56.6991661562841,264238.13,672216.54,20,12,59.865
NS67SW_631,1,6_3,4.46593645154,-9999.0,-9999.0,-9999.0,63.0989990234,199.329824790253,56.6172288880424,264372.91,672214.97,12,8,63.099
NS67SW_632,1,6_3,5.0063869796,-9999.0,-9999.0,-9999.0,60.6980018616,465.897094324922,114.296258524916,264274.3,672224.93,44,24,60.698
NS67SW_634,1,6_3,5.97223167096,-9999.0,-9999.0,-9999.0,50.0060005188,119.554712605165,44.1029795011303,264039.8,672208.95,12,8,50.006
NS67SW_637,1,6_3,6.06774414262,-9999.0,-9999.0,-9999.0,54.3569984436,116.098412765221,43.4652344413173,264147.56,672205.91,12,8,54.357
NS67SW_639,1,6_3,4.83529851919,-9999.0,-9999.0,-9999.0,57.547000885,292.113216387078,137.674497898395,264194.64,672211.31,108,56,57.547
NS67SW_640,1,6_3,5.29117815063,-9999.0,-9999.0,-9999.0,53.5944976807,141.237225654327,55.0910117762961,264113.38,672205.03,20,12,53.594
NS67SW_642,1,6_3,4.83705907818,-9999.0,-9999.0,-9999.0,49.983001709,125.956258005077,45.0565233596706,264029.6,672196.46,20,12,49.983
NS67SW_643,1,6_3,4.11818937979,-9999.0,-9999.0,-9999.0,63.3100013733,229.064120601637,72.2093154232048,264356.15,672200.32,28,16,63.31
NS67SW_644,1,6_3,6.14968936059,-9999.0,-9999.0,-9999.0,60.40599823,122.345700305665,44.4684224623519,264236.55,672196.93,12,8,60.406
NS67SW_647,1,6_3,2.74060944005,-9999.0,-9999.0,-9999.0,56.3656654358,49.2401549958271,31.5871955612007,264167.56,672190.99,20,12,56.366
NS67SW_649,1,6_3,6.054758962,-9999.0,-9999.0,-9999.0,59.2130012512,119.961977200768,44.2077779778967,264201.99,672190.27,12,8,59.213
NS67SW_651,1,6_3,4.71340745749,-9999.0,-9999.0,-9999.0,51.763999939,227.939234824326,83.1978181497862,264074.23,672190.01,40,22,51.764
NS67SW_652,1,6_3,5.77928639098,-9999.0,-9999.0,-9999.0,50.4599990845,75.383104263053,35.0402005497689,264020.19,672185.47,12,8,50.46
NS67SW_655,1,6_3,5.04321643991,-9999.0,-9999.0,-9999.0,62.7849998474,391.377318183172,129.46821968969,264335.45,672191.23,76,40,62.785
NS67SW_660,1,6_3,6.13210346423,-9999.0,-9999.0,-9999.0,60.888999939,122.947268736912,44.5820229655303,264232.21,672179.66,12,8,60.889
NS67SW_662,1,6_3,2.14299768797,-9999.0,-9999.0,-9999.0,62.9580001831,22.0318425006273,21.7735334453326,264288.0,672174.0,8,6,62.958
NS67SW_663,1,6_3,4.19465481407,-9999.0,-9999.0,-9999.0,62.8899993896,122.677975954441,64.735464623311,264298.54,672180.53,36,20,62.89
NS67SW_664,1,6_3,4.75273058806,-9999.0,-9999.0,-9999.0,53.4329986572,192.810912121052,61.7246428449785,264092.8,672177.25,20,12,53.433
NS67SW_665,1,6_3,5.00173383177,-9999.0,-9999.0,-9999.0,63.3670005798,85.6924624777878,37.1974246559356,264308.67,672173.53,12,8,63.367
NS67SW_666,1,6_3,4.99092159793,-9999.0,-9999.0,-9999.0,61.8950004578,377.877393952249,113.000656983294,264262.72,672186.05,60,32,61.895
NS67SW_667,1,6_3,1.98383272807,-9999.0,-9999.0,-9999.0,61.6759986877,40.3481399930541,26.643521631871,264237.77,672169.31,12,8,61.676
NS67SW_669,1,6_3,4.79319528674,-9999.0,-9999.0,-9999.0,51.8470001221,128.804514805722,50.0387658670888,264053.34,672171.42,28,16,51.847
NS67SW_673,1,6_3,4.87193803503,-9999.0,-9999.0,-9999.0,50.21900177,200.511487596424,71.8478876290741,264015.9,672172.07,36,20,50.219
NS67SW_675,1,6_3,4.57304287419,-9999.0,-9999.0,-9999.0,54.6549987793,709.520240971549,282.940870498647,264163.45,672179.1,212,108,54.655
NS67SW_677,1,6_3,6.06482519958,-9999.0,-9999.0,-9999.0,61.40599823,115.703712467806,43.441992782205,264226.61,672163.56,12,8,61.406
NS67SW_680,1,6_3,5.19584124325,-9999.0,-9999.0,-9999.0,54.8969993591,205.530028690951,69.0642836163119,264110.17,672166.02,36,20,54.897
NS67SW_683,1,6_3,5.85634738569,-9999.0,-9999.0,-9999.0,53.7120018005,80.3839433219426,36.0961307449859,264061.38,672160.56,12,8,53.712
NS67SW_686,1,6_3,6.60935296138,-9999.0,-9999.0,-9999.0,64.1092987061,118.622450087079,44.6830500541071,264359.59,672155.72,20,12,64.109
NS67SW_689,1,6_3,4.71573485991,-9999.0,-9999.0,-9999.0,59.4469985962,412.31427170111,148.028609178531,264195.07,672164.07,80,42,59.447
NS67SW_690,1,6_3,5.55688727529,-9999.0,-9999.0,-9999.0,56.6160011292,137.027485813254,55.7300771822124,264126.41,672154.35,24,14,56.616
NS67SW_691,1,6_3,5.1996144548,-9999.0,-9999.0,-9999.0,52.0979995728,92.7786895779792,42.8324371637568,264024.81,672151.04,28,16,52.098
NS67SW_692,1,6_3,5.20473696056,-9999.0,-9999.0,-9999.0,58.1983337402,78.5728172878215,37.2562619379091,264138.95,672149.89,20,12,58.198
NS67SW_695,1,6_3,2.21651710026,-9999.0,-9999.0,-9999.0,56.8240013123,66.2243569940935,35.2479455495291,264113.22,672146.82,20,12,56.824
NS67SW_696,1,6_3,5.44144875472,-9999.0,-9999.0,-9999.0,63.4879989624,297.929791507564,98.0820104140194,264321.33,672154.48,52,28,63.488
NS67SW_697,1,6_3,5.02433924725,-9999.0,-9999.0,-9999.0,55.0060005188,297.77233575493,99.9158834831399,264084.48,672148.52,60,32,55.006
NS67SW_699,1,6_3,5.84203216144,-9999.0,-9999.0,-9999.0,53.5690002441,76.7332951506234,35.3687017718,264035.3,672142.12,12,8,53.569
NS67SW_700,1,6_3,4.99386416938,-9999.0,-9999.0,-9999.0,62.0359992981,182.217343995567,75.8826671291996,264223.62,672146.13,44,24,62.036
NS67SW_702,1,6_3,2.29187650222,-9999.0,-9999.0,-9999.0,57.5970001221,49.4640450028868,28.1546891311551,264101.63,672135.52,12,8,57.597
NS67SW_703,1,6_3,4.34891118717,-9999.0,-9999.0,-9999.0,64.4100036621,120.821322511614,51.9838165917928,264366.91,672137.89,28,16,64.41
NS67SW_705,1,6_3,5.01041267124,-9999.0,-9999.0,-9999.0,62.6010017395,357.084144499755,108.591625653247,264249.41,672148.91,44,24,62.601
NS67SW_708,1,6_3,4.47565699491,-9999.0,-9999.0,-9999.0,64.1449966431,114.602298137301,51.2897688457737,264331.12,672132.25,28,16,64.145
NS67SW_709,1,6_3,5.35355191197,-9999.0,-9999.0,-9999.0,59.233001709,143.796975958298,53.8430783604833,264129.43,672131.98,36,20,59.233
NS67SW_711,1,6_3,5.79971204802,-9999.0,-9999.0,-9999.0,54.9939994812,131.19354195595,49.1320417531333,264046.15,672130.47,28,16,54.994
NS67SW_714,1,6_3,4.04847048407,-9999.0,-9999.0,-9999.0,64.4530029297,151.685138654828,60.8290033170354,264371.87,672124.56,32,18,64.453
NS67SW_716,1,6_3,1.94895043244,-9999.0,-9999.0,-9999.0,56.2709999084,22.330286252374,22.6691663958169,264044.67,672118.39,8,6,56.271
NS67SW_719,1,6_3,5.48640709152,-9999.0,-9999.0,-9999.0,59.6959991455,87.1199569100575,39.2916779054146,264118.42,672119.43,20,12,59.696
NS67SW_720,1,6_3,5.14619500854,-9999.0,-9999.0,-9999.0,60.7400016785,250.087105609643,74.6861986733341,264159.56,672121.8,28,16,60.74
NS67SW_724,1,6_3,4.59627500798,-9999.0,-9999.0,-9999.0,56.5950012207,224.511241088521,79.2072293432152,264057.75,672116.77,28,16,56.595
NS67SW_725,1,6_3,5.57937127986,-9999.0,-9999.0,-9999.0,57.4370002747,285.859182220922,78.5389820276394,264084.16,672119.06,12,8,57.437
NS67SW_727,1,6_3,2.57356777191,-9999.0,-9999.0,-9999.0,63.0950012207,24.2725500003914,23.770475321345,264222.62,672106.2,8,6,63.095
NS67SW_728,1,6_3,5.92828208589,-9999.0,-9999.0,-9999.0,59.966999054,75.9177265215654,35.2448136381517,264109.23,672108.52,12,8,59.967
NS67SW_729,1,6_3,5.06064188232,-9999.0,-9999.0,-9999.0,61.8439979553,410.345477357011,123.285238542898,264199.12,672115.16,76,40,61.844
NS67SW_735,1,6_3,2.43896782667,-9999.0,-9999.0,-9999.0,58.6856651306,34.0904849955688,24.0385782773085,264070.8,672097.84,12,8,58.686
NS67SW_736,1,6_3,5.22756848232,-9999.0,-9999.0,-9999.0,63.6809997559,107.231514480968,44.2320939801074,264237.07,672101.48,20,12,63.681
NS67SW_737,1,6_3,5.60113751468,-9999.0,-9999.0,-9999.0,60.938999176,165.331127360606,55.1386806851203,264140.08,672102.53,20,12,60.939
NS67SW_738,1,6_3,4.33928120737,-9999.0,-9999.0,-9999.0,64.56300354,340.287875318281,118.425424351422,264341.83,672110.3,76,42,64.563
NS67SW_739,1,6_3,5.8172478309,-9999.0,-9999.0,-9999.0,59.9210014343,79.6989463079916,36.0782187724871,264099.2,672097.63,12,8,59.921
NS67SW_740,1,6_3,2.19385742873,-9999.0,-9999.0,-9999.0,65.2649993896,26.6594999996096,21.7977735255716,264327.47,672093.49,12,8,65.265
NS67SW_743,1,6_3,5.00753894724,-9999.0,-9999.0,-9999.0,62.4269981384,106.140318235081,45.2163932716918,264163.7,672089.52,20,12,62.427
NS67SW_745,1,6_3,2.05803872245,-9999.0,-9999.0,-9999.0,64.9083328247,47.7319092957682,28.0872882274369,264338.42,672086.65,16,10,64.908
NS67SW_748,1,6_3,5.24359987157,-9999.0,-9999.0,-9999.0,62.6749992371,160.216129190817,62.2395986372474,264182.18,672088.47,28,16,62.675
NS67SW_749,1,6_3,4.9370456905,-9999.0,-9999.0,-9999.0,60.8979988098,198.073073968514,63.4566027936505,264126.92,672088.15,44,24,60.898
NS67SW_752,1,6_3,5.01563625557,-9999.0,-9999.0,-9999.0,60.077999115,89.1591994000001,37.7777898735686,264090.73,672081.73,12,8,60.078
NS67SW_753,1,6_3,4.88003127778,-9999.0,-9999.0,-9999.0,62.4329986572,113.877807522604,42.8534817453217,264156.72,672082.48,12,8,62.433
NS67SW_755,1,6_3,4.16915299023,-9999.0,-9999.0,-9999.0,64.766998291,154.954236775282,52.2697591624889,264352.99,672081.57,20,12,64.767
NS67SW_758,1,6_3,5.04221103919,-9999.0,-9999.0,-9999.0,63.4630012512,132.988504606923,48.4643203970128,264193.9,672072.99,20,12,63.463
NS67SW_765,1,6_3,4.76496539815,-9999.0,-9999.0,-9999.0,60.5429992676,194.692970130328,61.3845283737151,264098.75,672067.09,28,16,60.543
NS67SW_768,1,6_3,5.5841541209,-9999.0,-9999.0,-9999.0,60.3950004578,301.353053398803,101.036797157974,264141.83,672070.01,68,36,60.395
NS67SW_769,1,6_3,3.46969291364,-9999.0,-9999.0,-9999.0,64.6279983521,157.716114724967,54.6752314151947,264268.66,672061.32,28,16,64.628
NS67SW_774,1,6_3,5.95786896392,-9999.0,-9999.0,-9999.0,61.0509986877,121.452634070148,44.5516617002274,264111.98,672054.86,12,8,61.051
NS67SW_781,1,6_3,3.70806787884,-9999.0,-9999.0,-9999.0,65.1459960938,425.861976825497,144.723535558687,264359.76,672053.29,84,44,65.146
NS67SW_782,1,6_3,4.19811063304,-9999.0,-9999.0,-9999.0,64.4049987793,2647.91110630395,386.681375389932,264305.86,672086.18,176,90,64.405
NS67SW_785,1,6_3,4.9406468755,-9999.0,-9999.0,-9999.0,62.8289985657,497.639814113102,137.415605380447,264177.15,672048.57,84,44,62.829
NS67SW_787,1,6_3,4.52182392038,-9999.0,-9999.0,-9999.0,65.4710006714,137.488779774094,58.3283708710843,264294.62,672033.11,36,20,65.471
NS67SW_788,1,6_3,2.28612657027,-9999.0,-9999.0,-9999.0,65.5599975586,32.2323450042332,23.2963833326383,264365.45,672027.97,12,8,65.56
NS67SW_789,1,6_3,5.38039876861,-9999.0,-9999.0,-9999.0,61.5159988403,293.5523100238,81.9399542929357,264128.75,672038.03,44,24,61.516
NS67SW_797,1,6_3,4.74440160703,-9999.0,-9999.0,-9999.0,65.5270004272,133.907138216687,49.520786732175,264283.86,672024.61,20,12,65.527
NS67SW_800,1,6_3,4.93744415248,-9999.0,-9999.0,-9999.0,62.3660011292,230.65234424373,73.6833738727359,264148.71,672023.75,36,20,62.366
NS67SW_802,1,6_3,4.53842061827,-9999.0,-9999.0,-9999.0,64.7699966431,425.772349230986,140.345515764615,264255.63,672033.64,76,40,64.77
NS67SW_804,1,6_3,5.43995796597,-9999.0,-9999.0,-9999.0,65.6920013428,150.732691398216,52.9094971777436,264305.68,672018.5,20,12,65.692
NS67SW_811,1,6_3,5.26659801624,-9999.0,-9999.0,-9999.0,65.7870025635,141.374362501335,51.9829616936176,264318.16,672009.22,28,16,65.787
NS67SW_827,1,6_3,4.87070117678,-9999.0,-9999.0,-9999.0,65.4410018921,436.957525515214,114.33921856525,264274.68,672001.64,68,36,65.441
NS67SW_829,1,6_3,5.21353323054,-9999.0,-9999.0,-9999.0,63.5349998474,1538.34436021748,448.372256053887,264198.0,672038.26,272,138,63.535
NS67SW_833,1,6_3,4.92691570601,-9999.0,-9999.0,-9999.0,65.8700027466,297.598078355017,87.9963465026415,264332.77,671986.45,52,28,65.87
NS67SW_834,1,6_3,2.53468119303,-9999.0,-9999.0,-9999.0,63.672000885,49.5907725063838,34.7724469978636,264170.33,671980.31,8,6,63.672
NS67SW_840,1,6_3,4.50943569398,-9999.0,-9999.0,-9999.0,65.7939987183,146.015016586531,56.5653390013816,264259.58,671972.34,28,16,65.794
NS67SW_845,1,6_3,5.25615247983,-9999.0,-9999.0,-9999.0,65.0070037842,260.102212362653,85.1715056219451,264309.47,671971.91,60,32,65.007
NS67SW_850,1,6_3,5.125783767,-9999.0,-9999.0,-9999.0,66.0970001221,517.983997116709,177.443949008216,264346.17,671961.67,116,60,66.097
NS67SW_854,1,6_3,4.32020201216,-9999.0,-9999.0,-9999.0,64.8669967651,912.745686618527,296.442652533566,264226.19,671978.38,188,96,64.867
NS67SW_856,1,6_3,4.86535576022,-9999.0,-9999.0,-9999.0,65.7969970703,261.456108277299,78.0363310879518,264280.1,671959.88,44,24,65.797
NS67SW_863,1,6_3,4.72819279042,-9999.0,-9999.0,-9999.0,65.3649978638,181.387208983564,73.5892748415246,264197.46,671945.25,52,28,65.365
NS67SW_866,1,6_3,5.01499327811,-9999.0,-9999.0,-9999.0,66.1289978027,293.240813888723,79.2474330675105,264299.71,671943.44,44,24,66.129
NS67SW_868,1,6_3,4.26111785435,-9999.0,-9999.0,-9999.0,65.8960037231,355.514396257199,108.776686661298,264230.67,671942.87,44,24,65.896
NS67SW_870,1,6_3,5.44344527633,-9999.0,-9999.0,-9999.0,66.0289993286,276.331916256006,78.8546475386492,264261.28,671938.0,36,20,66.029
NS67SW_873,1,6_3,4.53568907238,-9999.0,-9999.0,-9999.0,66.0930023193,248.853707679954,75.0041343688366,264346.26,671930.22,44,24,66.093
NS67SW_876,1,6_3,3.52403632898,-9999.0,-9999.0,-9999.0,62.2779998779,255.409865945647,94.9566366112225,264117.87,671928.15,72,38,62.278
NS67SW_881,1,6_3,4.56571017612,-9999.0,-9999.0,-9999.0,65.888999939,278.887258881993,88.0507187321779,264281.82,671922.93,48,26,65.889
NS67SW_884,1,6_3,4.2492401402,-9999.0,-9999.0,-9999.0,65.608001709,183.115863730228,70.3962106924041,264210.87,671916.05,28,16,65.608
NS67SW_886,1,6_3,4.28815064742,-9999.0,-9999.0,-9999.0,65.65599823,159.469792494597,59.9193014282149,264234.33,671916.19,36,20,65.656
NS67SW_892,1,6_3,5.22231007812,-9999.0,-9999.0,-9999.0,66.2519989014,358.42597430163,113.522363563702,264366.58,671916.69,52,28,66.252
NS67SW_894,1,6_3,5.00239871431,-9999.0,-9999.0,-9999.0,66.0889968872,205.643196770065,59.9759993636254,264343.19,671901.19,28,16,66.089
NS67SW_896,1,6_3,5.16196373113,-9999.0,-9999.0,-9999.0,65.9459991455,486.379029255696,145.780993396428,264314.79,671914.35,76,40,65.946
NS67SW_897,1,6_3,4.95984565002,-9999.0,-9999.0,-9999.0,65.6009979248,386.959234404352,119.943183823424,264258.52,671904.94,76,40,65.601
NS67SW_904,1,6_3,5.67154966557,-9999.0,-9999.0,-9999.0,65.9950027466,145.146708423628,50.224448144543,264296.02,671886.79,28,16,65.995
NS67SW_905,1,6_3,5.47512590594,-9999.0,-9999.0,-9999.0,66.0960006714,168.593832247967,62.1458886086312,264363.06,671884.18,28,16,66.096
NS67SW_907,1,6_3,4.81729369794,-9999.0,-9999.0,-9999.0,66.0490036011,241.637464324133,76.8312011608775,264324.99,671888.74,36,20,66.049
NS67SW_909,1,6_3,4.67301567181,-9999.0,-9999.0,-9999.0,65.8359985352,304.334246895059,105.659072834014,264245.18,671884.61,64,34,65.836
NS67SW_911,1,6_3,4.55671889197,-9999.0,-9999.0,-9999.0,65.6439971924,356.419588533706,113.766588502639,264203.09,671889.88,68,36,65.644
NS67SW_912,1,6_3,4.25939874685,-9999.0,-9999.0,-9999.0,62.5480003357,137.455117036554,57.6975322238833,264072.82,671880.34,28,16,62.548
NS67SW_310,1,6_4,4.08402187364,-9999.0,-9999.0,-9999.0,64.7440032959,713.934561544261,110.629498058814,263887.53,672577.99,28,16,64.744
NS67SW_318,1,6_4,3.69097996031,-9999.0,-9999.0,-9999.0,65.9449996948,1078.43146306006,246.915199295331,263837.0,672565.18,100,52,65.945
NS67SW_3027,1,7_1,3.92592184627,-9999.0,-9999.0,-9999.0,77.4990005493,438.637427389024,138.207764190695,264676.37,670689.67,76,40,77.499
NS67SW_1616,1,7_2,4.88692794465,-9999.0,-9999.0,-9999.0,59.6100006104,139.701268370656,53.552943655378,264443.11,671367.07,20,12,59.61
NS67SW_1622,1,7_2,7.38584273813,-9999.0,-9999.0,-9999.0,59.9370002747,173.198111251182,53.7445076457809,264411.5,671359.01,16,10,59.937
NS67SW_1623,1,7_2,4.54142090881,-9999.0,-9999.0,-9999.0,59.6640014648,156.987504094305,62.1063344601881,264426.85,671362.98,28,16,59.664
NS67SW_1671,1,7_2,4.16796830984,-9999.0,-9999.0,-9999.0,58.1769981384,124.409175499641,46.4199804023202,264428.96,671334.84,12,8,58.177
NS67SW_1685,1,7_2,4.19032681254,-9999.0,-9999.0,-9999.0,58.5359992981,439.826025939762,89.3246594417941,264388.04,671331.32,12,8,58.536
NS67SW_1718,1,7_2,4.592935914,-9999.0,-9999.0,-9999.0,58.0740013123,397.120437968508,102.150501498362,264378.39,671313.08,28,16,58.074
NS67SW_933,1,7_2,5.22264722606,-9999.0,-9999.0,-9999.0,66.4591827393,294.044922937091,91.7566170996795,264391.5,671854.88,36,20,66.459
NS67SW_366,1,7_3,2.31187445838,-9999.0,-9999.0,-9999.0,47.452999115,31.9856593664767,22.8175856023531,264469.86,672496.57,20,12,47.453
NS67SW_367,1,7_3,6.5550854146,-9999.0,-9999.0,-9999.0,64.0400009155,121.0316542599,47.3252431282493,264935.69,672498.09,12,8,64.04
NS67SW_370,1,7_3,4.24649546055,-9999.0,-9999.0,-9999.0,47.0849990845,238.939049078327,88.0461561767767,264496.3,672498.37,52,28,47.085
NS67SW_372,1,7_3,3.7966368942,-9999.0,-9999.0,-9999.0,64.8960037231,81.5988900042224,35.748424354262,264953.48,672493.69,16,10,64.896
NS67SW_374,1,7_3,5.80165978699,-9999.0,-9999.0,-9999.0,47.3180007935,135.645982470793,50.1088841003187,264580.01,672491.98,20,12,47.318
NS67SW_376,1,7_3,2.20958021413,-9999.0,-9999.0,-9999.0,47.4309997559,48.9572250012986,31.0858493236238,264564.4,672487.69,16,10,47.431
NS67SW_377,1,7_3,4.61347757243,-9999.0,-9999.0,-9999.0,65.5289993286,179.516797503919,74.7508704732978,264979.76,672493.09,40,22,65.529
NS67SW_378,1,7_3,6.07208713017,-9999.0,-9999.0,-9999.0,47.2039985657,99.9037818080259,40.3480349622358,264487.06,672488.29,12,8,47.204
NS67SW_379,1,7_3,5.64998544262,-9999.0,-9999.0,-9999.0,62.8839988708,157.18862706964,55.7411426146844,264916.61,672486.14,20,12,62.884
NS67SW_380,1,7_3,6.04653478871,-9999.0,-9999.0,-9999.0,46.9199981689,148.431779904959,50.1780289024054,264545.02,672485.7,12,8,46.92
NS67SW_381,1,7_3,4.03396341254,-9999.0,-9999.0,-9999.0,46.8600006104,307.569196726952,94.3374894435525,264405.8,672488.94,52,28,46.86
NS67SW_382,1,7_3,2.54624833973,-9999.0,-9999.0,-9999.0,47.3470001221,29.26071374702,23.0166935606271,264444.82,672480.37,12,8,47.347
NS67SW_383,1,7_3,2.09431688325,-9999.0,-9999.0,-9999.0,64.0650024414,31.2161137508619,22.6619563936858,264935.27,672477.49,12,8,64.065
NS67SW_384,1,7_3,4.97246275348,-9999.0,-9999.0,-9999.0,47.1020011902,239.202752524192,85.935828856656,264378.86,672486.0,52,28,47.102
NS67SW_385,1,7_3,6.31304682496,-9999.0,-9999.0,-9999.0,53.4269981384,188.308088349013,64.8663848389627,264767.88,672484.22,12,8,53.427
NS67SW_386,1,7_3,6.32320080009,-9999.0,-9999.0,-9999.0,61.7085990906,120.05390121653,46.7426955063444,264896.96,672478.64,12,8,61.709
NS67SW_388,1,7_3,6.27381640699,-9999.0,-9999.0,-9999.0,47.3510017395,113.955037020154,43.0670693919777,264473.38,672478.72,12,8,47.351
NS67SW_389,1,7_3,6.30488993544,-9999.0,-9999.0,-9999.0,58.2739982605,217.609212670895,78.7513209121891,264827.56,672480.11,36,20,58.274
NS67SW_390,1,7_3,5.03209740617,-9999.0,-9999.0,-9999.0,46.7350006104,87.3612509049491,37.3943902924597,264407.49,672474.34,12,8,46.735
NS67SW_391,1,7_3,5.76116625593,-9999.0,-9999.0,-9999.0,47.4129981995,132.879489088013,49.2764735051037,264558.39,672475.77,28,16,47.413
NS67SW_393,1,7_3,2.44267644246,-9999.0,-9999.0,-9999.0,47.0540008545,21.4440525076912,22.4654081572825,264429.58,672470.25,8,6,47.054
NS67SW_395,1,7_3,6.13584797751,-9999.0,-9999.0,-9999.0,60.5670013428,125.101705006983,48.6005993039601,264876.77,672470.44,12,8,60.567
NS67SW_396,1,7_3,5.62603522991,-9999.0,-9999.0,-9999.0,64.7289962769,159.062138570842,55.5122430617289,264976.13,672469.72,12,8,64.729
NS67SW_397,1,7_3,5.85453684281,-9999.0,-9999.0,-9999.0,47.4150009155,124.606989700011,48.0790625821995,264459.29,672469.4,28,16,47.415
NS67SW_398,1,7_3,5.26373146253,-9999.0,-9999.0,-9999.0,46.9760017395,153.390771334458,53.7491303443818,264520.92,672470.99,28,16,46.976
NS67SW_399,1,7_3,5.15422301923,-9999.0,-9999.0,-9999.0,63.3677215576,364.68514781678,116.143261040726,264948.57,672469.6,44,24,63.368
NS67SW_400,1,7_3,4.27706459037,-9999.0,-9999.0,-9999.0,47.8909988403,226.722692133063,77.7092723512259,264582.85,672469.27,44,24,47.891
NS67SW_401,1,7_3,2.08795281176,-9999.0,-9999.0,-9999.0,61.8209991455,42.972543739902,27.0417038759243,264890.74,672461.7,16,10,61.821
NS67SW_402,1,7_3,6.15898672542,-9999.0,-9999.0,-9999.0,60.1119995117,123.232176606467,47.8262783898105,264857.08,672462.81,12,8,60.112
NS67SW_404,1,7_3,2.66646809364,-9999.0,-9999.0,-9999.0,60.063999176,20.2521600004145,21.5269507909616,264845.38,672457.87,8,6,60.064
NS67SW_405,1,7_3,5.77655460657,-9999.0,-9999.0,-9999.0,47.0709991455,129.907578098792,46.6473395114088,264500.92,672461.3,16,10,47.071
NS67SW_406,1,7_3,6.41862008832,-9999.0,-9999.0,-9999.0,57.0079994202,267.649032689393,85.984924824107,264793.73,672463.71,12,8,57.008
NS67SW_407,1,7_3,5.9372888925,-9999.0,-9999.0,-9999.0,47.422000885,121.628094333554,44.3208630717989,264445.25,672459.79,12,8,47.422
NS67SW_408,1,7_3,6.15126844842,-9999.0,-9999.0,-9999.0,62.375,133.599079443113,50.515353134499,264918.7,672458.71,20,12,62.375
NS67SW_409,1,7_3,2.45644680786,-9999.0,-9999.0,-9999.0,47.2050018311,33.6385950025258,24.7428235578568,264436.22,672454.95,12,8,47.205
NS67SW_410,1,7_3,9.04848146504,-9999.0,-9999.0,-9999.0,52.3199996948,559.514791760472,115.748878426597,264723.96,672470.57,28,16,52.32
NS67SW_413,1,7_3,3.91216308594,-9999.0,-9999.0,-9999.0,50.7760009766,52.3165414657078,31.2793976482273,264608.41,672449.76,20,12,50.776
NS67SW_414,1,7_3,5.81100268439,-9999.0,-9999.0,-9999.0,62.1510009766,116.899514078769,47.0117640236773,264901.98,672450.68,20,12,62.151
NS67SW_415,1,7_3,5.44083676536,-9999.0,-9999.0,-9999.0,47.0460014343,86.7898509550437,38.4282460520648,264490.94,672450.36,20,12,47.046
NS67SW_416,1,7_3,4.47447020769,-9999.0,-9999.0,-9999.0,50.0019989014,480.639572970378,99.4545724312736,264626.29,672461.28,36,20,50.002
NS67SW_417,1,7_3,2.41612600599,-9999.0,-9999.0,-9999.0,60.8352012634,111.263389236291,49.4840089662629,264872.77,672452.2,20,12,60.835
NS67SW_418,1,7_3,5.50131169434,-9999.0,-9999.0,-9999.0,47.4290008545,163.36547268448,61.6395166633399,264527.02,672452.88,44,24,47.429
NS67SW_419,1,7_3,4.95512356896,-9999.0,-9999.0,-9999.0,47.766998291,374.84918637544,109.874102196514,264549.7,672451.25,60,32,47.767
NS67SW_420,1,7_3,4.41638624927,-9999.0,-9999.0,-9999.0,46.7080001831,381.022030772853,121.872784873457,264420.19,672455.94,64,34,46.708
NS67SW_421,1,7_3,6.50986956536,-9999.0,-9999.0,-9999.0,61.7949981689,97.3394836813605,41.0916354570098,264887.3,672442.93,12,8,61.795
NS67SW_422,1,7_3,6.31140937404,-9999.0,-9999.0,-9999.0,63.7620010376,121.753235145826,47.7088203085623,264962.69,672438.17,12,8,63.762
NS67SW_423,1,7_3,5.47941841558,-9999.0,-9999.0,-9999.0,47.1500015259,190.152105220684,60.1661526607956,264477.95,672441.56,12,8,47.15
NS67SW_424,1,7_3,6.0709432334,-9999.0,-9999.0,-9999.0,54.2750015259,129.650433042044,45.7020588129107,264705.7,672438.09,12,8,54.275
NS67SW_426,1,7_3,4.64694057876,-9999.0,-9999.0,-9999.0,46.90599823,140.633773235739,52.882084212749,264381.73,672437.02,20,12,46.906
NS67SW_427,1,7_3,4.73947602942,-9999.0,-9999.0,-9999.0,49.3009986877,313.506235872353,106.876169349615,264593.81,672442.01,56,30,49.301
NS67SW_428,1,7_3,5.64980291979,-9999.0,-9999.0,-9999.0,63.1609992981,125.297323039802,49.7515382828296,264944.71,672434.67,20,12,63.161
NS67SW_429,1,7_3,6.13682815935,-9999.0,-9999.0,-9999.0,59.8069992065,218.878945865455,74.9542637739755,264840.23,672440.93,28,16,59.807
NS67SW_430,1,7_3,6.13709308821,-9999.0,-9999.0,-9999.0,61.2879981995,139.507189896484,55.7846425828696,264870.36,672434.47,36,20,61.288
NS67SW_431,1,7_3,2.19834453181,-9999.0,-9999.0,-9999.0,49.4160003662,21.4274325014329,22.2061093280635,264543.16,672429.97,8,6,49.416
NS67SW_432,1,7_3,4.976231073,-9999.0,-9999.0,-9999.0,47.6609992981,159.533000868254,55.5959079253935,264457.91,672433.02,20,12,47.661
NS67SW_434,1,7_3,5.89964909159,-9999.0,-9999.0,-9999.0,49.6459999084,123.768471154883,48.2148539548522,264577.13,672431.13,20,12,49.646
NS67SW_435,1,7_3,5.97145444974,-9999.0,-9999.0,-9999.0,62.7799987793,160.245583122087,56.2321233476486,264927.03,672431.4,20,12,62.78
NS67SW_436,1,7_3,5.81909802298,-9999.0,-9999.0,-9999.0,51.7659988403,124.64184748869,47.1895201516952,264660.71,672430.57,12,8,51.766
NS67SW_437,1,7_3,6.54113984483,-9999.0,-9999.0,-9999.0,55.2719993591,241.879275866495,78.7803605074623,264753.04,672436.61,12,8,55.272
NS67SW_438,1,7_3,4.95053617891,-9999.0,-9999.0,-9999.0,47.2560005188,85.5006058546768,37.0089262016657,264393.28,672428.49,12,8,47.256
NS67SW_439,1,7_3,2.56840491876,-9999.0,-9999.0,-9999.0,63.0699996948,20.5572449977584,18.2671130112129,264936.89,672423.75,12,8,63.07
NS67SW_440,1,7_3,5.76112103368,-9999.0,-9999.0,-9999.0,49.7039985657,130.853362960549,48.2340363438348,264567.25,672427.83,28,16,49.704
NS67SW_441,1,7_3,3.82671531782,-9999.0,-9999.0,-9999.0,49.8819999695,93.2335732592707,42.4183017894165,264555.8,672422.3,20,12,49.882
NS67SW_443,1,7_3,5.99333480279,-9999.0,-9999.0,-9999.0,52.3740005493,112.767045298019,44.2833421942795,264643.89,672420.09,12,8,52.374
NS67SW_445,1,7_3,2.51205742713,-9999.0,-9999.0,-9999.0,48.0620002747,27.445229994931,22.62814898404,264385.21,672415.76,12,8,48.062
NS67SW_446,1,7_3,4.53387621537,-9999.0,-9999.0,-9999.0,48.0250015259,106.515767844056,42.8911785155546,264400.69,672417.53,20,12,48.025
NS67SW_447,1,7_3,5.05888056616,-9999.0,-9999.0,-9999.0,49.9630012512,89.1854251318299,37.8163631007251,264545.56,672417.19,12,8,49.963
NS67SW_449,1,7_3,5.4575374847,-9999.0,-9999.0,-9999.0,48.5600013733,148.574181987367,51.9370361494331,264442.17,672418.61,20,12,48.56
NS67SW_450,1,7_3,6.29252421116,-9999.0,-9999.0,-9999.0,62.186000824,237.699838919208,78.1694448156966,264901.46,672419.42,12,8,62.186
NS67SW_452,1,7_3,5.13669055819,-9999.0,-9999.0,-9999.0,49.8959999084,89.1527255998875,37.7741337319283,264532.55,672413.51,12,8,49.896
NS67SW_454,1,7_3,5.17677780211,-9999.0,-9999.0,-9999.0,63.4469985962,397.23881564248,118.679889109056,264980.87,672424.14,64,34,63.447
NS67SW_455,1,7_3,6.31651310537,-9999.0,-9999.0,-9999.0,52.5410003662,109.657871308444,43.6713580297579,264627.2,672409.72,12,8,52.541
NS67SW_456,1,7_3,2.60990699562,-9999.0,-9999.0,-9999.0,48.9739990234,28.2344624998555,22.0945836025474,264381.79,672405.75,12,8,48.974
NS67SW_457,1,7_3,6.34792880458,-9999.0,-9999.0,-9999.0,61.9809989929,94.7326256325601,40.3155316310794,264878.31,672408.19,12,8,61.981
NS67SW_458,1,7_3,5.02720333249,-9999.0,-9999.0,-9999.0,55.2430000305,297.124597586763,88.4887810547706,264686.51,672413.97,36,20,55.243
NS67SW_459,1,7_3,5.4457769002,-9999.0,-9999.0,-9999.0,49.0769996643,111.770333844584,44.5930296708139,264448.64,672406.85,20,12,49.077
NS67SW_460,1,7_3,7.20450422009,-9999.0,-9999.0,-9999.0,57.6739997864,113.270241399062,42.7524492348597,264726.4,672406.33,12,8,57.674
NS67SW_461,1,7_3,6.17287405415,-9999.0,-9999.0,-9999.0,61.6139984131,125.714029330051,47.8343609554049,264860.48,672401.79,12,8,61.614
NS67SW_463,1,7_3,6.18996689997,-9999.0,-9999.0,-9999.0,58.8639984131,251.116155601413,80.2957419494862,264776.78,672408.98,16,10,58.864
NS67SW_464,1,7_3,5.66532991004,-9999.0,-9999.0,-9999.0,49.3660011292,370.314968552319,129.775770296599,264504.81,672404.94,92,48,49.366
NS67SW_465,1,7_3,6.00007606249,-9999.0,-9999.0,-9999.0,52.4949989319,118.008266964412,45.2430372765332,264610.59,672399.68,20,12,52.495
NS67SW_466,1,7_3,2.47333164408,-9999.0,-9999.0,-9999.0,62.1329994202,26.9743912485758,22.5031431865107,264874.82,672395.51,12,8,62.133
NS67SW_468,1,7_3,5.29492350987,-9999.0,-9999.0,-9999.0,62.6969985962,129.877446393844,46.6260569072741,264954.98,672396.39,12,8,62.697
NS67SW_469,1,7_3,6.01939212355,-9999.0,-9999.0,-9999.0,61.2550010681,262.03278398505,84.754817818899,264832.83,672398.25,20,12,61.255
NS67SW_470,1,7_3,6.28825894285,-9999.0,-9999.0,-9999.0,60.7900009155,143.016497940327,52.9100013186495,264802.51,672393.3,12,8,60.79
NS67SW_471,1,7_3,5.74895228264,-9999.0,-9999.0,-9999.0,50.2900009155,85.6987758603274,37.0478611081523,264455.02,672394.76,12,8,50.29
NS67SW_473,1,7_3,5.34861635004,-9999.0,-9999.0,-9999.0,49.7849998474,111.138510856737,46.3892947323359,264478.85,672393.48,28,16,49.785
NS67SW_474,1,7_3,6.33468205096,-9999.0,-9999.0,-9999.0,58.8489990234,151.202378968787,53.5642274000895,264738.78,672394.24,20,12,58.849
NS67SW_476,1,7_3,4.42135592175,-9999.0,-9999.0,-9999.0,52.5260009766,163.187422757473,57.235404395518,264591.74,672392.14,28,16,52.526
NS67SW_477,1,7_3,3.50284377945,-9999.0,-9999.0,-9999.0,48.7919998169,366.373323863368,144.380575311767,264412.02,672397.23,84,44,48.792
NS67SW_478,1,7_3,4.14527985997,-9999.0,-9999.0,-9999.0,53.0320014954,153.942078660845,53.290671439438,264574.01,672387.72,28,16,53.032
NS67SW_481,1,7_3,4.58509760698,-9999.0,-9999.0,-9999.0,51.1549987793,126.153236261776,57.1960141027461,264466.75,672383.29,36,20,51.155
NS67SW_482,1,7_3,2.51975763255,-9999.0,-9999.0,-9999.0,54.7776031494,24.1168237436941,21.0807017317205,264600.81,672379.24,12,8,54.778
NS67SW_484,1,7_3,5.42728432289,-9999.0,-9999.0,-9999.0,50.5530014038,83.8728975084838,39.8999642345584,264425.33,672378.56,28,16,50.553
NS67SW_485,1,7_3,3.05332237281,-9999.0,-9999.0,-9999.0,61.3950004578,58.3588153715685,35.446686203664,264821.69,672375.75,12,8,61.395
NS67SW_486,1,7_3,5.75943569834,-9999.0,-9999.0,-9999.0,50.7089996338,155.690802386513,54.7560257050133,264389.45,672376.69,28,16,50.709
NS67SW_488,1,7_3,6.31502186744,-9999.0,-9999.0,-9999.0,59.9840011597,216.971784678414,71.6279301287379,264756.49,672377.6,28,16,59.984
NS67SW_489,1,7_3,7.00623383061,-9999.0,-9999.0,-9999.0,57.7369995117,196.141625992049,63.6024301047775,264715.96,672376.82,12,8,57.737
NS67SW_490,1,7_3,3.24788793718,-9999.0,-9999.0,-9999.0,54.0989990234,87.9447749888766,42.9691719980311,264568.88,672369.71,20,12,54.099
NS67SW_493,1,7_3,2.2972809406,-9999.0,-9999.0,-9999.0,54.483001709,29.8907062469274,29.6334979615444,264551.62,672362.55,20,12,54.483
NS67SW_494,1,7_3,4.2442536365,-9999.0,-9999.0,-9999.0,52.0589981079,114.609675819502,47.9427551647339,264433.28,672366.31,36,20,52.059
NS67SW_495,1,7_3,4.35912006552,-9999.0,-9999.0,-9999.0,53.0,392.788290029488,129.451578091957,264549.84,672373.58,76,40,53.0
NS67SW_496,1,7_3,2.3369290969,-9999.0,-9999.0,-9999.0,56.9780006409,26.9158650073265,24.3883569350152,264582.13,672358.87,8,6,56.978
NS67SW_499,1,7_3,5.54716516399,-9999.0,-9999.0,-9999.0,56.1520004272,496.040426925595,146.109757739631,264647.07,672377.01,28,16,56.152
NS67SW_502,1,7_3,5.1828555889,-9999.0,-9999.0,-9999.0,51.8030014038,175.22869436571,63.1119643123613,264380.07,672357.75,28,16,51.803
NS67SW_504,1,7_3,6.30532060843,-9999.0,-9999.0,-9999.0,61.1339988708,150.266343780125,53.3587350319462,264767.08,672356.01,20,12,61.134
NS67SW_510,1,7_3,4.04572737256,-9999.0,-9999.0,-9999.0,58.2449989319,161.97627346401,55.056830069832,264609.47,672346.25,28,16,58.245
NS67SW_511,1,7_3,2.07427535057,-9999.0,-9999.0,-9999.0,57.3300018311,24.5711699993215,23.2954328197319,264529.6,672338.36,8,6,57.33
NS67SW_512,1,7_3,3.8875441395,-9999.0,-9999.0,-9999.0,53.9379997253,667.018085056514,179.984805529568,264507.04,672354.66,124,64,53.938
NS67SW_513,1,7_3,2.40174457166,-9999.0,-9999.0,-9999.0,57.3730010986,42.410174995674,26.0821053785653,264523.48,672337.54,12,8,57.373
NS67SW_514,1,7_3,5.00627834935,-9999.0,-9999.0,-9999.0,53.6959991455,331.146000670567,112.226535981787,264410.8,672345.39,64,34,53.696
NS67SW_515,1,7_3,3.68138287756,-9999.0,-9999.0,-9999.0,59.2150001526,127.542861872535,50.2996831759222,264590.6,672339.22,36,20,59.215
NS67SW_516,1,7_3,7.26281947181,-9999.0,-9999.0,-9999.0,61.341999054,106.417761017656,41.6062075433747,264741.47,672337.89,12,8,61.342
NS67SW_517,1,7_3,6.27611074793,-9999.0,-9999.0,-9999.0,56.9179992676,632.911607527762,177.408271793327,264673.22,672358.57,48,26,56.918
NS67SW_519,1,7_3,6.68165706983,-9999.0,-9999.0,-9999.0,61.8489990234,200.736142323124,64.3055606950715,264781.09,672336.66,12,8,61.849
NS67SW_520,1,7_3,4.40610699621,-9999.0,-9999.0,-9999.0,59.3769989014,113.672447007637,43.0706834830773,264577.65,672331.01,12,8,59.377
NS67SW_521,1,7_3,6.09764683326,-9999.0,-9999.0,-9999.0,55.2910003662,161.417164300952,60.7704025701414,264385.71,672329.66,36,20,55.291
NS67SW_523,1,7_3,2.08741638184,-9999.0,-9999.0,-9999.0,58.6529998779,21.5577749997267,22.0585614509462,264500.94,672323.02,8,6,58.653
NS67SW_524,1,7_3,2.5056321106,-9999.0,-9999.0,-9999.0,60.4679985046,35.0382187472042,28.0792388138131,264652.9,672324.26,8,6,60.468
NS67SW_525,1,7_3,4.1911734264,-9999.0,-9999.0,-9999.0,56.4949989319,378.374227025036,98.7835779416713,264463.62,672332.85,60,32,56.495
NS67SW_526,1,7_3,6.7434146777,-9999.0,-9999.0,-9999.0,61.8209991455,101.460408130013,41.088439086575,264749.7,672326.14,12,8,61.821
NS67SW_528,1,7_3,4.62750106685,-9999.0,-9999.0,-9999.0,58.2700004578,154.414198014546,51.7927334339234,264559.54,672325.01,20,12,58.27
NS67SW_530,1,7_3,4.47450016587,-9999.0,-9999.0,-9999.0,59.5069999695,139.801472573288,47.3274667424075,264542.9,672320.81,12,8,59.507
NS67SW_533,1,7_3,4.36498099057,-9999.0,-9999.0,-9999.0,59.7109985352,149.911708806431,51.616956829403,264524.81,672318.26,20,12,59.711
NS67SW_535,1,7_3,6.03197325243,-9999.0,-9999.0,-9999.0,59.9589996338,260.398051954279,82.8990833316072,264628.04,672319.53,28,16,59.959
NS67SW_537,1,7_3,6.37011291161,-9999.0,-9999.0,-9999.0,62.5839996338,150.823522870371,53.5163621352281,264793.3,672315.77,12,8,62.584
NS67SW_538,1,7_3,7.08405263564,-9999.0,-9999.0,-9999.0,62.3619995117,107.657868211956,41.8591423162748,264757.52,672313.54,12,8,62.362
NS67SW_540,1,7_3,5.10524561083,-9999.0,-9999.0,-9999.0,58.8880004883,95.2544411246397,42.1083566074452,264461.22,672310.86,20,12,58.888
NS67SW_541,1,7_3,6.52739516286,-9999.0,-9999.0,-9999.0,60.8219985962,95.1101145867131,39.8065267397154,264608.34,672309.17,12,8,60.822
NS67SW_542,1,7_3,4.4637177455,-9999.0,-9999.0,-9999.0,59.7319984436,194.790010343286,60.6038214366765,264497.3,672309.69,20,12,59.732
NS67SW_543,1,7_3,4.19991950221,-9999.0,-9999.0,-9999.0,57.9467506409,193.177884027139,64.1621881988871,264419.9,672310.5,36,20,57.947
NS67SW_544,1,7_3,8.10951154956,-9999.0,-9999.0,-9999.0,62.6170005798,3274.09884521824,325.068396665123,264849.77,672337.34,76,40,62.617
NS67SW_545,1,7_3,2.76535188762,-9999.0,-9999.0,-9999.0,63.2299995422,40.5854212518649,25.8279395201547,264802.34,672302.89,12,8,63.23
NS67SW_547,1,7_3,6.61719396781,-9999.0,-9999.0,-9999.0,59.7130012512,798.791447239108,199.175298085841,264689.86,672331.16,44,24,59.713
NS67SW_551,1,7_3,4.11140705683,-9999.0,-9999.0,-9999.0,60.5769996643,176.185169461602,71.1686440203552,264473.63,672299.75,36,20,60.577
NS67SW_553,1,7_3,4.7802278433,-9999.0,-9999.0,-9999.0,59.408000946,93.673513583491,38.915699910274,264433.13,672296.02,12,8,59.408
NS67SW_555,1,7_3,4.70862115442,-9999.0,-9999.0,-9999.0,58.9020004272,172.441160547248,55.1233204603537,264401.63,672296.25,12,8,58.902
NS67SW_560,1,7_3,4.48385222458,-9999.0,-9999.0,-9999.0,59.1500015259,97.2200849979421,38.5551510011091,264388.64,672286.01,16,10,59.15
NS67SW_561,1,7_3,6.16857203343,-9999.0,-9999.0,-9999.0,61.3720016479,203.918499328109,66.3283140406023,264551.71,672286.95,12,8,61.372
NS67SW_562,1,7_3,5.84822214649,-9999.0,-9999.0,-9999.0,61.0750007629,473.873720379398,135.556022625393,264729.28,672300.51,24,14,61.075
NS67SW_563,1,7_3,3.87870844414,-9999.0,-9999.0,-9999.0,59.6010017395,157.601318282388,70.4150164892632,264435.7,672283.68,52,28,59.601
NS67SW_564,1,7_3,6.06090556004,-9999.0,-9999.0,-9999.0,62.0950012207,262.271694233397,84.767136645141,264636.68,672289.13,20,12,62.095
NS67SW_565,1,7_3,6.59856715645,-9999.0,-9999.0,-9999.0,63.2389984131,253.489980293837,75.6735639353079,264778.6,672288.32,12,8,63.239
NS67SW_567,1,7_3,6.05738428272,-9999.0,-9999.0,-9999.0,61.5810012817,105.240824644847,41.5108868317824,264531.63,672279.36,12,8,61.581
NS67SW_568,1,7_3,6.47788214933,-9999.0,-9999.0,-9999.0,62.283000946,300.344388558445,93.7984960090938,264682.7,672286.3,44,24,62.283
NS67SW_570,1,7_3,6.44283814607,-9999.0,-9999.0,-9999.0,61.5149993896,208.895107111109,67.3839231100806,264574.85,672283.72,12,8,61.515
NS67SW_571,1,7_3,2.3445133307,-9999.0,-9999.0,-9999.0,60.611000061,33.014850001194,23.8450297648465,264432.56,672273.82,12,8,60.611
NS67SW_572,1,7_3,5.77888339894,-9999.0,-9999.0,-9999.0,61.4269981384,270.292800744525,84.1289768690835,264606.96,672285.67,32,18,61.427
NS67SW_574,1,7_3,6.31642351514,-9999.0,-9999.0,-9999.0,61.6739997864,220.589970422346,70.385440256728,264502.27,672274.11,12,8,61.674
NS67SW_575,1,7_3,2.13234187939,-9999.0,-9999.0,-9999.0,62.3709983826,23.9218012525073,23.4915896291505,264580.27,672267.64,8,6,62.371
NS67SW_577,1,7_3,2.03886100769,-9999.0,-9999.0,-9999.0,61.9563751221,51.3543187527515,28.7940740233888,264484.68,672268.01,12,8,61.956
NS67SW_579,1,7_3,4.53724874452,-9999.0,-9999.0,-9999.0,60.2919998169,196.733816626097,66.6164803356374,264375.12,672271.36,36,20,60.292
NS67SW_582,1,7_3,2.18118072959,-9999.0,-9999.0,-9999.0,61.7700004578,35.119796254925,23.7623943662765,264410.16,672263.21,12,8,61.77
NS67SW_583,1,7_3,6.22292463864,-9999.0,-9999.0,-9999.0,61.5369987488,137.356798028849,50.2370223823382,264447.59,672268.21,20,12,61.537
NS67SW_585,1,7_3,6.41299408707,-9999.0,-9999.0,-9999.0,63.3689994812,146.929578240215,52.6738676065591,264739.77,672265.09,12,8,63.369
NS67SW_586,1,7_3,6.29528439903,-9999.0,-9999.0,-9999.0,62.7130012512,203.585411462336,66.2754779301326,264653.21,672266.1,12,8,62.713
NS67SW_590,1,7_3,6.55627531344,-9999.0,-9999.0,-9999.0,63.1669998169,327.358382990055,100.589428468149,264704.45,672264.95,48,26,63.167
NS67SW_592,1,7_3,6.16997159332,-9999.0,-9999.0,-9999.0,62.3569984436,331.985308169877,120.967168162675,264556.2,672258.4,52,28,62.357
NS67SW_594,1,7_3,4.36743302489,-9999.0,-9999.0,-9999.0,62.1069984436,243.601689285849,76.4558143365066,264426.87,672256.6,36,20,62.107
NS67SW_604,1,7_3,2.91668882342,-9999.0,-9999.0,-9999.0,62.3930015564,175.887062280743,72.2522671366868,264493.75,672249.76,28,16,62.393
NS67SW_607,1,7_3,4.4551603225,-9999.0,-9999.0,-9999.0,62.4889984131,163.30514378643,55.4171047642356,264409.58,672242.56,28,16,62.489
NS67SW_610,1,7_3,6.40902211779,-9999.0,-9999.0,-9999.0,62.7779998779,123.892900593597,45.2648592979301,264465.43,672239.19,12,8,62.778
NS67SW_611,1,7_3,6.19237426035,-9999.0,-9999.0,-9999.0,63.2369995117,202.143210915927,66.0051779199795,264592.73,672237.96,12,8,63.237
NS67SW_612,1,7_3,6.39289297149,-9999.0,-9999.0,-9999.0,62.8230018616,156.617369256188,56.1617984509292,264517.27,672236.09,20,12,62.823
NS67SW_613,1,7_3,6.17519164976,-9999.0,-9999.0,-9999.0,63.3129997253,244.596427809636,78.2910237857044,264645.9,672237.09,28,16,63.313
NS67SW_614,1,7_3,1.88508582198,-9999.0,-9999.0,-9999.0,63.2229995728,85.437363751363,50.5987768967614,264463.7,672227.66,32,18,63.223
NS67SW_617,1,7_3,4.64553152609,-9999.0,-9999.0,-9999.0,63.4319992065,89.2760413113261,40.8752561344215,264478.75,672224.9,20,12,63.432
NS67SW_620,1,7_3,3.67445538548,-9999.0,-9999.0,-9999.0,63.1020011902,207.096072370757,59.0345277293016,264447.31,672225.64,20,12,63.102
NS67SW_621,1,7_3,5.07159905216,-9999.0,-9999.0,-9999.0,62.813999176,257.833978457396,86.2933199832165,264388.72,672228.79,52,28,62.814
NS67SW_622,1,7_3,5.22945024382,-9999.0,-9999.0,-9999.0,63.5260009766,170.244230525878,62.6346294278223,264572.97,672223.55,28,16,63.526
NS67SW_627,1,7_3,6.43611432883,-9999.0,-9999.0,-9999.0,63.5719985962,98.1238043094386,40.5217848624365,264556.85,672215.57,12,8,63.572
NS67SW_628,1,7_3,5.65834128835,-9999.0,-9999.0,-9999.0,63.5320014954,283.116163828392,90.8709345719451,264622.28,672224.72,52,28,63.532
NS67SW_633,1,7_3,5.5176709401,-9999.0,-9999.0,-9999.0,63.8909988403,145.961150484036,62.9174274635604,264645.49,672211.25,32,20,63.891
NS67SW_636,1,7_3,5.51045154251,-9999.0,-9999.0,-9999.0,63.6100006104,175.280003693855,59.5255115730901,264484.1,672209.47,24,14,63.61
NS67SW_638,1,7_3,3.81234641018,-9999.0,-9999.0,-9999.0,64.0699996948,214.507811466476,64.5051318976648,264600.79,672210.86,12,8,64.07
NS67SW_646,1,7_3,5.92868487499,-9999.0,-9999.0,-9999.0,63.9160003662,142.052557780064,50.7541863120291,264469.94,672194.55,20,12,63.916
NS67SW_650,1,7_3,6.52859438454,-9999.0,-9999.0,-9999.0,63.9029998779,208.352780013693,66.9504943073557,264540.07,672195.13,12,8,63.903
NS67SW_658,1,7_3,4.74473760253,-9999.0,-9999.0,-9999.0,64.0749969482,149.125239781225,49.9912957695488,264456.21,672182.29,12,8,64.075
NS67SW_659,1,7_3,3.38149556603,-9999.0,-9999.0,-9999.0,64.2590026855,187.54812147108,71.8800464226719,264508.04,672184.2,28,16,64.259
NS67SW_661,1,7_3,3.7232437817,-9999.0,-9999.0,-9999.0,64.1490020752,342.388270720345,92.8364286443694,264602.91,672184.39,12,8,64.149
NS67SW_668,1,7_3,4.09396314311,-9999.0,-9999.0,-9999.0,64.3980026245,116.84601599651,45.6273092715264,264491.29,672172.55,20,12,64.398
NS67SW_670,1,7_3,3.53632960948,-9999.0,-9999.0,-9999.0,64.4390029907,133.853412183382,66.7431805745034,264517.39,672171.86,40,20,64.439
NS67SW_676,1,7_3,3.81347849036,-9999.0,-9999.0,-9999.0,64.5360031128,290.707530978275,80.0958754316337,264572.39,672168.35,16,10,64.536
NS67SW_681,1,7_3,4.75796742808,-9999.0,-9999.0,-9999.0,64.3600006104,206.193870296077,64.9215170881982,264441.77,672165.88,28,16,64.36
NS67SW_685,1,7_3,4.46360563958,-9999.0,-9999.0,-9999.0,63.4070014954,959.877409042991,309.843578121212,264404.71,672186.9,204,104,63.407
NS67SW_687,1,7_3,3.8315618696,-9999.0,-9999.0,-9999.0,64.6019973755,178.264991507381,62.1779558110605,264543.98,672155.14,36,20,64.602
NS67SW_688,1,7_3,3.7289804281,-9999.0,-9999.0,-9999.0,64.7753601074,151.072358373544,51.9164224062681,264477.43,672155.79,16,10,64.775
NS67SW_698,1,7_3,4.63758586476,-9999.0,-9999.0,-9999.0,64.6179962158,176.301806474935,56.091447565238,264427.38,672146.25,20,12,64.618
NS67SW_701,1,7_3,5.23803119968,-9999.0,-9999.0,-9999.0,64.7659988403,207.838181233756,65.4036090815225,264523.11,672141.91,36,20,64.766
NS67SW_704,1,7_3,3.75087866948,-9999.0,-9999.0,-9999.0,64.8960037231,147.546585263901,51.7643950348151,264464.91,672138.22,20,12,64.896
NS67SW_710,1,7_3,2.64913833843,-9999.0,-9999.0,-9999.0,64.9339981079,40.5820462554747,31.6665850723129,264478.57,672126.34,16,10,64.934
NS67SW_712,1,7_3,3.87464434814,-9999.0,-9999.0,-9999.0,64.888999939,157.647210445529,54.6192174858536,264497.27,672128.37,20,12,64.889
NS67SW_717,1,7_3,3.84160663142,-9999.0,-9999.0,-9999.0,64.93699646,134.184484954582,47.391282052486,264451.66,672121.76,12,8,64.937
NS67SW_721,1,7_3,4.6834927829,-9999.0,-9999.0,-9999.0,64.7770004272,397.69569894201,142.70755135548,264403.25,672124.53,76,40,64.777
NS67SW_730,1,7_3,6.49105839632,-9999.0,-9999.0,-9999.0,64.7200012207,128.468294230215,45.9486720300923,264377.72,672108.37,12,8,64.72
NS67SW_733,1,7_3,4.02529904163,-9999.0,-9999.0,-9999.0,64.9649963379,64.6525848262333,32.1627860954853,264450.64,672099.67,12,8,64.965
NS67SW_756,1,7_3,4.15525599789,-9999.0,-9999.0,-9999.0,64.9869995117,565.061450459154,157.067633262441,264427.84,672092.97,100,52,64.987
NS67SW_759,1,7_3,5.27060741656,-9999.0,-9999.0,-9999.0,64.8379974365,278.896012109199,80.6184153538679,264397.37,672076.18,52,28,64.838
NS67SW_775,1,7_3,3.58150747077,-9999.0,-9999.0,-9999.0,65.4029998779,252.785213536732,90.3140384141631,264414.16,672053.55,36,20,65.403
NS67SW_791,1,7_3,3.32258676818,-9999.0,-9999.0,-9999.0,65.3520050049,166.371062026598,56.723728689244,264411.13,672028.46,20,12,65.352
NS67SW_803,1,7_3,5.37406162564,-9999.0,-9999.0,-9999.0,65.8020019531,152.028817363953,51.798635513648,264375.58,672015.02,28,16,65.802
NS67SW_807,1,7_3,4.22681198918,-9999.0,-9999.0,-9999.0,65.6039962769,170.017978388411,55.0947541720229,264398.94,672014.77,20,12,65.604
NS67SW_851,1,7_3,4.9212702516,-9999.0,-9999.0,-9999.0,66.2760009766,387.304875220655,108.054370026511,264393.0,671959.79,44,24,66.276
NS67SW_879,1,7_3,5.3274999846,-9999.0,-9999.0,-9999.0,66.1900024414,288.124035785779,94.2812916220455,264397.5,671924.44,44,24,66.19
NS67SW_908,1,7_3,5.01156991771,-9999.0,-9999.0,-9999.0,66.202003479,380.695103157212,110.084445301057,264396.18,671894.53,52,28,66.202
NS67SW_146,1,7_4,9.9273468763,-9999.0,-9999.0,-9999.0,53.4939994812,94.9811310779282,63.9420843248116,264838.21,673117.1,28,16,53.494
NS67SW_157,1,7_4,7.46083278364,-9999.0,-9999.0,-9999.0,45.2299995422,234.957051871082,68.6990929024448,264981.15,673004.23,20,12,45.23
NS67SW_159,1,7_4,7.34966774572,-9999.0,-9999.0,-9999.0,45.7949981689,235.683133953112,68.3808711292043,264972.96,672977.7,12,8,45.795
NS67SW_160,1,7_4,7.1891896186,-9999.0,-9999.0,-9999.0,46.28099823,129.623045512847,46.0177289404989,264950.17,672967.87,12,8,46.281
NS67SW_161,1,7_4,7.21920857122,-9999.0,-9999.0,-9999.0,46.0970001221,129.165154480469,45.9717826253909,264934.15,672959.81,12,8,46.097
NS67SW_162,1,7_4,7.11250407323,-9999.0,-9999.0,-9999.0,45.5859985352,222.616315764787,67.279149993879,264914.23,672948.2,28,16,45.586
NS67SW_163,1,7_4,6.91090280869,-9999.0,-9999.0,-9999.0,47.8474998474,110.703070099812,42.3390274984093,264999.04,672933.38,12,8,47.847
NS67SW_164,1,7_4,7.58160231983,-9999.0,-9999.0,-9999.0,45.3479995728,231.858795358491,67.4898473573867,264888.46,672936.07,12,8,45.348
NS67SW_165,1,7_4,7.3797309897,-9999.0,-9999.0,-9999.0,48.2565002441,182.638543758507,57.1433186005514,264935.4,672921.75,12,8,48.257
NS67SW_166,1,7_4,6.73855050183,-9999.0,-9999.0,-9999.0,49.7929992676,114.363899998081,43.5437315715449,264958.37,672918.11,20,12,49.793
NS67SW_167,1,7_4,7.19804639463,-9999.0,-9999.0,-9999.0,48.9869995117,171.556899625523,55.821391325535,264992.86,672910.23,20,12,48.987
NS67SW_168,1,7_4,7.40597488469,-9999.0,-9999.0,-9999.0,45.8600006104,182.207602320432,56.8004836210815,264879.03,672907.52,12,8,45.86
NS67SW_170,1,7_4,6.91476361247,-9999.0,-9999.0,-9999.0,48.2869987488,197.815986910038,63.5400899986727,264925.64,672899.06,28,16,48.287
NS67SW_171,1,7_4,6.5509092168,-9999.0,-9999.0,-9999.0,50.2490005493,259.493936318771,73.877470629135,264965.71,672898.61,36,20,50.249
NS67SW_172,1,7_4,6.95992111269,-9999.0,-9999.0,-9999.0,50.391998291,126.709061597699,45.4561316653735,264988.66,672889.95,12,8,50.392
NS67SW_175,1,7_4,7.39592776299,-9999.0,-9999.0,-9999.0,46.7599983215,202.896089354861,60.7375542538461,264892.75,672887.7,12,8,46.76
NS67SW_176,1,7_4,6.76837398245,-9999.0,-9999.0,-9999.0,50.0769996643,205.353745391898,67.4916247783669,264941.76,672879.27,28,16,50.077
NS67SW_177,1,7_4,6.93385389873,-9999.0,-9999.0,-9999.0,48.2340011597,131.704712802801,46.423524711658,264904.54,672869.49,12,8,48.234
NS67SW_178,1,7_4,7.67629412478,-9999.0,-9999.0,-9999.0,50.5979995728,227.812393965989,67.5789742872729,264998.35,672867.2,12,8,50.598
NS67SW_179,1,7_4,6.0679164859,-9999.0,-9999.0,-9999.0,49.1510009766,72.9532557161444,34.2131486952313,264915.03,672855.94,12,8,49.151
NS67SW_180,1,7_4,7.38367848377,-9999.0,-9999.0,-9999.0,50.9280014038,189.219962584578,58.2937038232795,264952.47,672857.27,20,12,50.928
NS67SW_181,1,7_4,6.96385667049,-9999.0,-9999.0,-9999.0,51.9659996033,193.174699735099,60.9212930449732,264975.72,672852.7,28,16,51.966
NS67SW_182,1,7_4,6.01629886756,-9999.0,-9999.0,-9999.0,48.5730018616,150.533456733354,53.2875431955427,264905.25,672840.54,12,8,48.573
NS67SW_183,1,7_4,6.1900576593,-9999.0,-9999.0,-9999.0,49.9290008545,160.036731590872,54.7827382055546,264933.08,672826.76,20,12,49.929
NS67SW_184,1,7_4,6.8822926914,-9999.0,-9999.0,-9999.0,52.0649986267,132.190044532398,48.2005959555284,264944.39,672810.93,20,12,52.065
NS67SW_186,1,7_4,6.72752737042,-9999.0,-9999.0,-9999.0,55.4309997559,135.513554957414,47.3081979283865,264955.49,672797.72,20,12,55.431
NS67SW_187,1,7_4,6.83915588944,-9999.0,-9999.0,-9999.0,57.672000885,138.990323377053,47.4798062984466,264985.76,672794.89,12,8,57.672
NS67SW_188,1,7_4,3.87867034682,-9999.0,-9999.0,-9999.0,45.9790000916,151.821066590544,52.6115294990573,264781.25,672794.35,16,10,45.979
NS67SW_190,1,7_4,6.93158598089,-9999.0,-9999.0,-9999.0,58.1819992065,145.100340020643,50.909246974492,264969.18,672782.81,12,8,58.182
NS67SW_191,1,7_4,5.0854003838,-9999.0,-9999.0,-9999.0,46.0239982605,171.326631693037,54.8318205806961,264770.47,672777.61,28,16,46.024
NS67SW_193,1,7_4,5.12676888764,-9999.0,-9999.0,-9999.0,46.8909988403,181.648631783211,58.9728532075663,264754.15,672769.69,36,20,46.891
NS67SW_194,1,7_4,5.77850932269,-9999.0,-9999.0,-9999.0,46.375,183.02880585439,61.8161326784993,264731.97,672764.32,28,16,46.375
NS67SW_196,1,7_4,5.76448879267,-9999.0,-9999.0,-9999.0,51.9379997253,196.092673594426,61.3807877743003,264817.35,672750.89,36,20,51.938
NS67SW_197,1,7_4,3.46022886758,-9999.0,-9999.0,-9999.0,52.3400001526,46.5219562472112,27.3033561366789,264799.26,672745.16,12,8,52.34
NS67SW_198,1,7_4,7.30952579274,-9999.0,-9999.0,-9999.0,62.983001709,130.845179634188,46.1283194165582,264986.81,672747.54,12,8,62.983
NS67SW_199,1,7_4,2.41139975155,-9999.0,-9999.0,-9999.0,62.0489997864,24.9479962441817,23.5959439993808,264961.4,672742.31,8,6,62.049
NS67SW_201,1,7_4,6.48910177776,-9999.0,-9999.0,-9999.0,51.3190002441,2343.34501372028,365.625899969994,264891.93,672772.15,100,52,51.319
NS67SW_202,1,7_4,4.00537576685,-9999.0,-9999.0,-9999.0,46.4230003357,246.767018235396,84.5189420922054,264739.18,672745.7,44,24,46.423
NS67SW_204,1,7_4,3.88318800652,-9999.0,-9999.0,-9999.0,62.625,157.54307619357,56.474261333834,264972.86,672738.13,44,24,62.625
NS67SW_205,1,7_4,4.06585177911,-9999.0,-9999.0,-9999.0,52.0349998474,363.670808148443,104.524807401372,264780.24,672732.81,48,26,52.035
NS67SW_206,1,7_4,5.2965959605,-9999.0,-9999.0,-9999.0,46.7420005798,176.907652913101,53.4490530074127,264706.21,672726.59,12,8,46.742
NS67SW_207,1,7_4,4.62988813133,-9999.0,-9999.0,-9999.0,61.9179992676,223.428494450627,62.7261684234299,264954.88,672723.82,20,12,61.918
NS67SW_208,1,7_4,3.52243305337,-9999.0,-9999.0,-9999.0,53.8800010681,325.374311888717,93.7211394327105,264835.16,672728.27,36,20,53.88
NS67SW_209,1,7_4,5.13995600722,-9999.0,-9999.0,-9999.0,50.8030014038,189.883738042546,63.8963079699882,264754.33,672716.42,32,18,50.803
NS67SW_210,1,7_4,5.76375390966,-9999.0,-9999.0,-9999.0,47.3909988403,187.398500021377,58.6101779644017,264685.88,672715.39,12,8,47.391
NS67SW_211,1,7_4,3.90242602746,-9999.0,-9999.0,-9999.0,54.6780014038,174.972729118236,52.3193532503084,264814.58,672714.17,16,10,54.678
NS67SW_212,1,7_4,3.18313666752,-9999.0,-9999.0,-9999.0,60.8969993591,152.774134872349,51.3365669818336,264927.79,672712.33,12,8,60.897
NS67SW_213,1,7_4,1.72980338083,-9999.0,-9999.0,-9999.0,58.6609992981,37.4706937528053,25.5106239412082,264881.38,672705.11,12,8,58.661
NS67SW_214,1,7_4,4.56329825561,-9999.0,-9999.0,-9999.0,54.4869995117,172.658272399112,57.0508878153886,264799.99,672705.6,36,20,54.487
NS67SW_215,1,7_4,2.16888437907,-9999.0,-9999.0,-9999.0,55.8829994202,57.6999974993823,30.4289770120183,264823.97,672701.29,12,8,55.883
NS67SW_216,1,7_4,6.01697978618,-9999.0,-9999.0,-9999.0,56.6710014343,46.0767975030362,36.6229222241718,264831.43,672695.74,20,12,56.671
NS67SW_217,1,7_4,5.0027265674,-9999.0,-9999.0,-9999.0,48.3450012207,172.931815392094,56.209569018502,264676.46,672696.06,20,12,48.345
NS67SW_218,1,7_4,4.63359610866,-9999.0,-9999.0,-9999.0,50.9630012512,218.569446628746,66.8805942931505,264720.41,672697.63,28,16,50.963
NS67SW_219,1,7_4,2.06212189618,-9999.0,-9999.0,-9999.0,57.361000061,33.3426187478696,27.2149679802381,264836.59,672689.96,8,6,57.361
NS67SW_220,1,7_4,3.84462820623,-9999.0,-9999.0,-9999.0,54.0960006714,273.722601906468,83.6483898837565,264786.5,672693.95,44,24,54.096
NS67SW_221,1,7_4,3.82692380069,-9999.0,-9999.0,-9999.0,57.6609992981,313.189522269834,104.575327227738,264861.21,672690.94,48,26,57.661
NS67SW_222,1,7_4,5.24880367187,-9999.0,-9999.0,-9999.0,59.6520004272,246.501865052378,79.9382433780469,264901.81,672691.2,32,18,59.652
NS67SW_223,1,7_4,4.88108496178,-9999.0,-9999.0,-9999.0,46.46900177,341.054201937356,103.508545681622,264652.47,672690.12,56,30,46.469
NS67SW_224,1,7_4,4.88401823697,-9999.0,-9999.0,-9999.0,53.4169998169,184.868833398629,63.1173388351372,264763.56,672683.2,20,12,53.417
NS67SW_227,1,7_4,2.39166747199,-9999.0,-9999.0,-9999.0,55.966999054,26.5294575014055,24.1158285932254,264800.91,672670.46,8,6,55.967
NS67SW_228,1,7_4,6.33687013419,-9999.0,-9999.0,-9999.0,61.7249984741,303.514607125508,91.6003585010602,264947.33,672676.51,28,16,61.725
NS67SW_229,1,7_4,2.45562120663,-9999.0,-9999.0,-9999.0,50.6230010986,48.3570674999882,27.8517930424325,264662.04,672668.02,12,8,50.623
NS67SW_230,1,7_4,4.20757021373,-9999.0,-9999.0,-9999.0,56.2620010376,376.673172689731,139.27357851004,264822.17,672676.08,112,56,56.262
NS67SW_231,1,7_4,3.17218049367,-9999.0,-9999.0,-9999.0,53.4253997803,86.0896662914297,48.8624661013559,264755.06,672668.9,36,20,53.425
NS67SW_232,1,7_4,4.47891474208,-9999.0,-9999.0,-9999.0,49.608001709,219.796357904472,62.3532830557147,264648.64,672670.05,20,12,49.608
NS67SW_234,1,7_4,3.8399592249,-9999.0,-9999.0,-9999.0,53.46900177,195.106768111598,60.8540129073627,264740.86,672665.08,36,20,53.469
NS67SW_235,1,7_4,4.29928240116,-9999.0,-9999.0,-9999.0,55.9269981384,132.547995327398,46.1023943720968,264797.28,672661.63,12,8,55.927
NS67SW_236,1,7_4,5.86178320399,-9999.0,-9999.0,-9999.0,59.8359985352,135.795558751833,52.3536526150012,264906.35,672659.7,24,14,59.836
NS67SW_237,1,7_4,2.52845570398,-9999.0,-9999.0,-9999.0,61.783000946,33.8270099955939,23.5598773067306,264942.81,672657.0,12,8,61.783
NS67SW_238,1,7_4,3.88651452575,-9999.0,-9999.0,-9999.0,51.8619995117,435.478423142566,125.888554934337,264694.51,672671.15,64,34,51.862
NS67SW_239,1,7_4,2.30413451018,-9999.0,-9999.0,-9999.0,60.6850013733,24.5387324990283,22.9526232286539,264920.85,672654.67,8,6,60.685
NS67SW_240,1,7_4,3.89818978281,-9999.0,-9999.0,-9999.0,63.5320014954,215.560437369599,72.9424170357911,264969.42,672663.45,28,16,63.532
NS67SW_241,1,7_4,4.37574397329,-9999.0,-9999.0,-9999.0,46.6153335571,201.368063461971,62.0908314708107,264606.82,672660.05,20,12,46.615
NS67SW_242,1,7_4,7.30751193448,-9999.0,-9999.0,-9999.0,62.4930000305,105.741378829911,41.4508837284519,264957.54,672651.92,12,8,62.493
NS67SW_243,1,7_4,2.82127420909,-9999.0,-9999.0,-9999.0,60.8860015869,93.1704337493582,54.4116743180555,264926.89,672653.44,28,16,60.886
NS67SW_244,1,7_4,6.01229619604,-9999.0,-9999.0,-9999.0,59.0763320923,134.333187035693,49.2147613624367,264886.25,672651.0,12,8,59.076
NS67SW_246,1,7_4,4.63816132198,-9999.0,-9999.0,-9999.0,55.5390014648,198.186478279179,63.4958345390192,264782.99,672650.67,36,20,55.539
NS67SW_247,1,7_4,2.50137650339,-9999.0,-9999.0,-9999.0,59.7579994202,27.0427162456027,25.6155736583606,264898.62,672644.66,8,6,59.758
NS67SW_248,1,7_4,4.04437699176,-9999.0,-9999.0,-9999.0,50.9160003662,205.281493274748,68.3545809670891,264660.6,672645.55,28,16,50.916
NS67SW_249,1,7_4,2.90113854274,-9999.0,-9999.0,-9999.0,54.5159988403,50.4675817439037,29.9166759847218,264742.1,672643.24,20,12,54.516
NS67SW_250,1,7_4,5.75875750455,-9999.0,-9999.0,-9999.0,61.138999939,147.24900000823,52.9881337229146,264939.73,672643.91,24,14,61.139
NS67SW_251,1,7_4,3.73249449288,-9999.0,-9999.0,-9999.0,53.9809989929,216.10598046506,71.2571842738129,264725.07,672648.13,28,16,53.981
NS67SW_252,1,7_4,6.16705475473,-9999.0,-9999.0,-9999.0,58.3353347778,126.031642209711,48.2099577651072,264866.08,672641.85,12,8,58.335
NS67SW_253,1,7_4,2.13700989832,-9999.0,-9999.0,-9999.0,60.0099983215,41.4851024962189,26.7711848724145,264904.09,672638.17,12,8,60.01
NS67SW_255,1,7_4,6.07203655281,-9999.0,-9999.0,-9999.0,60.5530014038,127.589205864619,48.4556109352515,264918.74,672635.23,12,8,60.553
NS67SW_256,1,7_4,4.62399780719,-9999.0,-9999.0,-9999.0,46.8800010681,194.228675839265,63.9818799016693,264592.97,672638.8,28,16,46.88
NS67SW_257,1,7_4,4.2703551555,-9999.0,-9999.0,-9999.0,55.5260009766,210.297366037117,68.0995156077298,264760.4,672634.45,28,16,55.526
NS67SW_258,1,7_4,2.56290473008,-9999.0,-9999.0,-9999.0,58.4980010986,24.4575300038064,23.1128892218983,264861.62,672625.99,8,6,58.498
NS67SW_259,1,7_4,2.67504812689,-9999.0,-9999.0,-9999.0,59.357334137,72.7757246550411,35.8516370090355,264883.71,672628.92,20,12,59.357
NS67SW_260,1,7_4,5.74355659948,-9999.0,-9999.0,-9999.0,57.6290016174,149.732860951242,56.4748066962794,264845.98,672630.83,28,16,57.629
NS67SW_261,1,7_4,4.21696980025,-9999.0,-9999.0,-9999.0,53.9140014648,215.167666401587,61.5607824581078,264708.74,672630.71,20,12,53.914
NS67SW_262,1,7_4,5.42736295628,-9999.0,-9999.0,-9999.0,59.7789993286,151.667754763638,56.6320782427917,264898.93,672625.9,24,14,59.779
NS67SW_266,1,7_4,2.30743317604,-9999.0,-9999.0,-9999.0,58.4729995728,24.0451949953343,24.0323911765,264861.57,672619.42,8,6,58.473
NS67SW_267,1,7_4,5.99914523533,-9999.0,-9999.0,-9999.0,57.3810005188,130.927150489733,49.0123940203152,264826.21,672622.89,12,8,57.381
NS67SW_269,1,7_4,2.34378140147,-9999.0,-9999.0,-9999.0,57.3069992065,23.7884137469306,28.4072903342356,264813.55,672617.02,12,8,57.307
NS67SW_271,1,7_4,2.29749484772,-9999.0,-9999.0,-9999.0,54.6479988098,36.4056899948497,24.4989508490174,264713.57,672613.87,12,8,54.648
NS67SW_272,1,7_4,6.00148211695,-9999.0,-9999.0,-9999.0,59.5559997559,126.016078275327,48.4967713206492,264878.99,672615.56,20,12,59.556
NS67SW_273,1,7_4,4.61717187964,-9999.0,-9999.0,-9999.0,55.4020004272,293.693394286991,89.078292441103,264748.55,672616.42,28,16,55.402
NS67SW_274,1,7_4,2.34959306016,-9999.0,-9999.0,-9999.0,58.0629997253,53.8906082919891,41.6461052940559,264841.81,672614.18,36,20,58.063
NS67SW_275,1,7_4,3.85612352855,-9999.0,-9999.0,-9999.0,53.858001709,168.987426367026,59.8954655985944,264692.04,672615.87,28,16,53.858
NS67SW_277,1,7_4,4.65443428868,-9999.0,-9999.0,-9999.0,48.1920013428,232.201710027884,66.3476829851139,264590.16,672615.86,28,16,48.192
NS67SW_278,1,7_4,4.55721484572,-9999.0,-9999.0,-9999.0,51.6459999084,204.814527323175,65.2821162630755,264629.29,672615.77,36,20,51.646
NS67SW_279,1,7_4,6.35672185411,-9999.0,-9999.0,-9999.0,61.4420013428,121.425087832376,47.4891689109003,264929.1,672609.22,12,8,61.442
NS67SW_281,1,7_4,6.17728657801,-9999.0,-9999.0,-9999.0,59.0449981689,124.641157438152,48.0402074025655,264858.14,672607.11,12,8,59.045
NS67SW_284,1,7_4,2.52501048812,-9999.0,-9999.0,-9999.0,54.2649993896,42.9231149979365,26.9562915353079,264684.79,672600.94,12,8,54.265
NS67SW_286,1,7_4,2.53994808775,-9999.0,-9999.0,-9999.0,55.0379981995,42.4332075012699,26.1702388016587,264700.15,672598.65,12,8,55.038
NS67SW_287,1,7_4,6.50274803712,-9999.0,-9999.0,-9999.0,57.7410011292,122.693129618764,47.4970653242502,264818.14,672602.85,12,8,57.741
NS67SW_288,1,7_4,6.22271641079,-9999.0,-9999.0,-9999.0,58.8009986877,132.096095906364,49.4672673815638,264838.66,672596.72,20,12,58.801
NS67SW_289,1,7_4,6.02581855229,-9999.0,-9999.0,-9999.0,55.7529983521,142.040681419502,52.1902592023242,264727.9,672595.26,20,12,55.753
NS67SW_291,1,7_4,2.6179500076,-9999.0,-9999.0,-9999.0,65.5449981689,28.5593475046495,23.6535166097492,264997.65,672591.34,12,8,65.545
NS67SW_292,1,7_4,6.27171783729,-9999.0,-9999.0,-9999.0,48.0890007019,209.248676944393,58.1235025215006,264582.63,672595.42,12,8,48.089
NS67SW_293,1,7_4,4.68199576101,-9999.0,-9999.0,-9999.0,53.9469985962,135.646630689582,48.0403817995233,264675.56,672594.73,12,8,53.947
NS67SW_294,1,7_4,5.84292422759,-9999.0,-9999.0,-9999.0,61.9160003662,303.457934846024,110.040280589435,264951.75,672604.74,32,20,61.916
NS67SW_295,1,7_4,2.21348783194,-9999.0,-9999.0,-9999.0,60.3639984131,23.343480001442,23.0604054472722,264880.19,672586.65,8,6,60.364
NS67SW_296,1,7_4,2.44389204927,-9999.0,-9999.0,-9999.0,55.6240005493,28.4682937499031,24.8804349284719,264721.56,672585.22,8,6,55.624
NS67SW_298,1,7_4,5.7724162355,-9999.0,-9999.0,-9999.0,61.7949981689,144.612743896015,54.2508692744418,264919.54,672590.31,12,8,61.795
NS67SW_300,1,7_4,6.39340191758,-9999.0,-9999.0,-9999.0,60.1069984436,123.305152482842,47.7581360391878,264870.44,672581.04,12,8,60.107
NS67SW_306,1,7_4,5.40555960548,-9999.0,-9999.0,-9999.0,54.9970016479,208.938627716566,64.926680800121,264706.81,672575.85,28,16,54.997
NS67SW_307,1,7_4,6.55758706482,-9999.0,-9999.0,-9999.0,64.9720001221,122.239358104651,47.5050722200437,264959.23,672573.21,12,8,64.972
NS67SW_308,1,7_4,6.52593417538,-9999.0,-9999.0,-9999.0,61.297000885,122.589959361008,48.021706766275,264890.56,672571.84,12,8,61.297
NS67SW_311,1,7_4,3.90483382636,-9999.0,-9999.0,-9999.0,47.3160018921,211.216819134998,68.0816274710032,264575.24,672572.73,28,16,47.316
NS67SW_312,1,7_4,6.29042068953,-9999.0,-9999.0,-9999.0,63.4375,124.880414750157,48.1266758022657,264922.56,672568.87,12,8,63.438
NS67SW_313,1,7_4,4.26521411999,-9999.0,-9999.0,-9999.0,49.388999939,494.099352590176,132.028491990621,264624.47,672581.7,84,44,49.389
NS67SW_315,1,7_4,2.17207218619,-9999.0,-9999.0,-9999.0,61.922000885,21.3236774971576,22.0945329565218,264882.72,672556.61,8,6,61.922
NS67SW_316,1,7_4,2.50571344413,-9999.0,-9999.0,-9999.0,64.9899978638,52.9877475019089,32.9275370419387,264935.27,672559.91,20,12,64.99
NS67SW_317,1,7_4,3.37698192047,-9999.0,-9999.0,-9999.0,49.3740005493,241.615259820581,71.4812695630827,264599.88,672561.86,36,20,49.374
NS67SW_319,1,7_4,5.88007503289,-9999.0,-9999.0,-9999.0,55.4378356934,214.270840076765,71.1417263531978,264760.25,672563.2,28,16,55.438
NS67SW_322,1,7_4,6.04716271356,-9999.0,-9999.0,-9999.0,60.0690002441,215.128046736568,75.1771796753778,264862.97,672558.49,36,20,60.069
NS67SW_325,1,7_4,2.21478156633,-9999.0,-9999.0,-9999.0,66.0999984741,26.461357501794,21.532070665396,264950.34,672545.29,12,8,66.1
NS67SW_326,1,7_4,6.07254706836,-9999.0,-9999.0,-9999.0,66.1429977417,124.524495306824,48.3497037667926,264957.97,672551.16,12,8,66.143
NS67SW_327,1,7_4,6.14489719158,-9999.0,-9999.0,-9999.0,62.4490013123,141.996484643014,55.5953286445893,264893.9,672550.83,28,16,62.449
NS67SW_330,1,7_4,6.15434358297,-9999.0,-9999.0,-9999.0,58.5960006714,222.949069201807,76.3735434528385,264831.73,672551.79,36,20,58.596
NS67SW_332,1,7_4,5.93236282168,-9999.0,-9999.0,-9999.0,64.1859970093,172.619124900183,62.2813695789637,264926.37,672547.81,28,16,64.186
NS67SW_333,1,7_4,2.54533774574,-9999.0,-9999.0,-9999.0,62.6640014648,29.176230007022,22.4295210618018,264886.82,672539.44,12,8,62.664
NS67SW_334,1,7_4,5.40400164382,-9999.0,-9999.0,-9999.0,47.486000061,165.126512476723,58.1072359637496,264569.72,672540.54,28,16,47.486
NS67SW_336,1,7_4,6.29879963251,-9999.0,-9999.0,-9999.0,65.513999939,123.896467436275,47.7708834017101,264944.05,672535.14,12,8,65.514
NS67SW_337,1,7_4,6.19022475116,-9999.0,-9999.0,-9999.0,56.6279983521,264.17108153978,83.4673921984618,264804.06,672541.03,28,16,56.628
NS67SW_338,1,7_4,2.2554442947,-9999.0,-9999.0,-9999.0,65.1019973755,22.7883712500004,22.1705164613223,264934.43,672530.47,8,6,65.102
NS67SW_339,1,7_4,5.46445970102,-9999.0,-9999.0,-9999.0,53.7910003662,178.21539576863,63.0141748822195,264749.12,672535.78,20,12,53.791
NS67SW_340,1,7_4,2.1634920797,-9999.0,-9999.0,-9999.0,46.9889984131,34.1482837489267,24.0133301239225,264524.58,672527.77,12,8,46.989
NS67SW_341,1,7_4,6.62619251719,-9999.0,-9999.0,-9999.0,63.4199981689,123.012635292624,47.7811085861823,264902.38,672529.99,12,8,63.42
NS67SW_342,1,7_4,6.57187365898,-9999.0,-9999.0,-9999.0,59.2340011597,123.46613010451,47.9017581586427,264842.87,672528.15,12,8,59.234
NS67SW_344,1,7_4,2.46711271355,-9999.0,-9999.0,-9999.0,56.9790000916,43.7773594300113,28.9535995308134,264804.39,672521.21,12,8,56.979
NS67SW_345,1,7_4,4.86163616918,-9999.0,-9999.0,-9999.0,47.2019996643,367.297083500914,107.52425506283,264547.13,672532.07,36,20,47.202
NS67SW_346,1,7_4,2.15267407453,-9999.0,-9999.0,-9999.0,47.0079994202,28.6892774977566,22.3945455508483,264496.39,672515.66,12,8,47.008
NS67SW_347,1,7_4,2.20470854524,-9999.0,-9999.0,-9999.0,59.0359992981,40.4523112516264,26.2008731478223,264836.74,672515.17,12,8,59.036
NS67SW_349,1,7_4,5.99187367051,-9999.0,-9999.0,-9999.0,61.1189994812,230.388960415504,96.8382635568924,264874.77,672524.98,48,28,61.119
NS67SW_351,1,7_4,6.28008853219,-9999.0,-9999.0,-9999.0,65.8450012207,123.429078376797,47.7934512226308,264976.02,672512.55,12,8,65.845
NS67SW_352,1,7_4,5.46050610103,-9999.0,-9999.0,-9999.0,46.9819984436,148.50678021708,50.0192456597216,264522.28,672514.69,12,8,46.982
NS67SW_354,1,7_4,6.13206411565,-9999.0,-9999.0,-9999.0,62.0550003052,135.08069336192,54.0371359278428,264892.95,672511.53,20,12,62.055
NS67SW_356,1,7_4,6.05530264763,-9999.0,-9999.0,-9999.0,47.1486663818,64.0156194526237,32.3490664461308,264511.09,672507.11,12,8,47.149
NS67SW_357,1,7_4,6.36151527683,-9999.0,-9999.0,-9999.0,65.1309967041,125.816856645883,48.0943005196734,264954.82,672508.24,12,8,65.131
NS67SW_360,1,7_4,5.95308268555,-9999.0,-9999.0,-9999.0,52.5880012512,207.540285026542,67.6216708830531,264736.24,672509.29,12,8,52.588
NS67SW_361,1,7_4,2.05622402457,-9999.0,-9999.0,-9999.0,65.6490020752,24.1718024962134,20.0088772799874,264968.33,672502.05,12,8,65.649
NS67SW_362,1,7_4,6.28515313371,-9999.0,-9999.0,-9999.0,54.5260009766,237.420560264589,78.3127246797981,264784.2,672511.59,12,8,54.526
NS67SW_364,1,7_4,5.51557540167,-9999.0,-9999.0,-9999.0,47.1199989319,133.023620289554,48.539950160426,264565.03,672501.46,20,12,47.12
NS67SW_371,1,7_4,5.9017266777,-9999.0,-9999.0,-9999.0,59.1459999084,237.55777161417,77.3572913626949,264845.21,672501.72,44,24,59.146
NS67SW_373,1,7_4,4.96084748213,-9999.0,-9999.0,-9999.0,47.5250015259,644.529183760311,184.238932400108,264601.77,672509.29,104,54,47.525
NS67SW_100,1,7_5,6.39551134622,-9999.0,-9999.0,-9999.0,44.4920005798,309.855675334485,90.0037580305067,264708.47,673372.09,20,12,44.492
NS67SW_101,1,7_5,3.88708340546,-9999.0,-9999.0,-9999.0,44.125,302.19557750187,78.2091502131145,264600.87,673369.29,32,18,44.125
NS67SW_102,1,7_5,5.46209909622,-9999.0,-9999.0,-9999.0,42.3359985352,363.607650289111,122.917800379934,264671.62,673357.54,64,34,42.336
NS67SW_105,1,7_5,5.98956610528,-9999.0,-9999.0,-9999.0,42.2939987183,223.202351498184,66.6237835076334,264641.51,673338.37,28,16,42.294
NS67SW_11,1,7_5,3.70761042123,-9999.0,-9999.0,-9999.0,49.7099990845,126.628578248282,45.9049034021056,264772.11,673491.6,12,8,49.71
NS67SW_115,1,7_5,3.33509815669,-9999.0,-9999.0,-9999.0,49.8300018311,153.130178629031,52.2489603175334,264790.72,673270.34,20,12,49.83
NS67SW_116,1,7_5,5.20059645344,-9999.0,-9999.0,-9999.0,49.9659996033,146.128421991868,51.1698471869365,264769.27,673268.23,20,12,49.966
NS67SW_12,1,7_5,2.52548644656,-9999.0,-9999.0,-9999.0,50.3639984131,25.2274350038709,23.1580702627209,264724.74,673485.52,8,6,50.364
NS67SW_120,1,7_5,4.83665400168,-9999.0,-9999.0,-9999.0,51.263999939,272.534638498071,82.082772951914,264751.39,673250.15,24,14,51.264
NS67SW_123,1,7_5,2.71431588932,-9999.0,-9999.0,-9999.0,52.6910018921,63.3319537491359,40.8122452769425,264746.37,673235.29,24,14,52.691
NS67SW_125,1,7_5,3.2160994406,-9999.0,-9999.0,-9999.0,54.7220001221,396.324148394657,99.351431306923,264760.13,673215.85,44,24,54.722
NS67SW_13,1,7_5,3.54173418027,-9999.0,-9999.0,-9999.0,49.2099990845,194.012116936192,81.5086640393586,264624.14,673489.83,44,24,49.21
NS67SW_131,1,7_5,4.67708490108,-9999.0,-9999.0,-9999.0,54.7436676025,668.824878088494,122.218788818328,264784.29,673199.11,28,16,54.744
NS67SW_135,1,7_5,2.63079946295,-9999.0,-9999.0,-9999.0,49.391998291,153.604748332685,56.9449654366408,264963.09,673162.31,12,8,49.392
NS67SW_136,1,7_5,2.7911843879,-9999.0,-9999.0,-9999.0,49.9169998169,281.606774368563,78.7187323129807,264938.34,673150.94,36,20,49.917
NS67SW_14,1,7_5,3.87536533762,-9999.0,-9999.0,-9999.0,49.1310005188,164.277164137111,59.7153364711783,264582.87,673490.25,28,16,49.131
NS67SW_140,1,7_5,2.50800977434,-9999.0,-9999.0,-9999.0,49.8359985352,155.577055185,72.5279543213067,264926.0,673131.49,48,26,49.836
NS67SW_142,1,7_5,6.70252513802,-9999.0,-9999.0,-9999.0,54.2130012512,590.590292093614,138.018931036542,264785.4,673139.21,80,42,54.213
NS67SW_143,1,7_5,4.37463749757,-9999.0,-9999.0,-9999.0,53.6570014954,483.020972737476,121.857344710769,264831.63,673137.06,52,28,53.657
NS67SW_144,1,7_5,2.6325876778,-9999.0,-9999.0,-9999.0,49.5110015869,399.605793737724,116.671790375825,264947.17,673133.49,20,12,49.511
NS67SW_15,1,7_5,4.48827397973,-9999.0,-9999.0,-9999.0,47.9189987183,127.718464595531,47.1738260005701,264861.59,673486.74,20,12,47.919
NS67SW_18,1,7_5,3.69542509022,-9999.0,-9999.0,-9999.0,50.0149993896,132.938004003762,47.9136419712747,264754.55,673485.42,20,12,50.015
NS67SW_19,1,7_5,3.86512224529,-9999.0,-9999.0,-9999.0,47.9480018616,120.534519048429,44.7028437157144,264842.71,673484.17,12,8,47.948
NS67SW_20,1,7_5,3.89420100336,-9999.0,-9999.0,-9999.0,47.1839981079,148.139545874569,52.0376164894815,264881.69,673485.9,20,12,47.184
NS67SW_21,1,7_5,3.5535456629,-9999.0,-9999.0,-9999.0,50.0999984741,148.668579460666,50.8506265257014,264738.2,673479.92,12,8,50.1
NS67SW_24,1,7_5,2.21075074467,-9999.0,-9999.0,-9999.0,49.1049995422,43.4692874957068,27.0146901598103,264659.07,673475.36,12,8,49.105
NS67SW_25,1,7_5,5.09553199104,-9999.0,-9999.0,-9999.0,46.2229995728,221.259258231348,80.5877326282728,264914.77,673485.73,44,24,46.223
NS67SW_27,1,7_5,3.99493687773,-9999.0,-9999.0,-9999.0,50.09400177,112.141462267159,42.8775414169423,264719.78,673473.9,12,8,50.094
NS67SW_29,1,7_5,3.87431387232,-9999.0,-9999.0,-9999.0,49.9840011597,112.606769718874,42.97886199339,264700.02,673471.61,12,8,49.984
NS67SW_30,1,7_5,3.94260208225,-9999.0,-9999.0,-9999.0,48.3790016174,125.067709454126,48.298283872356,264809.39,673470.63,20,12,48.379
NS67SW_32,1,7_5,3.75009827048,-9999.0,-9999.0,-9999.0,49.0519981384,155.624993115303,53.2551238146063,264670.21,673469.99,20,12,49.052
NS67SW_33,1,7_5,3.74811679835,-9999.0,-9999.0,-9999.0,47.3543357849,210.181469457959,85.3653651864444,264828.59,673471.57,44,24,47.354
NS67SW_34,1,7_5,3.96384556832,-9999.0,-9999.0,-9999.0,48.936000824,129.133409639775,48.6671802760505,264792.51,673465.25,28,16,48.936
NS67SW_35,1,7_5,2.55048382009,-9999.0,-9999.0,-9999.0,47.8556671143,35.9705924990197,26.1621934769109,264817.82,673460.74,12,8,47.856
NS67SW_36,1,7_5,6.63038831912,-9999.0,-9999.0,-9999.0,45.7000007629,120.420783125231,45.5285570721439,264914.27,673462.72,12,8,45.7
NS67SW_37,1,7_5,2.13255833606,-9999.0,-9999.0,-9999.0,48.9840011597,50.9489730684015,28.8390300978058,264646.86,673458.86,12,8,48.984
NS67SW_38,1,7_5,3.87864900533,-9999.0,-9999.0,-9999.0,49.0429992676,120.91843152749,47.1923260237963,264775.64,673460.41,28,16,49.043
NS67SW_40,1,7_5,6.23060629661,-9999.0,-9999.0,-9999.0,46.0970001221,176.545633233856,64.4049126195219,264882.8,673462.48,28,16,46.097
NS67SW_44,1,7_5,3.77374365846,-9999.0,-9999.0,-9999.0,49.4867630005,293.389392354381,96.5879432019199,264617.05,673465.77,36,20,49.487
NS67SW_45,1,7_5,3.8727454094,-9999.0,-9999.0,-9999.0,48.8740005493,131.505486664608,50.3899580246978,264758.78,673453.92,28,16,48.874
NS67SW_46,1,7_5,3.76797874978,-9999.0,-9999.0,-9999.0,48.8260002136,160.174938214613,51.6765231877639,264660.59,673452.71,16,10,48.826
NS67SW_47,1,7_5,2.1934955551,-9999.0,-9999.0,-9999.0,48.7039985657,23.3499524961722,22.6071221195459,264785.12,673448.92,8,6,48.704
NS67SW_48,1,7_5,6.32803304612,-9999.0,-9999.0,-9999.0,46.1059989929,129.771620700856,46.8540496646821,264859.11,673452.24,12,8,46.106
NS67SW_5,1,7_5,2.15269534588,-9999.0,-9999.0,-9999.0,50.436000824,42.251205000123,27.0928880957653,264743.75,673495.35,12,8,50.436
NS67SW_52,1,7_5,3.73861301683,-9999.0,-9999.0,-9999.0,49.3409996033,322.385442315171,103.885442398752,264588.03,673459.92,44,24,49.341
NS67SW_53,1,7_5,2.18762512207,-9999.0,-9999.0,-9999.0,45.3699989319,23.4541499959784,27.7147265409915,264919.47,673443.41,8,6,45.37
NS67SW_55,1,7_5,3.91149340635,-9999.0,-9999.0,-9999.0,49.1170005798,135.676426867162,49.4886852839732,264639.74,673446.9,20,12,49.117
NS67SW_56,1,7_5,3.85951830808,-9999.0,-9999.0,-9999.0,49.0050010681,164.604205577628,56.1423144509298,264740.79,673447.33,36,20,49.005
NS67SW_57,1,7_5,6.38540127238,-9999.0,-9999.0,-9999.0,46.5929985046,123.182963376512,45.9777258810104,264834.24,673444.56,12,8,46.593
NS67SW_58,1,7_5,2.23679099145,-9999.0,-9999.0,-9999.0,47.567653656,23.2855237481371,23.3313860552028,264778.5,673439.14,8,6,47.568
NS67SW_59,1,7_5,3.86405688793,-9999.0,-9999.0,-9999.0,49.2529983521,229.44183872308,66.1970872235706,264722.11,673441.69,28,16,49.253
NS67SW_6,1,7_5,3.71169629013,-9999.0,-9999.0,-9999.0,50.0069999695,136.294806639472,53.0397509269544,264698.0,673494.76,20,12,50.007
NS67SW_60,1,7_5,2.33443385363,-9999.0,-9999.0,-9999.0,48.4090003967,33.9633075017457,24.5900191998363,264752.19,673437.94,12,8,48.409
NS67SW_62,1,7_5,6.22951978302,-9999.0,-9999.0,-9999.0,46.7430000305,128.01030513518,46.7281367639308,264813.26,673437.43,12,8,46.743
NS67SW_63,1,7_5,6.62122389496,-9999.0,-9999.0,-9999.0,45.1010017395,159.586278281496,54.8924086692624,264904.44,673438.8,12,8,45.101
NS67SW_66,1,7_5,3.83072188649,-9999.0,-9999.0,-9999.0,48.6069984436,290.351362852756,95.3021728343223,264693.13,673433.29,36,20,48.607
NS67SW_67,1,7_5,5.59860928543,-9999.0,-9999.0,-9999.0,46.9099998474,155.149868895104,53.8972040224855,264792.78,673431.26,20,12,46.91
NS67SW_70,1,7_5,2.13137229284,-9999.0,-9999.0,-9999.0,45.0600013733,21.7492087500069,22.3374513774595,264903.29,673422.56,8,6,45.06
NS67SW_71,1,7_5,6.49929161306,-9999.0,-9999.0,-9999.0,46.8009986877,124.833927603511,46.2656953913902,264773.41,673423.76,12,8,46.801
NS67SW_73,1,7_5,3.78828600771,-9999.0,-9999.0,-9999.0,48.4589996338,164.267159967922,55.1133481362036,264666.67,673422.83,28,16,48.459
NS67SW_75,1,7_5,3.67691825829,-9999.0,-9999.0,-9999.0,48.6020011902,157.466520005898,51.0263480458172,264650.26,673419.0,24,14,48.602
NS67SW_77,1,7_5,5.546584145,-9999.0,-9999.0,-9999.0,45.0649986267,439.16695062523,105.354280622448,264872.55,673421.85,44,24,45.065
NS67SW_78,1,7_5,5.55404495418,-9999.0,-9999.0,-9999.0,46.6749992371,198.773789289836,65.1091747695928,264753.25,673417.83,36,20,46.675
NS67SW_81,1,7_5,5.91059142776,-9999.0,-9999.0,-9999.0,45.3230018616,162.78935706236,57.0611821663532,264842.05,673415.18,28,16,45.323
NS67SW_82,1,7_5,2.48529568234,-9999.0,-9999.0,-9999.0,45.1319999695,42.3390562475762,36.0969446183748,264855.36,673410.71,16,10,45.132
NS67SW_83,1,7_5,2.11241061067,-9999.0,-9999.0,-9999.0,48.0040016174,21.8436637508718,22.5822028114794,264642.14,673405.35,8,6,48.004
NS67SW_86,1,7_5,4.16616005713,-9999.0,-9999.0,-9999.0,47.2739982605,166.376005943747,55.7996438823478,264631.33,673406.96,20,12,47.274
NS67SW_87,1,7_5,5.18008540227,-9999.0,-9999.0,-9999.0,44.811000824,220.687296136116,74.0099723563295,264820.35,673406.71,28,16,44.811
NS67SW_88,1,7_5,3.54386523148,-9999.0,-9999.0,-9999.0,47.341999054,397.129636755523,158.772257714217,264593.01,673418.41,108,56,47.342
NS67SW_89,1,7_5,6.46983362737,-9999.0,-9999.0,-9999.0,44.7179985046,134.411797498124,45.9826303468744,264800.11,673402.65,16,10,44.718
NS67SW_90,1,7_5,4.95275553144,-9999.0,-9999.0,-9999.0,46.7999992371,512.691341974368,160.780134979566,264717.36,673406.59,68,36,46.8
NS67SW_91,1,7_5,5.61281234042,-9999.0,-9999.0,-9999.0,44.7630004883,191.273096118452,57.7795641061627,264778.96,673393.63,20,12,44.763
NS67SW_92,1,7_5,5.65481395631,-9999.0,-9999.0,-9999.0,45.8839988708,326.212914157599,104.854325982302,264671.21,673391.0,60,32,45.884
NS67SW_93,1,7_5,4.1239907151,-9999.0,-9999.0,-9999.0,46.591999054,168.952183027976,57.8135695038092,264601.22,673392.07,20,12,46.592
NS67SW_94,1,7_5,6.27882646076,-9999.0,-9999.0,-9999.0,44.6170005798,143.092398740925,52.7832024065682,264758.6,673387.8,28,16,44.617
NS67SW_97,1,7_5,4.91764962811,-9999.0,-9999.0,-9999.0,45.1240005493,234.038064283977,83.6666988630694,264635.55,673385.41,52,28,45.124
NS67SW_98,1,7_5,5.11808470152,-9999.0,-9999.0,-9999.0,43.961555481,252.997642778535,111.507278793381,264743.68,673377.58,100,52,43.962
