uid,lod,cell,height,height_max,height_min,height_pct90,ground_z,footprint_area,footprint_length,centre_e,centre_n,n_triangles,n_vertices,zmin_odn
NS46SE_1000,1,7_0,2.41178425621,-9999.0,-9999.0,-9999.0,48.6529998779,71.1026924981167,35.6501281042729,249971.98,660463.35,16,10,48.653
NS46SE_1001,1,7_0,2.25948474336,-9999.0,-9999.0,-9999.0,48.736000061,193.120635910282,64.086178306735,249991.34,660457.18,36,20,48.736
NS46SE_1002,1,7_0,6.14316749573,-9999.0,-9999.0,-9999.0,49.3860015869,214.351711071839,61.6832863894117,249942.05,660416.59,20,12,49.386
NS46SE_1003,1,7_0,6.03101229955,-9999.0,-9999.0,-9999.0,49.8759994507,170.940192571316,55.8863446419663,249960.41,660399.56,20,12,49.876
NS46SE_1004,1,7_0,6.30384302899,-9999.0,-9999.0,-9999.0,49.7439994812,248.989040021797,63.244894286473,249996.07,660388.4,12,8,49.744
NS46SE_1005,1,7_0,6.35143878643,-9999.0,-9999.0,-9999.0,50.0180015564,201.999721680421,61.0885735621768,249981.05,660378.1,20,12,50.018
NS46SE_1006,1,7_0,6.39779089507,-9999.0,-9999.0,-9999.0,49.4140014648,401.553088769785,83.8430801031224,249998.55,660356.56,20,12,49.414
NS46SE_1007,1,7_0,6.49045124877,-9999.0,-9999.0,-9999.0,49.6189994812,986.169275877077,179.229453620156,249945.59,660373.02,72,38,49.619
NS46SE_1008,1,7_0,6.84689346625,-9999.0,-9999.0,-9999.0,50.2179985046,135.647044681162,46.885742180771,249973.7,660343.22,12,8,50.218
NS46SE_1009,1,7_0,16.8850626628,-9999.0,-9999.0,-9999.0,51.6510009766,26.8218374994262,20.7967571313632,249930.02,660329.32,12,8,51.651
NS46SE_1010,1,7_0,6.40404487998,-9999.0,-9999.0,-9999.0,49.0299987793,95.9828334749335,39.2810854508795,249995.17,660324.02,12,8,49.03
NS46SE_1011,1,7_0,5.91155086259,-9999.0,-9999.0,-9999.0,50.7430000305,999.601150861859,159.021982115289,249899.12,660340.29,60,32,50.743
NS46SE_1012,1,7_0,6.38895222947,-9999.0,-9999.0,-9999.0,49.7779998779,111.660058423697,45.4913425826294,249981.11,660320.81,20,12,49.778
NS46SE_1013,1,7_0,5.67296571515,-9999.0,-9999.0,-9999.0,50.0270004272,101.576258599441,41.6069145665942,249971.94,660310.61,20,12,50.027
NS46SE_1014,1,7_0,3.2228807405,-9999.0,-9999.0,-9999.0,50.5,25.3897199922025,24.4235856713412,249953.7,660304.5,8,6,50.5
NS46SE_1015,1,7_0,6.56404540745,-9999.0,-9999.0,-9999.0,50.202999115,99.7697365942307,40.0000263614564,249963.3,660301.33,12,8,50.203
NS46SE_1016,1,7_0,4.44053018428,-9999.0,-9999.0,-9999.0,53.15599823,262.499860190453,79.8526309516982,249918.88,660301.52,44,24,53.156
NS46SE_1017,1,7_0,5.89002206132,-9999.0,-9999.0,-9999.0,52.5999984741,98.164968289203,41.4033611027416,249858.29,660295.33,20,12,52.6
NS46SE_1018,1,7_0,6.48000786347,-9999.0,-9999.0,-9999.0,50.25,100.24975270744,40.0840654606665,249953.31,660290.77,12,8,50.25
NS46SE_1019,1,7_0,6.15822088085,-9999.0,-9999.0,-9999.0,49.2919998169,107.111989534023,41.0502104321162,249995.25,660288.52,16,10,49.292
NS46SE_1020,1,7_0,6.51721490532,-9999.0,-9999.0,-9999.0,52.4959983826,122.003146340949,45.0760949817058,249871.1,660286.56,20,12,52.496
NS46SE_1021,1,7_0,6.41246665974,-9999.0,-9999.0,-9999.0,49.4430007935,102.786375338832,40.6089504403556,249987.29,660279.66,12,8,49.443
NS46SE_1022,1,7_0,6.32127597095,-9999.0,-9999.0,-9999.0,52.0600013733,112.92961254303,42.9957421367198,249881.05,660272.93,12,8,52.06
NS46SE_1023,1,7_0,6.43320265191,-9999.0,-9999.0,-9999.0,49.9609985352,115.444514632207,46.2434403992148,249952.84,660271.48,20,12,49.961
NS46SE_1024,1,7_0,6.36435411241,-9999.0,-9999.0,-9999.0,52.2130012512,159.715167709951,54.750654286832,249892.26,660262.24,28,16,52.213
NS46SE_1025,1,7_0,5.81981308693,-9999.0,-9999.0,-9999.0,50.5690002441,284.017303637231,86.3242838421459,249840.03,660263.81,52,28,50.569
NS46SE_1026,1,7_0,2.11367556415,-9999.0,-9999.0,-9999.0,52.6570014954,24.2269387496785,23.585200372072,249913.87,660249.11,8,6,52.657
NS46SE_1027,1,7_0,6.10552306766,-9999.0,-9999.0,-9999.0,49.5369987488,207.293618206201,60.4525780829402,249969.05,660254.63,12,8,49.537
NS46SE_1029,1,7_0,6.13937897241,-9999.0,-9999.0,-9999.0,51.2309989929,91.9984389404834,38.8269854166689,249868.46,660247.76,12,8,51.231
NS46SE_1030,1,7_0,6.25186704631,-9999.0,-9999.0,-9999.0,52.0180015564,107.671174760983,42.2389557303423,249903.35,660248.04,20,12,52.018
NS46SE_1031,1,7_0,6.88091984696,-9999.0,-9999.0,-9999.0,48.9029998779,131.483531649054,46.4322726734575,249823.62,660247.23,16,10,48.903
NS46SE_1032,1,7_0,5.74837091606,-9999.0,-9999.0,-9999.0,49.6230010986,130.466049874541,61.7783718621783,249979.36,660240.9,28,16,49.623
NS46SE_1033,1,7_0,6.1145889325,-9999.0,-9999.0,-9999.0,52.2989997864,92.2958043566903,39.9609277726395,249914.22,660237.76,20,12,52.299
NS46SE_1034,1,7_0,4.4029563857,-9999.0,-9999.0,-9999.0,52.7579994202,205.562713088078,57.8760449539184,249517.7,660240.9,12,8,52.758
NS46SE_1035,1,7_0,6.23721547253,-9999.0,-9999.0,-9999.0,49.952999115,119.10543767743,46.8631894375233,249862.34,660236.08,28,16,49.953
NS46SE_1037,1,7_0,3.72869344944,-9999.0,-9999.0,-9999.0,52.6459999084,173.931067774149,56.8369258936786,249530.65,660233.01,28,16,52.646
NS46SE_1038,1,7_0,6.34791127969,-9999.0,-9999.0,-9999.0,48.3470001221,113.995453617457,43.5926874335256,249850.06,660224.61,20,12,48.347
NS46SE_1039,1,7_0,3.78552750191,-9999.0,-9999.0,-9999.0,48.7389984131,298.222676259891,95.4708141333292,249804.72,660229.57,48,26,48.739
NS46SE_1040,1,7_0,6.27786092535,-9999.0,-9999.0,-9999.0,52.0859985352,213.164838627727,76.8025313891054,249927.19,660226.8,44,24,52.086
NS46SE_1041,1,7_0,6.37387949003,-9999.0,-9999.0,-9999.0,50.2210006714,114.412174158777,46.0430936721636,249992.87,660219.61,20,12,50.221
NS46SE_1042,1,7_0,4.10479531117,-9999.0,-9999.0,-9999.0,52.1399993896,191.920612269561,72.6149563295937,249543.94,660217.47,36,20,52.14
NS46SE_1043,1,7_0,4.83218955722,-9999.0,-9999.0,-9999.0,48.1160011292,182.946847504546,57.7905457981131,249833.2,660214.65,24,14,48.116
NS46SE_1044,1,7_0,4.36424528303,-9999.0,-9999.0,-9999.0,51.6489982605,151.792067506894,51.0362028843079,249556.54,660211.19,20,12,51.649
NS46SE_1045,1,7_0,2.25673596191,-9999.0,-9999.0,-9999.0,48.841999054,32.2355850015394,23.3673626964896,249794.38,660207.07,12,8,48.842
NS46SE_1046,1,7_0,5.32284339892,-9999.0,-9999.0,-9999.0,51.9679985046,153.372336658927,50.4512825202774,249941.83,660210.61,28,16,51.968
NS46SE_1047,1,7_0,5.80342933256,-9999.0,-9999.0,-9999.0,49.0410003662,338.311912059374,98.9428845187914,249879.84,660214.84,44,24,49.041
NS46SE_1048,1,7_0,3.97645521924,-9999.0,-9999.0,-9999.0,47.9290008545,112.157009920792,44.5735151728062,249817.96,660202.38,20,12,47.929
NS46SE_1049,1,7_0,4.24189284705,-9999.0,-9999.0,-9999.0,51.8149986267,142.829606884069,47.8530174571753,249569.21,660200.32,12,8,51.815
NS46SE_1050,1,7_0,6.8275528113,-9999.0,-9999.0,-9999.0,51.8829994202,122.291145198771,44.5097777814698,249951.87,660198.96,12,8,51.883
NS46SE_1051,1,7_0,5.81990938872,-9999.0,-9999.0,-9999.0,47.7430000305,120.997377953467,47.6457803875722,249867.79,660197.63,20,12,47.743
NS46SE_1052,1,7_0,6.552248443,-9999.0,-9999.0,-9999.0,53.6279983521,128.933089469822,46.1438775751959,249509.91,660194.25,12,8,53.628
NS46SE_1053,1,7_0,4.76172206829,-9999.0,-9999.0,-9999.0,49.202999115,434.649750541651,123.621207537616,249773.69,660202.37,60,32,49.203
NS46SE_1054,1,7_0,5.410876316,-9999.0,-9999.0,-9999.0,50.9099998474,199.50440227007,60.9840541102353,249912.19,660193.42,20,12,50.91
NS46SE_1055,1,7_0,5.86722278972,-9999.0,-9999.0,-9999.0,51.5890007019,132.064786079044,50.3642571783265,249964.78,660189.02,20,12,51.589
NS46SE_1056,1,7_0,4.03607912029,-9999.0,-9999.0,-9999.0,51.7420005798,214.230120790972,70.1299124454026,249582.37,660186.95,44,24,51.742
NS46SE_1057,1,7_0,6.67637820141,-9999.0,-9999.0,-9999.0,53.1319999695,129.229064948989,46.1719319511969,249523.45,660183.09,12,8,53.132
NS46SE_1058,1,7_0,5.40887413839,-9999.0,-9999.0,-9999.0,50.013999939,203.156547903346,57.0136706113021,249751.18,660181.16,12,8,50.014
NS46SE_1059,1,7_0,2.90892446858,-9999.0,-9999.0,-9999.0,46.8569984436,22.6747350033745,22.3486050641555,249828.61,660172.8,8,6,46.857
NS46SE_1060,1,7_0,3.4837664617,-9999.0,-9999.0,-9999.0,48.3349990845,176.914354144708,70.7547565279056,249788.0,660175.98,36,20,48.335
NS46SE_1061,1,7_0,4.46772082941,-9999.0,-9999.0,-9999.0,51.3289985657,177.126051734054,58.1184592741552,249596.47,660176.28,20,12,51.329
NS46SE_1062,1,7_0,5.78569014301,-9999.0,-9999.0,-9999.0,48.0390014648,275.407801771988,80.3999079126001,249896.59,660177.53,52,28,48.039
NS46SE_1063,1,7_0,6.12050035426,-9999.0,-9999.0,-9999.0,51.0830001831,203.965362060524,80.2735249506287,249975.37,660175.85,32,18,51.083
NS46SE_1064,1,7_0,3.6078732561,-9999.0,-9999.0,-9999.0,47.2299995422,131.703612957004,48.3822203240543,249816.5,660170.2,20,12,47.23
NS46SE_1065,1,7_0,5.84531729315,-9999.0,-9999.0,-9999.0,52.5319976807,170.308613068055,56.5800749580072,249538.86,660171.33,20,12,52.532
NS46SE_1066,1,7_0,5.37642757709,-9999.0,-9999.0,-9999.0,49.7519989014,205.238547151854,62.6114487809225,249933.21,660172.29,28,16,49.752
NS46SE_1067,1,7_0,2.64962429247,-9999.0,-9999.0,-9999.0,49.625,47.8696424952944,27.6875728821323,249758.39,660165.97,12,8,49.625
NS46SE_1068,1,7_0,3.74944338555,-9999.0,-9999.0,-9999.0,46.2840003967,351.558593724751,123.639059301818,249848.25,660177.25,76,40,46.284
NS46SE_1069,1,7_0,4.18335801311,-9999.0,-9999.0,-9999.0,51.4309997559,206.126783593834,79.0271164589659,249607.69,660164.81,36,20,51.431
NS46SE_1070,1,7_0,6.5224665644,-9999.0,-9999.0,-9999.0,49.0349998474,109.196424472454,42.0790953748444,249922.74,660158.81,12,8,49.035
NS46SE_1071,1,7_0,3.50547313358,-9999.0,-9999.0,-9999.0,48.4129981995,148.431616349273,54.2925913090996,249787.97,660159.36,20,12,48.413
NS46SE_1072,1,7_0,6.17475048347,-9999.0,-9999.0,-9999.0,52.2879981995,150.338525472882,51.8744025053328,249553.28,660157.4,20,12,52.288
NS46SE_1073,1,7_0,3.8436514624,-9999.0,-9999.0,-9999.0,46.1739997864,131.404079990666,45.5647237736606,249865.74,660157.5,16,10,46.174
NS46SE_1075,1,7_0,4.134656993,-9999.0,-9999.0,-9999.0,49.2410011292,130.560352300573,45.7399894820453,249758.66,660154.48,12,8,49.241
NS46SE_1076,1,7_0,2.41126577443,-9999.0,-9999.0,-9999.0,45.6199989319,38.9841149995682,25.3197715517752,249843.91,660152.4,12,8,45.62
NS46SE_1077,1,7_0,3.715778228,-9999.0,-9999.0,-9999.0,47.2060012817,147.505700164367,55.528829804661,249813.9,660155.58,20,12,47.206
NS46SE_1078,1,7_0,4.34582364974,-9999.0,-9999.0,-9999.0,50.2630004883,199.856766418272,65.1603446567025,249724.01,660155.27,36,20,50.263
NS46SE_1079,1,7_0,3.83886147074,-9999.0,-9999.0,-9999.0,51.3639984131,187.383341461604,55.5630166312466,249620.92,660155.41,20,12,51.364
NS46SE_1080,1,7_0,5.73861983328,-9999.0,-9999.0,-9999.0,50.9749984741,242.060652820767,77.0615635419975,249991.53,660157.14,52,28,50.975
NS46SE_1081,1,7_0,6.15221801386,-9999.0,-9999.0,-9999.0,49.9760017395,158.06033793101,54.495860269677,249956.53,660147.3,28,16,49.976
NS46SE_1082,1,7_0,4.96402110775,-9999.0,-9999.0,-9999.0,46.408000946,196.406585148705,57.6193394836777,249832.14,660148.31,20,12,46.408
NS46SE_1083,1,7_0,5.00334855209,-9999.0,-9999.0,-9999.0,47.158000946,164.644202367176,51.9518952412394,249914.16,660147.88,12,8,47.158
NS46SE_1084,1,7_0,6.10634993784,-9999.0,-9999.0,-9999.0,52.1290016174,138.434671957267,50.4198054122091,249566.93,660145.03,28,16,52.129
NS46SE_1085,1,7_0,3.52684654271,-9999.0,-9999.0,-9999.0,51.0900001526,218.356603502917,63.1858679029206,249634.31,660144.17,28,16,51.09
NS46SE_1086,1,7_0,3.80480338135,-9999.0,-9999.0,-9999.0,45.9000015259,157.280995511128,56.6370314776981,249877.46,660143.49,36,20,45.9
NS46SE_1087,1,7_0,5.76359383043,-9999.0,-9999.0,-9999.0,53.9399986267,164.646265057271,57.1410330485932,249520.01,660143.09,28,16,53.94
NS46SE_1088,1,7_0,3.64184836819,-9999.0,-9999.0,-9999.0,44.8940010071,23.8795012458694,36.3533748923807,249863.38,660135.26,20,12,44.894
NS46SE_1089,1,7_0,3.41549367269,-9999.0,-9999.0,-9999.0,51.5690002441,59.1029287511878,30.7792060714443,249608.79,660135.41,12,8,51.569
NS46SE_1090,1,7_0,4.05245090491,-9999.0,-9999.0,-9999.0,49.2389984131,146.366051436567,50.324095455455,249730.17,660135.86,28,16,49.239
NS46SE_1091,1,7_0,3.78097182954,-9999.0,-9999.0,-9999.0,44.8559989929,199.149677594395,65.4845375090533,249845.91,660135.48,36,20,44.856
NS46SE_1092,1,7_0,6.16099461513,-9999.0,-9999.0,-9999.0,53.577999115,138.990065562512,50.3840082693395,249533.1,660132.65,28,16,53.578
NS46SE_1093,1,7_0,6.93841596242,-9999.0,-9999.0,-9999.0,48.5250015259,125.320448738629,45.074454058761,249947.6,660132.0,12,8,48.525
NS46SE_1094,1,7_0,3.8564760888,-9999.0,-9999.0,-9999.0,50.9239997864,163.235165756791,52.4683587838464,249641.94,660130.43,20,12,50.924
NS46SE_1095,1,7_0,3.60279894827,-9999.0,-9999.0,-9999.0,46.0489997864,169.231713653657,56.14627739203,249889.74,660130.53,28,16,46.049
NS46SE_1096,1,7_0,3.57102499435,-9999.0,-9999.0,-9999.0,48.1380004883,121.292027521464,49.3045000181041,249791.32,660127.98,20,12,48.138
NS46SE_1097,1,7_0,5.91605454262,-9999.0,-9999.0,-9999.0,49.7999992371,102.490929038343,42.4809317897083,249983.42,660126.09,20,12,49.8
NS46SE_1098,1,7_0,4.21001195698,-9999.0,-9999.0,-9999.0,47.4339981079,118.151284031182,43.5477005617953,249807.37,660124.35,12,8,47.434
NS46SE_1099,1,7_0,4.17288607888,-9999.0,-9999.0,-9999.0,44.8219985962,130.404419103757,47.6868464184996,249854.74,660122.95,20,12,44.822
NS46SE_1100,1,7_0,4.24887300273,-9999.0,-9999.0,-9999.0,48.5660018921,140.551068320717,47.4283986834924,249732.26,660121.76,12,8,48.566
NS46SE_1101,1,7_0,5.52940146283,-9999.0,-9999.0,-9999.0,46.9560012817,108.409310680395,41.6990740880515,249940.25,660120.02,12,8,46.956
NS46SE_1102,1,7_0,2.85359492067,-9999.0,-9999.0,-9999.0,47.8269996643,30.2673900020548,22.7246630864633,249795.74,660116.81,12,8,47.827
NS46SE_1103,1,7_0,2.54324125361,-9999.0,-9999.0,-9999.0,48.283000946,30.7866280806704,22.2071122510179,249955.27,660116.83,12,8,48.283
NS46SE_1104,1,7_0,2.61899747687,-9999.0,-9999.0,-9999.0,47.7016677856,30.5080574982777,22.9861760000727,249784.24,660116.25,12,8,47.702
NS46SE_1105,1,7_0,4.41773340682,-9999.0,-9999.0,-9999.0,47.8930015564,212.356558695979,60.3892580086848,249765.31,660119.31,12,8,47.893
NS46SE_1106,1,7_0,2.55825034665,-9999.0,-9999.0,-9999.0,47.7725563049,37.464119995764,24.77869355239,249808.45,660112.95,12,8,47.773
NS46SE_1107,1,7_0,5.41238622372,-9999.0,-9999.0,-9999.0,53.4129981995,181.341264631564,55.1170821219332,249546.43,660117.88,20,12,53.413
NS46SE_1108,1,7_0,2.28567633869,-9999.0,-9999.0,-9999.0,48.0600013733,38.188143748674,29.6767764452103,249719.31,660111.37,24,14,48.06
NS46SE_1109,1,7_0,5.61279169718,-9999.0,-9999.0,-9999.0,51.875,384.75701393534,109.831856877907,249587.01,660123.45,60,32,51.875
NS46SE_1110,1,7_0,4.33786680287,-9999.0,-9999.0,-9999.0,44.6399993896,146.840458894601,48.6139380241465,249865.8,660111.67,12,8,44.64
NS46SE_1111,1,7_0,4.21990346798,-9999.0,-9999.0,-9999.0,46.2340011597,224.562816558359,63.7070401748029,249824.38,660108.97,12,8,46.234
NS46SE_1112,1,7_0,3.80954906363,-9999.0,-9999.0,-9999.0,45.5359992981,290.430060425537,89.9716525887831,249908.66,660110.88,52,28,45.536
NS46SE_1113,1,7_0,6.3736019424,-9999.0,-9999.0,-9999.0,53.2080001831,154.919278361879,58.3755473247819,249556.69,660103.22,24,14,53.208
NS46SE_1114,1,7_0,4.0555017499,-9999.0,-9999.0,-9999.0,47.0299987793,177.269347218775,54.9158701178306,249768.63,660101.21,20,12,47.03
NS46SE_1115,1,7_0,3.75461363759,-9999.0,-9999.0,-9999.0,47.6599998474,182.62530386254,72.315005600637,249732.57,660102.07,36,20,47.66
NS46SE_1116,1,7_0,4.32381880633,-9999.0,-9999.0,-9999.0,44.7709999084,147.263463909276,48.7501441252239,249876.31,660100.56,12,8,44.771
NS46SE_1117,1,7_0,6.02978277937,-9999.0,-9999.0,-9999.0,46.78099823,256.170159632707,87.8486676460348,249972.96,660106.63,48,26,46.781
NS46SE_1118,1,7_0,4.23682653644,-9999.0,-9999.0,-9999.0,50.9519996643,402.627153414405,120.265924649302,249644.51,660106.98,68,36,50.952
NS46SE_1119,1,7_0,6.52373719253,-9999.0,-9999.0,-9999.0,56.6129989624,162.878399572955,54.9786745867772,249510.47,660098.31,20,12,56.613
NS46SE_1120,1,7_0,2.92600769556,-9999.0,-9999.0,-9999.0,48.5499992371,62.0337451384574,33.5773193455655,249706.86,660093.11,12,8,48.55
NS46SE_1121,1,7_0,2.54754606678,-9999.0,-9999.0,-9999.0,46.9119987488,41.5139062488126,27.1875024525495,249824.62,660093.79,12,8,46.912
NS46SE_1122,1,7_0,4.31325978641,-9999.0,-9999.0,-9999.0,48.9280014038,875.638465384669,229.321186977706,249693.63,660119.16,132,68,48.928
NS46SE_1123,1,7_0,3.98597852707,-9999.0,-9999.0,-9999.0,45.3209991455,205.05361161221,65.5632377615768,249929.92,660093.82,28,16,45.321
NS46SE_1124,1,7_0,4.19094402147,-9999.0,-9999.0,-9999.0,45.9109992981,146.00026763582,51.5585554987217,249838.93,660093.05,28,16,45.911
NS46SE_1125,1,7_0,3.77332194129,-9999.0,-9999.0,-9999.0,47.7470016479,166.097672772346,53.2649001543486,249737.18,660091.35,28,16,47.747
NS46SE_1126,1,7_0,2.93371351775,-9999.0,-9999.0,-9999.0,46.4039993286,30.6178987516398,24.2593220927009,249789.81,660086.89,12,8,46.404
NS46SE_1127,1,7_0,6.44578184831,-9999.0,-9999.0,-9999.0,52.0558280945,202.690884947499,65.834610697518,249603.16,660093.61,28,16,52.056
NS46SE_1128,1,7_0,6.04180795541,-9999.0,-9999.0,-9999.0,52.9710006714,151.41768736477,53.5350610971006,249566.64,660090.21,28,16,52.971
NS46SE_1129,1,7_0,4.34589486339,-9999.0,-9999.0,-9999.0,44.3370018005,157.829483442686,51.2582153490592,249886.72,660089.55,28,16,44.337
NS46SE_1130,1,7_0,5.96066369122,-9999.0,-9999.0,-9999.0,45.091999054,128.726247829956,51.4015685315784,249956.63,660087.2,36,20,45.092
NS46SE_1131,1,7_0,4.26238808616,-9999.0,-9999.0,-9999.0,46.8260002136,151.816516942526,48.7808586346758,249771.36,660085.19,16,10,46.826
NS46SE_1134,1,7_0,2.56098089507,-9999.0,-9999.0,-9999.0,55.8489990234,47.9142117139405,28.1326423946363,249536.65,660080.7,12,8,55.849
NS46SE_1135,1,7_0,6.23184688253,-9999.0,-9999.0,-9999.0,56.5069999695,173.660991781352,51.7977599728654,249522.75,660086.3,16,10,56.507
NS46SE_1136,1,7_0,4.54045277796,-9999.0,-9999.0,-9999.0,51.2010002136,202.916355162753,64.3797179511515,249648.25,660084.64,28,16,51.201
NS46SE_1137,1,7_0,3.839397839,-9999.0,-9999.0,-9999.0,46.7198562622,259.371667557095,82.9278011209035,249810.12,660088.78,36,20,46.72
NS46SE_1138,1,7_0,4.09370904457,-9999.0,-9999.0,-9999.0,49.0439987183,127.549436960444,46.8871345562379,249690.86,660081.51,20,12,49.044
NS46SE_1139,1,7_0,2.44081178684,-9999.0,-9999.0,-9999.0,43.716999054,27.2930362558328,22.9556562836607,249919.17,660073.31,12,8,43.717
NS46SE_1140,1,7_0,4.16989597038,-9999.0,-9999.0,-9999.0,47.8720016479,138.763667131051,47.1252265961245,249740.68,660075.26,12,8,47.872
NS46SE_1141,1,7_0,6.2267354974,-9999.0,-9999.0,-9999.0,46.8460006714,109.439772849937,41.8506425567735,249990.13,660074.46,12,8,46.846
NS46SE_1142,1,7_0,4.22126992597,-9999.0,-9999.0,-9999.0,46.8849983215,150.363462400778,49.1929529033505,249822.98,660072.94,12,8,46.885
NS46SE_1143,1,7_0,5.0927349839,-9999.0,-9999.0,-9999.0,53.3089981079,194.810832539406,58.8771034594058,249572.71,660073.01,36,20,53.309
NS46SE_1144,1,7_0,3.886696945,-9999.0,-9999.0,-9999.0,43.4749984741,149.267901976553,55.3517865740839,249942.76,660072.11,28,16,43.475
NS46SE_1145,1,7_0,2.59162857163,-9999.0,-9999.0,-9999.0,48.736000061,37.8280687473455,25.9770799342914,249707.66,660064.91,12,8,48.736
NS46SE_1146,1,7_0,4.11362484311,-9999.0,-9999.0,-9999.0,43.7879981995,298.265705127511,107.210303204519,249901.69,660078.31,76,40,43.788
NS46SE_1147,1,7_0,4.67205398589,-9999.0,-9999.0,-9999.0,49.2070007324,133.014427986912,46.1583422911709,249692.41,660068.23,12,8,49.207
NS46SE_1148,1,7_0,5.70723915313,-9999.0,-9999.0,-9999.0,50.96900177,228.366767422945,60.5104299576629,249651.88,660067.14,12,8,50.969
NS46SE_1149,1,7_0,4.53616253794,-9999.0,-9999.0,-9999.0,55.1710014343,269.772721104612,91.8379958531393,249538.73,660066.13,68,36,55.171
NS46SE_1150,1,7_0,3.84390826342,-9999.0,-9999.0,-9999.0,47.9300003052,158.923327830601,54.0000255749851,249742.56,660059.59,20,12,47.93
NS46SE_1151,1,7_0,4.57519342179,-9999.0,-9999.0,-9999.0,43.4650001526,145.141938994159,48.3514251051756,249916.46,660057.9,12,8,43.465
NS46SE_1152,1,7_0,5.52473060608,-9999.0,-9999.0,-9999.0,53.2719993591,169.628588820715,56.079412524609,249574.92,660055.83,36,20,53.272
NS46SE_1153,1,7_0,6.62580127177,-9999.0,-9999.0,-9999.0,51.9169998169,289.048478435228,84.4954673919278,249609.15,660065.15,20,12,51.917
NS46SE_1154,1,7_0,4.69192914584,-9999.0,-9999.0,-9999.0,49.0530014038,139.548354028509,47.3400462646581,249694.63,660054.71,12,8,49.053
NS46SE_1156,1,7_0,4.13741897204,-9999.0,-9999.0,-9999.0,46.9290008545,167.500233073376,51.919440104212,249777.42,660053.4,12,8,46.929
NS46SE_1157,1,7_0,2.89462625279,-9999.0,-9999.0,-9999.0,46.3040008545,35.243070010405,27.4441401301879,249790.78,660047.62,12,8,46.304
NS46SE_1158,1,7_0,3.52001173492,-9999.0,-9999.0,-9999.0,46.3019981384,157.874461467307,55.3867794148063,249814.24,660053.16,20,12,46.302
NS46SE_1159,1,7_0,3.61416881521,-9999.0,-9999.0,-9999.0,45.2840003967,618.905307790231,208.085999789548,249855.51,660068.18,124,64,45.284
NS46SE_1160,1,7_0,6.41188506388,-9999.0,-9999.0,-9999.0,50.9309997559,197.617870431002,61.4208437018037,249655.22,660050.96,28,16,50.931
NS46SE_1161,1,7_0,4.04412954825,-9999.0,-9999.0,-9999.0,47.8989982605,141.323540606748,47.5520146751902,249745.96,660045.15,12,8,47.899
NS46SE_1162,1,7_0,2.17865676109,-9999.0,-9999.0,-9999.0,46.3619995117,25.0876800000422,20.314295282436,249812.58,660041.59,12,8,46.362
NS46SE_1163,1,7_0,4.61394237243,-9999.0,-9999.0,-9999.0,43.1020011902,150.619554917487,49.2380512223069,249926.89,660046.89,12,8,43.102
NS46SE_1164,1,7_0,4.0025072084,-9999.0,-9999.0,-9999.0,42.7649993896,354.596747782162,105.167642842268,249968.02,660053.05,56,30,42.765
NS46SE_1165,1,7_0,5.25176357773,-9999.0,-9999.0,-9999.0,47.9370002747,188.854833032979,56.9385382454622,249700.15,660042.0,12,8,47.937
NS46SE_1166,1,7_0,4.02328824997,-9999.0,-9999.0,-9999.0,45.9980010986,194.060044775113,75.2337343209804,249837.81,660044.02,44,24,45.998
NS46SE_1167,1,7_0,6.64129857283,-9999.0,-9999.0,-9999.0,53.2750015259,131.630434269669,46.5294635829941,249579.42,660038.57,12,8,53.275
NS46SE_1168,1,7_0,3.6993031045,-9999.0,-9999.0,-9999.0,44.9449996948,239.424554831508,80.2090198633279,249884.62,660040.49,28,16,44.945
NS46SE_1169,1,7_0,2.76579890175,-9999.0,-9999.0,-9999.0,48.4000015259,80.5746685304457,46.6263776948921,249716.99,660036.01,28,16,48.4
NS46SE_1170,1,7_0,4.09694146695,-9999.0,-9999.0,-9999.0,43.6339988708,115.874116156016,45.3839023339173,249992.12,660037.06,20,12,43.634
NS46SE_1171,1,7_0,2.28685311095,-9999.0,-9999.0,-9999.0,42.7919998169,22.3662562457284,22.6149184072853,249958.79,660029.59,8,6,42.792
NS46SE_1172,1,7_0,4.87992240209,-9999.0,-9999.0,-9999.0,57.5629997253,106.803689265325,60.3974781262753,249510.33,660034.11,36,20,57.563
NS46SE_1173,1,7_0,1.97718550177,-9999.0,-9999.0,-9999.0,53.7050018311,36.032039993531,24.1620026967952,249571.59,660028.61,12,8,53.705
NS46SE_1174,1,7_0,1.94705200195,-9999.0,-9999.0,-9999.0,51.7039985657,24.3116924988025,24.4646679966043,249628.81,660029.29,8,6,51.704
NS46SE_1175,1,7_0,5.54552857899,-9999.0,-9999.0,-9999.0,50.7379989624,270.418112765527,69.6359545357673,249656.32,660033.72,20,12,50.738
NS46SE_1176,1,7_0,5.58743460051,-9999.0,-9999.0,-9999.0,55.7529983521,332.647153890907,126.951858535591,249543.42,660041.0,60,32,55.753
NS46SE_1177,1,7_0,4.06567211526,-9999.0,-9999.0,-9999.0,47.5449981689,142.943008508423,50.4238877489982,249748.21,660030.11,20,12,47.545
NS46SE_1178,1,7_0,6.72299195391,-9999.0,-9999.0,-9999.0,51.7729988098,185.105068108092,64.6082501375252,249614.9,660034.07,28,16,51.773
NS46SE_1179,1,7_0,4.38941432883,-9999.0,-9999.0,-9999.0,46.5620002747,150.983536539902,49.3236751660911,249829.35,660031.26,12,8,46.562
NS46SE_1180,1,7_0,3.82393387507,-9999.0,-9999.0,-9999.0,42.8619995117,317.640093960961,97.8072616483461,249941.73,660034.01,68,36,42.862
NS46SE_1181,1,7_0,4.93376985568,-9999.0,-9999.0,-9999.0,48.6739997864,233.981689348417,66.5013997125086,249702.75,660025.88,28,16,48.674
NS46SE_1182,1,7_0,2.33821844357,-9999.0,-9999.0,-9999.0,44.6819992065,47.8957593896549,28.9602250483139,249879.87,660021.03,20,12,44.682
NS46SE_1183,1,7_0,6.77609870655,-9999.0,-9999.0,-9999.0,53.1220016479,129.044400102997,46.1279137155214,249582.11,660021.41,12,8,53.122
NS46SE_1184,1,7_0,4.33249128654,-9999.0,-9999.0,-9999.0,46.1500015259,145.451565504995,48.3975505158197,249817.1,660021.88,12,8,46.15
NS46SE_1185,1,7_0,3.76599304228,-9999.0,-9999.0,-9999.0,43.2560005188,134.541971030228,51.1944629659994,249992.31,660020.64,28,16,43.256
NS46SE_1186,1,7_0,2.29121635578,-9999.0,-9999.0,-9999.0,42.7000007629,31.7258812483761,25.7446110548645,249975.68,660013.61,8,6,42.7
NS46SE_1187,1,7_0,4.14080373981,-9999.0,-9999.0,-9999.0,44.7560005188,209.432546854853,63.418675381492,249863.39,660021.18,20,12,44.756
NS46SE_1188,1,7_0,5.90775193991,-9999.0,-9999.0,-9999.0,50.6769981384,223.428719657214,61.5036277185076,249660.63,660017.39,20,12,50.677
NS46SE_1189,1,7_0,4.16513412082,-9999.0,-9999.0,-9999.0,47.40599823,139.78764884156,47.2935883125734,249751.47,660015.06,12,8,47.406
NS46SE_1190,1,7_0,5.57741055696,-9999.0,-9999.0,-9999.0,57.9970016479,178.812572780003,57.1012031563192,249513.95,660017.12,20,12,57.997
NS46SE_1191,1,7_0,4.11320731467,-9999.0,-9999.0,-9999.0,42.5130004883,159.415349723647,53.0549161618058,249957.14,660014.95,20,12,42.513
NS46SE_1192,1,7_0,6.08022509088,-9999.0,-9999.0,-9999.0,56.3979988098,149.347270493182,53.9099551335184,249546.37,660013.71,28,16,56.398
NS46SE_1193,1,7_0,6.6780689563,-9999.0,-9999.0,-9999.0,52.2789993286,146.673792367191,50.6468968292023,249617.3,660014.21,12,8,52.279
NS46SE_1194,1,7_0,2.7182656774,-9999.0,-9999.0,-9999.0,51.5110015869,40.9162612565206,25.9375447688794,249641.33,660008.32,12,8,51.511
NS46SE_1195,1,7_0,4.84149550009,-9999.0,-9999.0,-9999.0,48.8100013733,144.04246035021,48.0265552810655,249702.67,660009.81,12,8,48.81
NS46SE_1196,1,7_0,3.91732278259,-9999.0,-9999.0,-9999.0,44.108001709,217.436413070957,66.68704957972,249908.46,660014.06,28,16,44.108
NS46SE_1199,1,7_0,5.692235526,-9999.0,-9999.0,-9999.0,53.4790000916,172.473968099869,61.7296669532993,249583.57,660003.32,44,24,53.479
NS46SE_1202,1,7_0,3.96452748993,-9999.0,-9999.0,-9999.0,46.5419998169,516.022125397484,136.822506232638,249782.61,660022.19,64,34,46.542
NS46SE_989,1,7_0,3.50306009223,-9999.0,-9999.0,-9999.0,45.107334137,77.8235848487357,37.6677209963124,249626.83,660559.31,20,12,45.107
NS46SE_990,1,7_0,4.68198718234,-9999.0,-9999.0,-9999.0,44.2239990234,973.302209874998,160.83745901432,249658.56,660566.18,36,20,44.224
NS46SE_991,1,7_0,2.78421956152,-9999.0,-9999.0,-9999.0,45.1286010742,54.7739420554239,30.1646910348226,249618.72,660549.94,12,8,45.129
NS46SE_992,1,7_0,4.16072443667,-9999.0,-9999.0,-9999.0,44.7050018311,173.869597597051,54.6925365359422,249589.34,660544.05,12,8,44.705
NS46SE_993,1,7_0,3.79572189039,-9999.0,-9999.0,-9999.0,45.4840011597,346.803342963154,84.6065182056875,249692.26,660546.2,36,20,45.484
NS46SE_994,1,7_0,3.59200553837,-9999.0,-9999.0,-9999.0,45.3180007935,168.11525919776,57.1740772164074,249557.7,660536.56,20,12,45.318
NS46SE_995,1,7_0,4.61723820453,-9999.0,-9999.0,-9999.0,45.8089981079,873.185071848022,216.731336883468,249654.05,660531.83,76,40,45.809
NS46SE_996,1,7_0,2.54712214121,-9999.0,-9999.0,-9999.0,46.5960006714,41.4425249946944,25.8589360518188,249655.14,660511.8,12,8,46.596
NS46SE_997,1,7_0,3.52890822656,-9999.0,-9999.0,-9999.0,46.045715332,242.750034807711,68.362799136639,249631.28,660502.94,28,16,46.046
NS46SE_998,1,7_0,5.10659318565,-9999.0,-9999.0,-9999.0,45.0110015869,668.975364602638,150.083605119944,249624.15,660493.08,28,16,45.011
NS46SE_999,1,7_0,5.00843069569,-9999.0,-9999.0,-9999.0,48.4379997253,80.5645458232646,45.5530687908674,249988.37,660471.22,12,8,48.438
NS46SE_939,1,7_2,5.43142131589,-9999.0,-9999.0,-9999.0,29.4430007935,140.066683484981,47.8417575227071,249994.56,661874.51,16,10,29.443
NS46SE_940,1,7_2,6.50187364698,-9999.0,-9999.0,-9999.0,26.7089996338,126.170173420255,45.0919326625301,249956.48,661872.43,12,8,26.709
NS46SE_941,1,7_2,6.04224020094,-9999.0,-9999.0,-9999.0,30.202999115,91.8668492478381,40.5212440985122,249986.16,661868.94,20,12,30.203
NS46SE_942,1,7_2,5.32612491554,-9999.0,-9999.0,-9999.0,25.7910003662,116.531599750082,49.4358760293556,249927.03,661867.51,36,20,25.791
NS46SE_943,1,7_2,6.05113691067,-9999.0,-9999.0,-9999.0,23.7080001831,256.744281151384,72.2568760328809,249849.04,661871.23,20,12,23.708
NS46SE_944,1,7_2,6.10029091287,-9999.0,-9999.0,-9999.0,30.888999939,90.4676369391288,40.1525006527521,249981.12,661857.81,20,12,30.889
NS46SE_945,1,7_2,6.47657091372,-9999.0,-9999.0,-9999.0,28.2619991302,111.344369197552,42.5479632916871,249957.06,661853.62,16,10,28.262
NS46SE_946,1,7_2,6.13402658786,-9999.0,-9999.0,-9999.0,26.4740009308,125.95588671537,47.4003714911056,249900.74,661850.78,28,16,26.474
NS46SE_947,1,7_2,6.29662389784,-9999.0,-9999.0,-9999.0,28.6940002441,86.7158591382409,39.4073250170226,249924.35,661848.1,20,12,28.694
NS46SE_948,1,7_2,5.8201206875,-9999.0,-9999.0,-9999.0,26.2089996338,150.540363857796,52.1175650264192,249872.98,661847.34,20,12,26.209
NS46SE_949,1,7_2,6.07116883222,-9999.0,-9999.0,-9999.0,26.5249996185,86.6366520125471,39.3800456951593,249889.66,661843.08,20,12,26.525
NS46SE_950,1,7_2,5.36266992267,-9999.0,-9999.0,-9999.0,31.9740009308,135.989676282933,47.7713798142911,249982.78,661840.71,20,12,31.974
NS46SE_951,1,7_2,5.43301896378,-9999.0,-9999.0,-9999.0,29.0310001373,133.259531290852,47.0524922834954,249919.7,661838.94,16,10,29.031
NS46SE_952,1,7_2,5.89714898989,-9999.0,-9999.0,-9999.0,30.6289997101,104.331356597205,46.2743128184537,249951.15,661834.46,28,16,30.629
NS46SE_953,1,7_2,5.4965524482,-9999.0,-9999.0,-9999.0,32.7630004883,129.919205454034,47.8952607561038,249990.47,661831.09,20,12,32.763
NS46SE_954,1,7_2,5.37572660237,-9999.0,-9999.0,-9999.0,29.982000351,140.967269535145,49.0308650487012,249912.5,661829.67,20,12,29.982
NS46SE_955,1,7_2,5.65151827482,-9999.0,-9999.0,-9999.0,29.8379993439,108.375492278921,46.7255791897651,249905.32,661821.09,28,16,29.838
NS46SE_956,1,7_2,6.37996287509,-9999.0,-9999.0,-9999.0,31.8659992218,127.835383367141,45.3662378547754,249959.36,661823.16,12,8,31.866
NS46SE_957,1,7_2,6.09199555931,-9999.0,-9999.0,-9999.0,33.2239990234,114.787231719221,42.8688370167405,249974.51,661812.11,12,8,33.224
NS46SE_958,1,7_2,5.97021437363,-9999.0,-9999.0,-9999.0,34.5839996338,146.863215797264,51.5627127706617,249988.82,661810.58,20,12,34.584
NS46SE_959,1,7_2,6.35256160808,-9999.0,-9999.0,-9999.0,31.0820007324,99.2358100149494,40.0396898806891,249931.45,661807.64,12,8,31.082
NS46SE_960,1,7_2,6.28614951332,-9999.0,-9999.0,-9999.0,31.797000885,108.457402949786,41.6836235914451,249942.03,661799.29,12,8,31.797
NS46SE_961,1,7_2,5.62749939673,-9999.0,-9999.0,-9999.0,33.0299987793,115.801820998392,48.2355415384123,249950.85,661790.32,20,12,33.03
NS46SE_962,1,7_2,3.7232264634,-9999.0,-9999.0,-9999.0,30.4979991913,93.1122141375534,41.4329771466378,249823.7,661779.69,12,8,30.498
NS46SE_963,1,7_2,9.07713428813,-9999.0,-9999.0,-9999.0,35.8460006714,526.991723128369,113.113879824174,249741.0,661782.95,76,40,35.846
NS46SE_964,1,7_2,4.21320904257,-9999.0,-9999.0,-9999.0,30.7290000916,166.511276479887,54.4509210271883,249816.5,661761.6,12,8,30.729
NS46SE_965,1,7_2,3.67713221972,-9999.0,-9999.0,-9999.0,32.7999992371,245.673791207125,67.4723473665851,249776.71,661761.86,12,8,32.8
NS46SE_966,1,7_2,3.64229309824,-9999.0,-9999.0,-9999.0,32.4020004272,308.224937921822,89.8719845211212,249808.46,661736.58,28,16,32.402
NS46SE_967,1,7_2,4.16335863105,-9999.0,-9999.0,-9999.0,31.5259990692,475.383104786258,101.451490895769,249772.46,661721.0,36,20,31.526
NS46SE_968,1,7_2,3.92979733212,-9999.0,-9999.0,-9999.0,32.5159988403,587.219594522366,153.677598120595,249815.79,661711.16,84,44,32.516
NS46SE_970,1,7_2,5.39969168395,-9999.0,-9999.0,-9999.0,32.5040016174,2089.62748962878,256.391854183948,249849.99,661684.72,120,62,32.504
NS46SE_971,1,7_2,6.62034319525,-9999.0,-9999.0,-9999.0,36.8849983215,22.5285524994414,22.0580060907759,249885.59,661617.0,8,6,36.885
NS46SE_972,1,7_2,9.6559402434,-9999.0,-9999.0,-9999.0,36.7319984436,553.329527730869,109.510046367178,249937.94,661601.84,44,24,36.732
NS46SE_973,1,7_2,5.91367429959,-9999.0,-9999.0,-9999.0,36.5,4006.95331817711,669.571686602916,249824.92,661632.87,300,152,36.5
NS46SE_974,1,7_2,5.67395482086,-9999.0,-9999.0,-9999.0,36.7060012817,575.602309106758,135.765241870103,249983.72,661574.23,44,24,36.706
NS46SE_975,1,7_2,9.61183061509,-9999.0,-9999.0,-9999.0,38.6609992981,510.151680724029,109.022271726005,249955.08,661469.5,60,32,38.661
NS46SE_976,1,7_2,4.09600817589,-9999.0,-9999.0,-9999.0,34.9700012207,11501.6840842081,1476.65474251509,249917.61,661479.05,560,278,34.97
NS46SE_977,1,7_2,9.54886781838,-9999.0,-9999.0,-9999.0,34.8250007629,560.672336521129,117.167604094209,249992.02,661368.12,52,28,34.825
NS46SE_668,1,7_3,6.49932130659,-9999.0,-9999.0,-9999.0,28.5750007629,265.846168485721,66.5163086683379,249555.01,662495.89,12,8,28.575
NS46SE_669,1,7_3,2.67177928727,-9999.0,-9999.0,-9999.0,22.3409996033,32.0795175070997,23.6841402606021,249881.04,662486.06,12,8,22.341
NS46SE_670,1,7_3,6.76252095389,-9999.0,-9999.0,-9999.0,29.4169998169,192.226701600708,60.9779018212284,249725.75,662465.12,12,8,29.417
NS46SE_671,1,7_3,6.39137223011,-9999.0,-9999.0,-9999.0,32.8600006104,31.6183837486363,32.7307673203208,249502.16,662464.76,8,6,32.86
NS46SE_672,1,7_3,6.73554480566,-9999.0,-9999.0,-9999.0,28.3670005798,271.626976965654,91.526265961009,249693.77,662463.91,44,24,28.367
NS46SE_673,1,7_3,7.04339022819,-9999.0,-9999.0,-9999.0,29.9790000916,287.538987436461,86.7492419361568,249775.13,662461.39,12,8,29.979
NS46SE_674,1,7_3,6.75519971921,-9999.0,-9999.0,-9999.0,28.5750007629,527.226157890963,116.75699623908,249541.22,662468.9,28,16,28.575
NS46SE_675,1,7_3,5.86005262211,-9999.0,-9999.0,-9999.0,26.9319992065,2838.84474435291,361.398678389061,249637.26,662487.38,100,52,26.932
NS46SE_676,1,7_3,7.31280127223,-9999.0,-9999.0,-9999.0,27.7390003204,249.701329453214,77.2351585840994,249658.84,662451.34,28,16,27.739
NS46SE_677,1,7_3,5.65884762653,-9999.0,-9999.0,-9999.0,22.2080001831,1717.73922087423,180.046012839422,249951.59,662466.49,12,8,22.208
NS46SE_678,1,7_3,6.87214232646,-9999.0,-9999.0,-9999.0,29.8759994507,286.956887875341,86.9046044314703,249818.43,662449.16,12,8,29.876
NS46SE_679,1,7_3,3.42521058102,-9999.0,-9999.0,-9999.0,21.7430000305,115.2462253126,44.9295774270681,249995.69,662445.41,12,8,21.743
NS46SE_680,1,7_3,6.29541437273,-9999.0,-9999.0,-9999.0,34.1220016479,219.64486869306,68.0065353685914,249725.88,662431.52,12,8,34.122
NS46SE_681,1,7_3,6.77001050273,-9999.0,-9999.0,-9999.0,27.9720001221,249.188149364157,73.7065944472075,249627.11,662434.97,12,8,27.972
NS46SE_682,1,7_3,6.0868881787,-9999.0,-9999.0,-9999.0,34.3370018005,211.688170707446,67.0738381378771,249762.09,662429.74,12,8,34.337
NS46SE_683,1,7_3,3.5993008139,-9999.0,-9999.0,-9999.0,28.9370002747,218.833560896603,62.8474795851143,249540.44,662434.25,16,10,28.937
NS46SE_684,1,7_3,6.45307539946,-9999.0,-9999.0,-9999.0,33.5149993896,210.351402396297,67.0733498247623,249696.35,662427.54,12,8,33.515
NS46SE_685,1,7_3,6.39966450104,-9999.0,-9999.0,-9999.0,34.5979995728,145.678164446254,52.5747797150294,249787.77,662423.89,12,8,34.598
NS46SE_686,1,7_3,6.66290965305,-9999.0,-9999.0,-9999.0,30.7619991302,332.662398583279,98.1282180537358,249855.61,662428.63,12,8,30.762
NS46SE_687,1,7_3,6.16882113007,-9999.0,-9999.0,-9999.0,34.0250015259,215.982110556145,70.3847307599835,249668.13,662418.07,28,16,34.025
NS46SE_688,1,7_3,6.43723501682,-9999.0,-9999.0,-9999.0,35.0200004578,205.067170857223,66.7517589256402,249813.68,662413.48,12,8,35.02
NS46SE_689,1,7_3,6.84832652185,-9999.0,-9999.0,-9999.0,28.4880008698,238.053571228994,74.468533767809,249598.23,662414.58,12,8,28.488
NS46SE_690,1,7_3,6.79567315392,-9999.0,-9999.0,-9999.0,32.2394981384,142.939726325451,49.9501309852835,249516.81,662406.9,12,8,32.239
NS46SE_691,1,7_3,5.69057889103,-9999.0,-9999.0,-9999.0,28.9833335876,136.010009278752,50.1758363578107,249574.99,662402.4,20,12,28.983
NS46SE_692,1,7_3,6.34026098131,-9999.0,-9999.0,-9999.0,33.7879981995,202.190937238256,66.2800318941268,249642.01,662403.73,12,8,33.788
NS46SE_693,1,7_3,6.36913365758,-9999.0,-9999.0,-9999.0,36.0219993591,205.292713459519,66.7904813065821,249842.19,662399.32,12,8,36.022
NS46SE_694,1,7_3,6.68964527401,-9999.0,-9999.0,-9999.0,32.7649993896,226.702103705158,66.880512968924,249910.9,662397.07,12,8,32.765
NS46SE_695,1,7_3,6.00566112307,-9999.0,-9999.0,-9999.0,40.4580001831,225.110709973021,68.5056430159909,249731.18,662389.35,12,8,40.458
NS46SE_696,1,7_3,5.99173057427,-9999.0,-9999.0,-9999.0,40.2519989014,216.111423157569,68.3127439162911,249701.57,662388.51,12,8,40.252
NS46SE_697,1,7_3,6.04439004298,-9999.0,-9999.0,-9999.0,32.8339996338,234.544622667942,80.731364556153,249618.87,662386.85,28,16,32.834
NS46SE_698,1,7_3,6.09542392121,-9999.0,-9999.0,-9999.0,34.797000885,257.968434765336,85.3452218026327,249884.3,662386.97,28,16,34.797
NS46SE_699,1,7_3,4.19482139139,-9999.0,-9999.0,-9999.0,34.4329986572,23.6552887539862,23.7472675133919,249502.35,662372.06,8,6,34.433
NS46SE_700,1,7_3,6.07557458738,-9999.0,-9999.0,-9999.0,40.8330001831,444.879064010887,139.969468066123,249774.84,662378.76,52,28,40.833
NS46SE_701,1,7_3,5.70633702996,-9999.0,-9999.0,-9999.0,40.4910011292,233.538073772219,71.4237560166976,249678.36,662372.59,28,16,40.491
NS46SE_702,1,7_3,6.74658811871,-9999.0,-9999.0,-9999.0,33.6145019531,232.38941001512,72.1082781348526,249928.23,662369.71,24,14,33.614
NS46SE_703,1,7_3,6.51802256349,-9999.0,-9999.0,-9999.0,41.2000007629,208.373068527614,66.8406243786207,249815.36,662362.56,16,10,41.2
NS46SE_704,1,7_3,8.75878607544,-9999.0,-9999.0,-9999.0,28.7980003357,230.37713765122,68.940697794489,249570.53,662364.52,12,8,28.798
NS46SE_705,1,7_3,3.34999684854,-9999.0,-9999.0,-9999.0,29.6210002899,25.659086253307,29.072358337875,249597.87,662356.09,16,10,29.621
NS46SE_706,1,7_3,6.9936610125,-9999.0,-9999.0,-9999.0,30.8969993591,394.007355973923,110.550086526214,249527.7,662368.05,12,8,30.897
NS46SE_707,1,7_3,6.41196192176,-9999.0,-9999.0,-9999.0,42.2229995728,219.612412486339,72.9367422293143,249842.99,662350.16,28,16,42.223
NS46SE_708,1,7_3,6.49198770523,-9999.0,-9999.0,-9999.0,38.125,129.113295216212,46.0763441374679,249926.22,662342.61,12,8,38.125
NS46SE_709,1,7_3,6.7106347143,-9999.0,-9999.0,-9999.0,31.0100002289,230.793971972698,68.3781763465081,249992.29,662344.25,28,16,31.01
NS46SE_710,1,7_3,5.88517125595,-9999.0,-9999.0,-9999.0,40.9620018005,223.440319193085,71.0682952394319,249686.43,662343.07,28,16,40.962
NS46SE_711,1,7_3,5.82142301518,-9999.0,-9999.0,-9999.0,31.0440006256,262.26990447555,91.4607027051504,249610.76,662347.53,36,20,31.044
NS46SE_712,1,7_3,6.82540456036,-9999.0,-9999.0,-9999.0,28.4899997711,59.2229924984169,30.1918127731029,249503.85,662327.1,16,10,28.49
NS46SE_713,1,7_3,5.82505104538,-9999.0,-9999.0,-9999.0,31.8990001678,344.592769210838,111.523746160513,249959.07,662339.96,52,28,31.899
NS46SE_714,1,7_3,7.05345066122,-9999.0,-9999.0,-9999.0,28.8509998322,151.415427141576,53.6996693482946,249519.89,662328.82,12,8,28.851
NS46SE_715,1,7_3,6.39595856747,-9999.0,-9999.0,-9999.0,45.0489997864,230.35316432746,67.3393277365425,249890.04,662328.41,24,14,45.049
NS46SE_716,1,7_3,6.05535448514,-9999.0,-9999.0,-9999.0,34.6409988403,217.867191231685,75.055979268321,249640.81,662329.59,28,16,34.641
NS46SE_717,1,7_3,5.73373218065,-9999.0,-9999.0,-9999.0,41.1980018616,232.941434180853,72.1229572072189,249702.76,662318.91,20,12,41.198
NS46SE_718,1,7_3,5.79175526377,-9999.0,-9999.0,-9999.0,44.7900009155,259.46620770665,82.9771047586363,249914.14,662310.53,44,24,44.79
NS46SE_719,1,7_3,6.00140912316,-9999.0,-9999.0,-9999.0,34.5994987488,112.860049491067,43.6634425146155,249650.4,662306.1,12,8,34.599
NS46SE_720,1,7_3,8.71126426502,-9999.0,-9999.0,-9999.0,27.2299995422,448.618080309813,117.886401662558,249566.33,662322.04,12,8,27.23
NS46SE_721,1,7_3,6.54776990686,-9999.0,-9999.0,-9999.0,28.2579994202,220.364637186438,68.0388340974135,249608.19,662308.97,12,8,28.258
NS46SE_722,1,7_3,6.03490442875,-9999.0,-9999.0,-9999.0,41.40599823,213.040770816733,67.1521508964634,249719.36,662293.54,12,8,41.406
NS46SE_723,1,7_3,7.3085456328,-9999.0,-9999.0,-9999.0,43.6650009155,161.125618185787,68.485787460353,249939.31,662289.69,40,22,43.665
NS46SE_724,1,7_3,6.05170694539,-9999.0,-9999.0,-9999.0,34.1800003052,227.966838652642,68.8123413013615,249665.36,662286.79,12,8,34.18
NS46SE_725,1,7_3,8.54474402819,-9999.0,-9999.0,-9999.0,26.3409996033,235.51149957137,70.1860437606125,249573.79,662281.48,12,8,26.341
NS46SE_726,1,7_3,5.77474181717,-9999.0,-9999.0,-9999.0,47.061000824,107.755854339644,41.5445010796844,249919.58,662270.25,12,8,47.061
NS46SE_727,1,7_3,5.70012747895,-9999.0,-9999.0,-9999.0,47.5322494507,128.019461677211,53.7817762513521,249906.38,662270.45,28,16,47.532
NS46SE_728,1,7_3,6.20280227485,-9999.0,-9999.0,-9999.0,34.1040000916,110.693626542696,43.3005903064038,249679.98,662267.23,12,8,34.104
NS46SE_729,1,7_3,6.9448562431,-9999.0,-9999.0,-9999.0,41.3899993896,321.923910691979,98.3846929803728,249970.17,662272.32,36,20,41.39
NS46SE_730,1,7_3,5.91253587112,-9999.0,-9999.0,-9999.0,46.6049995422,110.607475801967,42.0995329690285,249930.41,662263.35,16,10,46.605
NS46SE_731,1,7_3,5.82358801503,-9999.0,-9999.0,-9999.0,41.4339981079,223.308108331053,73.7491969289627,249736.03,662268.38,28,16,41.434
NS46SE_733,1,7_3,5.89338565781,-9999.0,-9999.0,-9999.0,47.5629997253,247.350546434472,103.215368050143,249887.09,662258.05,48,26,47.563
NS46SE_734,1,7_3,6.24582350429,-9999.0,-9999.0,-9999.0,26.5540008545,211.013599393306,67.3678250511963,249638.99,662259.04,12,8,26.554
NS46SE_735,1,7_3,8.40229101026,-9999.0,-9999.0,-9999.0,25.7999992371,236.417117944422,71.7055281005882,249592.59,662257.56,20,12,25.8
NS46SE_736,1,7_3,6.07131482265,-9999.0,-9999.0,-9999.0,44.8699989319,246.202417566315,87.41333166209,249947.27,662254.0,52,28,44.87
NS46SE_737,1,7_3,5.86253749282,-9999.0,-9999.0,-9999.0,46.9973335266,135.261350385375,52.3993099667112,249871.83,662242.98,28,16,46.997
NS46SE_738,1,7_3,4.61536736324,-9999.0,-9999.0,-9999.0,43.6539993286,179.638368164966,55.973597246872,249767.53,662241.34,12,8,43.654
NS46SE_739,1,7_3,6.23902847123,-9999.0,-9999.0,-9999.0,47.1259994507,210.676834892462,62.0239294129543,249845.07,662241.77,12,8,47.126
NS46SE_740,1,7_3,6.63727589038,-9999.0,-9999.0,-9999.0,47.28099823,218.598033488832,85.9137548090441,249906.88,662238.25,60,32,47.281
NS46SE_741,1,7_3,5.67320550174,-9999.0,-9999.0,-9999.0,43.4339981079,251.354137494018,111.116715277254,249972.17,662240.81,76,40,43.434
NS46SE_742,1,7_3,5.8936782775,-9999.0,-9999.0,-9999.0,31.8990001678,303.03155478491,92.1138287498706,249698.36,662243.97,20,12,31.899
NS46SE_743,1,7_3,6.87475422722,-9999.0,-9999.0,-9999.0,46.6139984131,105.564342547635,41.902730222171,249858.18,662229.35,20,12,46.614
NS46SE_744,1,7_3,6.66265754152,-9999.0,-9999.0,-9999.0,46.4300003052,108.185331590017,43.0757667927751,249923.33,662230.55,20,12,46.43
NS46SE_745,1,7_3,4.79570070437,-9999.0,-9999.0,-9999.0,43.5631103516,175.202004701493,56.3039084920439,249783.5,662229.7,20,12,43.563
NS46SE_746,1,7_3,6.30356818454,-9999.0,-9999.0,-9999.0,46.7179985046,192.614410159183,59.4937056350369,249817.56,662230.54,12,8,46.718
NS46SE_747,1,7_3,6.41047111772,-9999.0,-9999.0,-9999.0,46.1629981995,101.165958753121,45.0252162907335,249870.87,662223.75,28,16,46.163
NS46SE_749,1,7_3,6.19434998524,-9999.0,-9999.0,-9999.0,26.142999649,215.12826490348,68.0096209917774,249653.33,662225.49,12,8,26.143
NS46SE_750,1,7_3,6.41173701297,-9999.0,-9999.0,-9999.0,44.9090003967,229.810964361292,76.7400830632995,249937.47,662220.7,52,28,44.909
NS46SE_751,1,7_3,8.65959559,-9999.0,-9999.0,-9999.0,25.6060009003,234.947905319779,70.4731737908718,249617.76,662217.06,12,8,25.606
NS46SE_752,1,7_3,5.72126406782,-9999.0,-9999.0,-9999.0,44.7010002136,286.955310403644,122.321279920632,249903.09,662213.49,56,32,44.701
NS46SE_753,1,7_3,6.81775047919,-9999.0,-9999.0,-9999.0,43.9109992981,93.5332826048353,38.9298013224207,249953.27,662208.94,12,8,43.911
NS46SE_754,1,7_3,6.59091191979,-9999.0,-9999.0,-9999.0,29.4920005798,226.27906147654,66.9709960594519,249533.98,662213.36,12,8,29.492
NS46SE_755,1,7_3,2.59716400504,-9999.0,-9999.0,-9999.0,44.65599823,32.5341750000651,23.6901654912366,249941.64,662204.77,12,8,44.656
NS46SE_756,1,7_3,4.75427635117,-9999.0,-9999.0,-9999.0,34.3079986572,290.20624249996,89.0340699199964,249739.0,662212.47,36,20,34.308
NS46SE_757,1,7_3,4.65475758614,-9999.0,-9999.0,-9999.0,40.8829994202,182.279546983945,59.4787646228651,249796.82,662207.54,28,16,40.883
NS46SE_758,1,7_3,4.87047732149,-9999.0,-9999.0,-9999.0,25.638999939,791.198440146361,228.028891312499,249555.95,662225.54,60,32,25.639
NS46SE_759,1,7_3,6.31494975881,-9999.0,-9999.0,-9999.0,25.968000412,107.993983337329,42.8975938657512,249666.42,662204.81,12,8,25.968
NS46SE_760,1,7_3,3.39668871009,-9999.0,-9999.0,-9999.0,43.5229988098,417.154599837064,129.143916431932,249973.71,662211.94,76,40,43.523
NS46SE_761,1,7_3,5.97682104719,-9999.0,-9999.0,-9999.0,43.5559997559,125.171977876651,47.4019195509052,249913.86,662202.71,20,12,43.556
NS46SE_762,1,7_3,6.39137810302,-9999.0,-9999.0,-9999.0,33.8284988403,179.56033087219,70.2244346698561,249507.65,662206.83,36,20,33.828
NS46SE_764,1,7_3,5.22498580023,-9999.0,-9999.0,-9999.0,44.0859985352,300.841234592478,89.9189082539222,249824.25,662206.17,44,24,44.086
NS46SE_765,1,7_3,6.15343573391,-9999.0,-9999.0,-9999.0,26.8770008087,292.684443503792,95.9324408346076,249709.79,662198.64,76,40,26.877
NS46SE_766,1,7_3,5.87625738198,-9999.0,-9999.0,-9999.0,44.6780014038,80.8368139379397,37.7034810107009,249875.19,662190.82,20,12,44.678
NS46SE_767,1,7_3,5.75487629172,-9999.0,-9999.0,-9999.0,41.1969985962,264.897213463611,78.232276510265,249929.08,662192.2,28,16,41.197
NS46SE_768,1,7_3,5.9398888114,-9999.0,-9999.0,-9999.0,43.8805007935,87.0820917574839,39.0008534838479,249883.76,662185.16,20,12,43.88
NS46SE_769,1,7_3,6.45991067149,-9999.0,-9999.0,-9999.0,30.0659999847,231.091826955871,67.6621303272185,249550.24,662191.24,12,8,30.066
NS46SE_770,1,7_3,5.36285271929,-9999.0,-9999.0,-9999.0,44.0690002441,274.195082514584,78.1299815070484,249851.88,662192.41,20,12,44.069
NS46SE_771,1,7_3,8.77459564251,-9999.0,-9999.0,-9999.0,25.3630008698,228.743968920377,69.6516222908612,249631.24,662189.66,12,8,25.363
NS46SE_772,1,7_3,6.07268985113,-9999.0,-9999.0,-9999.0,40.2350006104,126.347067141117,45.0280124148337,249943.79,662181.39,12,8,40.235
NS46SE_773,1,7_3,5.6830468314,-9999.0,-9999.0,-9999.0,42.7820014954,91.5461062445249,37.0833314270964,249891.5,662179.24,16,10,42.782
NS46SE_774,1,7_3,4.67592861693,-9999.0,-9999.0,-9999.0,23.8320007324,178.570119931597,55.8050636827571,249682.83,662182.46,12,8,23.832
NS46SE_775,1,7_3,5.57784793085,-9999.0,-9999.0,-9999.0,34.3120002747,284.075169999797,85.4617242602666,249989.1,662181.54,44,24,34.312
NS46SE_776,1,7_3,4.66822110976,-9999.0,-9999.0,-9999.0,36.5830001831,184.891179696657,56.5508974256789,249803.7,662178.77,12,8,36.583
NS46SE_777,1,7_3,6.20169310549,-9999.0,-9999.0,-9999.0,34.438999176,356.308561456297,92.7531882252542,249762.44,662185.42,16,10,34.439
NS46SE_778,1,7_3,5.02580699214,-9999.0,-9999.0,-9999.0,42.3470001221,112.902926236922,45.8437357092791,249900.36,662172.64,24,14,42.347
NS46SE_779,1,7_3,5.34459853642,-9999.0,-9999.0,-9999.0,36.6940002441,243.580929971525,108.593426967987,249964.56,662172.69,56,32,36.694
NS46SE_780,1,7_3,6.15639207518,-9999.0,-9999.0,-9999.0,34.6329994202,398.057648371681,119.287199729542,249523.54,662178.01,60,32,34.633
NS46SE_781,1,7_3,4.67751423925,-9999.0,-9999.0,-9999.0,25.4270000458,178.032548340469,55.7860885078415,249703.05,662169.75,12,8,25.427
NS46SE_782,1,7_3,4.57488392253,-9999.0,-9999.0,-9999.0,36.8113327026,214.534935367219,63.7067264460914,249822.15,662168.65,20,12,36.811
NS46SE_783,1,7_3,6.51332300616,-9999.0,-9999.0,-9999.0,30.5709991455,229.227764602883,68.0977429477901,249565.11,662168.31,12,8,30.571
NS46SE_784,1,7_3,6.19843654112,-9999.0,-9999.0,-9999.0,37.9580001831,166.7818351081,54.1600311690142,249845.89,662165.55,20,12,37.958
NS46SE_785,1,7_3,6.4683947975,-9999.0,-9999.0,-9999.0,25.7546577454,497.758496070483,122.70966868914,249600.76,662177.21,28,16,25.755
NS46SE_786,1,7_3,5.80507136737,-9999.0,-9999.0,-9999.0,24.4084720612,171.043831007625,55.4854635838288,249652.87,662162.96,12,8,24.409
NS46SE_787,1,7_3,4.57823057361,-9999.0,-9999.0,-9999.0,25.9689998627,187.410948080863,59.3671655181702,249718.93,662156.14,20,12,25.969
NS46SE_788,1,7_3,6.6133011739,-9999.0,-9999.0,-9999.0,40.4910011292,200.052004951393,64.4319251400475,249508.15,662155.42,12,8,40.491
NS46SE_789,1,7_3,6.15062330632,-9999.0,-9999.0,-9999.0,38.5270004272,465.188012071568,128.902943373173,249875.7,662158.39,44,24,38.527
NS46SE_790,1,7_3,6.18217694209,-9999.0,-9999.0,-9999.0,25.1909999847,116.605404241354,43.4181111381472,249620.79,662147.31,12,8,25.191
NS46SE_791,1,7_3,5.77975641478,-9999.0,-9999.0,-9999.0,34.2579994202,112.105029222629,49.2699347307725,249992.78,662146.31,28,16,34.258
NS46SE_792,1,7_3,6.99394279734,-9999.0,-9999.0,-9999.0,34.6930007935,101.526785172674,40.3594898912424,249980.12,662142.67,12,8,34.693
NS46SE_793,1,7_3,6.07484277738,-9999.0,-9999.0,-9999.0,34.6030006409,225.844552809028,66.955434397407,249778.74,662146.65,12,8,34.603
NS46SE_794,1,7_3,6.61324307511,-9999.0,-9999.0,-9999.0,34.716999054,108.270543523944,43.1485296478864,249968.14,662141.1,20,12,34.717
NS46SE_795,1,7_3,6.63715642976,-9999.0,-9999.0,-9999.0,30.1550006866,222.778966940025,67.3558482470816,249582.94,662146.69,12,8,30.155
NS46SE_796,1,7_3,5.67703227667,-9999.0,-9999.0,-9999.0,23.4759998322,119.638202731207,44.3378719664175,249692.54,662140.86,12,8,23.476
NS46SE_797,1,7_3,5.86152551026,-9999.0,-9999.0,-9999.0,24.5349998474,113.97192099893,43.251762934975,249664.44,662139.43,12,8,24.535
NS46SE_798,1,7_3,6.70675099628,-9999.0,-9999.0,-9999.0,35.25,104.017748792608,42.0692778004105,249957.4,662134.04,20,12,35.25
NS46SE_799,1,7_3,6.34839383743,-9999.0,-9999.0,-9999.0,25.6768512726,114.228319349091,43.0123503861074,249629.77,662133.22,12,8,25.677
NS46SE_800,1,7_3,6.23947062034,-9999.0,-9999.0,-9999.0,36.1879997253,351.241233038311,113.430401826692,249847.0,662140.92,36,20,36.188
NS46SE_801,1,7_3,6.07696154192,-9999.0,-9999.0,-9999.0,34.1609992981,283.0331468784,79.5016303341871,249813.38,662134.12,12,8,34.161
NS46SE_802,1,7_3,6.74959168918,-9999.0,-9999.0,-9999.0,34.9886131287,111.502274337487,43.4027894115823,249948.2,662127.43,20,12,34.989
NS46SE_803,1,7_3,6.68358556463,-9999.0,-9999.0,-9999.0,31.1040000916,120.160847047295,44.004754880277,249592.49,662126.34,12,8,31.104
NS46SE_804,1,7_3,4.63837017304,-9999.0,-9999.0,-9999.0,27.1779994965,386.205245464064,114.21033658152,249743.72,662134.03,56,30,27.178
NS46SE_805,1,7_3,6.20967931928,-9999.0,-9999.0,-9999.0,35.891998291,380.371045264502,102.482276336192,249550.58,662134.75,44,24,35.892
NS46SE_806,1,7_3,4.79512331106,-9999.0,-9999.0,-9999.0,22.6919994354,141.322109685907,58.2862627787435,249677.22,662120.72,36,20,22.692
NS46SE_807,1,7_3,6.39135570611,-9999.0,-9999.0,-9999.0,26.1439990997,113.224058766185,42.7855325741063,249637.32,662118.3,12,8,26.144
NS46SE_808,1,7_3,6.62651556076,-9999.0,-9999.0,-9999.0,34.2128715515,220.954099940759,86.6323762392073,249933.17,662120.39,52,28,34.213
NS46SE_809,1,7_3,6.55326877941,-9999.0,-9999.0,-9999.0,40.5890007019,40.0433509929059,30.5842243183965,249503.14,662115.07,8,6,40.589
NS46SE_810,1,7_3,6.19640747201,-9999.0,-9999.0,-9999.0,35.40599823,211.010573090678,62.3787309339183,249868.91,662118.99,12,8,35.406
NS46SE_811,1,7_3,3.31038905996,-9999.0,-9999.0,-9999.0,23.454000473,270.175004014122,78.8274413401774,249707.32,662120.49,20,12,23.454
NS46SE_812,1,7_3,6.57599414736,-9999.0,-9999.0,-9999.0,30.6870002747,122.557691635276,44.4444789692318,249602.57,662113.27,12,8,30.687
NS46SE_813,1,7_3,4.69293166604,-9999.0,-9999.0,-9999.0,27.3220005035,181.43080401651,56.085855193649,249768.61,662114.29,12,8,27.322
NS46SE_814,1,7_3,6.6730550161,-9999.0,-9999.0,-9999.0,33.7789993286,213.180628909476,85.7535787021794,249910.15,662110.76,60,32,33.779
NS46SE_816,1,7_3,6.39511195164,-9999.0,-9999.0,-9999.0,35.0870018005,134.562800854406,46.9110982346714,249567.37,662109.41,12,8,35.087
NS46SE_817,1,7_3,6.27751259926,-9999.0,-9999.0,-9999.0,34.6189994812,160.093227752531,52.2013023816161,249884.76,662106.43,12,8,34.619
NS46SE_818,1,7_3,6.36314861463,-9999.0,-9999.0,-9999.0,26.5629997253,116.564870102091,43.4221045289908,249646.19,662104.18,12,8,26.563
NS46SE_819,1,7_3,6.72681176761,-9999.0,-9999.0,-9999.0,27.716999054,248.357670009566,70.9001228466959,249970.27,662107.5,12,8,27.717
NS46SE_820,1,7_3,6.04253540354,-9999.0,-9999.0,-9999.0,26.7619991302,125.260301590412,46.9664273286593,249952.79,662099.35,20,12,26.762
NS46SE_821,1,7_3,6.01513760256,-9999.0,-9999.0,-9999.0,30.5189990997,149.180805732616,53.4976974885267,249613.68,662099.23,28,16,30.519
NS46SE_822,1,7_3,6.40063390522,-9999.0,-9999.0,-9999.0,34.591999054,126.861026325374,45.5175686954674,249575.87,662093.87,12,8,34.592
NS46SE_823,1,7_3,6.11515648375,-9999.0,-9999.0,-9999.0,26.4309997559,130.742898820453,48.8088503458785,249940.42,662092.73,20,12,26.431
NS46SE_824,1,7_3,4.75092362195,-9999.0,-9999.0,-9999.0,23.2520008087,291.282822640277,93.5529507989067,249694.11,662097.64,52,28,23.252
NS46SE_825,1,7_3,5.75915927857,-9999.0,-9999.0,-9999.0,24.2950000763,164.007012581831,71.462147775493,249789.46,662087.83,52,28,24.295
NS46SE_826,1,7_3,6.67828977815,-9999.0,-9999.0,-9999.0,30.7789993286,115.345950813088,43.1814603248596,249620.85,662085.34,12,8,30.779
NS46SE_827,1,7_3,3.29099908381,-9999.0,-9999.0,-9999.0,22.7269992828,267.536461345619,76.0455793307218,249736.38,662084.73,12,8,22.727
NS46SE_828,1,7_3,6.44073869368,-9999.0,-9999.0,-9999.0,34.188999176,122.816972676872,44.8000589631877,249585.65,662078.91,12,8,34.189
NS46SE_829,1,7_3,6.04103007949,-9999.0,-9999.0,-9999.0,25.341999054,257.268945242028,88.2686203338286,249924.86,662080.66,44,24,25.342
NS46SE_830,1,7_3,6.15361981338,-9999.0,-9999.0,-9999.0,23.7409992218,115.357249169905,45.598553072756,249800.77,662075.66,20,12,23.741
NS46SE_831,1,7_3,5.96273705761,-9999.0,-9999.0,-9999.0,27.5370006561,269.869431699024,98.8021743108928,249660.1,662082.84,60,32,27.537
NS46SE_832,1,7_3,6.72744629638,-9999.0,-9999.0,-9999.0,30.9139995575,116.442635925318,43.3784915055022,249630.17,662070.36,12,8,30.914
NS46SE_833,1,7_3,6.18369827688,-9999.0,-9999.0,-9999.0,25.7539997101,361.176327955551,113.364418857688,249981.69,662070.59,72,38,25.754
NS46SE_834,1,7_3,6.57713395222,-9999.0,-9999.0,-9999.0,23.7520008087,101.440319815489,40.3628502454722,249814.03,662067.6,12,8,23.752
NS46SE_835,1,7_3,6.15129090109,-9999.0,-9999.0,-9999.0,25.1970005035,128.318623737189,45.5004111455061,249898.87,662067.21,12,8,25.197
NS46SE_836,1,7_3,5.17597627954,-9999.0,-9999.0,-9999.0,32.8800010681,478.127665834782,167.073290042418,249534.18,662076.5,92,48,32.88
NS46SE_837,1,7_3,6.03329329776,-9999.0,-9999.0,-9999.0,25.1229991913,114.588611251571,42.6159971079781,249955.91,662063.4,16,10,25.123
NS46SE_838,1,7_3,6.47096859679,-9999.0,-9999.0,-9999.0,33.6049995422,123.967806020718,45.0741951637927,249595.36,662063.92,12,8,33.605
NS46SE_839,1,7_3,2.79826751599,-9999.0,-9999.0,-9999.0,34.0690002441,73.2788175031261,42.2896149234154,249571.68,662062.57,24,14,34.069
NS46SE_840,1,7_3,5.63368624912,-9999.0,-9999.0,-9999.0,33.8400001526,191.140759965669,61.0721537014985,249555.38,662065.53,20,12,33.84
NS46SE_841,1,7_3,6.15867292026,-9999.0,-9999.0,-9999.0,28.704000473,124.01908994131,46.5164869003803,249672.74,662061.8,20,12,28.704
NS46SE_842,1,7_3,6.01039209588,-9999.0,-9999.0,-9999.0,23.5690002441,113.682825554243,45.3738177779076,249828.27,662061.82,28,16,23.569
NS46SE_843,1,7_3,5.32539827256,-9999.0,-9999.0,-9999.0,32.3769989014,110.926193009921,43.7278539475372,249505.67,662060.99,20,12,32.377
NS46SE_844,1,7_3,4.62319892368,-9999.0,-9999.0,-9999.0,24.2530002594,304.945811254795,101.996527998052,249716.67,662068.35,60,32,24.253
NS46SE_845,1,7_3,5.78121404592,-9999.0,-9999.0,-9999.0,24.5879993439,181.073337758764,58.6573459136296,249882.41,662061.51,28,16,24.588
NS46SE_846,1,7_3,6.41926909408,-9999.0,-9999.0,-9999.0,30.8910007477,120.720023225864,44.2782431214112,249642.41,662058.71,12,8,30.891
NS46SE_847,1,7_3,6.11797568167,-9999.0,-9999.0,-9999.0,24.6529998779,113.055573916182,45.4325836241885,249942.81,662057.47,28,16,24.653
NS46SE_848,1,7_3,6.48712507679,-9999.0,-9999.0,-9999.0,23.9449996948,201.698221848924,58.1537559081508,249761.33,662058.68,16,10,23.945
NS46SE_849,1,7_3,5.94682158236,-9999.0,-9999.0,-9999.0,24.1509990692,148.737889176055,49.8310238587725,249865.44,662052.72,20,12,24.151
NS46SE_850,1,7_3,5.42195530149,-9999.0,-9999.0,-9999.0,31.7539997101,189.602649255484,60.3238967061705,249604.31,662050.65,36,20,31.754
NS46SE_851,1,7_3,5.84582863683,-9999.0,-9999.0,-9999.0,24.1590003967,84.8579083726174,38.2532066667223,249852.25,662047.97,20,12,24.159
NS46SE_852,1,7_3,5.93520192567,-9999.0,-9999.0,-9999.0,33.0660018921,105.310856503227,41.9648968207417,249572.79,662045.68,20,12,33.066
NS46SE_853,1,7_3,6.5203128672,-9999.0,-9999.0,-9999.0,23.3689994812,74.8659759237142,37.2804561005971,249842.35,662043.98,20,12,23.369
NS46SE_854,1,7_3,5.19465524125,-9999.0,-9999.0,-9999.0,24.3349990845,102.023938896671,41.2810065714272,249927.85,662044.92,20,12,24.335
NS46SE_855,1,7_3,5.96050166172,-9999.0,-9999.0,-9999.0,30.8560009003,139.039065163699,51.5070811748411,249651.08,662046.19,44,24,30.856
NS46SE_856,1,7_3,5.90086756667,-9999.0,-9999.0,-9999.0,32.6940002441,131.253796518391,46.4213672085965,249562.17,662034.56,12,8,32.694
NS46SE_857,1,7_3,5.62222341365,-9999.0,-9999.0,-9999.0,23.8390007019,303.476452203964,98.2114778091547,249907.7,662036.39,60,32,23.839
NS46SE_858,1,7_3,5.79830464028,-9999.0,-9999.0,-9999.0,27.5650005341,97.949655400595,39.6103437855681,249728.64,662030.1,12,8,27.565
NS46SE_859,1,7_3,5.51638741534,-9999.0,-9999.0,-9999.0,26.3819999695,183.530909988927,60.5909022795531,249743.09,662031.37,36,20,26.382
NS46SE_860,1,7_3,6.91218407306,-9999.0,-9999.0,-9999.0,30.0039997101,163.016992080408,53.1923653486679,249622.36,662032.5,12,8,30.004
NS46SE_861,1,7_3,5.4777356557,-9999.0,-9999.0,-9999.0,22.656999588,699.592663690841,189.564076148713,249785.36,662032.53,132,68,22.657
NS46SE_862,1,7_3,5.99303325051,-9999.0,-9999.0,-9999.0,23.7310009003,120.621607433673,48.9723449816416,249885.95,662028.8,28,16,23.731
NS46SE_863,1,7_3,5.90134101643,-9999.0,-9999.0,-9999.0,30.9632225037,96.3646917490317,39.2907254424209,249551.12,662027.08,12,8,30.963
NS46SE_864,1,7_3,6.11359987823,-9999.0,-9999.0,-9999.0,29.1019763947,336.478995394227,102.490324231091,249520.24,662032.93,52,28,29.102
NS46SE_865,1,7_3,5.87772380121,-9999.0,-9999.0,-9999.0,28.7450008392,78.825353919379,35.5872551729737,249533.39,662016.43,12,8,28.745
NS46SE_866,1,7_3,6.22901937267,-9999.0,-9999.0,-9999.0,22.579000473,102.474513994311,40.5402830671212,249855.32,662016.19,12,8,22.579
NS46SE_867,1,7_3,6.47196265629,-9999.0,-9999.0,-9999.0,22.3449993134,130.809799960462,47.4052798052911,249840.07,662011.64,20,12,22.345
NS46SE_868,1,7_3,6.43089799558,-9999.0,-9999.0,-9999.0,23.3509998322,123.294469530115,44.645710345222,249992.02,662011.8,12,8,23.351
NS46SE_869,1,7_3,6.31159215125,-9999.0,-9999.0,-9999.0,24.1210002899,130.119699622685,45.7667805792876,249957.03,662010.13,12,8,24.121
NS46SE_870,1,7_3,6.18091763306,-9999.0,-9999.0,-9999.0,28.4699993134,96.762670120329,42.6505253823239,249538.16,662007.52,20,12,28.47
NS46SE_871,1,7_3,5.4651268158,-9999.0,-9999.0,-9999.0,22.3560009003,134.998045108805,46.4947637357092,249826.14,662007.56,12,8,22.356
NS46SE_872,1,7_3,5.80135275914,-9999.0,-9999.0,-9999.0,22.8969993591,171.206599134163,55.7819162135189,249811.0,662002.54,28,16,22.897
NS46SE_873,1,7_3,6.34787775156,-9999.0,-9999.0,-9999.0,23.9139995575,128.985745013317,45.6696400647054,249792.11,662000.16,12,8,23.914
NS46SE_874,1,7_3,5.21851915608,-9999.0,-9999.0,-9999.0,28.4190006256,301.445875553217,99.7828868834845,249666.85,662003.68,68,36,28.419
NS46SE_875,1,7_3,6.57990413242,-9999.0,-9999.0,-9999.0,26.1949996948,110.919916933034,42.1280885311932,249759.36,661996.44,12,8,26.195
NS46SE_876,1,7_3,5.60055015564,-9999.0,-9999.0,-9999.0,28.0499992371,106.872007504872,42.3194234518993,249543.27,661995.45,24,14,28.05
NS46SE_877,1,7_3,6.2854081076,-9999.0,-9999.0,-9999.0,23.5529994965,102.454567145184,40.6388498942659,249947.75,661995.49,12,8,23.553
NS46SE_878,1,7_3,5.14073107917,-9999.0,-9999.0,-9999.0,26.7490005493,127.313199705283,49.4814657064995,249746.39,661993.28,32,18,26.749
NS46SE_879,1,7_3,5.98069250827,-9999.0,-9999.0,-9999.0,27.5458335876,103.653636486589,44.1553942561845,249647.94,661990.88,20,12,27.546
NS46SE_880,1,7_3,6.80186465137,-9999.0,-9999.0,-9999.0,26.7070007324,488.896083533546,138.11742924429,249608.89,662002.67,44,24,26.707
NS46SE_881,1,7_3,5.36614368075,-9999.0,-9999.0,-9999.0,22.4379997253,284.971915714334,125.607708819876,249896.32,661996.71,76,40,22.438
NS46SE_882,1,7_3,6.05875971615,-9999.0,-9999.0,-9999.0,22.4939994812,164.208956291749,57.8830187056417,249844.5,661991.37,36,20,22.494
NS46SE_883,1,7_3,6.24700739207,-9999.0,-9999.0,-9999.0,22.593000412,116.253620578073,43.1692115130561,249939.43,661983.15,12,8,22.593
NS46SE_884,1,7_3,5.57448496051,-9999.0,-9999.0,-9999.0,28.5550003052,84.5218589490651,38.9453825354359,249505.0,661983.73,12,8,28.555
NS46SE_885,1,7_3,5.67399648366,-9999.0,-9999.0,-9999.0,24.1229991913,291.674630957757,106.655400962928,249981.53,661982.89,68,36,24.123
NS46SE_886,1,7_3,5.66036026751,-9999.0,-9999.0,-9999.0,27.5030002594,81.2933480885979,36.1130651974878,249541.29,661978.48,12,8,27.503
NS46SE_887,1,7_3,5.24914626152,-9999.0,-9999.0,-9999.0,23.5729999542,202.403681741393,87.8173693002849,249806.45,661981.66,64,34,23.573
NS46SE_888,1,7_3,5.73457463057,-9999.0,-9999.0,-9999.0,23.3020000458,95.2072717903222,42.0928310713695,249838.84,661976.02,28,16,23.302
NS46SE_889,1,7_3,5.35904166542,-9999.0,-9999.0,-9999.0,27.033000946,302.35828270095,132.471063540087,249570.81,661987.06,92,48,27.033
NS46SE_890,1,7_3,6.10735693101,-9999.0,-9999.0,-9999.0,26.1180000305,118.654807762595,47.7538087765814,249764.25,661976.43,28,16,26.118
NS46SE_891,1,7_3,5.29155225382,-9999.0,-9999.0,-9999.0,25.6450004578,205.376719237888,68.7476899261853,249666.66,661978.22,44,24,25.645
NS46SE_892,1,7_3,6.39488182455,-9999.0,-9999.0,-9999.0,22.1299991608,101.033215947563,40.2867391922108,249931.77,661970.66,12,8,22.13
NS46SE_893,1,7_3,5.87639427684,-9999.0,-9999.0,-9999.0,26.0680007935,200.359823196661,73.3147785428955,249632.82,661974.53,44,24,26.068
NS46SE_894,1,7_3,6.34023321871,-9999.0,-9999.0,-9999.0,23.4440002441,74.3723810264871,37.2546722077393,249839.39,661964.1,20,12,23.444
NS46SE_895,1,7_3,5.85248821259,-9999.0,-9999.0,-9999.0,24.9720001221,119.528702003152,46.3656365232184,249812.87,661964.63,20,12,24.972
NS46SE_896,1,7_3,5.90382149369,-9999.0,-9999.0,-9999.0,25.1840000153,158.275964338677,55.0993882394994,249684.93,661965.11,20,12,25.184
NS46SE_897,1,7_3,2.73652058345,-9999.0,-9999.0,-9999.0,25.8600006104,81.1011938119877,40.6015275848427,249569.63,661961.77,28,16,25.86
NS46SE_898,1,7_3,6.11742159342,-9999.0,-9999.0,-9999.0,26.1919994354,144.662184477661,49.4013011691739,249772.32,661962.76,20,12,26.192
NS46SE_899,1,7_3,5.42442081612,-9999.0,-9999.0,-9999.0,22.3560009003,385.779245207309,131.679779298558,249877.85,661971.43,76,40,22.356
NS46SE_900,1,7_3,5.74580997009,-9999.0,-9999.0,-9999.0,22.8689994812,164.271615772145,63.7714604993895,249961.42,661964.47,36,20,22.869
NS46SE_901,1,7_3,5.40106980424,-9999.0,-9999.0,-9999.0,25.8530006409,198.176475027141,66.8014828368382,249612.12,661959.57,36,20,25.853
NS46SE_902,1,7_3,5.61096971306,-9999.0,-9999.0,-9999.0,24.9009990692,184.674393998556,62.0964037527558,249987.77,661959.39,36,20,24.901
NS46SE_903,1,7_3,3.13264415085,-9999.0,-9999.0,-9999.0,25.1319999695,48.220353746671,27.884205758307,249634.94,661953.04,12,8,25.132
NS46SE_904,1,7_3,6.6649360452,-9999.0,-9999.0,-9999.0,25.1299991608,146.083611957567,50.8513576124096,249700.75,661956.01,20,12,25.13
NS46SE_905,1,7_3,5.72317554748,-9999.0,-9999.0,-9999.0,21.9479999542,120.405603072424,46.3777015846243,249919.61,661954.32,20,12,21.948
NS46SE_906,1,7_3,5.64923559478,-9999.0,-9999.0,-9999.0,28.0103340149,178.440426694093,57.8276428316147,249517.36,661955.77,20,12,28.01
NS46SE_907,1,7_3,5.50837024566,-9999.0,-9999.0,-9999.0,22.6299991608,111.31994216429,48.2502185354839,249868.67,661952.1,28,16,22.63
NS46SE_908,1,7_3,5.92919720597,-9999.0,-9999.0,-9999.0,25.9060001373,317.814702594809,107.421814264285,249553.03,661958.56,68,36,25.906
NS46SE_909,1,7_3,5.55451069585,-9999.0,-9999.0,-9999.0,24.5890007019,172.957994395871,62.8041196806213,249823.36,661951.4,44,24,24.589
NS46SE_910,1,7_3,5.44238394258,-9999.0,-9999.0,-9999.0,29.4699993134,95.1969447581559,41.8108854066947,249506.92,661946.06,20,12,29.47
NS46SE_911,1,7_3,3.15372787774,-9999.0,-9999.0,-9999.0,25.1790008545,45.0117112426091,26.8912710789757,249710.41,661940.51,12,8,25.179
NS46SE_912,1,7_3,5.67847937773,-9999.0,-9999.0,-9999.0,23.2840003967,246.289600736596,83.019367821584,249959.63,661940.81,44,24,23.284
NS46SE_913,1,7_3,5.85421231828,-9999.0,-9999.0,-9999.0,25.5889987946,134.769227114195,46.9025274690534,249591.92,661941.41,12,8,25.589
NS46SE_914,1,7_3,6.16397192522,-9999.0,-9999.0,-9999.0,22.9790000916,140.185041176267,55.5037074861437,249861.6,661941.21,36,20,22.979
NS46SE_915,1,7_3,5.43934064073,-9999.0,-9999.0,-9999.0,22.1019992828,132.390402227405,47.4449461399055,249924.01,661940.0,20,12,22.102
NS46SE_916,1,7_3,6.07888481312,-9999.0,-9999.0,-9999.0,24.7049999237,104.378204473984,40.9106068334725,249981.46,661938.34,12,8,24.705
NS46SE_917,1,7_3,5.58735560972,-9999.0,-9999.0,-9999.0,25.9169998169,310.434127505594,108.16222087067,249787.15,661946.0,84,44,25.917
NS46SE_918,1,7_3,4.95371581153,-9999.0,-9999.0,-9999.0,27.1119995117,149.464391168543,57.096563748365,249534.5,661934.72,36,20,27.112
NS46SE_919,1,7_3,5.85738551255,-9999.0,-9999.0,-9999.0,25.5440006256,138.82652900712,48.4760725610347,249579.83,661930.82,20,12,25.544
NS46SE_920,1,7_3,4.87440620558,-9999.0,-9999.0,-9999.0,23.531999588,116.799214740328,49.6504387332006,249851.33,661930.01,28,16,23.532
NS46SE_921,1,7_3,5.63828074587,-9999.0,-9999.0,-9999.0,23.2329998016,82.8142813361966,38.6481141490302,249928.18,661924.12,20,12,23.233
NS46SE_922,1,7_3,6.10599697059,-9999.0,-9999.0,-9999.0,25.5119991302,144.225016612285,50.0017818120721,249800.16,661926.08,28,16,25.512
NS46SE_923,1,7_3,6.16347863236,-9999.0,-9999.0,-9999.0,28.9230003357,101.496270402214,43.5542647225786,249523.58,661922.25,20,12,28.923
NS46SE_924,1,7_3,5.59691789794,-9999.0,-9999.0,-9999.0,23.283000946,131.616420281173,47.8448300714294,249907.16,661922.38,20,12,23.283
NS46SE_925,1,7_3,5.67368526283,-9999.0,-9999.0,-9999.0,26.0160007477,112.146266243485,46.4173455168203,249567.09,661920.0,32,18,26.016
NS46SE_926,1,7_3,6.25850790663,-9999.0,-9999.0,-9999.0,29.7919998169,100.266745119273,42.3641428276622,249510.77,661917.21,20,12,29.792
NS46SE_927,1,7_3,5.57231239402,-9999.0,-9999.0,-9999.0,23.6410007477,95.4361884183974,39.0776507484165,249848.43,661915.82,12,8,23.641
NS46SE_928,1,7_3,5.44179754613,-9999.0,-9999.0,-9999.0,23.9790000916,203.832980597127,78.3825401170166,249830.38,661912.8,44,24,23.979
NS46SE_929,1,7_3,2.85500511542,-9999.0,-9999.0,-9999.0,30.5599994659,52.9419824997328,30.211361576597,249504.52,661904.29,12,8,30.56
NS46SE_930,1,7_3,5.36701450104,-9999.0,-9999.0,-9999.0,26.7409992218,162.278907479086,57.7821713667327,249557.83,661908.2,20,12,26.741
NS46SE_931,1,7_3,6.07063899206,-9999.0,-9999.0,-9999.0,25.4090003967,128.701486934493,46.280960668938,249969.77,661904.62,20,12,25.409
NS46SE_932,1,7_3,6.42843877017,-9999.0,-9999.0,-9999.0,26.142999649,113.235357361064,42.7912637527956,249987.1,661904.03,12,8,26.143
NS46SE_933,1,7_3,5.05388457701,-9999.0,-9999.0,-9999.0,24.6240005493,135.183965640201,50.1985660480715,249950.84,661904.17,20,12,24.624
NS46SE_934,1,7_3,6.37791645384,-9999.0,-9999.0,-9999.0,25.3299999237,134.791010527203,46.5757939390534,249952.41,661890.36,12,8,25.33
NS46SE_935,1,7_3,5.27527658674,-9999.0,-9999.0,-9999.0,23.4640007019,434.456782233508,161.003172810817,249882.66,661898.48,108,56,23.464
NS46SE_936,1,7_3,3.27845482116,-9999.0,-9999.0,-9999.0,26.9419994354,23.6456362421272,20.271403351853,249965.39,661881.37,12,8,26.942
NS46SE_937,1,7_3,5.65184586247,-9999.0,-9999.0,-9999.0,24.4890003204,99.6430813186045,44.5992834542711,249922.38,661886.27,28,16,24.489
NS46SE_938,1,7_3,6.21057712605,-9999.0,-9999.0,-9999.0,24.6280002594,136.51860298085,50.8838768457538,249911.05,661878.06,28,16,24.628
NS46SE_517,1,7_4,6.09666753538,-9999.0,-9999.0,-9999.0,9.82900047302,202.564715790898,61.2112433564716,249828.62,663123.66,12,8,9.829
NS46SE_518,1,7_4,6.24143512432,-9999.0,-9999.0,-9999.0,10.6840000153,96.0188455643826,39.2044896852281,249907.15,663118.09,12,8,10.684
NS46SE_519,1,7_4,6.13957008298,-9999.0,-9999.0,-9999.0,14.5579996109,108.278708178992,45.868296127558,249504.7,663115.29,12,8,14.558
NS46SE_520,1,7_4,6.15109147421,-9999.0,-9999.0,-9999.0,9.89500045776,112.970662100306,42.6814022569816,249814.38,663111.6,12,8,9.895
NS46SE_522,1,7_4,5.31146223446,-9999.0,-9999.0,-9999.0,9.84899997711,312.241250744574,85.0377804566762,249857.55,663102.97,28,16,9.849
NS46SE_523,1,7_4,6.2380686509,-9999.0,-9999.0,-9999.0,10.8159999847,97.3389146755659,41.0924747433772,249945.73,663093.3,20,12,10.816
NS46SE_524,1,7_4,3.7009894697,-9999.0,-9999.0,-9999.0,10.6979999542,24.40249499613,23.391551513119,249958.57,663090.0,8,6,10.698
NS46SE_525,1,7_4,6.16258611043,-9999.0,-9999.0,-9999.0,10.6820001602,116.185098518676,43.1463500292371,249893.74,663094.33,12,8,10.682
NS46SE_526,1,7_4,3.75659748544,-9999.0,-9999.0,-9999.0,10.4580001831,184.94741278559,69.8902790206523,249987.08,663092.18,28,16,10.458
NS46SE_527,1,7_4,6.39751711562,-9999.0,-9999.0,-9999.0,9.70400047302,114.024743464067,42.8995283231203,249838.65,663088.05,12,8,9.704
NS46SE_528,1,7_4,6.14629302706,-9999.0,-9999.0,-9999.0,10.8531742096,115.084155662962,42.9621556098959,249885.2,663086.29,12,8,10.853
NS46SE_529,1,7_4,5.67289864609,-9999.0,-9999.0,-9999.0,10.6040000916,138.169906143277,47.5064327482662,249917.93,663084.78,24,14,10.604
NS46SE_530,1,7_4,6.23004676363,-9999.0,-9999.0,-9999.0,10.7250003815,109.333505691805,41.9733485659794,249951.06,663080.96,12,8,10.725
NS46SE_532,1,7_4,3.80274512146,-9999.0,-9999.0,-9999.0,8.41100025177,70.1322112536821,34.8571193251748,249688.61,663074.62,12,8,8.411
NS46SE_533,1,7_4,6.11409457767,-9999.0,-9999.0,-9999.0,9.6890001297,133.678499359277,48.0601657241041,249820.7,663077.67,20,12,9.689
NS46SE_534,1,7_4,3.97462670759,-9999.0,-9999.0,-9999.0,10.5209999084,127.763962294627,46.0376221856164,249997.96,663074.98,20,12,10.521
NS46SE_535,1,7_4,5.98125618504,-9999.0,-9999.0,-9999.0,14.0190000534,64.795297753919,32.232987945679,249503.82,663071.47,12,8,14.019
NS46SE_536,1,7_4,3.15148715166,-9999.0,-9999.0,-9999.0,10.7510004044,84.5545780859709,38.5325200327331,249901.48,663072.56,12,8,10.751
NS46SE_537,1,7_4,5.63687628597,-9999.0,-9999.0,-9999.0,10.5089998245,137.303203670619,49.1225967156707,249920.46,663071.7,28,16,10.509
NS46SE_538,1,7_4,6.17701820455,-9999.0,-9999.0,-9999.0,9.80599975586,131.73158989198,47.7943196130132,249829.72,663068.54,20,12,9.806
NS46SE_539,1,7_4,5.89448853561,-9999.0,-9999.0,-9999.0,14.3489999771,145.461923250637,50.4137777370554,249517.44,663062.47,12,8,14.349
NS46SE_540,1,7_4,5.92863905651,-9999.0,-9999.0,-9999.0,10.376999855,226.944404292053,80.2628961884969,249958.12,663064.16,44,24,10.377
NS46SE_541,1,7_4,6.4679300684,-9999.0,-9999.0,-9999.0,9.79399967194,104.546726317587,41.0464335245872,249837.62,663058.33,12,8,9.794
NS46SE_542,1,7_4,5.94914956462,-9999.0,-9999.0,-9999.0,10.5399999619,69.3559162203101,33.6465975052176,249927.97,663054.69,12,8,10.54
NS46SE_543,1,7_4,5.86765926144,-9999.0,-9999.0,-9999.0,10.6809997559,419.87865928745,115.824979955733,249869.54,663068.17,60,32,10.681
NS46SE_544,1,7_4,6.35640422563,-9999.0,-9999.0,-9999.0,9.90100002289,101.845260898793,40.4755207880454,249845.63,663050.38,12,8,9.901
NS46SE_545,1,7_4,5.5890320339,-9999.0,-9999.0,-9999.0,10.5039997101,197.261769754296,73.8776232952324,249910.31,663050.01,36,20,10.504
NS46SE_546,1,7_4,6.08200884511,-9999.0,-9999.0,-9999.0,10.3090000153,94.364915244416,38.8909296731345,249965.64,663049.41,12,8,10.309
NS46SE_547,1,7_4,3.07842245715,-9999.0,-9999.0,-9999.0,10.3439998627,43.4914350020539,26.4058476240318,249977.52,663047.17,12,8,10.344
NS46SE_548,1,7_4,6.10003688453,-9999.0,-9999.0,-9999.0,10.6339998245,118.957982739946,45.2690269594168,249889.46,663048.31,20,12,10.634
NS46SE_549,1,7_4,3.63912019543,-9999.0,-9999.0,-9999.0,10.2740001678,26.545837498637,21.664082258834,249930.67,663041.85,12,8,10.274
NS46SE_550,1,7_4,6.0693343912,-9999.0,-9999.0,-9999.0,10.0310001373,96.6891602824671,40.9220349255225,249854.67,663043.46,20,12,10.031
NS46SE_551,1,7_4,5.47931123789,-9999.0,-9999.0,-9999.0,14.5489997864,161.244087941032,54.4505718613589,249520.78,663042.38,20,12,14.549
NS46SE_552,1,7_4,6.19613356404,-9999.0,-9999.0,-9999.0,10.3006668091,101.841701712066,41.9434234858556,249977.99,663035.58,20,12,10.301
NS46SE_553,1,7_4,6.13641949842,-9999.0,-9999.0,-9999.0,10.1619997025,101.951145370419,40.4314435663595,249861.46,663035.04,12,8,10.162
NS46SE_554,1,7_4,6.28168095554,-9999.0,-9999.0,-9999.0,10.001999855,199.290304322656,80.9435527457037,249931.4,663026.65,28,16,10.002
NS46SE_555,1,7_4,6.28395397772,-9999.0,-9999.0,-9999.0,10.2399997711,109.698140281486,41.9459823638916,249869.46,663026.7,12,8,10.24
NS46SE_556,1,7_4,5.05026278562,-9999.0,-9999.0,-9999.0,14.5600004196,173.002705645914,62.1150851143817,249509.53,663025.72,36,20,14.56
NS46SE_557,1,7_4,3.08200081511,-9999.0,-9999.0,-9999.0,10.4829998016,43.8455400033095,26.4931695946488,249886.82,663023.59,12,8,10.483
NS46SE_558,1,7_4,6.24864306263,-9999.0,-9999.0,-9999.0,10.2379999161,93.5405790714191,39.3218517359753,249961.83,663021.58,12,8,10.238
NS46SE_559,1,7_4,6.02105972446,-9999.0,-9999.0,-9999.0,10.123000145,250.687551133107,70.7763258114593,249908.55,663021.31,20,12,10.123
NS46SE_560,1,7_4,6.17630924057,-9999.0,-9999.0,-9999.0,10.357000351,98.3777807425203,40.7474336237616,249875.78,663017.87,12,8,10.357
NS46SE_561,1,7_4,5.90302569038,-9999.0,-9999.0,-9999.0,10.3959999084,97.8417826376251,41.0615418024701,249971.38,663017.96,20,12,10.396
NS46SE_562,1,7_4,6.38200007847,-9999.0,-9999.0,-9999.0,10.5080003738,92.671005226394,39.2525805493423,249981.2,663013.54,12,8,10.508
NS46SE_563,1,7_4,6.19385964209,-9999.0,-9999.0,-9999.0,10.4530000687,97.7818593091857,41.6039960901817,249890.82,663010.78,20,12,10.453
NS46SE_565,1,7_4,5.69852081898,-9999.0,-9999.0,-9999.0,10.5539999008,117.589203028185,53.7658713550209,249992.7,663005.23,28,16,10.554
NS46SE_567,1,7_4,5.95400450201,-9999.0,-9999.0,-9999.0,14.8970003128,128.21140286854,47.9344505204076,249514.24,662997.86,20,12,14.897
NS46SE_568,1,7_4,6.11105227906,-9999.0,-9999.0,-9999.0,10.5109996796,97.8302040781879,39.5806459837589,249985.62,662993.92,12,8,10.511
NS46SE_570,1,7_4,6.10885763526,-9999.0,-9999.0,-9999.0,15.7849998474,137.181892795943,48.654763397218,249536.87,662983.89,12,8,15.785
NS46SE_572,1,7_4,6.00364706827,-9999.0,-9999.0,-9999.0,16.361000061,145.016011669557,49.9325728596542,249539.72,662964.34,12,8,16.361
NS46SE_573,1,7_4,6.04775992761,-9999.0,-9999.0,-9999.0,17.0480003357,136.818514967739,48.6915462046154,249538.87,662944.86,12,8,17.048
NS46SE_574,1,7_4,2.95131868216,-9999.0,-9999.0,-9999.0,17.3759994507,100.989067327065,40.361227936133,249564.81,662940.75,12,8,17.376
NS46SE_575,1,7_4,3.32135034522,-9999.0,-9999.0,-9999.0,18.079000473,87.178133819856,37.5192480788336,249564.38,662924.89,12,8,18.079
NS46SE_576,1,7_4,6.11896695855,-9999.0,-9999.0,-9999.0,17.8409996033,134.043372735465,48.2288258137588,249533.96,662925.97,12,8,17.841
NS46SE_577,1,7_4,6.10733109183,-9999.0,-9999.0,-9999.0,18.3579998016,131.449400680428,47.8478145663625,249525.56,662908.35,12,8,18.358
NS46SE_578,1,7_4,3.33615575633,-9999.0,-9999.0,-9999.0,17.5699996948,187.409566728615,79.1105145750603,249574.02,662906.76,44,24,17.57
NS46SE_579,1,7_4,5.88650610121,-9999.0,-9999.0,-9999.0,18.8770008087,149.141112007987,52.7959087021768,249512.76,662893.24,20,12,18.877
NS46SE_580,1,7_4,7.26465941764,-9999.0,-9999.0,-9999.0,19.7102355957,28.1238637483632,25.3366046422247,249502.72,662879.29,8,6,19.71
NS46SE_582,1,7_4,6.4169740529,-9999.0,-9999.0,-9999.0,21.2399997711,455.749157285552,126.491319760399,249565.63,662861.08,28,16,21.24
NS46SE_583,1,7_4,6.85355114892,-9999.0,-9999.0,-9999.0,21.3069992065,135.199389908075,48.5004213683365,249529.48,662857.05,12,8,21.307
NS46SE_584,1,7_4,6.9349010275,-9999.0,-9999.0,-9999.0,20.9349994659,165.024258188868,60.3644339546452,249508.88,662846.8,12,8,20.935
NS46SE_585,1,7_4,7.116414417,-9999.0,-9999.0,-9999.0,24.2159996033,261.20518361318,77.3146701791884,249596.37,662831.19,12,8,24.216
NS46SE_586,1,7_4,7.02137400828,-9999.0,-9999.0,-9999.0,24.7569999695,260.2262755924,77.1151051269952,249562.08,662827.18,12,8,24.757
NS46SE_587,1,7_4,7.08261599893,-9999.0,-9999.0,-9999.0,25.2569999695,259.430740186276,77.0833617428614,249532.23,662812.72,12,8,25.257
NS46SE_588,1,7_4,6.91224365308,-9999.0,-9999.0,-9999.0,27.3789997101,262.64494559616,77.1196738278012,249606.17,662803.57,12,8,27.379
NS46SE_589,1,7_4,7.12077535744,-9999.0,-9999.0,-9999.0,26.6180000305,262.795569185973,77.8492703794767,249572.09,662799.49,12,8,26.618
NS46SE_590,1,7_4,6.89043262418,-9999.0,-9999.0,-9999.0,25.189666748,90.5773624874462,41.4606197311785,249505.29,662782.59,12,8,25.19
NS46SE_591,1,7_4,7.47375041269,-9999.0,-9999.0,-9999.0,29.5909996033,266.200002129003,77.6735440349262,249634.41,662786.61,12,8,29.591
NS46SE_592,1,7_4,6.87601338324,-9999.0,-9999.0,-9999.0,26.7259998322,135.210789950195,48.4444966304453,249512.97,662762.49,12,8,26.726
NS46SE_593,1,7_4,9.05272486175,-9999.0,-9999.0,-9999.0,9.46000003815,207.790438181255,61.3285670468454,249998.49,662738.35,12,8,9.46
NS46SE_594,1,7_4,9.13549620128,-9999.0,-9999.0,-9999.0,9.30000019073,205.879311729427,60.786389897798,249976.12,662741.27,12,8,9.3
NS46SE_595,1,7_4,2.00018087423,-9999.0,-9999.0,-9999.0,19.513999939,28.9299037466535,21.6053635614129,249870.78,662717.32,12,8,19.514
NS46SE_596,1,7_4,4.65223108638,-9999.0,-9999.0,-9999.0,18.8740005493,145.79031276552,48.4394224366738,249884.24,662716.22,12,8,18.874
NS46SE_597,1,7_4,6.02290527191,-9999.0,-9999.0,-9999.0,9.21800041199,175.863700551296,55.5592254903125,249976.19,662710.92,20,12,9.218
NS46SE_598,1,7_4,9.88823203877,-9999.0,-9999.0,-9999.0,29.4190006256,744.121441061441,170.185660490283,249563.33,662716.62,60,32,29.419
NS46SE_599,1,7_4,5.87731756571,-9999.0,-9999.0,-9999.0,18.5992851257,283.650312264839,109.279832971079,249906.6,662696.87,68,36,18.599
NS46SE_600,1,7_4,5.01811316153,-9999.0,-9999.0,-9999.0,11.9250001907,375.576005385175,108.118476826681,249961.84,662683.45,52,28,11.925
NS46SE_601,1,7_4,5.20009133717,-9999.0,-9999.0,-9999.0,19.1840000153,165.786179111345,51.6942665331976,249931.62,662677.05,12,8,19.184
NS46SE_602,1,7_4,4.72906957287,-9999.0,-9999.0,-9999.0,13.2080001831,211.101185919766,63.8515424964069,249992.43,662675.15,28,16,13.208
NS46SE_603,1,7_4,2.23177162258,-9999.0,-9999.0,-9999.0,27.9780006409,24.7075537523869,21.4486845795906,249829.64,662666.17,12,8,27.978
NS46SE_604,1,7_4,2.79026088976,-9999.0,-9999.0,-9999.0,14.204000473,22.1680500017812,22.275519592102,249978.67,662664.3,8,6,14.204
NS46SE_605,1,7_4,4.4588417199,-9999.0,-9999.0,-9999.0,22.5690002441,560.091075252932,163.562971560162,249873.79,662680.08,84,44,22.569
NS46SE_606,1,7_4,6.85195644022,-9999.0,-9999.0,-9999.0,29.3869991302,421.49066169882,116.942606239877,249521.53,662673.19,24,14,29.387
NS46SE_607,1,7_4,7.00351818216,-9999.0,-9999.0,-9999.0,30.547000885,144.998052751657,50.0377748955872,249794.64,662664.15,12,8,30.547
NS46SE_608,1,7_4,6.19822328674,-9999.0,-9999.0,-9999.0,19.392999649,138.535552483505,53.5156875646364,249943.98,662661.22,24,14,19.393
NS46SE_609,1,7_4,5.05551240104,-9999.0,-9999.0,-9999.0,22.5620002747,142.921943190676,48.9446933201627,249903.66,662657.98,12,8,22.562
NS46SE_610,1,7_4,9.50131214148,-9999.0,-9999.0,-9999.0,31.670999527,766.930682168393,177.199707324032,249627.56,662670.5,92,48,31.671
NS46SE_611,1,7_4,5.20588836901,-9999.0,-9999.0,-9999.0,14.9899997711,169.390001259982,53.8822412880742,249986.15,662653.33,12,8,14.99
NS46SE_612,1,7_4,4.85437436795,-9999.0,-9999.0,-9999.0,22.3369998932,151.46451442175,52.7960527809648,249917.04,662644.81,20,12,22.337
NS46SE_613,1,7_4,7.06568942664,-9999.0,-9999.0,-9999.0,28.3759994507,217.669158930221,69.376971299613,249818.54,662648.4,12,8,28.376
NS46SE_614,1,7_4,2.69181035913,-9999.0,-9999.0,-9999.0,29.9300003052,21.0898574990785,21.1251570912468,249817.46,662636.77,8,6,29.93
NS46SE_615,1,7_4,6.96677759099,-9999.0,-9999.0,-9999.0,29.4290008545,269.108443634094,83.8792495758615,249558.13,662645.87,12,8,29.429
NS46SE_616,1,7_4,5.5771334928,-9999.0,-9999.0,-9999.0,18.6959991455,195.261530477004,56.1205123332,249951.75,662641.2,12,8,18.696
NS46SE_617,1,7_4,2.20398693774,-9999.0,-9999.0,-9999.0,22.5979995728,25.535820001138,23.5032298707354,249919.21,662629.99,8,6,22.598
NS46SE_618,1,7_4,5.32956029026,-9999.0,-9999.0,-9999.0,16.4370002747,162.669222647981,52.9285414139569,249979.61,662632.89,12,8,16.437
NS46SE_619,1,7_4,6.18895805134,-9999.0,-9999.0,-9999.0,36.9249992371,65.0131500028927,40.0691680104815,249504.58,662627.7,16,10,36.925
NS46SE_620,1,7_4,7.16415987984,-9999.0,-9999.0,-9999.0,33.5419998169,336.714835879691,92.9284798041606,249775.97,662638.93,12,8,33.542
NS46SE_621,1,7_4,5.88404550628,-9999.0,-9999.0,-9999.0,27.8509998322,131.188593091115,50.3048190087026,249849.69,662624.24,20,12,27.851
NS46SE_622,1,7_4,4.22488778171,-9999.0,-9999.0,-9999.0,19.4470005035,201.935407502972,59.624838936955,249948.27,662623.09,24,14,19.447
NS46SE_623,1,7_4,6.3567061563,-9999.0,-9999.0,-9999.0,31.607000351,260.116273635023,84.0485492038541,249800.98,662623.23,36,20,31.607
NS46SE_625,1,7_4,4.31343927401,-9999.0,-9999.0,-9999.0,25.2859992981,135.551172200673,50.6690491158702,249886.73,662610.95,20,12,25.286
NS46SE_626,1,7_4,6.97312400124,-9999.0,-9999.0,-9999.0,36.4189987183,140.454241292894,51.2341622193344,249513.95,662612.72,12,8,36.419
NS46SE_627,1,7_4,5.00305534538,-9999.0,-9999.0,-9999.0,17.732000351,167.892219916875,53.6284899326883,249973.12,662612.55,12,8,17.732
NS46SE_628,1,7_4,9.78810005282,-9999.0,-9999.0,-9999.0,30.5699996948,753.144032245057,170.454739098119,249692.24,662626.97,68,36,30.57
NS46SE_629,1,7_4,6.92938882481,-9999.0,-9999.0,-9999.0,29.533000946,267.983501745032,83.8667910834714,249580.2,662615.49,12,8,29.533
NS46SE_630,1,7_4,6.23248569268,-9999.0,-9999.0,-9999.0,28.6299991608,147.586872420029,59.3962622630945,249838.32,662605.41,28,16,28.63
NS46SE_631,1,7_4,3.60202395047,-9999.0,-9999.0,-9999.0,26.8439998627,87.4059170432483,37.5755877752068,249873.99,662602.69,12,8,26.844
NS46SE_632,1,7_4,2.91195592331,-9999.0,-9999.0,-9999.0,29.8532505035,100.252984361451,49.7884872818289,249808.73,662597.78,28,16,29.853
NS46SE_633,1,7_4,7.13392687865,-9999.0,-9999.0,-9999.0,30.3689994812,332.405242108121,95.32746034418,249751.04,662605.38,28,16,30.369
NS46SE_634,1,7_4,6.86596951246,-9999.0,-9999.0,-9999.0,30.5030002594,218.783736575916,69.4500416405055,249781.28,662598.37,12,8,30.503
NS46SE_635,1,7_4,3.41120184277,-9999.0,-9999.0,-9999.0,27.3859996796,85.7646415980084,37.233157731328,249866.88,662591.77,12,8,27.386
NS46SE_636,1,7_4,6.45014005061,-9999.0,-9999.0,-9999.0,36.3470001221,162.029201252755,55.367366653935,249523.37,662592.94,20,12,36.347
NS46SE_637,1,7_4,4.6733511507,-9999.0,-9999.0,-9999.0,17.8479995728,196.631049008873,58.6802536260947,249998.26,662592.14,20,12,17.848
NS46SE_638,1,7_4,3.25039026533,-9999.0,-9999.0,-9999.0,24.5079994202,90.2657746919086,38.1391079461508,249903.9,662588.64,12,8,24.508
NS46SE_639,1,7_4,6.78450999981,-9999.0,-9999.0,-9999.0,27.8770008087,128.695686970316,46.9731307084462,249829.35,662588.61,12,8,27.877
NS46SE_640,1,7_4,3.58352509098,-9999.0,-9999.0,-9999.0,26.9020004272,90.0190311213929,38.2628164872758,249861.52,662579.67,12,8,26.902
NS46SE_641,1,7_4,6.11761844432,-9999.0,-9999.0,-9999.0,26.8596363068,577.074972928631,120.61466994803,249624.79,662587.86,76,40,26.86
NS46SE_642,1,7_4,3.26528052966,-9999.0,-9999.0,-9999.0,22.3299999237,159.983955915435,59.0964607007564,249934.48,662577.89,20,12,22.33
NS46SE_643,1,7_4,3.29869204174,-9999.0,-9999.0,-9999.0,24.9909992218,88.4906907826452,37.8175351634796,249899.9,662575.54,12,8,24.991
NS46SE_644,1,7_4,2.64339263222,-9999.0,-9999.0,-9999.0,34.0149993896,33.9570524952602,26.8617440268905,249554.01,662566.65,8,6,34.015
NS46SE_645,1,7_4,6.65542719246,-9999.0,-9999.0,-9999.0,26.4689998627,128.552065602291,46.9306729987983,249818.34,662571.94,12,8,26.469
NS46SE_646,1,7_4,6.95530320821,-9999.0,-9999.0,-9999.0,30.2299995422,273.537246084155,80.8705480183948,249577.14,662577.93,20,12,30.23
NS46SE_647,1,7_4,3.5977143437,-9999.0,-9999.0,-9999.0,26.263999939,87.9930757166714,37.8645103450809,249854.23,662568.88,12,8,26.264
NS46SE_648,1,7_4,5.67647819519,-9999.0,-9999.0,-9999.0,27.4769992828,139.395302182602,54.477769126449,249775.41,662569.34,20,12,27.477
NS46SE_649,1,7_4,3.62094150741,-9999.0,-9999.0,-9999.0,23.3059997559,89.7193113034127,38.115748834836,249927.09,662567.21,12,8,23.306
NS46SE_650,1,7_4,3.15863197063,-9999.0,-9999.0,-9999.0,25.0909996033,88.7013420372172,37.8581329197558,249896.09,662562.49,12,8,25.091
NS46SE_651,1,7_4,3.75658564722,-9999.0,-9999.0,-9999.0,25.6200008392,89.3422669987786,38.0951266012404,249845.43,662559.0,12,8,25.62
NS46SE_652,1,7_4,6.90901347828,-9999.0,-9999.0,-9999.0,36.8540000916,267.913010728004,78.5711425913527,249519.0,662564.81,12,8,36.854
NS46SE_653,1,7_4,5.92835616329,-9999.0,-9999.0,-9999.0,25.7150001526,133.389343146916,52.8179875674553,249795.19,662557.17,28,16,25.715
NS46SE_654,1,7_4,3.70323094256,-9999.0,-9999.0,-9999.0,23.6319999695,90.6202976673066,38.2513078467886,249923.13,662554.31,12,8,23.632
NS46SE_655,1,7_4,3.22605541695,-9999.0,-9999.0,-9999.0,24.9279994965,87.0803723637048,37.4696842610836,249892.11,662549.55,12,8,24.928
NS46SE_656,1,7_4,3.4978932747,-9999.0,-9999.0,-9999.0,25.111000061,88.7012235555123,37.9248425084015,249838.66,662548.74,12,8,25.111
NS46SE_657,1,7_4,6.85362020992,-9999.0,-9999.0,-9999.0,37.4049987793,61.4701786483559,31.5474184658995,249503.46,662543.59,12,8,37.405
NS46SE_658,1,7_4,6.85491330137,-9999.0,-9999.0,-9999.0,31.2619991302,142.829894759729,51.6666813504967,249569.51,662546.59,12,8,31.262
NS46SE_659,1,7_4,3.50927099516,-9999.0,-9999.0,-9999.0,23.8260002136,90.0971695076545,38.2063857101149,249919.03,662541.21,12,8,23.826
NS46SE_660,1,7_4,3.33669993752,-9999.0,-9999.0,-9999.0,24.5990009308,87.1533797304903,37.4974619461173,249885.43,662536.74,12,8,24.599
NS46SE_661,1,7_4,3.41145107782,-9999.0,-9999.0,-9999.0,24.531999588,87.0170781971826,37.8359599383262,249844.62,662535.3,16,10,24.532
NS46SE_662,1,7_4,3.19412129491,-9999.0,-9999.0,-9999.0,24.5669994354,86.2019313299725,37.3274560809925,249871.85,662532.32,12,8,24.567
NS46SE_663,1,7_4,3.22878531105,-9999.0,-9999.0,-9999.0,24.5009994507,89.9291587521441,36.7833247151636,249858.2,662530.91,16,10,24.501
NS46SE_664,1,7_4,3.52709983091,-9999.0,-9999.0,-9999.0,23.4880008698,90.9195476605423,38.2484595498022,249916.1,662525.7,12,8,23.488
NS46SE_665,1,7_4,3.4579493334,-9999.0,-9999.0,-9999.0,30.2450008392,142.417799893918,49.6084484787154,249564.89,662524.31,12,8,30.245
NS46SE_666,1,7_4,6.15950851291,-9999.0,-9999.0,-9999.0,22.7989997864,2619.17998494059,384.520413965244,249974.87,662540.1,148,74,22.799
NS46SE_667,1,7_4,4.03975577255,-9999.0,-9999.0,-9999.0,23.6609992981,139.853033288397,54.656141714614,249836.88,662504.03,44,24,23.661
NS46SE_410,1,7_5,4.23590722392,-9999.0,-9999.0,-9999.0,10.1000003815,34.2520790772929,29.3504718191119,249522.89,663749.22,8,6,10.1
NS46SE_412,1,7_5,2.60038307033,-9999.0,-9999.0,-9999.0,11.9510002136,27.8677537546469,24.9612973234276,249938.96,663748.01,8,6,11.951
NS46SE_414,1,7_5,7.92532559539,-9999.0,-9999.0,-9999.0,11.1499996185,358.316917503155,85.0827153699765,249872.43,663746.02,32,18,11.15
NS46SE_415,1,7_5,3.80919202189,-9999.0,-9999.0,-9999.0,9.81499958038,420.751357774571,154.000794619077,249563.05,663736.28,76,40,9.815
NS46SE_416,1,7_5,6.28210681093,-9999.0,-9999.0,-9999.0,11.8559999466,146.544899441034,49.4571728786654,249921.12,663734.74,20,12,11.856
NS46SE_417,1,7_5,2.9371372775,-9999.0,-9999.0,-9999.0,10.7349996567,23.4444562452671,23.0892684117205,249860.93,663727.01,8,6,10.735
NS46SE_418,1,7_5,4.13036023595,-9999.0,-9999.0,-9999.0,12.1969995499,193.568163658462,57.2406143163212,249967.45,663731.33,16,10,12.197
NS46SE_420,1,7_5,2.90530155867,-9999.0,-9999.0,-9999.0,12.029999733,73.1387325008402,38.6467293525214,249952.84,663717.67,20,12,12.03
NS46SE_421,1,7_5,5.37773742238,-9999.0,-9999.0,-9999.0,11.0290002823,212.717927441928,70.7016941489301,249876.28,663720.24,44,24,11.029
NS46SE_422,1,7_5,6.54019230137,-9999.0,-9999.0,-9999.0,11.8109998703,136.71761583442,47.0648952351464,249920.46,663716.04,12,8,11.811
NS46SE_423,1,7_5,2.42634670386,-9999.0,-9999.0,-9999.0,11.779999733,24.373188754388,24.5921165231262,249932.27,663710.1,8,6,11.78
NS46SE_424,1,7_5,5.88660149426,-9999.0,-9999.0,-9999.0,12.2469997406,147.913583869999,52.6495175796299,249970.22,663711.29,28,16,12.247
NS46SE_425,1,7_5,6.76244979005,-9999.0,-9999.0,-9999.0,9.86800003052,198.282284783917,64.5571357429501,249623.79,663708.98,32,18,9.868
NS46SE_426,1,7_5,7.39951008401,-9999.0,-9999.0,-9999.0,10.0100002289,169.49602982019,54.5219672184438,249673.33,663707.78,12,8,10.01
NS46SE_427,1,7_5,3.89328224182,-9999.0,-9999.0,-9999.0,10.0069999695,252.725937939391,67.7722304107331,249576.18,663713.38,32,18,10.007
NS46SE_428,1,7_5,9.80338381501,-9999.0,-9999.0,-9999.0,10.2087917328,920.679535477504,165.263813026481,249531.77,663711.87,44,24,10.209
NS46SE_429,1,7_5,2.45528240819,-9999.0,-9999.0,-9999.0,12.2193994522,44.3817150032634,34.2530227082302,249955.52,663702.07,8,6,12.219
NS46SE_430,1,7_5,14.8334473187,-9999.0,-9999.0,-9999.0,10.015999794,226.005737531247,60.4558716732022,249598.82,663706.26,12,8,10.016
NS46SE_431,1,7_5,2.20479419155,-9999.0,-9999.0,-9999.0,10.8229999542,33.836778752464,32.7644386645989,249826.94,663701.21,24,14,10.823
NS46SE_432,1,7_5,13.2183197917,-9999.0,-9999.0,-9999.0,10.123000145,635.118028565828,134.014598856161,249709.34,663702.43,28,16,10.123
NS46SE_433,1,7_5,7.44481486504,-9999.0,-9999.0,-9999.0,10.156999588,175.967279758316,55.4859758636148,249742.22,663699.78,28,16,10.157
NS46SE_434,1,7_5,3.28748195378,-9999.0,-9999.0,-9999.0,12.0174999237,66.7057087474899,31.6847474552334,249944.87,663698.17,16,10,12.018
NS46SE_435,1,7_5,11.8790825694,-9999.0,-9999.0,-9999.0,9.64599990845,676.728169250465,114.853087075554,249772.76,663699.54,12,8,9.646
NS46SE_436,1,7_5,7.2038115039,-9999.0,-9999.0,-9999.0,10.4130001068,489.859718977694,114.300614751438,249809.62,663699.51,60,32,10.413
NS46SE_437,1,7_5,5.21341622544,-9999.0,-9999.0,-9999.0,12.5229997635,148.366834140233,52.1333364771458,249925.71,663695.4,28,16,12.523
NS46SE_438,1,7_5,7.13263632117,-9999.0,-9999.0,-9999.0,10.8190002441,288.932325016782,83.7327933320197,249844.09,663696.04,48,26,10.819
NS46SE_439,1,7_5,7.36841585068,-9999.0,-9999.0,-9999.0,11.640999794,481.603668404055,105.801354334428,249878.04,663698.42,44,24,11.641
NS46SE_440,1,7_5,5.20759500559,-9999.0,-9999.0,-9999.0,12.3330001831,183.008668222753,64.1525975716945,249969.82,663690.91,36,20,12.333
NS46SE_441,1,7_5,7.50287226169,-9999.0,-9999.0,-9999.0,10.3699998856,123.794351114869,49.2969716833789,249565.98,663674.66,20,12,10.37
NS46SE_442,1,7_5,9.92204818235,-9999.0,-9999.0,-9999.0,10.2840003967,218.549710992334,61.7191758656026,249587.02,663674.34,12,8,10.284
NS46SE_443,1,7_5,11.6953366678,-9999.0,-9999.0,-9999.0,10.1009998322,1119.85856049351,196.67884748275,249661.9,663669.16,28,16,10.101
NS46SE_444,1,7_5,6.08970040319,-9999.0,-9999.0,-9999.0,10.6639995575,224.300216145337,68.247831697011,249508.93,663670.84,12,8,10.664
NS46SE_445,1,7_5,6.15367634268,-9999.0,-9999.0,-9999.0,10.7749996185,219.414051939958,67.9476007824926,249540.7,663669.26,12,8,10.775
NS46SE_446,1,7_5,6.40389651543,-9999.0,-9999.0,-9999.0,11.7430000305,152.316565470283,53.1986669353409,249512.74,663637.8,12,8,11.743
NS46SE_447,1,7_5,6.29071597564,-9999.0,-9999.0,-9999.0,11.2829999924,159.144948952074,54.2286950223001,249533.89,663636.84,12,8,11.283
NS46SE_448,1,7_5,7.68939307096,-9999.0,-9999.0,-9999.0,13.3109998703,884.266776610809,124.113702625891,249970.4,663634.32,28,16,13.311
NS46SE_449,1,7_5,10.1904875267,-9999.0,-9999.0,-9999.0,10.5410003662,401.441891939357,95.7995112007543,249600.99,663639.15,12,8,10.541
NS46SE_451,1,7_5,9.99813047758,-9999.0,-9999.0,-9999.0,10.2869997025,343.410945694617,93.373307247935,249696.54,663632.39,36,20,10.287
NS46SE_452,1,7_5,10.0677596641,-9999.0,-9999.0,-9999.0,10.6350002289,410.796307578038,98.0065493757594,249634.51,663628.01,20,12,10.635
NS46SE_453,1,7_5,6.08305410623,-9999.0,-9999.0,-9999.0,12.7030000687,180.650651248291,78.1121424215935,249523.96,663610.46,44,24,12.703
NS46SE_454,1,7_5,6.20322007151,-9999.0,-9999.0,-9999.0,11.399523735,361.614221509979,103.017543581333,249559.22,663621.17,12,8,11.399
NS46SE_455,1,7_5,10.1481320656,-9999.0,-9999.0,-9999.0,10.6239995956,486.704099718319,115.775946725797,249666.8,663604.28,28,16,10.624
NS46SE_456,1,7_5,6.27852488435,-9999.0,-9999.0,-9999.0,14.8780002594,126.695361037258,46.5201395430643,249507.27,663578.59,12,8,14.878
NS46SE_457,1,7_5,10.3313936116,-9999.0,-9999.0,-9999.0,11.1160001755,472.521889728473,111.577944714718,249611.89,663595.67,12,8,11.116
NS46SE_458,1,7_5,6.11317312264,-9999.0,-9999.0,-9999.0,12.8310003281,387.165818587179,104.560079520936,249556.39,663576.41,12,8,12.831
NS46SE_459,1,7_5,3.72705657747,-9999.0,-9999.0,-9999.0,11.4659996033,26.0685000028363,24.057520704095,249840.21,663566.62,8,6,11.466
NS46SE_460,1,7_5,6.16114336945,-9999.0,-9999.0,-9999.0,11.3350000381,155.950635848763,50.9947312269311,249891.44,663566.74,12,8,11.335
NS46SE_461,1,7_5,6.16192275751,-9999.0,-9999.0,-9999.0,11.4479999542,102.891147141244,40.5777026582321,249831.03,663553.99,12,8,11.448
NS46SE_462,1,7_5,6.13198265449,-9999.0,-9999.0,-9999.0,13.1579999924,383.427488334731,105.179054688976,249521.89,663549.69,12,8,13.158
NS46SE_463,1,7_5,5.5915777086,-9999.0,-9999.0,-9999.0,11.2690000534,260.979381397937,85.4241426986928,249862.17,663556.87,44,24,11.269
NS46SE_464,1,7_5,9.74868298057,-9999.0,-9999.0,-9999.0,10.8299999237,206.348125705253,58.9382379717072,249979.85,663548.71,40,22,10.83
NS46SE_465,1,7_5,6.02721768756,-9999.0,-9999.0,-9999.0,11.4619998932,99.5800523556085,40.0105381079369,249836.09,663543.99,12,8,11.462
NS46SE_466,1,7_5,6.38030148797,-9999.0,-9999.0,-9999.0,11.6829996109,155.310529842335,50.7456087014065,249805.23,663545.94,12,8,11.683
NS46SE_467,1,7_5,6.20284255029,-9999.0,-9999.0,-9999.0,11.2840003967,167.740052588238,53.2285713713407,249896.63,663535.69,12,8,11.284
NS46SE_468,1,7_5,3.44971832654,-9999.0,-9999.0,-9999.0,11.4729995728,36.0193499916289,25.1828850255553,249792.84,663530.06,12,8,11.473
NS46SE_469,1,7_5,6.0812638309,-9999.0,-9999.0,-9999.0,11.0260000229,111.550816315059,43.81675831924,249866.28,663530.77,20,12,11.026
NS46SE_470,1,7_5,6.20764311175,-9999.0,-9999.0,-9999.0,11.9449996948,100.175021220781,40.0456950087739,249807.8,663527.47,12,8,11.945
NS46SE_471,1,7_5,6.21864282379,-9999.0,-9999.0,-9999.0,11.6029996872,171.361173168043,53.787755255108,249839.78,663524.92,12,8,11.603
NS46SE_472,1,7_5,6.11619579886,-9999.0,-9999.0,-9999.0,11.0530004501,102.437899746766,40.5031356824383,249867.09,663517.89,12,8,11.053
NS46SE_473,1,7_5,6.02825798008,-9999.0,-9999.0,-9999.0,10.7489995956,113.017035488432,42.5925506414583,249897.58,663515.29,12,8,10.749
NS46SE_474,1,7_5,6.08709677493,-9999.0,-9999.0,-9999.0,11.857000351,165.733538673933,52.5572691252768,249809.86,663513.52,12,8,11.857
NS46SE_475,1,7_5,6.17941278159,-9999.0,-9999.0,-9999.0,11.4650001526,103.517907710113,40.7599672807801,249841.97,663508.11,12,8,11.465
NS46SE_476,1,7_5,5.99720685664,-9999.0,-9999.0,-9999.0,10.7939996719,103.560861247354,40.8184063280383,249899.99,663504.67,12,8,10.794
NS46SE_477,1,7_5,6.1285951983,-9999.0,-9999.0,-9999.0,10.968000412,154.58075505357,50.687548253192,249869.14,663503.55,12,8,10.968
NS46SE_478,1,7_5,2.95429072567,-9999.0,-9999.0,-9999.0,10.5760002136,45.7034625045871,27.0929826071884,249898.93,663495.71,12,8,10.576
NS46SE_479,1,7_5,5.95560861544,-9999.0,-9999.0,-9999.0,11.3879995346,100.082268749828,40.1311687310735,249843.35,663496.99,12,8,11.388
NS46SE_480,1,7_5,3.92127395321,-9999.0,-9999.0,-9999.0,10.361000061,42.2774967931278,28.3531908091133,249968.5,663490.55,20,12,10.361
NS46SE_481,1,7_5,5.55470047348,-9999.0,-9999.0,-9999.0,11.3140001297,202.44527029414,62.6989441381573,249814.19,663492.01,20,12,11.314
NS46SE_482,1,7_5,5.85910509121,-9999.0,-9999.0,-9999.0,10.265999794,226.960078561322,80.8636402678953,249906.38,663481.76,36,20,10.266
NS46SE_483,1,7_5,4.93000184468,-9999.0,-9999.0,-9999.0,10.9739999771,168.66466307648,58.7929250095118,249862.21,663476.46,28,16,10.974
NS46SE_484,1,7_5,6.26234166391,-9999.0,-9999.0,-9999.0,11.0480003357,107.251249359231,41.4540172914027,249843.94,663472.56,12,8,11.048
NS46SE_485,1,7_5,5.90920057746,-9999.0,-9999.0,-9999.0,10.938750267,689.121889516636,150.510241875656,249803.82,663466.68,84,44,10.939
NS46SE_486,1,7_5,5.80315751702,-9999.0,-9999.0,-9999.0,10.9239997864,408.357166654834,97.1744932971624,249758.95,663459.04,52,28,10.924
NS46SE_487,1,7_5,5.8420186236,-9999.0,-9999.0,-9999.0,9.86900043488,1981.36024460233,216.675236785729,249979.76,663454.98,56,30,9.869
NS46SE_488,1,7_5,5.95222030811,-9999.0,-9999.0,-9999.0,10.9580001831,559.665644347078,153.352482179972,249840.6,663439.79,76,40,10.958
NS46SE_489,1,7_5,3.51784942971,-9999.0,-9999.0,-9999.0,11.0450000763,31.8393225086471,23.6031418319455,249862.66,663428.81,12,8,11.045
NS46SE_490,1,7_5,5.64812584853,-9999.0,-9999.0,-9999.0,10.9799995422,401.945744552356,86.6372202072373,249776.42,663429.96,44,24,10.98
NS46SE_491,1,7_5,12.7464897326,-9999.0,-9999.0,-9999.0,9.79300022125,363.523434730385,83.0294254019989,249926.58,663426.61,20,12,9.793
NS46SE_492,1,7_5,4.09758543501,-9999.0,-9999.0,-9999.0,11.2586927414,28.406606252335,27.0912179047142,249886.82,663380.92,16,10,11.259
NS46SE_493,1,7_5,5.88910960687,-9999.0,-9999.0,-9999.0,10.2139997482,856.855612153823,251.368142802249,249920.0,663376.76,92,48,10.214
NS46SE_494,1,7_5,4.90768166951,-9999.0,-9999.0,-9999.0,11.4479999542,42.3194512552277,39.4079247561371,249892.41,663344.1,16,10,11.448
NS46SE_498,1,7_5,5.62577219787,-9999.0,-9999.0,-9999.0,10.6190004349,120.622537850464,46.6174476952455,249945.61,663270.51,20,12,10.619
NS46SE_499,1,7_5,3.81862036387,-9999.0,-9999.0,-9999.0,10.8979997635,21.5704275036602,22.1597608837884,249937.59,663260.51,8,6,10.898
NS46SE_500,1,7_5,5.15260423364,-9999.0,-9999.0,-9999.0,11.2880001068,201.617062848698,59.9222008317103,249993.05,663250.1,20,12,11.288
NS46SE_501,1,7_5,3.20127389775,-9999.0,-9999.0,-9999.0,10.7600002289,49.3190500386789,29.4152728682459,249954.89,663242.02,12,8,10.76
NS46SE_503,1,7_5,6.25476101657,-9999.0,-9999.0,-9999.0,10.8697137833,93.8558985196973,38.7626952179556,249954.46,663232.27,12,8,10.87
NS46SE_504,1,7_5,3.17951074343,-9999.0,-9999.0,-9999.0,10.8140001297,45.7684387500723,27.1285638951103,249945.56,663222.97,12,8,10.814
NS46SE_506,1,7_5,6.28645275116,-9999.0,-9999.0,-9999.0,10.8281993866,89.6634175519891,37.9028467247457,249957.34,663217.8,12,8,10.828
NS46SE_508,1,7_5,5.97122773093,-9999.0,-9999.0,-9999.0,10.7559995651,97.7802905861192,40.7027645944982,249958.96,663197.87,20,12,10.756
NS46SE_510,1,7_5,5.87848167368,-9999.0,-9999.0,-9999.0,10.7930002213,98.4731511016217,40.1618397208129,249960.9,663187.94,12,8,10.793
NS46SE_512,1,7_5,5.62679790855,-9999.0,-9999.0,-9999.0,10.6490001678,533.00919079546,197.206622411415,249972.2,663155.12,100,52,10.649
NS46SE_513,1,7_5,5.78794609666,-9999.0,-9999.0,-9999.0,10.3030004501,956.532991834328,171.090134532946,249907.28,663158.54,92,48,10.303
NS46SE_514,1,7_5,6.21855171245,-9999.0,-9999.0,-9999.0,11.2170000076,101.984611348025,40.4176090160693,249922.56,663125.12,12,8,11.217
NS46SE_516,1,7_5,5.80856893242,-9999.0,-9999.0,-9999.0,10.7810001373,1279.40976502795,228.109541464828,249941.26,663157.23,124,64,10.781
NS46SE_254,1,7_6,4.224039299,-9999.0,-9999.0,-9999.0,14.1199998856,180.447748755487,56.2896800961696,249837.66,664370.84,20,12,14.12
NS46SE_255,1,7_6,7.04409508643,-9999.0,-9999.0,-9999.0,13.9630002975,199.654685494778,63.8054242193719,249856.73,664371.18,28,16,13.963
NS46SE_256,1,7_6,5.88763445336,-9999.0,-9999.0,-9999.0,15.267999649,155.825649732742,52.6146207154825,249788.58,664371.27,20,12,15.268
NS46SE_257,1,7_6,4.2720885934,-9999.0,-9999.0,-9999.0,14.0419998169,653.737605220401,173.114614267617,249894.16,664371.73,96,50,14.042
NS46SE_258,1,7_6,4.25298704716,-9999.0,-9999.0,-9999.0,15.3950004578,454.179149568475,148.030726875687,249989.42,664373.84,76,40,15.395
NS46SE_259,1,7_6,4.73652609255,-9999.0,-9999.0,-9999.0,14.795999527,194.312661266614,62.2581917247803,249802.46,664356.45,28,16,14.796
NS46SE_260,1,7_6,7.03780799917,-9999.0,-9999.0,-9999.0,15.0069999695,211.341330309187,66.6811738763847,249752.54,664354.33,36,20,15.007
NS46SE_261,1,7_6,6.93076706838,-9999.0,-9999.0,-9999.0,12.0839996338,214.820686167842,63.0348692208783,249546.74,664353.15,12,8,12.084
NS46SE_262,1,7_6,6.17910827001,-9999.0,-9999.0,-9999.0,12.7709999084,134.898645004671,49.3132328648077,249590.95,664347.04,20,12,12.771
NS46SE_263,1,7_6,5.53135784365,-9999.0,-9999.0,-9999.0,12.4390001297,199.646937971384,72.1676732748249,249611.86,664342.11,36,20,12.439
NS46SE_264,1,7_6,5.34495491569,-9999.0,-9999.0,-9999.0,12.9709997177,212.57918903623,76.0291168149461,249631.1,664341.16,36,20,12.971
NS46SE_265,1,7_6,4.41288624629,-9999.0,-9999.0,-9999.0,14.8070001602,226.776326352829,64.6399100463936,249732.51,664341.65,28,16,14.807
NS46SE_266,1,7_6,5.80546723521,-9999.0,-9999.0,-9999.0,14.6949996948,140.48837860745,59.1710353670719,249809.98,664337.44,36,20,14.695
NS46SE_267,1,7_6,6.88480984336,-9999.0,-9999.0,-9999.0,12.1800003052,221.556297546452,63.7971859101387,249573.99,664335.04,12,8,12.18
NS46SE_268,1,7_6,6.82500130694,-9999.0,-9999.0,-9999.0,11.8819999695,216.842548014293,63.2755863984116,249544.54,664327.71,12,8,11.882
NS46SE_269,1,7_6,3.38948239938,-9999.0,-9999.0,-9999.0,11.4650001526,65.738507771681,32.6065374216256,249513.71,664314.81,12,8,11.465
NS46SE_270,1,7_6,5.39554231215,-9999.0,-9999.0,-9999.0,14.2740001678,203.851499211777,77.1107662905711,249824.34,664319.16,36,20,14.274
NS46SE_271,1,7_6,6.21881425664,-9999.0,-9999.0,-9999.0,11.6610002518,119.427768235993,44.5828820286292,249543.74,664307.12,12,8,11.661
NS46SE_272,1,7_6,6.91279173243,-9999.0,-9999.0,-9999.0,11.8140001297,214.45797623842,63.5538380647508,249572.61,664309.6,12,8,11.814
NS46SE_273,1,7_6,6.24641680206,-9999.0,-9999.0,-9999.0,11.4280004501,120.582185978082,44.8958338718438,249602.35,664300.93,12,8,11.428
NS46SE_274,1,7_6,6.1124664807,-9999.0,-9999.0,-9999.0,14.3229999542,902.688837216771,192.847585142998,249769.11,664319.72,116,60,14.323
NS46SE_275,1,7_6,6.27446647086,-9999.0,-9999.0,-9999.0,11.3249998093,117.212117257403,44.2578968983164,249585.62,664294.24,12,8,11.325
NS46SE_276,1,7_6,6.09481522976,-9999.0,-9999.0,-9999.0,11.5010004044,120.850198146178,44.848138663805,249532.02,664293.99,12,8,11.501
NS46SE_277,1,7_6,7.09217820673,-9999.0,-9999.0,-9999.0,11.779999733,202.393923379391,58.3079101201006,249509.67,664292.92,12,8,11.78
NS46SE_278,1,7_6,5.86734937194,-9999.0,-9999.0,-9999.0,11.4790000916,147.777903179582,58.2176011059974,249617.95,664294.51,44,24,11.479
NS46SE_279,1,7_6,3.29695086181,-9999.0,-9999.0,-9999.0,14.2869997025,34.736193748508,24.2334705522957,249816.0,664288.76,12,8,14.287
NS46SE_280,1,7_6,6.31842455211,-9999.0,-9999.0,-9999.0,11.4090003967,121.1251974231,44.8797720983059,249623.11,664277.61,12,8,11.409
NS46SE_281,1,7_6,2.68777152232,-9999.0,-9999.0,-9999.0,12.732000351,62.5615312531025,34.7962577469334,249727.06,664274.14,20,12,12.732
NS46SE_282,1,7_6,6.06797107708,-9999.0,-9999.0,-9999.0,10.9130001068,166.626478073367,57.6754511149941,249583.43,664263.3,28,16,10.913
NS46SE_283,1,7_6,5.04641302928,-9999.0,-9999.0,-9999.0,12.138999939,88.3386743314059,53.8451707440785,249504.6,664261.66,36,20,12.139
NS46SE_284,1,7_6,5.84966240264,-9999.0,-9999.0,-9999.0,11.2049999237,133.243004399991,48.2840784568649,249617.11,664261.93,20,12,11.205
NS46SE_285,1,7_6,6.91221964589,-9999.0,-9999.0,-9999.0,12.1219997406,1548.55980958403,360.869466843508,249702.04,664302.77,208,106,12.122
NS46SE_286,1,7_6,6.772085486,-9999.0,-9999.0,-9999.0,13.6719999313,439.585181937341,130.014929156667,249780.22,664271.7,68,36,13.672
NS46SE_287,1,7_6,6.04790007273,-9999.0,-9999.0,-9999.0,11.2419996262,125.595702106957,45.9163278411968,249600.33,664256.91,12,8,11.242
NS46SE_288,1,7_6,6.21393980958,-9999.0,-9999.0,-9999.0,12.2010002136,455.240287232125,108.980674565274,249726.86,664260.38,52,28,12.201
NS46SE_289,1,7_6,6.09472286964,-9999.0,-9999.0,-9999.0,10.9230003357,585.389063055945,173.577953635497,249549.16,664258.18,60,32,10.923
NS46SE_290,1,7_6,6.1977419473,-9999.0,-9999.0,-9999.0,12.9160003662,240.651115549875,69.1794534977542,249786.78,664244.2,44,24,12.916
NS46SE_291,1,7_6,6.13377775977,-9999.0,-9999.0,-9999.0,11.7919998169,122.876542541689,45.075600136114,249528.19,664231.48,12,8,11.792
NS46SE_292,1,7_6,7.29782144654,-9999.0,-9999.0,-9999.0,13.1370000839,373.302646353965,87.4031149485583,249833.18,664236.9,36,20,13.137
NS46SE_293,1,7_6,6.91630145146,-9999.0,-9999.0,-9999.0,11.0430002213,228.683643401803,69.9304844095699,249583.77,664231.04,20,12,11.043
NS46SE_294,1,7_6,6.23309965066,-9999.0,-9999.0,-9999.0,11.5679998398,218.999111773593,63.586992413325,249694.69,664233.07,36,20,11.568
NS46SE_295,1,7_6,5.92502107002,-9999.0,-9999.0,-9999.0,11.8959999084,506.722193176593,122.724185663004,249728.04,664231.4,64,34,11.896
NS46SE_296,1,7_6,7.73599694789,-9999.0,-9999.0,-9999.0,12.1719999313,224.698547605168,64.5425899300877,249791.28,664225.8,20,12,12.172
NS46SE_297,1,7_6,6.16274473956,-9999.0,-9999.0,-9999.0,11.468000412,122.668645929751,45.3103753151212,249563.34,664223.29,12,8,11.468
NS46SE_298,1,7_6,6.07090314568,-9999.0,-9999.0,-9999.0,11.2299995422,119.948041141604,44.6793648714179,249603.51,664221.21,12,8,11.23
NS46SE_299,1,7_6,6.90014062418,-9999.0,-9999.0,-9999.0,11.6260004044,218.836270283673,63.7083499512448,249543.11,664217.79,12,8,11.626
NS46SE_300,1,7_6,6.89274139249,-9999.0,-9999.0,-9999.0,11.0170001984,218.132310167893,63.4038404394115,249623.07,664213.82,12,8,11.017
NS46SE_301,1,7_6,14.003429948,-9999.0,-9999.0,-9999.0,10.7700004578,2050.18692943816,331.799542846166,249661.92,664277.85,28,16,10.77
NS46SE_302,1,7_6,6.82112046249,-9999.0,-9999.0,-9999.0,11.5760002136,179.788791360577,60.6770668809993,249728.73,664207.76,28,16,11.576
NS46SE_303,1,7_6,5.92827181392,-9999.0,-9999.0,-9999.0,11.2670001984,246.257474662763,64.4923968784653,249695.78,664210.73,32,18,11.267
NS46SE_304,1,7_6,6.57904263784,-9999.0,-9999.0,-9999.0,12.0719995499,288.703170453845,73.7228549109735,249793.54,664207.9,28,16,12.072
NS46SE_305,1,7_6,3.18864151132,-9999.0,-9999.0,-9999.0,11.8369998932,68.0002725037803,36.0695627082996,249759.72,664199.93,12,8,11.837
NS46SE_306,1,7_6,2.28749000595,-9999.0,-9999.0,-9999.0,11.7060003281,22.6878637449786,24.0376323787381,249745.01,664195.5,16,10,11.706
NS46SE_307,1,7_6,6.95522721068,-9999.0,-9999.0,-9999.0,11.9659996033,320.060494143644,97.9706729710365,249505.65,664212.53,20,12,11.966
NS46SE_308,1,7_6,6.24409712795,-9999.0,-9999.0,-9999.0,11.5860004425,125.543242738495,49.6529476403293,249586.49,664188.29,20,12,11.586
NS46SE_309,1,7_6,7.08124942098,-9999.0,-9999.0,-9999.0,12.0880002975,242.650886797001,65.0938868157889,249798.64,664191.98,28,16,12.088
NS46SE_310,1,7_6,6.92688767134,-9999.0,-9999.0,-9999.0,11.5970001221,215.954895012509,63.4877622176371,249546.23,664188.47,12,8,11.597
NS46SE_311,1,7_6,6.49714960928,-9999.0,-9999.0,-9999.0,11.4479999542,140.331815628702,49.1108339674769,249605.38,664185.36,12,8,11.448
NS46SE_312,1,7_6,6.09474795784,-9999.0,-9999.0,-9999.0,11.8299999237,147.98526803781,54.5334956041792,249567.27,664185.63,28,16,11.83
NS46SE_313,1,7_6,6.85401064394,-9999.0,-9999.0,-9999.0,11.1999998093,214.925686417906,63.5631055634261,249626.37,664184.4,12,8,11.2
NS46SE_314,1,7_6,7.09575944395,-9999.0,-9999.0,-9999.0,11.4739999771,223.643437145313,60.0105811549387,249717.6,664181.25,12,8,11.474
NS46SE_315,1,7_6,5.78497409396,-9999.0,-9999.0,-9999.0,11.4899997711,299.655994887386,83.5450241010014,249740.26,664180.08,52,28,11.49
NS46SE_316,1,7_6,6.41732166002,-9999.0,-9999.0,-9999.0,11.8509998322,142.774752753387,49.522575088317,249526.57,664180.04,12,8,11.851
NS46SE_317,1,7_6,5.84131372819,-9999.0,-9999.0,-9999.0,11.1750001907,235.968719964914,71.1330611763509,249693.03,664181.24,52,28,11.175
NS46SE_318,1,7_6,5.67135538907,-9999.0,-9999.0,-9999.0,11.9440002441,193.223935511759,60.6814419120369,249802.57,664175.31,36,20,11.944
NS46SE_319,1,7_6,2.89469416354,-9999.0,-9999.0,-9999.0,10.7810001373,50.8050225008019,28.645621164073,249639.27,664166.92,12,8,10.781
NS46SE_320,1,7_6,2.83285688646,-9999.0,-9999.0,-9999.0,11.123000145,29.0465175025612,22.1957826280981,249686.64,664165.12,12,8,11.123
NS46SE_321,1,7_6,2.49144861802,-9999.0,-9999.0,-9999.0,11.0080003738,31.7482499980495,24.2119224814014,249701.15,664165.12,12,8,11.008
NS46SE_322,1,7_6,2.61607024053,-9999.0,-9999.0,-9999.0,11.4111537933,37.2789562471178,24.7213592853354,249755.64,664163.62,12,8,11.411
NS46SE_323,1,7_6,11.8505356035,-9999.0,-9999.0,-9999.0,10.6160001755,644.493526965104,126.349992017965,249654.0,664172.86,24,14,10.616
NS46SE_324,1,7_6,3.48610025958,-9999.0,-9999.0,-9999.0,12.3129997253,43.1733262515399,45.6185834599827,249501.79,664147.31,8,6,12.313
NS46SE_325,1,7_6,6.80884798877,-9999.0,-9999.0,-9999.0,10.9949998856,572.210960553271,114.209928872011,249696.91,664136.77,44,24,10.995
NS46SE_326,1,7_6,6.5230697018,-9999.0,-9999.0,-9999.0,11.25,185.211434432547,59.715340582622,249721.23,664134.35,28,16,11.25
NS46SE_327,1,7_6,6.21901620828,-9999.0,-9999.0,-9999.0,11.3699998856,157.838182825255,50.2599318714941,249736.94,664131.52,12,8,11.37
NS46SE_328,1,7_6,5.98023862526,-9999.0,-9999.0,-9999.0,11.5080003738,155.900363939528,49.9455958450813,249752.23,664131.06,12,8,11.508
NS46SE_329,1,7_6,10.9562651223,-9999.0,-9999.0,-9999.0,11.0833330154,2262.20061094117,392.168036736009,249591.16,664137.66,100,52,11.083
NS46SE_330,1,7_6,6.21168170311,-9999.0,-9999.0,-9999.0,11.2600002289,182.049500977412,56.2984286711908,249767.59,664131.9,20,12,11.26
NS46SE_331,1,7_6,7.13178930383,-9999.0,-9999.0,-9999.0,11.6370000839,274.197663599811,77.169989702266,249785.57,664131.24,28,16,11.637
NS46SE_332,1,7_6,6.86108643878,-9999.0,-9999.0,-9999.0,11.5670003891,186.432599331843,66.0241672580182,249804.85,664129.68,36,20,11.567
NS46SE_333,1,7_6,5.78301216378,-9999.0,-9999.0,-9999.0,11.545999527,135.204459674847,49.0937174238042,249819.02,664127.18,28,16,11.546
NS46SE_334,1,7_6,2.90592280494,-9999.0,-9999.0,-9999.0,12.0430002213,25.7632162558849,25.1982801405511,249888.04,664098.64,8,6,12.043
NS46SE_335,1,7_6,10.0819366263,-9999.0,-9999.0,-9999.0,10.8649997711,1235.43368822923,249.892936232683,249655.26,664093.03,84,44,10.865
NS46SE_336,1,7_6,10.0187900551,-9999.0,-9999.0,-9999.0,11.795999527,745.132917207365,134.446090230782,249515.88,664094.58,56,30,11.796
NS46SE_337,1,7_6,7.07971605961,-9999.0,-9999.0,-9999.0,11.0600004196,728.378543036282,164.668244749263,249736.78,664083.01,84,44,11.06
NS46SE_338,1,7_6,5.4547189334,-9999.0,-9999.0,-9999.0,11.3839998245,408.091510991418,136.663921353509,249800.35,664081.36,92,48,11.384
NS46SE_339,1,7_6,5.97456847408,-9999.0,-9999.0,-9999.0,11.8699998856,148.535038602686,49.8178860545715,249886.22,664079.82,20,12,11.87
NS46SE_340,1,7_6,2.58885781905,-9999.0,-9999.0,-9999.0,11.5920000076,24.5681024994376,23.1885935121293,249763.29,664074.94,8,6,11.592
NS46SE_341,1,7_6,8.10791489182,-9999.0,-9999.0,-9999.0,11.6180000305,209.349853608266,62.1506220288914,249826.56,664079.92,20,12,11.618
NS46SE_342,1,7_6,5.7682598537,-9999.0,-9999.0,-9999.0,11.5570001602,265.721212828191,79.6439776150152,249772.56,664080.98,52,28,11.557
NS46SE_343,1,7_6,5.3058565481,-9999.0,-9999.0,-9999.0,11.9420003891,407.177271732079,127.62181949795,249914.71,664076.69,84,44,11.942
NS46SE_344,1,7_6,8.07634736966,-9999.0,-9999.0,-9999.0,11.5030002594,1061.94744135834,194.514389485053,249559.38,664088.7,72,36,11.503
NS46SE_345,1,7_6,6.06670221142,-9999.0,-9999.0,-9999.0,12.6210002899,220.328454571861,65.4618995840521,249974.83,664074.98,36,20,12.621
NS46SE_346,1,7_6,6.39987471972,-9999.0,-9999.0,-9999.0,12.5579996109,191.291208363483,63.6393428736979,249952.57,664074.55,32,18,12.558
NS46SE_347,1,7_6,6.56218625191,-9999.0,-9999.0,-9999.0,11.7779998779,301.611271658586,75.9914463634825,249864.72,664076.13,36,20,11.778
NS46SE_348,1,7_6,6.36508759544,-9999.0,-9999.0,-9999.0,13.0240001678,270.853585762914,64.8921284420589,249996.32,664071.79,16,10,13.024
NS46SE_349,1,7_6,5.0848324753,-9999.0,-9999.0,-9999.0,10.9630002975,761.140510388195,135.890221708798,249604.23,664071.94,60,32,10.963
NS46SE_350,1,7_6,2.86382154684,-9999.0,-9999.0,-9999.0,11.7539997101,121.155778731142,54.4047408284099,249876.24,664064.86,20,12,11.754
NS46SE_351,1,7_6,2.28525555271,-9999.0,-9999.0,-9999.0,11.4969997406,25.5846900030358,23.6023233578353,249757.79,664051.87,8,6,11.497
NS46SE_352,1,7_6,19.7395422923,-9999.0,-9999.0,-9999.0,11.0360002518,23.6944087537134,22.5094212108035,249711.13,664049.74,8,6,11.036
NS46SE_353,1,7_6,4.64798283097,-9999.0,-9999.0,-9999.0,10.3179998398,86.5751997341305,63.5763093952005,249703.21,664058.02,32,18,10.318
NS46SE_354,1,7_6,16.5315880962,-9999.0,-9999.0,-9999.0,11.0900001526,30.037049997967,25.2368881048254,249734.49,664045.76,8,6,11.09
NS46SE_355,1,7_6,18.2504800873,-9999.0,-9999.0,-9999.0,10.9849996567,104.821297167178,67.781834160124,249747.68,664046.41,64,32,10.985
NS46SE_356,1,7_6,15.6564397909,-9999.0,-9999.0,-9999.0,11.0190000534,109.34670189571,44.3106359041388,249714.92,664034.15,36,20,11.019
NS46SE_357,1,7_6,6.33156919924,-9999.0,-9999.0,-9999.0,11.6660003662,228.305463885796,75.1806744456657,249875.61,664030.22,44,24,11.666
NS46SE_358,1,7_6,2.4881060094,-9999.0,-9999.0,-9999.0,11.2010002136,43.8165600017547,26.8872010650876,249811.09,664021.2,12,8,11.201
NS46SE_359,1,7_6,2.45391094527,-9999.0,-9999.0,-9999.0,12.220000267,61.8764437446523,32.598009393888,249924.24,664021.69,12,8,12.22
NS46SE_360,1,7_6,5.53755464854,-9999.0,-9999.0,-9999.0,11.3330001831,330.767033481179,99.4699555510878,249828.46,664030.36,60,32,11.333
NS46SE_361,1,7_6,5.25921516216,-9999.0,-9999.0,-9999.0,11.4300003052,29.0789100011871,24.9580551519453,249640.61,664014.64,8,6,11.43
NS46SE_363,1,7_6,4.13682075095,-9999.0,-9999.0,-9999.0,12.4600000381,246.477154204051,80.3911789141793,249911.01,664012.14,64,34,12.46
NS46SE_364,1,7_6,4.7502333337,-9999.0,-9999.0,-9999.0,12.2530002594,257.284538012215,87.309690837358,249935.11,664013.55,60,32,12.253
NS46SE_365,1,7_6,5.81240711955,-9999.0,-9999.0,-9999.0,11.4250001907,286.59077303459,76.2385866684833,249829.56,664012.81,36,20,11.425
NS46SE_366,1,7_6,4.26105307366,-9999.0,-9999.0,-9999.0,12.4969997406,613.666829090022,170.506946560348,249969.85,664015.11,92,48,12.497
NS46SE_367,1,7_6,7.3427617705,-9999.0,-9999.0,-9999.0,11.7329998016,310.38349933982,76.145791508219,249879.94,664012.77,28,16,11.733
NS46SE_368,1,7_6,14.3451748967,-9999.0,-9999.0,-9999.0,10.8350000381,111.148620269463,47.6275963347879,249714.38,664009.07,36,20,10.835
NS46SE_369,1,7_6,5.81099830082,-9999.0,-9999.0,-9999.0,11.6606798172,3368.68412146805,258.439089898249,249585.64,664027.35,52,28,11.661
NS46SE_370,1,7_6,2.23818195523,-9999.0,-9999.0,-9999.0,11.0749998093,35.288362503764,24.4871821072579,249805.29,663991.42,12,8,11.075
NS46SE_371,1,7_6,8.28231470593,-9999.0,-9999.0,-9999.0,11.3739995956,238.530203300508,70.5845927276604,249835.15,663990.67,52,28,11.374
NS46SE_372,1,7_6,5.42079534828,-9999.0,-9999.0,-9999.0,11.5419998169,148.52930031718,52.0654183789136,249830.33,663974.17,20,12,11.542
NS46SE_373,1,7_6,2.61568053869,-9999.0,-9999.0,-9999.0,10.8940000534,27.6630787492178,21.1799734573459,249805.18,663966.45,12,8,10.894
NS46SE_374,1,7_6,2.79655100848,-9999.0,-9999.0,-9999.0,11.1450004578,29.1244500031723,22.3134073586608,249825.25,663965.17,12,8,11.145
NS46SE_375,1,7_6,6.09780114965,-9999.0,-9999.0,-9999.0,14.6020002365,165.157143055806,54.8188231195804,249965.81,663969.3,36,20,14.602
NS46SE_376,1,7_6,5.82603550972,-9999.0,-9999.0,-9999.0,14.0850000381,415.292597798854,112.067326937215,249934.89,663968.66,52,28,14.085
NS46SE_377,1,7_6,6.33529292213,-9999.0,-9999.0,-9999.0,15.361000061,177.241473308629,55.2653154414017,249985.15,663969.46,24,14,15.361
NS46SE_378,1,7_6,5.39538701293,-9999.0,-9999.0,-9999.0,12.7757329941,202.974982502352,67.0417856129845,249883.4,663971.06,36,20,12.776
NS46SE_379,1,7_6,7.16460587021,-9999.0,-9999.0,-9999.0,11.3059997559,302.687751286706,80.4841191784775,249837.52,663959.26,36,20,11.306
NS46SE_380,1,7_6,2.88930102442,-9999.0,-9999.0,-9999.0,15.6750001907,45.2839725047635,27.8410773157393,249973.32,663951.86,12,8,15.675
NS46SE_381,1,7_6,5.84393790647,-9999.0,-9999.0,-9999.0,12.4809999466,329.247558115146,87.2937702645374,249893.33,663947.09,56,30,12.481
NS46SE_382,1,7_6,9.16287595346,-9999.0,-9999.0,-9999.0,10.9560003281,3990.34357726411,293.519763667406,249630.95,663959.72,60,32,10.956
NS46SE_383,1,7_6,6.81259762792,-9999.0,-9999.0,-9999.0,11.5270004272,246.521767515032,72.1029765751562,249843.07,663937.21,36,20,11.527
NS46SE_384,1,7_6,6.41883161075,-9999.0,-9999.0,-9999.0,15.7019996643,274.128936638057,85.1857808412244,249979.08,663930.79,44,24,15.702
NS46SE_386,1,7_6,6.37869178015,-9999.0,-9999.0,-9999.0,12.9969997406,548.310289716267,158.873278208396,249936.41,663929.43,100,52,12.997
NS46SE_387,1,7_6,7.1345969167,-9999.0,-9999.0,-9999.0,11.8000001907,342.033759459126,86.3941281127645,249894.9,663919.38,40,22,11.8
NS46SE_388,1,7_6,6.85202383411,-9999.0,-9999.0,-9999.0,11.2220001221,402.081861730086,102.468109382453,249847.26,663905.03,52,28,11.222
NS46SE_389,1,7_6,6.00762243664,-9999.0,-9999.0,-9999.0,12.5,406.717966892572,98.4422538735678,249958.68,663895.18,12,8,12.5
NS46SE_390,1,7_6,4.77502472873,-9999.0,-9999.0,-9999.0,14.9166250229,226.936562645095,65.6442277867722,249997.92,663886.83,20,12,14.917
NS46SE_391,1,7_6,7.33343140672,-9999.0,-9999.0,-9999.0,11.6140003204,327.029145250603,85.4959798435048,249900.13,663883.95,44,24,11.614
NS46SE_392,1,7_6,2.74421959681,-9999.0,-9999.0,-9999.0,11.2044286728,41.6325193202518,27.6264492739708,249535.35,663873.35,20,12,11.204
NS46SE_393,1,7_6,5.54318020874,-9999.0,-9999.0,-9999.0,11.3920001984,426.41303576595,120.841235600054,249849.73,663874.02,76,40,11.392
NS46SE_394,1,7_6,4.79618583428,-9999.0,-9999.0,-9999.0,11.0810003281,560.58056874754,118.959212265169,249549.72,663884.36,12,8,11.081
NS46SE_395,1,7_6,7.67180802911,-9999.0,-9999.0,-9999.0,11.640999794,246.399705545105,73.0991820487589,249902.09,663860.6,44,24,11.641
NS46SE_396,1,7_6,7.26861877288,-9999.0,-9999.0,-9999.0,11.3789997101,291.232557874401,75.8488583843003,249854.29,663854.42,36,20,11.379
NS46SE_397,1,7_6,6.51258750747,-9999.0,-9999.0,-9999.0,11.6280002594,312.130423068513,85.8420453829077,249859.41,663829.24,52,28,11.628
NS46SE_399,1,7_6,6.39877015344,-9999.0,-9999.0,-9999.0,11.7869997025,585.162609289458,129.652712980573,249907.76,663823.22,52,28,11.787
NS46SE_400,1,7_6,7.82543682483,-9999.0,-9999.0,-9999.0,11.3699998856,384.115388325289,96.5583348033796,249863.18,663804.23,44,24,11.37
NS46SE_401,1,7_6,6.10834114618,-9999.0,-9999.0,-9999.0,12.8179998398,163.906338391358,53.5658412712283,249996.52,663788.02,12,8,12.818
NS46SE_402,1,7_6,2.39837420884,-9999.0,-9999.0,-9999.0,10.6610002518,27.7735425019992,27.7369707835153,249850.97,663782.17,16,10,10.661
NS46SE_404,1,7_6,5.94697326458,-9999.0,-9999.0,-9999.0,11.6895008087,211.640473824618,66.2718325432747,249914.65,663773.5,24,14,11.69
NS46SE_405,1,7_6,7.48942179188,-9999.0,-9999.0,-9999.0,10.9409999847,401.588698011977,97.5826406512656,249866.88,663774.85,44,24,10.941
NS46SE_406,1,7_6,5.18960543889,-9999.0,-9999.0,-9999.0,12.017999649,485.206484137604,150.343591780496,249951.24,663775.54,92,48,12.018
NS46SE_407,1,7_6,2.36139284534,-9999.0,-9999.0,-9999.0,12.3439998627,24.4478212524858,22.6104671488937,249969.42,663764.47,8,6,12.344
NS46SE_408,1,7_6,3.9124329408,-9999.0,-9999.0,-9999.0,10.2019996643,1237.54245608215,242.696723127108,249523.81,663777.45,140,68,10.202
NS46SE_409,1,7_6,6.35812805154,-9999.0,-9999.0,-9999.0,12.7729997635,136.011324309229,46.6596413302914,249996.88,663756.64,16,10,12.773
NS46SE_411,1,7_6,5.80937151151,-9999.0,-9999.0,-9999.0,11.904999733,194.656234153083,57.1398784907606,249919.25,663754.19,20,12,11.905
NS46SE_413,1,7_6,5.80005489817,-9999.0,-9999.0,-9999.0,12.2510004044,172.941467742192,56.5304914364946,249963.58,663750.91,20,12,12.251
NS46SE_10,1,7_7,5.78588569673,-9999.0,-9999.0,-9999.0,19.3120002747,187.549045832474,59.1782670686883,249703.0,664969.59,28,16,19.312
NS46SE_100,1,7_7,4.85953003316,-9999.0,-9999.0,-9999.0,19.8939990997,270.858148397052,82.4233645828239,249854.78,664697.67,52,28,19.894
NS46SE_101,1,7_7,6.95182424568,-9999.0,-9999.0,-9999.0,14.248000145,210.359898192404,62.3592181926958,249619.62,664691.91,12,8,14.248
NS46SE_102,1,7_7,6.3636448532,-9999.0,-9999.0,-9999.0,14.6669998169,126.456043819583,45.8815698375834,249640.1,664691.42,12,8,14.667
NS46SE_103,1,7_7,6.75025252384,-9999.0,-9999.0,-9999.0,16.2439994812,138.139000003477,48.9229700909517,249700.29,664693.67,12,8,16.244
NS46SE_104,1,7_7,6.27702989222,-9999.0,-9999.0,-9999.0,15.5380001068,124.17143465813,45.6713624973191,249681.77,664690.05,12,8,15.538
NS46SE_105,1,7_7,5.78755728464,-9999.0,-9999.0,-9999.0,13.013999939,136.966707067501,51.9237127214851,249531.2,664691.51,20,12,13.014
NS46SE_106,1,7_7,6.9764234408,-9999.0,-9999.0,-9999.0,15.0120000839,224.522659825625,64.3882443523135,249660.73,664689.97,12,8,15.012
NS46SE_107,1,7_7,6.31600391865,-9999.0,-9999.0,-9999.0,19.8220005035,153.041816507742,55.4051805255471,249848.16,664682.13,36,20,19.822
NS46SE_108,1,7_7,3.86399513441,-9999.0,-9999.0,-9999.0,16.6679992676,330.177474556372,102.320127803928,249740.29,664687.15,52,28,16.668
NS46SE_109,1,7_7,3.01276629741,-9999.0,-9999.0,-9999.0,17.2189998627,68.936600388986,34.001016765911,249760.61,664672.37,12,8,17.219
NS46SE_11,1,7_7,7.34228525605,-9999.0,-9999.0,-9999.0,14.9790000916,386.329474081431,91.8488700721503,249589.84,664975.06,12,8,14.979
NS46SE_110,1,7_7,6.62397961378,-9999.0,-9999.0,-9999.0,18.7049999237,303.509076024792,78.5174601468784,249806.33,664680.73,12,8,18.705
NS46SE_111,1,7_7,3.11461625344,-9999.0,-9999.0,-9999.0,13.0570001602,39.3350100000367,25.2775612596386,249555.98,664665.64,12,8,13.057
NS46SE_112,1,7_7,6.3083958432,-9999.0,-9999.0,-9999.0,13.0609998703,127.07720852511,49.2628049381022,249541.1,664664.16,12,8,13.061
NS46SE_113,1,7_7,5.92716372261,-9999.0,-9999.0,-9999.0,19.8320007324,196.020058411565,56.0474692343991,249845.58,664665.56,12,8,19.832
NS46SE_114,1,7_7,6.95437455862,-9999.0,-9999.0,-9999.0,14.0389995575,221.954357465397,63.7078631372412,249615.04,664662.41,12,8,14.039
NS46SE_115,1,7_7,6.59095892333,-9999.0,-9999.0,-9999.0,14.6890001297,235.690332017504,66.584671509334,249659.64,664658.97,20,12,14.689
NS46SE_116,1,7_7,5.71580487655,-9999.0,-9999.0,-9999.0,14.3789997101,147.538493596368,52.9852563701616,249637.48,664658.7,20,12,14.379
NS46SE_117,1,7_7,6.85038320253,-9999.0,-9999.0,-9999.0,15.6029996872,139.873785659529,48.9049738730669,249686.13,664655.16,12,8,15.603
NS46SE_118,1,7_7,5.85937444493,-9999.0,-9999.0,-9999.0,12.7309999466,147.467167549101,55.9511417008584,249522.9,664652.84,28,16,12.731
NS46SE_119,1,7_7,5.66488573464,-9999.0,-9999.0,-9999.0,19.7299995422,186.36248470484,54.6320211386022,249842.22,664649.81,12,8,19.73
NS46SE_12,1,7_7,7.31138511817,-9999.0,-9999.0,-9999.0,15.031999588,379.904598570733,96.7534034635734,249545.02,664971.52,24,14,15.032
NS46SE_120,1,7_7,5.55111861886,-9999.0,-9999.0,-9999.0,13.7139997482,161.791292490326,67.7442792152082,249590.17,664652.31,44,24,13.714
NS46SE_121,1,7_7,5.93578239254,-9999.0,-9999.0,-9999.0,13.3170003891,148.036010817706,56.005621452577,249561.47,664650.95,28,16,13.317
NS46SE_122,1,7_7,6.10064261691,-9999.0,-9999.0,-9999.0,17.8840007782,356.896475935734,92.4525860154105,249798.3,664648.7,36,20,17.884
NS46SE_123,1,7_7,6.0405931915,-9999.0,-9999.0,-9999.0,16.1340007782,479.680000953458,127.797849335384,249731.52,664651.88,44,24,16.134
NS46SE_124,1,7_7,2.65133584699,-9999.0,-9999.0,-9999.0,15.0659999847,32.7358500039194,23.1398101391273,249641.22,664634.85,12,8,15.066
NS46SE_125,1,7_7,2.33341641345,-9999.0,-9999.0,-9999.0,14.9919996262,34.5805199976608,26.9629275314637,249625.46,664630.35,8,6,14.992
NS46SE_126,1,7_7,5.38056911566,-9999.0,-9999.0,-9999.0,12.4790000916,161.990397328829,54.1081462335519,249510.02,664634.37,16,10,12.479
NS46SE_127,1,7_7,6.22518867689,-9999.0,-9999.0,-9999.0,13.9910001755,119.619686034182,44.5733942730947,249588.02,664632.0,12,8,13.991
NS46SE_128,1,7_7,5.9846653347,-9999.0,-9999.0,-9999.0,13.3299999237,133.900902454984,46.8199999745732,249560.08,664631.64,12,8,13.33
NS46SE_129,1,7_7,7.23436515703,-9999.0,-9999.0,-9999.0,16.0090007782,223.373509154928,64.2607084580987,249688.77,664629.24,12,8,16.009
NS46SE_130,1,7_7,6.49052128164,-9999.0,-9999.0,-9999.0,20.8339996338,150.697483993749,49.8936769101504,249858.21,664619.88,20,12,20.834
NS46SE_131,1,7_7,5.7052411128,-9999.0,-9999.0,-9999.0,17.591999054,226.031420083413,71.6574284511276,249791.69,664623.14,52,28,17.592
NS46SE_132,1,7_7,6.25351929421,-9999.0,-9999.0,-9999.0,14.3800001144,124.925587763056,45.472699849075,249601.4,664618.05,12,8,14.38
NS46SE_133,1,7_7,5.92090642185,-9999.0,-9999.0,-9999.0,19.5219993591,350.50727412711,96.0162558747033,249837.5,664626.75,44,24,19.522
NS46SE_134,1,7_7,6.48559123874,-9999.0,-9999.0,-9999.0,21.6849994659,165.035116328913,54.9824183615816,249873.92,664618.88,20,12,21.685
NS46SE_135,1,7_7,6.28703497828,-9999.0,-9999.0,-9999.0,22.2450008392,148.150254778764,49.4961688570675,249889.4,664615.72,20,12,22.245
NS46SE_136,1,7_7,6.07272643727,-9999.0,-9999.0,-9999.0,14.5889997482,124.340391995678,45.3923902927151,249618.19,664613.94,12,8,14.589
NS46SE_137,1,7_7,5.67355240746,-9999.0,-9999.0,-9999.0,22.6669998169,177.111656761419,52.9255489472393,249905.44,664614.81,16,10,22.667
NS46SE_138,1,7_7,6.07753972479,-9999.0,-9999.0,-9999.0,12.486000061,129.48523626527,46.3713264527427,249506.21,664614.15,12,8,12.486
NS46SE_139,1,7_7,5.71382151492,-9999.0,-9999.0,-9999.0,23.0739994049,178.52093687412,57.4059084032016,249920.8,664613.23,32,18,23.074
NS46SE_14,1,7_7,5.8009052521,-9999.0,-9999.0,-9999.0,16.6219997406,369.361560750602,117.513250669412,249677.25,664955.89,56,30,16.622
NS46SE_140,1,7_7,6.39491087709,-9999.0,-9999.0,-9999.0,23.3850002289,148.890019526241,49.0193699333181,249936.5,664609.19,12,8,23.385
NS46SE_141,1,7_7,7.01087117306,-9999.0,-9999.0,-9999.0,12.7259998322,219.026981045696,63.5805601123133,249559.12,664611.3,12,8,12.726
NS46SE_142,1,7_7,4.94040146282,-9999.0,-9999.0,-9999.0,16.4430007935,988.575547752788,274.385938807432,249750.67,664615.19,144,74,16.443
NS46SE_143,1,7_7,6.30132874733,-9999.0,-9999.0,-9999.0,15.0970001221,129.124939578411,46.0724410331745,249635.29,664604.24,16,10,15.097
NS46SE_144,1,7_7,5.49155547076,-9999.0,-9999.0,-9999.0,24.0259990692,615.288173413795,166.070881315498,249969.95,664606.52,76,40,24.026
NS46SE_145,1,7_7,6.58728469973,-9999.0,-9999.0,-9999.0,12.7880001068,141.471958659684,49.3198024076143,249589.43,664591.76,12,8,12.788
NS46SE_146,1,7_7,6.98662432208,-9999.0,-9999.0,-9999.0,12.1979999542,118.093519573953,50.9977193404394,249505.5,664592.74,12,8,12.198
NS46SE_147,1,7_7,6.08036611725,-9999.0,-9999.0,-9999.0,17.0359992981,462.426822547781,101.187973255803,249687.07,664594.93,36,20,17.036
NS46SE_148,1,7_7,6.07217045641,-9999.0,-9999.0,-9999.0,14.7810001373,132.322482393346,47.4114336998834,249641.23,664584.79,12,8,14.781
NS46SE_149,1,7_7,6.97162812691,-9999.0,-9999.0,-9999.0,12.4809999466,220.618451820102,63.9350489134414,249555.45,664585.26,12,8,12.481
NS46SE_15,1,7_7,7.11889525172,-9999.0,-9999.0,-9999.0,14.9870004654,207.0016930381,62.6705205685665,249516.38,664952.36,12,8,14.987
NS46SE_150,1,7_7,4.07903772124,-9999.0,-9999.0,-9999.0,21.2719993591,148.937005859217,50.6193359679919,249862.21,664578.45,20,12,21.272
NS46SE_151,1,7_7,5.57272719753,-9999.0,-9999.0,-9999.0,17.5830001831,167.010592344752,55.0032764301086,249779.81,664577.41,20,12,17.583
NS46SE_152,1,7_7,3.76908754701,-9999.0,-9999.0,-9999.0,19.8169994354,386.823458874121,97.9218236239037,249839.41,664579.08,52,28,19.817
NS46SE_153,1,7_7,5.82175407339,-9999.0,-9999.0,-9999.0,13.5570001602,143.613778024172,53.9157697549904,249610.93,664577.65,28,16,13.557
NS46SE_154,1,7_7,5.25251826644,-9999.0,-9999.0,-9999.0,18.1130008698,416.488390347388,126.784302921395,249805.46,664577.58,68,36,18.113
NS46SE_155,1,7_7,2.48943968664,-9999.0,-9999.0,-9999.0,23.6369991302,24.4186837479359,23.0879545669743,249950.2,664570.35,8,6,23.637
NS46SE_156,1,7_7,6.46955093613,-9999.0,-9999.0,-9999.0,12.734000206,138.124221503775,48.8568897621405,249583.37,664573.84,12,8,12.734
NS46SE_157,1,7_7,4.31542734616,-9999.0,-9999.0,-9999.0,21.7810001373,445.220845378495,128.871277956891,249886.07,664573.9,52,28,21.781
NS46SE_158,1,7_7,6.11983023968,-9999.0,-9999.0,-9999.0,14.361000061,123.577486636377,45.2506300862324,249644.77,664567.65,12,8,14.361
NS46SE_159,1,7_7,6.55082576675,-9999.0,-9999.0,-9999.0,22.4950008392,186.473488955056,61.6447097472792,249910.69,664570.15,28,16,22.495
NS46SE_16,1,7_7,5.44078272408,-9999.0,-9999.0,-9999.0,16.3869991302,227.794875582466,89.82069906382,249650.09,664941.48,44,24,16.387
NS46SE_160,1,7_7,4.56597621376,-9999.0,-9999.0,-9999.0,22.6000003815,196.293356117025,61.3828495561021,249926.56,664568.36,28,16,22.6
NS46SE_161,1,7_7,3.62837629261,-9999.0,-9999.0,-9999.0,23.079000473,174.476520381991,56.1805788083629,249941.28,664566.81,20,12,23.079
NS46SE_162,1,7_7,5.69587417509,-9999.0,-9999.0,-9999.0,16.7259998322,189.308954491688,62.5484519349073,249692.12,664565.32,28,16,16.726
NS46SE_163,1,7_7,5.87763089483,-9999.0,-9999.0,-9999.0,13.2209997177,135.236928946736,50.2441589009412,249619.09,664562.04,20,12,13.221
NS46SE_164,1,7_7,2.73841745425,-9999.0,-9999.0,-9999.0,21.3080005646,23.4866400041502,24.8357308761069,249845.86,664553.77,8,6,21.308
NS46SE_165,1,7_7,4.88765546254,-9999.0,-9999.0,-9999.0,16.9899997711,722.037349975561,166.743853354108,249747.03,664567.15,68,36,16.99
NS46SE_166,1,7_7,6.76968431976,-9999.0,-9999.0,-9999.0,12.4930000305,218.332732392388,63.4815738818883,249554.19,664559.46,12,8,12.493
NS46SE_167,1,7_7,5.34265461627,-9999.0,-9999.0,-9999.0,23.8500003815,399.177735202236,113.151960096084,249971.47,664560.68,68,36,23.85
NS46SE_168,1,7_7,6.80362902796,-9999.0,-9999.0,-9999.0,12.829000473,224.26706945814,65.0784894419134,249582.9,664552.07,12,8,12.829
NS46SE_169,1,7_7,5.80522317153,-9999.0,-9999.0,-9999.0,13.4429998398,139.080030904714,50.674966508546,249622.2,664546.39,20,12,13.443
NS46SE_17,1,7_7,7.53371024021,-9999.0,-9999.0,-9999.0,15.3920001984,385.887244413761,101.98116556686,249610.35,664935.72,44,24,15.392
NS46SE_170,1,7_7,7.00547846406,-9999.0,-9999.0,-9999.0,13.6979999542,223.042776244664,64.1509036776481,249650.23,664546.99,12,8,13.698
NS46SE_171,1,7_7,5.8871877912,-9999.0,-9999.0,-9999.0,15.7440004349,168.206828901103,58.807240515398,249696.55,664540.87,28,16,15.744
NS46SE_172,1,7_7,5.22753773186,-9999.0,-9999.0,-9999.0,23.5049991608,164.124756862262,53.9124091515744,249970.94,664537.82,20,12,23.505
NS46SE_173,1,7_7,6.23611127006,-9999.0,-9999.0,-9999.0,12.1120004654,42.0885112495819,29.5265539331402,249502.37,664531.65,12,8,12.112
NS46SE_174,1,7_7,7.08425163196,-9999.0,-9999.0,-9999.0,12.859000206,226.595387941281,64.7160527990682,249555.41,664533.69,12,8,12.859
NS46SE_175,1,7_7,5.52952089504,-9999.0,-9999.0,-9999.0,23.031999588,129.880704389851,49.3069052607948,249944.35,664524.69,28,16,23.032
NS46SE_176,1,7_7,5.49083017502,-9999.0,-9999.0,-9999.0,22.6340007782,181.692564338089,55.1256392937071,249928.96,664524.86,20,12,22.634
NS46SE_177,1,7_7,5.5728555647,-9999.0,-9999.0,-9999.0,22.2210006714,151.992012602803,49.331178341548,249914.45,664523.4,12,8,22.221
NS46SE_178,1,7_7,4.72014085148,-9999.0,-9999.0,-9999.0,21.8980007172,228.249208287849,69.0923869517907,249898.64,664526.02,44,24,21.898
NS46SE_179,1,7_7,7.1919523302,-9999.0,-9999.0,-9999.0,13.0489997864,217.808758114228,63.2349400849029,249583.97,664526.47,12,8,13.049
NS46SE_18,1,7_7,2.20893072894,-9999.0,-9999.0,-9999.0,24.1200008392,31.7741850020649,22.8832387149898,249867.97,664917.34,12,8,24.12
NS46SE_180,1,7_7,6.63317736045,-9999.0,-9999.0,-9999.0,13.5659999847,221.042857669246,63.8644795684973,249623.86,664525.69,12,8,13.566
NS46SE_181,1,7_7,3.85207500125,-9999.0,-9999.0,-9999.0,20.1790008545,372.496066165549,102.122066544527,249870.76,664522.22,44,24,20.179
NS46SE_182,1,7_7,5.9157945438,-9999.0,-9999.0,-9999.0,13.5670003891,176.901004955276,57.9550142206246,249651.16,664523.02,20,12,13.567
NS46SE_183,1,7_7,4.05605949614,-9999.0,-9999.0,-9999.0,19.8349990845,184.261984361435,57.4180226245947,249843.49,664520.64,20,12,19.835
NS46SE_184,1,7_7,5.11263688593,-9999.0,-9999.0,-9999.0,22.2759990692,215.703105418607,64.1807693063531,249971.69,664520.77,28,16,22.276
NS46SE_185,1,7_7,5.77787717909,-9999.0,-9999.0,-9999.0,16.6439990997,479.36219818335,116.559989850789,249745.75,664529.17,48,26,16.644
NS46SE_186,1,7_7,6.32927598175,-9999.0,-9999.0,-9999.0,12.5679998398,125.894145096993,45.6471886801157,249509.49,664518.43,12,8,12.568
NS46SE_187,1,7_7,4.12845328881,-9999.0,-9999.0,-9999.0,18.3829994202,365.401786628846,98.2742204084885,249817.36,664518.26,44,24,18.383
NS46SE_188,1,7_7,5.65955813475,-9999.0,-9999.0,-9999.0,17.6520004272,269.300592883207,70.4089700976894,249792.5,664518.58,36,20,17.652
NS46SE_189,1,7_7,6.40495140391,-9999.0,-9999.0,-9999.0,13.0760002136,134.105239348876,48.0440884987398,249522.64,664505.14,12,8,13.076
NS46SE_19,1,7_7,7.30771750464,-9999.0,-9999.0,-9999.0,15.0729999542,567.571824545545,134.181732779387,249528.31,664925.54,24,14,15.073
NS46SE_190,1,7_7,5.75584988013,-9999.0,-9999.0,-9999.0,13.5220003128,159.224842564962,55.7666503301179,249545.04,664506.73,20,12,13.522
NS46SE_191,1,7_7,6.37194814983,-9999.0,-9999.0,-9999.0,13.7010002136,120.255768957366,44.7877160960633,249621.28,664505.32,12,8,13.701
NS46SE_192,1,7_7,4.59229817884,-9999.0,-9999.0,-9999.0,16.4370002747,201.057991943671,63.4837511101178,249747.02,664504.38,28,16,16.437
NS46SE_193,1,7_7,6.89220889105,-9999.0,-9999.0,-9999.0,13.968000412,215.7071485679,63.2958084975384,249580.32,664500.82,12,8,13.968
NS46SE_194,1,7_7,6.88354972119,-9999.0,-9999.0,-9999.0,13.6490001678,220.611332109498,63.664626004612,249647.69,664499.14,12,8,13.649
NS46SE_195,1,7_7,6.52155487108,-9999.0,-9999.0,-9999.0,14.2399997711,123.070831523445,45.2308421589077,249616.06,664488.41,12,8,14.24
NS46SE_196,1,7_7,6.26772301059,-9999.0,-9999.0,-9999.0,13.5469999313,87.8129593280511,38.3508534363716,249505.71,664479.71,12,8,13.547
NS46SE_197,1,7_7,5.16081244983,-9999.0,-9999.0,-9999.0,18.4699993134,118.645682142484,47.8617887860407,249876.02,664480.63,20,12,18.47
NS46SE_198,1,7_7,6.49150987081,-9999.0,-9999.0,-9999.0,14.5679998398,761.3692063065,178.50505362102,249700.58,664500.22,104,54,14.568
NS46SE_199,1,7_7,6.49797352796,-9999.0,-9999.0,-9999.0,14.4060001373,136.74135030535,48.3093013185254,249578.69,664479.52,12,8,14.406
NS46SE_20,1,7_7,7.69195238069,-9999.0,-9999.0,-9999.0,15.1829996109,547.29670464137,135.535960473561,249573.94,664926.05,40,22,15.183
NS46SE_200,1,7_7,4.40781578634,-9999.0,-9999.0,-9999.0,18.8920001984,921.215443885559,220.003538962939,249918.21,664481.49,120,62,18.892
NS46SE_201,1,7_7,6.50500801603,-9999.0,-9999.0,-9999.0,13.5889997482,125.877625347025,48.5906738216503,249523.34,664475.76,12,8,13.589
NS46SE_202,1,7_7,5.74832586413,-9999.0,-9999.0,-9999.0,17.6760005951,389.165944531533,86.3303121284639,249832.2,664476.44,24,14,17.676
NS46SE_203,1,7_7,4.91414253995,-9999.0,-9999.0,-9999.0,17.8239994049,212.659498747001,60.8336150216826,249856.37,664476.81,20,12,17.824
NS46SE_204,1,7_7,6.24501246654,-9999.0,-9999.0,-9999.0,14.4110002518,157.135779203973,56.851994485162,249644.2,664476.49,28,16,14.411
NS46SE_205,1,7_7,2.9920625379,-9999.0,-9999.0,-9999.0,18.125,25.0582987528906,20.7769634003204,249867.64,664469.29,12,8,18.125
NS46SE_206,1,7_7,6.35904948586,-9999.0,-9999.0,-9999.0,15.1829996109,123.836709544466,45.249751145427,249605.53,664473.02,12,8,15.183
NS46SE_207,1,7_7,4.27344901745,-9999.0,-9999.0,-9999.0,16.8980007172,193.341539679139,55.6206782987251,249780.48,664472.74,12,8,16.898
NS46SE_208,1,7_7,2.56824410426,-9999.0,-9999.0,-9999.0,13.9890003204,23.996201255293,22.9912442714732,249509.35,664467.56,8,6,13.989
NS46SE_209,1,7_7,4.82483340015,-9999.0,-9999.0,-9999.0,17.3400001526,365.662138646034,103.246760222404,249802.46,664473.27,52,28,17.34
NS46SE_21,1,7_7,7.25048669556,-9999.0,-9999.0,-9999.0,16.1749992371,372.774232999994,91.7014567794136,249556.62,664894.27,20,12,16.175
NS46SE_210,1,7_7,2.75767421722,-9999.0,-9999.0,-9999.0,18.313999176,23.6489812468492,19.9149474411693,249898.62,664465.24,12,8,18.314
NS46SE_211,1,7_7,5.53366545001,-9999.0,-9999.0,-9999.0,14.6000003815,151.73691283305,54.1998439541657,249707.91,664465.89,28,16,14.6
NS46SE_212,1,7_7,6.06965634956,-9999.0,-9999.0,-9999.0,13.8789997101,153.059403102988,56.1333409192226,249543.24,664465.89,28,16,13.879
NS46SE_213,1,7_7,6.49926547018,-9999.0,-9999.0,-9999.0,14.9829998016,143.740237875875,49.3051189215412,249582.0,664459.87,12,8,14.983
NS46SE_214,1,7_7,6.13098503113,-9999.0,-9999.0,-9999.0,15.3020000458,130.12043931631,50.2473893042768,249651.43,664455.48,20,12,15.302
NS46SE_215,1,7_7,7.488549868,-9999.0,-9999.0,-9999.0,15.8079996109,314.406803562618,88.0704592471035,249757.43,664457.67,36,20,15.808
NS46SE_216,1,7_7,3.33698294434,-9999.0,-9999.0,-9999.0,16.5480003357,20.5054724992153,20.4863152069015,249785.74,664447.31,12,8,16.548
NS46SE_217,1,7_7,3.01136874504,-9999.0,-9999.0,-9999.0,17.0039997101,37.7989200052428,24.6311484567209,249827.5,664448.66,12,8,17.004
NS46SE_218,1,7_7,5.56172490771,-9999.0,-9999.0,-9999.0,19.6529998779,608.471346971895,152.684610253776,249976.43,664472.72,92,48,19.653
NS46SE_219,1,7_7,2.44087038542,-9999.0,-9999.0,-9999.0,18.2479991913,28.1533124959944,24.2481374005032,249941.86,664446.41,8,6,18.248
NS46SE_22,1,7_7,2.17687685897,-9999.0,-9999.0,-9999.0,24.6420001984,23.4315937507781,22.5061777000993,249864.26,664874.36,8,6,24.642
NS46SE_220,1,7_7,6.31231752242,-9999.0,-9999.0,-9999.0,14.7159996033,123.666359473042,45.3784691280587,249551.07,664449.34,12,8,14.716
NS46SE_221,1,7_7,6.173354064,-9999.0,-9999.0,-9999.0,15.3599996567,120.544954021703,44.7155422599913,249711.74,664449.04,12,8,15.36
NS46SE_222,1,7_7,6.6489043018,-9999.0,-9999.0,-9999.0,15.7880001068,164.220650515053,54.409547973439,249666.27,664443.49,20,12,15.788
NS46SE_223,1,7_7,5.85675679978,-9999.0,-9999.0,-9999.0,15.7980003357,152.218034882862,56.4738854917503,249608.17,664438.17,28,16,15.798
NS46SE_224,1,7_7,5.81008640505,-9999.0,-9999.0,-9999.0,15.7220001221,137.52247049147,49.2620414246601,249590.82,664433.46,20,12,15.722
NS46SE_225,1,7_7,5.62685408118,-9999.0,-9999.0,-9999.0,15.7860002518,151.521285396523,53.4494330770901,249629.35,664434.26,20,12,15.786
NS46SE_226,1,7_7,2.92564409971,-9999.0,-9999.0,-9999.0,17.0060005188,28.2764662460915,25.6670748642814,249939.07,664426.99,8,6,17.006
NS46SE_227,1,7_7,2.66122718258,-9999.0,-9999.0,-9999.0,15.5419998169,35.0834287557234,24.0169001583554,249829.86,664423.95,12,8,15.542
NS46SE_228,1,7_7,7.02960358277,-9999.0,-9999.0,-9999.0,14.5769996643,234.130423797273,65.2186406797311,249549.59,664429.24,12,8,14.577
NS46SE_229,1,7_7,6.70967946543,-9999.0,-9999.0,-9999.0,15.7969999313,217.076393406823,63.6179579351221,249664.87,664422.81,12,8,15.797
NS46SE_23,1,7_7,5.40266542491,-9999.0,-9999.0,-9999.0,18.3010005951,133.570104593998,48.0106298341004,249750.67,664877.36,20,12,18.301
NS46SE_230,1,7_7,6.47880569452,-9999.0,-9999.0,-9999.0,15.7720003128,154.392526730774,52.2017478819459,249643.11,664420.97,12,8,15.772
NS46SE_231,1,7_7,5.65860414505,-9999.0,-9999.0,-9999.0,16.7280006409,158.633761124705,51.9250857534076,249946.79,664418.22,20,12,16.728
NS46SE_232,1,7_7,6.10800200408,-9999.0,-9999.0,-9999.0,15.0270004272,123.411418400737,45.2427829827345,249577.76,664417.24,12,8,15.027
NS46SE_233,1,7_7,6.74004675105,-9999.0,-9999.0,-9999.0,16.3099994659,144.312255041025,49.3601326545041,249928.85,664416.76,20,12,16.31
NS46SE_234,1,7_7,5.15299435533,-9999.0,-9999.0,-9999.0,15.3950004578,604.984310351829,186.527652628415,249898.49,664418.9,84,44,15.395
NS46SE_235,1,7_7,5.86153309565,-9999.0,-9999.0,-9999.0,15.3350000381,174.765281358914,52.9831048680546,249866.84,664413.82,12,8,15.335
NS46SE_236,1,7_7,5.92935950081,-9999.0,-9999.0,-9999.0,15.1940002441,135.488150056136,50.7364791632231,249851.77,664412.09,20,12,15.194
NS46SE_237,1,7_7,5.72992915259,-9999.0,-9999.0,-9999.0,17.1280002594,430.687542221479,125.480733804306,249977.67,664424.62,60,32,17.128
NS46SE_238,1,7_7,5.42117931723,-9999.0,-9999.0,-9999.0,15.0889997482,174.729778294924,55.8476172553575,249836.32,664411.92,20,12,15.089
NS46SE_239,1,7_7,5.85339653317,-9999.0,-9999.0,-9999.0,15.0229997635,139.152893520729,50.9095944134715,249821.31,664409.43,20,12,15.023
NS46SE_24,1,7_7,4.09038371243,-9999.0,-9999.0,-9999.0,23.1310005188,512.279328310641,170.246230690296,249846.94,664893.16,72,38,23.131
NS46SE_240,1,7_7,6.64054017051,-9999.0,-9999.0,-9999.0,15.7130002975,612.722117056893,131.943460103047,249711.5,664421.52,52,28,15.713
NS46SE_241,1,7_7,5.42613284199,-9999.0,-9999.0,-9999.0,15.2539997101,183.444092667614,58.3611254425343,249805.55,664410.32,20,12,15.254
NS46SE_242,1,7_7,2.61901975561,-9999.0,-9999.0,-9999.0,16.4950008392,28.5983099999157,22.4028924519953,249686.75,664399.57,12,8,16.495
NS46SE_243,1,7_7,6.37694171167,-9999.0,-9999.0,-9999.0,14.3170003891,126.731251774269,45.8786330987008,249577.05,664400.74,12,8,14.317
NS46SE_244,1,7_7,6.41415919669,-9999.0,-9999.0,-9999.0,16.0340003967,704.949036226974,174.516735158348,249763.01,664419.32,108,56,16.034
NS46SE_245,1,7_7,3.92229858091,-9999.0,-9999.0,-9999.0,15.3669996262,62.9220937520731,32.5158407557544,249795.03,664396.46,12,8,15.367
NS46SE_246,1,7_7,7.30550852874,-9999.0,-9999.0,-9999.0,13.2060003281,228.199075990314,64.7595740135038,249548.53,664403.92,12,8,13.206
NS46SE_247,1,7_7,2.92955456909,-9999.0,-9999.0,-9999.0,16.5599994659,80.4604820220525,35.8860497989355,249718.84,664397.06,12,8,16.56
NS46SE_248,1,7_7,6.24810953172,-9999.0,-9999.0,-9999.0,13.6326665878,155.383995807953,54.4668839655225,249585.27,664381.31,20,12,13.633
NS46SE_249,1,7_7,6.90654820264,-9999.0,-9999.0,-9999.0,14.3249998093,230.145822292437,68.7291233783489,249608.39,664381.42,28,16,14.325
NS46SE_25,1,7_7,5.89847033656,-9999.0,-9999.0,-9999.0,17.6450004578,157.88641412894,51.3506839313373,249734.79,664873.76,12,8,17.645
NS46SE_250,1,7_7,5.36639039642,-9999.0,-9999.0,-9999.0,16.1819992065,196.632762075946,58.6944212864335,249729.3,664382.85,28,16,16.182
NS46SE_251,1,7_7,4.64901762206,-9999.0,-9999.0,-9999.0,15.3819999695,499.371906362385,123.428691286398,249948.59,664377.48,44,24,15.382
NS46SE_252,1,7_7,7.17873281539,-9999.0,-9999.0,-9999.0,12.2489995956,219.977851160725,63.4517411879257,249548.06,664378.61,12,8,12.249
NS46SE_253,1,7_7,9.1423628748,-9999.0,-9999.0,-9999.0,15.3719997406,1418.49802347945,305.481896585926,249671.52,664378.83,132,68,15.372
NS46SE_26,1,7_7,5.98676030776,-9999.0,-9999.0,-9999.0,17.0279998779,157.608858533951,51.3314889773791,249717.78,664868.59,12,8,17.028
NS46SE_27,1,7_7,6.12314464569,-9999.0,-9999.0,-9999.0,16.9249992371,77.1858108946533,35.3634975074807,249702.35,664865.31,12,8,16.925
NS46SE_29,1,7_7,5.43188499832,-9999.0,-9999.0,-9999.0,16.468000412,127.853900718621,48.7717271300071,249686.34,664861.1,20,12,16.468
NS46SE_30,1,7_7,3.86322704103,-9999.0,-9999.0,-9999.0,23.1819992065,224.608139838769,73.2068392181847,249859.42,664857.18,44,24,23.182
NS46SE_31,1,7_7,6.76399058301,-9999.0,-9999.0,-9999.0,19.7549991608,214.574872379243,63.0355231595486,249759.81,664853.46,12,8,19.755
NS46SE_32,1,7_7,3.730176794,-9999.0,-9999.0,-9999.0,19.938999176,290.773259426546,87.0509045310361,249796.79,664855.58,36,20,19.939
NS46SE_33,1,7_7,5.94720525917,-9999.0,-9999.0,-9999.0,16.0839996338,111.405288185474,42.231106759288,249658.45,664846.5,12,8,16.084
NS46SE_34,1,7_7,5.99356515765,-9999.0,-9999.0,-9999.0,17.4370002747,204.910347112549,81.6528376259252,249696.98,664847.66,36,20,17.437
NS46SE_35,1,7_7,6.21697552478,-9999.0,-9999.0,-9999.0,15.892999649,76.3993348941882,35.1780240119634,249644.77,664835.7,12,8,15.893
NS46SE_36,1,7_7,6.08927990931,-9999.0,-9999.0,-9999.0,19.4720001221,125.095059808448,45.5273156805499,249744.53,664836.06,12,8,19.472
NS46SE_37,1,7_7,6.15669616777,-9999.0,-9999.0,-9999.0,19.3549995422,127.560344186967,46.0730599741793,249729.49,664832.1,12,8,19.355
NS46SE_38,1,7_7,6.00542390869,-9999.0,-9999.0,-9999.0,19.5079994202,180.237123824388,54.7238417190103,249790.25,664833.04,20,12,19.508
NS46SE_39,1,7_7,6.12519730186,-9999.0,-9999.0,-9999.0,16.0400009155,78.0418681674626,35.5642889668212,249634.0,664830.36,12,8,16.04
NS46SE_40,1,7_7,6.09408258396,-9999.0,-9999.0,-9999.0,15.8800001144,104.637329852815,40.9247724163449,249617.06,664826.32,12,8,15.88
NS46SE_41,1,7_7,5.94058978574,-9999.0,-9999.0,-9999.0,17.7749996185,191.646084929114,73.2494697396568,249661.95,664829.44,28,16,17.775
NS46SE_42,1,7_7,6.43866464081,-9999.0,-9999.0,-9999.0,18.9400005341,171.833524683264,54.9638764765803,249714.56,664820.79,12,8,18.94
NS46SE_43,1,7_7,6.35929383946,-9999.0,-9999.0,-9999.0,16.5949993134,76.8182109145397,35.4780760734235,249622.23,664815.64,12,8,16.595
NS46SE_44,1,7_7,5.92477489783,-9999.0,-9999.0,-9999.0,19.2049999237,178.265494452769,71.2977187621617,249786.02,664816.02,44,24,19.205
NS46SE_45,1,7_7,6.15872844261,-9999.0,-9999.0,-9999.0,18.6329994202,121.801566755655,45.0525048888204,249698.02,664813.44,12,8,18.633
NS46SE_46,1,7_7,5.9408547321,-9999.0,-9999.0,-9999.0,16.0,106.563221347528,41.292851676578,249589.73,664812.49,12,8,16.0
NS46SE_47,1,7_7,6.18694323499,-9999.0,-9999.0,-9999.0,16.7159996033,107.929790181212,41.5557054738923,249633.57,664810.41,12,8,16.716
NS46SE_48,1,7_7,6.09557742326,-9999.0,-9999.0,-9999.0,20.3770008087,905.97929946255,235.83477661959,249819.6,664843.59,128,66,20.377
NS46SE_49,1,7_7,6.10015197252,-9999.0,-9999.0,-9999.0,18.3950004578,127.649699787179,46.2076669086306,249683.13,664807.87,12,8,18.395
NS46SE_50,1,7_7,6.19254012155,-9999.0,-9999.0,-9999.0,15.843000412,76.9920627001012,35.3732253244621,249574.22,664800.84,12,8,15.843
NS46SE_51,1,7_7,6.56734041506,-9999.0,-9999.0,-9999.0,18.7509994507,145.981814037304,49.8553234659276,249737.38,664799.16,12,8,18.751
NS46SE_52,1,7_7,6.58420505771,-9999.0,-9999.0,-9999.0,18.158000946,160.228553444988,55.106687396618,249669.03,664796.05,28,16,18.158
NS46SE_53,1,7_7,6.25205920055,-9999.0,-9999.0,-9999.0,19.1459999084,173.866396731164,59.0889955764384,249777.08,664797.78,20,12,19.146
NS46SE_54,1,7_7,5.46005974675,-9999.0,-9999.0,-9999.0,24.0520000458,319.764474829732,96.2946874583977,249874.36,664800.72,44,24,24.052
NS46SE_55,1,7_7,5.72479112499,-9999.0,-9999.0,-9999.0,16.6560001373,205.755474401538,79.3156973877739,249592.02,664795.27,36,20,16.656
NS46SE_56,1,7_7,6.66401202815,-9999.0,-9999.0,-9999.0,18.5069999695,162.672106631487,54.0350147562383,249710.98,664788.57,20,12,18.507
NS46SE_57,1,7_7,6.60620639348,-9999.0,-9999.0,-9999.0,17.9559993744,159.650753633035,55.0701606828642,249650.27,664786.35,28,16,17.956
NS46SE_58,1,7_7,6.24500360784,-9999.0,-9999.0,-9999.0,17.7490005493,125.822778164344,45.7299835352791,249632.05,664781.64,12,8,17.749
NS46SE_59,1,7_7,3.95856012083,-9999.0,-9999.0,-9999.0,18.6280002594,146.805529398567,52.113025798026,249772.18,664783.13,28,16,18.628
NS46SE_6,1,7_7,6.10659272661,-9999.0,-9999.0,-9999.0,21.5760002136,128.049349770111,48.3682495732143,249753.05,664990.27,28,16,21.576
NS46SE_60,1,7_7,6.62230209829,-9999.0,-9999.0,-9999.0,18.1760005951,160.529980333717,54.8371634026855,249692.15,664779.06,28,16,18.176
NS46SE_61,1,7_7,5.58679397129,-9999.0,-9999.0,-9999.0,18.3180007935,166.972670488778,56.6095699249503,249734.89,664779.82,28,16,18.318
NS46SE_62,1,7_7,5.89362017628,-9999.0,-9999.0,-9999.0,16.4790000916,155.469016645326,50.6026716853792,249566.16,664778.51,12,8,16.479
NS46SE_63,1,7_7,6.13286413606,-9999.0,-9999.0,-9999.0,17.3010005951,123.164891146585,45.3075844141254,249619.19,664772.46,12,8,17.301
NS46SE_64,1,7_7,6.24933504323,-9999.0,-9999.0,-9999.0,21.5200004578,259.83568549245,73.1264645726094,249865.17,664771.23,36,20,21.52
NS46SE_65,1,7_7,6.15813951368,-9999.0,-9999.0,-9999.0,16.2700004578,78.243451347754,35.6628409032222,249522.31,664762.91,12,8,16.27
NS46SE_66,1,7_7,5.91676661458,-9999.0,-9999.0,-9999.0,16.5049991608,160.836878117443,51.6645452853893,249539.75,664765.71,12,8,16.505
NS46SE_67,1,7_7,6.54922406385,-9999.0,-9999.0,-9999.0,16.9330005646,164.571749779479,55.235895757497,249603.52,664763.1,20,12,16.933
NS46SE_68,1,7_7,2.49032064869,-9999.0,-9999.0,-9999.0,18.7883338928,40.1138250016958,26.3260971411844,249787.06,664760.1,12,8,18.788
NS46SE_69,1,7_7,4.65433611854,-9999.0,-9999.0,-9999.0,18.3360004425,229.226671573232,67.9319357782111,249764.06,664765.06,28,16,18.336
NS46SE_7,1,7_7,5.78019065288,-9999.0,-9999.0,-9999.0,21.1040000916,158.969066256224,59.0467204787252,249736.37,664983.19,28,16,21.104
NS46SE_70,1,7_7,6.18905468991,-9999.0,-9999.0,-9999.0,16.3519992828,77.942911910691,35.496165119737,249513.14,664758.66,12,8,16.352
NS46SE_71,1,7_7,6.81850832139,-9999.0,-9999.0,-9999.0,17.861000061,220.878821917387,64.08438588392,249676.69,664760.98,12,8,17.861
NS46SE_72,1,7_7,6.13557393354,-9999.0,-9999.0,-9999.0,15.875,121.732211909439,44.9916575737528,249562.05,664754.68,12,8,15.875
NS46SE_73,1,7_7,6.68470147683,-9999.0,-9999.0,-9999.0,16.3379993439,164.152349470646,55.1045446269956,249583.2,664754.5,20,12,16.338
NS46SE_74,1,7_7,6.01786701994,-9999.0,-9999.0,-9999.0,16.3619995117,67.2598961431018,34.6590752829407,249503.99,664753.36,12,8,16.362
NS46SE_75,1,7_7,6.97540281416,-9999.0,-9999.0,-9999.0,17.9120006561,216.703398649189,63.2828053859419,249724.65,664758.73,12,8,17.912
NS46SE_76,1,7_7,4.27477152421,-9999.0,-9999.0,-9999.0,19.2430000305,738.233972560045,201.009164345896,249824.66,664772.86,92,48,19.243
NS46SE_77,1,7_7,2.5149374851,-9999.0,-9999.0,-9999.0,18.3579998016,60.3759374954531,47.3353637565543,249787.79,664743.22,24,14,18.358
NS46SE_78,1,7_7,5.96452538511,-9999.0,-9999.0,-9999.0,20.7430000305,182.841388511731,60.1810222163438,249859.26,664747.31,12,8,20.743
NS46SE_79,1,7_7,4.17865794508,-9999.0,-9999.0,-9999.0,17.9740009308,194.734705921979,64.7493534853868,249758.66,664744.74,28,16,17.974
NS46SE_80,1,7_7,6.42287628647,-9999.0,-9999.0,-9999.0,15.4586668015,160.475813353922,54.0572455228672,249537.58,664742.99,12,8,15.459
NS46SE_81,1,7_7,6.89543813355,-9999.0,-9999.0,-9999.0,16.9650001526,215.950300012996,62.9769482699873,249635.52,664739.89,12,8,16.965
NS46SE_82,1,7_7,6.99233425038,-9999.0,-9999.0,-9999.0,17.3869991302,217.716409341587,63.6633890830832,249661.18,664740.04,12,8,17.387
NS46SE_83,1,7_7,6.72248546153,-9999.0,-9999.0,-9999.0,16.202999115,162.803255153999,53.9939681103788,249611.22,664735.38,12,8,16.203
NS46SE_84,1,7_7,6.99100920176,-9999.0,-9999.0,-9999.0,17.4570007324,223.947394350472,64.6487129983749,249716.52,664734.64,12,8,17.457
NS46SE_85,1,7_7,4.23557242398,-9999.0,-9999.0,-9999.0,17.827999115,176.793045843466,58.7215775650336,249754.35,664728.7,28,16,17.828
NS46SE_86,1,7_7,3.9941272962,-9999.0,-9999.0,-9999.0,20.2159996033,176.033976051329,61.5986767896076,249859.17,664728.76,28,16,20.216
NS46SE_87,1,7_7,6.56095061664,-9999.0,-9999.0,-9999.0,14.9890003204,160.735600920532,53.972142066765,249554.0,664726.79,20,12,14.989
NS46SE_88,1,7_7,6.61532865118,-9999.0,-9999.0,-9999.0,14.0600004196,159.970294385248,53.8856675370431,249507.41,664727.39,20,12,14.06
NS46SE_89,1,7_7,2.2541782769,-9999.0,-9999.0,-9999.0,20.8209991455,36.3765112450491,24.6739141481271,249867.29,664720.01,12,8,20.821
NS46SE_9,1,7_7,6.01940281132,-9999.0,-9999.0,-9999.0,20.25,142.432916767345,53.3452426290047,249719.2,664975.22,36,20,20.25
NS46SE_90,1,7_7,2.95010707963,-9999.0,-9999.0,-9999.0,17.9109992981,54.8106450143377,29.7870294468019,249775.82,664715.81,12,8,17.911
NS46SE_91,1,7_7,6.48400110891,-9999.0,-9999.0,-9999.0,15.3319997787,161.323537292885,54.8242856627741,249595.87,664719.0,28,16,15.332
NS46SE_92,1,7_7,4.23419564848,-9999.0,-9999.0,-9999.0,20.1469993591,123.699188732354,45.2423295327194,249854.22,664714.15,20,12,20.147
NS46SE_93,1,7_7,6.79460963733,-9999.0,-9999.0,-9999.0,17.329000473,146.319275358415,48.9263350493701,249745.96,664711.99,12,8,17.329
NS46SE_94,1,7_7,6.00359742782,-9999.0,-9999.0,-9999.0,17.1000003815,149.039337635907,56.0887368075742,249711.5,664710.79,28,16,17.1
NS46SE_95,1,7_7,4.78650990606,-9999.0,-9999.0,-9999.0,18.4409999847,540.395675714242,132.870457632276,249812.64,664717.94,68,36,18.441
NS46SE_96,1,7_7,6.67739148685,-9999.0,-9999.0,-9999.0,13.5389995575,160.045824094177,53.1532327076758,249509.28,664704.64,12,8,13.539
NS46SE_97,1,7_7,6.0095790267,-9999.0,-9999.0,-9999.0,14.0360002518,185.026152316085,63.2201003732104,249564.17,664705.3,20,12,14.036
NS46SE_98,1,7_7,6.23709965991,-9999.0,-9999.0,-9999.0,13.25,118.806756132944,44.5086393304755,249549.0,664694.46,12,8,13.25
NS46SE_99,1,7_7,6.32054988543,-9999.0,-9999.0,-9999.0,13.9589996338,126.977916309593,46.1336181993184,249599.13,664693.35,12,8,13.959
NS46SE_1211,1,8_5,6.656877722,-9999.0,-9999.0,-9999.0,10.1870002747,281.60955878414,96.5336017213519,250000.33,663492.08,20,12,10.187
