uid,lod,cell,height,height_max,height_min,height_pct90,ground_z,footprint_area,footprint_length,centre_e,centre_n,n_triangles,n_vertices,zmin_odn
NS65NW_3534,1,0_1,4.15714527605,-9999.0,-9999.0,-9999.0,115.652000427,55.0023717961302,30.0444960595954,260152.54,656237.81,12,8,115.652
NS65NW_3537,1,0_1,4.2305884691,-9999.0,-9999.0,-9999.0,114.389137268,764.529581484917,187.80187449852,260116.93,656224.62,100,52,114.389
NS65NW_3538,1,0_1,5.24170580825,-9999.0,-9999.0,-9999.0,111.586776733,751.735828299534,162.904458956706,260148.67,656200.58,76,38,111.587
NS65NW_3550,1,0_1,5.03079927122,-9999.0,-9999.0,-9999.0,107.967002869,175.370056654141,53.0768318245654,260300.23,655955.31,12,8,107.967
NS65NW_3637,1,0_1,5.18671186205,-9999.0,-9999.0,-9999.0,113.134002686,161.828379224508,92.0669973448792,260615.09,655782.02,84,44,113.134
NS65NW_3531,1,0_2,6.85495525008,-9999.0,-9999.0,-9999.0,127.502700806,1354.38769850691,177.897064304791,260234.46,656329.28,88,46,127.503
NS65NW_3423,1,0_3,6.19993798087,-9999.0,-9999.0,-9999.0,150.25,108.14327794597,41.704224885983,260195.46,657496.63,12,8,150.25
NS65NW_3424,1,0_3,3.35856357269,-9999.0,-9999.0,-9999.0,149.893005371,72.2785275064664,47.760606036293,260211.02,657496.91,28,16,149.893
NS65NW_3425,1,0_3,5.10865536252,-9999.0,-9999.0,-9999.0,149.294998169,106.284582510574,41.3146451924523,260245.21,657491.53,12,8,149.295
NS65NW_3426,1,0_3,4.79506651846,-9999.0,-9999.0,-9999.0,143.337005615,281.14820618493,84.4150634601924,260077.34,657498.79,44,24,143.337
NS65NW_3427,1,0_3,6.42646484375,-9999.0,-9999.0,-9999.0,149.184005737,109.7811691902,41.947141041191,260258.99,657484.54,12,8,149.184
NS65NW_3428,1,0_3,3.72985595703,-9999.0,-9999.0,-9999.0,149.115997314,24.9739874977386,20.4859323597783,260249.4,657481.09,12,8,149.116
NS65NW_3429,1,0_3,2.08655032596,-9999.0,-9999.0,-9999.0,143.577606201,32.2145189427934,28.2427882739263,260073.78,657480.54,16,10,143.578
NS65NW_3430,1,0_3,6.35161372026,-9999.0,-9999.0,-9999.0,150.464996338,98.502949920046,39.8200170556407,260188.13,657482.74,12,8,150.465
NS65NW_3431,1,0_3,6.34864942586,-9999.0,-9999.0,-9999.0,150.539993286,96.953534959854,39.5183589996395,260155.3,657481.93,12,8,150.54
NS65NW_3432,1,0_3,4.94120088577,-9999.0,-9999.0,-9999.0,149.819000244,215.229188220878,91.3044172236243,260209.61,657479.47,44,24,149.819
NS65NW_3433,1,0_3,4.81350785895,-9999.0,-9999.0,-9999.0,143.341003418,110.545887811414,43.123183120696,260092.41,657471.65,20,12,143.341
NS65NW_3434,1,0_3,6.35542907715,-9999.0,-9999.0,-9999.0,150.630004883,117.443701727198,43.4535560542751,260180.28,657471.09,12,8,150.63
NS65NW_3435,1,0_3,6.31456214989,-9999.0,-9999.0,-9999.0,150.649993896,118.683928588796,43.6980298467982,260148.62,657469.99,12,8,150.65
NS65NW_3436,1,0_3,6.3037300709,-9999.0,-9999.0,-9999.0,149.942001343,99.0485712530147,40.2624105965659,260242.42,657468.45,20,12,149.942
NS65NW_3437,1,0_3,6.36682909344,-9999.0,-9999.0,-9999.0,150.082000732,112.685153385668,42.507411216164,260212.3,657463.86,12,8,150.082
NS65NW_3439,1,0_3,5.63021883833,-9999.0,-9999.0,-9999.0,142.453994751,219.574498463083,61.0258456768284,260045.24,657458.85,12,8,142.454
NS65NW_3440,1,0_3,6.31586916153,-9999.0,-9999.0,-9999.0,150.70300293,114.267531547033,42.7870489526838,260142.83,657456.39,12,8,150.703
NS65NW_3441,1,0_3,6.3613646784,-9999.0,-9999.0,-9999.0,150.960006714,140.698936798013,47.504487991097,260174.21,657457.05,12,8,150.96
NS65NW_3442,1,0_3,4.87228562315,-9999.0,-9999.0,-9999.0,150.291000366,112.998382597739,42.5986789324265,260240.08,657455.19,12,8,150.291
NS65NW_3443,1,0_3,3.55749953168,-9999.0,-9999.0,-9999.0,150.490005493,40.5201037557555,25.6116387551488,260127.94,657451.61,12,8,150.49
NS65NW_3444,1,0_3,4.48434906006,-9999.0,-9999.0,-9999.0,141.604003906,128.38535730435,45.7857490416823,260000.84,657450.12,40,22,141.604
NS65NW_3445,1,0_3,3.42656415574,-9999.0,-9999.0,-9999.0,150.440994263,24.8538449980928,20.0468192279067,260246.87,657446.59,12,8,150.441
NS65NW_3446,1,0_3,6.37905756345,-9999.0,-9999.0,-9999.0,150.611999512,115.579048522349,43.0962674262722,260236.08,657440.87,12,8,150.612
NS65NW_3447,1,0_3,5.94118503836,-9999.0,-9999.0,-9999.0,150.960006714,141.319014430068,49.5846557008235,260141.23,657440.37,20,12,150.96
NS65NW_3448,1,0_3,6.55050897999,-9999.0,-9999.0,-9999.0,150.343002319,256.134537410035,87.8079521615575,260204.45,657444.86,32,18,150.343
NS65NW_3449,1,0_3,5.08613095656,-9999.0,-9999.0,-9999.0,145.692993164,225.272791428786,65.5205918413092,260076.81,657440.5,36,20,145.693
NS65NW_3450,1,0_3,3.27259123429,-9999.0,-9999.0,-9999.0,151.320007324,30.0078187508625,23.4468997850986,260132.34,657428.85,12,8,151.32
NS65NW_3452,1,0_3,6.4167315749,-9999.0,-9999.0,-9999.0,151.302993774,236.030548942972,83.745933534043,260170.76,657436.52,28,16,151.303
NS65NW_3453,1,0_3,6.36635482827,-9999.0,-9999.0,-9999.0,151.173660278,102.163029421821,40.5898803461615,260201.72,657426.17,12,8,151.174
NS65NW_3454,1,0_3,6.47586808788,-9999.0,-9999.0,-9999.0,150.981994629,143.316490075672,47.9626604977573,260232.09,657427.33,12,8,150.982
NS65NW_3455,1,0_3,4.77553845959,-9999.0,-9999.0,-9999.0,151.416000366,113.874012078413,42.7834143535289,260143.2,657424.37,12,8,151.416
NS65NW_3456,1,0_3,3.45741976911,-9999.0,-9999.0,-9999.0,151.751602173,43.3941149963586,26.4095793603837,260180.27,657421.76,12,8,151.752
NS65NW_3458,1,0_3,3.31010055542,-9999.0,-9999.0,-9999.0,151.429992676,45.1935749941202,26.9007487610227,260190.71,657417.67,12,8,151.43
NS65NW_3460,1,0_3,3.52994280215,-9999.0,-9999.0,-9999.0,151.82699585,281.141475612079,80.8025583623847,260105.35,657422.97,28,16,151.827
NS65NW_3461,1,0_3,6.27856070842,-9999.0,-9999.0,-9999.0,151.811004639,113.157394181373,42.5797269402273,260231.71,657412.99,12,8,151.811
NS65NW_3462,1,0_3,6.15659163133,-9999.0,-9999.0,-9999.0,152.04699707,108.069403010423,41.7077802727832,260171.4,657412.5,12,8,152.047
NS65NW_3463,1,0_3,5.04124834614,-9999.0,-9999.0,-9999.0,148.266998291,161.233668740227,53.746309971837,260053.94,657414.07,16,10,148.267
NS65NW_3464,1,0_3,6.2369720527,-9999.0,-9999.0,-9999.0,151.869995117,115.170244170284,43.1538183621756,260204.68,657410.53,12,8,151.87
NS65NW_3466,1,0_3,4.46510925293,-9999.0,-9999.0,-9999.0,151.567993164,150.411040995246,64.0204757940799,260143.24,657409.91,28,16,151.568
NS65NW_3467,1,0_3,3.2800013462,-9999.0,-9999.0,-9999.0,152.231002808,29.991858748752,22.6352681590848,260138.85,657399.86,12,8,152.231
NS65NW_3468,1,0_3,3.27268012794,-9999.0,-9999.0,-9999.0,152.531997681,23.557976246417,22.2100608484134,260240.14,657397.99,8,6,152.532
NS65NW_3469,1,0_3,6.19226996506,-9999.0,-9999.0,-9999.0,152.386993408,79.539757796274,36.9345245299675,260169.06,657398.74,12,8,152.387
NS65NW_3470,1,0_3,6.27830194713,-9999.0,-9999.0,-9999.0,152.541000366,84.6873710456321,37.2049102953149,260147.73,657394.5,12,8,152.541
NS65NW_3473,1,0_3,4.14346894493,-9999.0,-9999.0,-9999.0,149.04800415,343.192263058905,88.6313959249737,260063.27,657386.92,28,16,149.048
NS65NW_3474,1,0_3,3.88394299316,-9999.0,-9999.0,-9999.0,152.294006348,327.744031260539,106.231998071214,260113.69,657385.75,52,28,152.294
NS65NW_3475,1,0_3,6.62933274383,-9999.0,-9999.0,-9999.0,152.699996948,386.395986126232,85.5871225271354,260228.05,657382.68,28,16,152.7
NS65NW_3476,1,0_3,5.12577754309,-9999.0,-9999.0,-9999.0,148.473007202,187.164601522439,58.2010341202864,260055.07,657357.35,28,16,148.473
NS65NW_3477,1,0_3,7.11612808855,-9999.0,-9999.0,-9999.0,153.716003418,477.264859143189,97.0934886275666,260174.09,657361.54,36,20,153.716
NS65NW_3478,1,0_3,5.9055223373,-9999.0,-9999.0,-9999.0,154.880004883,79.0786696564997,36.8259251846874,260191.97,657344.04,12,8,154.88
NS65NW_3479,1,0_3,6.94872869757,-9999.0,-9999.0,-9999.0,154.085006714,468.800255648806,99.5674697638906,260217.49,657348.02,52,28,154.085
NS65NW_3480,1,0_3,3.85176876223,-9999.0,-9999.0,-9999.0,154.132003784,665.306381139999,177.29955412759,260101.55,657337.45,92,48,154.132
NS65NW_3481,1,0_3,4.24700238959,-9999.0,-9999.0,-9999.0,150.725997925,266.875626233521,77.7038614299758,260053.62,657318.11,28,16,150.726
NS65NW_3482,1,0_3,3.72860428294,-9999.0,-9999.0,-9999.0,154.302993774,308.179885191499,85.9151693813366,260088.34,657291.83,52,28,154.303
NS65NW_3483,1,0_3,4.20205383048,-9999.0,-9999.0,-9999.0,151.298995972,304.84348647487,78.2392241588155,260052.96,657286.68,36,20,151.299
NS65NW_3484,1,0_3,3.00448304051,-9999.0,-9999.0,-9999.0,148.72769165,190.198967939603,84.2777948379333,260030.42,657280.58,72,36,148.728
NS65NW_3485,1,0_3,6.62077519378,-9999.0,-9999.0,-9999.0,151.43800354,524.695790173687,108.01855028739,260058.16,657248.43,36,20,151.438
NS65NW_3486,1,0_3,4.27175295816,-9999.0,-9999.0,-9999.0,144.289001465,335.585378064118,103.537830062491,260010.01,657224.18,40,22,144.289
NS65NW_3487,1,0_3,4.48571204085,-9999.0,-9999.0,-9999.0,153.009002686,279.337614278303,101.853697302146,260088.84,657216.96,68,36,153.009
NS65NW_3488,1,0_3,6.3617807056,-9999.0,-9999.0,-9999.0,150.488006592,173.720861302871,54.1075475455726,260095.67,657186.22,20,12,150.488
NS65NW_3489,1,0_3,2.61833435059,-9999.0,-9999.0,-9999.0,153.462005615,52.6498199957277,30.5045062277612,260126.06,657170.55,12,8,153.462
NS65NW_3490,1,0_3,3.90403779835,-9999.0,-9999.0,-9999.0,146.766998291,483.859241198345,126.398406207843,260040.48,657176.57,52,28,146.767
NS65NW_3491,1,0_3,4.64925627275,-9999.0,-9999.0,-9999.0,150.938995361,185.358260294863,57.1614472423963,260105.81,657166.85,32,18,150.939
NS65NW_3492,1,0_3,2.32975151425,-9999.0,-9999.0,-9999.0,147.45199585,33.7230600046008,23.7994001808904,260040.26,657143.21,12,8,147.452
NS65NW_3493,1,0_3,4.23552872932,-9999.0,-9999.0,-9999.0,152.256668091,235.801396644943,88.8213880983951,260120.12,657151.68,44,24,152.257
NS65NW_3494,1,0_3,4.00311746552,-9999.0,-9999.0,-9999.0,146.520996094,385.739881381674,145.572237536019,260025.51,657152.66,76,42,146.521
NS65NW_3495,1,0_3,2.25967323123,-9999.0,-9999.0,-9999.0,147.26499939,35.2453813626409,27.6318082260161,260044.7,657133.46,12,8,147.265
NS65NW_3496,1,0_3,4.13795927061,-9999.0,-9999.0,-9999.0,148.216003418,291.301023293831,102.464306823643,260061.64,657146.72,84,44,148.216
NS65NW_3497,1,0_3,5.17669951639,-9999.0,-9999.0,-9999.0,156.748001099,352.235836483793,95.0254339583708,260147.62,657125.72,52,28,156.748
NS65NW_3498,1,0_3,4.40495870735,-9999.0,-9999.0,-9999.0,148.781005859,367.023618810199,97.7131597057935,260077.3,657126.97,76,40,148.781
NS65NW_3499,1,0_3,4.06199742099,-9999.0,-9999.0,-9999.0,147.074005127,201.484526386444,65.583638430834,260059.77,657115.12,36,20,147.074
NS65NW_3500,1,0_3,4.19649619866,-9999.0,-9999.0,-9999.0,146.058502197,306.649432685296,99.0969954406858,260034.69,657117.84,44,24,146.059
NS65NW_3501,1,0_3,4.42478253543,-9999.0,-9999.0,-9999.0,148.526992798,286.404484925428,100.296619370092,260091.85,657100.79,84,44,148.527
NS65NW_3502,1,0_3,4.85742976302,-9999.0,-9999.0,-9999.0,147.940002441,179.521008259683,59.4126323515946,260089.89,657083.24,36,20,147.94
NS65NW_3503,1,0_3,4.28590888015,-9999.0,-9999.0,-9999.0,145.703994751,151.025495304383,51.3251282102603,260030.28,657075.42,20,12,145.704
NS65NW_3504,1,0_3,4.1730013783,-9999.0,-9999.0,-9999.0,146.208999634,166.238694921781,55.8815080248787,260045.81,657073.11,20,12,146.209
NS65NW_3505,1,0_3,5.1493359702,-9999.0,-9999.0,-9999.0,146.729995728,142.886691192211,47.8142245947847,260061.02,657070.95,12,8,146.73
NS65NW_3506,1,0_3,4.68654521913,-9999.0,-9999.0,-9999.0,147.229995728,134.487670412818,48.2046463228854,260077.88,657070.8,20,12,147.23
NS65NW_3507,1,0_3,5.64001077161,-9999.0,-9999.0,-9999.0,150.621994019,158.249009557383,50.6488779823562,260119.48,657067.61,12,8,150.622
NS65NW_3508,1,0_3,3.78950184315,-9999.0,-9999.0,-9999.0,145.36088562,205.074753061158,95.5652015152014,260012.73,657071.25,60,32,145.361
NS65NW_3509,1,0_3,4.31190399599,-9999.0,-9999.0,-9999.0,163.613998413,222.450784204258,61.2268111631771,260195.07,657056.53,20,12,163.614
NS65NW_3510,1,0_3,6.30233309855,-9999.0,-9999.0,-9999.0,163.541000366,426.451564987194,123.823158613883,260216.1,657042.1,68,36,163.541
NS65NW_3511,1,0_3,4.34979691939,-9999.0,-9999.0,-9999.0,162.066741943,152.780300266925,49.5587238119508,260268.9,657021.58,12,8,162.067
NS65NW_3512,1,0_3,6.54683394172,-9999.0,-9999.0,-9999.0,162.04699707,289.233018644603,77.6578885479037,260244.42,657017.53,40,22,162.047
NS65NW_3513,1,0_3,4.70355252084,-9999.0,-9999.0,-9999.0,149.022003174,3123.10428040485,424.571615491436,260092.87,656998.53,172,88,149.022
NS65NW_3514,1,0_3,3.92520960777,-9999.0,-9999.0,-9999.0,150.845993042,407.926591169838,96.486100849995,260065.17,656964.32,12,8,150.846
NS65NW_3516,1,0_3,3.31823783697,-9999.0,-9999.0,-9999.0,148.669006348,47.1194437558575,34.8171638490066,260057.6,656953.12,16,10,148.669
NS65NW_3518,1,0_3,5.06956528868,-9999.0,-9999.0,-9999.0,151.093994141,1148.4993524941,187.193422814613,260113.41,656947.89,68,36,151.094
NS65NW_3519,1,0_3,3.90477527944,-9999.0,-9999.0,-9999.0,151.768997192,67.8052577822482,37.2304845122388,260124.86,656919.65,20,12,151.769
NS65NW_3520,1,0_3,3.54822856407,-9999.0,-9999.0,-9999.0,151.136993408,390.06632453705,79.0089417025772,260097.34,656915.64,12,8,151.137
NS65NW_3361,1,0_4,5.12047487215,-9999.0,-9999.0,-9999.0,142.432998657,174.132561274624,53.3205594985647,260020.36,657817.46,12,8,142.433
NS65NW_3363,1,0_4,4.57363496738,-9999.0,-9999.0,-9999.0,143.555999756,205.089196735838,64.6797078690171,260037.13,657805.66,36,20,143.556
NS65NW_3366,1,0_4,4.57969062182,-9999.0,-9999.0,-9999.0,143.718002319,206.687382129996,62.0962044479324,260053.22,657788.54,44,24,143.718
NS65NW_3369,1,0_4,4.75064631212,-9999.0,-9999.0,-9999.0,142.18699646,210.81222486089,62.708637449515,260033.29,657752.28,20,12,142.187
NS65NW_3370,1,0_4,3.68010628003,-9999.0,-9999.0,-9999.0,142.194000244,241.982198438852,95.3482951865224,260031.69,657735.09,52,28,142.194
NS65NW_3371,1,0_4,4.94117077733,-9999.0,-9999.0,-9999.0,143.102005005,98.038080233158,39.6145118553934,260053.27,657729.07,12,8,143.102
NS65NW_3372,1,0_4,6.52338412218,-9999.0,-9999.0,-9999.0,142.759994507,70.4022729536793,33.6443235584979,260024.96,657717.92,12,8,142.76
NS65NW_3373,1,0_4,4.85629324253,-9999.0,-9999.0,-9999.0,143.121002197,99.6538461630168,39.9488543326731,260042.88,657717.79,12,8,143.121
NS65NW_3374,1,0_4,6.65633200068,-9999.0,-9999.0,-9999.0,145.934005737,1278.62123560038,248.286847743019,260098.46,657746.71,100,52,145.934
NS65NW_3377,1,0_4,4.2317666077,-9999.0,-9999.0,-9999.0,144.151000977,166.705199558109,52.332350595604,260072.74,657705.28,12,8,144.151
NS65NW_3378,1,0_4,6.25612561997,-9999.0,-9999.0,-9999.0,143.298995972,73.7882145009504,34.5068524494174,260018.22,657695.85,12,8,143.299
NS65NW_3379,1,0_4,4.11969841851,-9999.0,-9999.0,-9999.0,143.664993286,148.479179491346,53.6031205673258,260058.54,657690.81,20,12,143.665
NS65NW_3380,1,0_4,3.92009535759,-9999.0,-9999.0,-9999.0,144.430999756,159.996776400517,53.7584755750651,260085.07,657691.45,20,12,144.431
NS65NW_3381,1,0_4,5.38551460428,-9999.0,-9999.0,-9999.0,143.337005615,98.0556407322947,42.7131375621416,260025.61,657686.24,28,16,143.337
NS65NW_3382,1,0_4,7.38552931489,-9999.0,-9999.0,-9999.0,149.229003906,205.636717988055,69.8999135959816,260146.62,657689.68,44,24,149.229
NS65NW_3383,1,0_4,2.08269634581,-9999.0,-9999.0,-9999.0,143.99899292,32.2616774971933,26.2073364279457,260076.98,657681.79,8,6,143.999
NS65NW_3384,1,0_4,2.47774228945,-9999.0,-9999.0,-9999.0,142.248001099,48.3503362480693,32.4718610468053,260013.54,657681.45,16,10,142.248
NS65NW_3385,1,0_4,2.60277614121,-9999.0,-9999.0,-9999.0,143.322998047,32.0052599934343,23.3536070079034,260023.24,657673.54,12,8,143.323
NS65NW_3386,1,0_4,5.23661858956,-9999.0,-9999.0,-9999.0,143.294006348,106.14111750079,43.4376520151037,260033.39,657675.6,20,12,143.294
NS65NW_3387,1,0_4,4.47467069232,-9999.0,-9999.0,-9999.0,143.17199707,189.341789025656,67.450823303198,260052.28,657672.66,36,20,143.172
NS65NW_3388,1,0_4,7.50963359548,-9999.0,-9999.0,-9999.0,149.190002441,198.980492983246,62.4938041785237,260166.15,657670.17,20,12,149.19
NS65NW_3389,1,0_4,6.35856580734,-9999.0,-9999.0,-9999.0,143.43699646,73.0677870393743,34.3276308957822,260073.74,657663.96,12,8,143.437
NS65NW_3390,1,0_4,5.23894300299,-9999.0,-9999.0,-9999.0,145.14100647,119.401766132294,47.0868910709753,260113.16,657665.18,28,16,145.141
NS65NW_3391,1,0_4,6.1745396104,-9999.0,-9999.0,-9999.0,143.570007324,77.7190949715704,37.0630131359274,260083.37,657655.13,20,12,143.57
NS65NW_3392,1,0_4,4.35436772231,-9999.0,-9999.0,-9999.0,145.934997559,114.341430352811,42.7734955340544,260124.65,657654.79,12,8,145.935
NS65NW_3393,1,0_4,2.21656536582,-9999.0,-9999.0,-9999.0,142.776992798,42.1506862495399,27.3833532851893,260070.24,657650.06,12,8,142.777
NS65NW_3394,1,0_4,2.39240348384,-9999.0,-9999.0,-9999.0,143.929000854,70.5569624979123,34.7887220732762,260108.63,657651.22,12,8,143.929
NS65NW_3395,1,0_4,2.32731172932,-9999.0,-9999.0,-9999.0,146.087005615,37.360410004133,26.4440675227768,260131.51,657647.25,12,8,146.087
NS65NW_3396,1,0_4,2.45610840049,-9999.0,-9999.0,-9999.0,141.402999878,76.8612188473369,37.7064009216228,260063.74,657642.51,12,8,141.403
NS65NW_3397,1,0_4,5.3310410579,-9999.0,-9999.0,-9999.0,144.889007568,97.1724003395633,39.4357373603413,260126.59,657635.79,12,8,144.889
NS65NW_3398,1,0_4,6.04414025096,-9999.0,-9999.0,-9999.0,141.781997681,225.56187509125,76.647203995141,260052.42,657624.59,28,16,141.782
NS65NW_3399,1,0_4,2.66062927246,-9999.0,-9999.0,-9999.0,142.401596069,41.6673258290166,29.7019217202408,260036.86,657613.15,20,12,142.402
NS65NW_3400,1,0_4,5.97958136194,-9999.0,-9999.0,-9999.0,144.550003052,167.157340942529,51.7323195467178,260160.86,657613.03,12,8,144.55
NS65NW_3402,1,0_4,5.43330733031,-9999.0,-9999.0,-9999.0,144.313995361,165.757138743792,56.5088704811719,260154.52,657600.01,20,12,144.314
NS65NW_3404,1,0_4,3.51871018843,-9999.0,-9999.0,-9999.0,148.667007446,55.338997494463,29.7649251632487,260194.3,657590.25,12,8,148.667
NS65NW_3406,1,0_4,5.55646147196,-9999.0,-9999.0,-9999.0,144.244995117,163.960865459359,51.7827700828974,260148.27,657584.77,20,12,144.245
NS65NW_3407,1,0_4,4.08652090571,-9999.0,-9999.0,-9999.0,138.720001221,160.867422992746,53.7479068608096,260044.73,657583.07,28,16,138.72
NS65NW_3408,1,0_4,6.07807814336,-9999.0,-9999.0,-9999.0,149.457000732,141.574517919503,49.5958274168629,260189.89,657578.59,20,12,149.457
NS65NW_3409,1,0_4,7.36832063996,-9999.0,-9999.0,-9999.0,137.544998169,306.987706390079,82.5506896167355,260024.7,657573.71,24,14,137.545
NS65NW_3410,1,0_4,4.17753784764,-9999.0,-9999.0,-9999.0,149.539993286,189.974786407203,91.8154893660855,260178.83,657565.19,60,32,149.54
NS65NW_3411,1,0_4,1.99701611103,-9999.0,-9999.0,-9999.0,143.475997925,45.2615662591015,32.4367801805529,260142.97,657551.81,8,6,143.476
NS65NW_3412,1,0_4,4.45671465339,-9999.0,-9999.0,-9999.0,142.949005127,344.774429468438,91.4758992942471,260129.37,657564.55,52,28,142.949
NS65NW_3413,1,0_4,4.75362315747,-9999.0,-9999.0,-9999.0,149.738006592,112.722328356695,42.5461615368673,260179.56,657546.67,12,8,149.738
NS65NW_3414,1,0_4,1.95614978027,-9999.0,-9999.0,-9999.0,143.664993286,32.7617714728343,24.8470361583475,260142.47,657537.45,12,8,143.665
NS65NW_3415,1,0_4,2.97486288136,-9999.0,-9999.0,-9999.0,149.996002197,37.4447512520527,26.3097385275289,260175.31,657532.2,12,8,149.996
NS65NW_3416,1,0_4,6.29570255158,-9999.0,-9999.0,-9999.0,149.912002563,80.5916568523701,36.3919775184593,260187.46,657532.12,12,8,149.912
NS65NW_3417,1,0_4,6.22853532478,-9999.0,-9999.0,-9999.0,150.111999512,107.021791051369,42.7988018467975,260180.51,657521.6,20,12,150.112
NS65NW_3418,1,0_4,4.65131413014,-9999.0,-9999.0,-9999.0,143.378997803,383.7613571265,107.640802857188,260090.71,657530.47,60,32,143.379
NS65NW_3419,1,0_4,6.0689252494,-9999.0,-9999.0,-9999.0,149.996994019,140.349837974715,49.3058330081431,260207.46,657515.68,20,12,149.997
NS65NW_3420,1,0_4,4.83628637612,-9999.0,-9999.0,-9999.0,149.578994751,114.035732801831,42.806361972774,260223.7,657506.77,12,8,149.579
NS65NW_3421,1,0_4,4.78050915293,-9999.0,-9999.0,-9999.0,142.582000732,490.538868806204,129.949464867519,260122.77,657521.89,76,40,142.582
NS65NW_3422,1,0_4,4.29758151505,-9999.0,-9999.0,-9999.0,150.203994751,317.464229298157,117.865957078257,260163.29,657505.05,60,32,150.204
NS65NW_3188,1,0_5,6.17833886901,-9999.0,-9999.0,-9999.0,122.053001404,721.563365640274,205.388148350616,260086.98,658743.2,140,72,122.053
NS65NW_3208,1,0_5,10.2503136591,-9999.0,-9999.0,-9999.0,123.302001953,207.661617645749,57.6420214615789,260149.21,658717.59,12,8,123.302
NS65NW_3210,1,0_5,6.13630930583,-9999.0,-9999.0,-9999.0,122.351997375,297.993920682835,92.0806608397096,260028.32,658723.64,36,20,122.352
NS65NW_3233,1,0_5,6.08512324647,-9999.0,-9999.0,-9999.0,125.013000488,132.471650077633,46.2309479751983,260033.2,658698.75,12,8,125.013
NS65NW_3239,1,0_5,6.33269860875,-9999.0,-9999.0,-9999.0,125.422996521,502.533110355188,158.155235945447,260103.53,658695.91,116,60,125.423
NS65NW_3251,1,0_5,10.0344566833,-9999.0,-9999.0,-9999.0,126.32800293,209.935719412815,57.9571387365243,260145.53,658681.71,12,8,126.328
NS65NW_3260,1,0_5,6.2936283548,-9999.0,-9999.0,-9999.0,124.347999573,539.571046394001,176.722942397602,260066.02,658686.34,92,48,124.348
NS65NW_3262,1,0_5,9.88547608347,-9999.0,-9999.0,-9999.0,125.230003357,591.644164273401,136.742973791945,260188.45,658678.56,40,22,125.23
NS65NW_3263,1,0_5,8.96845420185,-9999.0,-9999.0,-9999.0,129.152999878,478.870808095797,112.941871125677,260222.48,658662.64,44,24,129.153
NS65NW_3267,1,0_5,7.70788926769,-9999.0,-9999.0,-9999.0,135.686004639,5704.50265180002,595.379261992721,260354.51,658687.13,196,100,135.686
NS65NW_3272,1,0_5,7.89196655105,-9999.0,-9999.0,-9999.0,131.384994507,282.828384743517,78.7493085148609,260252.32,658651.97,20,12,131.385
NS65NW_3274,1,0_5,8.82267646392,-9999.0,-9999.0,-9999.0,128.522003174,1010.51503474664,212.307770473002,260109.23,658651.47,84,44,128.522
NS65NW_3278,1,0_5,3.80815792599,-9999.0,-9999.0,-9999.0,128.009002686,46.622684994268,27.6334668021482,260015.03,658631.85,12,8,128.009
NS65NW_3280,1,0_5,6.06048943759,-9999.0,-9999.0,-9999.0,126.555000305,792.651714551498,177.928971086173,260033.09,658656.1,84,44,126.555
NS65NW_3282,1,0_5,5.84394786433,-9999.0,-9999.0,-9999.0,127.84400177,91.1187990570204,38.3197646201388,260003.76,658622.41,12,8,127.844
NS65NW_3284,1,0_5,7.02284173635,-9999.0,-9999.0,-9999.0,131.598007202,278.957480795033,78.4642009775175,260260.51,658610.07,20,12,131.598
NS65NW_3285,1,0_5,8.85569104883,-9999.0,-9999.0,-9999.0,131.550994873,484.275860831313,113.354205814354,260236.77,658589.66,44,24,131.551
NS65NW_3289,1,0_5,9.60772859849,-9999.0,-9999.0,-9999.0,133.807998657,1001.95962865479,195.003537654661,260129.51,658560.19,52,28,133.808
NS65NW_3290,1,0_5,9.41444808581,-9999.0,-9999.0,-9999.0,128.662002563,232.132695558479,64.7299581537121,260504.31,658547.38,20,12,128.662
NS65NW_3291,1,0_5,9.96106843157,-9999.0,-9999.0,-9999.0,133.886001587,293.219601405114,74.7032413782246,260164.1,658544.83,28,16,133.886
NS65NW_3292,1,0_5,5.91935539246,-9999.0,-9999.0,-9999.0,135.632995605,138.868465945823,47.9078794722687,260140.01,658534.47,20,12,135.633
NS65NW_3293,1,0_5,5.75650741852,-9999.0,-9999.0,-9999.0,136.039001465,190.971602405166,59.4360407522382,260118.04,658530.55,20,12,136.039
NS65NW_3294,1,0_5,6.20150383796,-9999.0,-9999.0,-9999.0,136.212997437,187.703148045269,59.643437659837,260094.7,658530.14,28,16,136.213
NS65NW_3295,1,0_5,5.87138114827,-9999.0,-9999.0,-9999.0,135.794006348,136.500719085706,46.9003127922897,260142.89,658508.56,12,8,135.794
NS65NW_3296,1,0_5,8.95414752831,-9999.0,-9999.0,-9999.0,131.227996826,224.570503731982,64.826773970994,260515.93,658511.52,28,16,131.228
NS65NW_3297,1,0_5,6.02473834111,-9999.0,-9999.0,-9999.0,136.348007202,140.484467228718,47.6384897880529,260117.83,658503.96,12,8,136.348
NS65NW_3298,1,0_5,6.433240832,-9999.0,-9999.0,-9999.0,129.968994141,421.944166351091,99.1002489245476,260486.93,658510.32,44,24,129.969
NS65NW_3299,1,0_5,9.91834443674,-9999.0,-9999.0,-9999.0,130.085998535,1249.43406548414,250.367886919327,260369.32,658513.43,36,20,130.086
NS65NW_3300,1,0_5,6.08281401327,-9999.0,-9999.0,-9999.0,135.740997314,158.708119937046,51.7003732816853,260133.97,658490.65,20,12,135.741
NS65NW_3301,1,0_5,6.0719909668,-9999.0,-9999.0,-9999.0,129.973999023,359.703588790335,94.0069056052087,260456.68,658499.88,52,28,129.974
NS65NW_3302,1,0_5,5.81233402297,-9999.0,-9999.0,-9999.0,135.380996704,133.176448957944,47.9445177162878,260148.79,658481.59,28,16,135.381
NS65NW_3303,1,0_5,6.00446433352,-9999.0,-9999.0,-9999.0,130.477005005,472.485945677179,116.792892592232,260425.16,658484.15,68,36,130.477
NS65NW_3304,1,0_5,5.57856103315,-9999.0,-9999.0,-9999.0,136.227005005,141.338056805813,48.522579613738,260122.54,658476.73,20,12,136.227
NS65NW_3305,1,0_5,6.58291379244,-9999.0,-9999.0,-9999.0,134.210006714,639.795841360152,150.762769796903,260170.81,658499.95,64,34,134.21
NS65NW_3306,1,0_5,6.16420155511,-9999.0,-9999.0,-9999.0,131.488998413,367.268891641032,105.567216587804,260513.49,658477.9,44,24,131.489
NS65NW_3307,1,0_5,8.50837165227,-9999.0,-9999.0,-9999.0,130.861999512,253.33437719659,82.8987987702523,260461.88,658475.84,44,24,130.862
NS65NW_3308,1,0_5,5.66922827166,-9999.0,-9999.0,-9999.0,136.763000488,353.70091287849,117.101974402977,260102.19,658486.87,76,40,136.763
NS65NW_3309,1,0_5,6.01933068447,-9999.0,-9999.0,-9999.0,135.188995361,158.948708471931,51.6101670784676,260155.58,658456.5,20,12,135.189
NS65NW_3310,1,0_5,9.90911344405,-9999.0,-9999.0,-9999.0,132.119995117,1648.1891916412,332.813679169347,260216.45,658518.9,84,44,132.12
NS65NW_3311,1,0_5,5.74279672609,-9999.0,-9999.0,-9999.0,135.61000061,182.032888792942,58.9343581000336,260134.87,658451.99,20,12,135.61
NS65NW_3312,1,0_5,9.68619346869,-9999.0,-9999.0,-9999.0,130.229995728,988.860345313144,208.602290749662,260278.45,658464.01,68,36,130.23
NS65NW_3313,1,0_5,6.19742392481,-9999.0,-9999.0,-9999.0,133.261001587,291.062566340897,74.0122920803274,260180.62,658455.3,12,8,133.261
NS65NW_3314,1,0_5,3.30681207678,-9999.0,-9999.0,-9999.0,135.416000366,46.3400624890146,27.6044820727979,260077.41,658439.92,12,8,135.416
NS65NW_3315,1,0_5,6.94521653858,-9999.0,-9999.0,-9999.0,132.13999939,301.320223951304,87.8020122783734,260338.9,658446.41,36,20,132.14
NS65NW_3316,1,0_5,6.19926375085,-9999.0,-9999.0,-9999.0,135.151672363,196.161385088071,59.4980649639754,260112.42,658444.38,20,12,135.152
NS65NW_3317,1,0_5,6.68212295807,-9999.0,-9999.0,-9999.0,132.710006714,425.939557244192,112.45654346691,260177.85,658428.59,48,26,132.71
NS65NW_3318,1,0_5,6.63644305472,-9999.0,-9999.0,-9999.0,132.76600647,515.820712785054,141.280087083491,260133.55,658420.92,76,40,132.766
NS65NW_3319,1,0_5,6.9769370387,-9999.0,-9999.0,-9999.0,132.143005371,303.898469338732,82.8503077211328,260256.79,658414.65,12,8,132.143
NS65NW_3320,1,0_5,6.97956589687,-9999.0,-9999.0,-9999.0,132.143005371,603.061474367643,188.976971332843,260303.11,658416.14,44,24,132.143
NS65NW_3321,1,0_5,11.4126707467,-9999.0,-9999.0,-9999.0,132.667999268,925.557217961445,189.729717913898,260065.5,658407.49,44,24,132.668
NS65NW_1842,1,0_6,6.24324020196,-9999.0,-9999.0,-9999.0,87.8160018921,168.001541903409,52.224048334348,260242.42,659356.14,16,10,87.816
NS65NW_1945,1,0_6,12.8535852361,-9999.0,-9999.0,-9999.0,85.68800354,1326.95407252461,286.497016490333,260218.19,659360.97,92,48,85.688
NS65NW_1972,1,0_6,4.24567512368,-9999.0,-9999.0,-9999.0,92.4099960327,619.527736248204,105.1025785787,260116.1,659323.51,44,24,92.41
NS65NW_2027,1,0_6,3.00416433546,-9999.0,-9999.0,-9999.0,93.2519989014,51.1899069201122,35.1398948895187,260100.37,659298.26,20,12,93.252
NS65NW_2033,1,0_6,6.8055730479,-9999.0,-9999.0,-9999.0,92.2460021973,401.202494012061,103.997817996234,260279.45,659310.23,60,32,92.246
NS65NW_2044,1,0_6,11.2185047846,-9999.0,-9999.0,-9999.0,90.4530029297,480.574321622739,98.3078236305349,260230.76,659296.61,12,8,90.453
NS65NW_2095,1,0_6,3.8543792567,-9999.0,-9999.0,-9999.0,95.71900177,149.837971258914,51.3741382178229,260289.89,659275.54,12,8,95.719
NS65NW_2138,1,0_6,2.33213390501,-9999.0,-9999.0,-9999.0,100.388999939,72.1950257224087,34.7409273667103,260436.49,659257.91,12,8,100.389
NS65NW_2145,1,0_6,6.49856127974,-9999.0,-9999.0,-9999.0,96.9250030518,214.95220006689,62.996056276198,260311.02,659254.72,16,10,96.925
NS65NW_2158,1,0_6,4.5325604203,-9999.0,-9999.0,-9999.0,100.483001709,530.175541262995,92.1023396971561,260418.44,659257.41,12,8,100.483
NS65NW_2186,1,0_6,5.09351902906,-9999.0,-9999.0,-9999.0,93.2559967041,1597.68579183646,218.157344058757,260184.29,659266.34,80,42,93.256
NS65NW_2189,1,0_6,6.37659476878,-9999.0,-9999.0,-9999.0,96.2030029297,438.612180354328,125.368149809652,260278.72,659251.8,44,24,96.203
NS65NW_2192,1,0_6,2.48728783017,-9999.0,-9999.0,-9999.0,99.3193359375,27.3967050014173,21.1140140484307,260358.07,659232.3,12,8,99.319
NS65NW_2198,1,0_6,3.82901748152,-9999.0,-9999.0,-9999.0,95.9649963379,709.137839918254,135.363668955777,260238.34,659248.43,36,20,95.965
NS65NW_2199,1,0_6,3.91011511857,-9999.0,-9999.0,-9999.0,98.2143325806,357.929984733036,81.4682349658163,260329.65,659240.3,32,18,98.214
NS65NW_2202,1,0_6,3.80752780277,-9999.0,-9999.0,-9999.0,99.5149993896,120.760641145181,43.9589512409328,260369.56,659230.5,12,8,99.515
NS65NW_2231,1,0_6,3.78869529133,-9999.0,-9999.0,-9999.0,96.0970001221,356.741580837573,92.2443027304422,260204.33,659222.32,44,24,96.097
NS65NW_2286,1,0_6,4.93872168746,-9999.0,-9999.0,-9999.0,94.3740005493,1201.23131464993,148.469998372824,260078.86,659197.77,28,16,94.374
NS65NW_2287,1,0_6,2.04289287525,-9999.0,-9999.0,-9999.0,94.4209976196,24.749838755221,25.4784126497682,260094.69,659181.34,12,8,94.421
NS65NW_2293,1,0_6,5.67531705042,-9999.0,-9999.0,-9999.0,101.127998352,814.030197811509,118.298415349072,260486.41,659195.17,12,8,101.128
NS65NW_2306,1,0_6,6.88481261805,-9999.0,-9999.0,-9999.0,101.250999451,990.653415578122,181.035146491987,260371.31,659189.25,44,24,101.251
NS65NW_2307,1,0_6,5.52366965317,-9999.0,-9999.0,-9999.0,101.251998901,704.626122437045,112.475322935952,260438.54,659190.86,12,8,101.252
NS65NW_2315,1,0_6,4.98657371542,-9999.0,-9999.0,-9999.0,95.0699996948,2411.04092334116,317.156628914764,260019.84,659203.75,84,40,95.07
NS65NW_2347,1,0_6,3.39623699582,-9999.0,-9999.0,-9999.0,95.3720016479,327.178176638551,89.4566501295504,260009.66,659155.12,20,12,95.372
NS65NW_2360,1,0_6,9.69783169993,-9999.0,-9999.0,-9999.0,97.7539978027,1947.34244699459,236.00884513608,260278.92,659173.26,136,70,97.754
NS65NW_2397,1,0_6,5.69396940712,-9999.0,-9999.0,-9999.0,100.942001343,828.664108118921,122.981264376545,260500.61,659144.25,36,20,100.942
NS65NW_2406,1,0_6,7.10713448738,-9999.0,-9999.0,-9999.0,95.4919967651,4803.40266792368,307.780670310926,260129.71,659154.92,52,28,95.492
NS65NW_2423,1,0_6,5.72946982236,-9999.0,-9999.0,-9999.0,101.240997314,1120.48532648503,144.337624088099,260445.38,659133.5,20,12,101.241
NS65NW_2432,1,0_6,5.75805320818,-9999.0,-9999.0,-9999.0,102.167999268,1103.99387219109,143.511014744844,260395.26,659128.95,12,8,102.168
NS65NW_2440,1,0_6,4.4948784092,-9999.0,-9999.0,-9999.0,97.091003418,692.678400581554,111.630993831848,260216.33,659120.15,12,8,97.091
NS65NW_2444,1,0_6,7.51943479084,-9999.0,-9999.0,-9999.0,102.386001587,767.779483201351,131.447444677014,260515.58,659111.69,20,12,102.386
NS65NW_2457,1,0_6,3.35870124198,-9999.0,-9999.0,-9999.0,98.7959976196,37.5679500041619,24.6706591843128,260218.49,659096.92,12,8,98.796
NS65NW_2485,1,0_6,3.51624759875,-9999.0,-9999.0,-9999.0,102.892997742,47.8957275027302,27.9724380913336,260367.98,659085.52,12,8,102.893
NS65NW_2492,1,0_6,2.53782446488,-9999.0,-9999.0,-9999.0,102.75,25.5519600001677,27.8082633426677,260394.05,659084.02,8,6,102.75
NS65NW_2501,1,0_6,4.86257895261,-9999.0,-9999.0,-9999.0,97.4400024414,816.957902377007,123.999703277035,260117.26,659089.79,24,14,97.44
NS65NW_2502,1,0_6,3.82861645376,-9999.0,-9999.0,-9999.0,101.222000122,185.990513098881,54.5701384758482,260579.53,659082.15,12,8,101.222
NS65NW_2505,1,0_6,4.13473662386,-9999.0,-9999.0,-9999.0,98.9759979248,906.870830255764,137.42451164996,260252.97,659087.15,28,16,98.976
NS65NW_2509,1,0_6,9.23307648364,-9999.0,-9999.0,-9999.0,97.4980010986,414.887898117276,118.225537646667,260176.75,659091.23,44,24,97.498
NS65NW_2515,1,0_6,7.54206817004,-9999.0,-9999.0,-9999.0,102.837997437,348.998279229751,77.7554900824385,260342.88,659082.92,12,8,102.838
NS65NW_2573,1,0_6,7.35307763295,-9999.0,-9999.0,-9999.0,100.073997498,1000.61118529077,154.123154435548,260545.38,659067.12,64,34,100.074
NS65NW_2628,1,0_6,9.17933672705,-9999.0,-9999.0,-9999.0,101.371002197,1005.733550514,266.145647275434,260177.7,659040.44,92,48,101.371
NS65NW_2634,1,0_6,41.4753897913,-9999.0,-9999.0,-9999.0,103.910003662,585.40243689514,100.04399491988,260101.89,659040.39,40,22,103.91
NS65NW_2673,1,0_6,1.62302523623,-9999.0,-9999.0,-9999.0,106.260002136,145.852550653608,70.2473952637708,260072.7,659010.71,20,12,106.26
NS65NW_2677,1,0_6,4.19107144944,-9999.0,-9999.0,-9999.0,104.552001953,790.091002709231,147.898902450499,260365.97,659024.08,48,26,104.552
NS65NW_2682,1,0_6,7.52378064737,-9999.0,-9999.0,-9999.0,101.080001831,1363.57733880379,204.143331217335,260491.62,659042.29,76,40,101.08
NS65NW_2684,1,0_6,53.896968312,-9999.0,-9999.0,-9999.0,106.178001404,429.143136865798,93.7131479267197,260042.27,659012.78,28,16,106.178
NS65NW_2690,1,0_6,6.35507686967,-9999.0,-9999.0,-9999.0,102.508003235,2518.66405749425,360.424911864713,260427.88,659046.1,224,112,102.508
NS65NW_2750,1,0_6,2.93174622024,-9999.0,-9999.0,-9999.0,101.473999023,54.2610855597624,31.8347404211072,260469.94,658975.84,12,8,101.474
NS65NW_2761,1,0_6,7.0145473916,-9999.0,-9999.0,-9999.0,103.372001648,145.683791640646,48.7069215941636,260444.29,658972.89,12,8,103.372
NS65NW_2771,1,0_6,6.95041964036,-9999.0,-9999.0,-9999.0,104.849998474,197.996720494611,58.5695114333381,260391.56,658966.57,12,8,104.85
NS65NW_2772,1,0_6,6.73531626435,-9999.0,-9999.0,-9999.0,104.307998657,203.021613206384,59.7438392489072,260412.0,658967.39,20,12,104.308
NS65NW_2777,1,0_6,9.14034739448,-9999.0,-9999.0,-9999.0,109.291000366,225.153193341319,67.1865969612294,260321.46,658969.87,12,8,109.291
NS65NW_2791,1,0_6,2.46614277052,-9999.0,-9999.0,-9999.0,102.17137146,60.7642492916246,32.0455939889741,260489.29,658954.87,20,12,102.171
NS65NW_2794,1,0_6,4.52726107778,-9999.0,-9999.0,-9999.0,101.971000671,82.4109780812728,36.8770682376684,260480.22,658954.01,12,8,101.971
NS65NW_2799,1,0_6,6.90322356157,-9999.0,-9999.0,-9999.0,104.902999878,146.678911591983,48.7012535646833,260446.12,658953.07,12,8,104.903
NS65NW_2801,1,0_6,9.00801780578,-9999.0,-9999.0,-9999.0,110.32900238,569.047587654937,147.098833353001,260285.91,658953.41,36,20,110.329
NS65NW_2826,1,0_6,3.42660189076,-9999.0,-9999.0,-9999.0,119.550003052,30.2870325043655,22.0386812330738,260035.69,658934.25,12,8,119.55
NS65NW_2827,1,0_6,7.0059134942,-9999.0,-9999.0,-9999.0,106.549003601,131.844066959199,46.0790438272995,260453.61,658938.04,12,8,106.549
NS65NW_2841,1,0_6,6.88582385938,-9999.0,-9999.0,-9999.0,107.740997314,196.443462239068,58.1767918332234,260390.07,658933.57,12,8,107.741
NS65NW_2848,1,0_6,2.01977719579,-9999.0,-9999.0,-9999.0,103.134231567,60.6521362495215,34.9857380526935,260517.78,658923.75,20,12,103.134
NS65NW_2854,1,0_6,6.34281683614,-9999.0,-9999.0,-9999.0,120.070999146,93.8350366219184,38.9125675398101,260025.3,658921.69,12,8,120.071
NS65NW_2857,1,0_6,6.93486885028,-9999.0,-9999.0,-9999.0,107.785003662,134.247360950113,46.4800205780274,260458.61,658922.77,12,8,107.785
NS65NW_2865,1,0_6,12.3705776485,-9999.0,-9999.0,-9999.0,107.337997437,724.869605709604,163.093161116686,260361.57,658941.33,52,28,107.338
NS65NW_2869,1,0_6,5.98268072099,-9999.0,-9999.0,-9999.0,119.740997314,104.830481957976,43.4193626305361,260004.9,658915.68,20,12,119.741
NS65NW_2884,1,0_6,6.96852850192,-9999.0,-9999.0,-9999.0,110.317001343,133.634914261132,46.3734284310008,260376.64,658908.67,12,8,110.317
NS65NW_2889,1,0_6,7.10807888633,-9999.0,-9999.0,-9999.0,108.991996765,144.319252545036,48.4627204576532,260464.77,658905.39,12,8,108.992
NS65NW_2893,1,0_6,6.95770856336,-9999.0,-9999.0,-9999.0,110.54599762,145.530715075061,48.6089597088538,260394.42,658902.56,12,8,110.546
NS65NW_2903,1,0_6,5.11073533935,-9999.0,-9999.0,-9999.0,119.069999695,558.233542763569,106.294065524202,260068.06,658906.24,44,24,119.07
NS65NW_2908,1,0_6,6.98536016759,-9999.0,-9999.0,-9999.0,110.623001099,146.256751144965,48.8657746826854,260412.92,658896.39,12,8,110.623
NS65NW_2919,1,0_6,7.1139801053,-9999.0,-9999.0,-9999.0,110.682998657,142.062559969327,48.2287257536215,260431.14,658890.11,16,10,110.683
NS65NW_2935,1,0_6,10.7279053536,-9999.0,-9999.0,-9999.0,115.782997131,1620.8025967395,343.311264235593,260197.97,658905.17,108,56,115.783
NS65NW_2941,1,0_6,7.16331894081,-9999.0,-9999.0,-9999.0,111.400001526,144.366915407224,48.437952511849,260459.03,658880.49,12,8,111.4
NS65NW_2945,1,0_6,6.69228363037,-9999.0,-9999.0,-9999.0,111.652000427,155.451364559579,50.1340165440662,260363.24,658878.11,12,8,111.652
NS65NW_2949,1,0_6,7.13757522992,-9999.0,-9999.0,-9999.0,111.501998901,131.566465029114,46.0265943938722,260477.36,658874.32,12,8,111.502
NS65NW_2955,1,0_6,4.30574756692,-9999.0,-9999.0,-9999.0,111.480003357,169.808865962813,106.460946962313,260528.39,658873.74,52,28,111.48
NS65NW_2959,1,0_6,6.81003337083,-9999.0,-9999.0,-9999.0,111.571998596,197.64662670165,58.3836236098078,260381.89,658871.19,12,8,111.572
NS65NW_2962,1,0_6,6.62301399616,-9999.0,-9999.0,-9999.0,111.374000549,445.526996803824,105.004919782819,260502.79,658872.25,60,32,111.374
NS65NW_2969,1,0_6,6.77633009452,-9999.0,-9999.0,-9999.0,111.691001892,198.692897562304,58.55818590958,260401.05,658864.59,12,8,111.691
NS65NW_2973,1,0_6,7.20092980842,-9999.0,-9999.0,-9999.0,114.632003784,506.744398630385,111.668598448825,260202.94,658869.29,20,12,114.632
NS65NW_2985,1,0_6,6.84056670723,-9999.0,-9999.0,-9999.0,111.781997681,147.103373817409,48.9032266143662,260419.92,658858.39,12,8,111.782
NS65NW_3011,1,0_6,11.7482930987,-9999.0,-9999.0,-9999.0,113.653999329,1141.38952571412,242.202772671876,260249.34,658876.35,88,46,113.654
NS65NW_3018,1,0_6,7.13961305957,-9999.0,-9999.0,-9999.0,111.944000244,198.168622126865,58.4185959730819,260451.08,658844.85,12,8,111.944
NS65NW_3020,1,0_6,6.38143235946,-9999.0,-9999.0,-9999.0,116.627998352,390.91471121578,98.609725795781,260105.73,658842.37,12,8,116.628
NS65NW_3021,1,0_6,3.84677616755,-9999.0,-9999.0,-9999.0,115.42199707,50.5359562537271,29.1322417792121,260408.23,658839.71,12,8,115.422
NS65NW_3026,1,0_6,6.55400799297,-9999.0,-9999.0,-9999.0,112.163002014,593.806511294048,118.837755822001,260481.51,658839.56,60,32,112.163
NS65NW_3035,1,0_6,6.6067319683,-9999.0,-9999.0,-9999.0,112.058998108,338.102659563842,77.2869263691789,260513.0,658830.13,28,16,112.059
NS65NW_3087,1,0_6,8.81144884243,-9999.0,-9999.0,-9999.0,115.319999695,1070.99956892598,223.666938374958,260162.83,658815.7,52,28,115.32
NS65NW_3091,1,0_6,9.74895944526,-9999.0,-9999.0,-9999.0,113.135002136,1688.23645129794,343.640070237792,260291.7,658837.23,104,54,113.135
NS65NW_3094,1,0_6,11.1921112765,-9999.0,-9999.0,-9999.0,115.112998962,737.503220493778,148.211827817124,260192.08,658809.67,28,16,115.113
NS65NW_3106,1,0_6,8.39467199652,-9999.0,-9999.0,-9999.0,116.339996338,713.002531608974,159.973996629266,260063.05,658811.58,40,22,116.34
NS65NW_3118,1,0_6,7.38011214808,-9999.0,-9999.0,-9999.0,121.45400238,2773.54414085733,389.333380318854,260347.98,658807.14,156,80,121.454
NS65NW_3121,1,0_6,8.66185575786,-9999.0,-9999.0,-9999.0,117.024002075,621.920695232394,131.664091056835,260106.4,658778.85,12,8,117.024
NS65NW_3156,1,0_6,7.60133184719,-9999.0,-9999.0,-9999.0,120.741996765,511.854835603385,116.195324316703,260019.92,658761.62,28,16,120.742
NS65NW_3192,1,0_6,11.4537399438,-9999.0,-9999.0,-9999.0,117.586997986,668.599233508788,135.877887769871,260161.25,658756.88,20,12,117.587
NS65NW_3200,1,0_6,12.1124279668,-9999.0,-9999.0,-9999.0,116.75,981.261130519738,198.428813979024,260211.37,658751.64,76,40,116.75
NS65NW_1012,1,0_7,7.06254308477,-9999.0,-9999.0,-9999.0,62.5120010376,463.461003643374,109.231960312768,260173.07,659663.38,12,8,62.512
NS65NW_1027,1,0_7,7.0871167373,-9999.0,-9999.0,-9999.0,58.3089981079,1707.69633533822,356.883204190592,260271.03,659666.75,36,20,58.309
NS65NW_103,1,0_7,2.32005125211,-9999.0,-9999.0,-9999.0,46.6940002441,85.9316287483039,49.1804937465564,260505.25,659964.79,24,14,46.694
NS65NW_1039,1,0_7,12.7613086946,-9999.0,-9999.0,-9999.0,55.5730018616,913.944761180376,199.977867542413,260500.7,659670.72,44,24,55.573
NS65NW_104,1,0_7,6.57853186635,-9999.0,-9999.0,-9999.0,43.5600013733,186.622538982526,55.742438306283,260552.89,659968.33,12,8,43.56
NS65NW_107,1,0_7,6.05254182493,-9999.0,-9999.0,-9999.0,42.0419998169,423.406964388092,135.064603536972,260593.11,659977.57,44,24,42.042
NS65NW_1106,1,0_7,12.868858594,-9999.0,-9999.0,-9999.0,62.2109985352,570.983767485603,136.852994486462,260477.38,659617.01,44,24,62.211
NS65NW_1134,1,0_7,9.90532902257,-9999.0,-9999.0,-9999.0,65.0220031738,1104.91987113382,240.600154527695,260029.38,659622.7,76,40,65.022
NS65NW_115,1,0_7,2.30801276503,-9999.0,-9999.0,-9999.0,41.6980018616,34.2589125017271,30.1031668928061,260606.51,659959.42,20,12,41.698
NS65NW_1167,1,0_7,9.63997223758,-9999.0,-9999.0,-9999.0,57.6669998169,1424.6491184056,219.599184661356,260562.16,659622.75,136,70,57.667
NS65NW_1198,1,0_7,13.2824201838,-9999.0,-9999.0,-9999.0,67.0179977417,851.732415139924,180.607911867593,260405.45,659587.86,12,8,67.018
NS65NW_1227,1,0_7,2.57718774337,-9999.0,-9999.0,-9999.0,69.8446655273,85.019197460653,41.5014802496229,260458.43,659556.4,20,12,69.845
NS65NW_125,1,0_7,6.73037727747,-9999.0,-9999.0,-9999.0,48.611000061,194.566788201439,61.8043348818997,260469.71,659963.51,28,16,48.611
NS65NW_1251,1,0_7,5.91155262067,-9999.0,-9999.0,-9999.0,85.6470031738,135.832724600378,47.0648545917767,260207.15,659545.78,12,8,85.647
NS65NW_1256,1,0_7,4.79591477223,-9999.0,-9999.0,-9999.0,71.3983306885,42.1021228718288,28.7336345020042,260469.06,659540.98,12,8,71.398
NS65NW_1272,1,0_7,6.13603349395,-9999.0,-9999.0,-9999.0,85.8109970093,154.636864513904,50.6923820164721,260187.65,659539.01,12,8,85.811
NS65NW_1275,1,0_7,5.96475750858,-9999.0,-9999.0,-9999.0,85.0609970093,262.528898984997,90.5395175615444,260231.33,659540.09,28,16,85.061
NS65NW_1279,1,0_7,4.6303270373,-9999.0,-9999.0,-9999.0,72.03099823,50.7361313656295,30.8284199944704,260470.9,659530.63,12,8,72.031
NS65NW_1301,1,0_7,6.04781914107,-9999.0,-9999.0,-9999.0,84.75,139.72796506173,47.7102483842904,260252.11,659525.36,12,8,84.75
NS65NW_1320,1,0_7,5.93681768025,-9999.0,-9999.0,-9999.0,87.2509994507,429.679386889981,102.840937978518,260128.96,659515.54,12,8,87.251
NS65NW_1322,1,0_7,4.68177252116,-9999.0,-9999.0,-9999.0,87.5820007324,276.032248958885,72.1171533297694,260163.17,659515.16,12,8,87.582
NS65NW_1331,1,0_7,6.05512747434,-9999.0,-9999.0,-9999.0,86.6360015869,467.52630127994,110.278652660395,260083.53,659513.96,20,12,86.636
NS65NW_1333,1,0_7,6.15579863893,-9999.0,-9999.0,-9999.0,86.2180023193,218.46100328355,62.8801254162512,260192.86,659510.19,12,8,86.218
NS65NW_1335,1,0_7,5.91743244657,-9999.0,-9999.0,-9999.0,73.8420028687,252.464163830336,68.6953319859705,260605.6,659510.74,36,20,73.842
NS65NW_1347,1,0_7,6.03841017047,-9999.0,-9999.0,-9999.0,73.4729995728,123.623207347655,44.4775081344738,260586.0,659507.66,12,8,73.473
NS65NW_1353,1,0_7,5.9924402443,-9999.0,-9999.0,-9999.0,84.5279998779,136.389280562772,47.1675900623684,260250.04,659506.91,12,8,84.528
NS65NW_1354,1,0_7,5.97804547286,-9999.0,-9999.0,-9999.0,73.5289993286,129.825390030177,47.2481141476912,260566.36,659505.21,28,16,73.529
NS65NW_1362,1,0_7,6.15396358656,-9999.0,-9999.0,-9999.0,85.6839981079,527.287449621288,120.926540679123,260035.95,659506.46,12,8,85.684
NS65NW_1363,1,0_7,6.29372345562,-9999.0,-9999.0,-9999.0,74.4759979248,146.067441971199,48.9248584099148,260535.56,659503.42,12,8,74.476
NS65NW_1365,1,0_7,6.16192420161,-9999.0,-9999.0,-9999.0,73.9840011597,126.217431556983,45.5763052221985,260552.32,659503.1,20,12,73.984
NS65NW_1373,1,0_7,6.32386331973,-9999.0,-9999.0,-9999.0,74.6029968262,170.901290053756,53.7898195200683,260518.53,659500.91,20,12,74.603
NS65NW_1394,1,0_7,6.10821733464,-9999.0,-9999.0,-9999.0,84.766998291,222.678944273288,63.6113643360633,260225.34,659496.58,12,8,84.767
NS65NW_1399,1,0_7,6.22462709399,-9999.0,-9999.0,-9999.0,75.2409973145,142.078784592727,48.2756359262144,260485.73,659492.27,12,8,75.241
NS65NW_1409,1,0_7,12.7668670951,-9999.0,-9999.0,-9999.0,74.9290008545,1389.67465981328,285.038479783158,260319.27,659520.67,32,18,74.929
NS65NW_141,1,0_7,7.23584527116,-9999.0,-9999.0,-9999.0,61.408000946,187.606111390347,55.8854325112879,260238.05,659959.14,12,8,61.408
NS65NW_1446,1,0_7,6.1333010648,-9999.0,-9999.0,-9999.0,83.9749984741,226.805642698547,63.670530546238,260242.95,659479.61,12,8,83.975
NS65NW_1456,1,0_7,5.95577961043,-9999.0,-9999.0,-9999.0,77.4029998779,131.049749303244,47.2205686496349,260520.7,659473.33,28,16,77.403
NS65NW_1458,1,0_7,6.13923879397,-9999.0,-9999.0,-9999.0,76.5950012207,122.964518349649,45.5089636377957,260490.3,659473.1,20,12,76.595
NS65NW_1480,1,0_7,5.92428718143,-9999.0,-9999.0,-9999.0,80.5469970703,183.215883632103,56.9969784351985,260574.49,659467.04,20,12,80.547
NS65NW_1502,1,0_7,11.9604293058,-9999.0,-9999.0,-9999.0,87.4189987183,1167.69257763746,230.590107693829,260118.14,659469.98,84,44,87.419
NS65NW_1512,1,0_7,5.96053295056,-9999.0,-9999.0,-9999.0,80.8980026245,244.390349649272,68.6521620464007,260551.83,659460.16,28,16,80.898
NS65NW_1523,1,0_7,9.12751487383,-9999.0,-9999.0,-9999.0,76.2129974365,434.867987137534,114.199147023371,260392.2,659457.62,12,8,76.213
NS65NW_1526,1,0_7,6.21533952656,-9999.0,-9999.0,-9999.0,78.5019989014,145.241711224572,48.7580492132498,260524.07,659456.34,12,8,78.502
NS65NW_1530,1,0_7,6.16069463854,-9999.0,-9999.0,-9999.0,77.9789962769,146.900671638678,49.0070786868155,260493.12,659454.0,12,8,77.979
NS65NW_154,1,0_7,6.66739084153,-9999.0,-9999.0,-9999.0,59.4469985962,188.83493329421,56.0814266777733,260303.75,659956.31,12,8,59.447
NS65NW_1558,1,0_7,13.0345862908,-9999.0,-9999.0,-9999.0,75.9589996338,1078.68519692688,225.662860050994,260324.16,659467.87,48,26,75.959
NS65NW_1561,1,0_7,11.7260423879,-9999.0,-9999.0,-9999.0,86.7549972534,506.91990961773,106.224664896244,260185.65,659458.63,16,10,86.755
NS65NW_1574,1,0_7,9.08097852434,-9999.0,-9999.0,-9999.0,76.2710037231,222.118833214935,68.5554532576325,260428.32,659446.57,20,12,76.271
NS65NW_1587,1,0_7,9.19849599885,-9999.0,-9999.0,-9999.0,76.7450027466,322.530824685104,90.5621897196385,260458.42,659436.49,12,8,76.745
NS65NW_1616,1,0_7,8.85985706407,-9999.0,-9999.0,-9999.0,76.4570007324,230.914873419355,68.1241899381195,260362.65,659434.22,12,8,76.457
NS65NW_1624,1,0_7,3.53809586438,-9999.0,-9999.0,-9999.0,81.3880004883,45.6841012535678,27.5412414104034,260298.59,659421.94,12,8,81.388
NS65NW_1625,1,0_7,12.2713348918,-9999.0,-9999.0,-9999.0,87.5159988403,486.57940598407,106.571334748646,260155.02,659427.44,36,20,87.516
NS65NW_1659,1,0_7,12.0671361127,-9999.0,-9999.0,-9999.0,87.5469970703,248.645600508353,64.1240947904996,260071.7,659415.34,20,12,87.547
NS65NW_1663,1,0_7,6.15261408444,-9999.0,-9999.0,-9999.0,83.4410018921,148.691308902145,49.3552663899461,260277.97,659413.07,12,8,83.441
NS65NW_1667,1,0_7,9.06041760211,-9999.0,-9999.0,-9999.0,78.3539962769,443.466505600845,115.314029889084,260332.68,659412.62,12,8,78.354
NS65NW_1669,1,0_7,12.5281977403,-9999.0,-9999.0,-9999.0,87.1750030518,1160.46978630224,252.876578622463,260044.84,659441.4,100,52,87.175
NS65NW_1671,1,0_7,12.6557609743,-9999.0,-9999.0,-9999.0,82.0510025024,911.443794730837,184.47722790596,260242.29,659428.23,36,20,82.051
NS65NW_1709,1,0_7,6.00757839485,-9999.0,-9999.0,-9999.0,83.6529998779,127.857772364479,47.0045631934158,260289.46,659399.64,28,16,83.653
NS65NW_172,1,0_7,7.0829672964,-9999.0,-9999.0,-9999.0,46.2490005493,192.254508460092,56.7949488975066,260508.01,659949.58,12,8,46.249
NS65NW_1730,1,0_7,5.98562123009,-9999.0,-9999.0,-9999.0,84.2539978027,385.742068791965,96.2941766569689,260253.77,659399.26,44,24,84.254
NS65NW_176,1,0_7,6.73095243559,-9999.0,-9999.0,-9999.0,60.4889984131,195.303341940779,56.7962692481271,260284.45,659947.39,12,8,60.489
NS65NW_1772,1,0_7,12.2729417025,-9999.0,-9999.0,-9999.0,88.1220016479,466.690968114237,113.625114445902,260092.09,659396.0,60,32,88.122
NS65NW_179,1,0_7,2.07581868062,-9999.0,-9999.0,-9999.0,45.3930015564,34.4537625021261,23.7271716052652,260520.97,659942.51,12,8,45.393
NS65NW_1795,1,0_7,5.96617418515,-9999.0,-9999.0,-9999.0,86.0439987183,240.426427111013,66.0650449264018,260231.95,659375.6,24,14,86.044
NS65NW_180,1,0_7,6.51610982564,-9999.0,-9999.0,-9999.0,43.1529998779,186.652228881723,55.7585544154071,260558.23,659948.29,12,8,43.153
NS65NW_181,1,0_7,6.70275559728,-9999.0,-9999.0,-9999.0,41.891998291,188.971266602364,56.0510189390431,260599.99,659947.5,12,8,41.892
NS65NW_1811,1,0_7,12.4590296466,-9999.0,-9999.0,-9999.0,87.9250030518,976.177346726488,212.749999665321,260118.27,659388.95,108,56,87.925
NS65NW_184,1,0_7,7.21590815792,-9999.0,-9999.0,-9999.0,62.6300010681,191.249906629334,56.2729740434516,260221.15,659946.37,12,8,62.63
NS65NW_195,1,0_7,6.90258259037,-9999.0,-9999.0,-9999.0,47.6870002747,182.917760797898,55.2736132053181,260474.42,659943.49,12,8,47.687
NS65NW_204,1,0_7,6.9787213812,-9999.0,-9999.0,-9999.0,61.5750007629,188.744278783176,56.1501112883537,260265.93,659937.24,12,8,61.575
NS65NW_205,1,0_7,6.66043732453,-9999.0,-9999.0,-9999.0,50.5800018311,192.734883605307,56.5056031741481,260423.87,659934.36,12,8,50.58
NS65NW_212,1,0_7,6.56490132919,-9999.0,-9999.0,-9999.0,49.0950012207,195.745605891453,57.6654646564715,260444.53,659934.14,20,12,49.095
NS65NW_215,1,0_7,6.67664243975,-9999.0,-9999.0,-9999.0,51.7060012817,201.755990766046,62.8235221344568,260404.4,659933.42,28,16,51.706
NS65NW_220,1,0_7,6.67215838477,-9999.0,-9999.0,-9999.0,53.1160011292,193.088739956632,56.9170970558754,260381.84,659931.52,12,8,53.116
NS65NW_238,1,0_7,7.4321684902,-9999.0,-9999.0,-9999.0,64.1409988403,190.345563114775,58.5577581652033,260205.42,659932.12,16,10,64.141
NS65NW_239,1,0_7,6.68627849594,-9999.0,-9999.0,-9999.0,54.686000824,190.172525301572,56.3531837078125,260361.25,659928.0,12,8,54.686
NS65NW_240,1,0_7,7.02069763225,-9999.0,-9999.0,-9999.0,45.5579986572,189.698695416439,56.3570028822193,260513.28,659929.69,12,8,45.558
NS65NW_243,1,0_7,6.71319152037,-9999.0,-9999.0,-9999.0,42.6319999695,185.703637256552,55.7593483635809,260563.51,659928.34,12,8,42.632
NS65NW_256,1,0_7,6.80515983342,-9999.0,-9999.0,-9999.0,62.7490005493,198.969288819901,57.4346826646635,260248.71,659924.92,12,8,62.749
NS65NW_290,1,0_7,7.56180357933,-9999.0,-9999.0,-9999.0,66.1050033569,190.335764692129,56.385838198775,260190.75,659917.69,12,8,66.105
NS65NW_291,1,0_7,6.15667282663,-9999.0,-9999.0,-9999.0,57.3549995422,209.899771979017,62.6052754993224,260319.07,659916.4,28,16,57.355
NS65NW_312,1,0_7,2.27388223267,-9999.0,-9999.0,-9999.0,43.2130012512,63.6298425008831,38.0584521643751,260555.95,659909.51,20,12,43.213
NS65NW_316,1,0_7,6.92677447885,-9999.0,-9999.0,-9999.0,64.5360031128,192.401058926529,56.5791646185357,260232.51,659911.31,12,8,64.536
NS65NW_321,1,0_7,5.03015539739,-9999.0,-9999.0,-9999.0,41.5579986572,442.836753028176,131.250854511667,260609.91,659919.87,52,28,41.558
NS65NW_323,1,0_7,6.81778904929,-9999.0,-9999.0,-9999.0,44.6819992065,188.126868001788,55.8810919134407,260518.8,659909.85,12,8,44.682
NS65NW_330,1,0_7,6.60428816643,-9999.0,-9999.0,-9999.0,58.7579994202,185.152636081255,55.5576635299696,260299.83,659906.74,12,8,58.758
NS65NW_34,1,0_7,7.37645738868,-9999.0,-9999.0,-9999.0,57.6790008545,190.53677122367,56.2475812692164,260293.59,659988.82,12,8,57.679
NS65NW_345,1,0_7,6.99492798257,-9999.0,-9999.0,-9999.0,49.9519996643,195.880177604751,58.2870866356561,260414.3,659900.5,20,12,49.952
NS65NW_346,1,0_7,6.82233364778,-9999.0,-9999.0,-9999.0,48.46900177,192.23530855403,56.7934956623037,260434.96,659899.93,12,8,48.469
NS65NW_347,1,0_7,7.79331957742,-9999.0,-9999.0,-9999.0,67.5550003052,188.126509214922,56.0971136603912,260175.48,659902.74,12,8,67.555
NS65NW_348,1,0_7,6.65140949465,-9999.0,-9999.0,-9999.0,47.3720016479,207.706240898183,66.9977329541081,260454.48,659900.85,28,16,47.372
NS65NW_353,1,0_7,6.94285706567,-9999.0,-9999.0,-9999.0,51.2410011292,191.565930823987,56.5661650731385,260393.03,659899.12,12,8,51.241
NS65NW_354,1,0_7,3.92917843047,-9999.0,-9999.0,-9999.0,42.6590003967,133.221841923961,49.0774064256352,260569.36,659899.94,28,16,42.659
NS65NW_375,1,0_7,6.57973691925,-9999.0,-9999.0,-9999.0,60.2929992676,189.997522371708,56.2687897772061,260281.17,659897.01,12,8,60.293
NS65NW_377,1,0_7,6.71793866063,-9999.0,-9999.0,-9999.0,52.7480010986,197.049095329857,57.3554290761794,260372.28,659896.01,20,12,52.748
NS65NW_378,1,0_7,6.68437833564,-9999.0,-9999.0,-9999.0,45.6310005188,186.145094918606,55.806723665616,260486.75,659897.91,12,8,45.631
NS65NW_382,1,0_7,7.00606397144,-9999.0,-9999.0,-9999.0,66.5319976807,197.62634945449,57.5154450535555,260217.89,659896.44,16,10,66.532
NS65NW_39,1,0_7,5.89138918606,-9999.0,-9999.0,-9999.0,44.2080001831,220.884404122529,63.4172713991051,260545.59,659988.33,20,12,44.208
NS65NW_397,1,0_7,6.74060958287,-9999.0,-9999.0,-9999.0,43.0142860413,188.911613704569,56.1322521340322,260549.3,659888.94,12,8,43.014
NS65NW_398,1,0_7,7.71435584715,-9999.0,-9999.0,-9999.0,68.9599990845,195.683508788294,57.3551137229578,260158.38,659889.95,20,12,68.96
NS65NW_408,1,0_7,6.54880892537,-9999.0,-9999.0,-9999.0,62.3400001526,198.049652875212,57.4195247209263,260263.49,659885.64,12,8,62.34
NS65NW_409,1,0_7,2.89280864928,-9999.0,-9999.0,-9999.0,49.2016677856,21.752370002068,21.7346644933253,260430.9,659879.1,8,6,49.202
NS65NW_411,1,0_7,6.74366777164,-9999.0,-9999.0,-9999.0,56.3989982605,197.870533192142,57.167713212798,260330.02,659882.91,12,8,56.399
NS65NW_412,1,0_7,6.65270844537,-9999.0,-9999.0,-9999.0,43.9269981384,187.659434603291,55.8980194236044,260529.56,659882.4,12,8,43.927
NS65NW_424,1,0_7,7.09505794004,-9999.0,-9999.0,-9999.0,68.4639968872,195.748657605728,57.3203228191165,260202.93,659881.83,12,8,68.464
NS65NW_425,1,0_7,2.07080012044,-9999.0,-9999.0,-9999.0,66.3679962158,34.8724499996624,24.8298534743986,260232.32,659875.05,12,8,66.368
NS65NW_444,1,0_7,2.1896665517,-9999.0,-9999.0,-9999.0,70.7070007324,74.5261656326611,39.8129787094918,260188.43,659871.72,20,12,70.707
NS65NW_445,1,0_7,6.80686303732,-9999.0,-9999.0,-9999.0,58.2859992981,191.180949454223,56.467585669317,260310.84,659874.32,12,8,58.286
NS65NW_448,1,0_7,6.73480544717,-9999.0,-9999.0,-9999.0,64.4609985352,195.089222258344,56.9497877758339,260246.57,659873.7,16,10,64.461
NS65NW_457,1,0_7,2.66912544723,-9999.0,-9999.0,-9999.0,72.1520004272,28.6891237480004,30.7564194816297,260104.58,659866.61,16,10,72.152
NS65NW_459,1,0_7,6.47521562396,-9999.0,-9999.0,-9999.0,45.1949996948,188.383887790696,56.0273721509931,260490.94,659869.42,12,8,45.195
NS65NW_475,1,0_7,6.65705203267,-9999.0,-9999.0,-9999.0,60.3160018921,204.064276203702,58.1205253417482,260292.49,659864.29,12,8,60.316
NS65NW_476,1,0_7,6.52304601414,-9999.0,-9999.0,-9999.0,46.2229995728,191.306621479538,56.3774396705232,260471.42,659862.77,12,8,46.223
NS65NW_48,1,0_7,2.10708329337,-9999.0,-9999.0,-9999.0,47.9980010986,21.5089162510314,21.7695982431741,260495.83,659979.15,8,6,47.998
NS65NW_480,1,0_7,2.94510498632,-9999.0,-9999.0,-9999.0,74.4769973755,69.1631945982586,33.2657722667108,260162.11,659857.05,12,8,74.477
NS65NW_486,1,0_7,6.4440984726,-9999.0,-9999.0,-9999.0,47.0219993591,187.919690046148,55.9881562986613,260451.73,659856.07,12,8,47.022
NS65NW_491,1,0_7,11.5561218465,-9999.0,-9999.0,-9999.0,71.861000061,479.353888449993,134.063342317606,260081.44,659860.67,48,26,71.861
NS65NW_494,1,0_7,5.82693987316,-9999.0,-9999.0,-9999.0,66.7990036011,240.705446491472,70.6718916931041,260229.34,659857.43,28,16,66.799
NS65NW_498,1,0_7,6.94306496768,-9999.0,-9999.0,-9999.0,73.1399993896,188.727877024059,56.0481747637562,260177.96,659852.92,12,8,73.14
NS65NW_502,1,0_7,6.92098675968,-9999.0,-9999.0,-9999.0,62.5900001526,193.864189427539,56.892838652671,260274.89,659852.44,12,8,62.59
NS65NW_506,1,0_7,6.63817022429,-9999.0,-9999.0,-9999.0,48.6549987793,188.917273978619,56.0525637687187,260432.18,659849.44,12,8,48.655
NS65NW_528,1,0_7,6.87505437733,-9999.0,-9999.0,-9999.0,71.0080032349,191.491807032783,59.9113481540888,260197.04,659842.53,28,16,71.008
NS65NW_529,1,0_7,7.04926916599,-9999.0,-9999.0,-9999.0,49.7589988708,208.318094160642,64.5887873885877,260412.6,659842.43,40,22,49.759
NS65NW_534,1,0_7,7.34534499165,-9999.0,-9999.0,-9999.0,75.0510025024,190.744919810942,56.2876278009207,260050.53,659841.54,12,8,75.051
NS65NW_543,1,0_7,7.03169590033,-9999.0,-9999.0,-9999.0,64.6259994507,187.594823035938,56.0168662566854,260258.21,659839.5,12,8,64.626
NS65NW_544,1,0_7,6.53300355086,-9999.0,-9999.0,-9999.0,51.5979995728,204.940663908654,72.5166629903916,260390.35,659838.05,28,16,51.598
NS65NW_561,1,0_7,6.78572206866,-9999.0,-9999.0,-9999.0,75.6600036621,183.337646109186,55.320225609542,260135.01,659829.54,12,8,75.66
NS65NW_562,1,0_7,7.03649923104,-9999.0,-9999.0,-9999.0,76.7419967651,185.787738243388,55.6093987824141,260113.31,659829.26,12,8,76.742
NS65NW_571,1,0_7,6.75859136479,-9999.0,-9999.0,-9999.0,75.7939987183,194.289798541734,56.6848351521102,260033.82,659828.38,12,8,75.794
NS65NW_574,1,0_7,6.65380679738,-9999.0,-9999.0,-9999.0,73.861000061,187.842412054281,56.0024176216134,260156.33,659824.95,12,8,73.861
NS65NW_584,1,0_7,6.81769722981,-9999.0,-9999.0,-9999.0,76.9329986572,190.736640502554,56.1381523094129,260092.35,659824.09,12,8,76.933
NS65NW_587,1,0_7,6.49202444328,-9999.0,-9999.0,-9999.0,56.2019996643,195.597131625785,57.3629170356748,260349.39,659823.04,12,8,56.202
NS65NW_59,1,0_7,6.82582295205,-9999.0,-9999.0,-9999.0,46.9900016785,197.118610055733,58.1119923665023,260507.99,659980.95,20,12,46.99
NS65NW_609,1,0_7,6.53029868302,-9999.0,-9999.0,-9999.0,57.5800018311,189.460463480061,56.1498634558851,260330.0,659814.81,12,8,57.58
NS65NW_61,1,0_7,2.03334674969,-9999.0,-9999.0,-9999.0,45.7019996643,37.2566174975883,25.0267495090977,260533.42,659976.79,12,8,45.702
NS65NW_611,1,0_7,6.90171271986,-9999.0,-9999.0,-9999.0,76.3539962769,187.587793778445,55.8829518558339,260072.71,659815.05,12,8,76.354
NS65NW_612,1,0_7,6.84898328515,-9999.0,-9999.0,-9999.0,71.733001709,185.433945058159,57.4539936373794,260175.8,659814.99,20,12,71.733
NS65NW_615,1,0_7,6.70752299546,-9999.0,-9999.0,-9999.0,73.7689971924,194.966986850216,57.0072477201488,260018.96,659812.74,12,8,73.769
NS65NW_618,1,0_7,7.1117752725,-9999.0,-9999.0,-9999.0,65.9869995117,185.97193938372,55.7615843259308,260232.8,659810.1,12,8,65.987
NS65NW_619,1,0_7,6.73246274676,-9999.0,-9999.0,-9999.0,59.0060005188,189.676750357776,56.1035049435776,260310.38,659808.13,12,8,59.006
NS65NW_63,1,0_7,7.3453526682,-9999.0,-9999.0,-9999.0,58.7690010071,196.900954534482,57.8579351961847,260274.64,659980.77,20,12,58.769
NS65NW_634,1,0_7,6.68784405928,-9999.0,-9999.0,-9999.0,60.3069992065,189.755997450874,56.174341765814,260290.69,659801.47,12,8,60.307
NS65NW_637,1,0_7,6.88047807136,-9999.0,-9999.0,-9999.0,74.2340011597,188.12085459942,55.96200381341,260055.09,659802.15,12,8,74.234
NS65NW_638,1,0_7,6.73681974475,-9999.0,-9999.0,-9999.0,69.1220016479,191.204285377035,59.3778331576234,260193.27,659802.06,20,12,69.122
NS65NW_647,1,0_7,1.87860730051,-9999.0,-9999.0,-9999.0,67.6070022583,48.636134999441,36.8147493559461,260206.49,659794.5,24,14,67.607
NS65NW_653,1,0_7,6.6719908262,-9999.0,-9999.0,-9999.0,61.8479995728,188.816141364138,56.1179224205625,260271.1,659794.84,12,8,61.848
NS65NW_656,1,0_7,6.93864977953,-9999.0,-9999.0,-9999.0,70.7340011597,192.935131052832,56.7633434043803,260006.89,659795.39,20,12,70.734
NS65NW_666,1,0_7,6.68413159615,-9999.0,-9999.0,-9999.0,63.3680000305,189.271614077061,56.1719631844539,260251.35,659788.24,12,8,63.368
NS65NW_677,1,0_7,6.78931633396,-9999.0,-9999.0,-9999.0,71.1490020752,189.749181296329,56.1969756948919,260041.03,659785.74,12,8,71.149
NS65NW_692,1,0_7,2.24495707473,-9999.0,-9999.0,-9999.0,70.0520019531,39.380107496255,25.562165488443,260044.35,659774.74,12,8,70.052
NS65NW_695,1,0_7,6.68994427992,-9999.0,-9999.0,-9999.0,66.3126678467,197.162587838099,60.0918823207739,260210.87,659774.18,28,16,66.313
NS65NW_696,1,0_7,9.69330790172,-9999.0,-9999.0,-9999.0,52.827999115,933.801924878846,204.468950885206,260427.5,659784.54,52,28,52.828
NS65NW_711,1,0_7,6.46881791363,-9999.0,-9999.0,-9999.0,67.5220031738,195.301215193599,60.9631199176639,260191.56,659768.73,28,16,67.522
NS65NW_719,1,0_7,6.50507326329,-9999.0,-9999.0,-9999.0,68.0989990234,193.861438240463,59.8237391558292,260030.72,659766.57,28,16,68.099
NS65NW_728,1,0_7,6.60347849945,-9999.0,-9999.0,-9999.0,67.7200012207,184.44976606735,55.4361700493906,260171.91,659760.94,12,8,67.72
NS65NW_740,1,0_7,9.98040070478,-9999.0,-9999.0,-9999.0,53.3569984436,432.181827717712,101.981249072453,260470.9,659768.46,12,8,53.357
NS65NW_742,1,0_7,6.53867166786,-9999.0,-9999.0,-9999.0,67.6409988403,190.627689068723,56.5493639804035,260152.25,659754.32,12,8,67.641
NS65NW_755,1,0_7,7.48757622428,-9999.0,-9999.0,-9999.0,51.8269996643,2545.2295662339,294.905891372096,260542.26,659772.46,68,36,51.827
NS65NW_758,1,0_7,6.52520748889,-9999.0,-9999.0,-9999.0,66.7770004272,190.260341042718,56.375974388295,260132.68,659747.7,12,8,66.777
NS65NW_769,1,0_7,6.85306631441,-9999.0,-9999.0,-9999.0,66.4104995728,192.761816055297,58.6515734070136,260024.42,659746.43,28,16,66.41
NS65NW_77,1,0_7,6.82602056918,-9999.0,-9999.0,-9999.0,54.0519981384,183.068093494711,55.4062093395656,260388.59,659972.85,12,8,54.052
NS65NW_785,1,0_7,6.52442293582,-9999.0,-9999.0,-9999.0,66.1490020752,186.778322179816,55.7699740651139,260106.12,659738.7,12,8,66.149
NS65NW_796,1,0_7,6.50299976684,-9999.0,-9999.0,-9999.0,65.9189987183,184.803435364804,55.4703616240964,260086.55,659732.1,12,8,65.919
NS65NW_797,1,0_7,10.1433996974,-9999.0,-9999.0,-9999.0,55.2319984436,431.298503808814,101.501167548179,260401.55,659744.76,12,8,55.232
NS65NW_81,1,0_7,6.78149948534,-9999.0,-9999.0,-9999.0,52.7309989929,189.254872872487,56.5576075777021,260409.84,659972.34,20,12,52.731
NS65NW_814,1,0_7,8.79208606375,-9999.0,-9999.0,-9999.0,59.6138954163,570.408138309901,139.217061068446,260258.3,659731.67,36,20,59.614
NS65NW_818,1,0_7,6.77789769186,-9999.0,-9999.0,-9999.0,65.3649978638,189.048592488491,56.1329871414144,260066.85,659725.33,12,8,65.365
NS65NW_823,1,0_7,8.9624511643,-9999.0,-9999.0,-9999.0,58.3460006714,240.894856469227,72.2499658717909,260300.68,659729.56,28,16,58.346
NS65NW_83,1,0_7,6.57625092429,-9999.0,-9999.0,-9999.0,55.4580001831,187.08238291334,55.7139954519216,260367.77,659971.2,12,8,55.458
NS65NW_834,1,0_7,6.60931660777,-9999.0,-9999.0,-9999.0,64.9049987793,187.53867400574,55.9051017915904,260047.37,659718.69,12,8,64.905
NS65NW_84,1,0_7,6.7104178039,-9999.0,-9999.0,-9999.0,51.3769989014,185.668613382488,55.7592815376258,260430.41,659971.07,12,8,51.377
NS65NW_840,1,0_7,9.9782864058,-9999.0,-9999.0,-9999.0,54.6230010986,943.896760457008,201.515121705975,260445.88,659728.58,44,24,54.623
NS65NW_848,1,0_7,6.60110800607,-9999.0,-9999.0,-9999.0,64.6259994507,190.078358316994,56.1915000465327,260026.92,659712.82,12,8,64.626
NS65NW_859,1,0_7,6.81072145047,-9999.0,-9999.0,-9999.0,57.2620010376,462.959383769038,108.822662461252,260343.52,659724.22,12,8,57.262
NS65NW_884,1,0_7,8.84683630759,-9999.0,-9999.0,-9999.0,60.5865707397,236.42221065644,71.0255433937238,260226.31,659704.25,28,16,60.587
NS65NW_887,1,0_7,7.4962399657,-9999.0,-9999.0,-9999.0,61.8950004578,257.134272737054,70.3260014480061,260197.82,659703.32,20,12,61.895
NS65NW_889,1,0_7,9.27541542239,-9999.0,-9999.0,-9999.0,58.1718025208,525.05774195071,137.732837326919,260268.16,659702.19,12,8,58.172
NS65NW_913,1,0_7,9.92022575858,-9999.0,-9999.0,-9999.0,55.8689994812,1360.00422018352,282.066386816147,260357.91,659725.42,68,36,55.869
NS65NW_93,1,0_7,7.41364241609,-9999.0,-9999.0,-9999.0,60.1949996948,190.1023347153,56.3311092970917,260255.79,659970.52,12,8,60.195
NS65NW_943,1,0_7,10.0684731478,-9999.0,-9999.0,-9999.0,56.1520004272,884.267812354002,180.334411430745,260440.2,659687.76,12,8,56.152
NS65NW_95,1,0_7,6.61118767945,-9999.0,-9999.0,-9999.0,56.5359992981,188.982015807315,56.1732927445,260346.77,659968.46,12,8,56.536
NS65NW_956,1,0_7,3.84863088675,-9999.0,-9999.0,-9999.0,59.688999176,78.6225228997437,37.1510212580449,260389.21,659669.03,20,12,59.689
NS65NW_969,1,0_7,10.1843764235,-9999.0,-9999.0,-9999.0,62.4283332825,1437.89545086209,291.106946684823,260119.28,659683.76,12,8,62.428
NS65NW_986,1,0_7,10.3380597948,-9999.0,-9999.0,-9999.0,56.6370010376,381.011679186561,80.7454217010539,260610.74,659660.92,36,20,56.637
NS65NW_988,1,0_7,6.80416301124,-9999.0,-9999.0,-9999.0,64.3860015869,154.026271897228,49.6660710358614,260007.86,659654.01,12,8,64.386
NS65NW_3535,1,1_1,5.60663134698,-9999.0,-9999.0,-9999.0,158.770004272,655.212238809351,156.781359075408,261082.45,656247.78,84,44,158.77
NS65NW_3536,1,1_1,4.16519739295,-9999.0,-9999.0,-9999.0,159.375,238.941527634737,83.3119274689694,261110.42,656244.57,28,16,159.375
NS65NW_3540,1,1_1,5.49280620437,-9999.0,-9999.0,-9999.0,153.845993042,261.867349207989,78.0395794403954,261033.09,656160.38,20,12,153.846
NS65NW_3541,1,1_1,5.21584781952,-9999.0,-9999.0,-9999.0,155.356994629,246.977216341779,68.3699109616714,261075.06,656142.24,28,16,155.357
NS65NW_3542,1,1_1,4.4044030923,-9999.0,-9999.0,-9999.0,155.966995239,183.096107503367,57.4619457759796,261107.7,656134.8,28,16,155.967
NS65NW_3543,1,1_1,3.58336080698,-9999.0,-9999.0,-9999.0,154.26473999,181.266508207755,84.1267900097476,261237.63,656114.18,44,24,154.265
NS65NW_3544,1,1_1,2.69284022938,-9999.0,-9999.0,-9999.0,154.927001953,44.703363825501,27.9583182124822,261170.45,656107.48,12,8,154.927
NS65NW_3545,1,1_1,2.46458498261,-9999.0,-9999.0,-9999.0,154.93649292,49.5034346726158,29.1293310952271,261220.79,656105.82,12,8,154.936
NS65NW_3546,1,1_1,6.94590674359,-9999.0,-9999.0,-9999.0,154.128005981,147.099841084563,54.8242777851188,261133.97,656097.86,20,12,154.128
NS65NW_3547,1,1_1,6.26073662543,-9999.0,-9999.0,-9999.0,154.479003906,160.663015948689,57.7258249166493,261156.26,656098.0,20,12,154.479
NS65NW_3548,1,1_1,4.72986997501,-9999.0,-9999.0,-9999.0,154.076004028,731.995794091526,207.425273116538,261048.84,656103.88,108,56,154.076
NS65NW_3549,1,1_1,5.62720817236,-9999.0,-9999.0,-9999.0,153.781005859,367.171167606916,85.99223648756,261083.14,656085.18,40,22,153.781
NS65NW_3559,1,1_1,5.72992429972,-9999.0,-9999.0,-9999.0,152.026000977,116.317583212086,45.222477239447,261243.38,655909.59,20,12,152.026
NS65NW_3566,1,1_1,4.34464037096,-9999.0,-9999.0,-9999.0,151.691375732,219.065891241834,70.5829064602192,261239.77,655895.89,28,16,151.691
NS65NW_3569,1,1_1,5.52970356928,-9999.0,-9999.0,-9999.0,149.292999268,290.539295485614,88.4065310123889,261187.26,655890.63,44,24,149.293
NS65NW_3576,1,1_1,5.02143767916,-9999.0,-9999.0,-9999.0,147.531005859,180.625430392655,58.1917298760594,261165.66,655878.4,20,12,147.531
NS65NW_3579,1,1_1,4.71886855575,-9999.0,-9999.0,-9999.0,143.809997559,227.486943754385,82.6306047547238,261085.2,655874.17,40,22,143.81
NS65NW_3580,1,1_1,5.51613031006,-9999.0,-9999.0,-9999.0,146.143005371,196.783808612511,62.5538987942671,261150.65,655872.65,28,16,146.143
NS65NW_3581,1,1_1,5.42648240118,-9999.0,-9999.0,-9999.0,143.815002441,370.982539840382,92.5938535381088,261061.08,655869.4,36,20,143.815
NS65NW_3583,1,1_1,5.36374470283,-9999.0,-9999.0,-9999.0,145.501998901,122.533217898197,46.5192878004449,261136.87,655863.7,20,12,145.502
NS65NW_3584,1,1_1,5.2946927223,-9999.0,-9999.0,-9999.0,149.787567139,132.572503239948,53.7285177085729,261239.48,655859.99,28,16,149.788
NS65NW_3585,1,1_1,5.18234732682,-9999.0,-9999.0,-9999.0,148.48399353,244.948882384925,78.3774033866262,261194.58,655865.12,44,24,148.484
NS65NW_3589,1,1_1,5.6181974016,-9999.0,-9999.0,-9999.0,143.285003662,174.02974500205,51.0259630519854,261035.65,655856.89,28,16,143.285
NS65NW_3598,1,1_1,5.17893725443,-9999.0,-9999.0,-9999.0,147.582000732,332.196322235725,99.6992475925635,261186.15,655843.18,36,20,147.582
NS65NW_3599,1,1_1,5.81197720859,-9999.0,-9999.0,-9999.0,144.37600708,407.200774435939,131.621122066034,261118.55,655846.65,96,50,144.376
NS65NW_3600,1,1_1,4.73872399978,-9999.0,-9999.0,-9999.0,146.011993408,214.649997822539,84.3169901201716,261145.45,655842.55,52,28,146.012
NS65NW_3611,1,1_1,5.57457216908,-9999.0,-9999.0,-9999.0,141.975006104,419.51187095499,132.029084418338,261031.23,655830.72,56,32,141.975
NS65NW_3619,1,1_1,5.21682360962,-9999.0,-9999.0,-9999.0,145.927993774,154.190391742692,54.7826232789407,261142.48,655804.68,28,16,145.928
NS65NW_3620,1,1_1,5.87041580695,-9999.0,-9999.0,-9999.0,146.847000122,167.020459155736,54.6580261109858,261200.44,655805.67,20,12,146.847
NS65NW_3622,1,1_1,5.47577830222,-9999.0,-9999.0,-9999.0,142.498001099,569.574502087201,186.245832670064,261089.22,655818.26,104,54,142.498
NS65NW_3631,1,1_1,5.23202521179,-9999.0,-9999.0,-9999.0,139.98399353,184.332290237731,58.2562964541846,261049.15,655797.9,24,14,139.984
NS65NW_3632,1,1_1,5.84063501919,-9999.0,-9999.0,-9999.0,144.569000244,142.515255926939,51.6596239177153,261106.1,655789.8,28,16,144.569
NS65NW_3633,1,1_1,5.33893792526,-9999.0,-9999.0,-9999.0,145.617996216,383.756281395725,104.57373058573,261163.93,655795.92,84,44,145.618
NS65NW_3634,1,1_1,6.5631840184,-9999.0,-9999.0,-9999.0,145.242996216,110.671608061515,42.1844681016712,261116.75,655784.85,12,8,145.243
NS65NW_3635,1,1_1,5.78636045714,-9999.0,-9999.0,-9999.0,145.311599731,145.1665175858,53.8718507563082,261129.75,655780.81,20,12,145.312
NS65NW_3636,1,1_1,13.3048461712,-9999.0,-9999.0,-9999.0,127.568000793,2594.83060461982,237.000816623322,260772.69,655799.9,60,32,127.568
NS65NW_3638,1,1_1,5.41150372965,-9999.0,-9999.0,-9999.0,145.108764648,163.303508698002,50.9367813057758,261181.78,655769.01,16,10,145.109
NS65NW_3639,1,1_1,5.91292314851,-9999.0,-9999.0,-9999.0,145.151992798,136.187532427496,52.8624733875729,261160.57,655770.28,28,16,145.152
NS65NW_3640,1,1_1,3.94562256534,-9999.0,-9999.0,-9999.0,137.173995972,45.8754074987854,27.2097452705583,261095.12,655758.15,12,8,137.174
NS65NW_3521,1,1_2,7.58479165998,-9999.0,-9999.0,-9999.0,145.117996216,370.312241024523,107.095763875725,260648.2,656790.99,52,28,145.118
NS65NW_3522,1,1_2,3.16570140197,-9999.0,-9999.0,-9999.0,145.719329834,88.4813822541673,37.9038999147839,260635.63,656763.45,12,8,145.719
NS65NW_3523,1,1_2,4.95482385615,-9999.0,-9999.0,-9999.0,156.533004761,299.959297905252,71.085542556182,260670.62,656656.13,24,14,156.533
NS65NW_3524,1,1_2,4.1911225051,-9999.0,-9999.0,-9999.0,154.565994263,116.301948037537,44.0826735363515,260660.18,656639.35,12,8,154.566
NS65NW_3525,1,1_2,5.63852172852,-9999.0,-9999.0,-9999.0,155.509994507,185.982975401715,58.6365381083776,260854.61,656447.7,20,12,155.51
NS65NW_3526,1,1_2,3.71677933296,-9999.0,-9999.0,-9999.0,156.067001343,68.8741174154907,33.4810463163876,260851.4,656420.25,12,8,156.067
NS65NW_3527,1,1_2,5.24379873073,-9999.0,-9999.0,-9999.0,152.177001953,236.92829233235,67.2442670835803,260733.29,656405.66,12,8,152.177
NS65NW_3528,1,1_2,4.82453966977,-9999.0,-9999.0,-9999.0,160.654006958,476.503599254358,134.449184838788,260813.31,656382.25,44,24,160.654
NS65NW_3529,1,1_2,2.4215521771,-9999.0,-9999.0,-9999.0,156.123001099,29.2869337508185,22.5273057869609,260800.58,656349.37,12,8,156.123
NS65NW_3530,1,1_2,4.80994451097,-9999.0,-9999.0,-9999.0,157.988998413,718.684127056652,210.763218887683,260829.59,656343.89,92,48,157.989
NS65NW_3532,1,1_2,4.18508494024,-9999.0,-9999.0,-9999.0,158.358001709,77.7045595762117,37.3834972009088,261090.59,656285.56,20,12,158.358
NS65NW_3438,1,1_3,4.38815174463,-9999.0,-9999.0,-9999.0,167.354003906,109.637693024553,41.9916499142198,260862.8,657460.74,12,8,167.354
NS65NW_3451,1,1_3,6.08078147859,-9999.0,-9999.0,-9999.0,167.177993774,335.467556017734,89.8501323318163,260865.75,657440.09,20,12,167.178
NS65NW_3457,1,1_3,6.34932190586,-9999.0,-9999.0,-9999.0,165.794006348,265.38801705727,71.9530489752608,260892.08,657426.51,20,12,165.794
NS65NW_3459,1,1_3,3.92033560191,-9999.0,-9999.0,-9999.0,165.542007446,155.416021276469,48.960268149919,260927.93,657419.47,16,10,165.542
NS65NW_3465,1,1_3,2.33840976838,-9999.0,-9999.0,-9999.0,171.651000977,80.9346222604558,36.990071043038,260998.43,657409.76,20,12,171.651
NS65NW_3471,1,1_3,6.44739690173,-9999.0,-9999.0,-9999.0,166.23399353,372.354522415272,83.3432573508245,260936.01,657397.96,44,24,166.234
NS65NW_3472,1,1_3,5.7161059795,-9999.0,-9999.0,-9999.0,170.490997314,211.237625869338,62.0862777672179,261006.28,657393.14,36,20,170.491
NS65NW_3348,1,1_4,3.59009802387,-9999.0,-9999.0,-9999.0,170.095001221,65.653291169865,32.446447031879,260717.75,657903.49,12,8,170.095
NS65NW_3190,1,1_5,5.9935908204,-9999.0,-9999.0,-9999.0,115.682998657,376.514696939038,113.079082149939,260737.23,658741.51,60,32,115.683
NS65NW_3194,1,1_5,4.04974868193,-9999.0,-9999.0,-9999.0,116.761001587,357.815914529878,89.4928795404046,260956.6,658728.94,40,22,116.761
NS65NW_3206,1,1_5,5.78434947738,-9999.0,-9999.0,-9999.0,117.541000366,551.757779796506,155.439845004358,260696.86,658725.9,76,40,117.541
NS65NW_3244,1,1_5,6.68671504871,-9999.0,-9999.0,-9999.0,122.366996765,530.313179672044,160.53191686377,260647.11,658699.81,80,42,122.367
NS65NW_3249,1,1_5,6.7503059807,-9999.0,-9999.0,-9999.0,117.338996887,852.603362803867,185.413431222405,260931.77,658699.73,108,56,117.339
NS65NW_1834,1,1_6,9.78438245361,-9999.0,-9999.0,-9999.0,82.3099975586,816.059521382398,180.104660222943,261170.46,659367.06,72,38,82.31
NS65NW_1870,1,1_6,9.38501994843,-9999.0,-9999.0,-9999.0,81.9713363647,311.250311066983,89.4076436147659,261021.31,659359.65,12,8,81.971
NS65NW_1875,1,1_6,9.15540205981,-9999.0,-9999.0,-9999.0,83.5820007324,226.224473677001,67.6059764812978,261049.2,659350.61,12,8,83.582
NS65NW_1898,1,1_6,6.07951569982,-9999.0,-9999.0,-9999.0,84.0070037842,618.923581410216,148.513898238162,261228.05,659346.75,48,26,84.007
NS65NW_1902,1,1_6,12.1885241081,-9999.0,-9999.0,-9999.0,83.5210037231,441.549421509676,111.115088692566,260810.71,659345.7,60,32,83.521
NS65NW_1920,1,1_6,12.1839398286,-9999.0,-9999.0,-9999.0,83.5100021362,574.544212769531,124.195545336389,260854.6,659341.09,56,30,83.51
NS65NW_1939,1,1_6,10.135898181,-9999.0,-9999.0,-9999.0,81.8228302002,563.075147932357,133.532334181436,260982.76,659343.09,36,20,81.823
NS65NW_1976,1,1_6,11.1701386854,-9999.0,-9999.0,-9999.0,93.6689987183,779.009192787774,153.160574233959,260650.18,659334.0,48,26,93.669
NS65NW_2057,1,1_6,3.75579090734,-9999.0,-9999.0,-9999.0,91.2009963989,41.7672862483013,26.3459093503068,261126.69,659287.24,12,8,91.201
NS65NW_2066,1,1_6,13.0202908006,-9999.0,-9999.0,-9999.0,82.9629974365,423.217519174614,100.500153275842,260970.56,659298.87,16,10,82.963
NS65NW_2068,1,1_6,9.99960478892,-9999.0,-9999.0,-9999.0,84.3430023193,803.100491292542,170.862801824364,261022.77,659298.89,28,16,84.343
NS65NW_2070,1,1_6,10.7653018722,-9999.0,-9999.0,-9999.0,86.7860031128,221.066663841644,62.5218644712347,261054.55,659288.59,12,8,86.786
NS65NW_2071,1,1_6,9.92016953266,-9999.0,-9999.0,-9999.0,92.9909973145,631.726030800822,139.710159648833,261177.15,659288.85,12,8,92.991
NS65NW_2084,1,1_6,4.83062713878,-9999.0,-9999.0,-9999.0,89.5059967041,125.662225285302,45.8301564010406,261094.1,659280.04,12,8,89.506
NS65NW_2132,1,1_6,6.33621153632,-9999.0,-9999.0,-9999.0,97.0899963379,256.322020563975,68.3164551928476,261245.13,659263.92,20,12,97.09
NS65NW_2177,1,1_6,10.9338022225,-9999.0,-9999.0,-9999.0,89.7880020142,1184.29365659807,263.141387013051,261015.17,659254.62,116,60,89.788
NS65NW_2193,1,1_6,9.07783508301,-9999.0,-9999.0,-9999.0,97.2870025635,273.727155388282,86.9784274493465,261200.74,659241.11,44,24,97.287
NS65NW_2232,1,1_6,5.83221421478,-9999.0,-9999.0,-9999.0,97.1470031738,181.137613188012,55.7308196848177,261226.81,659218.79,20,12,97.147
NS65NW_2246,1,1_6,9.90463929712,-9999.0,-9999.0,-9999.0,93.0520019531,1559.67444014336,310.469907787871,261063.0,659224.65,44,24,93.052
NS65NW_2339,1,1_6,8.72187405167,-9999.0,-9999.0,-9999.0,99.7180023193,797.948997017886,170.427235907491,260960.04,659176.29,108,56,99.718
NS65NW_2447,1,1_6,9.0174536652,-9999.0,-9999.0,-9999.0,99.4889984131,966.337527048413,195.134690274033,260999.15,659127.78,92,48,99.489
NS65NW_2464,1,1_6,9.03507283529,-9999.0,-9999.0,-9999.0,102.035003662,345.464270000214,92.7857707547047,261154.23,659098.02,12,8,102.035
NS65NW_2476,1,1_6,5.49298032359,-9999.0,-9999.0,-9999.0,100.928001404,829.83762843087,140.658660520207,261239.7,659111.51,44,24,100.928
NS65NW_2481,1,1_6,8.83501372799,-9999.0,-9999.0,-9999.0,100.391998291,368.245704586867,94.8151452163816,261109.05,659091.72,20,12,100.392
NS65NW_2497,1,1_6,8.82549910691,-9999.0,-9999.0,-9999.0,98.0130004883,468.047548441911,120.301089224905,261059.02,659085.62,36,20,98.013
NS65NW_2561,1,1_6,3.01336543932,-9999.0,-9999.0,-9999.0,100.974998474,56.3782800001484,30.6566726194386,261172.69,659058.07,12,8,100.975
NS65NW_2567,1,1_6,5.95270427983,-9999.0,-9999.0,-9999.0,100.690002441,166.265546326484,58.065155107791,261188.49,659058.98,28,16,100.69
NS65NW_2584,1,1_6,5.91855357137,-9999.0,-9999.0,-9999.0,100.68699646,212.326173001405,62.9408757966085,261156.51,659057.13,16,10,100.687
NS65NW_2620,1,1_6,7.45411868249,-9999.0,-9999.0,-9999.0,97.0540008545,380.282695018658,94.5225447700695,261023.4,659040.11,20,12,97.054
NS65NW_2630,1,1_6,9.8108948074,-9999.0,-9999.0,-9999.0,98.8550033569,746.2448202429,165.422629215157,261111.79,659044.81,56,30,98.855
NS65NW_2646,1,1_6,7.52362642905,-9999.0,-9999.0,-9999.0,95.8290023804,546.919380384134,119.596962636339,260974.29,659031.62,24,14,95.829
NS65NW_2657,1,1_6,7.4701201606,-9999.0,-9999.0,-9999.0,95.641998291,377.606268735622,93.7664212271287,260925.3,659022.9,20,12,95.642
NS65NW_2683,1,1_6,5.75481651879,-9999.0,-9999.0,-9999.0,96.2870025635,355.468991308234,85.872200695068,260888.63,659012.4,36,20,96.287
NS65NW_2691,1,1_6,11.0769043234,-9999.0,-9999.0,-9999.0,98.1819992065,524.756906061154,133.301185362809,261057.63,659022.42,64,34,98.182
NS65NW_2695,1,1_6,5.87136560199,-9999.0,-9999.0,-9999.0,101.849998474,384.315073423146,96.5625443367918,261200.42,659007.3,20,12,101.85
NS65NW_2697,1,1_6,5.70278520339,-9999.0,-9999.0,-9999.0,97.1230010986,345.69669296463,83.6476480027621,260855.86,659006.24,32,18,97.123
NS65NW_2704,1,1_6,2.91562326672,-9999.0,-9999.0,-9999.0,102.852996826,31.5534149991604,25.8038651319586,261244.62,658996.09,8,6,102.853
NS65NW_2705,1,1_6,5.37366835983,-9999.0,-9999.0,-9999.0,97.4599990845,387.152893322322,90.4751686515651,260824.16,658999.88,48,26,97.46
NS65NW_2706,1,1_6,5.18580365862,-9999.0,-9999.0,-9999.0,100.415000916,1066.9503789025,289.96207798808,261222.27,659017.42,136,70,100.415
NS65NW_2715,1,1_6,5.70692481808,-9999.0,-9999.0,-9999.0,97.8550033569,370.066318525245,88.5980234031265,260792.59,658995.22,24,14,97.855
NS65NW_2736,1,1_6,12.0100176599,-9999.0,-9999.0,-9999.0,99.0319976807,1404.72278801965,279.741249780928,260991.29,658990.25,80,42,99.032
NS65NW_2743,1,1_6,5.12647128617,-9999.0,-9999.0,-9999.0,100.38999939,477.384675509084,129.379640741943,261138.54,658998.24,56,30,100.39
NS65NW_2745,1,1_6,7.78885919169,-9999.0,-9999.0,-9999.0,99.1829986572,829.405538075229,171.636930278197,261102.8,659003.62,92,48,99.183
NS65NW_2746,1,1_6,6.03713136658,-9999.0,-9999.0,-9999.0,102.414001465,357.357455829174,111.922759875964,261228.85,658989.7,76,40,102.414
NS65NW_2752,1,1_6,5.18367560201,-9999.0,-9999.0,-9999.0,101.033996582,694.660519311984,172.938567020544,261169.16,659002.76,84,44,101.034
NS65NW_2778,1,1_6,8.05730153393,-9999.0,-9999.0,-9999.0,101.460998535,313.964812487206,80.737478423915,261048.41,658964.93,44,24,101.461
NS65NW_2795,1,1_6,5.63147288218,-9999.0,-9999.0,-9999.0,101.291000366,145.85619510382,50.5853619434798,261110.19,658955.23,20,12,101.291
NS65NW_2796,1,1_6,8.0424288149,-9999.0,-9999.0,-9999.0,101.752998352,617.229219333385,155.891363132073,261005.82,658956.63,76,40,101.753
NS65NW_2802,1,1_6,5.5316148462,-9999.0,-9999.0,-9999.0,102.003997803,361.960432265159,95.1920028494337,261207.97,658952.48,40,22,102.004
NS65NW_2824,1,1_6,5.10835219941,-9999.0,-9999.0,-9999.0,101.939002991,182.19721536343,56.8074244359751,261177.82,658942.1,16,10,101.939
NS65NW_2835,1,1_6,5.08098197015,-9999.0,-9999.0,-9999.0,101.356002808,388.264551493951,111.728727240467,261148.14,658947.01,68,36,101.356
NS65NW_2837,1,1_6,3.65897327516,-9999.0,-9999.0,-9999.0,103.18699646,42.0107587560627,26.6289725072701,261240.48,658929.52,12,8,103.187
NS65NW_2840,1,1_6,6.32245149447,-9999.0,-9999.0,-9999.0,102.583000183,103.915832652604,40.7774560963799,261216.73,658930.35,12,8,102.583
NS65NW_2843,1,1_6,5.89149070718,-9999.0,-9999.0,-9999.0,101.26499939,373.761853403798,87.7734801767457,261077.34,658938.18,28,16,101.265
NS65NW_2849,1,1_6,6.06796300618,-9999.0,-9999.0,-9999.0,102.15599823,104.131386338821,40.8185593125579,261190.38,658926.19,12,8,102.156
NS65NW_2855,1,1_6,8.68529535852,-9999.0,-9999.0,-9999.0,104.007003784,2378.41257058359,258.933600785665,260846.9,658947.11,28,16,104.007
NS65NW_2859,1,1_6,5.52919813116,-9999.0,-9999.0,-9999.0,101.908996582,120.698482891355,46.9716581914811,261142.6,658918.79,20,12,101.909
NS65NW_2866,1,1_6,5.67999150741,-9999.0,-9999.0,-9999.0,103.032997131,369.038567524164,87.1310113280165,260974.46,658926.04,40,22,103.033
NS65NW_2870,1,1_6,6.16368568645,-9999.0,-9999.0,-9999.0,101.638999939,356.486492187442,90.8048168801433,261115.91,658926.13,12,8,101.639
NS65NW_2877,1,1_6,4.45297549372,-9999.0,-9999.0,-9999.0,102.525001526,444.087416901188,96.7541604810759,261049.97,658922.18,28,16,102.525
NS65NW_2878,1,1_6,6.2354929273,-9999.0,-9999.0,-9999.0,102.677001953,102.397988984271,40.4782176015505,261220.65,658910.81,12,8,102.677
NS65NW_2892,1,1_6,6.20266732246,-9999.0,-9999.0,-9999.0,103.09400177,432.640107064055,91.7944633445607,261012.9,658913.56,28,16,103.094
NS65NW_2901,1,1_6,5.87519770183,-9999.0,-9999.0,-9999.0,103.491996765,174.78677909586,54.7230627531989,260978.72,658899.54,28,16,103.492
NS65NW_2909,1,1_6,5.51545358711,-9999.0,-9999.0,-9999.0,101.650001526,855.6454560534,209.877748623883,261160.08,658901.12,64,34,101.65
NS65NW_2913,1,1_6,5.88848344243,-9999.0,-9999.0,-9999.0,102.314002991,368.953834499805,88.8435546628042,261082.88,658903.85,40,22,102.314
NS65NW_2923,1,1_6,5.64945434301,-9999.0,-9999.0,-9999.0,103.492996216,321.163882392005,78.2703035768587,261056.37,658889.4,40,22,103.493
NS65NW_2934,1,1_6,6.34529784166,-9999.0,-9999.0,-9999.0,101.935997009,1101.42326231857,267.637456918656,260929.88,658926.24,200,102,101.936
NS65NW_2939,1,1_6,5.71996732353,-9999.0,-9999.0,-9999.0,103.738998413,390.503908490764,92.7497678838025,261024.94,658882.47,44,24,103.739
NS65NW_2947,1,1_6,3.8004568431,-9999.0,-9999.0,-9999.0,104.384399414,31.1930287449349,22.9932799230187,260891.78,658871.74,12,8,104.384
NS65NW_2951,1,1_6,5.91171536828,-9999.0,-9999.0,-9999.0,102.306999207,238.86408310318,71.0467895153685,261196.51,658872.94,36,20,102.307
NS65NW_2952,1,1_6,6.20737308625,-9999.0,-9999.0,-9999.0,102.760002136,201.976029484821,65.1912382330576,261221.27,658873.77,28,16,102.76
NS65NW_2958,1,1_6,6.31343863654,-9999.0,-9999.0,-9999.0,102.156997681,227.34359742338,64.3025143802216,261168.21,658870.27,12,8,102.157
NS65NW_2960,1,1_6,5.76044867822,-9999.0,-9999.0,-9999.0,104.03099823,289.750868949883,75.0668575280112,260982.64,658875.87,28,16,104.031
NS65NW_2964,1,1_6,5.52540258117,-9999.0,-9999.0,-9999.0,102.511001587,168.463912975866,56.1714081471757,261139.48,658867.13,28,16,102.511
NS65NW_2967,1,1_6,8.22884996588,-9999.0,-9999.0,-9999.0,104.232002258,170.515203219345,53.0369024621339,260943.08,658866.51,12,8,104.232
NS65NW_2979,1,1_6,5.72395701132,-9999.0,-9999.0,-9999.0,102.956001282,262.572141898279,99.661442361442,261111.34,658861.81,52,28,102.956
NS65NW_2984,1,1_6,6.40465560725,-9999.0,-9999.0,-9999.0,103.608001709,107.72915074708,41.5181111318287,261085.45,658857.96,12,8,103.608
NS65NW_2986,1,1_6,5.78788250856,-9999.0,-9999.0,-9999.0,104.65599823,397.670340408536,106.164854611736,260913.05,658860.17,68,36,104.656
NS65NW_3059,1,1_6,5.64093981041,-9999.0,-9999.0,-9999.0,115.457000732,484.92306242614,91.577332054361,261215.78,658813.45,20,12,115.457
NS65NW_3073,1,1_6,6.75804632138,-9999.0,-9999.0,-9999.0,115.236000061,282.299666404849,73.817701281538,261177.01,658804.71,28,16,115.236
NS65NW_3077,1,1_6,2.6275097615,-9999.0,-9999.0,-9999.0,111.257667542,22.7949412460405,22.342346165715,260818.86,658792.69,8,6,111.258
NS65NW_3090,1,1_6,6.67001447839,-9999.0,-9999.0,-9999.0,115.466003418,810.417155416109,194.14047227544,261131.08,658803.58,40,24,115.466
NS65NW_3098,1,1_6,6.64858162262,-9999.0,-9999.0,-9999.0,111.195999146,240.244628216417,66.1946980388555,260871.88,658794.0,20,12,111.196
NS65NW_3099,1,1_6,6.47125096287,-9999.0,-9999.0,-9999.0,115.705001831,641.231443888364,148.118766458059,261028.75,658794.1,56,30,115.705
NS65NW_3105,1,1_6,6.16558731527,-9999.0,-9999.0,-9999.0,110.532997131,255.773561487262,66.8638532956835,260831.56,658791.77,12,8,110.533
NS65NW_3107,1,1_6,6.00637726787,-9999.0,-9999.0,-9999.0,115.481002808,437.248452057816,104.404585692298,261075.27,658786.8,24,14,115.481
NS65NW_3116,1,1_6,5.99598332629,-9999.0,-9999.0,-9999.0,115.917999268,240.628795845376,66.0473124773261,260988.89,658780.67,12,8,115.918
NS65NW_3124,1,1_6,6.19232931489,-9999.0,-9999.0,-9999.0,115.565002441,347.68129685493,86.8330772873024,260961.1,658777.49,28,16,115.565
NS65NW_3135,1,1_6,6.25569194832,-9999.0,-9999.0,-9999.0,114.513000488,482.743093019995,112.375057984789,260922.64,658773.75,44,24,114.513
NS65NW_3140,1,1_6,6.21943083332,-9999.0,-9999.0,-9999.0,113.521003723,416.207853116193,95.8655743814399,260881.4,658769.52,28,16,113.521
NS65NW_3152,1,1_6,6.35511427659,-9999.0,-9999.0,-9999.0,113.191001892,415.168472553035,96.853007805584,260828.36,658764.32,36,20,113.191
NS65NW_3159,1,1_6,6.31676222403,-9999.0,-9999.0,-9999.0,113.666999817,246.00621416099,68.083708258168,260797.35,658758.03,24,14,113.667
NS65NW_3166,1,1_6,6.35015938838,-9999.0,-9999.0,-9999.0,114.095001221,157.258025005927,52.1109227803943,260776.79,658754.0,28,16,114.095
NS65NW_3174,1,1_6,5.75962369365,-9999.0,-9999.0,-9999.0,114.928001404,156.407196589316,51.9835011379834,260761.61,658750.11,28,16,114.928
NS65NW_0,1,1_7,5.15946918726,-9999.0,-9999.0,-9999.0,50.1115074158,49.7807078872543,34.4088402195911,260977.45,659998.12,12,8,50.111
NS65NW_1008,1,1_7,6.90717504967,-9999.0,-9999.0,-9999.0,67.7450027466,414.948054223692,113.896240610065,260888.53,659658.59,36,20,67.745
NS65NW_1029,1,1_7,5.88682910785,-9999.0,-9999.0,-9999.0,68.9120025635,415.304863345893,126.786900813546,261241.13,659647.24,48,26,68.912
NS65NW_1050,1,1_7,5.59176894157,-9999.0,-9999.0,-9999.0,69.9789962769,336.905466795632,90.6204026512012,261205.36,659632.51,44,24,69.979
NS65NW_1085,1,1_7,6.66068883017,-9999.0,-9999.0,-9999.0,68.46900177,486.155607566556,132.482755935132,260900.33,659628.51,44,24,68.469
NS65NW_109,1,1_7,12.5857124249,-9999.0,-9999.0,-9999.0,38.3040008545,490.115792942642,113.215006227451,260743.57,659980.5,12,8,38.304
NS65NW_1099,1,1_7,6.82264926145,-9999.0,-9999.0,-9999.0,70.4779968262,577.367570649543,150.270659388705,260846.56,659624.44,60,32,70.478
NS65NW_1101,1,1_7,5.38905432853,-9999.0,-9999.0,-9999.0,71.9430007935,302.614759270162,78.3419919119935,261161.56,659612.92,32,18,71.943
NS65NW_1112,1,1_7,6.44299173076,-9999.0,-9999.0,-9999.0,72.8399963379,490.805735183789,119.443080690641,261231.29,659609.44,48,26,72.84
NS65NW_1131,1,1_7,5.42831430098,-9999.0,-9999.0,-9999.0,72.1979980469,301.879599385001,80.7812667420315,261134.16,659599.59,28,16,72.198
NS65NW_1132,1,1_7,6.7129825363,-9999.0,-9999.0,-9999.0,73.2760009766,97.8575195400267,39.5832926228522,261204.43,659595.52,12,8,73.276
NS65NW_1147,1,1_7,7.14638293478,-9999.0,-9999.0,-9999.0,69.3629989624,539.193841090651,141.942109869841,260915.86,659603.74,56,30,69.363
NS65NW_1158,1,1_7,6.91566161555,-9999.0,-9999.0,-9999.0,71.8259963989,430.42902877701,115.555583403761,260860.06,659596.26,40,22,71.826
NS65NW_1172,1,1_7,6.06522299351,-9999.0,-9999.0,-9999.0,74.6426620483,191.430415243177,62.7885850010711,261179.81,659584.3,28,16,74.643
NS65NW_1182,1,1_7,6.25490824382,-9999.0,-9999.0,-9999.0,74.9990005493,139.505344314644,49.1619665217254,261162.58,659578.21,20,12,74.999
NS65NW_1193,1,1_7,5.96328771302,-9999.0,-9999.0,-9999.0,75.2030029297,152.055056506858,52.0223821856426,261145.66,659572.77,28,16,75.203
NS65NW_1200,1,1_7,6.34127578735,-9999.0,-9999.0,-9999.0,75.1529998779,127.071736070035,47.3580691074261,261131.34,659569.56,20,12,75.153
NS65NW_1222,1,1_7,6.59251344959,-9999.0,-9999.0,-9999.0,73.1259994507,279.751912674078,83.2628084597804,260898.97,659566.64,20,12,73.126
NS65NW_1223,1,1_7,7.0157765002,-9999.0,-9999.0,-9999.0,75.5869979858,130.465815513719,51.3273560631301,261217.5,659560.05,28,16,75.587
NS65NW_1228,1,1_7,2.34465850027,-9999.0,-9999.0,-9999.0,74.9929962158,30.2839012449148,22.7672859496023,261105.08,659553.71,12,8,74.993
NS65NW_1250,1,1_7,6.36210514659,-9999.0,-9999.0,-9999.0,76.03099823,476.851862134816,122.141287581765,260828.71,659561.86,28,16,76.031
NS65NW_1253,1,1_7,6.23915024941,-9999.0,-9999.0,-9999.0,74.0970001221,814.3019321853,195.096785144249,260775.05,659568.66,36,20,74.097
NS65NW_1254,1,1_7,6.21170017203,-9999.0,-9999.0,-9999.0,75.8059997559,264.719098021027,98.0003379336212,261180.32,659549.49,60,32,75.806
NS65NW_1257,1,1_7,6.82394238176,-9999.0,-9999.0,-9999.0,76.1859970093,124.641111185885,50.2594529963241,261155.22,659544.64,28,16,76.186
NS65NW_1261,1,1_7,6.66424716069,-9999.0,-9999.0,-9999.0,75.2910003662,396.531295428915,117.225068215375,260873.17,659555.92,28,16,75.291
NS65NW_1276,1,1_7,6.17376816918,-9999.0,-9999.0,-9999.0,75.31199646,324.993790659307,85.169224524394,261120.1,659545.22,20,12,75.312
NS65NW_1293,1,1_7,6.44145882947,-9999.0,-9999.0,-9999.0,76.3789978027,216.94314168678,64.6813951591721,261193.28,659531.92,16,10,76.379
NS65NW_1296,1,1_7,6.45737387171,-9999.0,-9999.0,-9999.0,77.4680023193,587.65284002997,146.618394393351,260785.74,659541.77,32,18,77.468
NS65NW_1313,1,1_7,5.94625676356,-9999.0,-9999.0,-9999.0,77.1200027466,168.249145966535,57.9484080940181,261125.78,659521.38,28,16,77.12
NS65NW_1318,1,1_7,6.15277263547,-9999.0,-9999.0,-9999.0,77.1070022583,219.34450590388,65.0274139551082,261159.12,659522.31,12,8,77.107
NS65NW_132,1,1_7,5.85114681487,-9999.0,-9999.0,-9999.0,47.9199981689,522.857386460282,177.460708745743,261111.83,659969.39,96,50,47.92
NS65NW_1336,1,1_7,6.56391923862,-9999.0,-9999.0,-9999.0,78.9339981079,107.95935450114,41.5951433528094,261181.78,659509.74,12,8,78.934
NS65NW_1338,1,1_7,6.75204830256,-9999.0,-9999.0,-9999.0,78.3990020752,118.32717644313,49.0396638727845,261199.77,659510.29,28,16,78.399
NS65NW_1366,1,1_7,5.94124931399,-9999.0,-9999.0,-9999.0,77.7659988403,473.204340486581,105.078179587765,260714.55,659514.33,36,20,77.766
NS65NW_1367,1,1_7,6.48642165266,-9999.0,-9999.0,-9999.0,78.6060028076,360.090461150115,97.3664101450042,260795.64,659511.74,28,16,78.606
NS65NW_1371,1,1_7,6.82333311293,-9999.0,-9999.0,-9999.0,78.84400177,119.99728928374,47.9781016264507,261167.3,659501.18,28,16,78.844
NS65NW_1452,1,1_7,6.53728668224,-9999.0,-9999.0,-9999.0,76.7389984131,735.376741220655,176.070439509095,260826.16,659501.97,36,20,76.739
NS65NW_146,1,1_7,5.93075646787,-9999.0,-9999.0,-9999.0,45.7859992981,184.371353202479,62.2588198191131,261232.25,659960.28,28,16,45.786
NS65NW_1469,1,1_7,6.23748809454,-9999.0,-9999.0,-9999.0,78.8030014038,443.03956663726,124.02848761874,261136.83,659486.48,28,16,78.803
NS65NW_1478,1,1_7,6.10940344318,-9999.0,-9999.0,-9999.0,79.34400177,1280.4959956458,163.871616546803,260896.85,659488.43,60,32,79.344
NS65NW_1481,1,1_7,2.55594310054,-9999.0,-9999.0,-9999.0,79.5299987793,27.2415044707887,24.8153367240987,260882.93,659463.39,12,8,79.53
NS65NW_1493,1,1_7,7.35186352035,-9999.0,-9999.0,-9999.0,80.216003418,268.315820319333,70.4955944370905,261186.41,659466.39,20,12,80.216
NS65NW_150,1,1_7,6.47347887443,-9999.0,-9999.0,-9999.0,38.0999984741,374.467449444134,104.662826157756,260715.74,659970.19,12,8,38.1
NS65NW_1507,1,1_7,5.54312805925,-9999.0,-9999.0,-9999.0,78.6340026855,812.254295978973,178.943499013372,260760.13,659484.23,76,40,78.634
NS65NW_1519,1,1_7,10.1601017434,-9999.0,-9999.0,-9999.0,76.0790023804,1065.65772242304,219.00778214546,261235.11,659499.82,12,8,76.079
NS65NW_1533,1,1_7,7.23829866201,-9999.0,-9999.0,-9999.0,79.6380004883,264.012310908141,70.3349883205511,261143.89,659454.97,20,12,79.638
NS65NW_1538,1,1_7,9.55991341248,-9999.0,-9999.0,-9999.0,79.3700027466,1058.97339566008,194.323558083234,260650.53,659472.06,52,28,79.37
NS65NW_1565,1,1_7,8.26398775154,-9999.0,-9999.0,-9999.0,80.733001709,953.377991308331,179.812501382085,260715.51,659466.08,44,24,80.733
NS65NW_157,1,1_7,5.99762443618,-9999.0,-9999.0,-9999.0,46.4592514038,576.085146027342,137.317080477741,261163.86,659970.76,64,34,46.459
NS65NW_1576,1,1_7,7.31008875886,-9999.0,-9999.0,-9999.0,80.34400177,266.855910848947,74.3012582551359,261176.46,659443.06,36,20,80.344
NS65NW_1590,1,1_7,6.28513630378,-9999.0,-9999.0,-9999.0,81.1760025024,283.180097643791,77.2586891060669,260798.81,659440.33,36,20,81.176
NS65NW_1619,1,1_7,8.43099247061,-9999.0,-9999.0,-9999.0,79.9430007935,782.876168716547,185.556562598202,261212.81,659450.86,84,44,79.943
NS65NW_1622,1,1_7,9.4252039019,-9999.0,-9999.0,-9999.0,79.202003479,216.044127370118,66.8471437369229,261034.84,659428.46,12,8,79.202
NS65NW_1687,1,1_7,2.53842665274,-9999.0,-9999.0,-9999.0,81.658996582,23.9443649979547,23.2718870949549,260843.47,659402.21,8,6,81.659
NS65NW_1699,1,1_7,5.5827178919,-9999.0,-9999.0,-9999.0,81.547996521,543.051902331253,128.347621858529,260767.79,659416.33,56,30,81.548
NS65NW_17,1,1_7,5.64391865532,-9999.0,-9999.0,-9999.0,44.1049156189,215.821373286666,72.2059932569823,261173.73,659995.11,44,24,44.105
NS65NW_1700,1,1_7,10.0673863609,-9999.0,-9999.0,-9999.0,79.9899978638,811.237796561807,184.583084087543,261175.51,659412.1,76,40,79.99
NS65NW_1741,1,1_7,8.20702550641,-9999.0,-9999.0,-9999.0,82.841003418,792.606432333993,171.000863031033,260728.48,659408.45,80,42,82.841
NS65NW_1752,1,1_7,6.07068086308,-9999.0,-9999.0,-9999.0,81.2959976196,575.29308635964,128.823398189737,261229.5,659392.7,20,12,81.296
NS65NW_1762,1,1_7,9.03716383206,-9999.0,-9999.0,-9999.0,80.5189971924,325.356695880325,90.2916133376523,261029.26,659395.39,12,8,80.519
NS65NW_1765,1,1_7,5.02587457816,-9999.0,-9999.0,-9999.0,81.2860031128,1324.19348424333,270.763297422119,260873.98,659404.27,88,44,81.286
NS65NW_177,1,1_7,5.68867219558,-9999.0,-9999.0,-9999.0,46.3076667786,112.987121247457,47.9808047687973,261242.78,659946.04,24,14,46.308
NS65NW_1793,1,1_7,8.82982899482,-9999.0,-9999.0,-9999.0,78.408996582,695.609888024674,189.295853597574,260995.48,659400.52,52,28,78.409
NS65NW_230,1,1_7,5.91115032494,-9999.0,-9999.0,-9999.0,48.158000946,381.022859503578,96.9852890511144,261146.68,659940.09,20,12,48.158
NS65NW_231,1,1_7,12.557251493,-9999.0,-9999.0,-9999.0,38.7579994202,761.358206363195,159.865390888692,260664.8,659936.92,28,16,38.758
NS65NW_247,1,1_7,2.3005517226,-9999.0,-9999.0,-9999.0,46.8549995422,34.0999875033563,23.507033205503,260906.26,659921.17,12,8,46.855
NS65NW_252,1,1_7,6.9207806577,-9999.0,-9999.0,-9999.0,47.8619995117,836.182166257882,180.771540910515,260937.34,659933.69,92,48,47.862
NS65NW_257,1,1_7,3.76165591052,-9999.0,-9999.0,-9999.0,45.8800010681,365.949032464968,88.2726909298131,260890.12,659927.07,36,20,45.88
NS65NW_27,1,1_7,6.14538914517,-9999.0,-9999.0,-9999.0,37.9599990845,269.052362937266,77.0170687058672,260683.71,659991.52,12,8,37.96
NS65NW_270,1,1_7,2.61419058407,-9999.0,-9999.0,-9999.0,41.5359992981,24.7528762503609,23.0436402980385,260626.34,659915.81,8,6,41.536
NS65NW_283,1,1_7,5.97022021674,-9999.0,-9999.0,-9999.0,48.763999939,705.976706273781,179.711939969017,261218.31,659929.48,72,38,48.764
NS65NW_33,1,1_7,6.08883428856,-9999.0,-9999.0,-9999.0,38.6949996948,170.835661604156,56.1183061998853,260626.84,659990.42,12,8,38.695
NS65NW_36,1,1_7,6.08152721587,-9999.0,-9999.0,-9999.0,38.6949996948,266.173628643494,76.775252190888,260625.36,659995.99,12,8,38.695
NS65NW_360,1,1_7,6.73458426957,-9999.0,-9999.0,-9999.0,42.9000015259,535.6986174248,109.56411870228,260799.08,659905.18,28,16,42.9
NS65NW_37,1,1_7,5.9342741005,-9999.0,-9999.0,-9999.0,49.8297805786,272.107710808823,76.5311913843764,261045.84,659985.98,36,20,49.83
NS65NW_370,1,1_7,4.66828646622,-9999.0,-9999.0,-9999.0,42.9300003052,128.304050192193,45.9307150831485,260776.49,659897.14,12,8,42.93
NS65NW_414,1,1_7,5.82787738543,-9999.0,-9999.0,-9999.0,49.5359992981,957.382213882199,277.302265130769,261212.04,659898.16,108,56,49.536
NS65NW_42,1,1_7,5.96860311025,-9999.0,-9999.0,-9999.0,50.3694076538,107.871924221913,41.5579492153716,261026.14,659984.36,12,8,50.369
NS65NW_44,1,1_7,5.82308156422,-9999.0,-9999.0,-9999.0,49.0029983521,254.152810321043,75.0394313787857,261072.71,659984.68,36,20,49.003
NS65NW_45,1,1_7,6.14754547494,-9999.0,-9999.0,-9999.0,49.8559989929,189.47943406989,58.385862397142,260960.04,659986.5,12,8,49.856
NS65NW_479,1,1_7,9.10832637865,-9999.0,-9999.0,-9999.0,42.3950004578,533.564535526406,136.726674087775,260675.4,659867.44,12,8,42.395
NS65NW_488,1,1_7,7.92789548304,-9999.0,-9999.0,-9999.0,42.7140007019,986.320072023779,188.197550596456,260734.63,659871.15,76,40,42.714
NS65NW_49,1,1_7,5.8141670278,-9999.0,-9999.0,-9999.0,44.5750007629,195.509608223587,65.705745284395,261213.95,659987.88,28,16,44.575
NS65NW_51,1,1_7,6.49085180077,-9999.0,-9999.0,-9999.0,40.5060005188,167.837323943641,65.2820088369932,260806.95,659983.41,52,28,40.506
NS65NW_512,1,1_7,12.5139133309,-9999.0,-9999.0,-9999.0,62.7529983521,720.944485358831,161.400148163963,261022.28,659858.96,48,26,62.753
NS65NW_520,1,1_7,6.34798762095,-9999.0,-9999.0,-9999.0,47.7084999084,142.784528338023,48.4335479168363,260708.44,659843.21,12,8,47.709
NS65NW_521,1,1_7,2.63495171788,-9999.0,-9999.0,-9999.0,44.7558898926,24.1718587503054,21.0565565966253,260654.72,659838.34,12,8,44.756
NS65NW_541,1,1_7,6.11763683515,-9999.0,-9999.0,-9999.0,47.8880004883,131.068818041955,47.5991098309632,260691.84,659837.4,28,16,47.888
NS65NW_56,1,1_7,5.49606347815,-9999.0,-9999.0,-9999.0,50.3269996643,168.623837352237,57.4301118652923,261007.74,659983.7,28,16,50.327
NS65NW_566,1,1_7,6.40564576842,-9999.0,-9999.0,-9999.0,47.5519981384,140.989282597469,47.9888665303587,260676.62,659828.91,12,8,47.552
NS65NW_57,1,1_7,5.96916734255,-9999.0,-9999.0,-9999.0,44.4490013123,275.031374263745,94.7372758433716,261249.39,659988.21,44,24,44.449
NS65NW_577,1,1_7,8.9371161941,-9999.0,-9999.0,-9999.0,48.6949996948,343.715713227405,95.3991546799071,260745.39,659827.01,36,20,48.695
NS65NW_591,1,1_7,12.5839505552,-9999.0,-9999.0,-9999.0,61.6139984131,1002.74540735626,214.326389243087,261190.62,659834.93,56,30,61.614
NS65NW_597,1,1_7,12.8770786727,-9999.0,-9999.0,-9999.0,65.6380004883,620.281688588394,140.604756707823,261031.14,659824.15,44,24,65.638
NS65NW_601,1,1_7,12.5379574128,-9999.0,-9999.0,-9999.0,64.5709991455,722.97537322384,162.026717517267,261063.53,659834.51,52,28,64.571
NS65NW_613,1,1_7,6.05377449788,-9999.0,-9999.0,-9999.0,48.5369987488,126.037668398324,46.5221172191075,260716.03,659812.38,28,16,48.537
NS65NW_621,1,1_7,12.5197997131,-9999.0,-9999.0,-9999.0,62.8219985962,744.616091786016,170.349461536731,261123.0,659822.47,52,28,62.822
NS65NW_625,1,1_7,6.41943130138,-9999.0,-9999.0,-9999.0,48.6609992981,163.754222716765,52.2796626961957,260686.82,659806.78,12,8,48.661
NS65NW_636,1,1_7,9.29606479338,-9999.0,-9999.0,-9999.0,43.0709991455,534.268138825299,144.135403025054,260646.17,659822.81,36,20,43.071
NS65NW_66,1,1_7,6.31774259264,-9999.0,-9999.0,-9999.0,38.2840003967,272.932856793391,77.4266662157191,260651.09,659980.27,12,8,38.284
NS65NW_693,1,1_7,5.98058138355,-9999.0,-9999.0,-9999.0,50.733001709,126.02821645225,46.6153741927669,260714.28,659773.75,28,16,50.733
NS65NW_697,1,1_7,13.138046463,-9999.0,-9999.0,-9999.0,64.2559967041,1085.66330968818,225.870350974807,261168.49,659786.51,60,32,64.256
NS65NW_708,1,1_7,9.3520738846,-9999.0,-9999.0,-9999.0,47.7309989929,217.078627855863,67.1004588412605,260651.83,659774.01,12,8,47.731
NS65NW_71,1,1_7,5.66842501958,-9999.0,-9999.0,-9999.0,40.2019996643,184.23961875747,61.5438848534176,260783.96,659977.05,32,18,40.202
NS65NW_713,1,1_7,7.36751702271,-9999.0,-9999.0,-9999.0,68.2890014648,806.436724123556,171.674483406433,261068.09,659774.51,28,16,68.289
NS65NW_714,1,1_7,12.6558260106,-9999.0,-9999.0,-9999.0,61.5800018311,708.295461074235,162.420276485691,261233.81,659789.79,52,28,61.58
NS65NW_716,1,1_7,6.04244672802,-9999.0,-9999.0,-9999.0,49.6780014038,129.395428050771,49.5486692410301,260682.99,659764.66,28,16,49.678
NS65NW_720,1,1_7,6.09066357219,-9999.0,-9999.0,-9999.0,50.1119995117,132.060032908915,46.7373347780251,260700.23,659763.74,20,12,50.112
NS65NW_731,1,1_7,7.05401585179,-9999.0,-9999.0,-9999.0,67.3809967041,131.425511705103,52.1836323850496,261132.0,659759.54,28,16,67.381
NS65NW_737,1,1_7,5.66838192611,-9999.0,-9999.0,-9999.0,66.9280014038,130.198867236143,49.2024788694017,261149.93,659756.73,20,12,66.928
NS65NW_787,1,1_7,9.20215125342,-9999.0,-9999.0,-9999.0,49.9000015259,224.230733121162,67.7479529393052,260649.71,659741.79,12,8,49.9
NS65NW_793,1,1_7,6.46887930602,-9999.0,-9999.0,-9999.0,67.0800018311,149.997843098704,60.5434594756335,261208.13,659732.83,44,24,67.08
NS65NW_798,1,1_7,5.86281199768,-9999.0,-9999.0,-9999.0,67.8590011597,295.390643511647,79.2195757039225,261131.61,659736.94,32,18,67.859
NS65NW_819,1,1_7,6.30860699534,-9999.0,-9999.0,-9999.0,66.7259979248,407.67642589122,121.628183229455,261163.14,659738.51,52,28,66.726
NS65NW_825,1,1_7,7.12460569326,-9999.0,-9999.0,-9999.0,67.4779968262,128.511892032182,51.1099921428371,261191.02,659724.15,28,16,67.478
NS65NW_842,1,1_7,6.49459401068,-9999.0,-9999.0,-9999.0,69.827003479,140.911546442783,47.99320620058,261125.04,659715.6,12,8,69.827
NS65NW_85,1,1_7,6.03837797319,-9999.0,-9999.0,-9999.0,47.0320014954,191.718309438779,62.8397228196344,261194.2,659973.78,28,16,47.032
NS65NW_851,1,1_7,6.46423898196,-9999.0,-9999.0,-9999.0,69.5080032349,92.9255164495407,39.6569877654335,261152.72,659710.31,20,12,69.508
NS65NW_862,1,1_7,8.78642385418,-9999.0,-9999.0,-9999.0,51.5670013428,234.819026884841,73.7426083082675,260638.98,659712.99,28,16,51.567
NS65NW_864,1,1_7,6.18010416204,-9999.0,-9999.0,-9999.0,67.3669967651,284.627369475141,80.5896529712707,261220.68,659714.0,44,24,67.367
NS65NW_890,1,1_7,6.15982838397,-9999.0,-9999.0,-9999.0,69.5029983521,110.411888052169,42.2164580563477,261152.06,659695.5,12,8,69.503
NS65NW_891,1,1_7,6.13971993085,-9999.0,-9999.0,-9999.0,68.4670028687,281.798448397854,75.3895159836825,261196.08,659698.35,32,18,68.467
NS65NW_922,1,1_7,7.09949799404,-9999.0,-9999.0,-9999.0,68.4670028687,847.739815671621,180.343171684581,261086.84,659718.28,12,8,68.467
NS65NW_926,1,1_7,6.4166337296,-9999.0,-9999.0,-9999.0,69.4710006714,277.961469935686,85.4572594472677,261118.74,659692.16,36,20,69.471
NS65NW_940,1,1_7,9.09007897837,-9999.0,-9999.0,-9999.0,54.1679992676,235.198291921191,72.2027271847111,260628.3,659684.44,28,16,54.168
NS65NW_953,1,1_7,6.57801149381,-9999.0,-9999.0,-9999.0,69.4489974976,234.59323213589,68.2551830485905,261158.79,659675.52,20,12,69.449
NS65NW_965,1,1_7,6.32829215495,-9999.0,-9999.0,-9999.0,69.5459976196,97.9191225610559,41.1518187388785,261142.25,659663.54,20,12,69.546
NS65NW_966,1,1_7,6.24911113066,-9999.0,-9999.0,-9999.0,69.6350021362,109.145117845157,42.0273918113563,261117.04,659664.47,12,8,69.635
NS65NW_993,1,1_7,6.97278746963,-9999.0,-9999.0,-9999.0,69.841003418,135.95086500046,47.28365912287,261126.36,659651.02,16,10,69.841
NS65NW_3642,1,1_8,6.01676605969,-9999.0,-9999.0,-9999.0,43.9269981384,84.0166132724643,36.8763497067035,261189.08,660002.51,12,8,43.927
NS65NW_3553,1,2_1,6.02986912105,-9999.0,-9999.0,-9999.0,152.623001099,94.2239243089846,38.8359575572309,261264.98,655922.87,12,8,152.623
NS65NW_3554,1,2_1,5.40601215732,-9999.0,-9999.0,-9999.0,153.347000122,93.5547777970817,40.7678106821575,261277.18,655924.0,24,14,153.347
NS65NW_3555,1,2_1,5.73666144898,-9999.0,-9999.0,-9999.0,152.442001343,86.6654737525731,48.6350948079713,261253.45,655919.44,24,14,152.442
NS65NW_3556,1,2_1,5.1939426795,-9999.0,-9999.0,-9999.0,156.339004517,141.814790128331,50.6060742028849,261376.91,655919.07,28,16,156.339
NS65NW_3557,1,2_1,6.31465353425,-9999.0,-9999.0,-9999.0,157.404006958,103.917064161285,40.789449709316,261390.63,655917.0,12,8,157.404
NS65NW_3558,1,2_1,6.09912469714,-9999.0,-9999.0,-9999.0,155.270996094,188.944306808604,79.7430325403086,261356.58,655918.92,56,30,155.271
NS65NW_3560,1,2_1,5.26378387563,-9999.0,-9999.0,-9999.0,158.197998047,144.185275614764,48.4847971483412,261404.51,655911.24,20,12,158.198
NS65NW_3561,1,2_1,5.47604192628,-9999.0,-9999.0,-9999.0,163.57800293,154.857106534784,57.6385043963341,261458.38,655905.89,36,20,163.578
NS65NW_3562,1,2_1,6.22916210822,-9999.0,-9999.0,-9999.0,164.910491943,115.225603375505,42.9599535165022,261472.81,655899.41,12,8,164.911
NS65NW_3563,1,2_1,5.66256004347,-9999.0,-9999.0,-9999.0,154.462005615,145.341335862022,53.4169626172098,261350.9,655899.12,20,12,154.462
NS65NW_3564,1,2_1,4.70032545791,-9999.0,-9999.0,-9999.0,162.130004883,150.62688390931,52.4935046924025,261442.48,655899.03,20,12,162.13
NS65NW_3565,1,2_1,5.32904558555,-9999.0,-9999.0,-9999.0,152.710006714,532.371592776215,205.655875725041,261303.24,655910.77,160,82,152.71
NS65NW_3567,1,2_1,5.4213740987,-9999.0,-9999.0,-9999.0,165.464004517,115.734864181477,46.3995781620657,261486.33,655891.9,28,16,165.464
NS65NW_3568,1,2_1,5.30920943797,-9999.0,-9999.0,-9999.0,153.86000061,94.7225288990045,42.80247493125,261343.6,655889.49,28,16,153.86
NS65NW_3570,1,2_1,5.60435428619,-9999.0,-9999.0,-9999.0,165.73500061,109.977759833406,47.3942134105505,261501.59,655885.01,28,16,165.735
NS65NW_3571,1,2_1,5.67521596399,-9999.0,-9999.0,-9999.0,151.37399292,344.003863878202,128.965052573139,261264.89,655884.27,76,40,151.374
NS65NW_3572,1,2_1,4.86590211288,-9999.0,-9999.0,-9999.0,165.62600708,139.600283017996,63.4267045502729,261516.84,655881.64,44,24,165.626
NS65NW_3573,1,2_1,5.73483821324,-9999.0,-9999.0,-9999.0,151.641998291,83.2896214809963,37.8371041438285,261296.32,655875.28,20,12,151.642
NS65NW_3574,1,2_1,5.69632261843,-9999.0,-9999.0,-9999.0,160.860992432,175.228029483819,55.8169970602439,261436.2,655876.88,20,12,160.861
NS65NW_3575,1,2_1,5.02905829684,-9999.0,-9999.0,-9999.0,152.617996216,265.734620077779,87.4757272656155,261328.45,655881.67,48,26,152.618
NS65NW_3577,1,2_1,3.63936626117,-9999.0,-9999.0,-9999.0,164.542007446,426.564328631863,140.736631066922,261544.47,655879.73,80,42,164.542
NS65NW_3578,1,2_1,5.62343278716,-9999.0,-9999.0,-9999.0,155.645996094,416.420561288157,151.637317566698,261401.82,655885.0,100,52,155.646
NS65NW_3582,1,2_1,5.43581351178,-9999.0,-9999.0,-9999.0,151.229003906,133.250135782505,51.0078513647874,261292.42,655867.35,20,12,151.229
NS65NW_3586,1,2_1,5.49333182425,-9999.0,-9999.0,-9999.0,161.208999634,139.91539658078,47.6081055777782,261445.06,655859.47,12,8,161.209
NS65NW_3587,1,2_1,5.30633083338,-9999.0,-9999.0,-9999.0,153.097000122,377.109369646629,113.948323878494,261369.11,655863.22,72,38,153.097
NS65NW_3588,1,2_1,6.11252893427,-9999.0,-9999.0,-9999.0,150.735992432,95.054770031318,39.0135230430448,261286.48,655855.33,12,8,150.736
NS65NW_3590,1,2_1,5.99032607034,-9999.0,-9999.0,-9999.0,149.895004272,87.0750032893172,37.4291899802513,261251.93,655854.0,12,8,149.895
NS65NW_3591,1,2_1,5.65958178237,-9999.0,-9999.0,-9999.0,149.977005005,209.848605111568,83.3217806384101,261267.37,655853.19,36,20,149.977
NS65NW_3592,1,2_1,3.90953058322,-9999.0,-9999.0,-9999.0,163.419998169,357.927612758418,123.747892523117,261572.04,655862.83,52,28,163.42
NS65NW_3593,1,2_1,5.53601533767,-9999.0,-9999.0,-9999.0,161.983001709,177.997441576113,57.665955940116,261459.99,655850.97,28,16,161.983
NS65NW_3594,1,2_1,5.39801348726,-9999.0,-9999.0,-9999.0,162.626998901,181.194447696633,56.3577252561795,261476.12,655848.31,28,16,162.627
NS65NW_3595,1,2_1,5.14829820456,-9999.0,-9999.0,-9999.0,163.39100647,154.247239676281,52.0822725967622,261490.73,655846.14,20,12,163.391
NS65NW_3596,1,2_1,5.50503043501,-9999.0,-9999.0,-9999.0,151.942001343,143.635651317486,51.5306837836194,261363.7,655844.22,28,16,151.942
NS65NW_3597,1,2_1,5.45370032988,-9999.0,-9999.0,-9999.0,163.48500061,175.083444738192,56.4414344540063,261506.63,655845.34,28,16,163.485
NS65NW_3601,1,2_1,5.91906911997,-9999.0,-9999.0,-9999.0,151.682006836,83.3816020790682,37.8567698433458,261371.48,655833.76,20,12,151.682
NS65NW_3602,1,2_1,4.33842557064,-9999.0,-9999.0,-9999.0,162.466003418,372.520511100941,141.997851716426,261530.24,655836.39,104,56,162.466
NS65NW_3603,1,2_1,5.9175596558,-9999.0,-9999.0,-9999.0,151.914993286,83.8925255412525,37.8619224277119,261383.76,655828.73,20,12,151.915
NS65NW_3604,1,2_1,6.13476183252,-9999.0,-9999.0,-9999.0,161.513168335,138.361478540854,52.9784336624927,261621.75,655831.94,36,20,161.513
NS65NW_3605,1,2_1,5.61060522917,-9999.0,-9999.0,-9999.0,150.335006714,136.928345220845,48.6548292838941,261300.22,655827.86,20,12,150.335
NS65NW_3606,1,2_1,4.34607472283,-9999.0,-9999.0,-9999.0,161.68800354,163.21310373008,55.6335302338819,261551.43,655827.09,20,12,161.688
NS65NW_3607,1,2_1,5.26291042858,-9999.0,-9999.0,-9999.0,160.770401001,139.225086939961,50.2695254574729,261602.63,655823.68,20,12,160.77
NS65NW_3608,1,2_1,5.43244432827,-9999.0,-9999.0,-9999.0,150.600006104,162.042539799855,59.2655189170263,261318.32,655822.3,28,16,150.6
NS65NW_3609,1,2_1,5.8389587032,-9999.0,-9999.0,-9999.0,151.98399353,108.125494912112,44.0090534885274,261394.1,655821.47,20,12,151.984
NS65NW_3612,1,2_1,5.72538150681,-9999.0,-9999.0,-9999.0,148.378311157,149.426322629588,57.3685974689301,261253.37,655816.94,28,16,148.378
NS65NW_3613,1,2_1,5.42828348757,-9999.0,-9999.0,-9999.0,152.361999512,134.626926940157,48.4626242241726,261407.09,655817.23,20,12,152.362
NS65NW_3614,1,2_1,5.51523742015,-9999.0,-9999.0,-9999.0,149.471252441,120.035315733862,60.9446583683941,261301.6,655813.36,36,20,149.471
NS65NW_3615,1,2_1,3.9098333471,-9999.0,-9999.0,-9999.0,149.742004395,39.8623217319037,27.081482720105,261321.65,655807.5,12,8,149.742
NS65NW_3616,1,2_1,5.35485203452,-9999.0,-9999.0,-9999.0,150.656005859,329.30252868601,119.484016566188,261340.08,655816.01,64,34,150.656
NS65NW_3617,1,2_1,5.67908485584,-9999.0,-9999.0,-9999.0,160.238006592,132.895336296777,49.2780725405448,261615.47,655810.27,28,16,160.238
NS65NW_3618,1,2_1,5.30687186583,-9999.0,-9999.0,-9999.0,148.742004395,134.204341227958,53.3181276174401,261261.62,655805.96,28,16,148.742
NS65NW_3621,1,2_1,5.43282156366,-9999.0,-9999.0,-9999.0,152.51600647,138.017590479079,49.1752983991066,261419.46,655805.65,20,12,152.516
NS65NW_3623,1,2_1,5.63259671274,-9999.0,-9999.0,-9999.0,150.48500061,179.548419200198,78.3059374675552,261362.37,655802.74,68,36,150.485
NS65NW_3625,1,2_1,5.56236798755,-9999.0,-9999.0,-9999.0,160.085998535,162.573866044921,58.753128630281,261630.99,655798.32,28,16,160.086
NS65NW_3627,1,2_1,5.92124830882,-9999.0,-9999.0,-9999.0,159.518997192,128.270096244737,53.5939326272527,261581.31,655799.1,32,18,159.519
NS65NW_3628,1,2_1,6.1384850753,-9999.0,-9999.0,-9999.0,152.316497803,99.73384226242,39.4728499421877,261428.27,655797.21,16,10,152.316
NS65NW_3629,1,2_1,4.61869133843,-9999.0,-9999.0,-9999.0,152.343597412,55.3746375018312,37.772189226606,261439.86,655795.99,16,10,152.344
NS65NW_3515,1,2_3,5.75817571315,-9999.0,-9999.0,-9999.0,183.558670044,781.136940720592,113.611534554402,261619.79,656965.19,12,8,183.559
NS65NW_3517,1,2_3,3.62766559975,-9999.0,-9999.0,-9999.0,173.957000732,768.750714770408,241.82188711665,261320.46,656967.42,92,48,173.957
NS65NW_3356,1,2_4,3.58374290113,-9999.0,-9999.0,-9999.0,203.220001221,447.747267589147,119.680952534014,261435.42,657848.64,68,36,203.22
NS65NW_3375,1,2_4,2.68935279207,-9999.0,-9999.0,-9999.0,199.611999512,95.5183385945394,46.1601788424721,261660.91,657705.85,20,12,199.612
NS65NW_3401,1,2_4,3.04669836091,-9999.0,-9999.0,-9999.0,197.51600647,91.2717373317347,38.3169563154317,261525.17,657604.65,12,8,197.516
NS65NW_3403,1,2_4,4.78376220254,-9999.0,-9999.0,-9999.0,197.026992798,39.9041103271787,28.5109191163121,261435.05,657595.95,20,12,197.027
NS65NW_3405,1,2_4,3.74055861915,-9999.0,-9999.0,-9999.0,197.018005371,759.147829989555,228.421530249863,261468.26,657605.51,132,68,197.018
NS65NW_3286,1,2_5,22.3422767094,-9999.0,-9999.0,-9999.0,191.20300293,30.5274037459161,22.1247554573747,261627.42,658570.87,12,8,191.203
NS65NW_3287,1,2_5,4.88861689074,-9999.0,-9999.0,-9999.0,190.035995483,168.416427863871,59.2671109632073,261615.33,658564.57,36,20,190.036
NS65NW_3288,1,2_5,4.19961189501,-9999.0,-9999.0,-9999.0,189.656005859,33.8041424974961,23.2607881983385,261622.77,658557.56,12,8,189.656
NS65NW_3323,1,2_5,5.19587551193,-9999.0,-9999.0,-9999.0,193.720001221,919.287780466434,147.732284150862,261654.7,658305.67,60,32,193.72
NS65NW_3327,1,2_5,3.7397137223,-9999.0,-9999.0,-9999.0,193.708999634,142.928180491184,48.6674313828509,261691.28,658277.31,12,8,193.709
NS65NW_3331,1,2_5,4.12090800517,-9999.0,-9999.0,-9999.0,195.009994507,94.9473052919455,39.0334645614187,261387.58,658250.89,12,8,195.01
NS65NW_1801,1,2_6,5.57613164728,-9999.0,-9999.0,-9999.0,100.526000977,131.312866028721,45.8767755386541,261608.53,659370.47,12,8,100.526
NS65NW_1806,1,2_6,6.07347762219,-9999.0,-9999.0,-9999.0,98.7829971313,208.41564098427,63.2073907891626,261543.33,659371.76,28,16,98.783
NS65NW_1819,1,2_6,7.07842048902,-9999.0,-9999.0,-9999.0,96.0439987183,158.850125220362,51.272186114201,261664.9,659364.04,12,8,96.044
NS65NW_1835,1,2_6,5.76402403952,-9999.0,-9999.0,-9999.0,83.3320007324,324.115549747896,79.8566638494143,261268.11,659359.53,20,12,83.332
NS65NW_1843,1,2_6,12.3566603459,-9999.0,-9999.0,-9999.0,82.6480026245,580.874682390415,142.387253030141,261317.79,659373.88,60,32,82.648
NS65NW_1860,1,2_6,11.3108766533,-9999.0,-9999.0,-9999.0,90.7129974365,618.601013572264,146.839318436712,261755.19,659361.8,60,32,90.713
NS65NW_1871,1,2_6,6.30018533485,-9999.0,-9999.0,-9999.0,102.544998169,239.683356393392,74.2823994899797,261571.95,659356.65,20,12,102.545
NS65NW_1877,1,2_6,5.57903142686,-9999.0,-9999.0,-9999.0,100.317710876,195.050130780776,57.2091001436225,261603.63,659351.1,12,8,100.318
NS65NW_1881,1,2_6,6.14755761154,-9999.0,-9999.0,-9999.0,92.2890014648,128.937456641354,47.3135980678306,261731.6,659346.14,28,16,92.289
NS65NW_1882,1,2_6,6.12760506645,-9999.0,-9999.0,-9999.0,92.0380020142,310.477911209111,83.1836256709761,261700.86,659352.57,52,28,92.038
NS65NW_1895,1,2_6,6.26601372371,-9999.0,-9999.0,-9999.0,98.8180007935,162.883358087526,52.6564164586204,261542.02,659340.06,12,8,98.818
NS65NW_1899,1,2_6,6.34273257622,-9999.0,-9999.0,-9999.0,94.2229995728,239.38189708768,65.6508158483565,261675.13,659340.39,12,8,94.223
NS65NW_1903,1,2_6,5.98775633326,-9999.0,-9999.0,-9999.0,97.4789962769,380.38078571312,86.9147456916969,261511.42,659339.29,12,8,97.479
NS65NW_1907,1,2_6,5.96203032032,-9999.0,-9999.0,-9999.0,96.6259994507,243.008421677383,66.1320205653206,261480.05,659337.9,12,8,96.626
NS65NW_1913,1,2_6,5.57773075295,-9999.0,-9999.0,-9999.0,95.3830032349,310.284685012351,78.1461396302454,261636.82,659343.45,12,8,95.383
NS65NW_1921,1,2_6,6.18909961649,-9999.0,-9999.0,-9999.0,91.2659988403,245.530722173045,68.4773871245007,261813.79,659334.9,12,8,91.266
NS65NW_1922,1,2_6,6.24375329513,-9999.0,-9999.0,-9999.0,91.25,242.806503315871,68.1488878053514,261855.09,659334.24,12,8,91.25
NS65NW_1931,1,2_6,6.33454803336,-9999.0,-9999.0,-9999.0,93.3399963379,120.034756168061,44.4311833108695,261730.39,659329.8,20,12,93.34
NS65NW_1934,1,2_6,6.45048030217,-9999.0,-9999.0,-9999.0,91.3379974365,173.254870411324,52.6818180291802,261833.7,659329.22,12,8,91.338
NS65NW_1941,1,2_6,6.6124129654,-9999.0,-9999.0,-9999.0,92.0159988403,186.216450182705,56.3222702779025,261778.26,659328.94,12,8,92.016
NS65NW_1943,1,2_6,5.59766067444,-9999.0,-9999.0,-9999.0,99.3570022583,202.324485604522,58.3763839554867,261568.88,659327.3,12,8,99.357
NS65NW_1950,1,2_6,10.0846527085,-9999.0,-9999.0,-9999.0,85.0859985352,1089.56258590997,237.186545877988,261391.59,659364.86,96,50,85.086
NS65NW_1977,1,2_6,5.61944524926,-9999.0,-9999.0,-9999.0,95.641998291,129.075513608943,45.5028501489911,261638.72,659311.87,12,8,95.642
NS65NW_1979,1,2_6,6.35650148865,-9999.0,-9999.0,-9999.0,93.7340011597,186.692850854909,61.6132284263921,261685.07,659310.62,12,8,93.734
NS65NW_1981,1,2_6,6.05327662026,-9999.0,-9999.0,-9999.0,95.8499984741,161.045059374091,50.8556485227899,261620.95,659311.46,12,8,95.85
NS65NW_1982,1,2_6,6.31535712375,-9999.0,-9999.0,-9999.0,93.5260009766,164.402611890124,58.4758823961424,261733.54,659314.23,24,14,93.526
NS65NW_1998,1,2_6,6.02687175743,-9999.0,-9999.0,-9999.0,98.7600021362,386.365468559846,87.4020391004744,261537.19,659306.77,28,16,98.76
NS65NW_2000,1,2_6,5.60309926091,-9999.0,-9999.0,-9999.0,97.9300003052,134.27419798407,47.1680833055966,261570.5,659306.74,20,12,97.93
NS65NW_2001,1,2_6,6.43040340182,-9999.0,-9999.0,-9999.0,93.2649993896,159.768881374932,50.5621037643696,261812.12,659306.14,12,8,93.265
NS65NW_2008,1,2_6,5.59157713608,-9999.0,-9999.0,-9999.0,99.8639984131,193.197371383658,56.9828537957964,261507.98,659303.06,12,8,99.864
NS65NW_2014,1,2_6,10.3984985563,-9999.0,-9999.0,-9999.0,91.1210021973,936.012448003814,202.301518552979,261354.62,659304.84,48,26,91.121
NS65NW_2017,1,2_6,6.00891348858,-9999.0,-9999.0,-9999.0,98.4390029907,310.919068257366,75.2434582823834,261479.68,659302.39,12,8,98.439
NS65NW_2021,1,2_6,5.60075868218,-9999.0,-9999.0,-9999.0,93.3970031738,225.089602525712,60.9646000031534,261855.27,659303.92,12,8,93.397
NS65NW_2028,1,2_6,6.33452957089,-9999.0,-9999.0,-9999.0,92.8509979248,246.704202621926,67.058821055857,261777.97,659303.77,16,10,92.851
NS65NW_2034,1,2_6,10.3270498755,-9999.0,-9999.0,-9999.0,90.9209976196,1110.40470204755,220.802079070325,261258.87,659306.98,12,8,90.921
NS65NW_2035,1,2_6,6.2347027931,-9999.0,-9999.0,-9999.0,94.4729995728,128.193909992126,47.1621612509564,261737.49,659297.52,28,16,94.473
NS65NW_2048,1,2_6,6.31098355745,-9999.0,-9999.0,-9999.0,94.1709976196,119.218905093182,45.6259483125286,261706.37,659294.64,12,8,94.171
NS65NW_2050,1,2_6,6.52762613978,-9999.0,-9999.0,-9999.0,95.358001709,116.010643747143,44.6871102520259,261667.53,659293.03,12,8,95.358
NS65NW_2073,1,2_6,6.3028305554,-9999.0,-9999.0,-9999.0,96.6340026855,234.022327527146,72.8668527474972,261627.96,659281.27,12,8,96.634
NS65NW_2080,1,2_6,4.52692410377,-9999.0,-9999.0,-9999.0,94.0490036011,196.963659484593,59.6455444999202,261810.59,659285.02,12,8,94.049
NS65NW_2081,1,2_6,6.27227325882,-9999.0,-9999.0,-9999.0,94.7870025635,181.978900754873,56.8286848644826,261833.36,659278.69,12,8,94.787
NS65NW_2082,1,2_6,6.43699408931,-9999.0,-9999.0,-9999.0,95.0849990845,164.743929771887,51.3421182928534,261854.8,659281.39,12,8,95.085
NS65NW_2091,1,2_6,6.45986969088,-9999.0,-9999.0,-9999.0,95.6630020142,169.40740984306,52.8731684248812,261754.76,659276.91,12,8,95.663
NS65NW_2096,1,2_6,6.42478617644,-9999.0,-9999.0,-9999.0,95.5970001221,165.279336575381,52.7596711973802,261775.03,659276.54,20,12,95.597
NS65NW_2108,1,2_6,5.46808375801,-9999.0,-9999.0,-9999.0,99.3050003052,134.840716178321,46.5465274048108,261480.54,659272.46,12,8,99.305
NS65NW_2110,1,2_6,6.4428161775,-9999.0,-9999.0,-9999.0,98.2229995728,204.429723937714,65.472269110863,261675.44,659269.09,12,8,98.223
NS65NW_2123,1,2_6,6.36050559694,-9999.0,-9999.0,-9999.0,96.5800018311,248.905525780453,65.1540261380766,261307.49,659266.42,12,8,96.58
NS65NW_2128,1,2_6,5.75717355632,-9999.0,-9999.0,-9999.0,96.7610015869,185.82909100206,57.3542663058515,261284.74,659264.39,28,16,96.761
NS65NW_2131,1,2_6,6.0771328371,-9999.0,-9999.0,-9999.0,96.8099975586,155.553454896989,49.8884833611139,261265.65,659263.89,12,8,96.81
NS65NW_2137,1,2_6,6.43974690565,-9999.0,-9999.0,-9999.0,95.2509994507,221.959388943506,70.7768014505253,261714.24,659268.09,12,8,95.251
NS65NW_2140,1,2_6,6.21166405465,-9999.0,-9999.0,-9999.0,96.4469985962,193.817239541149,57.0079094054441,261336.28,659260.71,12,8,96.447
NS65NW_2159,1,2_6,6.06255308057,-9999.0,-9999.0,-9999.0,96.3190002441,157.649878780938,50.2255971956177,261352.48,659250.34,12,8,96.319
NS65NW_2162,1,2_6,6.44735006019,-9999.0,-9999.0,-9999.0,95.4840011597,282.982756107843,85.0669045863911,261778.46,659247.07,12,8,95.484
NS65NW_2169,1,2_6,14.2662575324,-9999.0,-9999.0,-9999.0,100.930999756,250.830941020099,67.3729411308019,261634.8,659250.53,20,12,100.931
NS65NW_2170,1,2_6,6.33036397298,-9999.0,-9999.0,-9999.0,97.1070022583,232.588388203182,73.4612000532617,261740.95,659248.39,20,12,97.107
NS65NW_2171,1,2_6,5.85783966918,-9999.0,-9999.0,-9999.0,95.5090026855,217.555133172025,66.7954119438036,261812.18,659247.66,20,12,95.509
NS65NW_2172,1,2_6,6.45137154621,-9999.0,-9999.0,-9999.0,95.6859970093,291.110567962444,91.3991489392451,261844.33,659246.62,28,16,95.686
NS65NW_2187,1,2_6,6.32223530329,-9999.0,-9999.0,-9999.0,99.4710006714,217.41648289932,69.995919237887,261686.91,659245.18,28,16,99.471
NS65NW_2200,1,2_6,6.10314927514,-9999.0,-9999.0,-9999.0,96.7310028076,170.404014693819,55.0688596303401,261305.61,659234.13,20,12,96.731
NS65NW_2212,1,2_6,5.22441993541,-9999.0,-9999.0,-9999.0,97.0739974976,262.337255702279,78.5994305259659,261259.92,659227.39,28,16,97.074
NS65NW_2213,1,2_6,6.0449309052,-9999.0,-9999.0,-9999.0,96.93699646,157.320465692179,50.1769076955595,261333.99,659224.2,12,8,96.937
NS65NW_2214,1,2_6,14.179254463,-9999.0,-9999.0,-9999.0,101.298332214,247.876171130627,66.884365698891,261702.78,659224.73,20,12,101.298
NS65NW_2228,1,2_6,6.65692413039,-9999.0,-9999.0,-9999.0,100.990997314,296.364336872778,86.8709896282294,261738.49,659216.59,12,8,100.991
NS65NW_2229,1,2_6,6.70065285484,-9999.0,-9999.0,-9999.0,102.379997253,296.147324502067,86.8036328547111,261842.95,659216.17,12,8,102.38
NS65NW_2239,1,2_6,6.20546678068,-9999.0,-9999.0,-9999.0,97.2480010986,169.095529251351,52.5095271535651,261296.2,659215.48,12,8,97.248
NS65NW_2247,1,2_6,6.05348618304,-9999.0,-9999.0,-9999.0,97.5520019531,156.923391506405,50.2089923317636,261324.99,659209.97,16,10,97.552
NS65NW_2248,1,2_6,14.0689814076,-9999.0,-9999.0,-9999.0,106.0,252.09193014004,67.5019520621042,261652.28,659212.17,20,12,106.0
NS65NW_2253,1,2_6,6.2149789007,-9999.0,-9999.0,-9999.0,97.3850021362,193.858956619921,56.9589269567305,261251.5,659210.29,12,8,97.385
NS65NW_2277,1,2_6,7.00914321873,-9999.0,-9999.0,-9999.0,97.6139984131,149.708127132502,49.2937500512848,261279.46,659191.78,12,8,97.614
NS65NW_2291,1,2_6,6.37588502871,-9999.0,-9999.0,-9999.0,104.081001282,309.423002337739,94.5862870112261,261714.41,659183.36,28,16,104.081
NS65NW_2295,1,2_6,6.19328919539,-9999.0,-9999.0,-9999.0,104.879997253,260.801658496844,82.8116609770421,261752.07,659180.11,36,20,104.88
NS65NW_2296,1,2_6,6.06708840035,-9999.0,-9999.0,-9999.0,106.617996216,201.167940836185,61.7630419080972,261854.92,659180.27,12,8,106.618
NS65NW_2299,1,2_6,6.06507395929,-9999.0,-9999.0,-9999.0,107.601997375,255.205729645608,84.4735865962295,261823.19,659180.2,36,20,107.602
NS65NW_2300,1,2_6,6.35381264287,-9999.0,-9999.0,-9999.0,105.953315735,233.760505281596,78.4475689885351,261787.9,659179.48,36,20,105.953
NS65NW_2316,1,2_6,14.1028410191,-9999.0,-9999.0,-9999.0,112.46900177,247.054024427363,67.42844304031,261634.38,659176.31,28,16,112.469
NS65NW_2318,1,2_6,1.79091133942,-9999.0,-9999.0,-9999.0,105.381500244,38.961266252785,28.463785574661,261756.09,659169.75,16,10,105.382
NS65NW_2333,1,2_6,6.36825419389,-9999.0,-9999.0,-9999.0,107.375,302.241355847681,88.4583358811226,261680.62,659170.87,12,8,107.375
NS65NW_2336,1,2_6,6.43734362647,-9999.0,-9999.0,-9999.0,107.975997925,232.147900918222,72.0702108759673,261752.17,659156.55,12,8,107.976
NS65NW_2340,1,2_6,4.07105569113,-9999.0,-9999.0,-9999.0,108.226249695,556.346780017534,185.315133701481,261806.89,659161.08,84,44,108.226
NS65NW_2342,1,2_6,6.50967142493,-9999.0,-9999.0,-9999.0,109.068000793,289.66177811033,86.4144436183396,261712.63,659154.81,12,8,109.068
NS65NW_2353,1,2_6,7.43378801008,-9999.0,-9999.0,-9999.0,99.6119995117,150.468586591211,51.1229636092561,261270.07,659153.72,12,8,99.612
NS65NW_2354,1,2_6,7.19631933618,-9999.0,-9999.0,-9999.0,97.7170028687,565.005320417405,140.256989001495,261302.82,659173.11,12,8,97.717
NS65NW_2390,1,2_6,7.0473720836,-9999.0,-9999.0,-9999.0,98.3010025024,562.912157800659,140.228550561802,261329.1,659154.63,12,8,98.301
NS65NW_2404,1,2_6,13.0502980058,-9999.0,-9999.0,-9999.0,115.132003784,281.417713641064,88.0825556327876,261653.28,659130.53,60,32,115.132
NS65NW_2420,1,2_6,7.08531362123,-9999.0,-9999.0,-9999.0,99.2559967041,150.322236128617,51.1394686639809,261322.78,659117.4,12,8,99.256
NS65NW_2421,1,2_6,14.0477068376,-9999.0,-9999.0,-9999.0,112.245002747,247.138190854487,67.1689602566917,261710.54,659117.38,28,16,112.245
NS65NW_2510,1,2_6,6.22104129076,-9999.0,-9999.0,-9999.0,99.43699646,627.791733151556,132.192671880014,261348.74,659091.9,52,28,99.437
NS65NW_2570,1,2_6,6.62885180348,-9999.0,-9999.0,-9999.0,129.085998535,226.693846128866,76.8887174116461,261860.57,659066.01,12,8,129.086
NS65NW_2578,1,2_6,8.19251197043,-9999.0,-9999.0,-9999.0,99.5299987793,739.691965922311,138.779951172327,261307.23,659070.0,60,32,99.53
NS65NW_2631,1,2_6,7.53270779885,-9999.0,-9999.0,-9999.0,131.416000366,629.29967643865,177.675225283305,261790.31,659044.31,60,32,131.416
NS65NW_2648,1,2_6,9.10904775759,-9999.0,-9999.0,-9999.0,130.798797607,848.568155458951,200.991343951589,261850.8,659048.38,44,24,130.799
NS65NW_2680,1,2_6,9.05837632024,-9999.0,-9999.0,-9999.0,133.623001099,491.324810474387,122.97867121446,261792.91,659014.99,44,24,133.623
NS65NW_2726,1,2_6,10.2484796667,-9999.0,-9999.0,-9999.0,103.675003052,655.020809231775,143.198695516794,261320.75,659006.76,36,20,103.675
NS65NW_2789,1,2_6,7.55276375072,-9999.0,-9999.0,-9999.0,106.022003174,309.494449253382,74.554802136819,261340.36,658963.69,12,8,106.022
NS65NW_2830,1,2_6,9.95072401939,-9999.0,-9999.0,-9999.0,103.001998901,1049.91787470841,216.242104333956,261276.04,658959.92,44,24,103.002
NS65NW_2833,1,2_6,6.39303489669,-9999.0,-9999.0,-9999.0,106.353996277,246.20798747096,64.5826767828976,261343.47,658937.7,12,8,106.354
NS65NW_2879,1,2_6,6.5354122835,-9999.0,-9999.0,-9999.0,106.592002869,237.470961365474,63.5575724963026,261342.81,658914.69,12,8,106.592
NS65NW_2886,1,2_6,9.99720220018,-9999.0,-9999.0,-9999.0,103.361000061,754.529179157452,165.981654756031,261272.25,658912.71,60,32,103.361
NS65NW_2920,1,2_6,6.31405288295,-9999.0,-9999.0,-9999.0,107.482002258,157.362026054326,52.4704796604454,261337.93,658889.82,28,16,107.482
NS65NW_2929,1,2_6,6.36122050458,-9999.0,-9999.0,-9999.0,108.116996765,208.94050576154,59.0167971711928,261357.31,658885.16,12,8,108.117
NS65NW_2974,1,2_6,5.71466490396,-9999.0,-9999.0,-9999.0,108.100997925,154.580954633457,51.7276467625417,261327.77,658861.94,28,16,108.101
NS65NW_3010,1,2_6,5.85356708006,-9999.0,-9999.0,-9999.0,108.504997253,140.803932657161,47.5404014565039,261368.26,658845.88,12,8,108.505
NS65NW_3015,1,2_6,5.57610099588,-9999.0,-9999.0,-9999.0,108.713996887,150.966617606086,51.3770371215187,261318.63,658846.46,28,16,108.714
NS65NW_3019,1,2_6,6.19436454994,-9999.0,-9999.0,-9999.0,109.17099762,220.62291444851,60.5083420063997,261347.53,658843.11,12,8,109.171
NS65NW_10,1,2_7,5.07434323439,-9999.0,-9999.0,-9999.0,59.7480010986,256.237918403095,66.9826918419585,261798.52,659998.46,20,12,59.748
NS65NW_100,1,2_7,6.33521320809,-9999.0,-9999.0,-9999.0,60.8390007019,229.104317786043,69.5656543430847,261690.71,659965.46,12,8,60.839
NS65NW_1000,1,2_7,6.27285866356,-9999.0,-9999.0,-9999.0,72.2850036621,105.730977361489,41.321532003466,261384.98,659650.35,12,8,72.285
NS65NW_1003,1,2_7,5.66135588495,-9999.0,-9999.0,-9999.0,69.1409988403,350.298855196852,89.879354371079,261328.64,659661.89,28,16,69.141
NS65NW_1024,1,2_7,14.1501667468,-9999.0,-9999.0,-9999.0,74.7040023804,254.700635126802,71.6122151533003,261459.46,659647.32,28,16,74.704
NS65NW_1031,1,2_7,6.33707849136,-9999.0,-9999.0,-9999.0,76.2193984985,215.651823832288,66.1884213123704,261715.13,659641.54,12,8,76.219
NS65NW_1035,1,2_7,6.22747914523,-9999.0,-9999.0,-9999.0,77.6829986572,237.462114859516,72.803020215049,261531.48,659641.78,12,8,77.683
NS65NW_1036,1,2_7,5.25801803696,-9999.0,-9999.0,-9999.0,73.4079971313,145.85501229133,56.417174734556,261395.33,659638.66,28,16,73.408
NS65NW_1037,1,2_7,14.0283265711,-9999.0,-9999.0,-9999.0,78.2860031128,252.964107885252,69.2654060672713,261615.15,659640.37,36,20,78.286
NS65NW_1047,1,2_7,6.28790653538,-9999.0,-9999.0,-9999.0,80.1819992065,244.964174954509,73.7900088281141,261655.24,659631.75,20,12,80.182
NS65NW_1048,1,2_7,6.23766584497,-9999.0,-9999.0,-9999.0,68.4039993286,563.076150677743,150.105331573332,261282.06,659646.85,68,36,68.404
NS65NW_1054,1,2_7,6.44184652798,-9999.0,-9999.0,-9999.0,77.3970031738,199.292137513643,65.2533038639983,261741.94,659628.88,12,8,77.397
NS65NW_1062,1,2_7,6.17392621835,-9999.0,-9999.0,-9999.0,81.7570037842,245.112477620277,75.0418332939317,261581.75,659626.72,28,16,81.757
NS65NW_1064,1,2_7,4.98383533115,-9999.0,-9999.0,-9999.0,72.8912506104,417.294745777564,125.535339161198,261356.63,659628.97,76,40,72.891
NS65NW_1075,1,2_7,5.52063514927,-9999.0,-9999.0,-9999.0,72.3850021362,362.253071978287,91.6292561070419,261270.61,659619.27,28,16,72.385
NS65NW_1076,1,2_7,7.16303002172,-9999.0,-9999.0,-9999.0,79.7170028687,298.983266149734,87.1713366567562,261690.39,659620.26,12,8,79.717
NS65NW_1086,1,2_7,5.80115029608,-9999.0,-9999.0,-9999.0,74.9560012817,248.758838846201,78.0254833690133,261400.76,659616.55,28,16,74.956
NS65NW_1088,1,2_7,6.37187186174,-9999.0,-9999.0,-9999.0,78.5100021362,229.236453493661,71.6408945827248,261771.84,659614.79,12,8,78.51
NS65NW_1089,1,2_7,9.57510742479,-9999.0,-9999.0,-9999.0,79.7399978638,243.41468326316,72.8165027549392,261492.68,659618.46,28,16,79.74
NS65NW_1095,1,2_7,6.43243303143,-9999.0,-9999.0,-9999.0,83.0439987183,232.471956164305,72.5969869106928,261553.08,659612.87,12,8,83.044
NS65NW_1097,1,2_7,6.42410376764,-9999.0,-9999.0,-9999.0,79.0159988403,206.469707589496,65.7764668775548,261799.37,659609.21,12,8,79.016
NS65NW_11,1,2_7,2.46782399813,-9999.0,-9999.0,-9999.0,59.5800018311,63.4514962502809,32.3468236536497,261682.72,659992.69,16,10,59.58
NS65NW_1102,1,2_7,9.75974034019,-9999.0,-9999.0,-9999.0,78.7089996338,244.187132398639,68.0064878845748,261468.93,659612.34,12,8,78.709
NS65NW_1121,1,2_7,7.11553367798,-9999.0,-9999.0,-9999.0,81.2300033569,304.599297346736,87.9690920322108,261727.34,659601.39,20,12,81.23
NS65NW_1129,1,2_7,6.05810767222,-9999.0,-9999.0,-9999.0,75.341003418,232.774240397257,67.7141055509658,261414.31,659602.61,20,12,75.341
NS65NW_1136,1,2_7,6.38805565403,-9999.0,-9999.0,-9999.0,85.8089981079,237.384391023995,72.6537494512792,261667.62,659594.19,12,8,85.809
NS65NW_1154,1,2_7,14.0137993527,-9999.0,-9999.0,-9999.0,86.1539993286,256.336830388458,73.0018105750076,261589.42,659594.59,44,24,86.154
NS65NW_1159,1,2_7,6.99169668639,-9999.0,-9999.0,-9999.0,83.0230026245,318.791994734114,90.2268467373696,261763.73,659586.41,12,8,83.023
NS65NW_1170,1,2_7,9.71568676683,-9999.0,-9999.0,-9999.0,74.3570022583,508.116088188928,129.478486879636,261316.31,659595.86,68,36,74.357
NS65NW_1175,1,2_7,6.38887583352,-9999.0,-9999.0,-9999.0,86.5650024414,205.585097092795,69.5635281522655,261699.05,659579.29,28,16,86.565
NS65NW_1181,1,2_7,7.04619453254,-9999.0,-9999.0,-9999.0,83.4020004272,310.507754283568,88.2887381707843,261802.58,659578.57,12,8,83.402
NS65NW_119,1,2_7,5.60258460782,-9999.0,-9999.0,-9999.0,45.5320014954,205.671775696723,71.2335082715127,261265.44,659966.31,36,20,45.532
NS65NW_1190,1,2_7,6.36806806287,-9999.0,-9999.0,-9999.0,76.0640029907,237.017669482375,65.2045102454458,261420.62,659577.97,12,8,76.064
NS65NW_1194,1,2_7,9.37358453609,-9999.0,-9999.0,-9999.0,80.6910018921,626.313059263679,150.931046265578,261494.6,659584.79,60,32,80.691
NS65NW_1205,1,2_7,6.45261118048,-9999.0,-9999.0,-9999.0,75.34400177,505.998376950516,155.19009893833,261252.1,659573.12,64,36,75.344
NS65NW_1206,1,2_7,6.57852908927,-9999.0,-9999.0,-9999.0,76.0120010376,149.209417716416,51.3466585974514,261324.37,659570.52,20,12,76.012
NS65NW_1208,1,2_7,9.90681474187,-9999.0,-9999.0,-9999.0,74.8899993896,580.232498665666,133.331450033267,261353.99,659582.83,36,20,74.89
NS65NW_1244,1,2_7,11.3947525344,-9999.0,-9999.0,-9999.0,91.4160003662,248.895879567074,66.9808082250971,261693.74,659551.54,20,12,91.416
NS65NW_1249,1,2_7,6.3892343048,-9999.0,-9999.0,-9999.0,76.7740020752,164.451712092198,53.5531697709113,261296.24,659547.09,12,8,76.774
NS65NW_1252,1,2_7,9.52561442337,-9999.0,-9999.0,-9999.0,82.9810028076,467.13976790277,116.152153676001,261516.89,659556.84,36,20,82.981
NS65NW_1259,1,2_7,2.07903252608,-9999.0,-9999.0,-9999.0,89.4440002441,164.399611764899,67.879454654257,261604.72,659546.04,12,8,89.444
NS65NW_126,1,2_7,6.31126137266,-9999.0,-9999.0,-9999.0,61.0680007935,218.578514583457,68.1236138848242,261721.39,659960.59,12,8,61.068
NS65NW_1285,1,2_7,11.4530475354,-9999.0,-9999.0,-9999.0,89.7509994507,246.417618070606,66.8110011750001,261649.25,659533.61,20,12,89.751
NS65NW_1305,1,2_7,6.18747502141,-9999.0,-9999.0,-9999.0,78.56300354,166.960997408508,54.2811400391032,261303.99,659522.31,12,8,78.563
NS65NW_1319,1,2_7,7.36784401325,-9999.0,-9999.0,-9999.0,90.7450027466,154.754142431687,50.771113701742,261872.4,659518.65,12,8,90.745
NS65NW_1323,1,2_7,6.17829841563,-9999.0,-9999.0,-9999.0,76.8619995117,512.128217933142,154.159595178668,261338.47,659535.33,72,38,76.862
NS65NW_1324,1,2_7,9.41451897034,-9999.0,-9999.0,-9999.0,85.1520004272,634.801443215773,158.01522968142,261542.46,659532.01,76,40,85.152
NS65NW_1334,1,2_7,6.04438541685,-9999.0,-9999.0,-9999.0,76.2345504761,564.37111013931,165.10871645503,261260.06,659531.52,104,54,76.234
NS65NW_1339,1,2_7,11.622087838,-9999.0,-9999.0,-9999.0,88.6179962158,254.825519979165,67.8178900004617,261696.93,659512.39,20,12,88.618
NS65NW_1372,1,2_7,2.13787510003,-9999.0,-9999.0,-9999.0,88.966003418,104.412926970255,48.0124993085669,261655.08,659500.33,12,8,88.966
NS65NW_1374,1,2_7,5.77917480469,-9999.0,-9999.0,-9999.0,85.7379989624,307.142208977541,75.6586692638449,261482.46,659507.18,16,10,85.738
NS65NW_1384,1,2_7,9.40922475706,-9999.0,-9999.0,-9999.0,87.5999984741,469.129068159547,117.685304590469,261574.78,659513.09,44,24,87.6
NS65NW_1405,1,2_7,6.31400830522,-9999.0,-9999.0,-9999.0,90.3219985962,244.118804428504,67.5947733419097,261860.33,659495.39,20,12,90.322
NS65NW_1421,1,2_7,6.24194352598,-9999.0,-9999.0,-9999.0,78.983001709,639.903073491577,180.382868268638,261298.75,659489.58,80,42,78.983
NS65NW_1422,1,2_7,10.1635793211,-9999.0,-9999.0,-9999.0,77.1816711426,856.346922581562,178.063296024098,261375.37,659516.16,20,12,77.182
NS65NW_1429,1,2_7,6.97312708858,-9999.0,-9999.0,-9999.0,86.6409988403,204.017384599394,65.2297678566884,261506.77,659486.42,12,8,86.641
NS65NW_1434,1,2_7,6.9844413685,-9999.0,-9999.0,-9999.0,87.9329986572,106.467510711118,42.1027198955141,261532.05,659480.25,12,8,87.933
NS65NW_1435,1,2_7,9.36382403343,-9999.0,-9999.0,-9999.0,88.5410003662,473.899864174859,117.287334464757,261599.46,659491.34,44,24,88.541
NS65NW_1459,1,2_7,9.41795846262,-9999.0,-9999.0,-9999.0,88.202003479,237.121148289196,68.3193876790102,261671.75,659478.94,28,16,88.202
NS65NW_1465,1,2_7,6.30441631715,-9999.0,-9999.0,-9999.0,90.1019973755,163.993526179068,54.3448466586503,261858.0,659473.99,28,16,90.102
NS65NW_1513,1,2_7,9.17610059524,-9999.0,-9999.0,-9999.0,89.0839996338,480.925489622721,120.298974072623,261639.37,659472.27,44,24,89.084
NS65NW_1529,1,2_7,8.9708709882,-9999.0,-9999.0,-9999.0,81.3310012817,713.354659224283,164.415388836272,261353.72,659460.93,60,32,81.331
NS65NW_1534,1,2_7,6.66570136884,-9999.0,-9999.0,-9999.0,89.4599990845,253.960001154525,76.4632311116847,261512.39,659454.97,28,16,89.46
NS65NW_155,1,2_7,6.28688606262,-9999.0,-9999.0,-9999.0,60.9459991455,234.165761438844,70.2510089313236,261751.46,659954.44,12,8,60.946
NS65NW_1556,1,2_7,9.35288020312,-9999.0,-9999.0,-9999.0,88.4879989624,238.014240162066,70.5221135737632,261670.56,659451.92,28,16,88.488
NS65NW_1560,1,2_7,7.01656589524,-9999.0,-9999.0,-9999.0,89.658996582,314.687506944805,90.2095054617993,261544.9,659455.98,20,12,89.659
NS65NW_1564,1,2_7,6.93574172523,-9999.0,-9999.0,-9999.0,91.0569992065,206.060872299787,65.5366108135309,261572.61,659448.43,12,8,91.057
NS65NW_1569,1,2_7,6.22193100873,-9999.0,-9999.0,-9999.0,90.125,252.175879676002,68.4911228085275,261865.69,659443.82,20,12,90.125
NS65NW_1570,1,2_7,8.56553413992,-9999.0,-9999.0,-9999.0,81.6760025024,730.289761615501,166.593160454291,261280.51,659444.67,60,32,81.676
NS65NW_1575,1,2_7,6.97200726904,-9999.0,-9999.0,-9999.0,91.7369995117,107.920265070179,42.4435522610662,261600.19,659440.27,12,8,91.737
NS65NW_1599,1,2_7,6.36714476889,-9999.0,-9999.0,-9999.0,92.4589996338,186.317096749386,60.2681925802697,261489.28,659433.01,20,12,92.459
NS65NW_161,1,2_7,6.22817803141,-9999.0,-9999.0,-9999.0,57.0960006714,139.701902971494,49.8159215778166,261570.53,659952.95,12,8,57.096
NS65NW_1611,1,2_7,6.90043839954,-9999.0,-9999.0,-9999.0,93.7969970703,106.540895618112,42.1951063843996,261563.25,659430.22,12,8,93.797
NS65NW_1643,1,2_7,9.75843412165,-9999.0,-9999.0,-9999.0,83.3330001831,522.043440596252,124.324689546589,261364.51,659420.78,44,24,83.333
NS65NW_1644,1,2_7,6.27588466049,-9999.0,-9999.0,-9999.0,94.0100021362,253.330204705461,73.9792311889809,261514.96,659419.18,12,8,94.01
NS65NW_1651,1,2_7,7.10531419173,-9999.0,-9999.0,-9999.0,92.1279983521,205.996818377231,65.5216326232909,261622.69,659422.59,12,8,92.128
NS65NW_1652,1,2_7,6.81149364571,-9999.0,-9999.0,-9999.0,93.3970031738,230.608588579387,74.4848719846413,261590.43,659422.71,28,16,93.397
NS65NW_1654,1,2_7,7.20395487419,-9999.0,-9999.0,-9999.0,92.483001709,107.283444701713,42.2879264714861,261649.52,659416.22,12,8,92.483
NS65NW_1681,1,2_7,6.39871303405,-9999.0,-9999.0,-9999.0,89.9160003662,1921.7658007868,179.723965465594,261824.76,659430.03,28,16,89.916
NS65NW_1696,1,2_7,7.11265583947,-9999.0,-9999.0,-9999.0,96.2509994507,108.054524748009,42.5102785151507,261613.15,659403.97,12,8,96.251
NS65NW_1701,1,2_7,6.32431930832,-9999.0,-9999.0,-9999.0,97.0110015869,249.476224862228,74.2342756887843,261543.36,659404.01,12,8,97.011
NS65NW_1704,1,2_7,5.47705999649,-9999.0,-9999.0,-9999.0,89.9240036011,912.335913470994,158.624767657355,261873.81,659405.3,44,24,89.924
NS65NW_1717,1,2_7,5.50309107775,-9999.0,-9999.0,-9999.0,94.2730026245,194.631397138403,57.820519426992,261483.17,659398.29,20,12,94.273
NS65NW_1722,1,2_7,6.14750875979,-9999.0,-9999.0,-9999.0,91.7519989014,192.3144025407,58.3091732149309,261674.17,659395.71,36,20,91.752
NS65NW_1738,1,2_7,6.22423582891,-9999.0,-9999.0,-9999.0,91.6500015259,187.850201525757,56.5899896074349,261695.28,659390.46,20,12,91.65
NS65NW_1750,1,2_7,6.30231865135,-9999.0,-9999.0,-9999.0,100.087997437,235.11249833577,72.797946682164,261572.62,659388.52,12,8,100.088
NS65NW_1753,1,2_7,6.98594724694,-9999.0,-9999.0,-9999.0,94.4169998169,256.221605071547,80.3804206229743,261642.88,659393.84,52,28,94.417
NS65NW_1756,1,2_7,6.17682732311,-9999.0,-9999.0,-9999.0,91.5520019531,130.052880901908,47.3754892335965,261713.72,659385.97,28,16,91.552
NS65NW_1767,1,2_7,9.61878310229,-9999.0,-9999.0,-9999.0,80.0759963989,757.377691790495,164.409307362477,261291.06,659397.64,40,22,80.076
NS65NW_1786,1,2_7,5.46089519552,-9999.0,-9999.0,-9999.0,95.8199996948,136.09700640696,51.7738122674828,261485.4,659377.37,28,16,95.82
NS65NW_1800,1,2_7,5.53238842236,-9999.0,-9999.0,-9999.0,97.8598327637,306.361067061127,77.9026031465231,261512.55,659377.52,12,8,97.86
NS65NW_1825,1,2_7,12.3097482214,-9999.0,-9999.0,-9999.0,83.2679977417,582.855576392595,142.392058962952,261350.07,659379.63,60,32,83.268
NS65NW_186,1,2_7,4.78590049128,-9999.0,-9999.0,-9999.0,61.2620010376,158.576711967679,50.9925985084464,261788.16,659943.75,20,12,61.262
NS65NW_198,1,2_7,4.55795339468,-9999.0,-9999.0,-9999.0,59.5009994507,190.400543309254,58.2444279094182,261851.24,659939.6,20,12,59.501
NS65NW_2,1,2_7,2.41011470073,-9999.0,-9999.0,-9999.0,60.9478683472,37.7825099970355,25.1232739971095,261855.34,659997.15,12,8,60.948
NS65NW_203,1,2_7,6.19482036127,-9999.0,-9999.0,-9999.0,57.3880004883,141.361789972714,50.2779375408973,261556.56,659936.74,20,12,57.388
NS65NW_206,1,2_7,6.73259598134,-9999.0,-9999.0,-9999.0,65.3639984131,145.390956229866,50.6405491844344,261656.7,659933.76,12,8,65.364
NS65NW_217,1,2_7,4.68485095706,-9999.0,-9999.0,-9999.0,59.6049995422,279.288949287674,74.8499206683967,261874.55,659934.87,28,16,59.605
NS65NW_219,1,2_7,6.59403583424,-9999.0,-9999.0,-9999.0,64.0869979858,143.452371134882,50.3200036142183,261626.79,659931.11,12,8,64.087
NS65NW_221,1,2_7,6.06622658083,-9999.0,-9999.0,-9999.0,47.4780006409,99.8113401775394,43.8074000161665,261250.63,659931.75,28,16,47.478
NS65NW_227,1,2_7,6.56411572137,-9999.0,-9999.0,-9999.0,66.4100036621,147.993372540999,52.7093076213535,261677.68,659929.78,20,12,66.41
NS65NW_229,1,2_7,4.66272765402,-9999.0,-9999.0,-9999.0,59.486000061,410.42033069879,106.052712938234,261822.22,659938.5,68,36,59.486
NS65NW_24,1,2_7,6.25165160399,-9999.0,-9999.0,-9999.0,51.5709991455,428.222305842921,122.94746302402,261516.81,659996.75,36,20,51.571
NS65NW_244,1,2_7,4.76551528149,-9999.0,-9999.0,-9999.0,64.1139984131,171.019662161772,54.4966748387205,261782.4,659925.51,20,12,64.114
NS65NW_253,1,2_7,6.6237978582,-9999.0,-9999.0,-9999.0,68.2969970703,221.159342605,68.5818706132783,261702.7,659923.42,12,8,68.297
NS65NW_278,1,2_7,6.90667467162,-9999.0,-9999.0,-9999.0,63.46900177,218.432583862606,68.1844895464362,261602.11,659920.69,12,8,63.469
NS65NW_286,1,2_7,6.58579650706,-9999.0,-9999.0,-9999.0,67.766998291,230.216259756306,69.3642611901526,261732.3,659915.96,12,8,67.767
NS65NW_292,1,2_7,5.3143318053,-9999.0,-9999.0,-9999.0,57.5849990845,179.814020330409,62.5253286778894,261544.15,659917.86,36,20,57.585
NS65NW_3,1,2_7,2.09788610018,-9999.0,-9999.0,-9999.0,60.7729988098,34.2460349982264,23.4639921406362,261832.09,659996.74,12,8,60.773
NS65NW_300,1,2_7,5.22106204422,-9999.0,-9999.0,-9999.0,63.3969993591,183.234570697687,54.1468109842372,261816.33,659913.36,12,8,63.397
NS65NW_327,1,2_7,4.59217092052,-9999.0,-9999.0,-9999.0,66.1179962158,215.328947048874,64.6323349928763,261776.87,659906.96,28,16,66.118
NS65NW_338,1,2_7,11.8040871113,-9999.0,-9999.0,-9999.0,52.6818580627,686.064853316488,163.967039731882,261503.35,659926.26,36,20,52.682
NS65NW_343,1,2_7,2.1177960968,-9999.0,-9999.0,-9999.0,63.6529998779,30.3001537460208,26.8226391966137,261866.92,659898.04,16,10,63.653
NS65NW_364,1,2_7,5.28662287238,-9999.0,-9999.0,-9999.0,64.9560012817,166.05661924338,53.5956900340143,261812.81,659898.65,28,16,64.956
NS65NW_371,1,2_7,5.95090568374,-9999.0,-9999.0,-9999.0,46.4630012512,696.586853537202,200.739532507893,261278.56,659924.42,128,66,46.463
NS65NW_376,1,2_7,6.64962342098,-9999.0,-9999.0,-9999.0,62.8629989624,220.949181093115,68.9799989281503,261577.94,659899.82,12,8,62.863
NS65NW_379,1,2_7,6.42533490887,-9999.0,-9999.0,-9999.0,59.0810012817,137.568147003485,49.0670360544553,261549.8,659895.79,12,8,59.081
NS65NW_38,1,2_7,6.27314345948,-9999.0,-9999.0,-9999.0,50.0690002441,228.63099533541,69.7313180321166,261477.17,659986.01,12,8,50.069
NS65NW_381,1,2_7,3.0881370418,-9999.0,-9999.0,-9999.0,64.7379989624,47.4590735020186,29.8360689528255,261827.93,659892.67,12,8,64.738
NS65NW_388,1,2_7,6.0332493489,-9999.0,-9999.0,-9999.0,64.1370010376,185.930331800975,59.0845222594956,261840.2,659892.38,20,12,64.137
NS65NW_394,1,2_7,6.2122446719,-9999.0,-9999.0,-9999.0,67.5749969482,293.884212667599,82.5395626649411,261623.97,659889.99,12,8,67.575
NS65NW_399,1,2_7,5.88397428725,-9999.0,-9999.0,-9999.0,63.9339981079,167.458874115722,56.0327273321721,261856.19,659888.91,20,12,63.934
NS65NW_406,1,2_7,6.82607410409,-9999.0,-9999.0,-9999.0,63.8390007019,136.793326935778,48.1789384463531,261873.31,659883.15,20,12,63.839
NS65NW_447,1,2_7,4.82855769566,-9999.0,-9999.0,-9999.0,68.6309967041,156.914732214146,50.1093013061152,261770.45,659872.57,12,8,68.631
NS65NW_455,1,2_7,9.58755673609,-9999.0,-9999.0,-9999.0,70.6350021362,469.86686748183,110.191330967949,261658.6,659885.89,12,8,70.635
NS65NW_460,1,2_7,6.39175625237,-9999.0,-9999.0,-9999.0,66.0820007324,199.656351092727,64.0649039534297,261594.48,659872.86,12,8,66.082
NS65NW_463,1,2_7,5.87158811729,-9999.0,-9999.0,-9999.0,50.3709983826,279.610696123257,79.8346143238761,261274.81,659874.48,20,12,50.371
NS65NW_482,1,2_7,4.77532687479,-9999.0,-9999.0,-9999.0,67.6940002441,202.763120499043,62.068568759761,261807.08,659859.79,28,16,67.694
NS65NW_485,1,2_7,4.66662561787,-9999.0,-9999.0,-9999.0,66.9400024414,202.52743726829,58.4504519618146,261825.97,659858.32,20,12,66.94
NS65NW_492,1,2_7,6.13011908424,-9999.0,-9999.0,-9999.0,67.4800033569,174.210540465896,59.4313699351884,261616.97,659853.63,28,16,67.48
NS65NW_493,1,2_7,4.66753194597,-9999.0,-9999.0,-9999.0,66.4990005493,181.944880698563,56.0537892328544,261842.63,659854.65,20,12,66.499
NS65NW_50,1,2_7,6.39041492981,-9999.0,-9999.0,-9999.0,46.7960014343,448.310689945048,120.741666570479,261434.89,659982.75,28,16,46.796
NS65NW_507,1,2_7,6.24619134197,-9999.0,-9999.0,-9999.0,69.3730010986,114.516353040503,43.8314854055182,261637.44,659848.33,12,8,69.373
NS65NW_513,1,2_7,6.24740064978,-9999.0,-9999.0,-9999.0,71.3460006714,115.013764835421,43.8700133396827,261655.91,659846.21,12,8,71.346
NS65NW_518,1,2_7,4.62587447412,-9999.0,-9999.0,-9999.0,66.0500030518,502.047003020184,100.277378186767,261865.64,659848.27,44,24,66.05
NS65NW_530,1,2_7,9.67460657266,-9999.0,-9999.0,-9999.0,71.5009994507,700.591046191017,153.265978785469,261689.8,659867.81,12,8,71.501
NS65NW_535,1,2_7,2.30236184792,-9999.0,-9999.0,-9999.0,68.7409973145,33.1432338949524,24.0928630171732,261821.17,659835.65,12,8,68.741
NS65NW_545,1,2_7,6.43921769007,-9999.0,-9999.0,-9999.0,70.7220001221,565.040779235672,147.986615907518,261721.09,659862.53,20,12,70.722
NS65NW_548,1,2_7,4.05463931296,-9999.0,-9999.0,-9999.0,68.75,223.38296156457,71.9651682685053,261798.51,659837.8,44,24,68.75
NS65NW_567,1,2_7,4.23405763362,-9999.0,-9999.0,-9999.0,69.6620025635,576.569854601773,163.033226920965,261761.44,659842.33,84,44,69.662
NS65NW_592,1,2_7,4.80380121867,-9999.0,-9999.0,-9999.0,69.6100006104,153.124913788737,49.5260508279707,261793.5,659820.82,12,8,69.61
NS65NW_610,1,2_7,5.84626664123,-9999.0,-9999.0,-9999.0,69.0839996338,164.206611217849,57.1705079245161,261821.89,659813.88,28,16,69.084
NS65NW_614,1,2_7,6.18065897624,-9999.0,-9999.0,-9999.0,68.6439971924,203.534478721591,62.7773443962974,261848.24,659809.87,12,8,68.644
NS65NW_616,1,2_7,1.99989281003,-9999.0,-9999.0,-9999.0,71.6829986572,131.464198811532,58.2757515263462,261716.47,659806.87,12,8,71.683
NS65NW_62,1,2_7,4.63330340425,-9999.0,-9999.0,-9999.0,59.3409996033,155.144224372679,50.5515902646448,261832.52,659979.8,12,8,59.341
NS65NW_640,1,2_7,5.92192970202,-9999.0,-9999.0,-9999.0,69.9619979858,213.266678909808,66.3268696092056,261747.33,659798.96,20,12,69.962
NS65NW_650,1,2_7,6.2895479228,-9999.0,-9999.0,-9999.0,69.3150024414,94.6446034150301,39.175524420011,261768.96,659793.66,12,8,69.315
NS65NW_672,1,2_7,5.88657137157,-9999.0,-9999.0,-9999.0,68.2429962158,224.354395649912,70.010271946902,261790.76,659786.61,20,12,68.243
NS65NW_678,1,2_7,5.68673230478,-9999.0,-9999.0,-9999.0,68.2610015869,118.764684895541,46.8898760974363,261812.62,659782.5,20,12,68.261
NS65NW_68,1,2_7,5.81760640611,-9999.0,-9999.0,-9999.0,59.5320014954,206.372742618816,58.725768406526,261793.87,659977.62,20,12,59.532
NS65NW_685,1,2_7,6.11510949064,-9999.0,-9999.0,-9999.0,68.3099975586,228.247060737477,68.278965515395,261836.21,659779.8,16,10,68.31
NS65NW_722,1,2_7,5.88381782233,-9999.0,-9999.0,-9999.0,67.2509994507,108.700178335846,41.9018605222792,261853.73,659763.54,12,8,67.251
NS65NW_73,1,2_7,4.27964211544,-9999.0,-9999.0,-9999.0,59.3300018311,189.480002733976,62.9724160369135,261850.74,659976.81,36,20,59.33
NS65NW_745,1,2_7,6.01142995317,-9999.0,-9999.0,-9999.0,65.2289962769,293.204378880468,90.9160429381769,261832.68,659754.34,36,20,65.229
NS65NW_776,1,2_7,2.67561396846,-9999.0,-9999.0,-9999.0,64.2310028076,22.7202000013096,21.9174735885718,261361.57,659737.27,8,6,64.231
NS65NW_778,1,2_7,6.31685286098,-9999.0,-9999.0,-9999.0,65.9940032959,148.508479395195,52.2083365388945,261525.96,659739.78,20,12,65.994
NS65NW_8,1,2_7,6.15146717775,-9999.0,-9999.0,-9999.0,54.3930015564,113.807581109959,43.8790320658972,261551.89,659997.26,12,8,54.393
NS65NW_801,1,2_7,6.2298540578,-9999.0,-9999.0,-9999.0,66.7730026245,147.837218387586,52.9432211882376,261546.47,659730.65,20,12,66.773
NS65NW_815,1,2_7,3.74490407649,-9999.0,-9999.0,-9999.0,65.2836227417,38.7535837526849,25.6327252743799,261267.05,659721.49,12,8,65.284
NS65NW_827,1,2_7,6.70962631516,-9999.0,-9999.0,-9999.0,67.547996521,149.727720268811,51.153732885376,261566.78,659719.72,12,8,67.548
NS65NW_829,1,2_7,8.25044433847,-9999.0,-9999.0,-9999.0,64.077003479,936.287306885552,183.773298988584,261473.41,659735.23,92,48,64.077
NS65NW_832,1,2_7,4.37079104775,-9999.0,-9999.0,-9999.0,64.93800354,124.343896297066,46.3229155555344,261357.85,659719.07,20,12,64.938
NS65NW_854,1,2_7,4.92192700883,-9999.0,-9999.0,-9999.0,65.0189971924,171.968721373206,81.5618312321826,261336.22,659712.93,48,26,65.019
NS65NW_865,1,2_7,6.07126491152,-9999.0,-9999.0,-9999.0,67.9280014038,78.1045611813671,37.6654774590577,261364.49,659705.54,20,12,67.928
NS65NW_868,1,2_7,2.31413134046,-9999.0,-9999.0,-9999.0,68.5439987183,97.1350502331944,45.6520553023174,261531.49,659707.09,12,8,68.544
NS65NW_870,1,2_7,6.40943434857,-9999.0,-9999.0,-9999.0,67.7109985352,232.968053299455,72.5754638110649,261516.38,659711.1,12,8,67.711
NS65NW_871,1,2_7,2.00352985503,-9999.0,-9999.0,-9999.0,69.0179977417,59.0673262473613,36.815471952793,261543.16,659704.2,12,8,69.018
NS65NW_88,1,2_7,6.41276069217,-9999.0,-9999.0,-9999.0,59.6850013733,137.075341300795,49.17603748929,261631.88,659970.34,12,8,59.685
NS65NW_886,1,2_7,6.29545319029,-9999.0,-9999.0,-9999.0,69.5370025635,241.069673029715,72.6045011935863,261584.75,659704.39,12,8,69.537
NS65NW_89,1,2_7,4.72897644625,-9999.0,-9999.0,-9999.0,59.2290000916,167.941666688019,51.8434938322942,261867.6,659971.74,12,8,59.229
NS65NW_9,1,2_7,2.1160911142,-9999.0,-9999.0,-9999.0,60.6910018921,21.8919825017624,21.3594748854882,261872.18,659991.79,8,6,60.691
NS65NW_902,1,2_7,6.13251844205,-9999.0,-9999.0,-9999.0,68.2450027466,80.7848414158509,40.2852436467603,261361.45,659691.98,20,12,68.245
NS65NW_906,1,2_7,5.37629526881,-9999.0,-9999.0,-9999.0,67.5299987793,390.238205114618,100.439844488401,261297.96,659693.36,44,24,67.53
NS65NW_907,1,2_7,4.07659490892,-9999.0,-9999.0,-9999.0,69.2220001221,194.324219341521,56.0507273493781,261479.53,659690.32,12,8,69.222
NS65NW_91,1,2_7,6.13941897416,-9999.0,-9999.0,-9999.0,56.8050003052,253.240645039376,79.0114038208214,261591.1,659971.32,28,16,56.805
NS65NW_914,1,2_7,13.9844068026,-9999.0,-9999.0,-9999.0,70.9789962769,245.76867366226,66.7839851912411,261615.69,659690.82,28,16,70.979
NS65NW_919,1,2_7,6.27872933101,-9999.0,-9999.0,-9999.0,72.3550033569,247.333805140392,73.1735254383117,261558.1,659686.91,16,10,72.355
NS65NW_92,1,2_7,6.20161375359,-9999.0,-9999.0,-9999.0,60.6500015259,224.29616886203,68.9573893079545,261658.73,659967.56,12,8,60.65
NS65NW_936,1,2_7,2.41294247138,-9999.0,-9999.0,-9999.0,70.76978302,132.089988726343,62.8356854212207,261462.47,659677.13,28,16,70.77
NS65NW_941,1,2_7,2.23244192086,-9999.0,-9999.0,-9999.0,72.0667266846,43.6641356948574,30.7611734255026,261483.75,659673.67,12,8,72.067
NS65NW_944,1,2_7,6.24322387582,-9999.0,-9999.0,-9999.0,69.6689987183,140.827078859192,51.4689358748616,261368.33,659677.61,28,16,69.669
NS65NW_945,1,2_7,6.27101991215,-9999.0,-9999.0,-9999.0,73.513999939,236.160947708129,72.6079146633976,261528.41,659676.97,12,8,73.514
NS65NW_957,1,2_7,14.0716845339,-9999.0,-9999.0,-9999.0,72.2740020752,252.486187005025,69.237397639216,261655.19,659672.89,36,20,72.274
NS65NW_970,1,2_7,6.4289212844,-9999.0,-9999.0,-9999.0,71.0429992676,130.510234244772,45.7362838835975,261375.81,659663.72,12,8,71.043
NS65NW_984,1,2_7,13.2522691524,-9999.0,-9999.0,-9999.0,74.4216384888,274.078661866209,81.8689162952454,261498.9,659661.33,52,28,74.422
NS65NW_989,1,2_7,6.27700993943,-9999.0,-9999.0,-9999.0,75.3399963379,237.8584235134,72.7125747597897,261559.93,659656.86,12,8,75.34
NS65NW_990,1,2_7,6.41448367276,-9999.0,-9999.0,-9999.0,74.4329986572,212.19205861306,66.7300062089564,261688.64,659654.42,12,8,74.433
NS65NW_3349,1,3_4,4.58821421507,-9999.0,-9999.0,-9999.0,197.878204346,96.5573587129949,42.9669893156616,262452.93,657890.97,28,16,197.878
NS65NW_3351,1,3_4,4.83858509879,-9999.0,-9999.0,-9999.0,198.690002441,252.760089085492,77.2490595885638,262395.0,657863.28,44,24,198.69
NS65NW_3354,1,3_4,3.49073861433,-9999.0,-9999.0,-9999.0,200.20300293,222.286211744291,70.9967939303356,262471.79,657853.83,32,18,200.203
NS65NW_3355,1,3_4,3.4571294267,-9999.0,-9999.0,-9999.0,200.300643921,40.2989033200113,29.8069162643559,262475.69,657840.87,20,12,200.301
NS65NW_3359,1,3_4,4.50629449721,-9999.0,-9999.0,-9999.0,198.695007324,209.433196740244,72.5282452600805,262405.17,657833.62,44,24,198.695
NS65NW_3362,1,3_4,3.3207494216,-9999.0,-9999.0,-9999.0,199.029006958,365.035866308437,81.7416325055014,262470.27,657812.32,20,12,199.029
NS65NW_3364,1,3_4,4.27951846305,-9999.0,-9999.0,-9999.0,198.404998779,269.209922187978,80.5056337148012,262414.28,657804.68,52,28,198.405
NS65NW_3367,1,3_4,4.94665210225,-9999.0,-9999.0,-9999.0,197.397994995,190.654120056425,55.5088498718036,262463.92,657777.45,12,8,197.398
NS65NW_3176,1,3_5,5.50948960072,-9999.0,-9999.0,-9999.0,138.957000732,159.247965704565,50.9156124312861,262446.11,658747.84,12,8,138.957
NS65NW_3177,1,3_5,5.05252381685,-9999.0,-9999.0,-9999.0,144.548995972,179.752753378153,60.6053574071921,262243.11,658748.46,36,20,144.549
NS65NW_3178,1,3_5,6.35246698393,-9999.0,-9999.0,-9999.0,140.688995361,176.872924160029,61.2005404833608,262342.85,658748.61,24,14,140.689
NS65NW_3180,1,3_5,6.50505965213,-9999.0,-9999.0,-9999.0,139.498001099,121.765825019981,44.1469091090186,262431.68,658745.4,12,8,139.498
NS65NW_3183,1,3_5,5.04339796976,-9999.0,-9999.0,-9999.0,144.981994629,189.000748065415,63.575330677211,262258.47,658742.94,36,20,144.982
NS65NW_3185,1,3_5,6.28408180846,-9999.0,-9999.0,-9999.0,141.492996216,193.430420198039,61.5618421585708,262358.13,658743.53,20,12,141.493
NS65NW_3186,1,3_5,7.00539543088,-9999.0,-9999.0,-9999.0,141.830001831,153.306197224071,49.5576492271794,262373.65,658741.57,12,8,141.83
NS65NW_3191,1,3_5,6.61957289849,-9999.0,-9999.0,-9999.0,139.910003662,337.564127095628,110.225052358634,262409.01,658738.79,60,32,139.91
NS65NW_3196,1,3_5,5.15461789897,-9999.0,-9999.0,-9999.0,145.268005371,181.228433979312,61.0121506005462,262278.34,658730.93,36,20,145.268
NS65NW_3198,1,3_5,6.45264363607,-9999.0,-9999.0,-9999.0,147.365005493,170.569557113087,58.6962405381677,262229.54,658727.34,20,12,147.365
NS65NW_3199,1,3_5,5.12806293576,-9999.0,-9999.0,-9999.0,146.361999512,178.721289177559,60.4922497706478,262291.36,658724.13,36,20,146.362
NS65NW_3204,1,3_5,6.92349021873,-9999.0,-9999.0,-9999.0,143.26499939,153.120628268675,49.5684337156745,262370.34,658718.92,12,8,143.265
NS65NW_3205,1,3_5,5.07930318832,-9999.0,-9999.0,-9999.0,139.179992676,208.105255339088,81.2323772690012,262449.36,658723.0,36,20,139.18
NS65NW_3209,1,3_5,5.79844253782,-9999.0,-9999.0,-9999.0,139.39100647,164.999743582808,53.5568168561764,262475.89,658716.2,20,12,139.391
NS65NW_3213,1,3_5,5.895524071,-9999.0,-9999.0,-9999.0,140.320999146,150.451021116464,49.9341074456753,262433.11,658714.49,20,12,140.321
NS65NW_3215,1,3_5,5.31153098893,-9999.0,-9999.0,-9999.0,147.167007446,178.972983639415,60.0890542052856,262306.79,658714.79,32,18,147.167
NS65NW_3217,1,3_5,6.86210897807,-9999.0,-9999.0,-9999.0,147.869003296,151.214722420318,49.2324396932053,262241.36,658713.43,12,8,147.869
NS65NW_3218,1,3_5,5.33552190236,-9999.0,-9999.0,-9999.0,140.930999756,177.406543447224,59.0762627160417,262403.0,658711.96,20,12,140.931
NS65NW_3220,1,3_5,6.43395106539,-9999.0,-9999.0,-9999.0,148.395004272,120.634605455066,46.5870934207648,262254.3,658706.6,28,16,148.395
NS65NW_3221,1,3_5,6.45339457194,-9999.0,-9999.0,-9999.0,143.529006958,123.120472375849,44.3880379131537,262372.39,658704.39,12,8,143.529
NS65NW_3231,1,3_5,4.99240842865,-9999.0,-9999.0,-9999.0,146.930999756,199.838810536572,68.0383618481483,262321.19,658704.76,36,20,146.931
NS65NW_3232,1,3_5,6.74105997215,-9999.0,-9999.0,-9999.0,148.910003662,112.575331492945,42.4847848445407,262265.92,658699.27,12,8,148.91
NS65NW_3236,1,3_5,2.89519362168,-9999.0,-9999.0,-9999.0,140.330993652,117.247379569965,45.2753106343438,262431.48,658696.16,12,8,140.331
NS65NW_3237,1,3_5,5.38958048083,-9999.0,-9999.0,-9999.0,141.363998413,177.83557120253,59.3334515913727,262404.64,658695.84,28,16,141.364
NS65NW_3238,1,3_5,6.42750676202,-9999.0,-9999.0,-9999.0,149.363006592,121.356565429621,44.0664385263714,262277.92,658692.82,12,8,149.363
NS65NW_3246,1,3_5,6.33109147636,-9999.0,-9999.0,-9999.0,147.626998901,195.045092537699,62.5739546039786,262333.87,658691.51,36,20,147.627
NS65NW_3247,1,3_5,4.51241254185,-9999.0,-9999.0,-9999.0,140.582000732,282.995118070342,106.245314220379,262459.47,658686.69,60,32,140.582
NS65NW_3248,1,3_5,6.18218750079,-9999.0,-9999.0,-9999.0,146.162002563,195.948366656031,63.4733636543839,262345.84,658684.15,28,16,146.162
NS65NW_3250,1,3_5,6.43218228983,-9999.0,-9999.0,-9999.0,149.871994019,175.703380279206,58.9050217558568,262288.09,658683.91,20,12,149.872
NS65NW_3252,1,3_5,5.91285747732,-9999.0,-9999.0,-9999.0,140.667999268,153.099324509141,51.1418368921878,262438.89,658680.34,28,16,140.668
NS65NW_3253,1,3_5,5.4580185687,-9999.0,-9999.0,-9999.0,141.848999023,175.802693580901,58.9158597658921,262406.4,658679.52,28,16,141.849
NS65NW_3255,1,3_5,5.93050424738,-9999.0,-9999.0,-9999.0,143.720993042,344.255777955638,110.916690042315,262372.69,658682.74,44,24,143.721
NS65NW_3256,1,3_5,6.92529356662,-9999.0,-9999.0,-9999.0,149.320343018,153.351011201001,49.5638979487085,262301.42,658672.59,12,8,149.32
NS65NW_3259,1,3_5,6.58685869005,-9999.0,-9999.0,-9999.0,148.776000977,116.838724662926,43.2426844464299,262313.67,658664.49,12,8,148.776
NS65NW_3261,1,3_5,6.15205232017,-9999.0,-9999.0,-9999.0,143.207992554,155.419176817229,53.8508278391331,262413.36,658663.16,28,16,143.208
NS65NW_3265,1,3_5,6.68977574933,-9999.0,-9999.0,-9999.0,147.748001099,113.911877093172,42.724683286034,262325.33,658657.27,12,8,147.748
NS65NW_3266,1,3_5,2.41542974964,-9999.0,-9999.0,-9999.0,143.227005005,113.389566473909,46.2770418885744,262452.05,658654.72,12,8,143.227
NS65NW_3269,1,3_5,6.85682469797,-9999.0,-9999.0,-9999.0,147.115997314,153.424334500005,49.5943774011393,262338.28,658650.41,12,8,147.116
NS65NW_3270,1,3_5,6.6077616879,-9999.0,-9999.0,-9999.0,146.537338257,119.914298922419,43.8044159958419,262353.06,658644.26,12,8,146.537
NS65NW_3271,1,3_5,7.094268441,-9999.0,-9999.0,-9999.0,145.378005981,153.607707076413,49.611934689894,262368.36,658644.39,12,8,145.378
NS65NW_3273,1,3_5,6.42030492777,-9999.0,-9999.0,-9999.0,145.574996948,178.147254156736,59.5272941385139,262415.73,658645.53,20,12,145.575
NS65NW_3275,1,3_5,4.78916391645,-9999.0,-9999.0,-9999.0,140.869003296,927.706071517817,222.158408605052,262481.99,658658.44,92,48,140.869
NS65NW_3277,1,3_5,6.64020085759,-9999.0,-9999.0,-9999.0,145.292007446,332.17040059694,113.628652170531,262392.09,658640.82,60,32,145.292
NS65NW_1802,1,3_6,5.78695477791,-9999.0,-9999.0,-9999.0,90.8830032349,215.844793602674,69.8855897829285,262188.79,659370.6,20,12,90.883
NS65NW_1807,1,3_6,11.4271008659,-9999.0,-9999.0,-9999.0,94.9219970703,251.727324809179,67.2809899697145,262035.8,659369.35,20,12,94.922
NS65NW_1822,1,3_6,11.4999403042,-9999.0,-9999.0,-9999.0,95.6839981079,248.845562357397,67.1657746364277,262075.24,659362.66,20,12,95.684
NS65NW_1847,1,3_6,6.03185303665,-9999.0,-9999.0,-9999.0,91.466003418,306.194254659256,95.612954796747,262330.35,659353.46,12,8,91.466
NS65NW_1850,1,3_6,5.89621671818,-9999.0,-9999.0,-9999.0,91.2620010376,313.067103046897,95.9719247246978,262223.78,659355.03,12,8,91.262
NS65NW_1861,1,3_6,6.22655320542,-9999.0,-9999.0,-9999.0,92.2269973755,184.173426627303,57.4555847762262,261949.2,659349.49,16,10,92.227
NS65NW_1862,1,3_6,6.55917676597,-9999.0,-9999.0,-9999.0,91.7910003662,161.586324401785,50.8622821626797,261926.76,659350.27,12,8,91.791
NS65NW_1863,1,3_6,5.70766339729,-9999.0,-9999.0,-9999.0,92.861000061,222.326360450173,77.8855800821604,262161.92,659358.18,36,20,92.861
NS65NW_1866,1,3_6,9.57834764489,-9999.0,-9999.0,-9999.0,91.4250030518,957.649707870762,216.410075793099,262128.09,659370.05,116,60,91.425
NS65NW_1873,1,3_6,6.24795283301,-9999.0,-9999.0,-9999.0,91.7760009766,184.976384693536,57.4513338833847,261907.46,659348.12,12,8,91.776
NS65NW_1876,1,3_6,5.84684370318,-9999.0,-9999.0,-9999.0,91.5729980469,119.597082709025,46.2658545744119,262255.53,659346.0,12,8,91.573
NS65NW_1879,1,3_6,5.94501138312,-9999.0,-9999.0,-9999.0,91.8010025024,114.36609217002,45.3822663107747,262297.04,659344.89,12,8,91.801
NS65NW_1887,1,3_6,6.18570111327,-9999.0,-9999.0,-9999.0,91.4680023193,135.567120454913,47.000163716754,261886.58,659343.04,12,8,91.468
NS65NW_1888,1,3_6,5.42911719954,-9999.0,-9999.0,-9999.0,91.6480026245,156.299436460719,57.683783563834,262277.78,659342.74,28,16,91.648
NS65NW_1896,1,3_6,6.22781151173,-9999.0,-9999.0,-9999.0,92.8618392944,345.226341901971,86.6650997365442,261975.58,659344.02,44,24,92.862
NS65NW_1908,1,3_6,5.62813893502,-9999.0,-9999.0,-9999.0,89.9240036011,930.526717357303,175.591785721531,262406.93,659355.96,72,38,89.924
NS65NW_1909,1,3_6,6.4477225618,-9999.0,-9999.0,-9999.0,95.4199981689,229.366864171381,75.4647527290665,262006.68,659337.6,28,16,95.42
NS65NW_1912,1,3_6,5.92581572426,-9999.0,-9999.0,-9999.0,91.9869995117,209.614520617896,68.8326298102812,262362.48,659343.37,12,8,91.987
NS65NW_1924,1,3_6,6.62618863125,-9999.0,-9999.0,-9999.0,96.9420013428,222.227501655153,70.4179646768725,262038.06,659332.78,12,8,96.942
NS65NW_1937,1,3_6,5.94761388369,-9999.0,-9999.0,-9999.0,96.6156692505,314.673861585836,100.606218922361,262176.27,659332.69,20,12,96.616
NS65NW_1938,1,3_6,4.64315068251,-9999.0,-9999.0,-9999.0,93.0609970093,188.159907803995,67.8596984587468,262490.23,659328.31,36,20,93.061
NS65NW_1962,1,3_6,6.9322103626,-9999.0,-9999.0,-9999.0,100.012748718,399.9071115505,110.441555830234,262103.78,659320.62,24,14,100.013
NS65NW_1963,1,3_6,6.17677365378,-9999.0,-9999.0,-9999.0,96.2959976196,310.992075657944,95.2836762890447,262219.57,659319.86,12,8,96.296
NS65NW_1966,1,3_6,6.03747901596,-9999.0,-9999.0,-9999.0,93.9270019531,307.726941185115,95.5276030373997,262339.7,659320.92,12,8,93.927
NS65NW_1967,1,3_6,2.25194140448,-9999.0,-9999.0,-9999.0,93.6377563477,19.8815362475247,20.773132538217,262484.46,659312.06,8,6,93.638
NS65NW_1969,1,3_6,6.08678215832,-9999.0,-9999.0,-9999.0,96.0490036011,202.961894454501,68.2441784728175,262257.04,659313.9,12,8,96.049
NS65NW_1970,1,3_6,6.04624312597,-9999.0,-9999.0,-9999.0,95.6549987793,316.242828291278,95.8196989134349,262295.0,659314.5,12,8,95.655
NS65NW_1973,1,3_6,2.39738607407,-9999.0,-9999.0,-9999.0,93.7040023804,29.8192125022219,22.697908868081,262499.08,659311.69,12,8,93.704
NS65NW_1987,1,3_6,6.78899773263,-9999.0,-9999.0,-9999.0,97.216003418,206.868365651969,66.1056195305388,261992.15,659313.22,28,16,97.216
NS65NW_2002,1,3_6,6.15803668374,-9999.0,-9999.0,-9999.0,101.115997314,127.280663075005,48.9853281320597,262043.9,659307.4,20,12,101.116
NS65NW_2004,1,3_6,5.98863591255,-9999.0,-9999.0,-9999.0,93.8310012817,306.673196116063,95.4384921512513,262408.74,659304.17,12,8,93.831
NS65NW_2005,1,3_6,6.32952854043,-9999.0,-9999.0,-9999.0,93.2870025635,690.928764659388,188.558885701534,261934.09,659305.78,92,48,93.287
NS65NW_2013,1,3_6,11.3095380472,-9999.0,-9999.0,-9999.0,99.8929977417,245.900999110398,67.2930240922427,262146.06,659304.72,20,12,99.893
NS65NW_2018,1,3_6,5.88339373506,-9999.0,-9999.0,-9999.0,101.751998901,176.008445755436,58.1483819782538,262076.58,659305.25,20,12,101.752
NS65NW_2031,1,3_6,6.7880470459,-9999.0,-9999.0,-9999.0,100.230003357,171.195278083843,61.2194108144748,262178.38,659299.42,28,16,100.23
NS65NW_2039,1,3_6,6.08053240717,-9999.0,-9999.0,-9999.0,99.0260009766,151.049839407878,49.1865536127013,261989.63,659295.96,12,8,99.026
NS65NW_2045,1,3_6,5.86138101383,-9999.0,-9999.0,-9999.0,94.7679977417,315.090041865628,96.1834812168315,262364.67,659296.1,12,8,94.768
NS65NW_2059,1,3_6,6.11093481179,-9999.0,-9999.0,-9999.0,96.8899993896,312.87089222167,95.6857567866436,262320.85,659286.26,12,8,96.89
NS65NW_2060,1,3_6,6.32052060937,-9999.0,-9999.0,-9999.0,104.855003357,243.181322144843,68.0436728676405,262026.18,659291.02,12,8,104.855
NS65NW_2065,1,3_6,7.20456151204,-9999.0,-9999.0,-9999.0,105.276000977,142.756920440335,49.4748934066101,262076.04,659286.69,12,8,105.276
NS65NW_2074,1,3_6,4.63774497292,-9999.0,-9999.0,-9999.0,94.6989974976,198.064463374655,59.6072511388962,261888.64,659287.27,12,8,94.699
NS65NW_2087,1,3_6,6.42341093362,-9999.0,-9999.0,-9999.0,104.28150177,166.689665977929,51.6580117388654,262006.06,659278.14,12,8,104.281
NS65NW_2092,1,3_6,6.46646417285,-9999.0,-9999.0,-9999.0,98.1500015259,163.799445030342,51.2010205081348,261908.01,659277.97,12,8,98.15
NS65NW_2099,1,3_6,6.23705650212,-9999.0,-9999.0,-9999.0,99.108001709,186.604305400256,58.5245609643451,261925.42,659275.01,20,12,99.108
NS65NW_2101,1,3_6,6.5037842279,-9999.0,-9999.0,-9999.0,100.111999512,339.41392968111,79.8168777354062,261950.18,659275.23,12,8,100.112
NS65NW_2102,1,3_6,11.6606146162,-9999.0,-9999.0,-9999.0,108.654998779,255.836585377297,67.9955083587863,262101.16,659276.47,20,12,108.655
NS65NW_2109,1,3_6,6.89830110949,-9999.0,-9999.0,-9999.0,95.9840011597,153.5684575313,51.0393837240025,262434.5,659272.12,12,8,95.984
NS65NW_2113,1,3_6,6.57466885994,-9999.0,-9999.0,-9999.0,101.111839294,163.020441117161,52.2933390942956,261986.2,659271.7,20,12,101.112
NS65NW_2130,1,3_6,7.05396806098,-9999.0,-9999.0,-9999.0,97.4270019531,141.818520868808,49.4551169543012,262416.79,659264.37,24,14,97.427
NS65NW_2143,1,3_6,7.22007217578,-9999.0,-9999.0,-9999.0,98.908996582,228.823747702923,71.0094132007921,262392.88,659255.17,12,8,98.909
NS65NW_2149,1,3_6,6.59918147269,-9999.0,-9999.0,-9999.0,107.809997559,276.242104041804,83.7764770621487,262067.34,659258.51,36,20,107.81
NS65NW_2150,1,3_6,11.6445413413,-9999.0,-9999.0,-9999.0,110.456001282,252.944355017039,67.6548176133815,262138.67,659255.48,20,12,110.456
NS65NW_2160,1,3_6,6.31655278982,-9999.0,-9999.0,-9999.0,97.327003479,193.754361199368,62.912998389977,261878.5,659247.56,12,8,97.327
NS65NW_2165,1,3_6,6.41706503355,-9999.0,-9999.0,-9999.0,99.3960037231,185.195793649491,61.3405684854353,261905.78,659246.17,12,8,99.396
NS65NW_2166,1,3_6,11.5667895654,-9999.0,-9999.0,-9999.0,102.496002197,252.065159365438,67.7417244624582,262352.54,659250.24,20,12,102.496
NS65NW_2179,1,3_6,7.30507601962,-9999.0,-9999.0,-9999.0,106.013999939,437.617199030088,122.282533087014,262022.28,659251.02,16,10,106.014
NS65NW_2182,1,3_6,6.59947827572,-9999.0,-9999.0,-9999.0,104.250999451,112.673321524674,44.0862210458298,261984.35,659239.87,12,8,104.251
NS65NW_2183,1,3_6,11.7524070347,-9999.0,-9999.0,-9999.0,107.68699646,254.353728114719,67.6983214346955,262307.32,659242.98,20,12,107.687
NS65NW_2184,1,3_6,6.10762605836,-9999.0,-9999.0,-9999.0,100.672996521,443.472677271931,137.543833902637,261947.09,659242.9,52,28,100.673
NS65NW_2195,1,3_6,11.4943257249,-9999.0,-9999.0,-9999.0,111.501998901,251.700237319865,67.4797649258422,262261.99,659235.8,20,12,111.502
NS65NW_2224,1,3_6,14.1240731498,-9999.0,-9999.0,-9999.0,112.114997864,248.099494161232,66.9048810633055,262048.75,659222.25,20,12,112.115
NS65NW_2234,1,3_6,6.56363518461,-9999.0,-9999.0,-9999.0,108.105003357,308.586337056936,87.6556998834566,261949.98,659213.27,12,8,108.105
NS65NW_2241,1,3_6,5.35457584741,-9999.0,-9999.0,-9999.0,113.691001892,194.066146087359,72.0504057982714,262102.62,659217.34,44,24,113.691
NS65NW_2243,1,3_6,6.50014714748,-9999.0,-9999.0,-9999.0,103.88999939,212.087314788381,66.2635840110266,261881.24,659209.71,12,8,103.89
NS65NW_2244,1,3_6,6.26482461913,-9999.0,-9999.0,-9999.0,105.871002197,210.795717967165,66.5430804245998,261911.71,659208.77,12,8,105.871
NS65NW_2250,1,3_6,14.143102618,-9999.0,-9999.0,-9999.0,111.906997681,252.02595041801,67.5122368009899,262004.78,659209.7,20,12,111.907
NS65NW_2259,1,3_6,6.36108066442,-9999.0,-9999.0,-9999.0,114.51599884,150.638191667903,55.7611854461289,262120.02,659207.3,28,16,114.516
NS65NW_2271,1,3_6,6.76752547195,-9999.0,-9999.0,-9999.0,114.315002441,263.950902448444,83.0284131532207,262079.14,659199.79,12,8,114.315
NS65NW_2279,1,3_6,4.9194157524,-9999.0,-9999.0,-9999.0,113.132003784,103.994346590602,41.3529700395395,262241.25,659189.06,20,12,113.132
NS65NW_2303,1,3_6,6.29086302079,-9999.0,-9999.0,-9999.0,106.769996643,239.281459910667,73.2294638304229,261903.56,659177.61,12,8,106.77
NS65NW_2304,1,3_6,2.49574833088,-9999.0,-9999.0,-9999.0,113.832000732,59.6338403755927,30.995317629265,262239.44,659177.02,12,8,113.832
NS65NW_2309,1,3_6,6.82548368289,-9999.0,-9999.0,-9999.0,116.34400177,262.223229889775,83.1574555849614,262116.59,659181.58,12,8,116.344
NS65NW_2311,1,3_6,6.10633309017,-9999.0,-9999.0,-9999.0,108.877998352,245.17480816797,76.8654275327311,261937.41,659175.48,28,16,108.878
NS65NW_2330,1,3_6,6.7312695573,-9999.0,-9999.0,-9999.0,116.247001648,227.268338207148,76.7478610771207,262059.09,659174.51,12,8,116.247
NS65NW_2343,1,3_6,6.56136350948,-9999.0,-9999.0,-9999.0,118.652000427,282.25349355465,85.0169185610725,262082.98,659161.68,20,12,118.652
NS65NW_2364,1,3_6,7.09286143263,-9999.0,-9999.0,-9999.0,119.082000732,138.300535601294,50.8641203336053,262021.77,659143.57,12,8,119.082
NS65NW_2379,1,3_6,7.13811425995,-9999.0,-9999.0,-9999.0,119.107002258,115.977909209712,46.6426630555666,262041.56,659139.94,12,8,119.107
NS65NW_2382,1,3_6,6.88299202573,-9999.0,-9999.0,-9999.0,120.603996277,140.855512740759,51.3334531393433,262003.86,659134.84,12,8,120.604
NS65NW_2398,1,3_6,6.5849152713,-9999.0,-9999.0,-9999.0,121.845001221,142.932504407036,51.6648555943698,261985.48,659127.79,12,8,121.845
NS65NW_2417,1,3_6,6.99892925209,-9999.0,-9999.0,-9999.0,122.96900177,147.580714986963,54.145611916681,262022.23,659116.89,20,12,122.969
NS65NW_2438,1,3_6,6.65678393116,-9999.0,-9999.0,-9999.0,123.90599823,137.334419368236,50.6006326670096,261971.75,659110.46,12,8,123.906
NS65NW_2445,1,3_6,6.73681867792,-9999.0,-9999.0,-9999.0,124.191001892,136.999298243093,50.6314825563327,262004.82,659104.82,12,8,124.191
NS65NW_2450,1,3_6,6.63339442087,-9999.0,-9999.0,-9999.0,124.666999817,228.283174842249,76.8660248442712,261925.53,659106.97,12,8,124.667
NS65NW_2453,1,3_6,6.46620855024,-9999.0,-9999.0,-9999.0,115.431999207,79.5918658085299,36.1744570512372,262496.73,659100.84,12,8,115.432
NS65NW_2465,1,3_6,6.70005684225,-9999.0,-9999.0,-9999.0,126.10900116,119.171409711979,47.0738442390076,261898.42,659096.7,12,8,126.109
NS65NW_2471,1,3_6,6.82987823768,-9999.0,-9999.0,-9999.0,125.39099884,138.574879698089,50.9366159386452,261986.82,659092.69,12,8,125.391
NS65NW_2486,1,3_6,6.46018132725,-9999.0,-9999.0,-9999.0,115.196998596,73.210250023693,34.7083048519664,262459.81,659084.72,12,8,115.197
NS65NW_2498,1,3_6,3.17775693912,-9999.0,-9999.0,-9999.0,126.958999634,212.881359100052,78.9027433764355,261924.99,659082.81,28,16,126.959
NS65NW_2506,1,3_6,6.75661234586,-9999.0,-9999.0,-9999.0,125.748001099,269.886462507502,84.1231658209294,261951.74,659089.63,12,8,125.748
NS65NW_2508,1,3_6,5.95676477732,-9999.0,-9999.0,-9999.0,116.786003113,111.123555431009,42.1720470157383,262497.85,659077.22,12,8,116.786
NS65NW_2513,1,3_6,5.86870032313,-9999.0,-9999.0,-9999.0,128.040328979,169.15854810129,73.2045652072139,261890.62,659080.32,44,24,128.04
NS65NW_2526,1,3_6,5.96721964062,-9999.0,-9999.0,-9999.0,115.508003235,107.262391771681,41.5201330373263,262464.64,659072.01,12,8,115.508
NS65NW_2540,1,3_6,6.32313033958,-9999.0,-9999.0,-9999.0,116.972999573,80.8992037810965,36.3081851517449,262497.99,659065.42,12,8,116.973
NS65NW_2548,1,3_6,2.36320226574,-9999.0,-9999.0,-9999.0,128.744995117,189.012337554846,71.8100772495276,261926.1,659065.71,12,8,128.745
NS65NW_2553,1,3_6,6.49431047667,-9999.0,-9999.0,-9999.0,115.705001831,76.9887940345901,35.4702271743947,262465.82,659060.36,12,8,115.705
NS65NW_2557,1,3_6,6.63481127178,-9999.0,-9999.0,-9999.0,128.093994141,122.709379063796,47.7224808431484,261972.79,659064.04,12,8,128.094
NS65NW_2574,1,3_6,5.75877635712,-9999.0,-9999.0,-9999.0,131.160995483,1402.67350849291,281.65551698001,262149.55,659065.02,168,84,131.161
NS65NW_2599,1,3_6,6.45568713331,-9999.0,-9999.0,-9999.0,114.412002563,261.615280828011,74.4153336717984,262425.67,659052.06,28,16,114.412
NS65NW_2601,1,3_6,6.6043458494,-9999.0,-9999.0,-9999.0,129.583999634,116.058954359737,46.7767783049389,261963.56,659044.97,12,8,129.584
NS65NW_2608,1,3_6,3.850884993,-9999.0,-9999.0,-9999.0,129.257995605,238.488022411083,75.8921661600492,262106.73,659044.7,32,18,129.258
NS65NW_2618,1,3_6,6.17191206701,-9999.0,-9999.0,-9999.0,117.470001221,111.451355044495,42.2487933904928,262496.33,659037.86,12,8,117.47
NS65NW_2626,1,3_6,6.16037249512,-9999.0,-9999.0,-9999.0,116.929000854,113.665804065963,42.7696815331063,262483.36,659036.06,12,8,116.929
NS65NW_2629,1,3_6,4.44075551955,-9999.0,-9999.0,-9999.0,129.100997925,713.958307561008,117.029170853674,262144.56,659038.76,28,16,129.101
NS65NW_2635,1,3_6,6.21167910446,-9999.0,-9999.0,-9999.0,116.551002502,113.57536897524,42.7532687639652,262470.68,659033.04,12,8,116.551
NS65NW_2636,1,3_6,9.50828132751,-9999.0,-9999.0,-9999.0,130.011993408,713.969351818054,172.803122689548,261915.29,659043.11,44,24,130.012
NS65NW_2643,1,3_6,7.89796856588,-9999.0,-9999.0,-9999.0,125.260002136,956.744086716881,173.335696521918,262189.15,659035.5,36,20,125.26
NS65NW_2644,1,3_6,6.4213929307,-9999.0,-9999.0,-9999.0,114.152000427,255.356191090758,71.9996917684436,262402.29,659034.31,28,16,114.152
NS65NW_2645,1,3_6,6.08532857465,-9999.0,-9999.0,-9999.0,116.32900238,113.012640423411,42.5314888323477,262458.12,659028.69,12,8,116.329
NS65NW_2654,1,3_6,6.16710932725,-9999.0,-9999.0,-9999.0,116.147003174,111.54544401152,42.2504791640579,262446.06,659023.97,12,8,116.147
NS65NW_2667,1,3_6,5.7328504384,-9999.0,-9999.0,-9999.0,115.928001404,105.518268669416,41.1351104048833,262434.12,659017.05,12,8,115.928
NS65NW_2692,1,3_6,6.4880124969,-9999.0,-9999.0,-9999.0,113.939002991,250.955875558347,72.7440574647407,262385.03,659011.68,36,20,113.939
NS65NW_2699,1,3_6,7.06601307863,-9999.0,-9999.0,-9999.0,118.255996704,201.005136020862,63.4125869183536,262494.57,659008.31,12,8,118.256
NS65NW_2707,1,3_6,5.95811333725,-9999.0,-9999.0,-9999.0,115.445999146,220.287848574415,84.7078307622531,262420.31,659003.14,52,28,115.446
NS65NW_2718,1,3_6,6.59749017315,-9999.0,-9999.0,-9999.0,121.470001221,82.3161388048642,36.6309865862687,262480.36,658989.73,12,8,121.47
NS65NW_2720,1,3_6,6.48274667279,-9999.0,-9999.0,-9999.0,121.95300293,78.1799168486332,35.824921435806,262468.27,658987.12,12,8,121.953
NS65NW_2722,1,3_6,6.07005931907,-9999.0,-9999.0,-9999.0,115.024002075,115.399396395981,43.0040642714599,262407.84,658987.99,12,8,115.024
NS65NW_2738,1,3_6,6.52770664629,-9999.0,-9999.0,-9999.0,122.019996643,138.298560505447,47.340636095028,262455.7,658981.26,12,8,122.02
NS65NW_2744,1,3_6,5.75079501632,-9999.0,-9999.0,-9999.0,114.470001221,106.445642574966,41.2889250704823,262400.27,658978.59,12,8,114.47
NS65NW_2756,1,3_6,6.49811779542,-9999.0,-9999.0,-9999.0,122.581001282,78.1083920610759,36.4729935430759,262445.55,658973.18,20,12,122.581
NS65NW_2765,1,3_6,6.50758211236,-9999.0,-9999.0,-9999.0,114.222999573,78.8771890182548,35.8981017517687,262393.23,658969.42,12,8,114.223
NS65NW_2767,1,3_6,6.18204921566,-9999.0,-9999.0,-9999.0,122.663002014,110.353133407843,42.0259409575349,262434.24,658969.44,12,8,122.663
NS65NW_2782,1,3_6,6.48484051652,-9999.0,-9999.0,-9999.0,123.471000671,81.9052275855208,36.5442924130559,262478.49,658961.02,12,8,123.471
NS65NW_2786,1,3_6,5.64448432995,-9999.0,-9999.0,-9999.0,113.539001465,133.762414360642,48.3991679095015,262385.15,658960.56,20,12,113.539
NS65NW_2787,1,3_6,6.18138546025,-9999.0,-9999.0,-9999.0,122.691001892,111.143867496957,42.2827012248646,262424.6,658957.5,12,8,122.691
NS65NW_2797,1,3_6,6.71422581875,-9999.0,-9999.0,-9999.0,123.908996582,79.3838690801377,36.1305711713731,262473.75,658951.84,12,8,123.909
NS65NW_2816,1,3_6,6.08606274635,-9999.0,-9999.0,-9999.0,123.386001587,110.795682205198,42.1121300935497,262423.84,658942.42,12,8,123.386
NS65NW_2817,1,3_6,6.41069607259,-9999.0,-9999.0,-9999.0,124.517997742,80.6049088365748,36.3216640161666,262471.41,658941.34,12,8,124.518
NS65NW_2842,1,3_6,5.9253064951,-9999.0,-9999.0,-9999.0,124.720001221,116.396457496369,45.267046671751,262463.08,658930.83,20,12,124.72
NS65NW_2844,1,3_6,5.62743310634,-9999.0,-9999.0,-9999.0,123.393997192,107.032772130153,41.4208933549639,262432.17,658929.54,12,8,123.394
NS65NW_2851,1,3_6,5.66356335656,-9999.0,-9999.0,-9999.0,124.917999268,121.235092742348,46.6805152867752,262450.28,658924.65,20,12,124.918
NS65NW_2950,1,3_6,7.31444889927,-9999.0,-9999.0,-9999.0,126.435997009,135.907763222345,47.5069447636558,262336.61,658875.24,20,12,126.436
NS65NW_2956,1,3_6,6.55939426778,-9999.0,-9999.0,-9999.0,127.591003418,164.114408000107,57.7940409136096,262364.61,658874.2,44,24,127.591
NS65NW_2970,1,3_6,7.15515677194,-9999.0,-9999.0,-9999.0,127.103996277,136.464827727869,47.3907983824489,262329.21,658862.75,20,12,127.104
NS65NW_2975,1,3_6,6.61200808069,-9999.0,-9999.0,-9999.0,130.035003662,108.565332494567,42.9478436643881,262420.04,658861.29,20,12,130.035
NS65NW_2978,1,3_6,6.79654751695,-9999.0,-9999.0,-9999.0,130.307388306,104.040307054129,41.3261492528243,262432.64,658860.09,12,8,130.307
NS65NW_2980,1,3_6,6.94722044612,-9999.0,-9999.0,-9999.0,129.326004028,168.363771668653,57.8134093265611,262378.11,658863.06,28,16,129.326
NS65NW_2982,1,3_6,7.60327525746,-9999.0,-9999.0,-9999.0,130.927352905,142.275217877321,48.5229738287451,262445.46,658860.33,20,12,130.927
NS65NW_2987,1,3_6,7.38272166468,-9999.0,-9999.0,-9999.0,130.246002197,144.430605515953,49.0517460622741,262406.95,658859.07,20,12,130.246
NS65NW_2991,1,3_6,7.20956472872,-9999.0,-9999.0,-9999.0,131.662994385,300.111757575608,90.6551914718321,262465.97,658858.75,52,28,131.663
NS65NW_2998,1,3_6,6.69564033957,-9999.0,-9999.0,-9999.0,130.479995728,181.175199155628,58.6975030835841,262389.07,658856.15,20,12,130.48
NS65NW_3016,1,3_6,7.2479594659,-9999.0,-9999.0,-9999.0,128.098999023,196.766109189869,61.8398268796607,262321.62,658847.78,20,12,128.099
NS65NW_3022,1,3_6,6.8601473681,-9999.0,-9999.0,-9999.0,133.341003418,140.972030207215,48.3907956590039,262486.93,658841.38,20,12,133.341
NS65NW_3024,1,3_6,6.57056912264,-9999.0,-9999.0,-9999.0,129.156341553,145.10816615654,48.9942896041975,262339.17,658839.63,20,12,129.156
NS65NW_3029,1,3_6,7.2734560747,-9999.0,-9999.0,-9999.0,129.712005615,142.1739561372,48.5501340743387,262352.86,658834.62,24,14,129.712
NS65NW_3037,1,3_6,6.81626739956,-9999.0,-9999.0,-9999.0,130.567993164,170.957892867863,57.4646227565141,262368.43,658829.94,20,12,130.568
NS65NW_3039,1,3_6,7.70014721661,-9999.0,-9999.0,-9999.0,133.481994629,175.623505776167,53.3543726797173,262453.68,658827.09,12,8,133.482
NS65NW_3043,1,3_6,6.76128273127,-9999.0,-9999.0,-9999.0,131.550994873,174.119347781154,59.297770715196,262423.19,658829.32,28,16,131.551
NS65NW_3047,1,3_6,6.93699081851,-9999.0,-9999.0,-9999.0,131.792007446,151.359109260977,50.2367487794072,262385.25,658820.17,20,12,131.792
NS65NW_3048,1,3_6,6.65160852644,-9999.0,-9999.0,-9999.0,132.10899353,170.505877612483,58.0293560865555,262400.0,658818.91,20,12,132.109
NS65NW_3053,1,3_6,7.16675820602,-9999.0,-9999.0,-9999.0,132.43977356,193.070270118742,61.3962090602969,262417.86,658812.38,20,12,132.44
NS65NW_3054,1,3_6,6.80320014084,-9999.0,-9999.0,-9999.0,133.82699585,328.209308138784,110.636341270371,262484.12,658819.08,64,34,133.827
NS65NW_3062,1,3_6,6.07413961598,-9999.0,-9999.0,-9999.0,134.828659058,225.999956109476,68.6135495999993,262450.02,658809.52,28,16,134.829
NS65NW_3069,1,3_6,6.76114565366,-9999.0,-9999.0,-9999.0,136.675003052,178.149869734934,59.0351179948194,262292.5,658803.49,20,12,136.675
NS65NW_3070,1,3_6,6.82411816788,-9999.0,-9999.0,-9999.0,136.837005615,184.206091974894,60.2540810429776,262310.53,658803.42,20,12,136.837
NS65NW_3092,1,3_6,2.69339114517,-9999.0,-9999.0,-9999.0,137.914001465,34.1906400061256,23.7429915276328,262413.49,658788.0,12,8,137.914
NS65NW_3093,1,3_6,6.85961790759,-9999.0,-9999.0,-9999.0,137.895996094,174.624267576977,58.7428191221983,262325.78,658794.5,28,16,137.896
NS65NW_3095,1,3_6,6.54809485178,-9999.0,-9999.0,-9999.0,136.983001709,120.275966622749,43.8701578798817,262478.03,658789.57,12,8,136.983
NS65NW_3096,1,3_6,6.9980319051,-9999.0,-9999.0,-9999.0,136.505004883,150.838161735486,49.2042911725443,262492.79,658789.67,12,8,136.505
NS65NW_3109,1,3_6,7.38568322959,-9999.0,-9999.0,-9999.0,138.942001343,154.83369007874,49.8052229716385,262338.62,658786.35,12,8,138.942
NS65NW_3112,1,3_6,7.4921475808,-9999.0,-9999.0,-9999.0,139.68699646,158.424674194484,50.3864640834187,262353.74,658783.99,12,8,139.687
NS65NW_3113,1,3_6,6.42962943365,-9999.0,-9999.0,-9999.0,138.098007202,181.322334621984,59.4990630610229,262273.96,658785.25,20,12,138.098
NS65NW_3115,1,3_6,6.02086057574,-9999.0,-9999.0,-9999.0,137.690994263,279.442063895081,94.8356051960382,262448.71,658782.43,44,24,137.691
NS65NW_3117,1,3_6,6.91371957018,-9999.0,-9999.0,-9999.0,139.964004517,119.913851458354,43.8043365375405,262367.7,658779.94,12,8,139.964
NS65NW_3123,1,3_6,5.58390111452,-9999.0,-9999.0,-9999.0,138.722000122,151.106276892922,50.6154101105176,262426.77,658777.95,20,12,138.722
NS65NW_3127,1,3_6,6.4915847129,-9999.0,-9999.0,-9999.0,139.18699646,122.521738796013,44.6189637844374,262413.12,658774.64,20,12,139.187
NS65NW_3128,1,3_6,7.31737544086,-9999.0,-9999.0,-9999.0,140.180999756,152.819957656366,49.4961610372561,262381.36,658774.54,12,8,140.181
NS65NW_3130,1,3_6,7.06232694738,-9999.0,-9999.0,-9999.0,139.643997192,154.093895536286,49.7297105721889,262397.9,658772.1,12,8,139.644
NS65NW_3131,1,3_6,6.95066681415,-9999.0,-9999.0,-9999.0,138.348007202,157.58169199726,50.2920759834719,262286.91,658773.81,12,8,138.348
NS65NW_3141,1,3_6,6.43213570534,-9999.0,-9999.0,-9999.0,138.766998291,130.060989997162,45.6228106755081,262299.96,658767.07,12,8,138.767
NS65NW_3157,1,3_6,6.8954160046,-9999.0,-9999.0,-9999.0,139.632003784,153.293271422326,49.5741699459456,262312.99,658760.17,12,8,139.632
NS65NW_3160,1,3_6,5.31475649382,-9999.0,-9999.0,-9999.0,136.802001953,158.260765648243,52.4430244663293,262488.42,658756.81,20,12,136.802
NS65NW_3163,1,3_6,6.35502074816,-9999.0,-9999.0,-9999.0,137.466995239,128.3316522525,45.3378765655428,262474.18,658754.14,12,8,137.467
NS65NW_3167,1,3_6,6.84152209006,-9999.0,-9999.0,-9999.0,140.080001831,159.020240393612,50.5143445934578,262327.18,658754.83,12,8,140.08
NS65NW_3169,1,3_6,6.50191367701,-9999.0,-9999.0,-9999.0,138.242004395,125.197453615016,45.4144173250851,262460.55,658751.55,20,12,138.242
NS65NW_1001,1,3_7,8.37459293068,-9999.0,-9999.0,-9999.0,88.43800354,241.073629019151,65.2173103209563,262499.26,659652.68,20,12,88.438
NS65NW_1005,1,3_7,5.90471779859,-9999.0,-9999.0,-9999.0,72.8339996338,165.93111447087,57.1923839812348,261991.89,659651.96,28,16,72.834
NS65NW_1017,1,3_7,8.50141581397,-9999.0,-9999.0,-9999.0,86.2659988403,298.328790844193,76.3034608788055,262373.99,659652.18,44,24,86.266
NS65NW_1018,1,3_7,5.62580370701,-9999.0,-9999.0,-9999.0,82.0390014648,149.951304686158,52.121398141193,262109.88,659645.9,20,12,82.039
NS65NW_1020,1,3_7,6.77225135483,-9999.0,-9999.0,-9999.0,86.31300354,271.487652603957,72.0010477230697,262233.17,659647.93,24,14,86.313
NS65NW_1025,1,3_7,6.19579670203,-9999.0,-9999.0,-9999.0,85.4729995728,139.887560347103,50.7922524888844,262170.9,659644.72,28,16,85.473
NS65NW_1030,1,3_7,2.16937503618,-9999.0,-9999.0,-9999.0,74.4869995117,52.1301375016046,29.6078023603736,262015.51,659639.36,12,8,74.487
NS65NW_1033,1,3_7,2.27574900034,-9999.0,-9999.0,-9999.0,85.9509963989,20.855985000349,21.6112725092416,262333.21,659633.92,8,6,85.951
NS65NW_1038,1,3_7,4.6976519333,-9999.0,-9999.0,-9999.0,82.9739990234,222.99966870356,65.67804785337,262131.92,659639.82,28,16,82.974
NS65NW_1040,1,3_7,6.14059063311,-9999.0,-9999.0,-9999.0,73.9150009155,138.810366056569,47.8827967861587,262003.19,659638.16,12,8,73.915
NS65NW_1041,1,3_7,3.02791561923,-9999.0,-9999.0,-9999.0,86.2861633301,72.3304887389234,35.6210500187992,262392.43,659635.66,20,12,86.286
NS65NW_1043,1,3_7,5.82426251028,-9999.0,-9999.0,-9999.0,86.1200027466,336.217543089471,126.948278086079,262262.85,659641.71,76,40,86.12
NS65NW_1044,1,3_7,2.53576890353,-9999.0,-9999.0,-9999.0,85.0839996338,31.0081874944693,24.1172908012935,262176.76,659631.82,12,8,85.084
NS65NW_1051,1,3_7,4.96445336304,-9999.0,-9999.0,-9999.0,78.1119995117,426.407837272542,126.30031016354,262052.88,659636.15,56,30,78.112
NS65NW_1052,1,3_7,6.81555997294,-9999.0,-9999.0,-9999.0,85.8929977417,265.022582869298,68.4516273098655,262282.62,659629.89,24,14,85.893
NS65NW_1055,1,3_7,6.65470499186,-9999.0,-9999.0,-9999.0,84.0100021362,121.482739263414,44.7284156025922,262164.52,659627.38,12,8,84.01
NS65NW_1065,1,3_7,2.22366125687,-9999.0,-9999.0,-9999.0,76.0329971313,26.6692387438968,21.7580416820388,262032.03,659617.87,12,8,76.033
NS65NW_1066,1,3_7,5.67629722313,-9999.0,-9999.0,-9999.0,80.1650009155,164.10891279125,54.7464611496195,262080.92,659623.35,28,16,80.165
NS65NW_1069,1,3_7,4.89522104317,-9999.0,-9999.0,-9999.0,87.1309967041,314.301883070661,82.3932052141132,262405.24,659626.24,28,16,87.131
NS65NW_1073,1,3_7,6.10264419556,-9999.0,-9999.0,-9999.0,74.4020004272,196.055167159979,63.084819957395,262016.76,659622.36,28,16,74.402
NS65NW_1078,1,3_7,7.33090920154,-9999.0,-9999.0,-9999.0,85.952003479,316.651984533969,77.7747001142793,262312.91,659619.15,40,22,85.952
NS65NW_108,1,3_7,5.31393955002,-9999.0,-9999.0,-9999.0,66.9509963989,305.639172871313,92.7817580476763,262166.27,659968.85,52,28,66.951
NS65NW_1082,1,3_7,6.10680128888,-9999.0,-9999.0,-9999.0,80.8860015869,147.524297937414,52.0578612564953,262098.4,659617.27,20,12,80.886
NS65NW_1083,1,3_7,2.65192433407,-9999.0,-9999.0,-9999.0,83.2350006104,24.0937312485317,23.0450326176883,262176.09,659612.29,8,6,83.235
NS65NW_1091,1,3_7,8.11472548637,-9999.0,-9999.0,-9999.0,84.4720001221,270.648859653623,82.2828601638519,262198.74,659614.91,44,24,84.472
NS65NW_1096,1,3_7,6.09044577405,-9999.0,-9999.0,-9999.0,75.0979995728,77.5071357675627,35.324712099566,262028.28,659609.47,12,8,75.098
NS65NW_110,1,3_7,7.44464821039,-9999.0,-9999.0,-9999.0,72.43800354,230.058883449057,68.2393733791181,262321.65,659967.97,28,16,72.438
NS65NW_1100,1,3_7,5.54563159863,-9999.0,-9999.0,-9999.0,82.3300018311,183.428049901183,55.6595941786445,262160.91,659609.95,20,12,82.33
NS65NW_1103,1,3_7,4.76911020519,-9999.0,-9999.0,-9999.0,81.2149963379,205.474883694301,63.7991637252306,262121.49,659609.74,36,20,81.215
NS65NW_1107,1,3_7,2.69393302299,-9999.0,-9999.0,-9999.0,80.6100006104,57.5655489882756,30.4843113815853,262103.55,659604.32,12,8,80.61
NS65NW_1108,1,3_7,5.28137086065,-9999.0,-9999.0,-9999.0,86.2249984741,394.185403458842,117.475998221183,262367.69,659617.65,68,36,86.225
NS65NW_1113,1,3_7,3.12697790773,-9999.0,-9999.0,-9999.0,87.2492523193,44.2124774967233,37.5591770020345,262399.35,659602.12,16,10,87.249
NS65NW_1114,1,3_7,3.04838407883,-9999.0,-9999.0,-9999.0,83.5930023193,26.672336249219,21.3344856430777,262208.07,659601.04,12,8,83.593
NS65NW_1117,1,3_7,8.52451796339,-9999.0,-9999.0,-9999.0,84.1429977417,223.14970126522,65.4848139335513,262224.94,659604.78,28,16,84.143
NS65NW_1120,1,3_7,4.64883082835,-9999.0,-9999.0,-9999.0,87.4767456055,190.780763804541,58.2507810949826,262417.74,659602.1,24,14,87.477
NS65NW_1122,1,3_7,2.50358508183,-9999.0,-9999.0,-9999.0,81.6699981689,28.1001333116811,32.0709342678041,262163.58,659597.89,20,14,81.67
NS65NW_1127,1,3_7,2.40535678383,-9999.0,-9999.0,-9999.0,89.5070037842,31.5729000032149,23.2723797020626,262489.05,659594.62,12,8,89.507
NS65NW_113,1,3_7,5.32066564724,-9999.0,-9999.0,-9999.0,66.8219985962,240.715799805143,83.2455945035784,262136.24,659967.78,36,20,66.822
NS65NW_1130,1,3_7,6.36769966044,-9999.0,-9999.0,-9999.0,75.6979980469,144.859765003453,48.692193041523,262038.7,659598.52,12,8,75.698
NS65NW_1137,1,3_7,5.71254982223,-9999.0,-9999.0,-9999.0,83.9300003052,196.546228367717,58.8201285558864,262245.32,659596.37,28,16,83.93
NS65NW_1140,1,3_7,6.20132366609,-9999.0,-9999.0,-9999.0,84.2450027466,96.8692340722965,41.9731375722582,262260.17,659592.34,20,12,84.245
NS65NW_1144,1,3_7,6.19225893002,-9999.0,-9999.0,-9999.0,80.8560028076,134.298066208113,46.8789170196305,262152.3,659592.91,12,8,80.856
NS65NW_1145,1,3_7,6.16159830957,-9999.0,-9999.0,-9999.0,89.0250015259,266.723459141098,77.628355533253,262475.37,659596.42,44,24,89.025
NS65NW_1146,1,3_7,2.66906905986,-9999.0,-9999.0,-9999.0,81.3059997559,86.8698600038569,47.0414172053426,262181.48,659591.55,24,14,81.306
NS65NW_1148,1,3_7,2.0625171556,-9999.0,-9999.0,-9999.0,80.2109985352,48.3081112559088,30.6654850256219,262119.0,659587.76,16,10,80.211
NS65NW_1152,1,3_7,2.69052992601,-9999.0,-9999.0,-9999.0,87.9156646729,34.5384112415624,23.8916970125659,262406.28,659586.37,12,8,87.916
NS65NW_116,1,3_7,3.98404377778,-9999.0,-9999.0,-9999.0,59.2280006409,215.242041412387,81.8781634834966,261905.55,659967.99,36,20,59.228
NS65NW_1161,1,3_7,4.68163167003,-9999.0,-9999.0,-9999.0,88.2819976807,201.535745366672,57.1380516892751,262424.3,659585.97,12,8,88.282
NS65NW_1165,1,3_7,5.13937135631,-9999.0,-9999.0,-9999.0,76.2649993896,197.375250713758,59.0188281145606,262058.25,659585.85,12,8,76.265
NS65NW_1168,1,3_7,2.20207466859,-9999.0,-9999.0,-9999.0,89.9240036011,75.4501601619979,35.987844300379,262486.42,659580.62,12,8,89.924
NS65NW_1169,1,3_7,2.37960616636,-9999.0,-9999.0,-9999.0,78.4639968872,36.9090187494876,25.160178719903,262096.55,659579.77,12,8,78.464
NS65NW_1178,1,3_7,5.24629468116,-9999.0,-9999.0,-9999.0,86.1780014038,112.541210714564,47.74365986559,262321.28,659578.04,28,16,86.178
NS65NW_1180,1,3_7,5.17301514439,-9999.0,-9999.0,-9999.0,84.7460021973,273.590989236463,88.2598665325817,262299.1,659580.9,44,24,84.746
NS65NW_1186,1,3_7,5.03648861333,-9999.0,-9999.0,-9999.0,77.1119995117,193.7109647986,58.4848916838737,262081.85,659576.29,12,8,77.112
NS65NW_1188,1,3_7,4.81460001405,-9999.0,-9999.0,-9999.0,79.5070037842,218.978943852801,76.3371649762442,262150.27,659576.48,36,20,79.507
NS65NW_1189,1,3_7,2.51130663501,-9999.0,-9999.0,-9999.0,86.3000030518,62.9109135963772,31.7466568065431,262330.96,659572.8,12,8,86.3
NS65NW_1195,1,3_7,3.22693790004,-9999.0,-9999.0,-9999.0,83.7679977417,318.15598229526,123.786786696358,262275.9,659581.09,76,40,83.768
NS65NW_1199,1,3_7,4.85648598304,-9999.0,-9999.0,-9999.0,79.9899978638,198.568391264374,62.684585692429,262187.83,659573.88,28,16,79.99
NS65NW_120,1,3_7,5.42034152044,-9999.0,-9999.0,-9999.0,65.9513778687,141.21875930286,47.6402606795627,262117.18,659962.61,12,8,65.951
NS65NW_1203,1,3_7,5.72655262091,-9999.0,-9999.0,-9999.0,86.5950012207,528.891913079194,193.192609647837,262379.37,659582.37,96,50,86.595
NS65NW_1209,1,3_7,4.61262981636,-9999.0,-9999.0,-9999.0,77.8540039062,210.861456046544,60.9585322388547,262104.69,659567.27,20,12,77.854
NS65NW_121,1,3_7,3.11133223034,-9999.0,-9999.0,-9999.0,78.8310012817,57.4854003930067,31.4786749711377,262402.74,659960.42,12,8,78.831
NS65NW_1210,1,3_7,4.80447295101,-9999.0,-9999.0,-9999.0,88.5999984741,202.818280751804,61.7343318219126,262430.75,659568.07,28,16,88.6
NS65NW_1220,1,3_7,4.68452293744,-9999.0,-9999.0,-9999.0,79.8779983521,247.955502543608,94.9874255579733,262225.34,659563.5,36,20,79.878
NS65NW_123,1,3_7,7.10753412405,-9999.0,-9999.0,-9999.0,65.2466049194,188.215204850457,61.0826853604334,262100.02,659960.95,28,16,65.247
NS65NW_1231,1,3_7,6.05915998535,-9999.0,-9999.0,-9999.0,78.1630020142,159.763421365613,54.8085085119907,262137.29,659557.62,20,12,78.163
NS65NW_1232,1,3_7,2.42074015883,-9999.0,-9999.0,-9999.0,88.3880004883,34.0608824998894,26.6551016381422,262417.06,659552.66,8,6,88.388
NS65NW_1233,1,3_7,5.99267315865,-9999.0,-9999.0,-9999.0,90.5449981689,262.596577501561,74.9554806431461,262486.87,659560.72,36,20,90.545
NS65NW_1235,1,3_7,6.95021272437,-9999.0,-9999.0,-9999.0,87.5100021362,130.759101967422,46.0692762674235,262394.54,659556.13,12,8,87.51
NS65NW_1238,1,3_7,6.52842528441,-9999.0,-9999.0,-9999.0,78.5889968872,140.421969276826,48.0734745359908,262179.6,659553.45,12,8,78.589
NS65NW_1239,1,3_7,5.31492723737,-9999.0,-9999.0,-9999.0,84.9609985352,238.420581217869,67.0015851452223,262340.91,659556.39,12,8,84.961
NS65NW_1242,1,3_7,4.74183220897,-9999.0,-9999.0,-9999.0,89.0709991455,257.003448096778,64.4748759171388,262436.27,659550.52,20,12,89.071
NS65NW_1245,1,3_7,2.59576311503,-9999.0,-9999.0,-9999.0,88.1259994507,75.362721880995,34.732650543022,262406.82,659546.66,12,8,88.126
NS65NW_1247,1,3_7,2.72666026661,-9999.0,-9999.0,-9999.0,78.5449981689,83.3392153961015,38.8887044129227,262159.14,659545.87,12,8,78.545
NS65NW_1248,1,3_7,5.20256292332,-9999.0,-9999.0,-9999.0,80.3870010376,320.021185898187,106.048495240036,262247.76,659552.12,76,40,80.387
NS65NW_1262,1,3_7,5.83608263274,-9999.0,-9999.0,-9999.0,78.0859985352,161.698512100211,57.4240488325401,262209.34,659543.98,24,14,78.086
NS65NW_1269,1,3_7,5.09561290068,-9999.0,-9999.0,-9999.0,78.46900177,108.671744229262,41.873821401504,262174.25,659538.52,12,8,78.469
NS65NW_127,1,3_7,7.08845462284,-9999.0,-9999.0,-9999.0,64.013999939,192.773951848922,66.2064710968878,262077.61,659960.33,28,16,64.014
NS65NW_1270,1,3_7,5.57119776824,-9999.0,-9999.0,-9999.0,81.4209976196,223.565989183354,79.0470878154029,262291.81,659541.09,36,20,81.421
NS65NW_1284,1,3_7,5.16031364616,-9999.0,-9999.0,-9999.0,84.8679962158,187.767347142229,57.8455836330623,262360.01,659533.72,12,8,84.868
NS65NW_1286,1,3_7,3.44979142689,-9999.0,-9999.0,-9999.0,88.06300354,58.3687467258658,32.0402788659227,262422.26,659527.79,28,16,88.063
NS65NW_1287,1,3_7,4.50311140089,-9999.0,-9999.0,-9999.0,83.0090026855,293.375273440961,115.291347481914,262321.01,659540.02,68,36,83.009
NS65NW_1291,1,3_7,2.66641453334,-9999.0,-9999.0,-9999.0,86.0869979858,28.6179300003701,21.9048915856519,262383.16,659524.69,12,8,86.087
NS65NW_1297,1,3_7,4.72004361404,-9999.0,-9999.0,-9999.0,79.608001709,196.143036772261,59.3587430066533,262245.73,659529.38,20,12,79.608
NS65NW_13,1,3_7,7.47466602883,-9999.0,-9999.0,-9999.0,68.513999939,220.130913747163,67.1139124027218,262311.06,659997.92,28,16,68.514
NS65NW_130,1,3_7,4.68223905357,-9999.0,-9999.0,-9999.0,72.111000061,608.236475093367,172.997293368192,262437.04,659976.47,100,52,72.111
NS65NW_1300,1,3_7,2.39557345643,-9999.0,-9999.0,-9999.0,79.4150009155,68.2228150784763,35.7049976971714,262228.73,659524.29,20,12,79.415
NS65NW_1302,1,3_7,6.28577450051,-9999.0,-9999.0,-9999.0,90.9189987183,166.775549453588,54.827695426489,261893.92,659524.06,28,16,90.919
NS65NW_1306,1,3_7,5.06527600485,-9999.0,-9999.0,-9999.0,78.7289962769,230.640271366524,80.7021393247595,262207.92,659525.38,36,20,78.729
NS65NW_1307,1,3_7,5.73384154167,-9999.0,-9999.0,-9999.0,88.4339981079,257.997031452485,68.4831656223197,262441.74,659524.46,20,12,88.434
NS65NW_1311,1,3_7,6.28075624455,-9999.0,-9999.0,-9999.0,91.0179977417,185.804389820995,55.7087630073464,261912.57,659521.87,16,10,91.018
NS65NW_1315,1,3_7,6.32085994907,-9999.0,-9999.0,-9999.0,91.1480026245,182.785945681162,56.2550015392221,261936.21,659519.11,32,18,91.148
NS65NW_1321,1,3_7,4.43078896938,-9999.0,-9999.0,-9999.0,83.4079971313,163.390134785248,64.668972791084,262349.36,659518.48,52,28,83.408
NS65NW_1327,1,3_7,4.5148284992,-9999.0,-9999.0,-9999.0,80.4189987183,247.284383952147,85.7904658823264,262277.31,659520.79,48,26,80.419
NS65NW_133,1,3_7,3.8706774773,-9999.0,-9999.0,-9999.0,59.4010009766,236.830311008506,63.4935879797676,261922.46,659960.02,20,12,59.401
NS65NW_1330,1,3_7,2.76440688482,-9999.0,-9999.0,-9999.0,79.2829971313,61.7721037514928,38.5791692233151,262219.68,659512.8,20,12,79.283
NS65NW_1337,1,3_7,5.87291907018,-9999.0,-9999.0,-9999.0,80.1910018921,77.6434576001596,35.3691677295248,262268.15,659508.45,12,8,80.191
NS65NW_134,1,3_7,2.43156345912,-9999.0,-9999.0,-9999.0,71.2350006104,22.3304549972704,23.0769865357842,262272.33,659953.95,8,6,71.235
NS65NW_1340,1,3_7,5.27153555675,-9999.0,-9999.0,-9999.0,79.3710021973,138.226134692251,53.055794259766,262237.93,659510.04,28,16,79.371
NS65NW_1343,1,3_7,7.91904785421,-9999.0,-9999.0,-9999.0,91.1269989014,118.59729273162,45.4065353795865,261953.27,659508.88,20,12,91.127
NS65NW_1348,1,3_7,2.8832446959,-9999.0,-9999.0,-9999.0,88.0299987793,53.4231524934637,29.3130507730565,262426.53,659504.77,12,8,88.03
NS65NW_1358,1,3_7,2.21292491343,-9999.0,-9999.0,-9999.0,80.3450012207,27.1464487519129,24.1839579406896,262264.77,659501.25,8,6,80.345
NS65NW_1359,1,3_7,4.86694399268,-9999.0,-9999.0,-9999.0,81.3939971924,207.783740951263,61.939826314138,262312.67,659509.72,20,12,81.394
NS65NW_1364,1,3_7,6.33758910622,-9999.0,-9999.0,-9999.0,90.4580001831,261.781330051026,80.297692167504,262494.02,659510.5,52,28,90.458
NS65NW_1376,1,3_7,5.74565190708,-9999.0,-9999.0,-9999.0,88.4639968872,176.792045212842,57.4896967988753,262444.4,659499.91,20,12,88.464
NS65NW_1379,1,3_7,6.19112898607,-9999.0,-9999.0,-9999.0,79.5380020142,84.9321795407338,39.0990644205206,262233.1,659498.84,20,12,79.538
NS65NW_138,1,3_7,6.25888015333,-9999.0,-9999.0,-9999.0,62.263999939,125.541841883766,44.8352299507977,262037.64,659956.65,12,8,62.264
NS65NW_1385,1,3_7,4.4554087321,-9999.0,-9999.0,-9999.0,79.5810012817,37.9673561327373,64.0563563787508,262220.67,659497.42,44,28,79.581
NS65NW_1397,1,3_7,3.67315103816,-9999.0,-9999.0,-9999.0,87.9589996338,45.3755437550202,26.4392436776968,262426.2,659488.5,16,10,87.959
NS65NW_1406,1,3_7,6.29963892996,-9999.0,-9999.0,-9999.0,91.0899963379,166.049571933046,54.7702623799668,261954.69,659490.65,28,16,91.09
NS65NW_1407,1,3_7,6.14570437421,-9999.0,-9999.0,-9999.0,90.4039993286,186.264923062116,56.6565370082944,261894.03,659490.99,20,12,90.404
NS65NW_1408,1,3_7,5.20513403281,-9999.0,-9999.0,-9999.0,85.2939987183,315.052827338957,102.161003538417,262397.39,659492.36,20,12,85.294
NS65NW_142,1,3_7,4.13632464837,-9999.0,-9999.0,-9999.0,77.4499969482,169.566216626602,55.8585136711781,262464.72,659958.25,36,20,77.45
NS65NW_1424,1,3_7,6.26170469213,-9999.0,-9999.0,-9999.0,90.7959976196,164.207268042827,54.4235413516657,261924.01,659484.41,28,16,90.796
NS65NW_1441,1,3_7,5.04469438406,-9999.0,-9999.0,-9999.0,82.3669967651,429.948451955304,133.564575239101,262339.84,659490.6,72,38,82.367
NS65NW_1442,1,3_7,5.22456854765,-9999.0,-9999.0,-9999.0,87.84400177,247.002338682049,62.885847791436,262443.41,659478.9,20,12,87.844
NS65NW_1447,1,3_7,5.36291109331,-9999.0,-9999.0,-9999.0,80.2200012207,283.891906329406,91.7308762963271,262261.62,659482.91,36,20,80.22
NS65NW_1460,1,3_7,5.06123160782,-9999.0,-9999.0,-9999.0,81.1640014648,370.248287586265,141.188792652183,262299.61,659485.01,92,48,81.164
NS65NW_1461,1,3_7,2.23533099211,-9999.0,-9999.0,-9999.0,87.2688293457,44.3362462521537,35.9852725016618,262432.31,659468.47,8,6,87.269
NS65NW_1463,1,3_7,2.55172571643,-9999.0,-9999.0,-9999.0,86.8637084961,27.4387649992695,27.9309755065838,262417.19,659469.19,8,6,86.864
NS65NW_147,1,3_7,6.35600332953,-9999.0,-9999.0,-9999.0,63.1349983215,208.004777401306,64.8493978468633,262054.93,659956.77,28,16,63.135
NS65NW_1472,1,3_7,2.52353752984,-9999.0,-9999.0,-9999.0,82.4783325195,25.0159087555378,24.0624038945045,262276.55,659467.24,8,6,82.478
NS65NW_1474,1,3_7,6.7016541995,-9999.0,-9999.0,-9999.0,90.0859985352,178.689846849278,55.1104303055712,261890.81,659471.23,12,8,90.086
NS65NW_1475,1,3_7,6.34004554358,-9999.0,-9999.0,-9999.0,90.8899993896,178.08417646659,54.7250981913648,261955.65,659470.07,12,8,90.89
NS65NW_1476,1,3_7,4.20568443863,-9999.0,-9999.0,-9999.0,89.7080001831,297.162434704392,71.9176204367883,262494.13,659473.51,28,16,89.708
NS65NW_1497,1,3_7,6.35246793089,-9999.0,-9999.0,-9999.0,90.5660018921,187.370405318311,55.905779992176,261922.92,659465.4,12,8,90.566
NS65NW_1499,1,3_7,6.27766904422,-9999.0,-9999.0,-9999.0,82.4670028687,76.8929161570605,35.1699263406588,262292.61,659460.73,12,8,82.467
NS65NW_1501,1,3_7,5.8188349221,-9999.0,-9999.0,-9999.0,87.0029983521,140.018198329159,49.4311841860967,262446.2,659461.47,20,12,87.003
NS65NW_1508,1,3_7,4.79079448841,-9999.0,-9999.0,-9999.0,83.4430007935,119.315156995125,51.2290694907961,262325.05,659460.88,28,16,83.443
NS65NW_1524,1,3_7,5.97528273113,-9999.0,-9999.0,-9999.0,86.2289962769,117.624975905376,46.0037610488765,262161.8,659455.69,12,8,86.229
NS65NW_1537,1,3_7,5.26935902048,-9999.0,-9999.0,-9999.0,84.3190002441,110.132407492154,44.283051442439,262319.9,659449.27,20,12,84.319
NS65NW_1542,1,3_7,6.24533018347,-9999.0,-9999.0,-9999.0,90.6989974976,166.092242237808,54.2918934968536,261957.02,659450.77,28,16,90.699
NS65NW_1543,1,3_7,2.55934722441,-9999.0,-9999.0,-9999.0,85.1330032349,33.6163049995947,23.6990011942144,262334.49,659445.79,12,8,85.133
NS65NW_1551,1,3_7,11.471146093,-9999.0,-9999.0,-9999.0,92.2730026245,253.805610327473,67.7296012519243,262000.49,659449.47,20,12,92.273
NS65NW_156,1,3_7,4.42846915672,-9999.0,-9999.0,-9999.0,59.5970001221,172.280757771242,61.0417393656155,261941.15,659954.84,28,16,59.597
NS65NW_1571,1,3_7,11.2546477478,-9999.0,-9999.0,-9999.0,92.4589996338,252.366458141467,67.4834859814572,262046.63,659442.71,20,12,92.459
NS65NW_1585,1,3_7,6.12633320336,-9999.0,-9999.0,-9999.0,90.1940002441,128.847561353361,47.2878821858146,261887.57,659437.31,28,16,90.194
NS65NW_1586,1,3_7,6.17349332031,-9999.0,-9999.0,-9999.0,84.1477966309,296.767561197237,87.840850694443,262358.68,659446.56,44,24,84.148
NS65NW_159,1,3_7,5.69686256755,-9999.0,-9999.0,-9999.0,60.7200012207,195.37212508843,57.5612385626949,262020.6,659953.24,20,12,60.72
NS65NW_1596,1,3_7,11.341738993,-9999.0,-9999.0,-9999.0,92.202003479,251.919985797871,67.4086044712763,262093.21,659436.08,20,12,92.202
NS65NW_1597,1,3_7,6.28678840114,-9999.0,-9999.0,-9999.0,90.3840026855,245.956191940773,66.929352437622,261907.35,659434.03,12,8,90.384
NS65NW_1603,1,3_7,6.30567996278,-9999.0,-9999.0,-9999.0,85.4570007324,314.84345860508,90.7863345883701,262386.13,659442.23,20,12,85.457
NS65NW_1607,1,3_7,6.15440438551,-9999.0,-9999.0,-9999.0,90.5889968872,128.565098553473,47.2835642992212,261932.44,659431.02,28,16,90.589
NS65NW_1610,1,3_7,4.74119450013,-9999.0,-9999.0,-9999.0,89.2300033569,281.303375840811,90.9941306504053,262498.69,659433.2,44,24,89.23
NS65NW_1629,1,3_7,5.97755449146,-9999.0,-9999.0,-9999.0,88.3830032349,206.248110669652,68.5517535912197,262219.95,659422.71,12,8,88.383
NS65NW_1632,1,3_7,5.60173244347,-9999.0,-9999.0,-9999.0,86.1974945068,453.398099432619,122.045250861731,262424.93,659436.41,44,24,86.198
NS65NW_1660,1,3_7,5.86563616749,-9999.0,-9999.0,-9999.0,87.6940002441,324.165229429942,100.722353389121,262167.22,659427.32,28,16,87.694
NS65NW_1666,1,3_7,11.4086175684,-9999.0,-9999.0,-9999.0,91.0438308716,244.635891848508,66.3727185494639,261976.45,659415.66,20,12,91.044
NS65NW_167,1,3_7,3.81782702163,-9999.0,-9999.0,-9999.0,59.6489982605,340.378535333524,125.696331559678,261957.22,659958.9,80,40,59.649
NS65NW_1675,1,3_7,6.03074348194,-9999.0,-9999.0,-9999.0,89.2369995117,209.103795176456,69.2855485246816,262248.91,659410.48,12,8,89.237
NS65NW_1688,1,3_7,4.26784152611,-9999.0,-9999.0,-9999.0,89.1800003052,211.402549493449,71.0394380340872,262493.6,659411.62,44,24,89.18
NS65NW_169,1,3_7,4.83128310488,-9999.0,-9999.0,-9999.0,60.0620002747,156.514769344779,50.0521410260199,262000.12,659950.09,12,8,60.062
NS65NW_1706,1,3_7,6.85413073883,-9999.0,-9999.0,-9999.0,92.1709976196,765.572726622461,199.00088635956,262052.49,659406.19,12,8,92.171
NS65NW_171,1,3_7,7.09174285538,-9999.0,-9999.0,-9999.0,72.2279968262,183.22696302074,57.1366843868218,262291.43,659949.76,20,12,72.228
NS65NW_1724,1,3_7,6.39855226181,-9999.0,-9999.0,-9999.0,91.1890029907,356.715210313487,88.975058822749,261920.57,659403.8,28,16,91.189
NS65NW_1731,1,3_7,5.57016140757,-9999.0,-9999.0,-9999.0,88.7779998779,470.856357510323,148.839364578784,262201.22,659408.44,60,32,88.778
NS65NW_1732,1,3_7,4.32347540538,-9999.0,-9999.0,-9999.0,89.6159973145,153.195218818746,57.9978635805353,262495.89,659392.96,20,12,89.616
NS65NW_1742,1,3_7,1.91470867836,-9999.0,-9999.0,-9999.0,90.8270339966,95.4899007195962,48.2385160686676,262346.27,659387.32,12,8,90.827
NS65NW_1743,1,3_7,1.91622667534,-9999.0,-9999.0,-9999.0,91.2389984131,44.2022456707016,27.1284712519295,262153.67,659386.11,12,8,91.239
NS65NW_1747,1,3_7,5.13959246225,-9999.0,-9999.0,-9999.0,89.4189987183,150.957395509997,55.7084620036723,262262.08,659392.34,20,12,89.419
NS65NW_1764,1,3_7,5.81419439548,-9999.0,-9999.0,-9999.0,89.8079986572,210.476718388029,73.3277646568824,262292.19,659391.75,28,16,89.808
NS65NW_1766,1,3_7,5.96266215222,-9999.0,-9999.0,-9999.0,90.9980010986,203.98749168758,68.8147685138158,262235.64,659384.31,12,8,90.998
NS65NW_1769,1,3_7,11.4429273149,-9999.0,-9999.0,-9999.0,91.2470016479,250.353304600812,67.8983341500629,261956.92,659383.43,28,16,91.247
NS65NW_1770,1,3_7,1.93043162314,-9999.0,-9999.0,-9999.0,90.8769226074,95.2941438269349,49.5677987421806,262369.66,659382.28,12,8,90.877
NS65NW_1776,1,3_7,5.57317626152,-9999.0,-9999.0,-9999.0,91.0540008545,268.705579547015,91.3426823602668,262317.48,659379.48,44,24,91.054
NS65NW_178,1,3_7,4.44505674579,-9999.0,-9999.0,-9999.0,76.7600021362,424.362556654632,124.726669011661,262378.38,659947.03,44,24,76.76
NS65NW_1791,1,3_7,11.3898244835,-9999.0,-9999.0,-9999.0,93.1240005493,244.381637368616,66.8073151974461,261996.33,659376.65,20,12,93.124
NS65NW_185,1,3_7,4.22871236551,-9999.0,-9999.0,-9999.0,79.7369995117,178.641585173348,57.7875769058669,262415.12,659945.39,20,12,79.737
NS65NW_196,1,3_7,2.99659601847,-9999.0,-9999.0,-9999.0,70.8759994507,41.7541800027846,26.3167309708637,262131.56,659936.25,12,8,70.876
NS65NW_197,1,3_7,2.41668199238,-9999.0,-9999.0,-9999.0,74.1790008545,22.1160600001633,22.0584451389984,262285.88,659935.8,8,6,74.179
NS65NW_200,1,3_7,4.25257385838,-9999.0,-9999.0,-9999.0,79.9489974976,264.823308247425,71.1205061551704,262453.41,659938.7,28,16,79.949
NS65NW_21,1,3_7,3.79525964143,-9999.0,-9999.0,-9999.0,59.5690002441,644.230741721559,167.223830961102,261925.5,659997.19,80,42,59.569
NS65NW_223,1,3_7,4.57462731513,-9999.0,-9999.0,-9999.0,80.1009979248,259.223638376847,71.6305845315461,262477.74,659932.05,28,16,80.101
NS65NW_232,1,3_7,5.29709830892,-9999.0,-9999.0,-9999.0,70.6190032959,123.282916265834,44.4174218488089,262119.15,659927.02,12,8,70.619
NS65NW_234,1,3_7,4.86464057641,-9999.0,-9999.0,-9999.0,59.8300018311,186.350217006561,56.5371711676053,261895.0,659929.54,20,12,59.83
NS65NW_235,1,3_7,6.77451522472,-9999.0,-9999.0,-9999.0,74.2440032959,246.424624794174,66.4629504756899,262306.66,659932.79,20,12,74.244
NS65NW_236,1,3_7,4.44881365516,-9999.0,-9999.0,-9999.0,80.408996582,136.356422205824,47.3061852289286,262497.8,659927.37,20,12,80.409
NS65NW_241,1,3_7,5.64472536377,-9999.0,-9999.0,-9999.0,69.483001709,162.159341875973,50.981199054441,262091.42,659926.09,12,8,69.483
NS65NW_242,1,3_7,4.92852026367,-9999.0,-9999.0,-9999.0,70.1859970093,129.509124110477,48.0490619466304,262106.08,659925.7,20,12,70.186
NS65NW_248,1,3_7,4.40273224224,-9999.0,-9999.0,-9999.0,59.7690010071,192.260642839559,60.3731925556219,261910.22,659926.01,28,16,59.769
NS65NW_25,1,3_7,4.88099447577,-9999.0,-9999.0,-9999.0,58.5400009155,182.67073946883,54.0961680035119,262002.22,659990.4,12,8,58.54
NS65NW_254,1,3_7,5.26350482753,-9999.0,-9999.0,-9999.0,68.1859970093,290.330040802005,77.142221349011,262071.27,659924.62,28,16,68.186
NS65NW_258,1,3_7,10.0512285442,-9999.0,-9999.0,-9999.0,71.0550003052,225.989270470369,62.2909681797868,262166.18,659923.51,20,12,71.055
NS65NW_26,1,3_7,6.4263677806,-9999.0,-9999.0,-9999.0,66.6289978027,225.559971032168,71.1925730817748,262271.32,659991.69,28,16,66.629
NS65NW_262,1,3_7,4.52116604241,-9999.0,-9999.0,-9999.0,59.9259986877,148.519465466046,48.7484276503041,261926.97,659923.44,12,8,59.926
NS65NW_263,1,3_7,5.9341909919,-9999.0,-9999.0,-9999.0,71.1449966431,180.878826457237,59.3929714157386,262143.01,659922.88,20,12,71.145
NS65NW_266,1,3_7,4.48546930675,-9999.0,-9999.0,-9999.0,66.9150009155,166.751615932254,54.9786491088107,262050.89,659921.76,20,12,66.915
NS65NW_275,1,3_7,5.12650144077,-9999.0,-9999.0,-9999.0,66.2279968262,130.475429548796,48.3538906280783,262036.42,659918.93,20,12,66.228
NS65NW_279,1,3_7,7.90697343967,-9999.0,-9999.0,-9999.0,73.8099975586,363.737394624056,94.91216930709,262201.85,659921.24,52,28,73.81
NS65NW_28,1,3_7,2.79267088098,-9999.0,-9999.0,-9999.0,60.4760017395,53.5563225047866,30.3833807273064,261900.65,659987.74,12,8,60.476
NS65NW_284,1,3_7,4.67185711039,-9999.0,-9999.0,-9999.0,65.1770019531,167.797200226174,54.1216259658214,262020.56,659917.13,28,16,65.177
NS65NW_287,1,3_7,5.11837739256,-9999.0,-9999.0,-9999.0,60.3909988403,168.512202756801,52.5790709606162,261956.55,659915.13,20,12,60.391
NS65NW_29,1,3_7,2.13518208906,-9999.0,-9999.0,-9999.0,62.3030014038,34.3597012498174,26.7369506039804,262082.32,659986.24,8,6,62.303
NS65NW_293,1,3_7,2.9613697089,-9999.0,-9999.0,-9999.0,70.9879989624,25.8702000002511,20.8342382046165,262082.69,659909.7,12,8,70.988
NS65NW_296,1,3_7,2.96642156655,-9999.0,-9999.0,-9999.0,71.2870025635,80.6804072593508,37.293361027962,262098.93,659909.85,12,8,71.287
NS65NW_297,1,3_7,3.33266343932,-9999.0,-9999.0,-9999.0,72.6979980469,37.3770899991981,26.8017237476034,262124.61,659909.89,12,8,72.698
NS65NW_298,1,3_7,7.58419678838,-9999.0,-9999.0,-9999.0,74.7279968262,182.105125714461,58.2050316217857,262360.4,659913.25,20,12,74.728
NS65NW_30,1,3_7,2.4031957613,-9999.0,-9999.0,-9999.0,61.4500007629,35.7555824990392,23.9617760275507,262050.99,659985.19,12,8,61.45
NS65NW_301,1,3_7,2.92379805621,-9999.0,-9999.0,-9999.0,61.533000946,51.7147350029543,28.7775639941182,261894.96,659909.85,12,8,61.533
NS65NW_306,1,3_7,5.21569020968,-9999.0,-9999.0,-9999.0,62.2524986267,230.284990043434,66.2475580773925,261997.55,659914.23,36,20,62.252
NS65NW_31,1,3_7,2.371512425,-9999.0,-9999.0,-9999.0,61.7599983215,63.1853624986761,32.817291276031,262065.31,659985.22,12,8,61.76
NS65NW_310,1,3_7,7.52039176539,-9999.0,-9999.0,-9999.0,75.3300018311,189.346055913985,57.9347430704987,262400.14,659910.09,20,12,75.33
NS65NW_317,1,3_7,2.8565118242,-9999.0,-9999.0,-9999.0,61.3219985962,27.0299512458676,21.3455508088645,261912.26,659905.54,12,8,61.322
NS65NW_320,1,3_7,7.43314486958,-9999.0,-9999.0,-9999.0,75.6090011597,184.8860132247,57.7465276009029,262423.34,659908.21,20,12,75.609
NS65NW_322,1,3_7,7.07529566908,-9999.0,-9999.0,-9999.0,74.6269989014,219.205047850405,67.2030284987928,262379.79,659909.85,36,20,74.627
NS65NW_325,1,3_7,4.39203379404,-9999.0,-9999.0,-9999.0,74.4929962158,203.93307793115,73.1044251283585,262342.36,659911.53,28,16,74.493
NS65NW_339,1,3_7,2.78814905058,-9999.0,-9999.0,-9999.0,62.8300018311,32.4047062523273,24.205420200109,261888.62,659900.59,12,8,62.83
NS65NW_340,1,3_7,5.42690330828,-9999.0,-9999.0,-9999.0,75.6340026855,183.191789411947,56.0501036770954,262441.11,659904.68,20,12,75.634
NS65NW_35,1,3_7,4.25673187696,-9999.0,-9999.0,-9999.0,72.660774231,164.734271740834,55.6130720941879,262483.95,659988.82,36,20,72.661
NS65NW_352,1,3_7,4.90453657378,-9999.0,-9999.0,-9999.0,75.5510025024,171.067625022358,56.388680860886,262458.56,659900.77,28,16,75.551
NS65NW_355,1,3_7,3.89277976886,-9999.0,-9999.0,-9999.0,62.1289978027,61.678469127638,36.4052162002228,261926.82,659896.41,20,12,62.129
NS65NW_356,1,3_7,5.00517417645,-9999.0,-9999.0,-9999.0,62.4959983826,152.159261123519,49.4362377619488,261955.02,659898.71,12,8,62.496
NS65NW_361,1,3_7,2.21920911889,-9999.0,-9999.0,-9999.0,71.6429977417,39.4028887502384,25.3779701112884,262051.19,659895.49,12,8,71.643
NS65NW_365,1,3_7,4.80103711475,-9999.0,-9999.0,-9999.0,65.56300354,157.599710062581,50.2873894337385,261991.47,659897.76,12,8,65.563
NS65NW_368,1,3_7,4.91557176378,-9999.0,-9999.0,-9999.0,75.6539993286,156.105389099143,52.7955106266436,262475.22,659897.35,20,12,75.654
NS65NW_383,1,3_7,4.58418556109,-9999.0,-9999.0,-9999.0,76.1610031128,171.080471772487,52.9029753210503,262492.15,659893.46,20,12,76.161
NS65NW_40,1,3_7,3.97142308512,-9999.0,-9999.0,-9999.0,59.125,318.531621090927,89.3768850807779,261961.54,659988.6,60,32,59.125
NS65NW_400,1,3_7,6.13300253232,-9999.0,-9999.0,-9999.0,70.9889984131,161.935489781562,61.9512931703063,262314.98,659887.68,44,24,70.989
NS65NW_407,1,3_7,5.59996156598,-9999.0,-9999.0,-9999.0,70.7740020752,262.909531354194,72.4767855500573,262337.1,659884.4,28,16,70.774
NS65NW_415,1,3_7,6.30939396522,-9999.0,-9999.0,-9999.0,70.3726654053,244.901856105556,65.5180902711559,262359.82,659880.64,12,8,70.373
NS65NW_420,1,3_7,6.30116976664,-9999.0,-9999.0,-9999.0,63.5519981384,169.127032479508,53.2179543882271,261890.76,659880.78,20,12,63.552
NS65NW_430,1,3_7,5.28065805611,-9999.0,-9999.0,-9999.0,63.8899993896,124.492953299755,44.9159783817355,261907.53,659875.59,12,8,63.89
NS65NW_435,1,3_7,5.39534090139,-9999.0,-9999.0,-9999.0,63.7519989014,160.143503095292,52.5093166006751,261923.8,659874.82,20,12,63.752
NS65NW_436,1,3_7,3.1944593887,-9999.0,-9999.0,-9999.0,64.4589996338,58.5604800072557,30.8633005922519,261937.63,659871.64,12,8,64.459
NS65NW_437,1,3_7,11.2986741269,-9999.0,-9999.0,-9999.0,74.6470031738,450.487006628131,98.273047542552,262091.56,659876.41,48,26,74.647
NS65NW_438,1,3_7,4.70632455223,-9999.0,-9999.0,-9999.0,77.7399978638,80.9344596693877,40.2246340003485,262118.77,659874.07,20,12,77.74
NS65NW_439,1,3_7,7.35186797023,-9999.0,-9999.0,-9999.0,77.672996521,297.288895134953,75.7126074837672,262140.37,659876.91,36,20,77.673
NS65NW_441,1,3_7,6.10212656856,-9999.0,-9999.0,-9999.0,79.7890014648,200.346931549632,68.4515855416643,262189.82,659875.81,28,16,79.789
NS65NW_446,1,3_7,5.95352118066,-9999.0,-9999.0,-9999.0,71.7220001221,197.947904476052,60.6568331036963,262021.09,659871.9,20,12,71.722
NS65NW_449,1,3_7,6.09348459639,-9999.0,-9999.0,-9999.0,73.8099975586,217.425504877703,59.7534681718145,262046.71,659874.86,12,8,73.81
NS65NW_461,1,3_7,2.5921270643,-9999.0,-9999.0,-9999.0,79.8558044434,72.490077059201,34.3349764722785,262204.28,659865.67,12,8,79.856
NS65NW_464,1,3_7,5.17189623568,-9999.0,-9999.0,-9999.0,64.06300354,363.458201904663,100.641929251853,261951.54,659874.28,32,18,64.063
NS65NW_472,1,3_7,4.97533132168,-9999.0,-9999.0,-9999.0,66.0729980469,357.312842970408,101.442050762182,261990.93,659872.62,28,16,66.073
NS65NW_487,1,3_7,5.87709384299,-9999.0,-9999.0,-9999.0,69.9570007324,222.362102372335,65.196220475755,262371.17,659857.84,20,12,69.957
NS65NW_500,1,3_7,11.4224839858,-9999.0,-9999.0,-9999.0,75.8280029297,762.767849886971,139.939483533922,262228.81,659864.17,52,28,75.828
NS65NW_508,1,3_7,4.6919944198,-9999.0,-9999.0,-9999.0,78.1149978638,183.934804273919,57.6035352169092,262056.47,659849.7,20,12,78.115
NS65NW_509,1,3_7,6.34777741403,-9999.0,-9999.0,-9999.0,70.5120010376,212.836441282662,69.394752817459,262312.11,659850.88,28,16,70.512
NS65NW_515,1,3_7,3.58685358109,-9999.0,-9999.0,-9999.0,81.9300003052,32.3522137542193,23.1589740759569,262205.23,659842.95,12,8,81.93
NS65NW_519,1,3_7,4.6464803653,-9999.0,-9999.0,-9999.0,66.2409973145,165.329180245596,51.9342819361834,261891.61,659844.61,20,12,66.241
NS65NW_52,1,3_7,3.14875199523,-9999.0,-9999.0,-9999.0,64.5810012817,40.3604664035966,26.3143961982508,262121.75,659979.41,12,8,64.581
NS65NW_525,1,3_7,4.77678993013,-9999.0,-9999.0,-9999.0,79.9919967651,112.832072765693,46.5125037653588,262217.35,659840.99,12,8,79.992
NS65NW_53,1,3_7,3.42024845405,-9999.0,-9999.0,-9999.0,64.3830032349,78.0519897130258,35.4520448405989,262176.58,659980.48,12,8,64.383
NS65NW_532,1,3_7,4.65568424436,-9999.0,-9999.0,-9999.0,66.0670013428,159.350610449068,50.530954637225,261908.06,659840.77,12,8,66.067
NS65NW_539,1,3_7,5.82399193259,-9999.0,-9999.0,-9999.0,84.6539993286,285.791647935289,77.913225369157,262181.67,659839.21,28,16,84.654
NS65NW_549,1,3_7,2.34287982041,-9999.0,-9999.0,-9999.0,71.7340011597,25.1949824989412,23.92949461279,262004.21,659832.04,8,6,71.734
NS65NW_550,1,3_7,4.23765563965,-9999.0,-9999.0,-9999.0,66.3820037842,184.660068599691,56.5071134588591,261923.99,659836.25,20,12,66.382
NS65NW_554,1,3_7,2.88811296334,-9999.0,-9999.0,-9999.0,82.5279998779,41.6864812499833,25.9903169779742,262204.67,659830.01,12,8,82.528
NS65NW_556,1,3_7,2.52784759726,-9999.0,-9999.0,-9999.0,67.1650009155,40.7541000013874,25.9570893550236,261881.69,659829.22,12,8,67.165
NS65NW_558,1,3_7,4.57033668776,-9999.0,-9999.0,-9999.0,76.8909988403,177.902237108707,54.0219075265452,262047.17,659833.54,20,12,76.891
NS65NW_560,1,3_7,5.06324566962,-9999.0,-9999.0,-9999.0,72.1839981079,155.584578715059,49.9342311106398,262014.03,659831.94,12,8,72.184
NS65NW_563,1,3_7,6.17141720084,-9999.0,-9999.0,-9999.0,69.9100036621,221.979067927662,66.4826937287486,262370.84,659833.42,36,20,69.91
NS65NW_568,1,3_7,5.93903982537,-9999.0,-9999.0,-9999.0,70.8659973145,242.456301076355,66.206961305449,262315.31,659827.1,20,12,70.866
NS65NW_578,1,3_7,4.57376680658,-9999.0,-9999.0,-9999.0,75.0989990234,195.186790388168,57.5176655342329,262030.36,659826.37,36,20,75.099
NS65NW_58,1,3_7,7.34082887231,-9999.0,-9999.0,-9999.0,72.0690002441,256.988208582289,72.6054991106718,262345.72,659985.78,36,20,72.069
NS65NW_580,1,3_7,4.67153647885,-9999.0,-9999.0,-9999.0,67.6819992065,244.210735355005,83.8821413135523,261949.89,659827.92,52,28,67.682
NS65NW_581,1,3_7,4.86468096545,-9999.0,-9999.0,-9999.0,70.8639984131,214.04414683748,61.9666479005693,261991.38,659826.74,20,12,70.864
NS65NW_582,1,3_7,5.85439200698,-9999.0,-9999.0,-9999.0,70.1940002441,238.851609452238,72.9485916209294,262338.2,659826.68,36,20,70.194
NS65NW_589,1,3_7,4.95871257106,-9999.0,-9999.0,-9999.0,87.0690002441,144.777870722676,56.2377691288508,262102.22,659822.63,28,16,87.069
NS65NW_599,1,3_7,2.62336879933,-9999.0,-9999.0,-9999.0,68.1299972534,44.5341374956968,28.0803129626769,261941.94,659814.34,12,8,68.13
NS65NW_603,1,3_7,2.24640451266,-9999.0,-9999.0,-9999.0,79.0924987793,34.0931137458922,23.7485425758998,262041.6,659813.74,12,8,79.093
NS65NW_607,1,3_7,2.40445188403,-9999.0,-9999.0,-9999.0,75.5899963379,68.9294713749441,33.5086366270106,262025.41,659812.71,12,8,75.59
NS65NW_620,1,3_7,6.14673198069,-9999.0,-9999.0,-9999.0,70.0690002441,185.967899737638,55.765413497558,262372.93,659809.63,12,8,70.069
NS65NW_622,1,3_7,4.8105896654,-9999.0,-9999.0,-9999.0,68.6640014648,158.825753911065,55.9198589952702,261954.35,659806.88,28,16,68.664
NS65NW_623,1,3_7,7.56153811916,-9999.0,-9999.0,-9999.0,82.2040023804,288.903641034539,71.0151379759252,262233.2,659807.58,20,12,82.204
NS65NW_627,1,3_7,5.7117562162,-9999.0,-9999.0,-9999.0,71.1539993286,167.269375493522,51.7411694412758,261991.99,659804.42,12,8,71.154
NS65NW_630,1,3_7,2.40611277835,-9999.0,-9999.0,-9999.0,68.5542221069,21.4243499967918,21.1124854570794,261923.06,659800.24,8,6,68.554
NS65NW_632,1,3_7,6.15861484892,-9999.0,-9999.0,-9999.0,68.3649978638,226.02273180333,67.6571113314077,261877.75,659803.2,12,8,68.365
NS65NW_639,1,3_7,5.96419013938,-9999.0,-9999.0,-9999.0,73.0059967041,101.520138348565,43.5055503388189,262312.83,659799.0,20,12,73.006
NS65NW_644,1,3_7,5.40054574365,-9999.0,-9999.0,-9999.0,68.4619979858,270.227849481954,81.4766707410611,261905.22,659799.41,28,16,68.462
NS65NW_645,1,3_7,6.19262971683,-9999.0,-9999.0,-9999.0,72.5230026245,99.6229830961694,43.2496192484948,262323.77,659797.22,20,12,72.523
NS65NW_648,1,3_7,5.83402647101,-9999.0,-9999.0,-9999.0,85.2109985352,393.105846051549,99.1667890461324,262179.26,659807.06,36,20,85.211
NS65NW_651,1,3_7,5.91068440071,-9999.0,-9999.0,-9999.0,70.474281311,229.224641646727,64.547579557919,262343.06,659799.62,12,8,70.474
NS65NW_660,1,3_7,4.99762647273,-9999.0,-9999.0,-9999.0,68.8040008545,153.394480040055,69.7175921569023,261929.08,659790.2,52,28,68.804
NS65NW_661,1,3_7,6.48658580951,-9999.0,-9999.0,-9999.0,85.5579986572,460.839539809131,131.040459864866,262088.86,659794.69,84,42,85.558
NS65NW_662,1,3_7,5.96999016988,-9999.0,-9999.0,-9999.0,69.9309997559,153.404165873443,53.5590445436563,262376.87,659790.24,28,16,69.931
NS65NW_669,1,3_7,4.71571329533,-9999.0,-9999.0,-9999.0,90.5490036011,378.433949542061,88.7059916599949,262143.94,659794.11,20,12,90.549
NS65NW_671,1,3_7,4.95991632842,-9999.0,-9999.0,-9999.0,67.9990005493,210.215901112392,62.8493904915864,261955.07,659789.15,28,16,67.999
NS65NW_673,1,3_7,5.14863342525,-9999.0,-9999.0,-9999.0,80.93699646,166.803621457998,51.6833045937877,262055.74,659784.9,12,8,80.937
NS65NW_675,1,3_7,4.0106019058,-9999.0,-9999.0,-9999.0,78.1600036621,273.048618559739,100.263803269025,262037.72,659792.09,44,24,78.16
NS65NW_679,1,3_7,4.24744497186,-9999.0,-9999.0,-9999.0,74.988494873,219.955759514848,65.7016267090208,262017.5,659783.32,36,20,74.989
NS65NW_686,1,3_7,5.10100074939,-9999.0,-9999.0,-9999.0,72.8369979858,200.488962754739,62.3055053644389,261993.76,659783.28,20,12,72.837
NS65NW_69,1,3_7,2.31781273268,-9999.0,-9999.0,-9999.0,65.0729980469,158.171938913211,69.1230368474426,262200.07,659975.29,20,12,65.073
NS65NW_698,1,3_7,5.60458307724,-9999.0,-9999.0,-9999.0,90.1380004883,199.954940473996,66.4485835482068,262169.48,659773.11,44,24,90.138
NS65NW_701,1,3_7,5.63151523498,-9999.0,-9999.0,-9999.0,88.2139968872,139.519919989605,53.7495763181384,262197.44,659769.71,28,16,88.214
NS65NW_702,1,3_7,6.49896467374,-9999.0,-9999.0,-9999.0,87.3326873779,321.821472835565,88.7603741056183,262221.34,659771.62,52,28,87.333
NS65NW_703,1,3_7,5.94623852802,-9999.0,-9999.0,-9999.0,70.7630004883,215.099397946803,62.0115737029035,262378.87,659772.56,20,12,70.763
NS65NW_706,1,3_7,6.15528282011,-9999.0,-9999.0,-9999.0,72.2259979248,102.573414002858,45.2412479392867,262353.23,659768.25,20,12,72.226
NS65NW_709,1,3_7,5.86686677571,-9999.0,-9999.0,-9999.0,72.8320007324,235.478500247988,77.7488025826688,262335.5,659768.98,52,28,72.832
NS65NW_717,1,3_7,5.74607129559,-9999.0,-9999.0,-9999.0,68.3700027466,234.238867051877,68.799979073797,261904.43,659765.04,12,8,68.37
NS65NW_718,1,3_7,2.45619907019,-9999.0,-9999.0,-9999.0,71.9079971313,27.0234112467286,21.3727198063633,262389.09,659760.37,12,8,71.908
NS65NW_734,1,3_7,5.84293262919,-9999.0,-9999.0,-9999.0,72.7350006104,78.9956154620824,38.3010063921773,262381.12,659754.39,20,12,72.735
NS65NW_735,1,3_7,8.40566091725,-9999.0,-9999.0,-9999.0,85.1299972534,235.37995996224,69.483945312856,262245.47,659761.24,20,12,85.13
NS65NW_738,1,3_7,6.20413137402,-9999.0,-9999.0,-9999.0,68.8209991455,203.507706685071,62.7151949382009,261929.19,659755.91,12,8,68.821
NS65NW_743,1,3_7,5.63992001747,-9999.0,-9999.0,-9999.0,67.297996521,118.722332117205,47.6407556151456,261881.78,659755.29,20,12,67.298
NS65NW_746,1,3_7,7.91496408711,-9999.0,-9999.0,-9999.0,85.6061706543,238.675666616445,73.6105984023485,262263.02,659753.79,52,28,85.606
NS65NW_748,1,3_7,6.02869259197,-9999.0,-9999.0,-9999.0,89.4280014038,144.907807327807,49.9442435800475,262132.87,659751.32,12,8,89.428
NS65NW_749,1,3_7,4.9255767295,-9999.0,-9999.0,-9999.0,81.3619995117,130.189716394547,51.4786530034602,262065.95,659750.21,36,20,81.362
NS65NW_752,1,3_7,4.83210978562,-9999.0,-9999.0,-9999.0,79.0650024414,203.535893331997,62.4519923308152,262046.92,659749.03,28,16,79.065
NS65NW_756,1,3_7,5.47489007056,-9999.0,-9999.0,-9999.0,84.3239974976,382.991236314892,97.9566567681329,262104.6,659749.09,52,28,84.324
NS65NW_759,1,3_7,5.11262480964,-9999.0,-9999.0,-9999.0,71.9800033569,195.094055973441,58.4748992563745,261982.34,659746.16,12,8,71.98
NS65NW_761,1,3_7,6.18295190156,-9999.0,-9999.0,-9999.0,70.9789962769,85.283607898095,39.7544577080059,261964.06,659746.03,20,12,70.979
NS65NW_762,1,3_7,5.30409782037,-9999.0,-9999.0,-9999.0,77.2040023804,101.282703517773,43.0176644029366,262028.76,659746.87,20,12,77.204
NS65NW_764,1,3_7,4.70264548138,-9999.0,-9999.0,-9999.0,74.5439987183,121.955346174094,46.2076553947638,262002.33,659745.6,20,12,74.544
NS65NW_772,1,3_7,2.57017760807,-9999.0,-9999.0,-9999.0,80.2109985352,21.3689437484514,21.9095689414369,262057.6,659740.46,8,6,80.211
NS65NW_782,1,3_7,4.86759953596,-9999.0,-9999.0,-9999.0,90.2149963379,201.382098710965,78.1005748019825,262147.45,659741.65,44,24,90.215
NS65NW_783,1,3_7,5.62829311393,-9999.0,-9999.0,-9999.0,66.9970016479,267.068902854331,76.6397045021039,261899.82,659738.57,12,8,66.997
NS65NW_784,1,3_7,2.45819225126,-9999.0,-9999.0,-9999.0,71.3395004272,52.4094600056443,29.2118591229827,261971.19,659734.61,12,8,71.34
NS65NW_79,1,3_7,4.84252452087,-9999.0,-9999.0,-9999.0,59.0730018616,198.254623713242,56.4540194444788,262001.08,659974.42,12,8,59.073
NS65NW_790,1,3_7,5.17202946939,-9999.0,-9999.0,-9999.0,90.4339981079,188.443556178486,74.2952960135211,262162.85,659736.99,24,14,90.434
NS65NW_791,1,3_7,7.63169688135,-9999.0,-9999.0,-9999.0,85.0327987671,311.386586355595,80.3130141122446,262291.59,659737.67,36,20,85.033
NS65NW_795,1,3_7,5.8873544258,-9999.0,-9999.0,-9999.0,90.9729995728,144.894476245695,46.133490228965,262185.12,659733.11,20,12,90.973
NS65NW_80,1,3_7,4.28132212917,-9999.0,-9999.0,-9999.0,74.7310028076,167.667718758543,67.7224100330759,262477.58,659973.55,28,16,74.731
NS65NW_804,1,3_7,2.45810471458,-9999.0,-9999.0,-9999.0,90.7300033569,25.6756274990449,23.6015196212769,262171.24,659726.89,8,6,90.73
NS65NW_821,1,3_7,5.87921858935,-9999.0,-9999.0,-9999.0,90.31300354,155.842092620805,54.139991223327,262201.89,659726.16,20,12,90.313
NS65NW_824,1,3_7,2.06467500884,-9999.0,-9999.0,-9999.0,86.4260025024,39.6659849983303,28.2769119437266,262134.91,659720.25,16,10,86.426
NS65NW_831,1,3_7,5.77561361362,-9999.0,-9999.0,-9999.0,84.3669967651,162.832655344069,74.8770318753741,262104.02,659722.45,32,18,84.367
NS65NW_835,1,3_7,4.74872282063,-9999.0,-9999.0,-9999.0,82.0739974976,210.849876245001,65.3024693632927,262370.09,659719.73,36,20,82.074
NS65NW_838,1,3_7,5.48272479385,-9999.0,-9999.0,-9999.0,70.0699996948,163.149276667097,55.0692448957721,261965.53,659718.96,20,12,70.07
NS65NW_841,1,3_7,5.59125900793,-9999.0,-9999.0,-9999.0,74.5459976196,188.559711270089,66.063488771682,262003.21,659721.89,28,16,74.546
NS65NW_843,1,3_7,4.50432015477,-9999.0,-9999.0,-9999.0,76.5070037842,244.942796403915,78.7269142834404,262037.39,659718.99,44,24,76.507
NS65NW_845,1,3_7,5.10307665332,-9999.0,-9999.0,-9999.0,89.7559967041,202.914688694894,76.6090886094464,262216.18,659718.45,44,24,89.756
NS65NW_849,1,3_7,6.2968155414,-9999.0,-9999.0,-9999.0,85.9359970093,137.508312972067,47.6804765376908,262124.25,659712.21,12,8,85.936
NS65NW_852,1,3_7,2.18808062153,-9999.0,-9999.0,-9999.0,88.8529968262,40.8288862457545,26.0934571106646,262170.61,659708.74,12,8,88.853
NS65NW_855,1,3_7,5.25060122711,-9999.0,-9999.0,-9999.0,81.4720001221,264.320137589427,95.9880914320934,262069.21,659721.39,48,26,81.472
NS65NW_860,1,3_7,2.78869836981,-9999.0,-9999.0,-9999.0,84.449005127,26.3446799984247,24.4210637085147,262397.21,659705.92,8,6,84.449
NS65NW_867,1,3_7,6.0951398903,-9999.0,-9999.0,-9999.0,87.033996582,136.903217399994,49.8122990262106,262142.24,659705.68,20,12,87.034
NS65NW_872,1,3_7,6.15314423957,-9999.0,-9999.0,-9999.0,81.875,149.719462355573,54.0055579292908,262079.85,659705.14,28,16,81.875
NS65NW_877,1,3_7,6.22492130892,-9999.0,-9999.0,-9999.0,87.2929992676,509.765721284829,162.293329258249,262243.37,659708.14,84,44,87.293
NS65NW_881,1,3_7,5.55036527939,-9999.0,-9999.0,-9999.0,87.8700027466,185.798340903697,70.6238342220258,262158.86,659705.37,36,20,87.87
NS65NW_885,1,3_7,4.9785458807,-9999.0,-9999.0,-9999.0,74.5189971924,223.234295786146,61.9647287052327,262008.18,659701.11,20,12,74.519
NS65NW_892,1,3_7,6.2121057737,-9999.0,-9999.0,-9999.0,88.0260009766,138.05646590925,47.817981515516,262176.22,659694.64,12,8,88.026
NS65NW_894,1,3_7,2.45005096165,-9999.0,-9999.0,-9999.0,81.6060028076,34.3560487534541,32.4705646853888,262080.66,659690.02,16,10,81.606
NS65NW_896,1,3_7,2.93457930281,-9999.0,-9999.0,-9999.0,86.6409988403,48.8601262445389,29.6256289174035,262397.06,659691.22,12,8,86.641
NS65NW_897,1,3_7,8.11830677197,-9999.0,-9999.0,-9999.0,86.4609985352,228.960694321231,65.0529113225788,262281.52,659694.33,28,16,86.461
NS65NW_899,1,3_7,6.5322223845,-9999.0,-9999.0,-9999.0,81.9990005493,149.230049751411,51.7612501965765,262095.3,659693.67,28,16,81.999
NS65NW_90,1,3_7,2.31551715306,-9999.0,-9999.0,-9999.0,61.7150001526,33.2876549981107,26.3401663333731,262026.42,659966.36,8,6,61.715
NS65NW_900,1,3_7,2.97897932265,-9999.0,-9999.0,-9999.0,86.375,32.501936247415,23.4249991632569,262263.99,659689.5,12,8,86.375
NS65NW_908,1,3_7,1.69828579643,-9999.0,-9999.0,-9999.0,78.6740036011,25.2858599977079,24.57961459408,262062.79,659687.02,8,6,78.674
NS65NW_910,1,3_7,6.00322106209,-9999.0,-9999.0,-9999.0,87.9240036011,146.426320910498,52.4957673348469,262194.04,659688.75,20,12,87.924
NS65NW_917,1,3_7,5.09235464503,-9999.0,-9999.0,-9999.0,76.3659973145,280.92340967505,86.7379438800156,262045.18,659693.98,36,20,76.366
NS65NW_923,1,3_7,4.72309558853,-9999.0,-9999.0,-9999.0,74.8330001831,132.020465415268,46.8489451505333,262013.53,659685.31,20,12,74.833
NS65NW_928,1,3_7,7.84229200169,-9999.0,-9999.0,-9999.0,85.7620010376,242.878658064152,69.5955082874216,262307.41,659684.99,36,20,85.762
NS65NW_934,1,3_7,6.48265663811,-9999.0,-9999.0,-9999.0,83.9390029907,286.153810100454,87.5527146702065,262121.37,659683.21,28,16,83.939
NS65NW_947,1,3_7,5.30395653239,-9999.0,-9999.0,-9999.0,70.3690032959,365.381938399567,119.743454408769,261972.15,659689.06,72,38,70.369
NS65NW_948,1,3_7,2.06692965526,-9999.0,-9999.0,-9999.0,87.2399978638,31.5990900013321,25.7731099205678,262201.71,659671.27,8,6,87.24
NS65NW_949,1,3_7,7.54745577215,-9999.0,-9999.0,-9999.0,85.6449966431,255.761905749654,70.8419417664872,262334.99,659676.18,28,16,85.645
NS65NW_950,1,3_7,5.83570102288,-9999.0,-9999.0,-9999.0,85.8330001831,173.207504350953,58.6272797351609,262148.96,659673.75,28,16,85.833
NS65NW_951,1,3_7,2.7735526123,-9999.0,-9999.0,-9999.0,85.653503418,37.1523750013439,28.9140786862582,262319.92,659669.55,8,6,85.653
NS65NW_952,1,3_7,8.060425335,-9999.0,-9999.0,-9999.0,85.5009994507,722.108363791086,158.730663879336,262430.26,659681.92,80,42,85.501
NS65NW_954,1,3_7,5.67766270998,-9999.0,-9999.0,-9999.0,77.7870025635,152.141362754163,52.3916302163241,262060.25,659673.92,20,12,77.787
NS65NW_959,1,3_7,2.29167850201,-9999.0,-9999.0,-9999.0,85.3509979248,46.8819599954865,27.5845443227948,262134.98,659666.62,12,8,85.351
NS65NW_96,1,3_7,4.82679683131,-9999.0,-9999.0,-9999.0,71.8481292725,584.253830495536,146.864409087225,262387.86,659985.03,60,32,71.848
NS65NW_961,1,3_7,5.97383263717,-9999.0,-9999.0,-9999.0,72.0599975586,79.5201954875905,35.868872440085,261982.05,659666.16,12,8,72.06
NS65NW_967,1,3_7,2.50335873643,-9999.0,-9999.0,-9999.0,86.81199646,75.5099050762319,37.1339721590845,262225.66,659663.32,20,12,86.812
NS65NW_971,1,3_7,5.44720063494,-9999.0,-9999.0,-9999.0,75.6549987793,203.734406052652,68.3471667850423,262021.49,659667.85,28,16,75.655
NS65NW_972,1,3_7,2.04471685948,-9999.0,-9999.0,-9999.0,86.6740036011,41.4656137501926,25.9923549712417,262191.4,659659.99,12,8,86.674
NS65NW_974,1,3_7,5.77231194259,-9999.0,-9999.0,-9999.0,86.4844970703,173.334912566,56.0170088385539,262178.18,659661.89,20,12,86.484
NS65NW_976,1,3_7,8.03342496225,-9999.0,-9999.0,-9999.0,87.0439987183,376.777259882121,112.723046662776,262474.69,659663.7,44,24,87.044
NS65NW_979,1,3_7,5.48961130421,-9999.0,-9999.0,-9999.0,79.4140014648,184.385909999507,58.4241184177065,262076.04,659659.65,28,16,79.414
NS65NW_98,1,3_7,7.38645089886,-9999.0,-9999.0,-9999.0,69.8079986572,170.684655929787,55.318059293783,262279.58,659969.13,20,12,69.808
NS65NW_982,1,3_7,2.320211944,-9999.0,-9999.0,-9999.0,85.1039962769,68.4322721398683,33.4242443422479,262144.11,659655.07,12,8,85.104
NS65NW_99,1,3_7,4.62282641754,-9999.0,-9999.0,-9999.0,59.202999115,158.272555259234,50.3638966797017,261884.4,659967.36,12,8,59.203
NS65NW_991,1,3_7,7.01303837462,-9999.0,-9999.0,-9999.0,86.6439971924,249.191465056942,65.8797477105276,262209.07,659654.29,20,12,86.644
NS65NW_992,1,3_7,5.77536248683,-9999.0,-9999.0,-9999.0,76.766998291,177.248389341791,52.2412198952371,262034.88,659655.15,16,10,76.767
NS65NW_994,1,3_7,2.65166132791,-9999.0,-9999.0,-9999.0,85.7089996338,59.284807493609,30.86054173825,262303.96,659650.01,12,8,85.709
NS65NW_995,1,3_7,5.39872227422,-9999.0,-9999.0,-9999.0,80.9437484741,174.267705724482,62.3016987872741,262092.23,659653.71,28,16,80.944
NS65NW_3347,1,4_4,5.51223671408,-9999.0,-9999.0,-9999.0,200.013000488,322.710279128155,75.1131405291744,262506.88,657910.97,12,8,200.013
NS65NW_3350,1,4_4,4.99142360687,-9999.0,-9999.0,-9999.0,199.742996216,441.114295582492,103.782728278209,262553.68,657878.92,12,8,199.743
NS65NW_3353,1,4_4,2.52927351327,-9999.0,-9999.0,-9999.0,200.29838562,120.633960359717,81.2849335913157,262566.8,657851.34,36,22,200.298
NS65NW_3357,1,4_4,4.15422479627,-9999.0,-9999.0,-9999.0,201.161972046,575.970585702575,147.516440566934,262591.78,657847.45,76,40,201.162
NS65NW_3358,1,4_4,3.23793567349,-9999.0,-9999.0,-9999.0,200.414001465,143.254002476914,73.2259540711552,262548.91,657834.3,68,36,200.414
NS65NW_3360,1,4_4,4.57019293539,-9999.0,-9999.0,-9999.0,199.772994995,2689.85993940692,448.255061716373,262516.23,657866.26,172,88,199.773
NS65NW_3170,1,4_5,6.05947843337,-9999.0,-9999.0,-9999.0,142.852005005,99.0805103064016,39.9365729895936,262718.57,658749.6,12,8,142.852
NS65NW_3171,1,4_5,3.07630128351,-9999.0,-9999.0,-9999.0,143.376998901,67.2113100041227,32.9311824108839,262887.45,658748.81,12,8,143.377
NS65NW_3172,1,4_5,3.15074968768,-9999.0,-9999.0,-9999.0,145.274002075,29.0074087489054,22.8845991203128,262590.55,658747.57,12,8,145.274
NS65NW_3179,1,4_5,5.98520577019,-9999.0,-9999.0,-9999.0,141.755004883,100.717029783551,42.7882140696602,262536.68,658745.1,20,12,141.755
NS65NW_3181,1,4_5,2.44259099546,-9999.0,-9999.0,-9999.0,143.171005249,31.0925024990511,23.3378052214621,262798.07,658739.17,12,8,143.171
NS65NW_3182,1,4_5,5.44057345999,-9999.0,-9999.0,-9999.0,142.960998535,227.253503488756,88.2048139128169,262782.95,658746.68,52,28,142.961
NS65NW_3184,1,4_5,4.66851602217,-9999.0,-9999.0,-9999.0,143.067962646,278.53081683096,112.112669043042,262649.76,658744.8,68,36,143.068
NS65NW_3187,1,4_5,5.02974954551,-9999.0,-9999.0,-9999.0,145.569000244,390.689367955613,132.724446662669,262845.01,658745.2,88,46,145.569
NS65NW_3189,1,4_5,5.11373667449,-9999.0,-9999.0,-9999.0,144.938995361,485.898438620308,167.328457573923,262613.25,658742.22,100,52,144.939
NS65NW_3193,1,4_5,6.15908165837,-9999.0,-9999.0,-9999.0,143.229003906,84.8040209610552,37.1491577887062,262789.76,658730.51,12,8,143.229
NS65NW_3195,1,4_5,5.19505952919,-9999.0,-9999.0,-9999.0,142.837005615,273.359016222845,105.261857025404,262576.25,658731.48,76,40,142.837
NS65NW_3197,1,4_5,5.94680001641,-9999.0,-9999.0,-9999.0,141.847000122,186.976627498633,80.491229724042,262535.28,658730.14,32,18,141.847
NS65NW_3201,1,4_5,2.09412058512,-9999.0,-9999.0,-9999.0,143.703323364,41.292625865142,31.1190243631201,262803.81,658719.78,8,6,143.703
NS65NW_3202,1,4_5,4.96540168422,-9999.0,-9999.0,-9999.0,143.473007202,129.05231613681,63.8232446768178,262795.7,658721.98,28,16,143.473
NS65NW_3203,1,4_5,5.18802481461,-9999.0,-9999.0,-9999.0,143.324005127,125.524093700778,56.4531877461164,262756.34,658719.26,28,16,143.324
NS65NW_3207,1,4_5,6.49906106961,-9999.0,-9999.0,-9999.0,145.479995728,84.7632670782627,36.8327021082223,262664.62,658715.47,12,8,145.48
NS65NW_3211,1,4_5,3.70429253302,-9999.0,-9999.0,-9999.0,145.639007568,131.763983669995,53.0987171782051,262636.33,658713.8,28,16,145.639
NS65NW_3212,1,4_5,2.99202652308,-9999.0,-9999.0,-9999.0,144.824996948,63.181646246985,41.6876337820885,262681.57,658713.97,24,14,144.825
NS65NW_3214,1,4_5,5.28733564726,-9999.0,-9999.0,-9999.0,142.384002686,109.583531245566,49.1535312363336,262538.24,658714.31,24,14,142.384
NS65NW_3216,1,4_5,5.25219021813,-9999.0,-9999.0,-9999.0,143.442993164,123.233562720007,46.5967749579893,262743.05,658713.37,20,12,143.443
NS65NW_3219,1,4_5,4.53265027845,-9999.0,-9999.0,-9999.0,143.324996948,245.406403591485,73.3932560484834,262701.85,658711.99,36,20,143.325
NS65NW_3222,1,4_5,5.34754933127,-9999.0,-9999.0,-9999.0,145.378997803,116.809894518697,44.3096633357932,262671.53,658704.16,20,12,145.379
NS65NW_3223,1,4_5,6.38371776149,-9999.0,-9999.0,-9999.0,145.889007568,84.271945175654,36.7204796447294,262637.37,658703.12,12,8,145.889
NS65NW_3224,1,4_5,5.71717239422,-9999.0,-9999.0,-9999.0,144.039001465,97.671452553965,43.1199284172488,262718.96,658705.66,20,12,144.039
NS65NW_3225,1,4_5,6.34987127818,-9999.0,-9999.0,-9999.0,145.598999023,84.1523657546535,37.2032797023529,262602.93,658702.95,12,8,145.599
NS65NW_3226,1,4_5,5.4917354675,-9999.0,-9999.0,-9999.0,146.108001709,110.62936888698,46.0932285529626,262614.91,658703.57,20,12,146.108
NS65NW_3227,1,4_5,5.43592181981,-9999.0,-9999.0,-9999.0,142.733001709,119.167552495272,47.0542660073372,262546.51,658704.82,20,12,142.733
NS65NW_3228,1,4_5,6.2537209844,-9999.0,-9999.0,-9999.0,143.287994385,89.0688169074108,37.8048291225406,262558.74,658702.4,12,8,143.288
NS65NW_3229,1,4_5,6.41360454133,-9999.0,-9999.0,-9999.0,145.011993408,81.7580149387652,36.6044931491243,262593.53,658701.28,12,8,145.012
NS65NW_3230,1,4_5,4.77323902577,-9999.0,-9999.0,-9999.0,143.67300415,146.099601969325,71.4586906337711,262732.8,658704.03,44,24,143.673
NS65NW_3234,1,4_5,5.57938102777,-9999.0,-9999.0,-9999.0,144.68800354,109.977455311755,44.9058304214134,262583.11,658697.8,20,12,144.688
NS65NW_3235,1,4_5,2.79840219565,-9999.0,-9999.0,-9999.0,146.016998291,50.724037498084,28.8027814290203,262625.6,658694.17,12,8,146.017
NS65NW_3240,1,4_5,5.1905608843,-9999.0,-9999.0,-9999.0,145.906997681,144.205432954469,71.632483908904,262681.55,658692.72,28,16,145.907
NS65NW_3241,1,4_5,2.88571024387,-9999.0,-9999.0,-9999.0,144.602005005,27.2667337497361,22.2870225379132,262578.73,658687.69,12,8,144.602
NS65NW_3242,1,4_5,2.94142685368,-9999.0,-9999.0,-9999.0,145.998001099,47.5589741839404,33.3985134253249,262610.82,658687.02,8,6,145.998
NS65NW_3243,1,4_5,6.12561267355,-9999.0,-9999.0,-9999.0,145.93800354,95.5638087868806,39.1169560225776,262639.55,658689.49,12,8,145.938
NS65NW_3245,1,4_5,4.79046766887,-9999.0,-9999.0,-9999.0,144.342285156,140.666207349916,69.2829025735374,262570.58,658692.49,44,24,144.342
NS65NW_3254,1,4_5,3.02798709773,-9999.0,-9999.0,-9999.0,147.149993896,56.826090001092,36.2442588883313,262687.26,658675.91,20,12,147.15
NS65NW_3257,1,4_5,5.06942766363,-9999.0,-9999.0,-9999.0,146.608001709,158.987396742144,55.7796030863636,262670.72,658672.31,28,16,146.608
NS65NW_3258,1,4_5,4.8889027315,-9999.0,-9999.0,-9999.0,146.576004028,176.233002406214,67.0752179123775,262646.85,658669.42,28,16,146.576
NS65NW_3268,1,4_5,3.69832995484,-9999.0,-9999.0,-9999.0,144.005004883,330.888254081226,93.2336170795255,262524.74,658659.25,36,20,144.005
NS65NW_3276,1,4_5,2.20287273457,-9999.0,-9999.0,-9999.0,146.600006104,23.2784399957676,28.9006924194296,262508.71,658635.6,12,8,146.6
NS65NW_3279,1,4_5,5.3896042147,-9999.0,-9999.0,-9999.0,147.337997437,258.670965633209,80.7377499841136,262538.51,658636.76,28,16,147.338
NS65NW_3281,1,4_5,4.21322081893,-9999.0,-9999.0,-9999.0,148.716995239,281.793734812387,91.7576258659103,262565.09,658633.1,60,32,148.717
NS65NW_3283,1,4_5,5.04172710639,-9999.0,-9999.0,-9999.0,149.716003418,182.394528737877,54.8051093869238,262509.38,658620.45,32,18,149.716
NS65NW_3333,1,4_5,3.0135401973,-9999.0,-9999.0,-9999.0,185.459747314,38.5521450012927,36.5234060221761,263124.22,658241.77,20,12,185.46
NS65NW_1784,1,4_6,2.44734824044,-9999.0,-9999.0,-9999.0,89.5729980469,44.8426125029691,27.39210527573,262601.64,659374.16,12,8,89.573
NS65NW_1792,1,4_6,4.77578632926,-9999.0,-9999.0,-9999.0,89.7580032349,152.474536455402,49.3929016083537,262554.23,659373.66,12,8,89.758
NS65NW_1803,1,4_6,2.47381696309,-9999.0,-9999.0,-9999.0,89.7249984741,21.1516499971815,21.0420119907518,262626.56,659364.94,8,6,89.725
NS65NW_1810,1,4_6,2.50666885004,-9999.0,-9999.0,-9999.0,94.4680023193,262.202378912857,99.8806053963456,262889.99,659363.31,12,8,94.468
NS65NW_1812,1,4_6,9.38488149881,-9999.0,-9999.0,-9999.0,91.6900024414,252.393445522885,72.4546160831652,262725.27,659371.11,28,16,91.69
NS65NW_1817,1,4_6,5.7257278324,-9999.0,-9999.0,-9999.0,89.5130004883,430.108769354394,122.786340555787,262578.6,659368.13,44,24,89.513
NS65NW_1826,1,4_6,9.48505576085,-9999.0,-9999.0,-9999.0,91.5559997559,252.005567909953,72.4726307890172,262748.96,659364.25,28,16,91.556
NS65NW_1836,1,4_6,7.03698939871,-9999.0,-9999.0,-9999.0,91.5839996338,119.234851745784,45.1516962249196,263087.78,659356.76,12,8,91.584
NS65NW_1837,1,4_6,6.41486455167,-9999.0,-9999.0,-9999.0,92.3850021362,151.82001354434,52.3936903648835,262801.27,659355.49,20,12,92.385
NS65NW_1840,1,4_6,4.9652108112,-9999.0,-9999.0,-9999.0,89.5100021362,260.307532885523,68.4737565400204,262611.34,659356.31,12,8,89.51
NS65NW_1846,1,4_6,2.89830869477,-9999.0,-9999.0,-9999.0,89.4349975586,38.6429700006887,26.3999317864092,262674.01,659350.91,20,12,89.435
NS65NW_1851,1,4_6,9.37080616994,-9999.0,-9999.0,-9999.0,91.6770019531,252.336282840548,72.4660086775815,262772.57,659357.34,28,16,91.677
NS65NW_1864,1,4_6,4.74230466476,-9999.0,-9999.0,-9999.0,89.5274505615,149.755744675215,48.952884106989,262632.23,659350.42,12,8,89.528
NS65NW_1867,1,4_6,11.2783192383,-9999.0,-9999.0,-9999.0,92.6859970093,503.504516510811,127.623224627545,262985.94,659360.98,28,16,92.686
NS65NW_1868,1,4_6,5.97939717562,-9999.0,-9999.0,-9999.0,93.4270019531,162.660854059728,63.5661815175481,263115.23,659351.82,36,20,93.427
NS65NW_1901,1,4_6,4.37668006338,-9999.0,-9999.0,-9999.0,89.4280014038,349.221256934783,97.0601730317084,262654.83,659343.83,52,28,89.428
NS65NW_1911,1,4_6,5.08193050918,-9999.0,-9999.0,-9999.0,91.528503418,219.631099850491,76.8018045448586,263083.81,659340.9,44,24,91.528
NS65NW_1915,1,4_6,4.89246691282,-9999.0,-9999.0,-9999.0,89.3980026245,167.215400526527,54.3047857412479,262681.11,659336.13,20,12,89.398
NS65NW_1925,1,4_6,6.57422480156,-9999.0,-9999.0,-9999.0,92.0719985962,411.91835448632,111.306301846896,262866.44,659335.27,20,12,92.072
NS65NW_1932,1,4_6,4.78522893361,-9999.0,-9999.0,-9999.0,89.3759994507,170.235738870636,52.2513720261299,262696.8,659331.66,12,8,89.376
NS65NW_1933,1,4_6,6.5984262043,-9999.0,-9999.0,-9999.0,94.091003418,132.959016517077,49.378298927361,263114.22,659331.97,20,12,94.091
NS65NW_1935,1,4_6,4.35456612327,-9999.0,-9999.0,-9999.0,90.5199966431,140.943425340351,49.2198617391955,262803.68,659331.11,12,8,90.52
NS65NW_1944,1,4_6,4.13598664235,-9999.0,-9999.0,-9999.0,90.1370010376,160.799903802128,55.9161871343448,262713.43,659325.21,28,16,90.137
NS65NW_1946,1,4_6,2.19274408677,-9999.0,-9999.0,-9999.0,95.1669998169,50.4675900014262,29.3968654651557,263122.27,659320.54,12,8,95.167
NS65NW_1956,1,4_6,4.36275451152,-9999.0,-9999.0,-9999.0,90.0289993286,138.120333441023,48.8017946973892,262731.73,659319.64,12,8,90.029
NS65NW_1958,1,4_6,4.43867495425,-9999.0,-9999.0,-9999.0,90.3799972534,147.632579961562,51.2180657230364,262833.33,659322.33,20,12,90.38
NS65NW_1971,1,4_6,10.8592356216,-9999.0,-9999.0,-9999.0,91.6510009766,514.054510775984,128.831345619483,262960.62,659327.62,36,20,91.651
NS65NW_1974,1,4_6,3.87718780518,-9999.0,-9999.0,-9999.0,89.9219970703,193.464140693398,66.0576759674677,262752.19,659315.52,36,20,89.922
NS65NW_1975,1,4_6,2.41610535098,-9999.0,-9999.0,-9999.0,90.5341110229,21.5119800012764,21.4862360303589,263018.76,659310.52,8,6,90.534
NS65NW_1983,1,4_6,4.72782015373,-9999.0,-9999.0,-9999.0,92.1449966431,285.471231201851,102.258989572595,263078.07,659318.43,60,32,92.145
NS65NW_1985,1,4_6,4.240295396,-9999.0,-9999.0,-9999.0,89.5999984741,139.072816509171,49.1526091708197,262789.73,659310.81,12,8,89.6
NS65NW_1988,1,4_6,4.18049114361,-9999.0,-9999.0,-9999.0,89.6640014648,139.029681391932,49.0164601014016,262769.31,659310.28,12,8,89.664
NS65NW_1995,1,4_6,5.91684881272,-9999.0,-9999.0,-9999.0,94.3820037842,148.30249797598,52.3558088329675,263113.12,659310.09,16,10,94.382
NS65NW_1999,1,4_6,4.19710265266,-9999.0,-9999.0,-9999.0,93.8570022583,146.531026415607,48.4266696650882,262555.82,659307.0,12,8,93.857
NS65NW_2009,1,4_6,3.9672903461,-9999.0,-9999.0,-9999.0,92.8600006104,560.155953393701,169.003844998217,262525.25,659312.84,84,44,92.86
NS65NW_2015,1,4_6,4.85094861498,-9999.0,-9999.0,-9999.0,90.4179992676,136.36517248456,48.8782054697709,263034.06,659302.54,12,8,90.418
NS65NW_2023,1,4_6,2.7591918649,-9999.0,-9999.0,-9999.0,94.3715057373,26.2406212451375,21.0402850334966,262542.38,659297.14,12,8,94.371
NS65NW_2024,1,4_6,4.40371516281,-9999.0,-9999.0,-9999.0,93.4540023804,155.280996858268,51.0109584652231,262571.56,659301.88,20,12,93.454
NS65NW_2025,1,4_6,11.2234782784,-9999.0,-9999.0,-9999.0,91.81300354,505.43868781956,135.862236131845,262920.76,659303.92,36,20,91.813
NS65NW_2032,1,4_6,4.19898720784,-9999.0,-9999.0,-9999.0,89.5739974976,170.116913125308,56.2248643035396,262832.0,659298.75,12,8,89.574
NS65NW_2043,1,4_6,4.19632977869,-9999.0,-9999.0,-9999.0,92.9260025024,152.427620758785,53.7305162876734,262587.16,659296.83,28,16,92.926
NS65NW_2046,1,4_6,4.74707061768,-9999.0,-9999.0,-9999.0,90.4020004272,157.479784662158,56.4604682696773,263016.73,659296.14,20,12,90.402
NS65NW_2054,1,4_6,2.64733271281,-9999.0,-9999.0,-9999.0,93.8529968262,40.3677299980849,26.0239163794837,262573.34,659287.46,12,8,93.853
NS65NW_2056,1,4_6,2.40486699506,-9999.0,-9999.0,-9999.0,90.7149963379,47.5640100023326,27.6236662236097,262897.73,659287.87,12,8,90.715
NS65NW_2061,1,4_6,4.13160218611,-9999.0,-9999.0,-9999.0,92.6790008545,306.739930903801,85.2288128068421,262608.53,659289.94,60,32,92.679
NS65NW_2062,1,4_6,4.25833028346,-9999.0,-9999.0,-9999.0,89.7050018311,139.790763967715,49.1338134585837,262850.69,659286.28,12,8,89.705
NS65NW_2067,1,4_6,4.24574419825,-9999.0,-9999.0,-9999.0,90.6070022583,172.823547562838,59.4623735319742,262999.3,659287.9,36,20,90.607
NS65NW_2069,1,4_6,5.96799227375,-9999.0,-9999.0,-9999.0,95.4700012207,152.914694465914,53.9523700324,263117.66,659286.15,20,12,95.47
NS65NW_2076,1,4_6,4.22386449352,-9999.0,-9999.0,-9999.0,92.65599823,149.006530729905,51.9116365840498,262648.45,659283.12,36,20,92.656
NS65NW_2083,1,4_6,4.00977447556,-9999.0,-9999.0,-9999.0,90.0319976807,169.79719617297,58.1852800511493,262868.78,659281.04,28,16,90.032
NS65NW_2088,1,4_6,4.34999934221,-9999.0,-9999.0,-9999.0,92.5370025635,163.69245785206,53.9058214926989,262664.13,659278.97,28,16,92.537
NS65NW_2093,1,4_6,4.32938406521,-9999.0,-9999.0,-9999.0,90.9270019531,133.666275325998,47.9427493840955,262981.39,659277.64,12,8,90.927
NS65NW_2097,1,4_6,4.27952649562,-9999.0,-9999.0,-9999.0,93.9290008545,143.342698507005,50.5140935819235,263062.97,659278.53,12,8,93.929
NS65NW_2100,1,4_6,3.66523015189,-9999.0,-9999.0,-9999.0,92.5439987183,283.799732612424,103.987708797386,262629.24,659281.31,52,28,92.544
NS65NW_2103,1,4_6,4.26798052228,-9999.0,-9999.0,-9999.0,90.1999969482,136.610329024947,48.4055198822822,262887.2,659273.64,12,8,90.2
NS65NW_2106,1,4_6,4.40282243874,-9999.0,-9999.0,-9999.0,92.4680023193,130.065835888455,47.4476681410957,263041.18,659273.49,12,8,92.468
NS65NW_2111,1,4_6,2.40588167288,-9999.0,-9999.0,-9999.0,90.7509994507,35.4571987475236,24.0625472480505,263024.19,659268.6,12,8,90.751
NS65NW_2112,1,4_6,4.35346749124,-9999.0,-9999.0,-9999.0,91.0950012207,135.559331888751,48.4026246170297,262963.44,659269.87,12,8,91.095
NS65NW_2114,1,4_6,6.39925567627,-9999.0,-9999.0,-9999.0,96.1190032959,155.694795134549,52.7187800000733,263087.56,659270.97,20,12,96.119
NS65NW_2119,1,4_6,4.25264297768,-9999.0,-9999.0,-9999.0,90.375,136.983183689155,48.6460960028007,262905.66,659268.06,12,8,90.375
NS65NW_2120,1,4_6,4.53809597027,-9999.0,-9999.0,-9999.0,92.1719970703,335.405560979751,89.2606731008058,262684.14,659272.52,60,32,92.172
NS65NW_2122,1,4_6,1.96950269427,-9999.0,-9999.0,-9999.0,93.2760009766,21.4633612513399,21.6522348526716,262652.62,659263.31,8,6,93.276
NS65NW_2124,1,4_6,4.24865685922,-9999.0,-9999.0,-9999.0,90.4940032959,138.341664720246,49.0201277712281,262924.9,659264.44,12,8,90.494
NS65NW_2125,1,4_6,4.24242353527,-9999.0,-9999.0,-9999.0,90.8669967651,138.785378723367,48.9992306537354,262944.68,659264.83,12,8,90.867
NS65NW_2133,1,4_6,2.15100818872,-9999.0,-9999.0,-9999.0,93.091003418,33.5543212491236,24.0703096864692,262668.77,659260.35,12,8,93.091
NS65NW_2134,1,4_6,4.045924922,-9999.0,-9999.0,-9999.0,91.9110031128,215.497892802548,61.5022393350774,262703.41,659266.19,20,12,91.911
NS65NW_2136,1,4_6,4.83477543715,-9999.0,-9999.0,-9999.0,91.7509994507,173.857015464366,56.0305973355955,262726.86,659261.55,20,12,91.751
NS65NW_2142,1,4_6,6.03189779837,-9999.0,-9999.0,-9999.0,97.0930023193,164.857719517257,60.5525379981489,263107.0,659257.29,28,16,97.093
NS65NW_2144,1,4_6,4.85165036605,-9999.0,-9999.0,-9999.0,91.0830001831,190.380283075421,58.7489930969804,263015.99,659257.77,20,12,91.083
NS65NW_2153,1,4_6,2.48792466961,-9999.0,-9999.0,-9999.0,92.4319992065,31.7096962486487,23.2721832270495,262706.14,659249.4,12,8,92.432
NS65NW_2154,1,4_6,4.07514594365,-9999.0,-9999.0,-9999.0,91.7919998169,157.995646734589,53.4150335274262,262748.28,659253.86,28,16,91.792
NS65NW_2161,1,4_6,4.11449577136,-9999.0,-9999.0,-9999.0,91.7470016479,157.510803688874,50.4917045389139,262762.55,659250.11,12,8,91.747
NS65NW_2173,1,4_6,4.41764592873,-9999.0,-9999.0,-9999.0,95.2910003662,144.97987961969,48.1648408891467,263051.59,659247.36,12,8,95.291
NS65NW_2175,1,4_6,4.98916744064,-9999.0,-9999.0,-9999.0,92.1360015869,171.128329637492,55.5908995145741,262783.66,659244.63,24,14,92.136
NS65NW_2181,1,4_6,2.41736135677,-9999.0,-9999.0,-9999.0,92.4942092896,51.8411699938875,28.9708926300237,262738.1,659239.42,12,8,92.494
NS65NW_2185,1,4_6,4.05446810941,-9999.0,-9999.0,-9999.0,96.2070007324,143.626372342584,49.1797355770944,263069.77,659240.25,12,8,96.207
NS65NW_2203,1,4_6,4.29685393529,-9999.0,-9999.0,-9999.0,96.7269973755,133.331557679319,48.037727634116,263088.42,659231.38,12,8,96.727
NS65NW_2208,1,4_6,5.2042859568,-9999.0,-9999.0,-9999.0,92.6009979248,169.888923451824,54.8615517828622,262845.63,659226.24,12,8,92.601
NS65NW_2221,1,4_6,3.97335851709,-9999.0,-9999.0,-9999.0,97.1969985962,186.983693759872,55.6774738469486,263107.01,659223.18,20,12,97.197
NS65NW_2227,1,4_6,5.85828953244,-9999.0,-9999.0,-9999.0,94.2089996338,235.755403177122,70.325672049116,262740.3,659219.98,12,8,94.209
NS65NW_2245,1,4_6,6.74269641941,-9999.0,-9999.0,-9999.0,92.68800354,299.752000953783,85.35603121891,262795.29,659221.29,12,8,92.688
NS65NW_2251,1,4_6,5.45561247287,-9999.0,-9999.0,-9999.0,95.1750030518,235.276482078956,70.4155288458916,262768.88,659208.73,12,8,95.175
NS65NW_2257,1,4_6,4.57300594778,-9999.0,-9999.0,-9999.0,93.0279998779,294.518495537795,74.4413950444682,262902.41,659208.31,28,16,93.028
NS65NW_2261,1,4_6,4.1087097809,-9999.0,-9999.0,-9999.0,92.1100006104,407.130486285808,133.005277083042,262874.35,659211.7,52,28,92.11
NS65NW_2263,1,4_6,6.83046764939,-9999.0,-9999.0,-9999.0,93.1969985962,307.341749874844,88.5740998846318,262822.45,659213.89,20,12,93.197
NS65NW_2267,1,4_6,4.11042853325,-9999.0,-9999.0,-9999.0,94.2389984131,159.176517373529,50.9013982278336,262924.58,659200.52,12,8,94.239
NS65NW_2272,1,4_6,6.60777848076,-9999.0,-9999.0,-9999.0,96.2720031738,3339.63216272908,352.714773141948,262650.41,659219.38,104,54,96.272
NS65NW_2273,1,4_6,2.45787935209,-9999.0,-9999.0,-9999.0,95.0650024414,50.9485536357911,29.1278822357961,262912.24,659191.35,12,8,95.065
NS65NW_2278,1,4_6,4.72299427787,-9999.0,-9999.0,-9999.0,95.3219985962,199.258620149953,63.334045741354,262941.17,659190.2,20,12,95.322
NS65NW_2281,1,4_6,6.753733623,-9999.0,-9999.0,-9999.0,96.8219985962,202.340483805262,63.5280659636626,262732.12,659188.91,12,8,96.822
NS65NW_2285,1,4_6,5.45272981219,-9999.0,-9999.0,-9999.0,96.0540008545,236.787643581621,70.4762848541633,262837.29,659187.92,12,8,96.054
NS65NW_2305,1,4_6,6.73605270465,-9999.0,-9999.0,-9999.0,97.2450027466,243.07893151423,72.5545219754794,262760.54,659180.31,12,8,97.245
NS65NW_2308,1,4_6,5.46483081175,-9999.0,-9999.0,-9999.0,97.1230010986,233.166591672352,70.1063834256486,262866.73,659178.86,12,8,97.123
NS65NW_2312,1,4_6,5.02378956231,-9999.0,-9999.0,-9999.0,95.6129989624,165.073609083675,54.4193500780608,262995.35,659174.59,12,8,95.613
NS65NW_2320,1,4_6,5.49576487908,-9999.0,-9999.0,-9999.0,97.4440002441,242.035861254082,70.8385431856182,262896.73,659171.85,12,8,97.444
NS65NW_2325,1,4_6,6.56293470003,-9999.0,-9999.0,-9999.0,97.6289978027,320.378187787958,89.9861483908694,262794.53,659169.96,12,8,97.629
NS65NW_2332,1,4_6,6.80257984218,-9999.0,-9999.0,-9999.0,96.1269989014,207.917027287026,64.0850848445284,262948.62,659167.44,12,8,96.127
NS65NW_2338,1,4_6,6.60901427715,-9999.0,-9999.0,-9999.0,98.2440032959,245.119004865064,73.1036432266165,262829.28,659159.38,12,8,98.244
NS65NW_2348,1,4_6,3.43091047829,-9999.0,-9999.0,-9999.0,96.5279998779,772.794502221754,160.713202316097,263036.74,659163.44,44,24,96.528
NS65NW_2349,1,4_6,4.30242534913,-9999.0,-9999.0,-9999.0,98.9710006714,141.74277369297,49.5439569668141,263080.23,659155.02,12,8,98.971
NS65NW_2352,1,4_6,6.74454530595,-9999.0,-9999.0,-9999.0,96.0080032349,203.342363701871,63.4521193837851,262978.15,659158.07,12,8,96.008
NS65NW_2355,1,4_6,9.80989124464,-9999.0,-9999.0,-9999.0,103.585998535,217.171655103821,63.3041446613321,262725.79,659153.31,12,8,103.586
NS65NW_2356,1,4_6,3.31918009511,-9999.0,-9999.0,-9999.0,105.892997742,36.3503700027039,24.2075128005863,262700.82,659146.5,12,8,105.893
NS65NW_2358,1,4_6,6.4185427492,-9999.0,-9999.0,-9999.0,99.0449981689,222.083972027369,67.1966413202624,262857.53,659150.72,20,12,99.045
NS65NW_2359,1,4_6,4.44190877857,-9999.0,-9999.0,-9999.0,99.9280014038,134.947527418793,48.3374439211764,263099.36,659149.2,12,8,99.928
NS65NW_2366,1,4_6,4.39987615053,-9999.0,-9999.0,-9999.0,105.495002747,129.170337436289,49.7738896124765,262689.69,659148.1,20,12,105.495
NS65NW_2368,1,4_6,6.63878839502,-9999.0,-9999.0,-9999.0,98.1620025635,217.130363337766,66.9988463779505,262911.36,659148.15,36,20,98.162
NS65NW_2372,1,4_6,6.59688468517,-9999.0,-9999.0,-9999.0,99.1650009155,198.673702094588,62.9913129107174,262883.58,659141.19,12,8,99.165
NS65NW_2375,1,4_6,9.92871305167,-9999.0,-9999.0,-9999.0,103.658454895,405.119325131148,101.181670638306,262759.8,659143.78,12,8,103.659
NS65NW_2383,1,4_6,6.66017259186,-9999.0,-9999.0,-9999.0,98.4609985352,203.447661025631,63.7512137903133,262993.73,659137.87,12,8,98.461
NS65NW_2385,1,4_6,4.43502317969,-9999.0,-9999.0,-9999.0,101.102996826,140.615861694556,49.0047217557596,263117.34,659137.56,12,8,101.103
NS65NW_2393,1,4_6,5.84468408203,-9999.0,-9999.0,-9999.0,104.616996765,99.3585458127089,42.4550569002185,262542.37,659133.64,20,12,104.617
NS65NW_2395,1,4_6,6.50848894159,-9999.0,-9999.0,-9999.0,105.042999268,126.621191933854,45.2202878320185,262556.83,659131.78,12,8,105.043
NS65NW_2396,1,4_6,6.88823780639,-9999.0,-9999.0,-9999.0,98.3590011597,243.465882258557,72.7581881999345,262940.21,659139.07,12,8,98.359
NS65NW_2399,1,4_6,6.37654529354,-9999.0,-9999.0,-9999.0,106.380996704,131.820068394071,46.0425816959299,262573.4,659128.76,12,8,106.381
NS65NW_2400,1,4_6,6.19311703825,-9999.0,-9999.0,-9999.0,99.1179962158,250.123220282651,77.9633633850638,263019.91,659131.65,36,20,99.118
NS65NW_2405,1,4_6,6.35165094504,-9999.0,-9999.0,-9999.0,107.448997498,126.378022054757,45.4461824239594,262590.12,659126.21,20,12,107.449
NS65NW_2407,1,4_6,9.93053838688,-9999.0,-9999.0,-9999.0,103.495834351,406.87312999764,101.018275889358,262803.28,659130.66,12,8,103.496
NS65NW_2412,1,4_6,6.30802476031,-9999.0,-9999.0,-9999.0,108.137001038,127.550386394096,45.2336236633779,262607.0,659123.14,12,8,108.137
NS65NW_2413,1,4_6,6.41451731696,-9999.0,-9999.0,-9999.0,100.272003174,216.496363600716,67.7296933274703,263046.42,659122.26,28,16,100.272
NS65NW_2414,1,4_6,6.36651552161,-9999.0,-9999.0,-9999.0,108.759002686,128.94314720719,47.3609313334933,262623.48,659120.16,20,12,108.759
NS65NW_2415,1,4_6,5.54041730379,-9999.0,-9999.0,-9999.0,109.146003723,126.34479059671,45.1540373402261,262637.99,659120.66,12,8,109.146
NS65NW_2422,1,4_6,6.66678654627,-9999.0,-9999.0,-9999.0,108.184997559,204.403165585837,63.5664688072081,262729.58,659114.76,12,8,108.185
NS65NW_2424,1,4_6,6.50503413791,-9999.0,-9999.0,-9999.0,101.124000549,215.680182641282,68.6673988540526,263072.54,659115.85,20,12,101.124
NS65NW_2427,1,4_6,9.84961706967,-9999.0,-9999.0,-9999.0,104.406997681,479.881581042927,118.659290736246,262851.11,659116.59,12,8,104.407
NS65NW_2430,1,4_6,6.55454156754,-9999.0,-9999.0,-9999.0,109.162002563,201.522603858532,63.2756426565467,262699.69,659111.1,12,8,109.162
NS65NW_2435,1,4_6,6.7001080436,-9999.0,-9999.0,-9999.0,100.509002686,204.15696575128,63.7914098078256,262984.18,659110.42,12,8,100.509
NS65NW_2441,1,4_6,6.63146197041,-9999.0,-9999.0,-9999.0,107.915000916,244.654471816222,72.6806491547086,262758.78,659108.74,12,8,107.915
NS65NW_2451,1,4_6,6.82652777336,-9999.0,-9999.0,-9999.0,101.508003235,202.426726167908,63.4090549533523,262930.83,659107.69,12,8,101.508
NS65NW_2454,1,4_6,6.36733924131,-9999.0,-9999.0,-9999.0,102.346336365,384.63738998028,107.578805100686,263106.95,659105.26,36,20,102.346
NS65NW_2458,1,4_6,6.37355953885,-9999.0,-9999.0,-9999.0,100.785003662,221.3615261265,74.6117352844153,263010.43,659101.14,36,20,100.785
NS65NW_2459,1,4_6,6.5689443855,-9999.0,-9999.0,-9999.0,107.893997192,242.924092261239,72.6959176748017,262789.15,659099.74,12,8,107.894
NS65NW_2460,1,4_6,9.80307076456,-9999.0,-9999.0,-9999.0,103.877998352,410.788681947481,101.54060984075,262898.01,659101.99,12,8,103.878
NS65NW_2462,1,4_6,2.2573771593,-9999.0,-9999.0,-9999.0,103.786003113,22.2394800034413,20.2808698073788,262928.06,659093.85,12,8,103.786
NS65NW_2473,1,4_6,6.41209879109,-9999.0,-9999.0,-9999.0,101.794998169,217.071172085885,64.4031870193193,263036.78,659094.67,12,8,101.795
NS65NW_2478,1,4_6,6.36050352382,-9999.0,-9999.0,-9999.0,115.633003235,107.060535381793,41.3884239894384,262504.01,659092.2,12,8,115.633
NS65NW_2479,1,4_6,6.50422766629,-9999.0,-9999.0,-9999.0,101.494003296,210.633625476338,68.6076218830208,262960.32,659098.46,28,16,101.494
NS65NW_2482,1,4_6,6.57850953869,-9999.0,-9999.0,-9999.0,107.696998596,203.164080954101,63.495431176111,262817.67,659091.22,12,8,107.697
NS65NW_2483,1,4_6,6.88290512069,-9999.0,-9999.0,-9999.0,110.651000977,240.390469311418,72.3852062798785,262648.57,659097.6,12,8,110.651
NS65NW_2488,1,4_6,6.09018441296,-9999.0,-9999.0,-9999.0,114.550003052,112.186373074422,42.4924224693974,262595.74,659085.77,12,8,114.55
NS65NW_2490,1,4_6,5.99257239098,-9999.0,-9999.0,-9999.0,115.134002686,112.766186021284,42.4785869373195,262582.38,659085.66,12,8,115.134
NS65NW_2491,1,4_6,6.50587029113,-9999.0,-9999.0,-9999.0,110.103996277,263.105434353149,80.3367149372787,262678.95,659093.56,28,16,110.104
NS65NW_2493,1,4_6,6.20014037742,-9999.0,-9999.0,-9999.0,114.271003723,112.094111771781,42.3555629663365,262609.02,659084.29,12,8,114.271
NS65NW_2495,1,4_6,6.08077888405,-9999.0,-9999.0,-9999.0,115.239997864,116.185712952967,43.1988679716811,262569.22,659083.69,12,8,115.24
NS65NW_2499,1,4_6,5.83122185776,-9999.0,-9999.0,-9999.0,113.681999207,123.181837641363,47.4041266431508,262621.95,659083.26,20,12,113.682
NS65NW_2503,1,4_6,6.09028517461,-9999.0,-9999.0,-9999.0,115.750999451,114.178215554066,42.8588128974576,262557.17,659080.27,12,8,115.751
NS65NW_2507,1,4_6,5.6957638128,-9999.0,-9999.0,-9999.0,115.928001404,126.361709586447,47.7878153773972,262543.91,659079.27,20,12,115.928
NS65NW_2511,1,4_6,6.55083276088,-9999.0,-9999.0,-9999.0,113.615997314,80.2411758681485,36.1484378363147,262634.46,659076.71,12,8,113.616
NS65NW_2512,1,4_6,6.55893386957,-9999.0,-9999.0,-9999.0,107.628997803,298.656723825857,85.0179186079936,262854.63,659080.29,12,8,107.629
NS65NW_2514,1,4_6,9.37358473855,-9999.0,-9999.0,-9999.0,103.567886353,228.329324460626,70.5548655318467,262975.05,659079.15,28,16,103.568
NS65NW_2516,1,4_6,5.71938509066,-9999.0,-9999.0,-9999.0,116.54699707,128.781121247705,48.3717229683212,262531.1,659077.58,20,12,116.547
NS65NW_2518,1,4_6,6.75376339375,-9999.0,-9999.0,-9999.0,112.925003052,230.112152708512,65.5200217605636,262747.71,659075.14,12,8,112.925
NS65NW_2521,1,4_6,6.51937043127,-9999.0,-9999.0,-9999.0,113.167999268,176.64235048494,56.4290498498935,262722.1,659073.9,12,8,113.168
NS65NW_2522,1,4_6,6.08560288676,-9999.0,-9999.0,-9999.0,116.976997375,111.482858588126,42.3434596693802,262518.61,659074.31,12,8,116.977
NS65NW_2530,1,4_6,6.57390702591,-9999.0,-9999.0,-9999.0,106.181999207,124.68039548146,44.7494030296833,262881.77,659071.01,12,8,106.182
NS65NW_2531,1,4_6,6.61539268918,-9999.0,-9999.0,-9999.0,104.572998047,339.969386063291,92.8238969667009,263106.53,659073.9,12,8,104.573
NS65NW_2534,1,4_6,6.38456230583,-9999.0,-9999.0,-9999.0,113.402000427,238.726597585894,69.5259085208954,262694.35,659070.94,12,8,113.402
NS65NW_2536,1,4_6,9.66342823412,-9999.0,-9999.0,-9999.0,104.400001526,246.551151005226,70.9446311950075,263001.28,659070.67,12,8,104.4
NS65NW_2544,1,4_6,6.53543956105,-9999.0,-9999.0,-9999.0,105.942001343,124.203950081758,44.6482868809129,262895.75,659066.94,12,8,105.942
NS65NW_2545,1,4_6,6.76032238288,-9999.0,-9999.0,-9999.0,102.957000732,211.315426481081,64.6671194123201,263050.41,659073.0,12,8,102.957
NS65NW_2549,1,4_6,6.48321519044,-9999.0,-9999.0,-9999.0,113.427001953,240.695939271371,69.006746744801,262777.78,659065.28,12,8,113.427
NS65NW_2554,1,4_6,6.44218610948,-9999.0,-9999.0,-9999.0,106.005996704,126.195491777896,45.0280777792649,262909.77,659062.72,12,8,106.006
NS65NW_2555,1,4_6,5.64693187301,-9999.0,-9999.0,-9999.0,105.3907547,166.139215873759,54.7713963369197,263079.03,659065.37,24,14,105.391
NS65NW_2559,1,4_6,9.66446307046,-9999.0,-9999.0,-9999.0,105.057998657,215.929696241223,63.1194612953505,263027.53,659062.57,12,8,105.058
NS65NW_2563,1,4_6,6.73486555402,-9999.0,-9999.0,-9999.0,112.68699646,234.747354586818,66.3893978638696,262809.41,659059.74,12,8,112.687
NS65NW_2565,1,4_6,6.94343722512,-9999.0,-9999.0,-9999.0,105.708000183,143.374637179989,47.9157466914448,262923.76,659057.94,12,8,105.708
NS65NW_2581,1,4_6,6.30440655594,-9999.0,-9999.0,-9999.0,115.774002075,81.8521017801557,36.680905692925,262595.08,659052.71,12,8,115.774
NS65NW_2582,1,4_6,6.82613024589,-9999.0,-9999.0,-9999.0,105.63999939,147.388872643213,48.9520455246097,262938.98,659054.04,12,8,105.64
NS65NW_2583,1,4_6,6.00992459353,-9999.0,-9999.0,-9999.0,115.884002686,112.600554262525,42.4531847159379,262583.08,659052.11,12,8,115.884
NS65NW_2589,1,4_6,5.97348838075,-9999.0,-9999.0,-9999.0,115.150001526,114.335596268423,42.7713005289417,262619.22,659048.92,12,8,115.15
NS65NW_2590,1,4_6,6.03947056216,-9999.0,-9999.0,-9999.0,116.202003479,114.252575413085,42.8608426956401,262570.06,659049.32,12,8,116.202
NS65NW_2591,1,4_6,6.34560741467,-9999.0,-9999.0,-9999.0,112.660003662,183.568634621097,57.3455924592675,262836.36,659050.22,12,8,112.66
NS65NW_2592,1,4_6,6.80249427652,-9999.0,-9999.0,-9999.0,105.720001221,147.314783917392,48.9554488247741,262954.63,659049.45,12,8,105.72
NS65NW_2597,1,4_6,5.00605198831,-9999.0,-9999.0,-9999.0,115.471000671,141.306873566687,55.4567164633047,262605.16,659049.51,28,16,115.471
NS65NW_2600,1,4_6,6.11878130729,-9999.0,-9999.0,-9999.0,115.226997375,116.13445615665,43.2049560003469,262631.99,659046.9,12,8,115.227
NS65NW_2604,1,4_6,6.14366807256,-9999.0,-9999.0,-9999.0,115.041999817,114.7195049208,42.8455180952682,262644.41,659044.86,12,8,115.042
NS65NW_2606,1,4_6,6.61294711795,-9999.0,-9999.0,-9999.0,112.708000183,177.408115860116,55.3423011715717,262859.14,659044.74,12,8,112.708
NS65NW_2607,1,4_6,6.91703570729,-9999.0,-9999.0,-9999.0,105.831001282,143.370692128291,47.9283078663974,262969.53,659044.59,12,8,105.831
NS65NW_2609,1,4_6,6.06067375028,-9999.0,-9999.0,-9999.0,114.649002075,111.768888336677,42.2918231496307,262657.36,659042.62,12,8,114.649
NS65NW_2613,1,4_6,6.28363025722,-9999.0,-9999.0,-9999.0,114.450996399,119.883935588564,43.9615996177253,262671.08,659040.23,12,8,114.451
NS65NW_2614,1,4_6,5.96862963022,-9999.0,-9999.0,-9999.0,114.213996887,129.96659244442,46.2997474515303,262695.67,659041.58,12,8,114.214
NS65NW_2615,1,4_6,6.54046576793,-9999.0,-9999.0,-9999.0,105.990997314,126.955946643686,45.1574862837081,262983.87,659040.88,12,8,105.991
NS65NW_2616,1,4_6,6.75071666078,-9999.0,-9999.0,-9999.0,107.257003784,206.361915753418,63.8234482714578,263092.37,659042.77,12,8,107.257
NS65NW_2637,1,4_6,6.69925135848,-9999.0,-9999.0,-9999.0,118.272003174,240.912252354307,72.383674796991,262547.8,659036.38,12,8,118.272
NS65NW_2638,1,4_6,6.60372657815,-9999.0,-9999.0,-9999.0,107.908996582,255.25010583101,73.8429471822469,263011.5,659032.85,20,12,107.909
NS65NW_2641,1,4_6,6.45238295809,-9999.0,-9999.0,-9999.0,112.88999939,236.86421145992,68.8265106665564,262886.64,659032.88,20,12,112.89
NS65NW_2651,1,4_6,2.77211750878,-9999.0,-9999.0,-9999.0,109.90599823,22.7816437514266,22.3136176051386,262991.76,659022.56,8,6,109.906
NS65NW_2652,1,4_6,6.07490449981,-9999.0,-9999.0,-9999.0,108.649002075,246.306701483461,74.1418477913739,263117.62,659028.79,20,12,108.649
NS65NW_2658,1,4_6,6.69164003462,-9999.0,-9999.0,-9999.0,108.157997131,304.064893295547,85.5955264653552,263045.21,659023.05,12,8,108.158
NS65NW_2660,1,4_6,2.71061761039,-9999.0,-9999.0,-9999.0,121.813751221,42.2968199972811,26.0747510101664,262591.24,659017.12,12,8,121.814
NS65NW_2661,1,4_6,7.07421133704,-9999.0,-9999.0,-9999.0,118.375999451,322.367545358859,89.5978313350368,262780.62,659018.66,12,8,118.376
NS65NW_2663,1,4_6,6.17534811837,-9999.0,-9999.0,-9999.0,119.70400238,106.115024187189,41.2429283790305,262726.18,659016.62,12,8,119.704
NS65NW_2664,1,4_6,6.76753587361,-9999.0,-9999.0,-9999.0,119.556999207,122.966821017471,44.4827299742336,262740.07,659016.82,12,8,119.557
NS65NW_2665,1,4_6,6.47563555742,-9999.0,-9999.0,-9999.0,113.070999146,169.876337400535,54.2741586103691,262909.25,659019.37,12,8,113.071
NS65NW_2669,1,4_6,6.14640886971,-9999.0,-9999.0,-9999.0,120.213996887,113.127207446485,42.645422889773,262713.72,659015.21,12,8,120.214
NS65NW_2670,1,4_6,6.18402662044,-9999.0,-9999.0,-9999.0,120.789001465,114.909427255041,42.9541889251029,262701.16,659013.79,12,8,120.789
NS65NW_2674,1,4_6,5.77512366973,-9999.0,-9999.0,-9999.0,121.072998047,105.537370610782,41.1165111157145,262688.82,659012.44,12,8,121.073
NS65NW_2678,1,4_6,2.9939051689,-9999.0,-9999.0,-9999.0,122.416000366,27.815482499286,24.2301945306044,262568.51,659008.91,8,6,122.416
NS65NW_2679,1,4_6,6.34569237216,-9999.0,-9999.0,-9999.0,121.544998169,112.782354351599,42.4811056809833,262676.11,659011.12,12,8,121.545
NS65NW_2685,1,4_6,6.67732068878,-9999.0,-9999.0,-9999.0,122.315002441,125.995111114377,45.0943518482972,262661.02,659008.31,12,8,122.315
NS65NW_2686,1,4_6,6.93581532694,-9999.0,-9999.0,-9999.0,117.906997681,331.0723696832,91.3619168884676,262820.75,659012.09,28,16,117.907
NS65NW_2687,1,4_6,6.91464908957,-9999.0,-9999.0,-9999.0,119.957000732,209.022595133662,64.6270766775866,262529.76,659013.75,12,8,119.957
NS65NW_2688,1,4_6,6.16295772079,-9999.0,-9999.0,-9999.0,122.551002502,109.203604985049,41.8296393582231,262647.21,659007.71,12,8,122.551
NS65NW_2693,1,4_6,6.29982831791,-9999.0,-9999.0,-9999.0,122.856002808,113.66618342144,42.7142870897188,262634.83,659005.61,12,8,122.856
NS65NW_2694,1,4_6,6.04142847805,-9999.0,-9999.0,-9999.0,113.706001282,217.009438084116,66.7367644703633,262930.66,659008.57,36,20,113.706
NS65NW_2708,1,4_6,5.847040357,-9999.0,-9999.0,-9999.0,123.758003235,228.935296926911,86.9720159022192,262615.85,658999.76,44,24,123.758
NS65NW_2710,1,4_6,5.97532975327,-9999.0,-9999.0,-9999.0,113.622001648,222.31153385814,66.5420680084201,262955.79,658996.8,28,16,113.622
NS65NW_2719,1,4_6,6.86778720963,-9999.0,-9999.0,-9999.0,117.482002258,332.35775476643,90.4884760256508,262857.67,658995.43,12,8,117.482
NS65NW_2721,1,4_6,6.37091880195,-9999.0,-9999.0,-9999.0,114.597000122,182.497852126734,57.1522332263356,262897.36,658989.97,12,8,114.597
NS65NW_2723,1,4_6,6.51922754339,-9999.0,-9999.0,-9999.0,113.774002075,229.324248969116,65.6943290721035,262981.24,658988.59,12,8,113.774
NS65NW_2724,1,4_6,6.1878956584,-9999.0,-9999.0,-9999.0,120.259002686,260.561895220083,71.1348807174163,262763.43,658986.84,20,12,120.259
NS65NW_2725,1,4_6,6.13915237924,-9999.0,-9999.0,-9999.0,119.615997314,250.829200778108,69.8615022761635,262791.73,658986.16,20,12,119.616
NS65NW_2728,1,4_6,6.15105966482,-9999.0,-9999.0,-9999.0,120.875999451,255.224573236808,69.7388172055988,262733.84,658983.27,16,10,120.876
NS65NW_2729,1,4_6,7.09654056761,-9999.0,-9999.0,-9999.0,124.143997192,378.865415200821,100.039026795191,262579.41,658986.7,12,8,124.144
NS65NW_2734,1,4_6,6.51482406978,-9999.0,-9999.0,-9999.0,111.565002441,247.814634089147,72.7923966829927,263107.95,658988.15,20,12,111.565
NS65NW_2735,1,4_6,6.17367951471,-9999.0,-9999.0,-9999.0,119.169998169,146.02315157271,48.6594020175632,262813.32,658981.14,12,8,119.17
NS65NW_2739,1,4_6,6.1359669565,-9999.0,-9999.0,-9999.0,121.714996338,259.270000420267,69.8601331398726,262708.01,658980.45,16,10,121.715
NS65NW_2741,1,4_6,6.3372430442,-9999.0,-9999.0,-9999.0,113.977996826,176.474313687018,56.339054982354,263006.74,658979.78,28,16,113.978
NS65NW_2747,1,4_6,6.25994775086,-9999.0,-9999.0,-9999.0,114.799003601,169.829988465397,54.3006416846907,262917.42,658979.04,12,8,114.799
NS65NW_2748,1,4_6,6.95931818515,-9999.0,-9999.0,-9999.0,121.896003723,243.810041351814,72.2964368292991,262525.64,658984.05,12,8,121.896
NS65NW_2749,1,4_6,6.13699226304,-9999.0,-9999.0,-9999.0,122.535003662,260.473971092524,69.9580262086986,262682.5,658977.56,12,8,122.535
NS65NW_2751,1,4_6,6.37140116794,-9999.0,-9999.0,-9999.0,111.081001282,327.642943237217,97.5142513349898,263051.41,658988.23,44,24,111.081
NS65NW_2754,1,4_6,6.1146554966,-9999.0,-9999.0,-9999.0,123.466003418,256.108577556764,70.5316065838746,262653.48,658974.7,20,12,123.466
NS65NW_2757,1,4_6,6.55936654606,-9999.0,-9999.0,-9999.0,114.160003662,126.139496412811,45.0982495508994,263025.85,658972.48,12,8,114.16
NS65NW_2763,1,4_6,6.07689982027,-9999.0,-9999.0,-9999.0,114.876998901,117.308122914785,43.9874850336306,262935.07,658970.33,20,12,114.877
NS65NW_2764,1,4_6,6.76384613657,-9999.0,-9999.0,-9999.0,111.944999695,308.927970890401,85.8769296783792,263083.11,658979.98,12,8,111.945
NS65NW_2768,1,4_6,6.71259114481,-9999.0,-9999.0,-9999.0,125.205001831,202.973536161733,63.7664627116665,262546.06,658969.01,12,8,125.205
NS65NW_2769,1,4_6,6.29195595868,-9999.0,-9999.0,-9999.0,118.906997681,231.921063727984,68.263799361893,262834.7,658971.71,12,8,118.907
NS65NW_2773,1,4_6,6.37723618519,-9999.0,-9999.0,-9999.0,125.282997131,144.911615626432,48.4164087537557,262630.79,658967.98,12,8,125.283
NS65NW_2780,1,4_6,6.2812239703,-9999.0,-9999.0,-9999.0,114.855003357,169.356156141155,54.1497336068903,262954.02,658962.97,12,8,114.855
NS65NW_2784,1,4_6,2.41290273031,-9999.0,-9999.0,-9999.0,119.247001648,22.2654224980463,22.1486287183166,262836.85,658956.86,8,6,119.247
NS65NW_2790,1,4_6,6.07961350258,-9999.0,-9999.0,-9999.0,114.934997559,131.062782879783,46.0582810816914,262973.05,658957.01,16,10,114.935
NS65NW_2792,1,4_6,6.77843881422,-9999.0,-9999.0,-9999.0,113.519996643,206.300914791989,63.6952970717191,263119.12,658961.31,12,8,113.52
NS65NW_2800,1,4_6,6.03925615002,-9999.0,-9999.0,-9999.0,121.025001526,236.80238381403,78.9930188334447,262860.74,658955.25,36,20,121.025
NS65NW_2803,1,4_6,6.34416514872,-9999.0,-9999.0,-9999.0,115.080001831,167.758096779318,53.9365879383794,262992.31,658951.33,12,8,115.08
NS65NW_2804,1,4_6,6.20153048429,-9999.0,-9999.0,-9999.0,127.529998779,143.464531011788,48.1911784838594,262621.29,658950.22,12,8,127.53
NS65NW_2811,1,4_6,2.92496384725,-9999.0,-9999.0,-9999.0,124.263999939,30.0143700053063,23.1556197567052,262849.56,658942.42,12,8,124.264
NS65NW_2813,1,4_6,6.2396532281,-9999.0,-9999.0,-9999.0,115.224998474,192.73198088994,63.3635451687648,263014.01,658944.72,28,16,115.225
NS65NW_2815,1,4_6,6.55224271395,-9999.0,-9999.0,-9999.0,128.60899353,80.1051493312923,36.2206992150915,262591.52,658943.02,12,8,128.609
NS65NW_2820,1,4_6,6.8551908661,-9999.0,-9999.0,-9999.0,128.569000244,254.96892128188,73.0041736604044,262564.59,658942.24,12,8,128.569
NS65NW_2831,1,4_6,6.71012013317,-9999.0,-9999.0,-9999.0,114.358001709,296.651356295579,85.0369510978107,263067.85,658945.11,12,8,114.358
NS65NW_2834,1,4_6,6.56429703668,-9999.0,-9999.0,-9999.0,122.846000671,198.05534120582,62.7704315776063,262885.24,658937.7,12,8,122.846
NS65NW_2836,1,4_6,2.42184112269,-9999.0,-9999.0,-9999.0,130.89100647,28.348188752837,21.468218670747,262574.85,658929.22,12,8,130.891
NS65NW_2838,1,4_6,2.37331846025,-9999.0,-9999.0,-9999.0,119.475250244,21.483037500576,21.7956048513333,262981.84,658927.8,8,6,119.475
NS65NW_2852,1,4_6,6.90053085184,-9999.0,-9999.0,-9999.0,126.888999939,298.94196526248,85.0443043442592,262505.69,658935.96,12,8,126.889
NS65NW_2858,1,4_6,6.42861301983,-9999.0,-9999.0,-9999.0,130.694000244,140.717095625955,47.8997864435887,262583.27,658922.16,12,8,130.694
NS65NW_2860,1,4_6,7.39394811913,-9999.0,-9999.0,-9999.0,120.684997559,205.214982188264,63.8621017444504,262954.92,658922.91,12,8,120.685
NS65NW_2861,1,4_6,6.65693058062,-9999.0,-9999.0,-9999.0,115.488998413,299.991179939359,85.2502399146539,263115.52,658928.79,12,8,115.489
NS65NW_2863,1,4_6,6.52498682144,-9999.0,-9999.0,-9999.0,123.95400238,210.651944989252,63.8772105307745,262906.34,658921.29,12,8,123.954
NS65NW_2872,1,4_6,5.8564951541,-9999.0,-9999.0,-9999.0,137.126998901,202.235228616266,66.3631541975581,262669.07,658914.13,36,20,137.127
NS65NW_2873,1,4_6,5.63425311279,-9999.0,-9999.0,-9999.0,138.946670532,129.556783730464,48.3752318262661,262685.79,658913.02,20,12,138.947
NS65NW_2874,1,4_6,5.78404472709,-9999.0,-9999.0,-9999.0,135.152999878,71.1905786663467,34.1410924308545,262648.46,658911.51,12,8,135.153
NS65NW_2875,1,4_6,7.33432876524,-9999.0,-9999.0,-9999.0,139.904998779,244.640847375093,66.9912411462611,262819.24,658915.31,28,16,139.905
NS65NW_2880,1,4_6,3.94402090751,-9999.0,-9999.0,-9999.0,133.768997192,404.66094917284,142.066467981345,262627.47,658915.48,72,38,133.769
NS65NW_2881,1,4_6,6.46931327423,-9999.0,-9999.0,-9999.0,140.154006958,180.817890434137,55.7395851225673,262701.73,658909.61,12,8,140.154
NS65NW_2885,1,4_6,6.84709680795,-9999.0,-9999.0,-9999.0,141.680847168,224.810617157489,63.3421253109058,262779.97,658910.47,28,16,141.681
NS65NW_2887,1,4_6,8.01641529039,-9999.0,-9999.0,-9999.0,137.447006226,267.144582252247,64.4572998268264,262840.45,658909.23,16,10,137.447
NS65NW_2890,1,4_6,7.1010090065,-9999.0,-9999.0,-9999.0,120.600997925,203.395574870013,63.5960050908351,262977.72,658907.57,12,8,120.601
NS65NW_2891,1,4_6,7.05582673639,-9999.0,-9999.0,-9999.0,141.835006714,211.619987558667,58.5292571009376,262761.76,658905.26,12,8,141.835
NS65NW_2894,1,4_6,6.7419894357,-9999.0,-9999.0,-9999.0,130.341003418,297.39183070984,85.1180378196044,262551.73,658912.35,12,8,130.341
NS65NW_2895,1,4_6,6.82595258751,-9999.0,-9999.0,-9999.0,117.531997681,309.357843713461,86.1223829890391,263029.76,658912.8,12,8,117.532
NS65NW_2897,1,4_6,3.60863574046,-9999.0,-9999.0,-9999.0,120.48400116,53.5816695423076,30.0560893447008,262993.49,658898.85,12,8,120.484
NS65NW_2898,1,4_6,6.69988173563,-9999.0,-9999.0,-9999.0,124.01499939,243.569500083464,72.6215523860705,262929.64,658904.25,12,8,124.015
NS65NW_2904,1,4_6,6.72894452452,-9999.0,-9999.0,-9999.0,130.162002563,255.883139520105,73.2022113402083,262520.12,658904.66,12,8,130.162
NS65NW_2906,1,4_6,6.6495774587,-9999.0,-9999.0,-9999.0,118.190002441,302.262821389682,85.5563174243043,263061.75,658907.47,12,8,118.19
NS65NW_2910,1,4_6,6.85468976085,-9999.0,-9999.0,-9999.0,119.271003723,199.812660193845,63.3465047006937,263099.92,658900.91,12,8,119.271
NS65NW_2911,1,4_6,6.00866722357,-9999.0,-9999.0,-9999.0,141.223007202,325.970889158687,88.4732927289961,262728.42,658897.19,28,16,141.223
NS65NW_2912,1,4_6,5.77030738441,-9999.0,-9999.0,-9999.0,141.216003418,120.026545049398,43.8540643122123,262852.91,658895.75,16,10,141.216
NS65NW_2917,1,4_6,6.85000279023,-9999.0,-9999.0,-9999.0,120.113998413,196.728281107943,62.5994909510731,263011.24,658890.67,12,8,120.114
NS65NW_2927,1,4_6,6.73423614316,-9999.0,-9999.0,-9999.0,123.347000122,216.863585672459,66.4624637318031,262953.44,658887.25,20,12,123.347
NS65NW_2930,1,4_6,6.77448489885,-9999.0,-9999.0,-9999.0,120.377998352,207.827211793467,64.0672025735507,263077.13,658885.39,12,8,120.378
NS65NW_2940,1,4_6,7.44672857711,-9999.0,-9999.0,-9999.0,142.399002075,143.277372121863,50.1324437997445,262853.31,658879.91,20,12,142.399
NS65NW_2943,1,4_6,6.77210252654,-9999.0,-9999.0,-9999.0,134.526885986,341.065268233619,92.3374547798046,262649.02,658888.39,44,24,134.527
NS65NW_2944,1,4_6,6.93897483387,-9999.0,-9999.0,-9999.0,132.805999756,312.189202775052,79.9972223633421,262611.55,658887.15,12,8,132.806
NS65NW_2954,1,4_6,11.4581348705,-9999.0,-9999.0,-9999.0,143.496002197,516.5378487638,109.954819864444,262797.45,658876.38,44,24,143.496
NS65NW_2961,1,4_6,6.01914349273,-9999.0,-9999.0,-9999.0,132.453994751,103.296726614019,44.8248119111089,262577.2,658870.16,20,12,132.454
NS65NW_2965,1,4_6,6.7794914127,-9999.0,-9999.0,-9999.0,123.123001099,245.713797592776,72.8037612557304,262977.22,658870.97,12,8,123.123
NS65NW_2968,1,4_6,5.84685525404,-9999.0,-9999.0,-9999.0,144.410003662,195.407539625131,57.9731237397575,262848.72,658865.62,20,12,144.41
NS65NW_2976,1,4_6,6.69903829407,-9999.0,-9999.0,-9999.0,121.468002319,246.297552522567,72.9063992290118,263111.12,658866.07,12,8,121.468
NS65NW_2981,1,4_6,6.62768452962,-9999.0,-9999.0,-9999.0,137.595001221,94.7404140207549,38.9842442196731,262679.18,658858.29,12,8,137.595
NS65NW_2988,1,4_6,6.38689208517,-9999.0,-9999.0,-9999.0,136.070999146,101.467177662784,40.4481666777571,262665.38,658856.59,12,8,136.071
NS65NW_2989,1,4_6,5.73196571089,-9999.0,-9999.0,-9999.0,135.932006836,222.790383139159,59.7131664128612,262911.37,658861.31,12,8,135.932
NS65NW_2992,1,4_6,6.35236771253,-9999.0,-9999.0,-9999.0,134.845993042,100.636756481544,40.3281511133764,262650.61,658855.46,12,8,134.846
NS65NW_2993,1,4_6,4.97591361293,-9999.0,-9999.0,-9999.0,131.675994873,113.388416895897,53.5961628275665,262564.93,658858.39,36,20,131.676
NS65NW_2994,1,4_6,6.14086891623,-9999.0,-9999.0,-9999.0,134.029006958,103.90034914059,40.9441342131687,262635.82,658854.6,12,8,134.029
NS65NW_2995,1,4_6,6.49772879612,-9999.0,-9999.0,-9999.0,140.776000977,254.400037686456,70.0637021499175,262719.78,658858.35,12,8,140.776
NS65NW_2997,1,4_6,6.61941289552,-9999.0,-9999.0,-9999.0,122.669998169,211.420550499691,69.4772786105639,263003.87,658856.25,28,16,122.67
NS65NW_3002,1,4_6,6.50999317283,-9999.0,-9999.0,-9999.0,122.54599762,221.52635038493,65.4029007690919,263084.21,658852.06,12,8,122.546
NS65NW_3004,1,4_6,6.15853199152,-9999.0,-9999.0,-9999.0,139.054992676,193.705780672927,65.4190851655205,262698.16,658849.09,20,12,139.055
NS65NW_3006,1,4_6,6.01317441046,-9999.0,-9999.0,-9999.0,121.627998352,154.039111544005,51.1519226471891,263030.31,658848.3,12,8,121.628
NS65NW_3008,1,4_6,5.85324698583,-9999.0,-9999.0,-9999.0,121.749000549,224.680865758008,72.4672207860591,263055.53,658847.29,44,24,121.749
NS65NW_3012,1,4_6,4.35091284587,-9999.0,-9999.0,-9999.0,132.968002319,315.987458377338,98.0409979064832,262610.75,658849.28,44,24,132.968
NS65NW_3013,1,4_6,6.23546720042,-9999.0,-9999.0,-9999.0,146.14100647,165.973515806084,51.5600079224337,262842.75,658848.13,12,8,146.141
NS65NW_3017,1,4_6,3.83025040285,-9999.0,-9999.0,-9999.0,131.294998169,208.981335177513,64.2866523880661,262552.4,658847.49,20,12,131.295
NS65NW_3027,1,4_6,6.35574993421,-9999.0,-9999.0,-9999.0,146.680999756,206.346420134386,58.578659187747,262827.45,658839.41,20,12,146.681
NS65NW_3032,1,4_6,2.7151706462,-9999.0,-9999.0,-9999.0,125.508003235,25.0583174999913,20.7070990390544,263077.26,658828.42,12,8,125.508
NS65NW_3034,1,4_6,7.34825767756,-9999.0,-9999.0,-9999.0,141.852005005,159.612650066091,50.9300122519406,262887.07,658830.99,12,8,141.852
NS65NW_3036,1,4_6,5.30441817434,-9999.0,-9999.0,-9999.0,134.188995361,125.468660588673,62.0531420056519,262576.27,658828.66,36,20,134.189
NS65NW_3040,1,4_6,6.55939313017,-9999.0,-9999.0,-9999.0,135.14100647,163.501882639368,58.8857221404975,262948.42,658827.18,36,20,135.141
NS65NW_3049,1,4_6,3.19202600271,-9999.0,-9999.0,-9999.0,135.080993652,112.674918762814,43.6967351260786,262966.25,658817.7,16,10,135.081
NS65NW_3050,1,4_6,5.75237032071,-9999.0,-9999.0,-9999.0,141.333999634,152.309112391849,51.948603994997,262907.01,658815.81,28,16,141.334
NS65NW_3051,1,4_6,5.13934454731,-9999.0,-9999.0,-9999.0,134.800003052,264.857417816402,120.217785179887,262592.19,658819.58,60,32,134.8
NS65NW_3057,1,4_6,2.89461543642,-9999.0,-9999.0,-9999.0,143.770996094,53.3056612470653,29.4808534265822,262775.94,658808.25,12,8,143.771
NS65NW_3060,1,4_6,6.44550422494,-9999.0,-9999.0,-9999.0,137.141998291,99.3093926821202,40.0184113717573,262604.97,658808.06,12,8,137.142
NS65NW_3061,1,4_6,5.24727597041,-9999.0,-9999.0,-9999.0,139.210006714,174.798158038323,64.8287348023893,262633.61,658808.69,36,20,139.21
NS65NW_3063,1,4_6,5.93421971878,-9999.0,-9999.0,-9999.0,138.464004517,77.1743091578504,38.4318573503774,262616.57,658807.86,20,12,138.464
NS65NW_3064,1,4_6,6.39177221622,-9999.0,-9999.0,-9999.0,134.871994019,165.608565189718,59.2644166486484,262979.62,658808.49,36,20,134.872
NS65NW_3066,1,4_6,6.31041320801,-9999.0,-9999.0,-9999.0,134.382995605,155.327000775399,51.9112747988713,262550.16,658802.77,12,8,134.383
NS65NW_3074,1,4_6,6.00901718539,-9999.0,-9999.0,-9999.0,147.04800415,99.0264352172905,39.8861516584063,262833.69,658797.6,12,8,147.048
NS65NW_3076,1,4_6,5.10000539442,-9999.0,-9999.0,-9999.0,143.526000977,152.511823438991,65.9431791220993,262768.0,658799.82,44,24,143.526
NS65NW_3078,1,4_6,4.41028167573,-9999.0,-9999.0,-9999.0,145.738998413,263.81642527854,105.326536510217,262814.64,658801.49,60,32,145.739
NS65NW_3079,1,4_6,5.78311015016,-9999.0,-9999.0,-9999.0,143.236999512,103.293705857071,40.7196553800339,262757.35,658793.59,12,8,143.237
NS65NW_3088,1,4_6,5.39236239861,-9999.0,-9999.0,-9999.0,143.115997314,104.70941037542,43.2882220276377,262745.74,658792.43,20,12,143.116
NS65NW_3097,1,4_6,6.7326522149,-9999.0,-9999.0,-9999.0,141.98500061,346.748409566111,89.0089845589888,262702.46,658794.15,36,20,141.985
NS65NW_3100,1,4_6,3.09776704452,-9999.0,-9999.0,-9999.0,142.916000366,70.5630332682713,34.0370417202591,262730.46,658788.7,12,8,142.916
NS65NW_3101,1,4_6,4.71952516692,-9999.0,-9999.0,-9999.0,147.679000854,234.531813938511,83.2048006812382,262853.0,658795.56,52,28,147.679
NS65NW_3102,1,4_6,6.10395053295,-9999.0,-9999.0,-9999.0,141.628005981,123.051320476114,46.9642605368151,262649.04,658787.75,20,12,141.628
NS65NW_3103,1,4_6,4.44056595906,-9999.0,-9999.0,-9999.0,135.847000122,320.899147569769,122.775840721539,262576.13,658791.92,64,34,135.847
NS65NW_3110,1,4_6,6.35571539402,-9999.0,-9999.0,-9999.0,134.031005859,198.001385331436,63.0318408631838,263012.1,658785.85,28,16,134.031
NS65NW_3111,1,4_6,6.08528416192,-9999.0,-9999.0,-9999.0,141.649993896,67.4025801587913,33.3443976904791,262662.07,658782.69,12,8,141.65
NS65NW_3114,1,4_6,6.56538749363,-9999.0,-9999.0,-9999.0,137.619995117,117.561261951572,43.7935643522312,262547.78,658781.42,12,8,137.62
NS65NW_3125,1,4_6,3.80631724416,-9999.0,-9999.0,-9999.0,138.453994751,227.81653628795,78.4685598789214,262604.43,658778.07,44,24,138.454
NS65NW_3126,1,4_6,2.78846659637,-9999.0,-9999.0,-9999.0,143.408004761,54.4719450012004,29.9668921843153,262787.64,658773.9,12,8,143.408
NS65NW_3129,1,4_6,3.71742184423,-9999.0,-9999.0,-9999.0,141.722000122,185.392202942534,60.830490684622,262681.69,658776.85,20,12,141.722
NS65NW_3132,1,4_6,5.22212954641,-9999.0,-9999.0,-9999.0,142.712005615,124.14118000198,51.3055370423263,262735.95,658773.48,36,20,142.712
NS65NW_3133,1,4_6,5.95039304934,-9999.0,-9999.0,-9999.0,139.679000854,155.023743765555,57.8694911211546,262576.63,658772.1,32,18,139.679
NS65NW_3134,1,4_6,5.9105963456,-9999.0,-9999.0,-9999.0,136.537002563,197.811514167257,68.4011787869261,262963.79,658775.63,44,24,136.537
NS65NW_3136,1,4_6,2.9857404101,-9999.0,-9999.0,-9999.0,145.016998291,45.8167912494155,27.0793161128184,262807.47,658768.24,12,8,145.017
NS65NW_3137,1,4_6,6.20936071093,-9999.0,-9999.0,-9999.0,146.100006104,113.845306806038,42.8625498850048,262820.05,658771.69,12,8,146.1
NS65NW_3142,1,4_6,5.52278987697,-9999.0,-9999.0,-9999.0,141.241226196,124.790035656849,48.9009601665743,262543.19,658765.02,20,12,141.241
NS65NW_3144,1,4_6,4.67227896114,-9999.0,-9999.0,-9999.0,142.835998535,175.6018225613,66.7626975542341,262779.39,658764.53,52,28,142.836
NS65NW_3145,1,4_6,3.6248437181,-9999.0,-9999.0,-9999.0,140.847000122,388.288560594085,157.839528898804,262638.28,658769.11,68,38,140.847
NS65NW_3153,1,4_6,6.04988488187,-9999.0,-9999.0,-9999.0,143.524993896,92.9546121347026,41.9037264335137,262581.19,658759.34,20,12,143.525
NS65NW_3155,1,4_6,4.57529541383,-9999.0,-9999.0,-9999.0,145.755004883,217.738164162456,78.4094093131331,262860.67,658763.17,44,24,145.755
NS65NW_3158,1,4_6,5.88637606658,-9999.0,-9999.0,-9999.0,143.195999146,371.394640150628,113.39991315182,262907.32,658766.11,60,32,143.196
NS65NW_3161,1,4_6,5.47090913944,-9999.0,-9999.0,-9999.0,141.576004028,103.434902071249,44.3042957085901,262540.15,658754.24,12,8,141.576
NS65NW_3162,1,4_6,5.98131349911,-9999.0,-9999.0,-9999.0,142.977996826,97.6607436472791,39.5732516193395,262743.23,658755.3,12,8,142.978
NS65NW_3165,1,4_6,3.99922595108,-9999.0,-9999.0,-9999.0,143.235992432,33.829509294615,36.9491528767364,262798.74,658752.12,28,16,143.236
NS65NW_3168,1,4_6,6.284706839,-9999.0,-9999.0,-9999.0,142.85899353,85.0802213820495,36.9009840535317,262730.97,658752.66,12,8,142.859
NS65NW_3173,1,4_6,5.46395527313,-9999.0,-9999.0,-9999.0,145.714996338,222.376228398963,76.0981911521357,262824.66,658753.77,44,24,145.715
NS65NW_3175,1,4_6,5.35449893552,-9999.0,-9999.0,-9999.0,142.654998779,151.709394017674,69.7480178267299,262701.25,658751.07,32,18,142.655
NS65NW_1004,1,4_7,9.30803739286,-9999.0,-9999.0,-9999.0,80.5680007935,248.508384974481,71.640414892299,262819.43,659654.04,28,16,80.568
NS65NW_1007,1,4_7,4.04793065603,-9999.0,-9999.0,-9999.0,88.8639984131,96.2735564956672,60.1206236074943,262518.55,659649.43,36,20,88.864
NS65NW_1009,1,4_7,6.99855032507,-9999.0,-9999.0,-9999.0,80.6159973145,859.217419768137,205.659789963565,262969.71,659670.64,32,18,80.616
NS65NW_101,1,4_7,6.48207231057,-9999.0,-9999.0,-9999.0,67.5920028687,327.652374766239,125.390608467977,263077.08,659968.77,72,38,67.592
NS65NW_1015,1,4_7,10.951402224,-9999.0,-9999.0,-9999.0,81.9430007935,318.617865972989,84.498794117894,262786.45,659649.4,20,12,81.943
NS65NW_1032,1,4_7,8.49485344392,-9999.0,-9999.0,-9999.0,89.1539993286,235.386731236057,66.8838221592057,262535.4,659641.56,36,20,89.154
NS65NW_105,1,4_7,4.39717291784,-9999.0,-9999.0,-9999.0,70.1210021973,144.644017141252,51.7616795755767,262593.45,659967.19,28,16,70.121
NS65NW_1053,1,4_7,6.87564642523,-9999.0,-9999.0,-9999.0,88.8779983521,417.404581273104,128.157003243916,262563.3,659634.72,44,24,88.878
NS65NW_1059,1,4_7,7.01583148939,-9999.0,-9999.0,-9999.0,81.2429962158,398.513331358708,103.934660763134,262917.57,659633.62,20,12,81.243
NS65NW_1072,1,4_7,6.27454908659,-9999.0,-9999.0,-9999.0,84.5759963989,205.162791152347,63.9634535903933,262781.71,659620.44,12,8,84.576
NS65NW_111,1,4_7,3.12254195615,-9999.0,-9999.0,-9999.0,75.1139984131,25.5519974947794,23.6248147305787,262503.51,659960.74,8,6,75.114
NS65NW_1115,1,4_7,2.39552392294,-9999.0,-9999.0,-9999.0,86.4970016479,166.585989727418,66.1969628026317,262776.54,659603.38,12,8,86.497
NS65NW_1116,1,4_7,9.38875318993,-9999.0,-9999.0,-9999.0,85.577003479,247.78754848144,71.7029273419525,262808.15,659607.88,28,16,85.577
NS65NW_1125,1,4_7,6.94775610977,-9999.0,-9999.0,-9999.0,88.5070037842,1052.44074378621,230.966308272242,262618.2,659620.8,96,50,88.507
NS65NW_1126,1,4_7,7.10231122024,-9999.0,-9999.0,-9999.0,82.1740036011,661.808136861267,125.514579135411,262953.55,659604.56,60,32,82.174
NS65NW_1162,1,4_7,2.43785295032,-9999.0,-9999.0,-9999.0,83.1350021362,25.6561387521579,23.5675316528762,263063.96,659579.59,8,6,83.135
NS65NW_117,1,4_7,4.72565416448,-9999.0,-9999.0,-9999.0,73.2740020752,175.61027673578,58.4622994852062,262519.49,659963.77,44,24,73.274
NS65NW_1171,1,4_7,6.68238818401,-9999.0,-9999.0,-9999.0,90.9589996338,229.348327499735,65.9129344826566,262531.34,659583.26,28,16,90.959
NS65NW_118,1,4_7,5.52175815705,-9999.0,-9999.0,-9999.0,67.7259292603,203.843674053283,80.5945578008377,263105.31,659969.41,48,26,67.726
NS65NW_1184,1,4_7,5.30526861087,-9999.0,-9999.0,-9999.0,89.8150024414,313.376269861023,104.677274406461,262505.49,659584.13,52,28,89.815
NS65NW_1191,1,4_7,6.28313478626,-9999.0,-9999.0,-9999.0,91.4619979858,219.024190743858,73.0208058407626,262555.95,659574.14,36,20,91.462
NS65NW_1201,1,4_7,6.91509603215,-9999.0,-9999.0,-9999.0,88.5289993286,2291.4524682509,442.174233273871,262687.47,659600.32,204,104,88.529
NS65NW_1202,1,4_7,6.96176643696,-9999.0,-9999.0,-9999.0,82.3648529053,1136.32483521395,277.457060221385,262872.52,659601.33,64,34,82.365
NS65NW_1204,1,4_7,4.77824820417,-9999.0,-9999.0,-9999.0,83.6039962769,644.117248994028,110.512913335418,263021.8,659580.51,28,16,83.604
NS65NW_1207,1,4_7,11.1724911047,-9999.0,-9999.0,-9999.0,89.8830032349,589.86569992942,151.100311352681,262785.68,659571.0,36,20,89.883
NS65NW_1211,1,4_7,6.48123200086,-9999.0,-9999.0,-9999.0,91.9250030518,229.277648908654,62.4011225813156,262582.63,659566.61,12,8,91.925
NS65NW_1212,1,4_7,10.8250090318,-9999.0,-9999.0,-9999.0,86.4739990234,446.126237764504,117.447073720152,262940.09,659569.71,28,16,86.474
NS65NW_122,1,4_7,4.81137027675,-9999.0,-9999.0,-9999.0,71.9199981689,150.669939333661,53.2973300884691,262559.26,659963.39,28,16,71.92
NS65NW_1224,1,4_7,11.1044906433,-9999.0,-9999.0,-9999.0,86.827003479,571.786095368351,144.611465067952,262857.39,659568.12,44,24,86.827
NS65NW_1225,1,4_7,11.1200068001,-9999.0,-9999.0,-9999.0,83.7850036621,441.310491252525,125.79883284336,262978.15,659574.55,36,20,83.785
NS65NW_1229,1,4_7,6.49359411227,-9999.0,-9999.0,-9999.0,92.6480026245,233.602762490461,67.1302051074363,262609.28,659558.29,32,18,92.648
NS65NW_1237,1,4_7,2.30888314877,-9999.0,-9999.0,-9999.0,92.3779983521,72.6160987574763,46.5174880531801,262560.74,659554.16,24,14,92.378
NS65NW_124,1,4_7,2.29325007121,-9999.0,-9999.0,-9999.0,71.7600021362,38.2564949987752,24.7982451286598,262574.1,659959.16,12,8,71.76
NS65NW_1243,1,4_7,6.25643238711,-9999.0,-9999.0,-9999.0,92.8209991455,231.537358909926,65.5627607580163,262635.56,659549.99,28,16,92.821
NS65NW_1255,1,4_7,6.69588169153,-9999.0,-9999.0,-9999.0,91.1190032959,214.339126177416,60.9899965734315,262512.27,659545.89,12,8,91.119
NS65NW_1266,1,4_7,6.8662787587,-9999.0,-9999.0,-9999.0,88.4440002441,395.922976028556,105.099839547443,262909.27,659544.19,12,8,88.444
NS65NW_1267,1,4_7,9.03168289693,-9999.0,-9999.0,-9999.0,92.84400177,249.219270531008,71.6234884053162,262792.53,659544.09,28,16,92.844
NS65NW_1268,1,4_7,2.86561572101,-9999.0,-9999.0,-9999.0,92.9250030518,49.1913000024337,28.7756604206366,262577.78,659535.82,12,8,92.925
NS65NW_1271,1,4_7,5.89392816684,-9999.0,-9999.0,-9999.0,92.922996521,289.593945964586,88.4585294883106,262664.19,659540.81,60,32,92.923
NS65NW_1274,1,4_7,5.05497091638,-9999.0,-9999.0,-9999.0,91.375,344.135312273514,116.496653425633,262539.11,659543.06,52,28,91.375
NS65NW_1288,1,4_7,3.97986075319,-9999.0,-9999.0,-9999.0,91.7040023804,61.6799620024442,31.5465424103563,262895.04,659527.54,12,8,91.704
NS65NW_1289,1,4_7,11.2840940941,-9999.0,-9999.0,-9999.0,82.3300018311,512.317783424611,130.108021917211,263071.3,659535.02,36,20,82.33
NS65NW_1290,1,4_7,6.62758134589,-9999.0,-9999.0,-9999.0,92.4130020142,214.112892054342,61.0150506796608,262561.28,659530.42,12,8,92.413
NS65NW_1292,1,4_7,6.9209340839,-9999.0,-9999.0,-9999.0,87.2689971924,446.218968125668,115.524995294331,262961.74,659530.41,12,8,87.269
NS65NW_1294,1,4_7,10.920990865,-9999.0,-9999.0,-9999.0,92.7320022583,505.253934432637,141.051128760219,262763.34,659536.99,36,20,92.732
NS65NW_1308,1,4_7,10.4690951899,-9999.0,-9999.0,-9999.0,89.1279983521,349.967633743801,90.3727559578536,262876.72,659531.24,36,20,89.128
NS65NW_1316,1,4_7,2.91214188285,-9999.0,-9999.0,-9999.0,91.3929977417,32.4758924975456,23.730677610481,262507.28,659514.49,12,8,91.393
NS65NW_1328,1,4_7,5.77866230856,-9999.0,-9999.0,-9999.0,92.9840011597,554.751307863472,177.481778373953,262602.4,659519.67,96,50,92.984
NS65NW_1344,1,4_7,2.12106662326,-9999.0,-9999.0,-9999.0,91.7779998779,32.8947937480111,26.7316939970787,262904.25,659506.84,8,6,91.778
NS65NW_1351,1,4_7,2.30702934736,-9999.0,-9999.0,-9999.0,87.5510025024,23.0608237469452,21.7004926936106,263060.56,659503.91,12,8,87.551
NS65NW_1352,1,4_7,6.78142314962,-9999.0,-9999.0,-9999.0,91.391998291,234.052939034868,63.2290466027246,262520.47,659507.81,12,8,91.392
NS65NW_1355,1,4_7,6.84697196103,-9999.0,-9999.0,-9999.0,94.0640029907,218.94666145675,61.6682795899503,262634.67,659507.17,12,8,94.064
NS65NW_136,1,4_7,5.57679211398,-9999.0,-9999.0,-9999.0,66.6660003662,170.727941887759,55.3128893831911,262990.16,659958.89,20,12,66.666
NS65NW_1360,1,4_7,2.44202560034,-9999.0,-9999.0,-9999.0,90.9800033569,22.730055001888,22.781073611502,262506.85,659502.86,8,6,90.98
NS65NW_1361,1,4_7,6.27897265463,-9999.0,-9999.0,-9999.0,93.1569976807,273.359987556832,79.1042173626415,262733.97,659506.62,12,8,93.157
NS65NW_1386,1,4_7,6.29493987235,-9999.0,-9999.0,-9999.0,92.2850036621,254.263830001913,75.433251656837,262546.4,659500.01,40,22,92.285
NS65NW_1387,1,4_7,7.05403415626,-9999.0,-9999.0,-9999.0,94.3509979248,221.148341494598,61.8043221255245,262659.12,659499.26,12,8,94.351
NS65NW_1393,1,4_7,3.11916981046,-9999.0,-9999.0,-9999.0,91.2289962769,84.699578256425,37.1775019172638,262529.71,659494.04,12,8,91.229
NS65NW_14,1,4_7,2.60113728841,-9999.0,-9999.0,-9999.0,71.4787445068,20.5651266274985,21.1916955657783,262523.5,659990.48,8,6,71.479
NS65NW_1410,1,4_7,2.82979936836,-9999.0,-9999.0,-9999.0,90.2129974365,66.0547417487367,32.8880711961603,262508.34,659485.61,12,8,90.213
NS65NW_1416,1,4_7,11.3904733759,-9999.0,-9999.0,-9999.0,85.6320037842,441.041304450794,118.78577417388,263058.49,659492.68,36,20,85.632
NS65NW_1425,1,4_7,10.4802360183,-9999.0,-9999.0,-9999.0,90.3163223267,1882.59124380427,489.978060843609,262899.77,659510.15,132,68,90.316
NS65NW_1426,1,4_7,6.20680223983,-9999.0,-9999.0,-9999.0,93.7450027466,475.844132368725,123.604436613683,262692.43,659502.56,16,10,93.745
NS65NW_143,1,4_7,3.79115538564,-9999.0,-9999.0,-9999.0,67.2870025635,115.389472931641,44.1656007072628,263025.93,659954.76,12,8,67.287
NS65NW_1437,1,4_7,6.02212961735,-9999.0,-9999.0,-9999.0,93.608001709,271.518926525965,87.8621422737263,262599.32,659481.76,60,32,93.608
NS65NW_1438,1,4_7,2.48635840731,-9999.0,-9999.0,-9999.0,91.1630020142,63.0786866548001,33.4002395473274,262531.59,659476.65,20,12,91.163
NS65NW_1444,1,4_7,4.9085763251,-9999.0,-9999.0,-9999.0,92.2539978027,402.651946059358,140.683930282147,262569.79,659484.49,68,36,92.254
NS65NW_1466,1,4_7,6.03531840917,-9999.0,-9999.0,-9999.0,94.3759994507,257.511684277632,71.0067975446432,262625.16,659474.44,28,16,94.376
NS65NW_1467,1,4_7,10.9705038518,-9999.0,-9999.0,-9999.0,94.2369995117,505.668948777184,128.727056264336,262725.35,659478.43,36,20,94.237
NS65NW_148,1,4_7,3.69201241571,-9999.0,-9999.0,-9999.0,70.2139968872,195.252663770598,85.9258582841642,262603.92,659956.52,48,26,70.214
NS65NW_1486,1,4_7,5.68907649235,-9999.0,-9999.0,-9999.0,85.7003326416,180.243393121233,72.6548338831579,263120.54,659472.4,28,16,85.7
NS65NW_1488,1,4_7,2.04956096152,-9999.0,-9999.0,-9999.0,93.1689987183,27.5265000024281,23.9283632456234,262581.2,659461.61,8,6,93.169
NS65NW_1491,1,4_7,5.71542149031,-9999.0,-9999.0,-9999.0,90.2760009766,291.39854604247,71.3707404683596,262514.55,659467.32,28,16,90.276
NS65NW_1492,1,4_7,2.61823901008,-9999.0,-9999.0,-9999.0,92.0820007324,25.4482499991183,24.148386017332,262559.14,659461.57,8,6,92.082
NS65NW_1504,1,4_7,5.10341981436,-9999.0,-9999.0,-9999.0,94.8516693115,389.478480855061,134.325103844416,262645.39,659464.34,72,38,94.852
NS65NW_1505,1,4_7,2.4920573668,-9999.0,-9999.0,-9999.0,90.3470001221,23.9866650059387,21.6084785705637,263038.24,659457.49,12,8,90.347
NS65NW_151,1,4_7,5.78288580951,-9999.0,-9999.0,-9999.0,68.077003479,178.711784991249,55.8902263696258,263121.88,659957.02,24,14,68.077
NS65NW_1516,1,4_7,6.67330439512,-9999.0,-9999.0,-9999.0,93.6320037842,879.680863209096,210.388418290937,262773.58,659474.49,36,20,93.632
NS65NW_1525,1,4_7,6.5683551952,-9999.0,-9999.0,-9999.0,90.9339981079,235.255665007327,68.645458981224,262540.6,659457.3,32,18,90.934
NS65NW_1527,1,4_7,2.49274873734,-9999.0,-9999.0,-9999.0,93.047996521,33.3689550082052,24.2458084248835,262583.71,659454.04,12,8,93.048
NS65NW_1548,1,4_7,6.94043134968,-9999.0,-9999.0,-9999.0,87.9420013428,116.821939372145,44.6110450953737,263112.02,659449.63,12,8,87.942
NS65NW_1552,1,4_7,6.7836672282,-9999.0,-9999.0,-9999.0,91.7129974365,214.997036583452,61.2216273264719,262566.93,659448.63,16,10,91.713
NS65NW_1566,1,4_7,4.50201673497,-9999.0,-9999.0,-9999.0,91.2440032959,687.843178038786,106.744280094021,262979.81,659454.26,12,8,91.244
NS65NW_1572,1,4_7,11.5048984241,-9999.0,-9999.0,-9999.0,87.5380020142,557.263246058727,138.311312026949,263031.56,659448.89,36,20,87.538
NS65NW_1577,1,4_7,5.49697649763,-9999.0,-9999.0,-9999.0,92.5780029297,329.438364111389,96.4721194419142,262595.93,659441.64,48,26,92.578
NS65NW_1583,1,4_7,1.93460741396,-9999.0,-9999.0,-9999.0,94.4049987793,70.0163098245188,35.2594873763843,262676.4,659435.77,12,8,94.405
NS65NW_1588,1,4_7,2.85185163671,-9999.0,-9999.0,-9999.0,94.6200027466,24.4966949991487,23.3842047124767,262659.27,659432.96,8,6,94.62
NS65NW_1601,1,4_7,5.95868652147,-9999.0,-9999.0,-9999.0,88.4199981689,164.443673354457,67.5842185170328,263100.21,659432.66,52,28,88.42
NS65NW_1604,1,4_7,5.7653466513,-9999.0,-9999.0,-9999.0,92.9290008545,280.187682199425,109.352447280291,262625.8,659435.62,52,28,92.929
NS65NW_1617,1,4_7,7.52169045338,-9999.0,-9999.0,-9999.0,94.983001709,528.507614539327,143.577188407776,262695.65,659444.64,36,20,94.983
NS65NW_162,1,4_7,5.96852269301,-9999.0,-9999.0,-9999.0,64.1460037231,360.515620502919,104.154454167697,262790.06,659956.88,44,24,64.146
NS65NW_1620,1,4_7,1.84010266391,-9999.0,-9999.0,-9999.0,91.0839996338,89.9172634257202,43.2423140608375,263014.5,659425.2,12,8,91.084
NS65NW_1623,1,4_7,4.3790947108,-9999.0,-9999.0,-9999.0,89.3870010376,225.792661431173,61.5279232618423,262521.72,659426.23,28,16,89.387
NS65NW_1626,1,4_7,6.48484412097,-9999.0,-9999.0,-9999.0,93.2689971924,238.010271755318,66.3914643534236,262644.65,659423.92,20,12,93.269
NS65NW_1627,1,4_7,4.76359281318,-9999.0,-9999.0,-9999.0,89.5029983521,168.981827693424,56.5086007252771,262539.28,659422.24,28,16,89.503
NS65NW_163,1,4_7,5.88346062685,-9999.0,-9999.0,-9999.0,67.8509979248,205.751344194488,74.8569305029243,263054.99,659955.64,52,28,67.851
NS65NW_1645,1,4_7,2.16900478896,-9999.0,-9999.0,-9999.0,92.2990036011,26.5786312465585,26.2097748895933,263015.94,659414.81,8,6,92.299
NS65NW_1647,1,4_7,5.13442149091,-9999.0,-9999.0,-9999.0,89.6650009155,140.173499490325,47.4177510222315,262554.92,659417.19,12,8,89.665
NS65NW_1682,1,4_7,5.10678423279,-9999.0,-9999.0,-9999.0,89.8050003052,170.574398476936,52.3578566489701,262569.58,659411.23,12,8,89.805
NS65NW_1693,1,4_7,7.88671130936,-9999.0,-9999.0,-9999.0,94.5579986572,448.459666252888,124.427125157893,262732.84,659422.96,28,16,94.558
NS65NW_170,1,4_7,3.05270433426,-9999.0,-9999.0,-9999.0,73.3669967651,48.5256562522506,27.88987013362,262566.93,659946.37,12,8,73.367
NS65NW_1702,1,4_7,5.63484252461,-9999.0,-9999.0,-9999.0,89.5569992065,199.844702872852,57.0972517047261,262584.57,659405.25,12,8,89.557
NS65NW_1707,1,4_7,7.90621257964,-9999.0,-9999.0,-9999.0,93.3960037231,368.236220536007,99.7390340580784,262685.56,659404.77,20,12,93.396
NS65NW_1711,1,4_7,5.28986247141,-9999.0,-9999.0,-9999.0,90.1740036011,291.71846641639,70.9121501290766,262605.54,659400.54,12,8,90.174
NS65NW_1718,1,4_7,2.39679611959,-9999.0,-9999.0,-9999.0,89.4349975586,58.9295200585613,40.8644268274325,262524.04,659395.22,28,16,89.435
NS65NW_1719,1,4_7,2.40666716776,-9999.0,-9999.0,-9999.0,89.7770004272,24.3829012515485,22.6996758519909,262571.13,659391.79,8,6,89.777
NS65NW_1720,1,4_7,7.84729209673,-9999.0,-9999.0,-9999.0,94.1439971924,442.675286315426,123.052281290005,262764.7,659413.69,28,16,94.144
NS65NW_173,1,4_7,4.98317307419,-9999.0,-9999.0,-9999.0,76.7239990234,163.53091303891,58.0371989524083,262510.98,659948.01,44,24,76.724
NS65NW_1733,1,4_7,11.134878595,-9999.0,-9999.0,-9999.0,90.59400177,515.612947209383,129.864267108171,263013.3,659402.93,32,18,90.594
NS65NW_1736,1,4_7,4.82396595546,-9999.0,-9999.0,-9999.0,90.4950027466,181.654774849294,57.3717498949674,262625.0,659393.55,28,16,90.495
NS65NW_1739,1,4_7,2.97671105645,-9999.0,-9999.0,-9999.0,89.9329986572,48.3071162432099,29.076075614108,262584.92,659387.81,20,12,89.933
NS65NW_174,1,4_7,4.04456718841,-9999.0,-9999.0,-9999.0,73.7490005493,186.409390001714,55.7345229722702,262550.99,659949.09,24,14,73.749
NS65NW_1744,1,4_7,33.7949344564,-9999.0,-9999.0,-9999.0,94.8539962769,622.149279583835,117.960661193544,262930.52,659398.95,44,24,94.854
NS65NW_1749,1,4_7,9.00086110551,-9999.0,-9999.0,-9999.0,92.8649978638,999.773336702778,247.352640344428,262800.33,659430.04,36,20,92.865
NS65NW_1755,1,4_7,4.86281934197,-9999.0,-9999.0,-9999.0,90.5500030518,186.718104667252,57.7532900358731,262642.05,659388.81,20,12,90.55
NS65NW_1757,1,4_7,4.58516021935,-9999.0,-9999.0,-9999.0,89.2060012817,192.950380987327,60.4245787667177,262511.31,659388.19,24,14,89.206
NS65NW_1758,1,4_7,2.01495978683,-9999.0,-9999.0,-9999.0,93.5090026855,107.432821048964,49.4592426343215,262988.96,659386.18,20,12,93.509
NS65NW_1782,1,4_7,4.85722856629,-9999.0,-9999.0,-9999.0,89.4479980469,296.778068601533,75.6935670520182,262533.55,659379.84,32,18,89.448
NS65NW_1787,1,4_7,5.95888654668,-9999.0,-9999.0,-9999.0,89.0869979858,475.629983674163,147.54808519169,263093.43,659395.5,72,38,89.087
NS65NW_1796,1,4_7,6.35103147387,-9999.0,-9999.0,-9999.0,90.2490005493,215.769319143877,65.7451781695979,262680.47,659376.4,28,16,90.249
NS65NW_1809,1,4_7,10.3735693808,-9999.0,-9999.0,-9999.0,92.6900024414,1032.81214338528,290.704604302847,262844.15,659403.42,84,44,92.69
NS65NW_189,1,4_7,6.47173577568,-9999.0,-9999.0,-9999.0,63.4539985657,147.563824903092,48.6047955766561,262894.16,659942.81,12,8,63.454
NS65NW_190,1,4_7,7.22007192766,-9999.0,-9999.0,-9999.0,67.9100036621,829.101897321191,164.396802148436,262677.36,659969.55,36,20,67.91
NS65NW_191,1,4_7,6.19482243482,-9999.0,-9999.0,-9999.0,65.2539978027,179.745630482251,55.441401259284,262757.64,659944.09,12,8,65.254
NS65NW_192,1,4_7,6.36688601452,-9999.0,-9999.0,-9999.0,64.1230010986,144.770862600664,48.1836136134333,262810.99,659942.49,12,8,64.123
NS65NW_20,1,4_7,2.91898973411,-9999.0,-9999.0,-9999.0,72.1740036011,57.0573187438407,29.99036198389,262505.83,659989.12,16,10,72.174
NS65NW_202,1,4_7,4.29330621344,-9999.0,-9999.0,-9999.0,66.5729980469,274.368048130052,133.568034239266,263031.93,659940.41,100,52,66.573
NS65NW_207,1,4_7,4.65872817549,-9999.0,-9999.0,-9999.0,76.5550003052,135.006169957288,46.5121719445542,262543.51,659936.16,12,8,76.555
NS65NW_208,1,4_7,6.66650104157,-9999.0,-9999.0,-9999.0,68.4899978638,137.47870078122,47.0899851405926,263098.09,659935.43,16,10,68.49
NS65NW_209,1,4_7,3.84514175969,-9999.0,-9999.0,-9999.0,72.6650009155,290.660430479985,102.308570184959,262588.97,659936.99,52,28,72.665
NS65NW_213,1,4_7,5.20180144975,-9999.0,-9999.0,-9999.0,63.5180015564,193.744610458918,60.7479899905816,262914.67,659934.19,28,16,63.518
NS65NW_218,1,4_7,4.1666799264,-9999.0,-9999.0,-9999.0,70.0350036621,159.615664047269,67.8690517803217,262637.97,659936.72,44,24,70.035
NS65NW_222,1,4_7,5.45009436828,-9999.0,-9999.0,-9999.0,68.2350006104,203.53210836535,59.5775752543021,263058.42,659933.24,40,22,68.235
NS65NW_224,1,4_7,5.8763903878,-9999.0,-9999.0,-9999.0,68.2529983521,175.220774781432,56.7333585771058,263081.43,659933.08,28,16,68.253
NS65NW_233,1,4_7,6.30971662424,-9999.0,-9999.0,-9999.0,63.4799995422,178.081050385666,54.9646724080546,262936.27,659928.07,12,8,63.48
NS65NW_245,1,4_7,6.72736942156,-9999.0,-9999.0,-9999.0,68.7860031128,131.555683460122,46.046044068062,263113.01,659925.1,12,8,68.786
NS65NW_259,1,4_7,5.58257116273,-9999.0,-9999.0,-9999.0,65.4329986572,131.607439497826,51.3454340283501,263019.87,659922.72,28,16,65.433
NS65NW_260,1,4_7,2.68534802842,-9999.0,-9999.0,-9999.0,68.5530014038,48.5030804048769,32.8466339120379,263070.01,659921.06,20,12,68.553
NS65NW_267,1,4_7,4.96908019127,-9999.0,-9999.0,-9999.0,72.797996521,150.317940014663,52.965194957048,262626.1,659921.33,28,16,72.798
NS65NW_268,1,4_7,6.25497262121,-9999.0,-9999.0,-9999.0,64.0360031128,361.711104484065,91.7677544307406,262975.8,659920.0,20,12,64.036
NS65NW_269,1,4_7,2.23509775798,-9999.0,-9999.0,-9999.0,68.8840026855,33.1581074993653,24.0203047925116,263101.25,659915.7,12,8,68.884
NS65NW_273,1,4_7,4.2987437126,-9999.0,-9999.0,-9999.0,76.216003418,160.622720284609,56.2528573556126,262586.0,659919.69,36,20,76.216
NS65NW_274,1,4_7,6.4795658175,-9999.0,-9999.0,-9999.0,65.1159973145,107.170402549838,41.6347014726824,262787.38,659917.84,12,8,65.116
NS65NW_280,1,4_7,2.64421662288,-9999.0,-9999.0,-9999.0,68.8000030518,52.9042797848522,34.3355165970185,263083.56,659917.31,12,8,68.8
NS65NW_288,1,4_7,4.4872178963,-9999.0,-9999.0,-9999.0,79.5830001831,181.148653851524,58.4332453690338,262533.6,659917.05,28,16,79.583
NS65NW_289,1,4_7,4.47394105099,-9999.0,-9999.0,-9999.0,70.0999984741,473.44784873173,122.647748252132,262664.8,659923.3,48,26,70.1
NS65NW_302,1,4_7,6.41995721114,-9999.0,-9999.0,-9999.0,64.8519973755,106.816788486082,41.5650289500116,262824.99,659910.88,12,8,64.852
NS65NW_303,1,4_7,6.63614836691,-9999.0,-9999.0,-9999.0,63.5769996643,134.608961196055,46.5608587317622,262878.65,659911.41,16,10,63.577
NS65NW_307,1,4_7,6.49054094075,-9999.0,-9999.0,-9999.0,64.9459991455,128.568013371753,45.8339002208559,262808.06,659911.71,12,8,64.946
NS65NW_308,1,4_7,6.55692056405,-9999.0,-9999.0,-9999.0,64.4589996338,145.91650017888,48.8416661141722,262841.77,659910.37,20,12,64.459
NS65NW_313,1,4_7,4.9552449054,-9999.0,-9999.0,-9999.0,65.0810012817,106.969559793259,44.366873064271,263014.11,659908.17,28,16,65.081
NS65NW_314,1,4_7,6.81535088775,-9999.0,-9999.0,-9999.0,66.4336700439,139.008872543433,47.2237738934303,263038.52,659909.77,12,8,66.434
NS65NW_318,1,4_7,2.65267312383,-9999.0,-9999.0,-9999.0,68.9280014038,87.5937937568365,45.1143198738513,263115.25,659909.29,20,12,68.928
NS65NW_331,1,4_7,4.15115912732,-9999.0,-9999.0,-9999.0,76.0859985352,176.580932725982,56.3362264446196,262618.62,659906.11,20,12,76.086
NS65NW_335,1,4_7,2.34708633423,-9999.0,-9999.0,-9999.0,75.6240005493,45.8237887466722,27.1513573329335,262635.17,659901.67,12,8,75.624
NS65NW_342,1,4_7,6.6148849541,-9999.0,-9999.0,-9999.0,66.4240036011,145.950296989402,52.9353457938135,263061.09,659902.93,20,12,66.424
NS65NW_362,1,4_7,4.16869268068,-9999.0,-9999.0,-9999.0,78.5488815308,527.472955806227,177.262641919158,262560.22,659909.99,92,48,78.549
NS65NW_369,1,4_7,6.30714171738,-9999.0,-9999.0,-9999.0,67.0279998779,152.234455921308,53.4466004493475,263084.76,659896.95,20,12,67.028
NS65NW_372,1,4_7,4.42498904435,-9999.0,-9999.0,-9999.0,71.5400009155,144.653384814128,51.6072351222181,262705.54,659896.27,28,16,71.54
NS65NW_384,1,4_7,6.17540702537,-9999.0,-9999.0,-9999.0,64.6399993896,176.489297602127,57.5931446438719,262864.35,659896.59,28,16,64.64
NS65NW_385,1,4_7,6.26510701641,-9999.0,-9999.0,-9999.0,63.9729995728,127.393031493578,45.1900458962054,262947.47,659893.82,12,8,63.973
NS65NW_390,1,4_7,5.47686466418,-9999.0,-9999.0,-9999.0,64.68699646,150.951267146973,68.9337898549667,262913.17,659894.37,44,24,64.687
NS65NW_391,1,4_7,6.34767604978,-9999.0,-9999.0,-9999.0,67.5250015259,148.788014773662,51.3980927476148,263106.83,659891.82,20,12,67.525
NS65NW_395,1,4_7,5.03374949901,-9999.0,-9999.0,-9999.0,76.2829971313,152.143941256747,49.3673176786621,262507.13,659889.41,12,8,76.283
NS65NW_404,1,4_7,6.29889945216,-9999.0,-9999.0,-9999.0,65.9339981079,78.2716618278038,45.3657762739003,262907.27,659882.89,28,16,65.934
NS65NW_41,1,4_7,4.66768174289,-9999.0,-9999.0,-9999.0,68.2030029297,136.526808525071,46.8012993760003,262625.35,659986.78,12,8,68.203
NS65NW_417,1,4_7,5.02597487403,-9999.0,-9999.0,-9999.0,75.9300003052,163.084717496494,54.8000801751541,262522.16,659882.1,36,20,75.93
NS65NW_421,1,4_7,3.98542282531,-9999.0,-9999.0,-9999.0,72.43800354,377.232994168674,143.449917667086,262664.12,659889.98,68,36,72.438
NS65NW_428,1,4_7,4.84486773243,-9999.0,-9999.0,-9999.0,75.7060012817,149.456895705866,51.9626636371182,262537.93,659877.27,20,12,75.706
NS65NW_429,1,4_7,2.82590955696,-9999.0,-9999.0,-9999.0,65.6340026855,39.3221249982629,28.4534418942058,262927.43,659875.12,12,8,65.634
NS65NW_440,1,4_7,6.10288347835,-9999.0,-9999.0,-9999.0,65.0220031738,184.56327320571,56.3166361625773,262989.87,659876.17,20,12,65.022
NS65NW_450,1,4_7,5.8665154214,-9999.0,-9999.0,-9999.0,67.3669967651,216.973509371567,70.5244349181524,262884.13,659873.58,44,24,67.367
NS65NW_451,1,4_7,5.23627051022,-9999.0,-9999.0,-9999.0,64.4710006714,221.031031966899,90.0838070870628,262936.78,659878.22,44,24,64.471
NS65NW_452,1,4_7,5.09655505002,-9999.0,-9999.0,-9999.0,75.4449996948,136.963235044979,46.8484607653528,262553.7,659871.04,12,8,75.445
NS65NW_453,1,4_7,6.26493685883,-9999.0,-9999.0,-9999.0,65.3099975586,132.54811776723,46.1096918695101,263032.76,659870.36,12,8,65.31
NS65NW_454,1,4_7,4.45323705802,-9999.0,-9999.0,-9999.0,74.0559997559,281.498187183495,81.4486602874488,262696.11,659875.89,44,24,74.056
NS65NW_465,1,4_7,3.94508057211,-9999.0,-9999.0,-9999.0,76.7289962769,768.097885126073,238.511860299397,262628.11,659876.27,144,74,76.729
NS65NW_467,1,4_7,5.60672204886,-9999.0,-9999.0,-9999.0,75.2490005493,139.782385369501,47.3127328810207,262568.94,659864.29,12,8,75.249
NS65NW_483,1,4_7,5.97475663179,-9999.0,-9999.0,-9999.0,65.841003418,165.817063011661,55.9998842768965,263066.47,659860.13,20,12,65.841
NS65NW_484,1,4_7,5.5056469,-9999.0,-9999.0,-9999.0,74.5869979858,137.063914419249,48.5772236689948,262584.66,659857.67,20,12,74.587
NS65NW_489,1,4_7,3.95891179554,-9999.0,-9999.0,-9999.0,77.2959976196,147.752030861616,57.7506678937086,262687.67,659856.15,44,24,77.296
NS65NW_490,1,4_7,6.08509334765,-9999.0,-9999.0,-9999.0,65.4929962158,136.261320569231,49.9488081785051,263018.41,659853.82,20,12,65.493
NS65NW_501,1,4_7,5.13054279118,-9999.0,-9999.0,-9999.0,74.3740005493,136.895817029195,46.858459382645,262599.55,659850.54,12,8,74.374
NS65NW_511,1,4_7,6.51886162709,-9999.0,-9999.0,-9999.0,66.8229980469,438.476853558974,104.658462162116,262959.6,659850.19,36,20,66.823
NS65NW_526,1,4_7,5.16649917891,-9999.0,-9999.0,-9999.0,74.21900177,149.045908987543,52.226024622288,262614.9,659843.03,28,16,74.219
NS65NW_527,1,4_7,5.13111266547,-9999.0,-9999.0,-9999.0,66.4980010986,150.758555688393,55.5573062853066,263065.59,659842.53,28,16,66.498
NS65NW_538,1,4_7,4.57009654356,-9999.0,-9999.0,-9999.0,76.1100006104,149.276664339658,52.4766836311247,262681.16,659839.5,28,16,76.11
NS65NW_542,1,4_7,3.60237744862,-9999.0,-9999.0,-9999.0,66.3349990845,251.057612537605,75.7405111991617,263013.82,659839.34,36,20,66.335
NS65NW_547,1,4_7,5.22271506109,-9999.0,-9999.0,-9999.0,73.7699966431,136.917592900737,46.8458338470599,262630.11,659836.69,12,8,73.77
NS65NW_569,1,4_7,3.18763021213,-9999.0,-9999.0,-9999.0,68.6210021973,34.0219012515579,23.9188105878505,263122.98,659823.79,12,8,68.621
NS65NW_572,1,4_7,5.17146998564,-9999.0,-9999.0,-9999.0,73.7030029297,137.30835003273,46.9251482875195,262667.2,659824.67,12,8,73.703
NS65NW_583,1,4_7,5.06658229422,-9999.0,-9999.0,-9999.0,73.2870025635,146.265902023441,51.8306505422925,262645.82,659824.85,20,12,73.287
NS65NW_585,1,4_7,5.58941508785,-9999.0,-9999.0,-9999.0,76.2170028687,1167.38439590644,245.470593578939,262730.21,659841.3,100,52,76.217
NS65NW_586,1,4_7,6.00471730243,-9999.0,-9999.0,-9999.0,68.202003479,112.139180944096,42.3637386397773,263031.75,659822.7,12,8,68.202
NS65NW_593,1,4_7,4.03878421424,-9999.0,-9999.0,-9999.0,67.2699966431,354.416120620472,125.571259726715,263059.7,659824.13,68,36,67.27
NS65NW_596,1,4_7,4.93894679848,-9999.0,-9999.0,-9999.0,68.2600021362,382.783166745901,103.48805583751,263099.49,659824.61,60,32,68.26
NS65NW_6,1,4_7,4.54330089013,-9999.0,-9999.0,-9999.0,68.6159973145,147.548706149184,48.71096922807,262606.18,659999.18,12,8,68.616
NS65NW_64,1,4_7,2.45886682265,-9999.0,-9999.0,-9999.0,72.672996521,50.9254874946762,29.9937973653342,262513.8,659976.56,12,8,72.673
NS65NW_649,1,4_7,10.9759603584,-9999.0,-9999.0,-9999.0,77.7949981689,308.548194831559,87.7737833146545,262832.52,659803.26,20,12,77.795
NS65NW_65,1,4_7,4.59288003431,-9999.0,-9999.0,-9999.0,71.7559967041,139.956738694026,47.3972252414065,262529.89,659979.67,12,8,71.756
NS65NW_654,1,4_7,7.10770803074,-9999.0,-9999.0,-9999.0,76.7292404175,797.593496904071,188.6205378271,262781.64,659815.02,36,20,76.729
NS65NW_658,1,4_7,3.4991730486,-9999.0,-9999.0,-9999.0,71.7300033569,90.4061052143956,40.8926417446314,262584.35,659789.79,12,8,71.73
NS65NW_680,1,4_7,7.19946988588,-9999.0,-9999.0,-9999.0,79.4459991455,395.432053087149,103.632006638796,262873.61,659788.99,20,12,79.446
NS65NW_729,1,4_7,10.9817413156,-9999.0,-9999.0,-9999.0,80.9570007324,312.712937760139,91.0408350267286,262908.73,659769.55,28,16,80.957
NS65NW_736,1,4_7,11.1133300831,-9999.0,-9999.0,-9999.0,78.3160018921,558.384912222771,134.212700911988,262819.33,659769.47,36,20,78.316
NS65NW_75,1,4_7,3.03965131813,-9999.0,-9999.0,-9999.0,67.3909988403,28.4589000031672,22.0349624157223,263053.03,659971.24,12,8,67.391
NS65NW_750,1,4_7,6.99149644216,-9999.0,-9999.0,-9999.0,78.9140014648,471.378480661432,118.754826427057,262854.63,659761.34,20,12,78.914
NS65NW_78,1,4_7,2.98220762488,-9999.0,-9999.0,-9999.0,67.2880020142,80.8260937425902,49.3739117491236,263118.54,659972.32,28,16,67.288
NS65NW_794,1,4_7,6.93451992923,-9999.0,-9999.0,-9999.0,81.8330001831,542.873608363171,136.105238313166,262946.08,659745.95,28,16,81.833
NS65NW_802,1,4_7,6.1815112345,-9999.0,-9999.0,-9999.0,77.2580032349,281.517269893655,79.8032529127577,262813.33,659732.05,12,8,77.258
NS65NW_811,1,4_7,10.996819435,-9999.0,-9999.0,-9999.0,79.5299987793,458.955219496703,115.210600239189,262891.8,659734.92,36,20,79.53
NS65NW_820,1,4_7,8.54192389337,-9999.0,-9999.0,-9999.0,72.3209991455,1769.22025903981,239.349450875475,262638.89,659749.29,44,24,72.321
NS65NW_850,1,4_7,9.12055318838,-9999.0,-9999.0,-9999.0,78.4540023804,247.447266041264,71.5573575765323,262842.97,659716.02,28,16,78.454
NS65NW_86,1,4_7,4.42792167805,-9999.0,-9999.0,-9999.0,70.2149963379,280.061244510567,76.9939578033903,262572.92,659977.07,36,20,70.215
NS65NW_869,1,4_7,10.8899859879,-9999.0,-9999.0,-9999.0,81.5329971313,258.893394223864,81.6964459600029,262974.57,659710.84,28,16,81.533
NS65NW_878,1,4_7,5.54534612638,-9999.0,-9999.0,-9999.0,80.0210037231,1517.77574438976,200.884505736953,263060.66,659724.72,84,44,80.021
NS65NW_895,1,4_7,2.1665661176,-9999.0,-9999.0,-9999.0,78.0569992065,249.864809407818,96.1027622714841,262802.66,659699.13,20,12,78.057
NS65NW_929,1,4_7,11.0644925004,-9999.0,-9999.0,-9999.0,78.9670028687,544.229331195831,147.71573292734,262810.94,659684.74,36,20,78.967
NS65NW_930,1,4_7,8.38763589069,-9999.0,-9999.0,-9999.0,74.7149963379,1817.57756533422,256.778599908101,262717.72,659720.48,44,24,74.715
NS65NW_942,1,4_7,10.922261223,-9999.0,-9999.0,-9999.0,80.3020019531,560.504749450697,170.256655146096,262936.64,659691.53,44,24,80.302
NS65NW_968,1,4_7,5.12415941516,-9999.0,-9999.0,-9999.0,84.7730026245,453.427462176537,99.0362237996228,262580.26,659668.39,36,20,84.773
NS65NW_977,1,4_7,2.14965906683,-9999.0,-9999.0,-9999.0,86.2419967651,28.8192450020294,22.5243638878231,262566.82,659656.01,12,8,86.242
NS65NW_983,1,4_7,6.19139152297,-9999.0,-9999.0,-9999.0,79.3030014038,708.346958493361,182.065190829851,262875.69,659675.51,60,32,79.303
NS65NW_997,1,4_7,11.0352978687,-9999.0,-9999.0,-9999.0,80.6829986572,500.809107892805,121.462772907454,262891.08,659659.87,36,20,80.683
NS65NW_3643,1,4_8,3.00543641786,-9999.0,-9999.0,-9999.0,68.4140014648,49.4185930772215,28.7111423659773,262620.68,660001.78,12,8,68.414
NS65NW_3264,1,5_5,4.52668903255,-9999.0,-9999.0,-9999.0,128.138000488,215.289509101837,69.1544598304786,263544.03,658662.45,44,24,128.138
NS65NW_3329,1,5_5,3.02871153749,-9999.0,-9999.0,-9999.0,184.92300415,183.61314224211,63.8010243150608,263130.91,658254.75,28,16,184.923
NS65NW_3335,1,5_5,4.80683443038,-9999.0,-9999.0,-9999.0,183.367996216,1929.73331014913,219.684502869024,263214.36,658253.58,68,36,183.368
NS65NW_3336,1,5_5,4.14543600985,-9999.0,-9999.0,-9999.0,183.604995728,1207.85235087435,212.990244574279,263166.58,658249.98,52,28,183.605
NS65NW_3337,1,5_5,5.08377292671,-9999.0,-9999.0,-9999.0,185.589996338,335.288798801188,76.9309659711169,263223.46,658206.22,12,8,185.59
NS65NW_1799,1,5_6,7.18288321975,-9999.0,-9999.0,-9999.0,88.1740036011,243.34990283055,67.8101406993646,263659.62,659371.54,12,8,88.174
NS65NW_1814,1,5_6,5.69782427752,-9999.0,-9999.0,-9999.0,93.7480010986,174.96869771756,62.9857736186681,263136.47,659363.29,28,16,93.748
NS65NW_1815,1,5_6,4.50254256443,-9999.0,-9999.0,-9999.0,92.3730010986,147.05733339186,48.896509964536,263592.91,659364.82,12,8,92.373
NS65NW_1818,1,5_6,7.18676774398,-9999.0,-9999.0,-9999.0,88.2030029297,192.77402346971,57.3910968734699,263682.19,659364.09,12,8,88.203
NS65NW_1833,1,5_6,7.18431691125,-9999.0,-9999.0,-9999.0,94.908996582,112.393307598985,43.9204923268863,263175.65,659358.66,12,8,94.909
NS65NW_1838,1,5_6,3.98115306686,-9999.0,-9999.0,-9999.0,94.8059997559,125.514403535474,44.8133449764563,263429.09,659356.37,12,8,94.806
NS65NW_1852,1,5_6,13.5593059268,-9999.0,-9999.0,-9999.0,92.3339996338,648.789828407755,146.135171196092,263529.68,659352.88,12,8,92.334
NS65NW_1857,1,5_6,7.13418020749,-9999.0,-9999.0,-9999.0,89.7350006104,238.710698054109,66.5963911394078,263620.15,659355.81,20,12,89.735
NS65NW_1859,1,5_6,10.3381440953,-9999.0,-9999.0,-9999.0,89.7259979248,137.231871297151,47.4095875214251,263652.56,659351.17,12,8,89.726
NS65NW_1874,1,5_6,1.96240070254,-9999.0,-9999.0,-9999.0,95.9670028687,47.9764697231794,29.2415930763194,263186.74,659345.1,12,8,95.967
NS65NW_1878,1,5_6,4.80978384331,-9999.0,-9999.0,-9999.0,93.016998291,148.126685719102,49.1078767815818,263591.71,659347.97,12,8,93.017
NS65NW_1904,1,5_6,6.00723834833,-9999.0,-9999.0,-9999.0,95.1839981079,147.428209204504,53.9242523386193,263146.87,659341.41,28,16,95.184
NS65NW_1905,1,5_6,2.52879470434,-9999.0,-9999.0,-9999.0,89.6040802002,33.0896325020455,32.2330478208701,263703.74,659338.46,16,10,89.604
NS65NW_1917,1,5_6,7.58372386103,-9999.0,-9999.0,-9999.0,90.6330032349,146.856747939177,48.5404671552582,263651.99,659334.56,12,8,90.633
NS65NW_1918,1,5_6,7.02426571689,-9999.0,-9999.0,-9999.0,96.0210037231,115.938740371674,44.5456938154561,263176.51,659334.77,12,8,96.021
NS65NW_1928,1,5_6,11.9817087069,-9999.0,-9999.0,-9999.0,96.8740005493,468.055395026107,106.688271328717,263291.42,659345.77,12,8,96.874
NS65NW_1940,1,5_6,7.4364580294,-9999.0,-9999.0,-9999.0,91.0920028687,241.790398688596,68.7235941976557,263618.95,659331.61,28,16,91.092
NS65NW_1957,1,5_6,5.78126362456,-9999.0,-9999.0,-9999.0,95.591003418,218.721132552458,80.9423374000236,263141.83,659323.59,52,28,95.591
NS65NW_1959,1,5_6,36.2488847501,-9999.0,-9999.0,-9999.0,95.3860015869,747.296207293035,129.129440841429,263387.29,659331.1,60,32,95.386
NS65NW_1978,1,5_6,7.91866081393,-9999.0,-9999.0,-9999.0,91.6470031738,190.911601212012,57.3701011487022,263650.18,659315.85,12,8,91.647
NS65NW_1986,1,5_6,7.52619992362,-9999.0,-9999.0,-9999.0,92.5739974976,145.009597740032,48.2619442464163,263618.25,659311.18,12,8,92.574
NS65NW_2010,1,5_6,13.5852146647,-9999.0,-9999.0,-9999.0,94.1610031128,692.038994435704,147.285165707178,263325.33,659304.39,20,12,94.161
NS65NW_2026,1,5_6,36.2289789378,-9999.0,-9999.0,-9999.0,94.7969970703,743.594739715972,140.788980468894,263466.31,659311.22,84,44,94.797
NS65NW_2036,1,5_6,12.0932360067,-9999.0,-9999.0,-9999.0,94.7276687622,444.632071842689,104.817232980957,263552.66,659312.51,12,8,94.728
NS65NW_2040,1,5_6,7.62066830751,-9999.0,-9999.0,-9999.0,93.3089981079,120.124277864565,44.0543147458363,263617.83,659295.37,12,8,93.309
NS65NW_2075,1,5_6,3.48654287587,-9999.0,-9999.0,-9999.0,98.4329986572,32.6708437504467,23.2632296743496,263275.3,659280.6,12,8,98.433
NS65NW_2085,1,5_6,5.59540149787,-9999.0,-9999.0,-9999.0,96.6790008545,466.120134503398,145.784473947784,263139.84,659292.58,84,44,96.679
NS65NW_2086,1,5_6,7.6941793887,-9999.0,-9999.0,-9999.0,93.9390029907,144.421231873825,48.1694394081339,263616.02,659279.53,12,8,93.939
NS65NW_2089,1,5_6,4.05024538826,-9999.0,-9999.0,-9999.0,87.3929977417,524.494646059128,124.074262794732,263734.26,659297.79,12,8,87.393
NS65NW_2094,1,5_6,5.91924027658,-9999.0,-9999.0,-9999.0,96.6754989624,601.598306658121,167.879019490075,263176.39,659298.95,68,36,96.675
NS65NW_2105,1,5_6,13.4532820269,-9999.0,-9999.0,-9999.0,94.9749984741,654.753356327341,146.756022143205,263524.14,659275.6,28,16,94.975
NS65NW_2116,1,5_6,6.92218266956,-9999.0,-9999.0,-9999.0,92.9290008545,684.866212951404,125.834441039008,263648.01,659283.65,60,32,92.929
NS65NW_2147,1,5_6,10.2983845447,-9999.0,-9999.0,-9999.0,93.9365997314,135.602556338256,47.1571206904931,263645.68,659254.07,12,8,93.937
NS65NW_2163,1,5_6,7.90474035039,-9999.0,-9999.0,-9999.0,88.8770980835,1642.49935094366,279.048892214049,263679.02,659296.84,140,72,88.877
NS65NW_2167,1,5_6,6.33292224162,-9999.0,-9999.0,-9999.0,97.9509963989,155.657334583093,51.8128843297323,263128.85,659247.26,12,8,97.951
NS65NW_2180,1,5_6,5.99132043123,-9999.0,-9999.0,-9999.0,98.4573287964,164.976612608915,57.3330111520136,263152.57,659242.98,28,16,98.457
NS65NW_2196,1,5_6,5.74263202045,-9999.0,-9999.0,-9999.0,91.3069992065,146.415988122894,48.5122408671387,263730.52,659234.44,12,8,91.307
NS65NW_2201,1,5_6,6.95670394029,-9999.0,-9999.0,-9999.0,93.4899978638,1732.31608183444,284.7065283349,263587.26,659283.03,128,66,93.49
NS65NW_2205,1,5_6,4.17639634843,-9999.0,-9999.0,-9999.0,98.6969985962,1497.94758182724,180.322562146938,263301.54,659249.64,60,32,98.697
NS65NW_2207,1,5_6,2.56969688213,-9999.0,-9999.0,-9999.0,98.3809967041,29.2347300051446,21.9663413019375,263140.52,659223.37,12,8,98.381
NS65NW_2211,1,5_6,6.91210509741,-9999.0,-9999.0,-9999.0,94.0100021362,894.015290464885,152.90021871892,263614.57,659245.13,80,42,94.01
NS65NW_2215,1,5_6,36.9645696084,-9999.0,-9999.0,-9999.0,94.0210037231,746.045855504916,126.978018996038,263460.68,659233.61,48,26,94.021
NS65NW_2216,1,5_6,4.43803342661,-9999.0,-9999.0,-9999.0,98.2419967651,735.851165240998,115.649383400127,263378.99,659235.54,12,8,98.242
NS65NW_2222,1,5_6,12.2328007546,-9999.0,-9999.0,-9999.0,94.3109970093,439.574099829513,104.661586670925,263546.95,659235.04,12,8,94.311
NS65NW_2223,1,5_6,10.7350279148,-9999.0,-9999.0,-9999.0,94.18800354,133.419783921726,46.88009097769,263639.1,659220.17,12,8,94.188
NS65NW_2233,1,5_6,9.72530540594,-9999.0,-9999.0,-9999.0,91.9820022583,1025.33793966526,238.774052980048,263678.19,659222.62,160,82,91.982
NS65NW_2235,1,5_6,6.22858148078,-9999.0,-9999.0,-9999.0,99.6119995117,301.129274976197,75.9666774180369,263272.45,659221.73,20,12,99.612
NS65NW_2237,1,5_6,3.99946976927,-9999.0,-9999.0,-9999.0,97.8789978027,161.457926241677,52.2071923608189,263126.92,659216.02,24,14,97.879
NS65NW_2238,1,5_6,6.4236585952,-9999.0,-9999.0,-9999.0,92.2630004883,175.792151111663,54.5981348545024,263728.8,659217.02,12,8,92.263
NS65NW_2240,1,5_6,3.14065030297,-9999.0,-9999.0,-9999.0,98.7529983521,748.661550789165,129.124191142037,263341.39,659226.83,52,28,98.753
NS65NW_2256,1,5_6,4.05738664327,-9999.0,-9999.0,-9999.0,98.6029968262,177.064780217261,67.3828463106768,263148.94,659208.76,36,20,98.603
NS65NW_2264,1,5_6,5.71114850191,-9999.0,-9999.0,-9999.0,95.0559997559,292.37067166551,74.5533777525081,263581.64,659209.26,12,8,95.056
NS65NW_2268,1,5_6,13.0430533206,-9999.0,-9999.0,-9999.0,93.4309997559,679.803830646746,146.566249097771,263518.48,659198.02,12,8,93.431
NS65NW_2269,1,5_6,6.66719030142,-9999.0,-9999.0,-9999.0,92.3109970093,166.64042440189,52.0834991774204,263729.79,659198.36,12,8,92.311
NS65NW_2280,1,5_6,6.44739229945,-9999.0,-9999.0,-9999.0,92.9759979248,175.10015475348,54.5189603370722,263696.19,659191.56,12,8,92.976
NS65NW_2288,1,5_6,5.66763636124,-9999.0,-9999.0,-9999.0,94.4150009155,576.919151185229,126.89568168507,263622.21,659194.83,44,24,94.415
NS65NW_2289,1,5_6,6.17499525331,-9999.0,-9999.0,-9999.0,94.0319976807,264.861884741918,74.9695688217089,263666.64,659184.73,12,8,94.032
NS65NW_2313,1,5_6,5.72791164216,-9999.0,-9999.0,-9999.0,97.9729995728,207.480164672664,59.4964716067462,263444.69,659178.0,12,8,97.973
NS65NW_2317,1,5_6,5.69646111142,-9999.0,-9999.0,-9999.0,98.6019973755,206.715386154677,59.416880014153,263389.55,659176.35,12,8,98.602
NS65NW_2319,1,5_6,6.63017157527,-9999.0,-9999.0,-9999.0,96.7089996338,168.734732904819,52.1815063101542,263468.49,659172.02,12,8,96.709
NS65NW_2321,1,5_6,5.70565614885,-9999.0,-9999.0,-9999.0,94.9589996338,146.703141313908,48.5341163104767,263546.77,659170.76,12,8,94.959
NS65NW_2323,1,5_6,5.74739723139,-9999.0,-9999.0,-9999.0,99.7399978638,149.839119310429,49.1227768858392,263365.64,659169.37,12,8,99.74
NS65NW_2326,1,5_6,6.3656659343,-9999.0,-9999.0,-9999.0,96.2509994507,180.569275916232,55.2764007486119,263487.14,659167.29,12,8,96.251
NS65NW_2327,1,5_6,6.20909456191,-9999.0,-9999.0,-9999.0,95.7799987793,265.645584269952,74.5414887196502,263513.34,659166.07,12,8,95.78
NS65NW_2329,1,5_6,6.24198676312,-9999.0,-9999.0,-9999.0,101.069000244,179.385402685666,55.0933947345074,263348.43,659166.86,12,8,101.069
NS65NW_2331,1,5_6,6.5893657346,-9999.0,-9999.0,-9999.0,101.176002502,168.937630683398,52.2662392319197,263328.5,659163.39,12,8,101.176
NS65NW_2334,1,5_6,6.54594641039,-9999.0,-9999.0,-9999.0,101.459999084,166.83593676245,51.9946191783282,263299.6,659162.04,12,8,101.46
NS65NW_2337,1,5_6,6.17603178984,-9999.0,-9999.0,-9999.0,94.638999939,171.757318979539,55.1130892365648,263636.95,659158.31,12,8,94.639
NS65NW_2341,1,5_6,2.27711094127,-9999.0,-9999.0,-9999.0,93.2450027466,19.836378751109,18.1516328025788,263692.07,659153.14,12,8,93.245
NS65NW_2350,1,5_6,3.95704981387,-9999.0,-9999.0,-9999.0,94.9680023193,198.814919947539,56.6413531766713,263617.03,659155.57,12,8,94.968
NS65NW_2351,1,5_6,6.57684361009,-9999.0,-9999.0,-9999.0,95.3489990234,168.003468365268,52.1289731548833,263597.56,659153.96,12,8,95.349
NS65NW_2357,1,5_6,6.60022934422,-9999.0,-9999.0,-9999.0,95.2850036621,167.951136674976,52.0903659922704,263578.71,659150.4,12,8,95.285
NS65NW_2365,1,5_6,6.32448076734,-9999.0,-9999.0,-9999.0,93.0070037842,217.690656123754,74.5297672104187,263745.76,659147.57,36,20,93.007
NS65NW_2367,1,5_6,6.14526401867,-9999.0,-9999.0,-9999.0,95.5530014038,172.22473901345,55.2848399419828,263548.49,659143.29,12,8,95.553
NS65NW_2369,1,5_6,5.87957610697,-9999.0,-9999.0,-9999.0,93.6149978638,107.978966058627,41.5896821024275,263728.37,659141.48,16,10,93.615
NS65NW_2370,1,5_6,5.12141140909,-9999.0,-9999.0,-9999.0,92.9940032959,157.618787661314,70.9648997184041,263700.88,659144.62,28,16,92.994
NS65NW_2371,1,5_6,6.15255947521,-9999.0,-9999.0,-9999.0,93.2519989014,111.324821039053,42.6819623174285,263714.2,659139.97,12,8,93.252
NS65NW_2373,1,5_6,6.20462641825,-9999.0,-9999.0,-9999.0,95.8450012207,133.646297423279,46.9910258625785,263526.36,659139.41,12,8,95.845
NS65NW_2376,1,5_6,5.3022080044,-9999.0,-9999.0,-9999.0,93.3759994507,172.3646008319,72.5838432156263,263681.41,659141.98,36,20,93.376
NS65NW_2377,1,5_6,6.46255729148,-9999.0,-9999.0,-9999.0,97.1829986572,169.627745213496,52.3710795792673,263463.99,659139.28,12,8,97.183
NS65NW_2380,1,5_6,6.50284693969,-9999.0,-9999.0,-9999.0,100.124000549,169.040993445455,52.3287743113847,263369.43,659138.25,12,8,100.124
NS65NW_2381,1,5_6,6.18001007303,-9999.0,-9999.0,-9999.0,96.0960006714,174.37012607105,55.6228388101305,263502.73,659136.67,12,8,96.096
NS65NW_2384,1,5_6,5.708116738,-9999.0,-9999.0,-9999.0,96.1719970703,121.537776748499,45.4600117818314,263482.0,659136.42,20,12,96.172
NS65NW_2388,1,5_6,6.01447156722,-9999.0,-9999.0,-9999.0,94.2450027466,100.234154201444,40.1253851224994,263668.1,659133.0,12,8,94.245
NS65NW_2391,1,5_6,5.74479061039,-9999.0,-9999.0,-9999.0,100.832000732,290.146580685325,74.4069806799565,263344.35,659134.33,12,8,100.832
NS65NW_2392,1,5_6,5.66742850864,-9999.0,-9999.0,-9999.0,97.9290008545,775.772573655803,161.722163083945,263416.55,659136.84,44,24,97.929
NS65NW_2401,1,5_6,5.47610638133,-9999.0,-9999.0,-9999.0,94.9169998169,137.077189616198,48.810492580612,263654.61,659129.57,20,12,94.917
NS65NW_2408,1,5_6,6.1421168911,-9999.0,-9999.0,-9999.0,101.628997803,313.009433896874,103.396599639915,263304.83,659135.32,44,24,101.629
NS65NW_2418,1,5_6,4.37469904083,-9999.0,-9999.0,-9999.0,102.231002808,136.922370846237,48.5963713427677,263128.94,659120.32,12,8,102.231
NS65NW_2428,1,5_6,5.8923558663,-9999.0,-9999.0,-9999.0,97.2300033569,239.332198506982,68.406017683812,263553.88,659111.86,20,12,97.23
NS65NW_2429,1,5_6,5.85958489706,-9999.0,-9999.0,-9999.0,94.3799972534,99.5385282620638,39.9076764354166,263728.15,659109.77,12,8,94.38
NS65NW_2433,1,5_6,5.93801040058,-9999.0,-9999.0,-9999.0,94.4079971313,102.87744890791,40.592658031375,263715.81,659109.06,12,8,94.408
NS65NW_2436,1,5_6,3.41064265325,-9999.0,-9999.0,-9999.0,102.407997131,34.3723424965981,24.7176221021579,263360.75,659107.05,12,8,102.408
NS65NW_2437,1,5_6,5.82124888986,-9999.0,-9999.0,-9999.0,94.5540008545,104.240841762425,40.8396617289357,263703.62,659108.16,12,8,94.554
NS65NW_2439,1,5_6,6.04625159245,-9999.0,-9999.0,-9999.0,98.1429977417,244.366630919425,71.6183975901132,263496.02,659109.12,28,16,98.143
NS65NW_2443,1,5_6,6.10239643046,-9999.0,-9999.0,-9999.0,97.9020004272,229.662885852275,64.8925033756876,263526.58,659107.78,12,8,97.902
NS65NW_2446,1,5_6,6.31799638682,-9999.0,-9999.0,-9999.0,98.672996521,123.049928576046,44.4889023825457,263473.63,659106.09,12,8,98.673
NS65NW_2448,1,5_6,5.73204626627,-9999.0,-9999.0,-9999.0,103.55506897,158.650617288128,53.9104203265529,263305.52,659108.06,28,16,103.555
NS65NW_2452,1,5_6,6.08993869976,-9999.0,-9999.0,-9999.0,95.5110015869,109.085052269475,42.2702632890912,263663.04,659100.49,12,8,95.511
NS65NW_2456,1,5_6,5.31388760613,-9999.0,-9999.0,-9999.0,98.9820022583,121.823240559985,61.3400805318786,263453.73,659103.04,28,16,98.982
NS65NW_2461,1,5_6,5.45674756874,-9999.0,-9999.0,-9999.0,99.641998291,112.625918754248,56.2358617096146,263443.44,659100.97,28,16,99.642
NS65NW_2463,1,5_6,5.83917455269,-9999.0,-9999.0,-9999.0,101.486999512,324.512594051687,151.153527325256,263376.55,659100.65,76,40,101.487
NS65NW_2466,1,5_6,6.03243128459,-9999.0,-9999.0,-9999.0,103.031997681,93.0923461865297,39.0220113536573,263354.21,659096.62,12,8,103.032
NS65NW_2467,1,5_6,5.91601164613,-9999.0,-9999.0,-9999.0,95.2580032349,105.03123751276,41.1034412657567,263649.55,659096.44,12,8,95.258
NS65NW_2469,1,5_6,6.18167391425,-9999.0,-9999.0,-9999.0,103.127998352,136.911478357285,64.698464536152,263344.36,659099.89,28,16,103.128
NS65NW_2470,1,5_6,5.58419291178,-9999.0,-9999.0,-9999.0,100.059661865,145.813733837823,68.6394344092654,263431.65,659099.38,32,18,100.06
NS65NW_2472,1,5_6,5.05975592175,-9999.0,-9999.0,-9999.0,100.361000061,315.566779276864,152.573937085376,263404.07,659099.55,84,44,100.361
NS65NW_2474,1,5_6,5.81039985838,-9999.0,-9999.0,-9999.0,103.86000061,261.690053993663,103.046071203384,263320.11,659094.94,52,28,103.86
NS65NW_2475,1,5_6,6.42216282227,-9999.0,-9999.0,-9999.0,100.885002136,104.261762437456,40.8637096641803,263420.56,659092.26,12,8,100.885
NS65NW_2480,1,5_6,6.06392001863,-9999.0,-9999.0,-9999.0,94.6129989624,102.908765162081,40.5819107297695,263723.12,659090.51,12,8,94.613
NS65NW_2494,1,5_6,6.01036364692,-9999.0,-9999.0,-9999.0,97.4950027466,231.383474895752,65.0283454728885,263582.18,659084.34,12,8,97.495
NS65NW_2500,1,5_6,5.63523174895,-9999.0,-9999.0,-9999.0,97.2689971924,153.806933471349,52.7034659175821,263607.05,659082.81,20,12,97.269
NS65NW_2504,1,5_6,6.07491234463,-9999.0,-9999.0,-9999.0,97.8929977417,227.855115124371,64.6951748692429,263554.99,659080.18,12,8,97.893
NS65NW_2517,1,5_6,4.60219492964,-9999.0,-9999.0,-9999.0,94.9919967651,190.240125627077,66.5610463431715,263663.66,659080.06,36,20,94.992
NS65NW_2519,1,5_6,6.44274321375,-9999.0,-9999.0,-9999.0,94.8000030518,118.987479758588,44.0069330690014,263732.04,659076.52,12,8,94.8
NS65NW_2520,1,5_6,6.00048749375,-9999.0,-9999.0,-9999.0,98.4459991455,237.188859612257,66.4767570497639,263526.4,659075.59,12,8,98.446
NS65NW_2523,1,5_6,5.76080099577,-9999.0,-9999.0,-9999.0,99.7620010376,146.854717031461,54.5206236977368,263490.64,659075.84,36,20,99.762
NS65NW_2532,1,5_6,6.25979519128,-9999.0,-9999.0,-9999.0,103.792999268,103.583734667135,41.446523404884,263353.04,659070.15,20,12,103.793
NS65NW_2535,1,5_6,3.26893431346,-9999.0,-9999.0,-9999.0,97.2129974365,30.9722324973908,23.2597829727371,263601.27,659067.67,12,8,97.213
NS65NW_2537,1,5_6,3.09686675552,-9999.0,-9999.0,-9999.0,103.621002197,32.7226350016802,24.1967912148908,263364.97,659064.6,12,8,103.621
NS65NW_2538,1,5_6,6.02407656722,-9999.0,-9999.0,-9999.0,101.763771057,102.655547295748,40.5418476496998,263423.2,659067.06,12,8,101.764
NS65NW_2541,1,5_6,6.00527931327,-9999.0,-9999.0,-9999.0,102.554000854,86.2784066995658,37.5030571253781,263398.53,659066.36,12,8,102.554
NS65NW_2542,1,5_6,3.3183029681,-9999.0,-9999.0,-9999.0,97.4869995117,54.4752375062995,29.5596034474046,263588.84,659065.69,12,8,97.487
NS65NW_2543,1,5_6,3.20325893022,-9999.0,-9999.0,-9999.0,95.8059997559,57.3072444126844,30.288270535662,263722.91,659065.26,12,8,95.806
NS65NW_2546,1,5_6,6.16213781472,-9999.0,-9999.0,-9999.0,100.325996399,122.234199579625,44.2544519346834,263458.83,659065.72,12,8,100.326
NS65NW_2550,1,5_6,4.96740720689,-9999.0,-9999.0,-9999.0,94.5120010376,613.506810496991,223.020596576963,263697.95,659086.53,116,60,94.512
NS65NW_2556,1,5_6,6.04083116113,-9999.0,-9999.0,-9999.0,95.5370025635,108.676518955913,42.1151867353513,263669.03,659061.79,12,8,95.537
NS65NW_2558,1,5_6,6.40196754013,-9999.0,-9999.0,-9999.0,97.0680007935,74.7009697448587,34.7939488943841,263609.52,659060.62,12,8,97.068
NS65NW_2560,1,5_6,4.93984107171,-9999.0,-9999.0,-9999.0,104.998001099,184.48875985488,57.9614911732555,263315.43,659061.64,20,12,104.998
NS65NW_2564,1,5_6,5.41023040413,-9999.0,-9999.0,-9999.0,95.9000015259,177.627845544987,59.7291250680632,263649.0,659056.98,20,12,95.9
NS65NW_2566,1,5_6,3.18447332764,-9999.0,-9999.0,-9999.0,103.959999084,31.8232799987054,24.0904838265234,263367.74,659053.95,12,8,103.96
NS65NW_2568,1,5_6,6.12115180643,-9999.0,-9999.0,-9999.0,104.202003479,104.161641839491,41.607602676705,263354.16,659056.6,20,12,104.202
NS65NW_2569,1,5_6,6.20411213049,-9999.0,-9999.0,-9999.0,95.9909973145,111.152914989555,42.7864425070201,263734.13,659057.42,12,8,95.991
NS65NW_2571,1,5_6,5.65111085986,-9999.0,-9999.0,-9999.0,103.041999817,255.439199898647,107.319948483321,263380.98,659061.4,44,24,103.042
NS65NW_2572,1,5_6,5.77797194385,-9999.0,-9999.0,-9999.0,101.010002136,258.171857108755,101.03660796686,263435.9,659060.9,40,22,101.01
NS65NW_2575,1,5_6,5.94440817371,-9999.0,-9999.0,-9999.0,97.391998291,93.4527402474654,39.0084918138138,263598.11,659056.09,12,8,97.392
NS65NW_2576,1,5_6,5.15435249774,-9999.0,-9999.0,-9999.0,95.5469970703,158.013689949556,57.4366199180115,263711.86,659058.17,20,12,95.547
NS65NW_2579,1,5_6,6.30631765583,-9999.0,-9999.0,-9999.0,97.6900024414,77.8454299495572,35.8634941923042,263585.86,659053.18,12,8,97.69
NS65NW_2586,1,5_6,4.86791806416,-9999.0,-9999.0,-9999.0,104.691001892,137.668594139277,70.4834891557986,263328.2,659056.69,44,24,104.691
NS65NW_2587,1,5_6,6.12035135591,-9999.0,-9999.0,-9999.0,99.9777145386,227.875694147789,64.946851546789,263500.61,659056.91,12,8,99.978
NS65NW_2588,1,5_6,5.43267790785,-9999.0,-9999.0,-9999.0,97.6549987793,107.484120351783,57.46292235197,263576.33,659054.92,28,16,97.655
NS65NW_2593,1,5_6,5.34100363238,-9999.0,-9999.0,-9999.0,102.825996399,111.106237504937,52.0567521701884,263397.1,659050.54,20,12,102.826
NS65NW_2594,1,5_6,3.66810751743,-9999.0,-9999.0,-9999.0,104.305999756,32.620684199674,24.254282704957,263373.76,659045.74,12,8,104.306
NS65NW_2595,1,5_6,5.20850398089,-9999.0,-9999.0,-9999.0,98.0589981079,114.697863127727,58.9606594392227,263566.02,659052.19,28,16,98.059
NS65NW_2596,1,5_6,3.25126637402,-9999.0,-9999.0,-9999.0,96.0989990234,56.7548250100082,30.142203309369,263641.26,659046.15,12,8,96.099
NS65NW_2602,1,5_6,6.53198529287,-9999.0,-9999.0,-9999.0,104.833999634,73.5771624120258,34.5030075243635,263360.63,659044.33,12,8,104.834
NS65NW_2610,1,5_6,6.23703046308,-9999.0,-9999.0,-9999.0,105.377998352,76.9930893030045,35.7359344218869,263329.06,659041.89,12,8,105.378
NS65NW_2617,1,5_6,3.13604909585,-9999.0,-9999.0,-9999.0,103.07800293,69.710979769463,41.7421861846893,263383.13,659038.7,20,12,103.078
NS65NW_2619,1,5_6,3.2555829366,-9999.0,-9999.0,-9999.0,102.449996948,30.5142149965178,23.287490129017,263450.19,659035.46,12,8,102.45
NS65NW_2621,1,5_6,5.21564759652,-9999.0,-9999.0,-9999.0,98.1969985962,481.809478831414,240.0397163042,263537.22,659045.36,132,68,98.197
NS65NW_2622,1,5_6,6.34157285298,-9999.0,-9999.0,-9999.0,105.025001526,74.4348986604875,35.2375901415419,263366.23,659035.69,12,8,105.025
NS65NW_2627,1,5_6,5.66506313943,-9999.0,-9999.0,-9999.0,102.694999695,204.0543671892,88.7919356329515,263432.89,659039.13,52,28,102.695
NS65NW_2632,1,5_6,6.38822281565,-9999.0,-9999.0,-9999.0,99.6029968262,74.8885623014026,35.4404301013946,263512.65,659033.21,12,8,99.603
NS65NW_2640,1,5_6,3.40009786315,-9999.0,-9999.0,-9999.0,102.387001038,30.4752300012546,23.2600476423249,263457.83,659027.32,12,8,102.387
NS65NW_2642,1,5_6,3.04786929278,-9999.0,-9999.0,-9999.0,104.542999268,38.8735244234619,26.6737337046237,263384.0,659027.4,12,8,104.543
NS65NW_2647,1,5_6,5.60219877219,-9999.0,-9999.0,-9999.0,103.004997253,203.416211127518,91.1081024574477,263400.15,659032.05,52,28,103.005
NS65NW_2649,1,5_6,6.06092410386,-9999.0,-9999.0,-9999.0,104.939002991,94.5180487275959,39.3531084806855,263371.41,659026.71,12,8,104.939
NS65NW_2650,1,5_6,5.89719083449,-9999.0,-9999.0,-9999.0,102.694000244,88.1891071418224,37.9058690186574,263442.97,659026.14,12,8,102.694
NS65NW_2655,1,5_6,6.85986834895,-9999.0,-9999.0,-9999.0,105.43699646,214.159881587878,83.3472235916043,263336.52,659027.25,44,24,105.437
NS65NW_2656,1,5_6,5.35142391355,-9999.0,-9999.0,-9999.0,100.505996704,443.712860252707,219.248341559902,263473.64,659036.4,108,56,100.506
NS65NW_2659,1,5_6,3.24019680326,-9999.0,-9999.0,-9999.0,103.460998535,63.8281762502987,46.5501140477721,263393.25,659017.91,28,16,103.461
NS65NW_2662,1,5_6,5.90251195202,-9999.0,-9999.0,-9999.0,102.919998169,94.7867830092313,39.2969623782058,263450.43,659017.84,12,8,102.92
NS65NW_2666,1,5_6,5.95052970437,-9999.0,-9999.0,-9999.0,105.388999939,88.2720690567747,37.9413934846912,263374.33,659015.92,12,8,105.389
NS65NW_2668,1,5_6,2.50490851151,-9999.0,-9999.0,-9999.0,99.3728179932,86.1912485090054,45.4593037685877,263699.18,659014.12,20,12,99.373
NS65NW_2671,1,5_6,6.96284742278,-9999.0,-9999.0,-9999.0,99.3460006714,189.049531280611,58.768584901428,263734.15,659018.04,12,8,99.346
NS65NW_2675,1,5_6,5.33108879863,-9999.0,-9999.0,-9999.0,103.377998352,109.827094874597,58.7811181048743,263407.92,659015.24,28,16,103.378
NS65NW_2676,1,5_6,6.3090082207,-9999.0,-9999.0,-9999.0,103.297996521,76.6558053623259,35.6991005904225,263417.73,659011.95,12,8,103.298
NS65NW_2681,1,5_6,5.42295237421,-9999.0,-9999.0,-9999.0,102.42199707,107.503337250527,55.2027259866325,263458.51,659012.27,28,16,102.422
NS65NW_2696,1,5_6,4.71093907564,-9999.0,-9999.0,-9999.0,99.7249984741,27.7864275021887,34.5647314791055,263686.29,659003.25,16,10,99.725
NS65NW_2698,1,5_6,6.0948600769,-9999.0,-9999.0,-9999.0,105.35900116,134.076199134309,48.6961215596261,263381.78,659005.37,20,12,105.359
NS65NW_2702,1,5_6,6.27501068854,-9999.0,-9999.0,-9999.0,99.9430007935,107.910658460064,42.0097936235145,263728.71,659000.67,12,8,99.943
NS65NW_2711,1,5_6,5.61329125933,-9999.0,-9999.0,-9999.0,105.738998413,293.627386943916,98.9679948724933,263347.76,659003.33,48,26,105.739
NS65NW_2712,1,5_6,5.61423772738,-9999.0,-9999.0,-9999.0,103.81199646,94.9640420355773,43.8762985063547,263430.98,658993.71,28,16,103.812
NS65NW_2713,1,5_6,2.65480611613,-9999.0,-9999.0,-9999.0,112.407997131,26.7732000009625,25.2556303229785,263154.87,658988.85,8,6,112.408
NS65NW_2714,1,5_6,2.98855236816,-9999.0,-9999.0,-9999.0,104.297996521,31.9172325004026,23.9163146200325,263417.28,658989.52,12,8,104.298
NS65NW_2717,1,5_6,6.24861453872,-9999.0,-9999.0,-9999.0,99.6510009766,542.38678493283,146.254015279146,263563.3,658994.1,100,52,99.651
NS65NW_2727,1,5_6,6.33372608972,-9999.0,-9999.0,-9999.0,101.100997925,78.7615368023673,35.5649717966126,263695.47,658982.02,12,8,101.101
NS65NW_2730,1,5_6,3.25639721819,-9999.0,-9999.0,-9999.0,105.000999451,37.9781445104709,25.8178010550358,263411.55,658980.29,12,8,105.001
NS65NW_2731,1,5_6,5.22246165865,-9999.0,-9999.0,-9999.0,103.540000916,165.860668270177,52.7185565620831,263464.56,658984.69,12,8,103.54
NS65NW_2732,1,5_6,6.35635062164,-9999.0,-9999.0,-9999.0,101.668998718,70.9408060676205,34.2183125572088,263720.3,658981.16,12,8,101.669
NS65NW_2737,1,5_6,5.46645704905,-9999.0,-9999.0,-9999.0,104.179000854,107.812809388666,42.1233922154408,263425.95,658980.99,12,8,104.179
NS65NW_2740,1,5_6,6.2951109285,-9999.0,-9999.0,-9999.0,102.907997131,109.581332390081,41.9211678329011,263730.58,658979.01,12,8,102.908
NS65NW_2742,1,5_6,6.28317338057,-9999.0,-9999.0,-9999.0,106.350997925,135.376480512311,48.9680980144001,263395.74,658978.99,20,12,106.351
NS65NW_2753,1,5_6,6.77421683838,-9999.0,-9999.0,-9999.0,112.428001404,202.247825822471,63.304897950666,263146.93,658980.75,12,8,112.428
NS65NW_2755,1,5_6,6.20504096247,-9999.0,-9999.0,-9999.0,100.899002075,72.8398921902676,34.18324125826,263596.96,658972.39,12,8,100.899
NS65NW_2758,1,5_6,5.28607982063,-9999.0,-9999.0,-9999.0,110.481002808,145.736130001181,46.7043161956668,263267.13,658973.36,20,12,110.481
NS65NW_2759,1,5_6,5.9300463029,-9999.0,-9999.0,-9999.0,107.082000732,131.153098825435,47.7318509667801,263364.31,658972.94,28,16,107.082
NS65NW_2760,1,5_6,6.22458889829,-9999.0,-9999.0,-9999.0,102.146331787,94.1804213744217,41.8859901762211,263697.59,658970.96,20,12,102.146
NS65NW_2762,1,5_6,6.32204192819,-9999.0,-9999.0,-9999.0,101.589996338,80.0976545253566,35.822046645671,263549.09,658968.64,12,8,101.59
NS65NW_2766,1,5_6,6.27132589606,-9999.0,-9999.0,-9999.0,105.549003601,99.701408447073,39.9982059557282,263418.86,658969.46,12,8,105.549
NS65NW_2770,1,5_6,6.24679013983,-9999.0,-9999.0,-9999.0,101.29699707,127.35591909022,45.8003496496028,263584.13,658966.67,12,8,101.297
NS65NW_2774,1,5_6,6.31504281095,-9999.0,-9999.0,-9999.0,101.244003296,186.536612037732,58.5333329276834,263565.46,658964.51,12,8,101.244
NS65NW_2775,1,5_6,6.20591527143,-9999.0,-9999.0,-9999.0,101.571998596,463.100952069453,106.224706694517,263520.46,658975.86,60,32,101.572
NS65NW_2779,1,5_6,3.06569920293,-9999.0,-9999.0,-9999.0,105.775001526,36.8570175008273,24.8151119860828,263411.37,658960.84,12,8,105.775
NS65NW_2783,1,5_6,6.24702252047,-9999.0,-9999.0,-9999.0,106.897003174,104.221771119011,40.8722217869945,263401.58,658961.92,12,8,106.897
NS65NW_2785,1,5_6,2.66302629618,-9999.0,-9999.0,-9999.0,107.788002014,26.7016799952482,20.8541294679192,263351.92,658956.86,12,8,107.788
NS65NW_2793,1,5_6,5.03195662924,-9999.0,-9999.0,-9999.0,103.690002441,282.545628076442,104.531548521738,263454.81,658962.04,52,28,103.69
NS65NW_2798,1,5_6,6.45973710574,-9999.0,-9999.0,-9999.0,99.4639968872,604.115190008298,138.346193646074,263623.15,658968.01,76,40,99.464
NS65NW_2805,1,5_6,5.13438115368,-9999.0,-9999.0,-9999.0,107.478996277,241.637062542824,95.6661856515112,263369.28,658954.93,60,32,107.479
NS65NW_2806,1,5_6,6.80479367734,-9999.0,-9999.0,-9999.0,114.07900238,202.11731599529,63.1542387646484,263151.13,658952.77,12,8,114.079
NS65NW_2807,1,5_6,6.0547839325,-9999.0,-9999.0,-9999.0,103.799003601,186.684405724827,64.5423191852617,263504.91,658951.65,36,20,103.799
NS65NW_2808,1,5_6,5.90798300572,-9999.0,-9999.0,-9999.0,104.18699646,235.127513988721,73.3430242268343,263693.68,658949.37,36,20,104.187
NS65NW_2809,1,5_6,6.04236008701,-9999.0,-9999.0,-9999.0,103.933998108,166.75409462641,54.476241814508,263671.9,658945.72,16,10,103.934
NS65NW_2810,1,5_6,6.28580636564,-9999.0,-9999.0,-9999.0,103.672996521,188.672080123394,77.2253444525527,263650.94,658945.24,36,20,103.673
NS65NW_2812,1,5_6,12.2043196795,-9999.0,-9999.0,-9999.0,103.408996582,283.327686950616,77.2131017687214,263739.47,658950.17,28,16,103.409
NS65NW_2818,1,5_6,6.70788458695,-9999.0,-9999.0,-9999.0,103.082000732,79.7863950498871,35.7500635204017,263622.44,658939.91,12,8,103.082
NS65NW_2819,1,5_6,5.99068833802,-9999.0,-9999.0,-9999.0,103.39099884,218.163758213789,79.8119492833876,263538.49,658946.84,44,24,103.391
NS65NW_2821,1,5_6,6.10268003062,-9999.0,-9999.0,-9999.0,103.496002197,81.0052778610357,37.3454907465117,263598.77,658937.57,20,12,103.496
NS65NW_2822,1,5_6,5.61053832187,-9999.0,-9999.0,-9999.0,105.307998657,283.416983415759,101.512780217168,263438.97,658944.8,52,28,105.308
NS65NW_2823,1,5_6,6.66066907632,-9999.0,-9999.0,-9999.0,105.029998779,101.923835378148,40.4145380655227,263496.17,658938.79,12,8,105.03
NS65NW_2825,1,5_6,6.17625204985,-9999.0,-9999.0,-9999.0,108.185997009,122.839293890806,44.3744695363571,263381.06,658939.12,12,8,108.186
NS65NW_2828,1,5_6,6.81978552826,-9999.0,-9999.0,-9999.0,103.302001953,195.388039278354,59.8902706638971,263574.62,658939.98,20,12,103.302
NS65NW_2829,1,5_6,6.1723316712,-9999.0,-9999.0,-9999.0,104.427001953,110.60970038494,42.141791391934,263726.48,658937.27,12,8,104.427
NS65NW_2832,1,5_6,6.11181338471,-9999.0,-9999.0,-9999.0,104.306999207,78.6728664659143,36.17137794793,263524.89,658934.25,20,12,104.307
NS65NW_2839,1,5_6,5.00514016445,-9999.0,-9999.0,-9999.0,108.383003235,175.209054797988,56.4040232359519,263395.41,658933.17,20,12,108.383
NS65NW_2845,1,5_6,4.21563307046,-9999.0,-9999.0,-9999.0,111.877998352,473.210512599711,122.290681399955,263284.21,658938.88,76,40,111.878
NS65NW_2846,1,5_6,6.45083900803,-9999.0,-9999.0,-9999.0,106.39099884,106.64251131342,41.3173503885978,263490.24,658928.32,12,8,106.391
NS65NW_2847,1,5_6,5.86145014323,-9999.0,-9999.0,-9999.0,104.603996277,75.5744636708248,34.835463569395,263558.8,658926.88,12,8,104.604
NS65NW_2850,1,5_6,5.97844203493,-9999.0,-9999.0,-9999.0,105.098999023,115.233829219347,47.7743857471671,263717.67,658927.15,28,16,105.099
NS65NW_2853,1,5_6,9.00019751903,-9999.0,-9999.0,-9999.0,116.066001892,442.878163434957,110.196395571881,263178.31,658927.64,20,12,116.066
NS65NW_2864,1,5_6,6.58371288622,-9999.0,-9999.0,-9999.0,104.595001221,101.837545363139,40.3668290809464,263552.82,658917.47,12,8,104.595
NS65NW_2867,1,5_6,6.19414662206,-9999.0,-9999.0,-9999.0,104.957000732,210.555550369247,65.2866382415183,263690.21,658915.81,28,16,104.957
NS65NW_2868,1,5_6,6.34105983906,-9999.0,-9999.0,-9999.0,104.841003418,96.9813577429645,42.2174333238467,263672.57,658915.2,20,12,104.841
NS65NW_2871,1,5_6,6.37883336856,-9999.0,-9999.0,-9999.0,105.79233551,80.9072504034316,36.0041775703427,263513.02,658913.4,12,8,105.792
NS65NW_2876,1,5_6,6.18806861965,-9999.0,-9999.0,-9999.0,104.592002869,619.903876587433,206.269184112122,263631.0,658913.07,120,62,104.592
NS65NW_2882,1,5_6,5.4582063073,-9999.0,-9999.0,-9999.0,107.536331177,273.259324003497,125.152388610357,263425.93,658919.78,56,32,107.536
NS65NW_2883,1,5_6,6.26030968191,-9999.0,-9999.0,-9999.0,107.23400116,193.885208148614,60.2283182995968,263481.53,658914.17,16,10,107.234
NS65NW_2888,1,5_6,6.29062887219,-9999.0,-9999.0,-9999.0,104.544998169,128.553157744012,45.6786089135875,263583.96,658907.31,12,8,104.545
NS65NW_2896,1,5_6,6.62789398269,-9999.0,-9999.0,-9999.0,107.093002319,106.463966622106,41.2910727939856,263509.76,658901.31,12,8,107.093
NS65NW_2899,1,5_6,5.31568597684,-9999.0,-9999.0,-9999.0,110.248001099,159.257901025156,51.5763149651611,263415.85,658902.07,12,8,110.248
NS65NW_2900,1,5_6,6.61301527816,-9999.0,-9999.0,-9999.0,108.959999084,101.941798723944,40.3885147134657,263472.1,658899.79,12,8,108.96
NS65NW_2902,1,5_6,2.61921332223,-9999.0,-9999.0,-9999.0,109.834999084,21.031207499498,21.513840119444,263452.74,658894.12,8,6,109.835
NS65NW_2905,1,5_6,6.09668061594,-9999.0,-9999.0,-9999.0,104.76599884,96.3278379731314,42.2787242717063,263575.47,658897.42,20,12,104.766
NS65NW_2914,1,5_6,9.46795950783,-9999.0,-9999.0,-9999.0,118.791000366,413.333551843074,101.713251593278,263166.12,658897.18,12,8,118.791
NS65NW_2915,1,5_6,5.89181205591,-9999.0,-9999.0,-9999.0,108.967002869,135.595206352402,52.4392388307012,263629.71,658890.78,20,12,108.967
NS65NW_2916,1,5_6,6.32487753346,-9999.0,-9999.0,-9999.0,109.770004272,95.9228161570328,39.1828206043766,263466.25,658890.11,12,8,109.77
NS65NW_2918,1,5_6,6.15727639241,-9999.0,-9999.0,-9999.0,104.793998718,288.843184688007,74.1656876590213,263537.62,658894.55,44,24,104.794
NS65NW_2921,1,5_6,6.96607760598,-9999.0,-9999.0,-9999.0,111.074081421,106.374004582999,42.4522273307247,263406.45,658889.21,20,12,111.074
NS65NW_2922,1,5_6,6.21597636094,-9999.0,-9999.0,-9999.0,108.907997131,98.8883705953107,42.7165990155965,263676.89,658886.25,20,12,108.908
NS65NW_2924,1,5_6,6.35524987441,-9999.0,-9999.0,-9999.0,109.19884491,66.1035627526469,33.0705041086524,263611.67,658884.43,12,8,109.199
NS65NW_2925,1,5_6,5.35999818061,-9999.0,-9999.0,-9999.0,117.355003357,200.948247370991,60.4660139728994,263269.53,658888.96,20,12,117.355
NS65NW_2926,1,5_6,6.26631818844,-9999.0,-9999.0,-9999.0,105.146003723,83.0864721439532,36.4633326961139,263557.16,658883.47,12,8,105.146
NS65NW_2928,1,5_6,5.95520301961,-9999.0,-9999.0,-9999.0,106.538002014,216.184719804797,70.5027932295354,263698.99,658889.26,28,16,106.538
NS65NW_2931,1,5_6,6.71972688756,-9999.0,-9999.0,-9999.0,120.054000854,201.189050582448,63.2253458537986,263132.44,658888.84,12,8,120.054
NS65NW_2932,1,5_6,6.3768971959,-9999.0,-9999.0,-9999.0,110.232002258,65.6705668100282,32.8537004719234,263460.19,658882.29,12,8,110.232
NS65NW_2933,1,5_6,6.42086513931,-9999.0,-9999.0,-9999.0,108.716003418,298.790677445628,104.377345160947,263654.49,658883.93,52,28,108.716
NS65NW_2936,1,5_6,6.23720134849,-9999.0,-9999.0,-9999.0,109.444000244,80.747502198234,35.9604936477993,263492.45,658881.72,12,8,109.444
NS65NW_2937,1,5_6,6.01569547343,-9999.0,-9999.0,-9999.0,105.222000122,132.13953025207,51.7688903836499,263570.81,658882.21,20,12,105.222
NS65NW_2938,1,5_6,6.03792943994,-9999.0,-9999.0,-9999.0,106.986999512,248.959296921509,106.243573565451,263731.54,658887.36,68,36,106.987
NS65NW_2942,1,5_6,3.03825160435,-9999.0,-9999.0,-9999.0,118.363998413,81.4693275098445,37.2558794576417,263263.9,658878.47,12,8,118.364
NS65NW_2946,1,5_6,6.11543568757,-9999.0,-9999.0,-9999.0,111.268997192,77.4875099146955,35.2113861988437,263503.43,658876.27,12,8,111.269
NS65NW_2948,1,5_6,2.34321407243,-9999.0,-9999.0,-9999.0,120.576004028,30.0596924974412,22.9885174915821,263254.32,658872.41,12,8,120.576
NS65NW_2953,1,5_6,6.15764546906,-9999.0,-9999.0,-9999.0,109.847000122,108.133051979387,41.6877323946156,263601.14,658873.72,12,8,109.847
NS65NW_2957,1,5_6,2.93500127378,-9999.0,-9999.0,-9999.0,108.403999329,59.2035562530954,30.8018749536964,263734.05,658869.56,12,8,108.404
NS65NW_2963,1,5_6,6.23376593532,-9999.0,-9999.0,-9999.0,112.462997437,106.430761860226,41.311603079608,263514.25,658868.17,12,8,112.463
NS65NW_2966,1,5_6,5.97361080028,-9999.0,-9999.0,-9999.0,109.411003113,71.5902704399339,34.503833531844,263624.89,658864.5,12,8,109.411
NS65NW_2971,1,5_6,2.541292215,-9999.0,-9999.0,-9999.0,120.940002441,80.7221962422841,35.7484980815802,263245.53,658861.5,16,10,120.94
NS65NW_2972,1,5_6,6.22764120857,-9999.0,-9999.0,-9999.0,110.888000488,108.055967416056,41.6731180295554,263589.6,658861.42,12,8,110.888
NS65NW_2977,1,5_6,5.16961102063,-9999.0,-9999.0,-9999.0,118.933998108,204.535256160414,64.6556753081376,263273.74,658865.14,28,16,118.934
NS65NW_2983,1,5_6,6.24193635977,-9999.0,-9999.0,-9999.0,113.375999451,108.921573256201,41.8288570724894,263528.68,658859.12,12,8,113.376
NS65NW_2990,1,5_6,6.33932136363,-9999.0,-9999.0,-9999.0,111.004997253,127.439513260791,45.671723405335,263478.71,658859.27,12,8,111.005
NS65NW_2996,1,5_6,6.22564802713,-9999.0,-9999.0,-9999.0,109.585494995,97.0543760970139,39.4124566418043,263621.02,658855.11,12,8,109.585
NS65NW_2999,1,5_6,6.49114957579,-9999.0,-9999.0,-9999.0,113.498001099,66.1927045840921,33.0305583861428,263540.08,658852.24,12,8,113.498
NS65NW_3000,1,5_6,6.46372766826,-9999.0,-9999.0,-9999.0,113.411003113,80.9568127912652,36.0090761387643,263555.38,658851.43,12,8,113.411
NS65NW_3001,1,5_6,6.15479395283,-9999.0,-9999.0,-9999.0,111.525505066,69.7090341361682,33.3969570997039,263580.09,658852.1,12,8,111.525
NS65NW_3003,1,5_6,6.3375126541,-9999.0,-9999.0,-9999.0,113.103996277,79.7194219293886,35.7232239176932,263565.78,658849.54,12,8,113.104
NS65NW_3005,1,5_6,2.96018088736,-9999.0,-9999.0,-9999.0,121.818748474,47.278627505278,27.7246302495702,263280.1,658847.7,12,8,121.819
NS65NW_3007,1,5_6,6.79414266459,-9999.0,-9999.0,-9999.0,110.601997375,385.772493544258,101.433016459305,263447.45,658861.56,28,16,110.602
NS65NW_3009,1,5_6,6.03541093232,-9999.0,-9999.0,-9999.0,110.391571045,95.3551546626241,42.0311016887724,263612.84,658846.26,20,12,110.392
NS65NW_3014,1,5_6,6.88776025294,-9999.0,-9999.0,-9999.0,110.263999939,197.671107742949,59.9923730875616,263662.18,658849.11,12,8,110.264
NS65NW_3023,1,5_6,6.29473314547,-9999.0,-9999.0,-9999.0,112.119003296,303.746517139088,91.8423994309597,263499.32,658845.37,44,24,112.119
NS65NW_3025,1,5_6,6.19854811371,-9999.0,-9999.0,-9999.0,111.862998962,94.6947279923769,42.0182928274515,263605.34,658838.12,20,12,111.863
NS65NW_3028,1,5_6,6.40053154126,-9999.0,-9999.0,-9999.0,112.306999207,73.0714742250064,34.2985237622947,263459.5,658836.34,12,8,112.307
NS65NW_3030,1,5_6,3.80285754571,-9999.0,-9999.0,-9999.0,122.898002625,30.6770174991234,25.2770426351448,263301.77,658828.72,8,6,122.898
NS65NW_3031,1,5_6,6.19220368326,-9999.0,-9999.0,-9999.0,113.578788757,78.3055944537899,35.4828013730349,263467.75,658831.05,12,8,113.579
NS65NW_3033,1,5_6,6.22993199275,-9999.0,-9999.0,-9999.0,112.605003357,81.6256676611719,36.15066724891,263594.62,658831.5,12,8,112.605
NS65NW_3038,1,5_6,6.34205331713,-9999.0,-9999.0,-9999.0,114.087997437,194.031598985497,69.0707715897385,263523.89,658830.16,28,16,114.088
NS65NW_3041,1,5_6,5.95592968095,-9999.0,-9999.0,-9999.0,114.400001526,82.8097487962367,36.428434150467,263476.17,658825.65,12,8,114.4
NS65NW_3042,1,5_6,6.11840519469,-9999.0,-9999.0,-9999.0,114.482002258,80.1540165714755,35.8886357881038,263540.1,658824.07,12,8,114.482
NS65NW_3044,1,5_6,6.1449487241,-9999.0,-9999.0,-9999.0,113.319000244,282.657079954164,91.5113232642847,263561.9,658821.91,52,28,113.319
NS65NW_3045,1,5_6,6.79715815639,-9999.0,-9999.0,-9999.0,111.363998413,202.774455313149,60.671145179392,263673.21,658826.14,12,8,111.364
NS65NW_3052,1,5_6,6.19233411103,-9999.0,-9999.0,-9999.0,123.819000244,258.179906210504,76.2769371685303,263304.69,658815.62,36,20,123.819
NS65NW_3055,1,5_6,6.0595413247,-9999.0,-9999.0,-9999.0,114.666999817,206.328509547414,76.939961807812,263490.46,658815.53,36,20,114.667
NS65NW_3056,1,5_6,7.00663793559,-9999.0,-9999.0,-9999.0,113.623954773,196.712497581232,60.1841748552992,263619.94,658815.09,12,8,113.624
NS65NW_3058,1,5_6,6.14140525163,-9999.0,-9999.0,-9999.0,114.556999207,112.920926121452,45.2576730021515,263445.51,658810.32,28,16,114.557
NS65NW_3065,1,5_6,6.23159106172,-9999.0,-9999.0,-9999.0,116.377998352,91.4549464988441,41.2122833575869,263506.07,658805.16,20,12,116.378
NS65NW_3067,1,5_6,6.37537081858,-9999.0,-9999.0,-9999.0,114.791999817,92.5827015008385,38.4973159135019,263630.97,658802.59,12,8,114.792
NS65NW_3068,1,5_6,6.80296965503,-9999.0,-9999.0,-9999.0,112.347999573,196.099369366161,59.7156376765864,263663.22,658806.54,12,8,112.348
NS65NW_3071,1,5_6,6.25939012923,-9999.0,-9999.0,-9999.0,114.376998901,85.8411020700094,37.1225221565102,263594.88,658800.52,12,8,114.377
NS65NW_3072,1,5_6,6.29398100717,-9999.0,-9999.0,-9999.0,116.740997314,93.4652774246393,41.3714198633264,263515.95,658799.51,20,12,116.741
NS65NW_3075,1,5_6,5.61391211205,-9999.0,-9999.0,-9999.0,124.282997131,167.107461577184,58.8668659467365,263281.42,658803.41,12,8,124.283
NS65NW_3080,1,5_6,6.19223150112,-9999.0,-9999.0,-9999.0,115.481002808,66.7021261355324,33.1747888336562,263638.58,658793.42,12,8,115.481
NS65NW_3081,1,5_6,6.67929954918,-9999.0,-9999.0,-9999.0,116.580001831,98.499286609671,39.7281602298439,263537.73,658793.34,12,8,116.58
NS65NW_3082,1,5_6,6.26642768689,-9999.0,-9999.0,-9999.0,115.228996277,126.480483551765,45.4314518118941,263464.94,658794.13,12,8,115.229
NS65NW_3083,1,5_6,6.67616315732,-9999.0,-9999.0,-9999.0,116.46900177,103.355555889286,40.66682328551,263549.37,658792.5,12,8,116.469
NS65NW_3084,1,5_6,6.25321155242,-9999.0,-9999.0,-9999.0,116.487998962,92.4198749996305,38.4989896392949,263560.83,658791.77,12,8,116.488
NS65NW_3085,1,5_6,6.48809159971,-9999.0,-9999.0,-9999.0,116.274002075,104.572726642136,40.9062812859849,263571.66,658792.18,12,8,116.274
NS65NW_3086,1,5_6,6.06724411936,-9999.0,-9999.0,-9999.0,115.416999817,85.2654854134784,36.9945654385087,263587.78,658792.91,12,8,115.417
NS65NW_3089,1,5_6,6.32522333701,-9999.0,-9999.0,-9999.0,116.872001648,66.9260175416497,33.0262441586342,263524.84,658791.86,12,8,116.872
NS65NW_3104,1,5_6,5.97216136516,-9999.0,-9999.0,-9999.0,115.710998535,94.9008830489823,41.9809886748089,263645.86,658787.04,20,12,115.711
NS65NW_3108,1,5_6,5.56445301392,-9999.0,-9999.0,-9999.0,125.327003479,396.422940604335,106.722837195162,263313.33,658792.75,60,32,125.327
NS65NW_3119,1,5_6,6.93677382784,-9999.0,-9999.0,-9999.0,116.376998901,195.529805467612,60.1397331071965,263479.05,658782.59,12,8,116.377
NS65NW_3120,1,5_6,5.97917320945,-9999.0,-9999.0,-9999.0,116.101997375,82.634686476167,36.3910320516138,263631.29,658778.27,12,8,116.102
NS65NW_3122,1,5_6,3.95235531889,-9999.0,-9999.0,-9999.0,125.843002319,150.84064769547,68.4487151197076,263299.44,658778.53,28,16,125.843
NS65NW_3138,1,5_6,6.53003167708,-9999.0,-9999.0,-9999.0,116.244003296,91.2706989327594,38.2172988634291,263624.15,658770.64,12,8,116.244
NS65NW_3139,1,5_6,6.96905690456,-9999.0,-9999.0,-9999.0,117.768997192,193.734705000991,59.3174167502179,263497.91,658770.53,20,12,117.769
NS65NW_3143,1,5_6,6.1545580884,-9999.0,-9999.0,-9999.0,117.832000732,77.6050778854901,35.2438820591373,263511.61,658763.85,12,8,117.832
NS65NW_3146,1,5_6,6.2240433375,-9999.0,-9999.0,-9999.0,117.857002258,94.5779917520016,41.6539506895895,263524.66,658761.87,20,12,117.857
NS65NW_3147,1,5_6,6.41236790367,-9999.0,-9999.0,-9999.0,117.580001831,94.9706371775214,42.0368892936795,263537.33,658762.21,20,12,117.58
NS65NW_3148,1,5_6,6.28967033685,-9999.0,-9999.0,-9999.0,117.242996216,91.5508889049346,41.4364190614081,263575.83,658761.71,20,12,117.243
NS65NW_3149,1,5_6,6.24790956727,-9999.0,-9999.0,-9999.0,117.401000977,91.0686000813247,41.2360236912916,263563.12,658761.32,20,12,117.401
NS65NW_3150,1,5_6,6.31224153863,-9999.0,-9999.0,-9999.0,117.123001099,124.581362957243,45.0991475468364,263589.06,658761.37,12,8,117.123
NS65NW_3151,1,5_6,6.58714402818,-9999.0,-9999.0,-9999.0,116.632003784,92.2937826795528,38.4289756809833,263616.37,658762.41,12,8,116.632
NS65NW_3154,1,5_6,6.32061269295,-9999.0,-9999.0,-9999.0,117.589500427,108.52036829314,41.8007422169443,263550.15,658759.91,12,8,117.59
NS65NW_3164,1,5_6,6.14804335861,-9999.0,-9999.0,-9999.0,117.038833618,75.0640881076264,34.6975473460655,263609.86,658754.1,12,8,117.039
NS65NW_1010,1,5_7,5.62013387383,-9999.0,-9999.0,-9999.0,84.6159973145,123.245460580615,47.4849949954286,263317.22,659646.86,20,12,84.616
NS65NW_1011,1,5_7,4.54197942087,-9999.0,-9999.0,-9999.0,86.5790023804,696.717570235198,179.232020469378,263617.85,659651.63,68,36,86.579
NS65NW_1013,1,5_7,6.05972505888,-9999.0,-9999.0,-9999.0,83.2860031128,143.225892803786,48.8866644188372,263244.62,659648.32,12,8,83.286
NS65NW_1014,1,5_7,4.6548995285,-9999.0,-9999.0,-9999.0,85.9840011597,295.004561410437,74.9792469841783,263570.19,659649.68,20,12,85.984
NS65NW_1016,1,5_7,5.81986694336,-9999.0,-9999.0,-9999.0,85.0400009155,116.634108308776,45.7898190330426,263334.56,659646.23,28,16,85.04
NS65NW_1019,1,5_7,3.1219954325,-9999.0,-9999.0,-9999.0,86.1340026855,69.9950791220093,38.7731380928637,263551.88,659644.93,20,12,86.134
NS65NW_1023,1,5_7,6.03434440825,-9999.0,-9999.0,-9999.0,85.4290008545,110.210436474775,42.1098231546116,263364.35,659642.72,12,8,85.429
NS65NW_1028,1,5_7,3.9246958071,-9999.0,-9999.0,-9999.0,89.1836013794,587.110581675897,167.862124479352,263680.16,659664.18,80,42,89.184
NS65NW_1049,1,5_7,5.64133735184,-9999.0,-9999.0,-9999.0,83.5640029907,212.594014099225,63.398561846075,263212.25,659634.11,12,8,83.564
NS65NW_1056,1,5_7,3.82753840271,-9999.0,-9999.0,-9999.0,90.8870010376,201.265060152601,60.2021538974277,263642.86,659630.32,12,8,90.887
NS65NW_1060,1,5_7,4.73050747023,-9999.0,-9999.0,-9999.0,87.4039993286,231.474358445058,64.3519123114103,263543.05,659626.26,20,12,87.404
NS65NW_1063,1,5_7,6.19749925318,-9999.0,-9999.0,-9999.0,86.391998291,161.375173988505,53.3374317579432,263426.1,659626.26,12,8,86.392
NS65NW_1067,1,5_7,6.21603127845,-9999.0,-9999.0,-9999.0,86.0540008545,203.920043547797,64.4705495447003,263477.05,659627.0,20,12,86.054
NS65NW_1070,1,5_7,4.25282859653,-9999.0,-9999.0,-9999.0,88.0550003052,329.419765365575,109.808788105663,263568.01,659624.15,68,36,88.055
NS65NW_1071,1,5_7,4.24352185643,-9999.0,-9999.0,-9999.0,89.4710006714,212.187858136884,60.0253286521995,263590.47,659619.62,12,8,89.471
NS65NW_1074,1,5_7,6.09541261525,-9999.0,-9999.0,-9999.0,83.8109970093,102.409421771491,40.513146094401,263244.26,659617.82,12,8,83.811
NS65NW_1080,1,5_7,3.84097845964,-9999.0,-9999.0,-9999.0,89.9580001831,202.244752225642,64.2799633048387,263612.34,659616.91,36,20,89.958
NS65NW_1084,1,5_7,5.97001802749,-9999.0,-9999.0,-9999.0,87.4940032959,220.299178557847,64.1433857762494,263400.58,659618.18,20,12,87.494
NS65NW_1087,1,5_7,6.07570729272,-9999.0,-9999.0,-9999.0,84.5299987793,145.083963329453,49.1148779443539,263264.59,659616.32,12,8,84.53
NS65NW_1090,1,5_7,5.75844715896,-9999.0,-9999.0,-9999.0,86.6019973755,223.637016685599,68.3591883680198,263453.82,659618.37,28,16,86.602
NS65NW_1092,1,5_7,5.97891386465,-9999.0,-9999.0,-9999.0,85.7689971924,168.828931308868,52.8849688743598,263328.09,659613.77,12,8,85.769
NS65NW_1093,1,5_7,6.08888025786,-9999.0,-9999.0,-9999.0,84.8840026855,192.051345664862,58.4053707377476,263296.99,659614.91,12,8,84.884
NS65NW_1104,1,5_7,3.91878587598,-9999.0,-9999.0,-9999.0,90.9469985962,228.325777191657,69.5148525854414,263637.79,659608.26,28,16,90.947
NS65NW_1105,1,5_7,3.99230639468,-9999.0,-9999.0,-9999.0,92.3489990234,202.483607415624,61.7254197086008,263677.74,659609.37,28,16,92.349
NS65NW_1109,1,5_7,6.02389451077,-9999.0,-9999.0,-9999.0,86.1129989624,154.50995153858,51.0431297036991,263358.65,659605.39,12,8,86.113
NS65NW_1110,1,5_7,6.03168696824,-9999.0,-9999.0,-9999.0,83.8840026855,189.159348683157,58.1340211929044,263215.71,659608.61,12,8,83.884
NS65NW_1111,1,5_7,4.32108948635,-9999.0,-9999.0,-9999.0,92.8860015869,219.738387730456,76.9834320928185,263699.23,659606.26,52,28,92.886
NS65NW_1118,1,5_7,2.11691579279,-9999.0,-9999.0,-9999.0,92.9889984131,29.2672537541758,26.6242919378408,263685.25,659598.11,8,6,92.989
NS65NW_1124,1,5_7,6.12726141755,-9999.0,-9999.0,-9999.0,84.6770019531,103.208609420421,40.65879578813,263266.2,659598.75,12,8,84.677
NS65NW_1128,1,5_7,2.53928279018,-9999.0,-9999.0,-9999.0,92.9240036011,30.0469425010148,25.6307075154947,263702.79,659593.72,12,8,92.924
NS65NW_1133,1,5_7,6.26634842862,-9999.0,-9999.0,-9999.0,87.5670013428,194.753478175147,58.6705639763862,263397.68,659598.57,20,12,87.567
NS65NW_1135,1,5_7,6.27734975362,-9999.0,-9999.0,-9999.0,89.9980010986,205.239248021425,63.7483910047138,263467.63,659596.21,16,10,89.998
NS65NW_1138,1,5_7,5.87733899059,-9999.0,-9999.0,-9999.0,87.2679977417,463.871136838431,137.246421992918,263500.89,659610.25,68,36,87.268
NS65NW_1139,1,5_7,6.2502194895,-9999.0,-9999.0,-9999.0,88.4359970093,269.831986409959,77.9205853116204,263426.95,659602.2,40,22,88.436
NS65NW_1149,1,5_7,6.06022957752,-9999.0,-9999.0,-9999.0,86.172996521,155.729197139483,51.2304776539267,263326.64,659592.06,12,8,86.173
NS65NW_1153,1,5_7,5.74727381457,-9999.0,-9999.0,-9999.0,90.7220001221,115.003586251915,44.2879929951333,263510.75,659590.16,20,12,90.722
NS65NW_1155,1,5_7,4.07703579173,-9999.0,-9999.0,-9999.0,92.2009963989,166.906542920263,52.1868479507417,263674.73,659589.82,12,8,92.201
NS65NW_1156,1,5_7,6.02387110723,-9999.0,-9999.0,-9999.0,85.2109985352,195.268206081524,58.847063720455,263297.09,659590.63,12,8,85.211
NS65NW_1163,1,5_7,6.04987023427,-9999.0,-9999.0,-9999.0,86.5090026855,107.566644218767,41.5445768312235,263352.45,659583.69,12,8,86.509
NS65NW_1164,1,5_7,6.24670380452,-9999.0,-9999.0,-9999.0,93.1859970093,123.529184984219,45.4686170646729,263734.08,659585.08,12,8,93.186
NS65NW_1173,1,5_7,4.73598109631,-9999.0,-9999.0,-9999.0,89.9390029907,493.355107479744,126.142420022542,263555.4,659583.57,52,28,89.939
NS65NW_1176,1,5_7,6.03264807889,-9999.0,-9999.0,-9999.0,84.18800354,188.588618348307,57.9835748955646,263223.11,659583.54,12,8,84.188
NS65NW_1183,1,5_7,5.94206669241,-9999.0,-9999.0,-9999.0,84.5650024414,190.77813506498,58.4738482891829,263261.5,659575.61,12,8,84.565
NS65NW_1185,1,5_7,5.23570582781,-9999.0,-9999.0,-9999.0,92.8059997559,192.104362462911,64.189089661731,263704.81,659579.08,36,20,92.806
NS65NW_1187,1,5_7,4.24580237641,-9999.0,-9999.0,-9999.0,90.3529968262,216.861521892847,66.8852013506389,263613.75,659576.23,36,20,90.353
NS65NW_1192,1,5_7,3.86405730889,-9999.0,-9999.0,-9999.0,91.68699646,200.193697843124,71.0726206251903,263591.74,659575.66,44,24,91.687
NS65NW_1196,1,5_7,6.21580302772,-9999.0,-9999.0,-9999.0,85.0360031128,106.943197698312,41.4502053216607,263295.15,659570.51,12,8,85.036
NS65NW_1197,1,5_7,5.41901102005,-9999.0,-9999.0,-9999.0,92.7200012207,123.305084997453,48.9710593022069,263722.73,659570.61,20,12,92.72
NS65NW_12,1,5_7,3.94044791612,-9999.0,-9999.0,-9999.0,71.9329986572,84.577271369449,43.9405067728361,263610.79,659993.77,32,18,71.933
NS65NW_1213,1,5_7,4.84845163756,-9999.0,-9999.0,-9999.0,90.9810028076,231.516594089491,63.5027666249303,263673.79,659568.45,20,12,90.981
NS65NW_1214,1,5_7,3.66714139949,-9999.0,-9999.0,-9999.0,91.8759994507,275.068802571588,95.3663512826236,263637.63,659570.69,36,20,91.876
NS65NW_1215,1,5_7,6.04345006763,-9999.0,-9999.0,-9999.0,84.4479980469,109.17182251887,41.8954603967593,263229.32,659563.78,12,8,84.448
NS65NW_1216,1,5_7,5.88931386026,-9999.0,-9999.0,-9999.0,90.5360031128,260.031156179474,73.6737573726764,263501.19,659566.09,24,14,90.536
NS65NW_1219,1,5_7,6.05210946944,-9999.0,-9999.0,-9999.0,86.141998291,110.425130634556,42.1670265791584,263318.03,659559.86,12,8,86.142
NS65NW_1221,1,5_7,5.81083611017,-9999.0,-9999.0,-9999.0,86.4749984741,167.145112081125,55.3316686601719,263337.24,659558.07,20,12,86.475
NS65NW_1226,1,5_7,5.98952775631,-9999.0,-9999.0,-9999.0,86.7900009155,110.370332098479,42.1336413016473,263355.91,659556.58,12,8,86.79
NS65NW_1230,1,5_7,6.31667581681,-9999.0,-9999.0,-9999.0,87.986000061,126.150349039496,45.1897985411323,263449.95,659555.32,12,8,87.986
NS65NW_1236,1,5_7,5.4563860847,-9999.0,-9999.0,-9999.0,85.4469985962,141.449038731232,50.5615439159529,263296.32,659554.41,20,12,85.447
NS65NW_1241,1,5_7,5.93518531628,-9999.0,-9999.0,-9999.0,91.3830032349,668.868788643048,171.914221700146,263569.17,659555.97,72,38,91.383
NS65NW_1246,1,5_7,6.08361138947,-9999.0,-9999.0,-9999.0,91.7060012817,156.87762943865,54.0681599485216,263611.58,659549.38,20,12,91.706
NS65NW_1258,1,5_7,5.96340752265,-9999.0,-9999.0,-9999.0,91.8349990845,162.958906576283,56.4012913603635,263629.19,659545.04,28,16,91.835
NS65NW_1264,1,5_7,6.12821581248,-9999.0,-9999.0,-9999.0,87.827003479,304.925167243487,89.5211953471183,263390.67,659550.37,52,28,87.827
NS65NW_1273,1,5_7,5.7800375744,-9999.0,-9999.0,-9999.0,88.6549987793,105.104595280575,43.010751897345,263454.78,659536.22,28,16,88.655
NS65NW_1277,1,5_7,4.8719066223,-9999.0,-9999.0,-9999.0,87.8330001831,358.06640791957,114.734992949369,263425.89,659545.27,68,36,87.833
NS65NW_1283,1,5_7,5.88459453932,-9999.0,-9999.0,-9999.0,90.0510025024,540.021149748319,141.284657552363,263693.68,659530.98,20,12,90.051
NS65NW_1298,1,5_7,5.91691312685,-9999.0,-9999.0,-9999.0,88.7180023193,115.554106438615,45.3882387618448,263453.64,659524.7,28,16,88.718
NS65NW_1303,1,5_7,2.53250314103,-9999.0,-9999.0,-9999.0,81.0319976807,80.4233100032258,46.3987901043551,263126.84,659522.59,24,14,81.032
NS65NW_1326,1,5_7,5.58683831409,-9999.0,-9999.0,-9999.0,88.6159973145,497.132412539016,127.904614313664,263487.99,659518.39,60,32,88.616
NS65NW_1345,1,5_7,6.87587163321,-9999.0,-9999.0,-9999.0,88.5059967041,448.774302958069,93.45934202438,263538.9,659513.55,28,16,88.506
NS65NW_1356,1,5_7,5.99166750795,-9999.0,-9999.0,-9999.0,90.2109985352,533.603323475172,136.358229203379,263693.13,659505.97,12,8,90.211
NS65NW_1368,1,5_7,6.58924079503,-9999.0,-9999.0,-9999.0,89.2460021973,187.670862237966,55.8865537561969,263583.94,659505.71,12,8,89.246
NS65NW_1375,1,5_7,6.5322039994,-9999.0,-9999.0,-9999.0,89.6610031128,197.961347999311,58.9618609757541,263627.68,659502.9,20,12,89.661
NS65NW_1380,1,5_7,6.07045709018,-9999.0,-9999.0,-9999.0,89.6330032349,183.291419120165,58.7127202877362,263733.63,659502.77,12,8,89.633
NS65NW_1388,1,5_7,8.78761087652,-9999.0,-9999.0,-9999.0,82.9349975586,235.640093246267,71.5741562689066,263132.56,659503.45,12,8,82.935
NS65NW_1427,1,5_7,6.52134831044,-9999.0,-9999.0,-9999.0,88.6564025879,191.110989656572,56.3093585641074,263584.22,659483.34,12,8,88.656
NS65NW_1430,1,5_7,6.45212850098,-9999.0,-9999.0,-9999.0,89.013999939,198.098593791253,57.4800585592924,263604.18,659481.66,12,8,89.014
NS65NW_1432,1,5_7,6.66124848168,-9999.0,-9999.0,-9999.0,86.2139968872,164.892543136241,58.4714488295966,263147.2,659483.67,28,16,86.214
NS65NW_144,1,5_7,4.37967003809,-9999.0,-9999.0,-9999.0,72.0500030518,233.670294279167,68.842581506662,263595.9,659958.37,28,16,72.05
NS65NW_1445,1,5_7,6.24656777471,-9999.0,-9999.0,-9999.0,89.2890014648,192.52030542022,58.7755255741164,263623.3,659476.25,20,12,89.289
NS65NW_1455,1,5_7,36.5679583197,-9999.0,-9999.0,-9999.0,86.8570022583,734.715658831443,129.85142431094,263398.61,659485.16,60,32,86.857
NS65NW_149,1,5_7,3.55323744296,-9999.0,-9999.0,-9999.0,71.7259979248,257.942551945443,83.6337580222254,263232.76,659957.89,36,20,71.726
NS65NW_1494,1,5_7,5.71421562251,-9999.0,-9999.0,-9999.0,87.56199646,175.024297963262,69.3140008640888,263158.76,659468.84,36,20,87.562
NS65NW_15,1,5_7,5.59684217106,-9999.0,-9999.0,-9999.0,72.466003418,169.234496091414,53.3512451799901,263560.94,659993.67,20,12,72.466
NS65NW_1510,1,5_7,2.50837938501,-9999.0,-9999.0,-9999.0,88.5380020142,88.1721081079772,50.9376533697566,263173.94,659459.22,36,20,88.538
NS65NW_1514,1,5_7,5.98751342636,-9999.0,-9999.0,-9999.0,87.5569992065,175.121608323988,54.2565228357652,263670.09,659461.16,12,8,87.557
NS65NW_1517,1,5_7,13.6509884797,-9999.0,-9999.0,-9999.0,87.3379974365,886.508018362416,185.871174344146,263327.05,659459.42,12,8,87.338
NS65NW_152,1,5_7,2.91767830072,-9999.0,-9999.0,-9999.0,71.18800354,35.0870775071375,24.0422320000785,263666.2,659952.0,12,8,71.188
NS65NW_1528,1,5_7,6.04273702138,-9999.0,-9999.0,-9999.0,87.8199996948,175.286358672016,54.2014188034458,263692.31,659454.34,12,8,87.82
NS65NW_1539,1,5_7,6.02901418703,-9999.0,-9999.0,-9999.0,87.6399993896,178.227152448744,57.6460504796677,263712.2,659449.69,28,16,87.64
NS65NW_158,1,5_7,3.95113261075,-9999.0,-9999.0,-9999.0,71.7040023804,256.295003325081,84.9216985078357,263556.72,659960.92,44,24,71.704
NS65NW_1584,1,5_7,7.43064499232,-9999.0,-9999.0,-9999.0,88.9629974365,2029.91903201518,191.20164012813,263467.91,659456.25,20,12,88.963
NS65NW_1591,1,5_7,5.82719951833,-9999.0,-9999.0,-9999.0,90.0830001831,175.939587970604,59.5884387654096,263140.12,659436.12,20,12,90.083
NS65NW_160,1,5_7,6.22517542618,-9999.0,-9999.0,-9999.0,72.0690002441,191.228222331347,59.0076380388255,263616.02,659954.52,20,12,72.069
NS65NW_1608,1,5_7,4.54202742732,-9999.0,-9999.0,-9999.0,90.2009963989,277.358870604228,106.143320324268,263164.99,659436.7,56,30,90.201
NS65NW_164,1,5_7,4.38454021189,-9999.0,-9999.0,-9999.0,72.6039962769,216.998715072233,61.91538430187,263259.72,659952.52,20,12,72.604
NS65NW_1653,1,5_7,3.00510895771,-9999.0,-9999.0,-9999.0,88.888999939,69.7451955538301,34.6462248572773,263617.82,659414.16,12,8,88.889
NS65NW_1657,1,5_7,10.9084568928,-9999.0,-9999.0,-9999.0,88.2249984741,831.261626888348,148.318790994769,263619.91,659424.91,28,16,88.225
NS65NW_1658,1,5_7,4.83795259057,-9999.0,-9999.0,-9999.0,89.9509963989,23.1615449988387,20.4536375775019,263562.45,659411.1,12,8,89.951
NS65NW_1672,1,5_7,5.64416859131,-9999.0,-9999.0,-9999.0,90.8590011597,161.353657038502,59.2854354575874,263127.69,659413.65,20,12,90.859
NS65NW_1673,1,5_7,12.160698387,-9999.0,-9999.0,-9999.0,91.0380020142,467.666963045098,108.668532533229,263283.22,659423.93,28,16,91.038
NS65NW_1686,1,5_7,6.79816819937,-9999.0,-9999.0,-9999.0,92.3040008545,234.654622935928,71.248574754736,263162.33,659411.63,36,20,92.304
NS65NW_1713,1,5_7,36.2264804653,-9999.0,-9999.0,-9999.0,91.1829986572,752.790573113027,126.781107224282,263392.69,659408.26,60,32,91.183
NS65NW_1723,1,5_7,2.8336650063,-9999.0,-9999.0,-9999.0,88.0950012207,68.4779522979179,34.3221874409703,263682.45,659393.12,12,8,88.095
NS65NW_1726,1,5_7,10.9554694765,-9999.0,-9999.0,-9999.0,87.5039978027,838.17576461757,148.787905397825,263684.48,659403.87,28,16,87.504
NS65NW_1729,1,5_7,6.00409822314,-9999.0,-9999.0,-9999.0,92.422996521,205.153458089334,67.0357332372586,263131.65,659393.24,28,16,92.423
NS65NW_1740,1,5_7,7.20678460912,-9999.0,-9999.0,-9999.0,89.1309967041,244.90033659104,69.8332096470651,263598.62,659391.56,20,12,89.131
NS65NW_175,1,5_7,2.57623801744,-9999.0,-9999.0,-9999.0,70.2117156982,35.2430287512078,28.0240198077738,263749.16,659943.04,8,6,70.212
NS65NW_1774,1,5_7,7.09702332579,-9999.0,-9999.0,-9999.0,88.6549987793,242.854430244096,67.6360623217747,263623.22,659383.39,12,8,88.655
NS65NW_1775,1,5_7,13.6110583452,-9999.0,-9999.0,-9999.0,91.4020004272,687.853934622675,146.51550710322,263331.18,659381.36,12,8,91.402
NS65NW_1777,1,5_7,4.04906471011,-9999.0,-9999.0,-9999.0,90.4739990234,303.67655370353,99.3103993331265,263560.59,659389.62,52,28,90.474
NS65NW_1783,1,5_7,36.7988661639,-9999.0,-9999.0,-9999.0,92.0609970093,743.152407366446,126.246556669629,263472.0,659388.49,52,28,92.061
NS65NW_1788,1,5_7,4.65934953873,-9999.0,-9999.0,-9999.0,93.8779983521,230.874578648086,101.262763471917,263174.14,659381.54,68,36,93.878
NS65NW_182,1,5_7,2.37707717697,-9999.0,-9999.0,-9999.0,70.8799133301,22.7983649993664,22.7681494068501,263707.12,659941.8,8,6,70.88
NS65NW_183,1,5_7,4.4554737431,-9999.0,-9999.0,-9999.0,71.5820007324,260.146602390147,75.6936674499367,263640.89,659947.09,28,16,71.582
NS65NW_188,1,5_7,2.91254636976,-9999.0,-9999.0,-9999.0,71.7939987183,71.6969962437744,35.5141916440393,263244.01,659940.49,12,8,71.794
NS65NW_193,1,5_7,6.86743406224,-9999.0,-9999.0,-9999.0,71.5500030518,75.344757512139,34.9162028067365,263658.79,659940.75,12,8,71.55
NS65NW_210,1,5_7,4.71218627806,-9999.0,-9999.0,-9999.0,71.2259979248,252.280584930351,75.9460484507658,263678.46,659936.7,28,16,71.226
NS65NW_216,1,5_7,3.06763646743,-9999.0,-9999.0,-9999.0,72.6210021973,43.6989724006126,27.423454508332,263529.87,659930.08,12,8,72.621
NS65NW_22,1,5_7,5.9052773118,-9999.0,-9999.0,-9999.0,69.7450027466,100.076951150517,41.3255219003655,263197.31,659990.89,20,12,69.745
NS65NW_225,1,5_7,4.27571728738,-9999.0,-9999.0,-9999.0,71.1640014648,149.44801907775,62.8874173907823,263696.91,659934.98,36,20,71.164
NS65NW_23,1,5_7,2.9469656437,-9999.0,-9999.0,-9999.0,72.0490036011,61.9274888219214,31.5966566854634,263598.29,659989.33,12,8,72.049
NS65NW_237,1,5_7,4.86523055593,-9999.0,-9999.0,-9999.0,72.2060012817,226.466610581675,67.5098403513507,263553.41,659931.64,28,16,72.206
NS65NW_246,1,5_7,4.59965110362,-9999.0,-9999.0,-9999.0,71.2529983521,238.940634054191,70.9071606588894,263715.14,659927.33,36,20,71.253
NS65NW_264,1,5_7,4.99574301667,-9999.0,-9999.0,-9999.0,71.4810028076,139.528477072838,49.4953887056951,263734.56,659922.16,20,12,71.481
NS65NW_294,1,5_7,5.46584066238,-9999.0,-9999.0,-9999.0,72.1709976196,411.981916207372,115.774017815749,263596.54,659916.97,76,40,72.171
NS65NW_32,1,5_7,5.30337412177,-9999.0,-9999.0,-9999.0,72.5110015869,289.557625993843,97.7451335858542,263259.6,659993.12,48,26,72.511
NS65NW_326,1,5_7,5.1275674228,-9999.0,-9999.0,-9999.0,72.6859970093,140.890244116641,51.2149469906694,263639.09,659906.97,28,16,72.686
NS65NW_328,1,5_7,5.39579785945,-9999.0,-9999.0,-9999.0,72.7799987793,254.79030395279,72.8111187314993,263549.83,659909.63,28,16,72.78
NS65NW_332,1,5_7,2.82713914954,-9999.0,-9999.0,-9999.0,73.0899963379,75.7023975893685,34.8593323729606,263524.53,659902.44,12,8,73.09
NS65NW_349,1,5_7,2.20325209455,-9999.0,-9999.0,-9999.0,72.8629989624,24.2140349992677,22.8926647665346,263577.0,659896.12,8,6,72.863
NS65NW_350,1,5_7,4.04851937701,-9999.0,-9999.0,-9999.0,72.7229995728,170.70727074978,68.2593513284612,263654.5,659901.36,44,24,72.723
NS65NW_357,1,5_7,4.0824682855,-9999.0,-9999.0,-9999.0,72.6070022583,200.573738296296,78.4260810299171,263622.55,659905.24,36,20,72.607
NS65NW_3644,1,5_7,7.40057760665,-9999.0,-9999.0,-9999.0,70.7779998779,338.816477494924,90.8174654160122,263676.1,659991.56,40,22,70.778
NS65NW_367,1,5_7,4.06865980477,-9999.0,-9999.0,-9999.0,72.7119979858,187.384514806985,55.9945029278949,263675.69,659897.82,20,12,72.712
NS65NW_380,1,5_7,2.2766091367,-9999.0,-9999.0,-9999.0,72.8330001831,27.6694875005633,22.5137710467606,263663.38,659890.95,12,8,72.833
NS65NW_392,1,5_7,2.54683202341,-9999.0,-9999.0,-9999.0,74.0380020142,31.8589424954234,26.2191477763263,263642.75,659886.11,8,6,74.038
NS65NW_418,1,5_7,6.27066581976,-9999.0,-9999.0,-9999.0,72.9509963989,414.092203797055,120.284549939496,263707.97,659886.16,60,32,72.951
NS65NW_423,1,5_7,6.55591273193,-9999.0,-9999.0,-9999.0,68.9069976807,640.121243466137,144.8329830908,263146.12,659901.79,28,16,68.907
NS65NW_426,1,5_7,6.05239838197,-9999.0,-9999.0,-9999.0,73.908996582,245.129429316655,67.9796125522307,263739.31,659879.09,44,24,73.909
NS65NW_47,1,5_7,5.63296834337,-9999.0,-9999.0,-9999.0,68.6508331299,315.433479861922,107.548257234478,263178.99,659984.8,52,28,68.651
NS65NW_516,1,5_7,6.10586928828,-9999.0,-9999.0,-9999.0,69.0270004272,199.279308673797,61.0755109052537,263137.73,659844.19,12,8,69.027
NS65NW_54,1,5_7,5.30817443266,-9999.0,-9999.0,-9999.0,67.8209991455,237.115689856724,75.1951955078826,263149.07,659981.17,36,20,67.821
NS65NW_55,1,5_7,5.87068833803,-9999.0,-9999.0,-9999.0,72.5120010376,157.394986398607,54.4359750446855,263558.65,659980.92,20,12,72.512
NS65NW_555,1,5_7,6.36594893736,-9999.0,-9999.0,-9999.0,69.3867721558,220.905062354015,64.891068548415,263164.32,659838.9,12,8,69.387
NS65NW_60,1,5_7,5.59153170639,-9999.0,-9999.0,-9999.0,71.5989990234,237.012264515682,81.1820155797368,263223.29,659984.81,44,24,71.599
NS65NW_631,1,5_7,9.32363935613,-9999.0,-9999.0,-9999.0,72.1569976807,10138.8974770291,847.979150955506,263398.99,659868.67,164,82,72.157
NS65NW_659,1,5_7,6.08944184407,-9999.0,-9999.0,-9999.0,70.31199646,220.495420615234,64.1439906226794,263127.39,659795.46,12,8,70.312
NS65NW_67,1,5_7,6.32618401589,-9999.0,-9999.0,-9999.0,69.8000030518,415.423003039699,124.227913884825,263711.78,659982.82,76,40,69.8
NS65NW_670,1,5_7,6.00029416151,-9999.0,-9999.0,-9999.0,70.6470031738,222.804904446078,68.4057225711265,263162.26,659790.53,52,28,70.647
NS65NW_712,1,5_7,5.90938634895,-9999.0,-9999.0,-9999.0,71.7880020142,220.223833371916,64.7274441037923,263127.5,659771.18,20,12,71.788
NS65NW_723,1,5_7,6.05438605394,-9999.0,-9999.0,-9999.0,72.2990036011,208.745976988063,62.8216106938838,263161.27,659765.91,12,8,72.299
NS65NW_74,1,5_7,6.88992202529,-9999.0,-9999.0,-9999.0,69.6060028076,372.252146818324,86.5413628664253,263742.14,659977.87,36,20,69.606
NS65NW_788,1,5_7,6.23731327531,-9999.0,-9999.0,-9999.0,73.96900177,212.09010758027,67.0227210352578,263160.86,659740.72,20,12,73.969
NS65NW_805,1,5_7,6.25241953428,-9999.0,-9999.0,-9999.0,81.3529968262,123.792614565267,44.5535431527943,263233.86,659728.27,12,8,81.353
NS65NW_809,1,5_7,6.2219874104,-9999.0,-9999.0,-9999.0,81.2819976807,161.366553390591,51.9664021264616,263252.96,659726.68,12,8,81.282
NS65NW_812,1,5_7,6.20312460226,-9999.0,-9999.0,-9999.0,81.4440002441,163.22559133054,52.1286017296316,263275.32,659724.86,12,8,81.444
NS65NW_813,1,5_7,5.72554903274,-9999.0,-9999.0,-9999.0,81.4400024414,212.75910952455,73.9623428907864,263318.2,659726.82,36,20,81.44
NS65NW_816,1,5_7,6.18303880632,-9999.0,-9999.0,-9999.0,81.43800354,167.188965977898,52.9318353640904,263296.37,659723.04,12,8,81.438
NS65NW_822,1,5_7,6.23323079241,-9999.0,-9999.0,-9999.0,80.8219985962,125.30387543878,44.8413938715046,263342.95,659722.72,12,8,80.822
NS65NW_833,1,5_7,6.18629177428,-9999.0,-9999.0,-9999.0,81.4929962158,127.448932622211,45.1749646091119,263215.32,659718.19,12,8,81.493
NS65NW_856,1,5_7,6.05654154286,-9999.0,-9999.0,-9999.0,80.888999939,197.075500227872,60.2149106467498,263373.76,659713.84,12,8,80.889
NS65NW_883,1,5_7,6.2400121496,-9999.0,-9999.0,-9999.0,81.5490036011,163.392144682901,52.4339243482533,263211.73,659699.89,12,8,81.549
NS65NW_893,1,5_7,6.20593707763,-9999.0,-9999.0,-9999.0,81.7249984741,160.977464857511,51.7508901043478,263244.69,659695.97,12,8,81.725
NS65NW_898,1,5_7,6.17031090192,-9999.0,-9999.0,-9999.0,81.8679962158,159.861480417958,51.7401477453252,263266.19,659692.52,12,8,81.868
NS65NW_901,1,5_7,3.57949112683,-9999.0,-9999.0,-9999.0,88.3850021362,24.5193937482803,23.3525243994641,263662.02,659688.9,8,6,88.385
NS65NW_903,1,5_7,6.1574958068,-9999.0,-9999.0,-9999.0,82.0130004883,125.379782083535,44.848425430837,263282.78,659691.28,12,8,82.013
NS65NW_905,1,5_7,6.25155294434,-9999.0,-9999.0,-9999.0,82.2939987183,123.557827726551,44.5148165952182,263297.49,659690.02,12,8,82.294
NS65NW_911,1,5_7,6.17195615664,-9999.0,-9999.0,-9999.0,82.4010009766,166.442445951502,52.4628401177264,263313.89,659688.69,12,8,82.401
NS65NW_912,1,5_7,5.7748716916,-9999.0,-9999.0,-9999.0,83.06199646,194.418518707077,63.3598586641747,263557.61,659688.99,28,16,83.062
NS65NW_915,1,5_7,6.10013398291,-9999.0,-9999.0,-9999.0,82.1356658936,199.17458062315,60.4863037013678,263337.65,659691.26,12,8,82.136
NS65NW_916,1,5_7,5.76565502479,-9999.0,-9999.0,-9999.0,84.6360015869,226.175360055201,64.6200003519666,263587.17,659687.94,28,16,84.636
NS65NW_920,1,5_7,6.08090208982,-9999.0,-9999.0,-9999.0,82.1210021973,208.763282692323,61.2037106671967,263371.2,659689.52,12,8,82.121
NS65NW_924,1,5_7,5.54541372139,-9999.0,-9999.0,-9999.0,85.43800354,221.287850458739,62.8568694305645,263614.5,659685.82,28,16,85.438
NS65NW_931,1,5_7,4.16059235409,-9999.0,-9999.0,-9999.0,86.7789993286,355.211305680246,87.2303342702637,263641.76,659683.82,48,26,86.779
NS65NW_937,1,5_7,6.24384078861,-9999.0,-9999.0,-9999.0,82.3980026245,162.167036745073,52.1278769238278,263210.07,659681.08,12,8,82.398
NS65NW_946,1,5_7,6.08063133727,-9999.0,-9999.0,-9999.0,82.4150009155,154.743456996144,51.0662453218536,263243.04,659676.37,12,8,82.415
NS65NW_955,1,5_7,6.18199545682,-9999.0,-9999.0,-9999.0,83.4840011597,105.356069734407,41.1564069831676,263337.27,659669.64,12,8,83.484
NS65NW_958,1,5_7,6.14965545888,-9999.0,-9999.0,-9999.0,83.4700012207,103.837737176172,41.4985684794641,263367.08,659668.57,20,12,83.47
NS65NW_962,1,5_7,4.73351377102,-9999.0,-9999.0,-9999.0,82.8710021973,211.515931130979,69.7504741945567,263545.82,659669.59,36,20,82.871
NS65NW_963,1,5_7,4.66304337086,-9999.0,-9999.0,-9999.0,85.3499984741,239.699740446449,79.4846017288029,263476.41,659664.73,28,16,85.35
NS65NW_973,1,5_7,3.85847375052,-9999.0,-9999.0,-9999.0,85.6969985962,285.835128719326,95.1001765175355,263506.67,659663.56,60,32,85.697
NS65NW_985,1,5_7,5.79178178639,-9999.0,-9999.0,-9999.0,83.1989974976,203.82477640744,63.1786517662518,263208.7,659658.6,28,16,83.199
NS65NW_996,1,5_7,6.00644113993,-9999.0,-9999.0,-9999.0,84.0989990234,221.660644457608,64.7720129056295,263296.25,659649.56,12,8,84.099
NS65NW_998,1,5_7,5.96134966824,-9999.0,-9999.0,-9999.0,83.7890014648,189.58111537413,58.3877755596307,263271.85,659649.07,12,8,83.789
NS65NW_3341,1,6_4,8.35075069463,-9999.0,-9999.0,-9999.0,165.401794434,416.032454707767,111.396359145944,263821.5,658074.33,28,16,165.402
NS65NW_3342,1,6_4,9.98612634681,-9999.0,-9999.0,-9999.0,166.867874146,1315.94724111997,254.223301805638,263761.09,658074.11,140,72,166.868
NS65NW_3343,1,6_4,4.51416814811,-9999.0,-9999.0,-9999.0,165.481994629,1108.1653330006,230.308262184618,263854.94,658057.7,80,40,165.482
NS65NW_3344,1,6_4,4.40562419862,-9999.0,-9999.0,-9999.0,165.70199585,166.407002129139,54.5094222018375,263929.96,658032.0,20,12,165.702
NS65NW_3332,1,6_5,4.23668523582,-9999.0,-9999.0,-9999.0,150.117004395,169.341987863577,54.6417200657557,264014.49,658251.67,20,12,150.117
NS65NW_3334,1,6_5,2.97758933341,-9999.0,-9999.0,-9999.0,151.098007202,102.083856045006,48.7610646085778,264030.86,658241.7,12,8,151.098
NS65NW_3338,1,6_5,4.1735012257,-9999.0,-9999.0,-9999.0,158.192993164,231.367422203555,77.1998992621651,264353.16,658177.73,36,20,158.193
NS65NW_3339,1,6_5,3.01957473135,-9999.0,-9999.0,-9999.0,161.457000732,62.8141286867367,31.8481461188697,264311.21,658153.12,12,8,161.457
NS65NW_3340,1,6_5,3.90659929779,-9999.0,-9999.0,-9999.0,162.343811035,229.655328476189,84.4074716485315,264291.34,658150.96,52,28,162.344
NS65NW_1804,1,6_6,6.36139150461,-9999.0,-9999.0,-9999.0,86.8740005493,99.322179563775,39.9046492987988,264242.55,659368.67,12,8,86.874
NS65NW_1808,1,6_6,2.5440617793,-9999.0,-9999.0,-9999.0,83.5163345337,45.6383100044988,27.3126575097685,263952.57,659364.67,12,8,83.516
NS65NW_1823,1,6_6,5.7311316916,-9999.0,-9999.0,-9999.0,86.6750030518,127.067436835845,47.566886113197,264229.18,659361.9,20,12,86.675
NS65NW_1827,1,6_6,6.29209420569,-9999.0,-9999.0,-9999.0,85.8980026245,97.7331971993369,39.5496366561456,264172.52,659358.67,12,8,85.898
NS65NW_1828,1,6_6,5.27694089295,-9999.0,-9999.0,-9999.0,86.4250030518,142.138510020642,50.7355140237744,264193.31,659359.75,20,12,86.425
NS65NW_1831,1,6_6,5.38355319525,-9999.0,-9999.0,-9999.0,83.5650024414,218.539091140287,60.3037083861416,263922.67,659359.44,12,8,83.565
NS65NW_1832,1,6_6,5.17131361975,-9999.0,-9999.0,-9999.0,83.6050033569,186.420041738976,57.1089001801325,263987.58,659360.37,20,12,83.605
NS65NW_1841,1,6_6,5.14939224968,-9999.0,-9999.0,-9999.0,83.4840011597,170.955469301355,65.1593178758819,263941.49,659357.65,28,16,83.484
NS65NW_1844,1,6_6,5.39737528277,-9999.0,-9999.0,-9999.0,83.4479980469,138.276307797575,47.0458233769777,263959.48,659353.5,12,8,83.448
NS65NW_1848,1,6_6,5.95909574895,-9999.0,-9999.0,-9999.0,85.0739974976,76.5938933453296,35.2100017257758,264105.54,659351.57,12,8,85.074
NS65NW_1849,1,6_6,5.22668688289,-9999.0,-9999.0,-9999.0,85.5930023193,286.81942349675,87.0310942008657,264151.18,659354.14,36,20,85.593
NS65NW_1853,1,6_6,6.05815477131,-9999.0,-9999.0,-9999.0,85.4909973145,121.854264757198,46.231889820743,264130.35,659351.53,20,12,85.491
NS65NW_1854,1,6_6,3.96327077641,-9999.0,-9999.0,-9999.0,89.6320037842,139.007584374367,47.1613574414333,264297.95,659353.37,12,8,89.632
NS65NW_1869,1,6_6,1.91564204535,-9999.0,-9999.0,-9999.0,88.3960037231,112.189156341333,50.4811888376861,264266.65,659350.59,12,8,88.396
NS65NW_1872,1,6_6,5.24107179384,-9999.0,-9999.0,-9999.0,85.2269973755,98.4354340459936,45.5812600607179,264116.01,659350.48,28,16,85.227
NS65NW_1880,1,6_6,4.62517303428,-9999.0,-9999.0,-9999.0,84.1190032959,200.869625608931,59.7714254218098,264007.38,659348.6,28,16,84.119
NS65NW_1883,1,6_6,5.52205273324,-9999.0,-9999.0,-9999.0,87.0609970093,124.207784002853,44.6543514528292,264201.42,659344.31,12,8,87.061
NS65NW_1890,1,6_6,5.19042933483,-9999.0,-9999.0,-9999.0,83.8099975586,164.916011272291,52.9917955133612,263985.16,659343.74,20,12,83.81
NS65NW_1897,1,6_6,4.0596300343,-9999.0,-9999.0,-9999.0,89.4800033569,162.859637810679,54.43849664471,264286.22,659344.09,20,12,89.48
NS65NW_1900,1,6_6,6.30560622424,-9999.0,-9999.0,-9999.0,88.2450027466,106.369576922466,41.254261557595,264238.82,659341.02,12,8,88.245
NS65NW_1910,1,6_6,3.21737269866,-9999.0,-9999.0,-9999.0,86.5920028687,65.0559524932551,45.5950727646304,264146.8,659335.24,24,14,86.592
NS65NW_1919,1,6_6,2.4086511036,-9999.0,-9999.0,-9999.0,85.8170013428,97.8254596338983,58.1844203365471,264120.08,659335.76,48,26,85.817
NS65NW_1923,1,6_6,5.02516905467,-9999.0,-9999.0,-9999.0,89.0,153.84382549799,67.2715431892988,264272.82,659337.55,48,26,89.0
NS65NW_1926,1,6_6,5.25661520085,-9999.0,-9999.0,-9999.0,87.8960037231,94.3585012471594,41.7129227314176,264202.2,659330.74,16,10,87.896
NS65NW_1930,1,6_6,6.30569129904,-9999.0,-9999.0,-9999.0,89.0660018921,99.8558361579759,39.9858285973008,264248.12,659330.51,12,8,89.066
NS65NW_1942,1,6_6,4.08485634654,-9999.0,-9999.0,-9999.0,86.9290008545,461.511685329177,184.302905166254,264168.23,659331.44,108,56,86.929
NS65NW_1947,1,6_6,4.05217349463,-9999.0,-9999.0,-9999.0,87.9339981079,138.555027780519,47.0901720779225,264137.82,659322.66,12,8,87.934
NS65NW_1953,1,6_6,5.99427145596,-9999.0,-9999.0,-9999.0,89.3909988403,73.5157463459673,34.5378857255152,264255.34,659321.16,12,8,89.391
NS65NW_1954,1,6_6,5.28261824248,-9999.0,-9999.0,-9999.0,86.9410018921,88.0314832203589,40.5109066321958,264113.31,659321.09,20,12,86.941
NS65NW_1955,1,6_6,5.67575065663,-9999.0,-9999.0,-9999.0,87.608001709,77.982272896327,35.52281992857,264125.36,659319.82,12,8,87.608
NS65NW_1961,1,6_6,5.40938262165,-9999.0,-9999.0,-9999.0,84.3430023193,151.201506280709,49.2075179046062,263952.23,659319.06,12,8,84.343
NS65NW_1964,1,6_6,4.86473021453,-9999.0,-9999.0,-9999.0,84.1890029907,404.828798662456,113.109229847998,263926.32,659320.81,60,32,84.189
NS65NW_1965,1,6_6,5.42125761306,-9999.0,-9999.0,-9999.0,90.8079986572,105.205158311277,46.0519524811236,264321.67,659318.26,20,12,90.808
NS65NW_1968,1,6_6,5.89894061494,-9999.0,-9999.0,-9999.0,90.6470031738,86.7592160947946,37.6462271800295,264309.75,659316.51,12,8,90.647
NS65NW_1980,1,6_6,5.48530899851,-9999.0,-9999.0,-9999.0,90.3909988403,101.087228806008,42.8713117313397,264298.46,659312.12,20,12,90.391
NS65NW_1992,1,6_6,5.71270279423,-9999.0,-9999.0,-9999.0,90.5039978027,82.6884790594884,39.8933782509344,264287.86,659308.04,20,12,90.504
NS65NW_1993,1,6_6,2.49244150622,-9999.0,-9999.0,-9999.0,91.6849975586,29.6279775006311,22.5619383852726,264325.39,659305.16,12,8,91.685
NS65NW_1994,1,6_6,6.0219441381,-9999.0,-9999.0,-9999.0,86.7170028687,111.1721666654,42.2752503373187,264102.88,659307.32,12,8,86.717
NS65NW_1996,1,6_6,5.2329853541,-9999.0,-9999.0,-9999.0,89.7600021362,135.168103588195,49.9423021233979,264226.9,659308.31,28,16,89.76
NS65NW_2007,1,6_6,6.05026613181,-9999.0,-9999.0,-9999.0,90.783996582,82.498781249416,40.3560662189029,264279.3,659303.55,20,12,90.784
NS65NW_2016,1,6_6,4.5668097011,-9999.0,-9999.0,-9999.0,84.53099823,449.915942668315,125.34554626394,263984.84,659313.9,92,48,84.531
NS65NW_2029,1,6_6,4.11866481884,-9999.0,-9999.0,-9999.0,84.6230010986,328.066477286271,104.664672996154,263896.24,659304.05,76,40,84.623
NS65NW_2030,1,6_6,2.11153487217,-9999.0,-9999.0,-9999.0,86.1439971924,66.6278145614435,33.1951515894116,264092.17,659298.92,12,8,86.144
NS65NW_2037,1,6_6,3.81059620817,-9999.0,-9999.0,-9999.0,89.2949981689,180.172666228065,64.1630902249177,264205.61,659297.64,52,28,89.295
NS65NW_2038,1,6_6,2.4137205344,-9999.0,-9999.0,-9999.0,90.1610031128,53.0787599959894,29.2360986920754,264223.48,659294.92,12,8,90.161
NS65NW_2041,1,6_6,5.86106214941,-9999.0,-9999.0,-9999.0,86.8219985962,75.0973875603187,34.8857412277904,264102.06,659293.29,12,8,86.822
NS65NW_2042,1,6_6,5.04703483908,-9999.0,-9999.0,-9999.0,90.3450012207,154.703086877017,53.6302566686628,264237.36,659296.93,20,12,90.345
NS65NW_2047,1,6_6,2.53921212502,-9999.0,-9999.0,-9999.0,91.8710021973,31.8685500031801,25.7392794043079,264293.13,659291.14,8,6,91.871
NS65NW_2051,1,6_6,3.86773000765,-9999.0,-9999.0,-9999.0,89.0130004883,153.897077821346,52.3910563898417,264171.7,659293.49,20,12,89.013
NS65NW_2052,1,6_6,4.92591610527,-9999.0,-9999.0,-9999.0,84.5820007324,186.549112762497,69.8880182775262,263914.73,659295.39,28,16,84.582
NS65NW_2053,1,6_6,3.72089392612,-9999.0,-9999.0,-9999.0,89.1930007935,208.793723504385,66.209592390648,264187.72,659293.91,44,24,89.193
NS65NW_2055,1,6_6,3.77745353193,-9999.0,-9999.0,-9999.0,88.7490005493,158.495363622842,51.647713016566,264155.83,659291.43,20,12,88.749
NS65NW_2058,1,6_6,4.94360300496,-9999.0,-9999.0,-9999.0,84.8219985962,384.659652270601,121.068994901591,263939.9,659290.68,76,40,84.822
NS65NW_2063,1,6_6,6.09712549068,-9999.0,-9999.0,-9999.0,87.4889984131,115.997328750789,43.2891494109949,264117.14,659285.44,12,8,87.489
NS65NW_2077,1,6_6,5.17961746636,-9999.0,-9999.0,-9999.0,85.6809997559,343.181786496634,99.4463478791787,263988.58,659283.65,36,20,85.681
NS65NW_2079,1,6_6,4.00040042534,-9999.0,-9999.0,-9999.0,88.4980010986,182.255105983288,71.5941936640899,264136.83,659283.08,28,16,88.498
NS65NW_2115,1,6_6,13.0749399001,-9999.0,-9999.0,-9999.0,87.0039978027,682.137940432519,152.520039021852,263805.84,659271.47,40,22,87.004
NS65NW_2117,1,6_6,5.02785222453,-9999.0,-9999.0,-9999.0,92.4629974365,162.617292443425,59.4262479472435,264276.57,659271.72,20,12,92.463
NS65NW_2121,1,6_6,5.50186659854,-9999.0,-9999.0,-9999.0,93.1380004883,1122.79052599562,296.895757906513,264332.62,659277.49,172,88,93.138
NS65NW_2127,1,6_6,2.28170572917,-9999.0,-9999.0,-9999.0,86.033996582,23.7237187514643,22.5710504859102,263869.69,659261.17,8,6,86.034
NS65NW_2135,1,6_6,5.38212020925,-9999.0,-9999.0,-9999.0,85.8789978027,150.763813922,49.1302557574345,263880.39,659262.67,12,8,85.879
NS65NW_2139,1,6_6,12.7974619099,-9999.0,-9999.0,-9999.0,87.5749969482,441.923930630669,111.055710374276,263754.85,659258.93,44,24,87.575
NS65NW_2141,1,6_6,5.56170612887,-9999.0,-9999.0,-9999.0,86.2419967651,154.081698779689,49.6679916832656,263915.75,659257.89,12,8,86.242
NS65NW_2146,1,6_6,4.8957956384,-9999.0,-9999.0,-9999.0,86.0100021362,188.047408729447,69.2845578070009,263896.23,659257.72,36,20,86.01
NS65NW_2148,1,6_6,2.07603796323,-9999.0,-9999.0,-9999.0,87.5559997559,26.6240175007448,24.7431566353915,263996.33,659250.79,8,6,87.556
NS65NW_2151,1,6_6,5.09290006334,-9999.0,-9999.0,-9999.0,86.5699996948,353.594580465048,101.218385660118,263941.54,659254.58,44,24,86.57
NS65NW_2152,1,6_6,5.44965739772,-9999.0,-9999.0,-9999.0,89.4700012207,1676.72325019732,508.62411738012,264172.28,659263.55,240,122,89.47
NS65NW_2155,1,6_6,5.90235504877,-9999.0,-9999.0,-9999.0,88.6360015869,224.606538597191,66.3444645542798,264093.35,659253.06,28,16,88.636
NS65NW_2164,1,6_6,5.12978172863,-9999.0,-9999.0,-9999.0,86.9619979858,357.226307802188,99.5040199626532,263977.23,659250.66,44,24,86.962
NS65NW_2174,1,6_6,2.08860577764,-9999.0,-9999.0,-9999.0,87.4039993286,40.530052502489,25.7143725780711,263958.33,659242.54,12,8,87.404
NS65NW_2176,1,6_6,5.74184462301,-9999.0,-9999.0,-9999.0,94.3050003052,241.4593667738,80.434045019887,264351.5,659249.79,60,32,94.305
NS65NW_2178,1,6_6,6.0075408093,-9999.0,-9999.0,-9999.0,93.5989990234,214.973524027423,74.9361274469805,264293.95,659247.72,24,14,93.599
NS65NW_2188,1,6_6,5.4524026069,-9999.0,-9999.0,-9999.0,92.3980026245,273.263137679686,79.4403174898791,264269.73,659243.9,52,28,92.398
NS65NW_2190,1,6_6,6.64863376675,-9999.0,-9999.0,-9999.0,89.1029968262,169.152588484605,52.350915422472,263809.2,659236.35,12,8,89.103
NS65NW_2191,1,6_6,5.97064135367,-9999.0,-9999.0,-9999.0,92.2580032349,212.245324636036,62.6120362632192,264233.58,659240.7,20,12,92.258
NS65NW_2197,1,6_6,6.12479294111,-9999.0,-9999.0,-9999.0,89.84400177,135.678536736516,47.4476793508252,263789.35,659233.8,12,8,89.844
NS65NW_2204,1,6_6,5.99477311207,-9999.0,-9999.0,-9999.0,89.3379974365,181.397092933083,55.7056380882685,263905.89,659229.96,12,8,89.338
NS65NW_2206,1,6_6,5.03073638001,-9999.0,-9999.0,-9999.0,87.486000061,250.769410261482,69.890547209883,263926.99,659228.18,28,16,87.486
NS65NW_2209,1,6_6,5.41979661652,-9999.0,-9999.0,-9999.0,92.577003479,121.570731437586,48.7175395969098,264233.14,659225.01,20,12,92.577
NS65NW_2210,1,6_6,6.1781248811,-9999.0,-9999.0,-9999.0,90.4990005493,206.341018318914,61.7417221745867,264146.13,659223.4,28,16,90.499
NS65NW_2217,1,6_6,6.49202726011,-9999.0,-9999.0,-9999.0,90.25,173.871198674767,52.9891607839473,263770.87,659224.52,12,8,90.25
NS65NW_2218,1,6_6,5.86628242741,-9999.0,-9999.0,-9999.0,91.2289962769,219.864597215814,63.0671119155387,264170.96,659225.63,20,12,91.229
NS65NW_2219,1,6_6,6.02577243074,-9999.0,-9999.0,-9999.0,90.3117980957,204.439256051961,63.3735102184716,264113.87,659220.32,28,16,90.312
NS65NW_2220,1,6_6,5.81517905377,-9999.0,-9999.0,-9999.0,93.5920028687,219.613679418448,67.995355971573,264291.98,659221.28,28,16,93.592
NS65NW_2225,1,6_6,5.09613029698,-9999.0,-9999.0,-9999.0,87.577003479,458.752305989571,136.591460259159,263958.57,659221.66,64,34,87.577
NS65NW_2230,1,6_6,5.90562733906,-9999.0,-9999.0,-9999.0,92.7399978638,218.582073036991,66.0147552742942,264268.41,659222.04,28,16,92.74
NS65NW_2236,1,6_6,5.94174384595,-9999.0,-9999.0,-9999.0,91.4010009766,423.992628683561,140.612410521467,264205.54,659228.89,72,38,91.401
NS65NW_2242,1,6_6,2.57536046098,-9999.0,-9999.0,-9999.0,90.1039962769,24.6948300006972,22.9275755756452,264044.3,659208.3,8,6,90.104
NS65NW_2249,1,6_6,5.92301200584,-9999.0,-9999.0,-9999.0,93.077003479,104.343888035933,41.3106372271806,264268.47,659206.27,12,8,93.077
NS65NW_2252,1,6_6,6.66682196445,-9999.0,-9999.0,-9999.0,90.3447494507,109.866917973896,41.9347094230281,263900.46,659206.2,12,8,90.345
NS65NW_2254,1,6_6,6.07736661289,-9999.0,-9999.0,-9999.0,91.8710021973,93.6074416472674,38.8827945868155,264146.82,659205.04,12,8,91.871
NS65NW_2255,1,6_6,5.70786502852,-9999.0,-9999.0,-9999.0,91.4421005249,210.569911800356,60.1090123770231,263754.84,659207.14,12,8,91.442
NS65NW_2258,1,6_6,5.76705281768,-9999.0,-9999.0,-9999.0,92.7153320312,284.123950558755,73.3049476239758,264235.58,659206.58,36,20,92.715
NS65NW_2260,1,6_6,6.18171734596,-9999.0,-9999.0,-9999.0,90.3190002441,140.300766013674,49.3997936778231,263994.32,659205.95,12,8,90.319
NS65NW_2262,1,6_6,5.89386180135,-9999.0,-9999.0,-9999.0,94.0329971313,588.448128242015,181.998349462104,264328.25,659224.73,92,50,94.033
NS65NW_2265,1,6_6,6.04927791693,-9999.0,-9999.0,-9999.0,90.2040023804,79.930422696931,38.7621375822492,263918.33,659199.83,20,12,90.204
NS65NW_2266,1,6_6,6.4721487271,-9999.0,-9999.0,-9999.0,91.4199981689,110.317842053045,42.0178510861068,263860.3,659201.62,12,8,91.42
NS65NW_2270,1,6_6,6.42244706405,-9999.0,-9999.0,-9999.0,91.5930023193,99.7275056560606,39.9563333751061,263895.56,659194.35,12,8,91.593
NS65NW_2274,1,6_6,5.47459071463,-9999.0,-9999.0,-9999.0,92.3209991455,232.790426574671,74.980252992341,264210.63,659198.54,44,24,92.321
NS65NW_2275,1,6_6,6.31449202305,-9999.0,-9999.0,-9999.0,91.3339996338,98.8307821280744,39.799431999769,263990.2,659191.01,12,8,91.334
NS65NW_2276,1,6_6,4.92222955985,-9999.0,-9999.0,-9999.0,90.28099823,133.812331788391,62.2836227099799,263928.15,659193.94,28,16,90.281
NS65NW_2282,1,6_6,2.75300051371,-9999.0,-9999.0,-9999.0,91.5950012207,30.8975175025309,23.3486816751904,263999.62,659184.26,12,8,91.595
NS65NW_2283,1,6_6,5.08327346399,-9999.0,-9999.0,-9999.0,90.3789978027,128.725268403205,59.5894873009739,263939.83,659190.11,28,16,90.379
NS65NW_2284,1,6_6,5.73595601369,-9999.0,-9999.0,-9999.0,91.1620025635,250.747846269081,99.3259036421992,263847.47,659198.13,36,20,91.162
NS65NW_2290,1,6_6,4.91675091167,-9999.0,-9999.0,-9999.0,90.3710021973,132.925797122627,63.661308318087,263950.21,659187.22,36,20,90.371
NS65NW_2292,1,6_6,5.75093920426,-9999.0,-9999.0,-9999.0,89.9169998169,550.128094026805,154.233871589459,264090.1,659201.74,96,50,89.917
NS65NW_2294,1,6_6,3.28728406391,-9999.0,-9999.0,-9999.0,90.9560012817,34.3468274986599,25.0441476490662,263919.55,659178.9,12,8,90.956
NS65NW_2297,1,6_6,5.5972002899,-9999.0,-9999.0,-9999.0,92.2210006714,137.125061185258,48.878186458112,263904.96,659182.59,24,14,92.221
NS65NW_2298,1,6_6,6.22140017423,-9999.0,-9999.0,-9999.0,91.5749969482,140.464144362244,49.2143090645582,263964.84,659180.53,16,10,91.575
NS65NW_2301,1,6_6,5.39090898256,-9999.0,-9999.0,-9999.0,93.7310028076,488.501904568601,156.624870774548,264301.9,659188.63,96,50,93.731
NS65NW_2302,1,6_6,6.61769142501,-9999.0,-9999.0,-9999.0,92.0729980469,110.686159814085,42.0924983747485,263986.5,659178.79,12,8,92.073
NS65NW_2310,1,6_6,5.82206145632,-9999.0,-9999.0,-9999.0,93.46900177,240.964665452631,74.2707254999714,264271.24,659178.44,36,20,93.469
NS65NW_2314,1,6_6,5.95197029332,-9999.0,-9999.0,-9999.0,92.4980010986,326.613988056763,85.471101694939,264148.71,659184.06,36,20,92.498
NS65NW_2322,1,6_6,5.91869461246,-9999.0,-9999.0,-9999.0,91.8909988403,436.905497135093,121.528428955885,264116.89,659184.77,60,32,91.891
NS65NW_2324,1,6_6,6.48940834081,-9999.0,-9999.0,-9999.0,92.6289978027,108.498506393626,41.6725360891872,263877.84,659169.43,12,8,92.629
NS65NW_2328,1,6_6,6.0912470232,-9999.0,-9999.0,-9999.0,92.9319992065,149.866163998896,55.5531553596547,263932.28,659169.44,28,16,92.932
NS65NW_2335,1,6_6,5.49901226678,-9999.0,-9999.0,-9999.0,89.6019973755,897.055956007012,207.649956000363,264052.8,659190.58,112,58,89.602
NS65NW_2344,1,6_6,6.30606616309,-9999.0,-9999.0,-9999.0,93.5159988403,112.035584319794,42.3399751163842,263883.76,659157.41,12,8,93.516
NS65NW_2345,1,6_6,6.34495514618,-9999.0,-9999.0,-9999.0,93.8970031738,110.666104880841,42.0897620394527,263920.34,659157.24,12,8,93.897
NS65NW_2346,1,6_6,4.91940039701,-9999.0,-9999.0,-9999.0,91.9469985962,1080.62954820017,394.81254092582,263795.46,659171.88,220,112,91.947
NS65NW_2361,1,6_6,6.44796847046,-9999.0,-9999.0,-9999.0,94.3489990234,97.9345104535308,39.613324274996,263825.44,659147.74,12,8,94.349
NS65NW_2362,1,6_6,5.30544973338,-9999.0,-9999.0,-9999.0,92.0049972534,1613.75884166125,517.509224932529,264203.7,659178.57,320,162,92.005
NS65NW_2363,1,6_6,4.76573639348,-9999.0,-9999.0,-9999.0,94.5540008545,184.263446904039,66.620413038885,264104.86,659150.6,28,16,94.554
NS65NW_2374,1,6_6,5.74184885539,-9999.0,-9999.0,-9999.0,95.1804962158,439.330458879156,144.978958343416,264132.94,659141.67,68,36,95.18
NS65NW_2378,1,6_6,6.33328613901,-9999.0,-9999.0,-9999.0,93.9110031128,113.523961642071,44.6614671490131,263806.26,659138.7,20,12,93.911
NS65NW_2386,1,6_6,5.56621833222,-9999.0,-9999.0,-9999.0,93.9810028076,384.537206043686,132.364005658045,263858.78,659146.02,76,40,93.981
NS65NW_2387,1,6_6,3.09793326887,-9999.0,-9999.0,-9999.0,95.5920028687,57.462952500096,30.3594884596282,263875.0,659133.45,12,8,95.592
NS65NW_2389,1,6_6,5.46348001526,-9999.0,-9999.0,-9999.0,93.9980010986,151.224627007675,69.4481281111333,263824.01,659134.68,44,24,93.998
NS65NW_2394,1,6_6,5.41466999487,-9999.0,-9999.0,-9999.0,94.3389968872,404.868364113337,174.488425503297,263903.16,659141.3,104,54,94.339
NS65NW_2402,1,6_6,6.02176732471,-9999.0,-9999.0,-9999.0,93.923034668,128.538475206786,46.8276703537308,263781.36,659129.12,20,12,93.923
NS65NW_2403,1,6_6,2.45760558823,-9999.0,-9999.0,-9999.0,95.7180023193,30.375210003591,22.4888213413716,264098.45,659124.45,12,8,95.718
NS65NW_2409,1,6_6,6.26834853654,-9999.0,-9999.0,-9999.0,94.1129989624,74.2403178967468,35.2345754831301,263769.32,659124.64,12,8,94.113
NS65NW_2410,1,6_6,5.37584723504,-9999.0,-9999.0,-9999.0,93.2689971924,610.490693823461,172.247247366362,264083.71,659147.05,100,52,93.269
NS65NW_2411,1,6_6,5.90597579058,-9999.0,-9999.0,-9999.0,95.716003418,92.7123099372274,38.9693143649263,263867.33,659123.06,12,8,95.716
NS65NW_2416,1,6_6,3.02903752611,-9999.0,-9999.0,-9999.0,94.297996521,41.013337503812,28.3011607939491,263778.28,659116.95,16,10,94.298
NS65NW_2419,1,6_6,5.51668639793,-9999.0,-9999.0,-9999.0,94.216003418,185.637964989099,75.6865098322241,263755.89,659119.47,36,20,94.216
NS65NW_2425,1,6_6,5.97408460036,-9999.0,-9999.0,-9999.0,96.3509979248,120.082367374694,46.5745307438606,263875.66,659113.21,20,12,96.351
NS65NW_2426,1,6_6,5.98886966093,-9999.0,-9999.0,-9999.0,95.5149993896,239.449595650292,102.533949930597,263834.48,659117.93,52,28,95.515
NS65NW_2431,1,6_6,2.88424078369,-9999.0,-9999.0,-9999.0,95.2699966431,31.6674112464936,22.9677282496139,263784.09,659107.65,12,8,95.27
NS65NW_2434,1,6_6,6.15731858234,-9999.0,-9999.0,-9999.0,96.4899978638,100.732136058379,40.2400490822209,263818.09,659109.99,12,8,96.49
NS65NW_2442,1,6_6,5.88583773658,-9999.0,-9999.0,-9999.0,96.2369995117,102.241336538277,40.4464460976973,263805.97,659107.12,12,8,96.237
NS65NW_2449,1,6_6,5.96506962814,-9999.0,-9999.0,-9999.0,94.9029998779,97.7211830745848,39.655664619214,263756.23,659105.08,12,8,94.903
NS65NW_2455,1,6_6,5.28399055914,-9999.0,-9999.0,-9999.0,93.8140029907,330.975965058887,130.418918729045,263793.57,659117.33,68,36,93.814
NS65NW_2468,1,6_6,2.86234614428,-9999.0,-9999.0,-9999.0,95.3109970093,35.7071999996143,24.6986063704103,263758.08,659094.71,12,8,95.311
NS65NW_2477,1,6_6,4.97754917185,-9999.0,-9999.0,-9999.0,95.18699646,1950.62489194218,325.42740482593,263959.16,659117.89,104,52,95.187
NS65NW_2484,1,6_6,5.97330880477,-9999.0,-9999.0,-9999.0,97.0210037231,236.178306146201,97.4331639576089,263865.15,659093.99,44,24,97.021
NS65NW_2487,1,6_6,6.2196192347,-9999.0,-9999.0,-9999.0,97.7659988403,101.885769971029,41.8015773516792,263838.69,659086.34,20,12,97.766
NS65NW_2489,1,6_6,5.47425248734,-9999.0,-9999.0,-9999.0,95.641998291,281.356368796018,94.8913244862387,263773.15,659091.79,68,36,95.642
NS65NW_2496,1,6_6,2.44845523629,-9999.0,-9999.0,-9999.0,97.5790023804,28.358054997626,24.5361133107332,264153.64,659080.35,8,6,97.579
NS65NW_2524,1,6_6,5.91836794232,-9999.0,-9999.0,-9999.0,97.6279983521,139.26775307164,49.2688739749586,263814.52,659074.67,20,12,97.628
NS65NW_2525,1,6_6,4.54881904286,-9999.0,-9999.0,-9999.0,95.8259963989,381.968664919423,111.165395579376,264056.74,659077.26,68,36,95.826
NS65NW_2527,1,6_6,3.1438817516,-9999.0,-9999.0,-9999.0,95.4449996948,94.6994255153051,40.5751313956014,264022.78,659072.32,12,8,95.445
NS65NW_2528,1,6_6,5.93435552027,-9999.0,-9999.0,-9999.0,97.2139968872,99.8251681519477,40.0572751874384,263801.06,659071.84,12,8,97.214
NS65NW_2529,1,6_6,6.43158554332,-9999.0,-9999.0,-9999.0,96.0100021362,565.342237462989,151.1648847591,263906.91,659094.86,48,26,96.01
NS65NW_2533,1,6_6,4.05908858082,-9999.0,-9999.0,-9999.0,97.18699646,387.955060240266,109.353174786307,264131.2,659075.74,60,32,97.187
NS65NW_2539,1,6_6,4.35106021242,-9999.0,-9999.0,-9999.0,98.0419998169,226.65506845508,74.1717026616548,263847.94,659073.89,44,24,98.042
NS65NW_2547,1,6_6,5.95184832811,-9999.0,-9999.0,-9999.0,96.9209976196,97.9793040447133,39.6906374913657,263790.34,659066.62,12,8,96.921
NS65NW_2551,1,6_6,3.45946141223,-9999.0,-9999.0,-9999.0,97.6949996948,297.338475358643,98.9743533779122,264098.67,659069.01,40,22,97.695
NS65NW_2552,1,6_6,4.95712961635,-9999.0,-9999.0,-9999.0,96.8000030518,213.573449862103,73.1074999552033,263996.77,659068.92,36,20,96.8
NS65NW_2562,1,6_6,5.65884779041,-9999.0,-9999.0,-9999.0,96.8369979858,112.528798445657,42.4429951451631,263779.31,659059.89,12,8,96.837
NS65NW_2577,1,6_6,5.22564065965,-9999.0,-9999.0,-9999.0,98.6259994507,138.74305215766,49.0669303202434,263844.59,659056.06,20,12,98.626
NS65NW_2580,1,6_6,4.94117603248,-9999.0,-9999.0,-9999.0,97.7589950562,456.720545173829,124.332706662196,263970.49,659059.36,56,30,97.759
NS65NW_2585,1,6_6,5.22700829742,-9999.0,-9999.0,-9999.0,96.6630020142,134.185654052421,48.5941608682369,263766.67,659052.32,20,12,96.663
NS65NW_2598,1,6_6,4.89827251434,-9999.0,-9999.0,-9999.0,96.5149993896,157.41220537098,59.2644618606199,263750.0,659048.09,36,20,96.515
NS65NW_2603,1,6_6,5.25343951057,-9999.0,-9999.0,-9999.0,97.9700012207,183.374493278492,76.9822278501545,263811.13,659051.92,44,24,97.97
NS65NW_2605,1,6_6,3.37743626809,-9999.0,-9999.0,-9999.0,99.2129974365,50.4159637464884,28.681828196097,263848.71,659042.81,12,8,99.213
NS65NW_2611,1,6_6,3.19857442379,-9999.0,-9999.0,-9999.0,98.0540008545,33.3433275014244,23.4890858354873,263783.65,659040.11,12,8,98.054
NS65NW_2612,1,6_6,5.96726405996,-9999.0,-9999.0,-9999.0,99.0070037842,104.59018272839,42.4374863125383,263836.74,659042.2,20,12,99.007
NS65NW_2623,1,6_6,3.29965274073,-9999.0,-9999.0,-9999.0,97.422996521,31.7325487496631,23.9949301990248,263775.86,659034.22,12,8,97.423
NS65NW_2624,1,6_6,5.48565227954,-9999.0,-9999.0,-9999.0,98.7239990234,138.614245012577,49.1779088686822,263798.18,659038.49,20,12,98.724
NS65NW_2625,1,6_6,5.04540448047,-9999.0,-9999.0,-9999.0,99.7770004272,388.218528038811,89.2103246926351,263945.69,659043.75,56,30,99.777
NS65NW_2633,1,6_6,4.70477048756,-9999.0,-9999.0,-9999.0,100.319000244,338.027993965282,92.877897829652,263914.75,659038.48,52,28,100.319
NS65NW_2639,1,6_6,6.29853716368,-9999.0,-9999.0,-9999.0,99.2389984131,69.0116819920793,33.4405221615317,263788.12,659030.42,12,8,99.239
NS65NW_2653,1,6_6,6.11317933061,-9999.0,-9999.0,-9999.0,99.4000015259,67.8496094761101,33.2536901868576,263780.18,659024.04,12,8,99.4
NS65NW_2672,1,6_6,5.50307723904,-9999.0,-9999.0,-9999.0,101.108001709,250.279693531773,70.0182336674464,263897.6,659018.2,36,20,101.108
NS65NW_2689,1,6_6,4.90492119273,-9999.0,-9999.0,-9999.0,99.5680007935,402.724681630908,186.917360801276,263828.6,659018.55,124,64,99.568
NS65NW_2700,1,6_6,6.86317974096,-9999.0,-9999.0,-9999.0,99.7289962769,192.550340193668,59.4060607270413,263760.5,659005.31,12,8,99.729
NS65NW_2701,1,6_6,5.76717104842,-9999.0,-9999.0,-9999.0,99.6352615356,630.656390347387,187.435239879296,263860.66,659027.52,84,44,99.635
NS65NW_2703,1,6_6,2.87350942574,-9999.0,-9999.0,-9999.0,100.777999878,30.9429374953252,26.6401577936179,263822.95,658997.21,8,6,100.778
NS65NW_2709,1,6_6,6.01500098714,-9999.0,-9999.0,-9999.0,100.926002502,72.2470094585623,34.2621038418908,263811.72,658995.92,16,10,100.926
NS65NW_2716,1,6_6,6.75224173491,-9999.0,-9999.0,-9999.0,102.478996277,137.364982221886,47.6501528871186,263883.42,658994.51,12,8,102.479
NS65NW_2733,1,6_6,6.97071555205,-9999.0,-9999.0,-9999.0,101.98500061,192.279709478664,59.3681913867214,263751.7,658983.42,12,8,101.985
NS65NW_2776,1,6_6,6.43646645143,-9999.0,-9999.0,-9999.0,102.494003296,337.394816651176,86.2721728668172,263871.74,658973.05,40,22,102.494
NS65NW_2781,1,6_6,7.02007623839,-9999.0,-9999.0,-9999.0,102.157997131,194.341464026704,59.3939795841667,263778.75,658966.33,12,8,102.158
NS65NW_2788,1,6_6,6.77350286753,-9999.0,-9999.0,-9999.0,103.472000122,196.72614707386,59.8839018297409,263812.8,658961.79,12,8,103.472
NS65NW_2814,1,6_6,6.89548847996,-9999.0,-9999.0,-9999.0,103.947998047,193.719697089232,59.2808125553586,263793.55,658947.82,12,8,103.948
NS65NW_2856,1,6_6,7.4225970087,-9999.0,-9999.0,-9999.0,105.491996765,632.740969301837,114.363716582757,263849.75,658934.17,44,24,105.492
NS65NW_2862,1,6_6,6.86483911794,-9999.0,-9999.0,-9999.0,104.758003235,194.386924409727,59.6119225439717,263769.32,658920.94,12,8,104.758
NS65NW_2907,1,6_6,6.88155381223,-9999.0,-9999.0,-9999.0,105.930999756,192.92467684902,59.4359965030331,263754.32,658900.69,12,8,105.931
NS65NW_3046,1,6_6,4.26554354499,-9999.0,-9999.0,-9999.0,109.464996338,366.196262167339,80.8044744118306,263829.1,658828.46,12,8,109.465
NS65NW_1002,1,6_7,5.20264146237,-9999.0,-9999.0,-9999.0,85.3209991455,721.274432932031,215.089274808441,264088.3,659657.52,100,52,85.321
NS65NW_1006,1,6_7,5.92439826759,-9999.0,-9999.0,-9999.0,82.2480010986,441.558764497034,125.90529680339,264182.75,659658.0,76,40,82.248
NS65NW_102,1,6_7,3.11964807166,-9999.0,-9999.0,-9999.0,69.2109985352,41.8548523546427,26.7979942107813,263860.5,659963.87,12,8,69.211
NS65NW_1021,1,6_7,5.56624624022,-9999.0,-9999.0,-9999.0,84.4100036621,570.22445913151,182.415684037289,264136.0,659668.78,100,52,84.41
NS65NW_1022,1,6_7,6.03876738523,-9999.0,-9999.0,-9999.0,80.40599823,240.381921933961,65.2008721348591,264233.07,659647.15,36,20,80.406
NS65NW_1026,1,6_7,6.66806826834,-9999.0,-9999.0,-9999.0,78.6809997559,229.64621656452,69.1872320858384,264275.4,659645.63,44,24,78.681
NS65NW_1034,1,6_7,2.28520370174,-9999.0,-9999.0,-9999.0,83.1190032959,75.5864075264071,35.4577268511729,264191.86,659636.83,12,8,83.119
NS65NW_1045,1,6_7,2.34337572192,-9999.0,-9999.0,-9999.0,83.7452011108,32.6545950030856,23.3164168765646,264194.32,659629.01,12,8,83.745
NS65NW_1046,1,6_7,2.07080170736,-9999.0,-9999.0,-9999.0,79.0270004272,45.2261025001888,27.4512052807444,264290.77,659630.1,12,8,79.027
NS65NW_1057,1,6_7,6.73217429463,-9999.0,-9999.0,-9999.0,80.0159988403,239.632184695714,65.4277795456584,264269.5,659628.59,20,12,80.016
NS65NW_1058,1,6_7,4.4303895081,-9999.0,-9999.0,-9999.0,76.7129974365,190.248532664699,63.8190807338552,264366.9,659628.73,28,16,76.713
NS65NW_106,1,6_7,7.56525573274,-9999.0,-9999.0,-9999.0,67.0189971924,258.838640694526,67.158391882739,264169.12,659968.85,28,16,67.019
NS65NW_1068,1,6_7,4.83759858873,-9999.0,-9999.0,-9999.0,84.1029968262,21.229747501312,22.2070661890506,264178.08,659618.4,8,6,84.103
NS65NW_1079,1,6_7,3.14255680084,-9999.0,-9999.0,-9999.0,77.2770004272,52.0978499997986,29.0614124156725,264372.79,659615.1,12,8,77.277
NS65NW_1081,1,6_7,2.69804505214,-9999.0,-9999.0,-9999.0,79.9570007324,39.4785176816254,26.1772983092161,264285.28,659614.35,12,8,79.957
NS65NW_1094,1,6_7,4.44223073118,-9999.0,-9999.0,-9999.0,84.0380020142,323.137940154272,97.0529481990414,264167.01,659619.39,48,26,84.038
NS65NW_1119,1,6_7,2.78004422031,-9999.0,-9999.0,-9999.0,84.6890029907,70.7842667170777,34.3316281701151,264187.28,659599.35,12,8,84.689
NS65NW_1123,1,6_7,3.57463075509,-9999.0,-9999.0,-9999.0,78.3840026855,108.644995406013,41.7593070610547,264354.28,659600.59,12,8,78.384
NS65NW_1141,1,6_7,2.28235234623,-9999.0,-9999.0,-9999.0,93.6770019531,31.6508512474323,25.848644351229,263849.82,659588.44,8,6,93.677
NS65NW_1142,1,6_7,5.16550137479,-9999.0,-9999.0,-9999.0,81.0459976196,707.794925617144,201.194662503315,264221.0,659611.92,132,68,81.046
NS65NW_1143,1,6_7,3.36042848181,-9999.0,-9999.0,-9999.0,84.2369995117,30.8360587524298,22.9690582816802,264195.4,659588.62,12,8,84.237
NS65NW_1150,1,6_7,6.1749839487,-9999.0,-9999.0,-9999.0,95.0299987793,97.9403384484768,39.8353977524009,263818.14,659588.59,12,8,95.03
NS65NW_1151,1,6_7,6.14700734065,-9999.0,-9999.0,-9999.0,93.8150024414,97.7312479067768,39.7380958144939,263834.15,659588.87,12,8,93.815
NS65NW_1157,1,6_7,4.65724922294,-9999.0,-9999.0,-9999.0,80.5999984741,465.860925007346,105.821466809989,264261.21,659597.25,80,44,80.6
NS65NW_1160,1,6_7,4.89808404373,-9999.0,-9999.0,-9999.0,94.9029998779,168.863028790583,52.4263932232282,263753.96,659585.77,20,12,94.903
NS65NW_1166,1,6_7,5.63024688993,-9999.0,-9999.0,-9999.0,83.6949996948,371.481049351777,100.181713873359,264164.26,659585.89,44,24,83.695
NS65NW_1174,1,6_7,2.48855832257,-9999.0,-9999.0,-9999.0,94.2939987183,24.3051374983461,22.9318446729099,263783.78,659577.64,8,6,94.294
NS65NW_1177,1,6_7,5.70234148672,-9999.0,-9999.0,-9999.0,94.2060012817,127.111628833095,46.1151293165222,263772.29,659577.75,12,8,94.206
NS65NW_1179,1,6_7,5.52600157036,-9999.0,-9999.0,-9999.0,93.6429977417,110.724321320412,42.9495786584194,263848.36,659578.28,20,12,93.643
NS65NW_1217,1,6_7,6.1516736219,-9999.0,-9999.0,-9999.0,93.0820007324,128.547044998746,46.2970041242486,263791.99,659563.87,12,8,93.082
NS65NW_1218,1,6_7,5.76215805546,-9999.0,-9999.0,-9999.0,93.2099990845,108.086971438084,41.7036168753805,263844.3,659562.67,12,8,93.21
NS65NW_1234,1,6_7,6.14586378843,-9999.0,-9999.0,-9999.0,92.9459991455,104.716769100195,43.0220752665807,263805.85,659553.94,28,16,92.946
NS65NW_1240,1,6_7,6.25686490206,-9999.0,-9999.0,-9999.0,92.2170028687,127.435783614557,46.4134582978486,263823.79,659550.71,12,8,92.217
NS65NW_1260,1,6_7,6.37511081432,-9999.0,-9999.0,-9999.0,88.5419998169,130.702123796106,45.7907633832573,263965.23,659542.59,12,8,88.542
NS65NW_1263,1,6_7,6.52859811588,-9999.0,-9999.0,-9999.0,88.1839981079,128.619823736004,45.4271276101598,263991.07,659541.07,12,8,88.184
NS65NW_1265,1,6_7,6.46421272336,-9999.0,-9999.0,-9999.0,86.7799987793,169.542199410958,53.8427881150696,264011.6,659540.16,12,8,86.78
NS65NW_128,1,6_7,7.60778953131,-9999.0,-9999.0,-9999.0,69.5810012817,322.732235572356,78.7675426969746,263971.6,659962.46,28,16,69.581
NS65NW_1280,1,6_7,5.93867996094,-9999.0,-9999.0,-9999.0,90.5270004272,284.013069400781,86.8020693416629,263785.34,659533.23,28,16,90.527
NS65NW_1304,1,6_7,5.81945092555,-9999.0,-9999.0,-9999.0,89.8310012817,255.789741507109,78.5923941931635,263816.37,659523.54,28,16,89.831
NS65NW_1309,1,6_7,6.24099969007,-9999.0,-9999.0,-9999.0,85.25,174.144347722023,57.1849638482957,264070.87,659526.59,28,16,85.25
NS65NW_1314,1,6_7,6.00578481374,-9999.0,-9999.0,-9999.0,88.5569992065,68.63782365217,33.6523562998939,263963.0,659517.28,12,8,88.557
NS65NW_1341,1,6_7,6.46277113928,-9999.0,-9999.0,-9999.0,86.5960006714,140.179344330868,47.375928041758,264039.95,659509.16,12,8,86.596
NS65NW_1346,1,6_7,6.38549819182,-9999.0,-9999.0,-9999.0,85.8850021362,154.38752661611,52.1576009227031,264054.2,659508.45,20,12,85.885
NS65NW_135,1,6_7,7.34773968499,-9999.0,-9999.0,-9999.0,69.7649993896,244.497000095656,65.1540868041873,263997.68,659961.07,20,12,69.765
NS65NW_1350,1,6_7,5.77699829437,-9999.0,-9999.0,-9999.0,87.8830032349,584.714339481886,157.967350494318,263903.06,659509.48,52,28,87.883
NS65NW_137,1,6_7,8.07189788469,-9999.0,-9999.0,-9999.0,68.9250030518,229.5886147661,61.4207737738515,263873.44,659960.13,20,12,68.925
NS65NW_1370,1,6_7,3.84026988611,-9999.0,-9999.0,-9999.0,87.5500030518,143.011100322396,50.4050550365469,263960.84,659502.61,20,12,87.55
NS65NW_1377,1,6_7,5.50473979789,-9999.0,-9999.0,-9999.0,81.8170013428,1214.87632895867,348.079660996043,264160.14,659535.72,212,108,81.817
NS65NW_1381,1,6_7,2.40681536717,-9999.0,-9999.0,-9999.0,87.6744995117,78.7541249940731,45.555513433388,263977.86,659500.2,20,12,87.674
NS65NW_139,1,6_7,5.96076603118,-9999.0,-9999.0,-9999.0,68.7419967651,580.845141283699,152.505561808023,263908.11,659960.24,100,52,68.742
NS65NW_1391,1,6_7,5.96294030961,-9999.0,-9999.0,-9999.0,88.6669998169,186.016436106428,59.2056733021682,263758.62,659500.69,12,8,88.667
NS65NW_140,1,6_7,7.1312699575,-9999.0,-9999.0,-9999.0,69.1890029907,251.019232701478,71.2522069097031,263940.01,659960.48,36,20,69.189
NS65NW_1402,1,6_7,3.81169978404,-9999.0,-9999.0,-9999.0,84.1350021362,115.172684152831,43.8897391115995,264117.88,659491.63,12,8,84.135
NS65NW_1411,1,6_7,5.84477144432,-9999.0,-9999.0,-9999.0,86.3639984131,193.550597145068,59.2820866078661,264023.19,659490.13,20,12,86.364
NS65NW_1417,1,6_7,6.07193208324,-9999.0,-9999.0,-9999.0,87.3499984741,350.805947269283,96.7905093950127,263849.6,659485.31,12,8,87.35
NS65NW_1431,1,6_7,4.62508520573,-9999.0,-9999.0,-9999.0,84.1856613159,122.706688680542,61.0196361110723,264317.07,659480.91,28,16,84.186
NS65NW_1436,1,6_7,6.10353511783,-9999.0,-9999.0,-9999.0,87.3850021362,537.05667785032,136.183739914287,263901.17,659481.11,12,8,87.385
NS65NW_1439,1,6_7,6.17012894685,-9999.0,-9999.0,-9999.0,88.0059967041,169.893635542733,53.4557285431481,263782.07,659479.31,12,8,88.006
NS65NW_1448,1,6_7,6.16200915196,-9999.0,-9999.0,-9999.0,87.3570022583,166.666194107088,53.4006307304102,263810.46,659477.12,20,12,87.357
NS65NW_1453,1,6_7,6.82720832318,-9999.0,-9999.0,-9999.0,83.5559997559,178.744851441219,56.4375707187743,264110.74,659476.28,20,12,83.556
NS65NW_1457,1,6_7,5.51237202126,-9999.0,-9999.0,-9999.0,84.8700027466,114.779347497104,45.4479941128022,264306.34,659474.36,28,16,84.87
NS65NW_1462,1,6_7,4.47895319775,-9999.0,-9999.0,-9999.0,85.1460037231,153.951391464355,64.0719015005565,264347.37,659474.14,36,20,85.146
NS65NW_1470,1,6_7,6.74806169848,-9999.0,-9999.0,-9999.0,84.2239990234,175.893060268613,55.2727993289911,264087.82,659473.66,12,8,84.224
NS65NW_1471,1,6_7,5.11039372312,-9999.0,-9999.0,-9999.0,86.7890014648,346.678219161547,120.05121911654,263963.09,659477.27,52,28,86.789
NS65NW_1473,1,6_7,6.15158255134,-9999.0,-9999.0,-9999.0,85.9720001221,186.179786546121,60.4769158289606,264021.74,659471.25,28,16,85.972
NS65NW_1482,1,6_7,2.32165938817,-9999.0,-9999.0,-9999.0,86.8639984131,26.3639287508092,25.3860436973369,263973.77,659461.99,8,6,86.864
NS65NW_1489,1,6_7,4.82314326885,-9999.0,-9999.0,-9999.0,85.6009979248,179.243488339361,75.3564008885053,264368.06,659470.98,44,24,85.601
NS65NW_1511,1,6_7,6.11932256666,-9999.0,-9999.0,-9999.0,88.0390014648,173.397842692842,54.1791237257972,263780.42,659461.48,20,12,88.039
NS65NW_1515,1,6_7,6.12869376083,-9999.0,-9999.0,-9999.0,85.6740036011,123.733686527612,44.6763456304692,264347.42,659459.46,12,8,85.674
NS65NW_1520,1,6_7,6.1592302966,-9999.0,-9999.0,-9999.0,86.9649963379,169.436893551737,53.4329212927634,263809.12,659459.04,12,8,86.965
NS65NW_1522,1,6_7,6.07204688049,-9999.0,-9999.0,-9999.0,86.0579986572,73.5589918871356,34.5091083936117,264304.35,659454.64,12,8,86.058
NS65NW_153,1,6_7,5.62663830548,-9999.0,-9999.0,-9999.0,70.2423324585,350.449728951326,90.3944104940913,264039.3,659958.08,52,28,70.242
NS65NW_1540,1,6_7,5.29476823155,-9999.0,-9999.0,-9999.0,85.3679962158,150.324176151585,59.3605710879764,264011.22,659449.12,40,22,85.368
NS65NW_1544,1,6_7,3.76157972404,-9999.0,-9999.0,-9999.0,85.43800354,158.058747091645,56.8905713843741,263956.93,659450.0,32,18,85.438
NS65NW_1553,1,6_7,2.50068020511,-9999.0,-9999.0,-9999.0,88.0889968872,39.12356624975,25.0844352081214,264371.51,659445.07,12,8,88.089
NS65NW_1555,1,6_7,5.30238718438,-9999.0,-9999.0,-9999.0,86.9850006104,145.917093188388,53.6715507122375,264359.01,659448.42,36,20,86.985
NS65NW_1562,1,6_7,6.22517460618,-9999.0,-9999.0,-9999.0,85.3160018921,135.486328938056,49.1127404378519,263994.21,659444.33,20,12,85.316
NS65NW_1563,1,6_7,6.40838792589,-9999.0,-9999.0,-9999.0,86.7409973145,107.067946099894,41.4181379916666,264319.53,659443.87,12,8,86.741
NS65NW_1578,1,6_7,6.15800149602,-9999.0,-9999.0,-9999.0,86.9589996338,170.142173092548,53.5981587693961,263807.68,659441.06,12,8,86.959
NS65NW_1589,1,6_7,6.13732250646,-9999.0,-9999.0,-9999.0,87.0250015259,164.600684745621,52.4276674449605,263774.03,659434.82,12,8,87.025
NS65NW_1592,1,6_7,6.65346531451,-9999.0,-9999.0,-9999.0,85.2529983521,135.107405247813,46.5211216598751,263973.68,659435.17,12,8,85.253
NS65NW_16,1,6_7,7.61719421792,-9999.0,-9999.0,-9999.0,67.992401123,178.50512730773,57.2688690611553,264093.47,659995.88,28,16,67.992
NS65NW_1605,1,6_7,5.71891367914,-9999.0,-9999.0,-9999.0,87.4970016479,144.750334765903,51.7399260653418,264331.29,659432.37,20,12,87.497
NS65NW_1609,1,6_7,6.0835655664,-9999.0,-9999.0,-9999.0,84.8799972534,166.936598173363,52.9617416580934,263896.44,659429.87,12,8,84.88
NS65NW_1614,1,6_7,6.2721426487,-9999.0,-9999.0,-9999.0,84.7870025635,165.179075566839,53.4661210788388,263915.78,659428.2,20,12,84.787
NS65NW_1630,1,6_7,6.61836974717,-9999.0,-9999.0,-9999.0,85.9390029907,168.214780415626,53.3346311225242,263806.17,659422.86,12,8,85.939
NS65NW_1638,1,6_7,6.34428069137,-9999.0,-9999.0,-9999.0,85.4779968262,169.356181425345,53.3358997404732,263832.79,659417.98,12,8,85.478
NS65NW_1639,1,6_7,2.29460174561,-9999.0,-9999.0,-9999.0,88.8323745728,35.0858990081216,28.6752044992325,264321.78,659416.43,8,6,88.832
NS65NW_1641,1,6_7,6.35572479637,-9999.0,-9999.0,-9999.0,89.266998291,119.582488574201,44.0045949832327,264339.5,659418.99,12,8,89.267
NS65NW_1648,1,6_7,6.21099986354,-9999.0,-9999.0,-9999.0,85.4700012207,168.401707095581,53.2900398721237,263851.98,659416.46,12,8,85.47
NS65NW_1649,1,6_7,6.40159776476,-9999.0,-9999.0,-9999.0,85.1139984131,168.423942061105,53.5610122646704,263879.27,659419.24,12,8,85.114
NS65NW_1650,1,6_7,2.62524727758,-9999.0,-9999.0,-9999.0,83.952003479,53.4136863846087,29.7351192764242,264157.84,659414.17,12,8,83.952
NS65NW_166,1,6_7,2.86372977121,-9999.0,-9999.0,-9999.0,70.5729980469,47.6750849950939,29.3172136765518,263957.46,659948.77,12,8,70.573
NS65NW_1664,1,6_7,2.13388784726,-9999.0,-9999.0,-9999.0,84.7030029297,27.913106252062,23.0906608223016,264188.8,659410.46,12,8,84.703
NS65NW_1674,1,6_7,4.28352747986,-9999.0,-9999.0,-9999.0,85.3799972534,149.978815189505,54.7333564687659,264241.46,659410.51,28,16,85.38
NS65NW_1677,1,6_7,2.50267355783,-9999.0,-9999.0,-9999.0,83.1610031128,29.0820187491481,22.0891893882143,264130.91,659404.91,12,8,83.161
NS65NW_1678,1,6_7,2.35484665476,-9999.0,-9999.0,-9999.0,89.2789993286,48.2230649978242,27.7966919631594,264326.67,659406.11,12,8,89.279
NS65NW_168,1,6_7,2.96385697396,-9999.0,-9999.0,-9999.0,65.4800033569,66.1505580570235,34.7342722589563,264287.18,659947.24,20,12,65.48
NS65NW_1690,1,6_7,5.88718603744,-9999.0,-9999.0,-9999.0,85.4729995728,74.6298208796845,34.7756743743162,264229.89,659403.64,12,8,85.473
NS65NW_1697,1,6_7,5.60455785917,-9999.0,-9999.0,-9999.0,85.5009994507,80.7485623230744,36.136004988579,264219.13,659402.21,12,8,85.501
NS65NW_1710,1,6_7,5.13914309106,-9999.0,-9999.0,-9999.0,85.43800354,91.7447062442635,39.6296633238895,264210.0,659399.66,16,10,85.438
NS65NW_1714,1,6_7,5.02080165712,-9999.0,-9999.0,-9999.0,84.9619979858,160.855707422771,53.3760811751942,264182.15,659398.69,28,16,84.962
NS65NW_1715,1,6_7,6.10706543365,-9999.0,-9999.0,-9999.0,85.2590026855,102.168810076108,40.4974143416797,264197.37,659396.21,12,8,85.259
NS65NW_1716,1,6_7,4.05953562524,-9999.0,-9999.0,-9999.0,84.3980026245,176.715999184169,53.5053147281755,264152.29,659397.54,12,8,84.398
NS65NW_1721,1,6_7,3.75845073446,-9999.0,-9999.0,-9999.0,84.7829971313,191.793041565822,56.0982776650137,264168.12,659397.9,12,8,84.783
NS65NW_1725,1,6_7,2.86336109736,-9999.0,-9999.0,-9999.0,86.7819976807,22.7591212490492,22.4544034132481,264249.53,659389.42,8,6,86.782
NS65NW_1727,1,6_7,5.84170952518,-9999.0,-9999.0,-9999.0,84.2409973145,116.372172098085,46.5540727192216,264137.63,659394.16,20,12,84.241
NS65NW_1751,1,6_7,5.57848360126,-9999.0,-9999.0,-9999.0,84.2379989624,99.9242860036556,43.8191835089851,264125.48,659388.04,20,12,84.238
NS65NW_1759,1,6_7,5.9977650706,-9999.0,-9999.0,-9999.0,84.077003479,74.9745289767508,34.8292252359537,264115.82,659384.32,12,8,84.077
NS65NW_1760,1,6_7,6.05685459411,-9999.0,-9999.0,-9999.0,86.6569976807,244.199083165305,66.0844459522243,264265.46,659390.5,20,12,86.657
NS65NW_1773,1,6_7,4.59573600087,-9999.0,-9999.0,-9999.0,90.9960021973,308.967364173042,111.821030310754,264372.32,659386.33,52,28,90.996
NS65NW_1789,1,6_7,5.48630750414,-9999.0,-9999.0,-9999.0,81.4150009155,183.682765770642,57.0599866013571,263990.57,659376.71,28,16,81.415
NS65NW_1794,1,6_7,6.1227401612,-9999.0,-9999.0,-9999.0,87.7050018311,197.385781427246,58.0939273505814,264279.71,659375.07,20,12,87.705
NS65NW_19,1,6_7,2.9678603296,-9999.0,-9999.0,-9999.0,65.3489990234,61.5705489627682,31.4521714315924,264186.47,659990.64,12,8,65.349
NS65NW_194,1,6_7,5.51773954135,-9999.0,-9999.0,-9999.0,70.3349990845,711.809516091296,171.929551547422,264080.1,659949.18,112,58,70.335
NS65NW_211,1,6_7,1.97563322929,-9999.0,-9999.0,-9999.0,71.4356079102,38.5227600004268,25.8067742261188,264138.66,659932.42,12,8,71.436
NS65NW_226,1,6_7,5.73085267183,-9999.0,-9999.0,-9999.0,70.7070007324,347.804857488348,100.667400638894,264119.36,659935.35,76,40,70.707
NS65NW_228,1,6_7,7.23088983535,-9999.0,-9999.0,-9999.0,66.8740005493,1144.93286379466,292.335785121197,264228.58,659944.69,164,84,66.874
NS65NW_249,1,6_7,4.43159319879,-9999.0,-9999.0,-9999.0,69.8339996338,426.997195837933,86.8977150703225,263802.62,659931.16,40,22,69.834
NS65NW_250,1,6_7,2.61591422951,-9999.0,-9999.0,-9999.0,72.7699966431,27.2827012467085,24.351366676161,263994.66,659920.84,8,6,72.77
NS65NW_251,1,6_7,6.29680839545,-9999.0,-9999.0,-9999.0,65.4609985352,295.951936235989,80.6015000032366,264297.87,659928.01,44,24,65.461
NS65NW_261,1,6_7,2.27351802104,-9999.0,-9999.0,-9999.0,72.7699966431,22.4862937481416,21.8179199679656,263983.49,659918.21,8,6,72.77
NS65NW_276,1,6_7,5.66922262441,-9999.0,-9999.0,-9999.0,74.4879989624,22.765817449026,37.3065594307101,264038.44,659914.91,24,16,74.488
NS65NW_277,1,6_7,3.23011037748,-9999.0,-9999.0,-9999.0,74.4039993286,41.2313475044271,30.4443561406183,264077.99,659916.04,16,10,74.404
NS65NW_281,1,6_7,6.38395761274,-9999.0,-9999.0,-9999.0,71.6230010986,308.849779543589,83.0510619181224,264153.25,659922.18,36,20,71.623
NS65NW_285,1,6_7,6.42112127474,-9999.0,-9999.0,-9999.0,71.2590026855,198.135603311164,61.9484785807272,263752.01,659916.44,20,12,71.259
NS65NW_299,1,6_7,2.49332621257,-9999.0,-9999.0,-9999.0,72.033996582,23.9413087468303,22.7848943649189,263913.69,659909.59,8,6,72.034
NS65NW_304,1,6_7,5.27095249721,-9999.0,-9999.0,-9999.0,71.3837356567,197.122158394727,56.9057665681977,263775.06,659912.06,12,8,71.384
NS65NW_309,1,6_7,2.93047267369,-9999.0,-9999.0,-9999.0,74.6679992676,67.92473213218,32.9744883750304,264030.22,659908.37,12,8,74.668
NS65NW_311,1,6_7,3.35111313526,-9999.0,-9999.0,-9999.0,73.6060028076,91.7521559434899,46.2673443194524,264008.56,659910.54,20,12,73.606
NS65NW_324,1,6_7,6.30134108376,-9999.0,-9999.0,-9999.0,71.4440002441,91.5762290188699,40.7350225993729,263818.81,659906.89,20,12,71.444
NS65NW_329,1,6_7,6.28156487059,-9999.0,-9999.0,-9999.0,71.6230010986,139.616685447094,51.2551535486125,263833.64,659906.01,20,12,71.623
NS65NW_336,1,6_7,5.7786880874,-9999.0,-9999.0,-9999.0,71.6019973755,440.888138232357,154.719228596517,263862.72,659908.59,84,44,71.602
NS65NW_337,1,6_7,5.34917111909,-9999.0,-9999.0,-9999.0,63.8520011902,364.162334978452,79.4606969090814,264347.53,659909.47,28,16,63.852
NS65NW_341,1,6_7,6.29279909961,-9999.0,-9999.0,-9999.0,72.8079986572,448.517167648318,100.43814359174,264181.25,659909.34,44,24,72.808
NS65NW_344,1,6_7,5.40401724201,-9999.0,-9999.0,-9999.0,72.0579986572,187.000148313494,68.6618888256381,263889.63,659904.91,28,16,72.058
NS65NW_351,1,6_7,7.10432571207,-9999.0,-9999.0,-9999.0,72.7730026245,133.11223509082,46.7901687285718,263906.32,659898.79,12,8,72.773
NS65NW_366,1,6_7,7.24194618307,-9999.0,-9999.0,-9999.0,72.5120010376,218.386955205768,75.3065699544114,263930.74,659897.02,36,20,72.512
NS65NW_373,1,6_7,7.47689813452,-9999.0,-9999.0,-9999.0,73.6800003052,204.461866613113,59.8519415859792,263970.75,659896.08,20,12,73.68
NS65NW_387,1,6_7,5.23775844058,-9999.0,-9999.0,-9999.0,73.9100036621,272.204852126551,80.9667226223275,263995.35,659895.62,28,16,73.91
NS65NW_389,1,6_7,5.28670647804,-9999.0,-9999.0,-9999.0,74.7340011597,264.104430762198,78.4319782650416,264019.89,659893.69,28,16,74.734
NS65NW_393,1,6_7,3.40760624303,-9999.0,-9999.0,-9999.0,73.3339996338,60.3738711139079,35.7507227270856,263776.27,659885.25,12,8,73.334
NS65NW_396,1,6_7,4.5002216292,-9999.0,-9999.0,-9999.0,76.185005188,259.81169800892,77.3885805579862,264043.38,659889.97,44,24,76.185
NS65NW_401,1,6_7,4.21363552327,-9999.0,-9999.0,-9999.0,76.2119979858,268.136370940936,95.6642601186432,264066.75,659891.95,44,24,76.212
NS65NW_402,1,6_7,6.73523760279,-9999.0,-9999.0,-9999.0,76.5920028687,230.318743403837,66.2249708393386,264094.63,659886.38,28,16,76.592
NS65NW_403,1,6_7,6.64786669287,-9999.0,-9999.0,-9999.0,67.7180023193,208.225902619039,64.9764105207691,264340.23,659888.57,44,24,67.718
NS65NW_413,1,6_7,6.39723001051,-9999.0,-9999.0,-9999.0,76.797996521,540.962280162695,142.745319044643,264128.48,659883.53,92,48,76.798
NS65NW_416,1,6_7,5.42910623911,-9999.0,-9999.0,-9999.0,73.0459976196,414.369129943458,114.154639303102,264210.67,659892.02,52,28,73.046
NS65NW_427,1,6_7,2.35857391357,-9999.0,-9999.0,-9999.0,73.6849975586,50.8473000039281,28.7846552115421,264241.41,659876.06,12,8,73.685
NS65NW_431,1,6_7,6.35619199161,-9999.0,-9999.0,-9999.0,71.5709991455,349.239395467694,102.453788787022,264258.5,659882.02,56,30,71.571
NS65NW_432,1,6_7,6.87507687593,-9999.0,-9999.0,-9999.0,70.4619979858,215.585257243849,64.4484358486548,264285.07,659878.41,28,16,70.462
NS65NW_442,1,6_7,6.83779377908,-9999.0,-9999.0,-9999.0,76.6770019531,300.691511644749,81.2566868764563,264167.48,659875.42,44,24,76.677
NS65NW_443,1,6_7,7.0123950346,-9999.0,-9999.0,-9999.0,65.9079971313,209.962622933152,65.0592240269229,264369.53,659874.94,44,24,65.908
NS65NW_456,1,6_7,5.53905727421,-9999.0,-9999.0,-9999.0,74.5019989014,319.222008939802,86.7629320395236,263776.29,659871.41,44,24,74.502
NS65NW_458,1,6_7,5.18630621899,-9999.0,-9999.0,-9999.0,75.0950012207,158.158056092277,51.8385560888932,263804.22,659868.72,20,12,75.095
NS65NW_46,1,6_7,6.26304685755,-9999.0,-9999.0,-9999.0,67.2009963989,355.657278749867,93.1822702816918,264114.52,659989.46,60,32,67.201
NS65NW_466,1,6_7,2.48766168213,-9999.0,-9999.0,-9999.0,71.7379989624,32.0277224990455,23.5812066578847,264290.0,659863.09,12,8,71.738
NS65NW_468,1,6_7,6.13553675334,-9999.0,-9999.0,-9999.0,75.4929962158,192.47632737371,59.6850653055993,263857.46,659864.56,28,16,75.493
NS65NW_469,1,6_7,6.85511215921,-9999.0,-9999.0,-9999.0,76.1911010742,365.443894326589,84.7352626528194,264199.63,659867.3,36,20,76.191
NS65NW_473,1,6_7,4.72120394687,-9999.0,-9999.0,-9999.0,75.7659988403,254.711259997753,75.3075299526714,263883.33,659863.36,36,20,75.766
NS65NW_478,1,6_7,5.46007238095,-9999.0,-9999.0,-9999.0,70.3020019531,339.196893351419,93.8586393394885,264308.2,659865.06,52,28,70.302
NS65NW_481,1,6_7,5.21462096144,-9999.0,-9999.0,-9999.0,74.5240020752,428.232417316827,121.507284498208,263829.54,659863.41,68,36,74.524
NS65NW_499,1,6_7,4.03572608714,-9999.0,-9999.0,-9999.0,76.966003418,231.153765079312,69.0224504692094,263912.63,659856.0,28,16,76.966
NS65NW_5,1,6_7,3.53912089955,-9999.0,-9999.0,-9999.0,57.6959991455,198.243657249235,57.9001489979699,264310.99,659998.79,24,14,57.696
NS65NW_505,1,6_7,4.2001501034,-9999.0,-9999.0,-9999.0,79.3180007935,241.329756973129,72.6816906216924,264008.73,659849.25,44,24,79.318
NS65NW_517,1,6_7,4.12016826737,-9999.0,-9999.0,-9999.0,78.4710006714,330.39985730275,102.896526054304,263981.56,659849.19,48,26,78.471
NS65NW_522,1,6_7,4.31390403465,-9999.0,-9999.0,-9999.0,81.202003479,277.585401352168,76.3621167929313,264090.28,659843.19,28,16,81.202
NS65NW_523,1,6_7,6.87454971299,-9999.0,-9999.0,-9999.0,75.4729995728,269.899351488192,73.4662067577743,264244.23,659844.74,44,24,75.473
NS65NW_531,1,6_7,4.67108890467,-9999.0,-9999.0,-9999.0,79.1600036621,188.698938396305,55.2129579485978,263959.82,659843.1,12,8,79.16
NS65NW_536,1,6_7,4.34652687411,-9999.0,-9999.0,-9999.0,79.4479980469,635.834110416747,184.720944055834,264049.63,659843.45,88,46,79.448
NS65NW_552,1,6_7,2.12206676219,-9999.0,-9999.0,-9999.0,80.5369720459,26.8348312550411,21.4051799708892,263884.89,659829.82,12,8,80.537
NS65NW_553,1,6_7,4.81999443473,-9999.0,-9999.0,-9999.0,68.3359985352,661.696401188873,182.701758634237,264357.01,659841.62,92,50,68.336
NS65NW_565,1,6_7,4.8465079173,-9999.0,-9999.0,-9999.0,81.3420028687,661.028485867796,178.38440442968,264128.91,659835.33,76,40,81.342
NS65NW_573,1,6_7,5.14117423153,-9999.0,-9999.0,-9999.0,81.4029998779,212.915685729326,67.9773699956161,264164.31,659828.28,28,16,81.403
NS65NW_575,1,6_7,6.41024185452,-9999.0,-9999.0,-9999.0,73.0179977417,260.853913513951,69.1243785707771,264295.57,659827.71,28,16,73.018
NS65NW_579,1,6_7,4.28600344109,-9999.0,-9999.0,-9999.0,79.7900009155,274.717775943009,84.4944307512651,263939.81,659829.22,52,28,79.79
NS65NW_588,1,6_7,6.71973756173,-9999.0,-9999.0,-9999.0,81.0039978027,176.576104990699,59.6603213900851,264178.96,659825.17,28,16,81.004
NS65NW_598,1,6_7,2.09152849553,-9999.0,-9999.0,-9999.0,69.3960037231,55.7157919541192,30.3861964627162,264373.85,659815.01,12,8,69.396
NS65NW_600,1,6_7,6.41574195311,-9999.0,-9999.0,-9999.0,80.4990005493,203.301084765784,59.7468238505405,264192.26,659820.17,20,12,80.499
NS65NW_605,1,6_7,6.22292922908,-9999.0,-9999.0,-9999.0,77.1090011597,363.967726660858,89.5919767495384,264236.32,659820.1,48,26,77.109
NS65NW_629,1,6_7,3.41280998817,-9999.0,-9999.0,-9999.0,83.9120025635,33.5736599960304,23.4479983150019,264126.49,659799.75,12,8,83.912
NS65NW_633,1,6_7,5.6769634149,-9999.0,-9999.0,-9999.0,81.858001709,217.663073267599,68.7682570512083,264182.87,659801.73,36,20,81.858
NS65NW_641,1,6_7,5.52057955912,-9999.0,-9999.0,-9999.0,74.6100006104,395.266602298954,134.79272264743,264283.44,659808.08,92,48,74.61
NS65NW_665,1,6_7,6.06831961542,-9999.0,-9999.0,-9999.0,84.7099990845,143.943378583606,51.6893231306871,264093.94,659787.43,28,16,84.71
NS65NW_667,1,6_7,5.18775792601,-9999.0,-9999.0,-9999.0,84.5260009766,289.728592000528,87.5578562514478,264113.35,659791.26,52,28,84.526
NS65NW_674,1,6_7,2.38930124779,-9999.0,-9999.0,-9999.0,72.1210021973,22.3758975056604,22.1843112646447,264356.83,659778.94,8,6,72.121
NS65NW_681,1,6_7,5.99738786134,-9999.0,-9999.0,-9999.0,71.7470016479,654.944619062416,170.743149218799,264329.0,659799.44,88,46,71.747
NS65NW_683,1,6_7,5.69407341656,-9999.0,-9999.0,-9999.0,82.1529998779,218.796644532082,68.9920798403637,264177.68,659783.28,36,20,82.153
NS65NW_689,1,6_7,3.30531725745,-9999.0,-9999.0,-9999.0,84.6090011597,64.782115189461,32.2093292590126,264085.89,659775.67,16,10,84.609
NS65NW_691,1,6_7,2.21842424493,-9999.0,-9999.0,-9999.0,79.2070007324,24.5550449989755,22.7359132512064,264242.84,659773.16,8,6,79.207
NS65NW_70,1,6_7,7.36517523414,-9999.0,-9999.0,-9999.0,66.93800354,264.203104204713,65.0169031598004,264137.75,659979.93,16,10,66.938
NS65NW_700,1,6_7,6.17375949651,-9999.0,-9999.0,-9999.0,79.0082473755,605.43989557786,161.938048440732,264224.44,659784.04,92,50,79.008
NS65NW_707,1,6_7,4.78720514901,-9999.0,-9999.0,-9999.0,75.1809997559,165.964928558054,55.9530639170831,264317.05,659769.42,28,16,75.181
NS65NW_715,1,6_7,5.35309429858,-9999.0,-9999.0,-9999.0,84.2870025635,213.366377763993,62.5768573096975,264140.9,659768.28,28,16,84.287
NS65NW_721,1,6_7,7.40213963137,-9999.0,-9999.0,-9999.0,73.3899993896,37.074937506464,24.8184009251126,264352.39,659760.37,12,8,73.39
NS65NW_724,1,6_7,6.04027208972,-9999.0,-9999.0,-9999.0,82.2900009155,167.258072103606,55.8094140513227,264175.0,659764.14,36,20,82.29
NS65NW_726,1,6_7,5.46040923662,-9999.0,-9999.0,-9999.0,84.81300354,211.320866637024,65.0091140607804,264093.73,659762.65,28,16,84.813
NS65NW_730,1,6_7,2.45390476741,-9999.0,-9999.0,-9999.0,79.2129974365,37.2626732450755,27.4946189012849,264236.93,659756.59,12,8,79.213
NS65NW_751,1,6_7,5.5744734907,-9999.0,-9999.0,-9999.0,76.766998291,594.721805175688,147.555084610464,264276.62,659766.53,76,40,76.767
NS65NW_754,1,6_7,2.72081323185,-9999.0,-9999.0,-9999.0,74.8629989624,57.5312737520617,34.73426122598,264341.29,659746.54,20,12,74.863
NS65NW_760,1,6_7,4.49755218583,-9999.0,-9999.0,-9999.0,72.7990036011,200.269863638132,66.960533243406,264373.83,659747.66,36,20,72.799
NS65NW_763,1,6_7,5.92939805208,-9999.0,-9999.0,-9999.0,84.8789978027,142.87064884936,51.6249673695822,264092.09,659746.77,28,16,84.879
NS65NW_765,1,6_7,5.46213086601,-9999.0,-9999.0,-9999.0,76.25,318.350153645792,93.6035847623311,264310.91,659750.68,52,28,76.25
NS65NW_766,1,6_7,6.32641540907,-9999.0,-9999.0,-9999.0,80.4499969482,269.052466293439,73.2210886462321,264210.32,659749.5,44,24,80.45
NS65NW_770,1,6_7,3.58698591497,-9999.0,-9999.0,-9999.0,82.9779968262,194.330851345963,122.544281670811,264151.45,659755.69,80,42,82.978
NS65NW_771,1,6_7,6.33801504842,-9999.0,-9999.0,-9999.0,83.0220031738,162.313369646934,53.2690188759483,264160.88,659745.88,20,12,83.022
NS65NW_777,1,6_7,3.34840648405,-9999.0,-9999.0,-9999.0,84.9749984741,66.7962067556568,32.7875708324392,264077.67,659738.81,12,8,84.975
NS65NW_799,1,6_7,2.15135427622,-9999.0,-9999.0,-9999.0,76.6679992676,25.7827050001217,21.2018229907852,264311.04,659727.71,12,8,76.668
NS65NW_803,1,6_7,6.17670912604,-9999.0,-9999.0,-9999.0,73.4703369141,232.367797028659,68.1399904800905,264369.45,659732.51,28,16,73.47
NS65NW_806,1,6_7,5.37039906444,-9999.0,-9999.0,-9999.0,84.2789993286,405.74547355889,125.854672928423,264126.3,659744.14,64,34,84.279
NS65NW_807,1,6_7,3.25164153796,-9999.0,-9999.0,-9999.0,83.8290023804,60.4059956798457,31.0916781779358,264135.89,659727.07,12,8,83.829
NS65NW_808,1,6_7,5.85560916969,-9999.0,-9999.0,-9999.0,77.8000030518,244.261391461289,69.0713191925389,264264.25,659733.45,36,20,77.8
NS65NW_810,1,6_7,5.97861407863,-9999.0,-9999.0,-9999.0,83.4300003052,149.213140831295,53.065792563301,264148.64,659728.35,28,16,83.43
NS65NW_817,1,6_7,5.79580775174,-9999.0,-9999.0,-9999.0,85.0970001221,182.579841442925,56.7341861938665,264087.2,659726.1,20,12,85.097
NS65NW_830,1,6_7,6.86473960321,-9999.0,-9999.0,-9999.0,76.8470001221,213.530537573498,61.8071768882835,264298.2,659722.04,28,16,76.847
NS65NW_839,1,6_7,2.14941740036,-9999.0,-9999.0,-9999.0,74.9980010986,29.7838574978215,25.1795940231876,264358.35,659713.31,8,6,74.998
NS65NW_846,1,6_7,6.57119620284,-9999.0,-9999.0,-9999.0,76.1460037231,236.977747651621,70.1546342144689,264315.98,659715.69,36,20,76.146
NS65NW_858,1,6_7,7.01910314856,-9999.0,-9999.0,-9999.0,80.625,317.866505748911,80.1718021490212,264195.93,659714.38,44,24,80.625
NS65NW_861,1,6_7,6.57050263744,-9999.0,-9999.0,-9999.0,75.5279998779,198.087591831638,63.7653612692638,264329.43,659710.96,36,20,75.528
NS65NW_863,1,6_7,5.62450627221,-9999.0,-9999.0,-9999.0,85.4489974976,186.935817415577,57.4524969063917,264083.89,659709.28,20,12,85.449
NS65NW_87,1,6_7,2.36237648065,-9999.0,-9999.0,-9999.0,67.7149963379,74.5500114958715,45.4894890273258,264153.62,659970.9,36,20,67.715
NS65NW_873,1,6_7,6.80229067999,-9999.0,-9999.0,-9999.0,79.283996582,250.732423134164,71.5345918185941,264225.24,659705.66,36,20,79.284
NS65NW_874,1,6_7,3.29993094167,-9999.0,-9999.0,-9999.0,85.6279983521,65.1655562782109,32.290197834315,264069.55,659700.82,12,8,85.628
NS65NW_875,1,6_7,2.99409765625,-9999.0,-9999.0,-9999.0,84.5599975586,63.7926697697287,31.9747880810022,264128.95,659699.83,12,8,84.56
NS65NW_876,1,6_7,6.34337358008,-9999.0,-9999.0,-9999.0,75.1949996948,215.958722594823,63.5110684660865,264345.64,659705.56,28,16,75.195
NS65NW_888,1,6_7,6.5546927014,-9999.0,-9999.0,-9999.0,74.8239974976,195.630409921222,58.6106581284367,264362.68,659698.49,28,16,74.824
NS65NW_904,1,6_7,4.8895633118,-9999.0,-9999.0,-9999.0,84.8550033569,229.880359629274,87.2802159776263,264115.27,659698.27,44,24,84.855
NS65NW_909,1,6_7,7.02870025713,-9999.0,-9999.0,-9999.0,77.8619995117,512.173908283554,120.802520129602,264249.16,659695.5,68,36,77.862
NS65NW_918,1,6_7,5.87677384519,-9999.0,-9999.0,-9999.0,85.3710021973,179.406948922437,57.6800044179465,264078.08,659688.09,28,16,85.371
NS65NW_925,1,6_7,7.64584469885,-9999.0,-9999.0,-9999.0,76.9079971313,209.469645997849,62.5098637129423,264283.12,659685.95,28,16,76.908
NS65NW_932,1,6_7,3.25733291497,-9999.0,-9999.0,-9999.0,85.4820022583,60.0933824980606,31.0544020354784,264065.31,659679.07,12,8,85.482
NS65NW_935,1,6_7,7.17161906536,-9999.0,-9999.0,-9999.0,81.96900177,341.854227454148,94.9659384463418,264186.35,659684.95,60,32,81.969
NS65NW_938,1,6_7,5.71466157258,-9999.0,-9999.0,-9999.0,85.1139984131,181.849795529721,56.6169315794062,264108.28,659681.23,20,12,85.114
NS65NW_939,1,6_7,7.4941924332,-9999.0,-9999.0,-9999.0,76.111000061,193.032638565801,58.6433176886684,264299.01,659681.04,36,20,76.111
NS65NW_94,1,6_7,2.05862797328,-9999.0,-9999.0,-9999.0,69.7990036011,20.8330087507026,21.8141249704683,263953.63,659964.71,8,6,69.799
NS65NW_960,1,6_7,5.88840344581,-9999.0,-9999.0,-9999.0,75.6370010376,260.104299567268,82.6390063101097,264311.93,659672.14,40,22,75.637
NS65NW_964,1,6_7,2.59047109712,-9999.0,-9999.0,-9999.0,78.18800354,32.2939200041189,23.07049832021,264271.29,659661.37,12,8,78.188
NS65NW_975,1,6_7,2.42957757444,-9999.0,-9999.0,-9999.0,81.6019973755,38.5230149969413,26.6819225921713,264210.15,659659.09,12,8,81.602
NS65NW_978,1,6_7,6.16285432713,-9999.0,-9999.0,-9999.0,74.8909988403,451.850068742029,126.597542904277,264335.84,659665.86,84,44,74.891
NS65NW_980,1,6_7,6.07678407046,-9999.0,-9999.0,-9999.0,79.783996582,261.470264698229,76.4870450176863,264237.26,659661.75,36,20,79.784
NS65NW_981,1,6_7,4.83921971212,-9999.0,-9999.0,-9999.0,74.8109970093,206.006211367209,65.7912221930885,264362.35,659658.6,36,20,74.811
NS65NW_4,1,6_8,7.90459149068,-9999.0,-9999.0,-9999.0,68.0081253052,249.015570084082,67.1345837865368,264064.59,660001.6,28,16,68.008
NS65NW_3322,1,7_5,5.62929849663,-9999.0,-9999.0,-9999.0,148.730606079,1289.52785981184,301.708766707459,264407.48,658353.11,52,28,148.731
NS65NW_3324,1,7_5,2.8704480446,-9999.0,-9999.0,-9999.0,157.455993652,160.689873275265,72.8586581076039,264506.18,658281.82,20,12,157.456
NS65NW_3325,1,7_5,5.08882560426,-9999.0,-9999.0,-9999.0,153.48500061,234.969086752586,70.9046680653886,264432.75,658285.26,28,16,153.485
NS65NW_3326,1,7_5,3.14357977398,-9999.0,-9999.0,-9999.0,156.908004761,293.363745068576,80.4376133174904,264476.22,658279.31,28,16,156.908
NS65NW_3328,1,7_5,3.30689687267,-9999.0,-9999.0,-9999.0,155.574005127,184.543795668679,61.9372563955355,264411.73,658265.1,36,20,155.574
NS65NW_3330,1,7_5,4.59677410228,-9999.0,-9999.0,-9999.0,155.513000488,240.553883870887,71.9379824312215,264387.3,658257.24,28,16,155.513
NS65NW_1785,1,7_6,5.49031548682,-9999.0,-9999.0,-9999.0,77.5510025024,156.268191654354,55.514271018503,264969.05,659374.64,28,16,77.551
NS65NW_1790,1,7_6,6.43083429701,-9999.0,-9999.0,-9999.0,78.7990036011,103.603337282494,40.7344288647453,264950.51,659374.91,12,8,78.799
NS65NW_1797,1,7_6,5.41263062472,-9999.0,-9999.0,-9999.0,93.3140029907,99.6353371899357,43.1143712857139,264510.64,659369.58,20,12,93.314
NS65NW_1798,1,7_6,5.5566834643,-9999.0,-9999.0,-9999.0,80.43800354,405.154584635538,143.17135493246,264703.21,659373.12,60,32,80.438
NS65NW_1805,1,7_6,5.08345771069,-9999.0,-9999.0,-9999.0,90.0923309326,159.651363752414,49.8145570691572,264568.25,659370.04,24,14,90.092
NS65NW_1813,1,7_6,2.21468210012,-9999.0,-9999.0,-9999.0,93.6999969482,61.1199637416774,35.7505817388683,264493.32,659363.02,20,12,93.7
NS65NW_1816,1,7_6,5.42799377441,-9999.0,-9999.0,-9999.0,79.9319992065,85.7356169747199,37.0468023170594,264876.38,659361.67,12,8,79.932
NS65NW_1820,1,7_6,6.21858053395,-9999.0,-9999.0,-9999.0,93.5510025024,116.351267917549,43.3833092836588,264476.74,659363.23,12,8,93.551
NS65NW_1821,1,7_6,5.5975569428,-9999.0,-9999.0,-9999.0,90.8769989014,125.22044411601,44.9126760088327,264555.04,659362.87,12,8,90.877
NS65NW_1824,1,7_6,2.17598770886,-9999.0,-9999.0,-9999.0,93.4940032959,63.9710362443516,32.2010595418571,264506.09,659358.97,12,8,93.494
NS65NW_1829,1,7_6,5.92275123804,-9999.0,-9999.0,-9999.0,91.608001709,284.445962192085,75.1773136030533,264385.3,659365.39,28,16,91.608
NS65NW_1830,1,7_6,5.68089878159,-9999.0,-9999.0,-9999.0,79.9489974976,75.8186148094237,35.0301743305297,264887.55,659358.41,12,8,79.949
NS65NW_1839,1,7_6,2.35368493887,-9999.0,-9999.0,-9999.0,91.4150009155,31.0857600003752,25.5021668929128,264548.11,659351.7,8,6,91.415
NS65NW_1845,1,7_6,4.6779184921,-9999.0,-9999.0,-9999.0,93.0049972534,142.096052595448,57.5684087640202,264517.5,659356.21,36,20,93.005
NS65NW_1855,1,7_6,5.97245735776,-9999.0,-9999.0,-9999.0,93.2340011597,74.1272308811927,34.6597404865331,264482.99,659350.91,12,8,93.234
NS65NW_1856,1,7_6,5.60202704386,-9999.0,-9999.0,-9999.0,79.9850006104,151.068279393623,55.1560554020626,264900.4,659353.24,28,16,79.985
NS65NW_1858,1,7_6,5.23522756632,-9999.0,-9999.0,-9999.0,92.6920013428,108.014187032855,43.6612528001953,264526.11,659351.12,12,8,92.692
NS65NW_1865,1,7_6,6.04569593267,-9999.0,-9999.0,-9999.0,79.8820037842,100.870317246288,40.5110979380524,264933.52,659347.99,12,8,79.882
NS65NW_1884,1,7_6,5.06378344581,-9999.0,-9999.0,-9999.0,80.1520004272,162.199516276726,69.3515031287768,264914.2,659346.67,28,16,80.152
NS65NW_1885,1,7_6,6.0172544493,-9999.0,-9999.0,-9999.0,78.5970001221,108.043710815955,45.259822173944,264966.64,659342.89,20,12,78.597
NS65NW_1886,1,7_6,6.32126861572,-9999.0,-9999.0,-9999.0,77.8799972534,119.674142702974,43.9914686521407,264981.93,659343.82,12,8,77.88
NS65NW_1889,1,7_6,4.72819187736,-9999.0,-9999.0,-9999.0,92.9449996948,172.565924808949,58.3741299373539,264452.24,659348.09,28,16,92.945
NS65NW_1891,1,7_6,5.54466411046,-9999.0,-9999.0,-9999.0,79.3659973145,129.232958512328,48.2300645048678,264949.29,659343.0,20,12,79.366
NS65NW_1892,1,7_6,5.3864498195,-9999.0,-9999.0,-9999.0,93.016998291,91.2671638482405,40.8314562484996,264489.17,659341.36,20,12,93.017
NS65NW_1893,1,7_6,2.31805683272,-9999.0,-9999.0,-9999.0,80.1839981079,50.0323200064826,28.3328588550763,264923.82,659339.36,12,8,80.184
NS65NW_1894,1,7_6,5.987072225,-9999.0,-9999.0,-9999.0,77.4820022583,82.2973116931908,36.6826053827222,264995.02,659341.22,12,8,77.482
NS65NW_1906,1,7_6,2.23024946101,-9999.0,-9999.0,-9999.0,80.1309967041,35.82751499679,24.0659688733372,264939.8,659335.54,12,8,80.131
NS65NW_1916,1,7_6,2.09181442261,-9999.0,-9999.0,-9999.0,79.3211669922,25.59437999648,20.6040943872099,264971.67,659331.07,12,8,79.321
NS65NW_1927,1,7_6,5.1449564323,-9999.0,-9999.0,-9999.0,92.7720031738,149.769966662627,55.446625437955,264434.04,659334.7,28,16,92.772
NS65NW_1929,1,7_6,6.15848423114,-9999.0,-9999.0,-9999.0,92.7200012207,98.9379694797734,39.8131971209945,264421.7,659331.22,12,8,92.72
NS65NW_1936,1,7_6,6.56393924097,-9999.0,-9999.0,-9999.0,81.3209991455,541.01694208019,187.694818149765,264690.32,659334.32,128,66,81.321
NS65NW_1948,1,7_6,5.12343753604,-9999.0,-9999.0,-9999.0,92.6470031738,68.963773663878,56.3900809181941,264452.16,659323.06,52,28,92.647
NS65NW_1949,1,7_6,6.13601456436,-9999.0,-9999.0,-9999.0,81.0080032349,105.625502014989,41.1750003429549,264840.09,659323.24,12,8,81.008
NS65NW_1951,1,7_6,5.39929007605,-9999.0,-9999.0,-9999.0,83.28099823,1446.19432952729,413.418457414015,264621.86,659346.83,264,134,83.281
NS65NW_1952,1,7_6,5.06397585563,-9999.0,-9999.0,-9999.0,80.3860015869,158.22916888829,55.4846933992076,264819.66,659324.86,20,12,80.386
NS65NW_1960,1,7_6,5.90904072353,-9999.0,-9999.0,-9999.0,81.4469985962,117.147352837722,43.329384341462,264854.04,659319.97,12,8,81.447
NS65NW_1984,1,7_6,5.2550200671,-9999.0,-9999.0,-9999.0,82.0039978027,136.440702429532,47.76595026379,264864.69,659313.0,16,10,82.004
NS65NW_1989,1,7_6,6.33905531642,-9999.0,-9999.0,-9999.0,84.7026443481,576.09574026821,172.01942898788,264639.51,659317.71,96,50,84.703
NS65NW_1990,1,7_6,5.52238484822,-9999.0,-9999.0,-9999.0,90.9950027466,538.497661383223,159.278645634291,264519.23,659316.9,100,54,90.995
NS65NW_1991,1,7_6,5.98371826088,-9999.0,-9999.0,-9999.0,82.6569976807,93.8212545001196,39.2914208043932,264876.32,659310.41,12,8,82.657
NS65NW_1997,1,7_6,5.6812847539,-9999.0,-9999.0,-9999.0,82.7789993286,428.769084903819,160.606252155839,264951.76,659313.04,84,44,82.779
NS65NW_2003,1,7_6,6.05904341679,-9999.0,-9999.0,-9999.0,83.1910018921,106.336719168437,41.2972012569308,264887.26,659305.71,12,8,83.191
NS65NW_2006,1,7_6,5.94186371565,-9999.0,-9999.0,-9999.0,83.1510009766,97.648943273678,39.9057272633753,264978.71,659303.83,12,8,83.151
NS65NW_2011,1,7_6,6.77502814304,-9999.0,-9999.0,-9999.0,88.047996521,90.974297871424,39.5457416917908,264610.96,659302.79,20,12,88.048
NS65NW_2012,1,7_6,6.12554170628,-9999.0,-9999.0,-9999.0,82.6529998779,103.386730236472,40.7143000214411,264990.76,659302.35,12,8,82.653
NS65NW_2019,1,7_6,5.06641559984,-9999.0,-9999.0,-9999.0,92.2480010986,226.196870747948,67.074416711432,264453.7,659302.8,44,24,92.248
NS65NW_2020,1,7_6,5.3501998773,-9999.0,-9999.0,-9999.0,91.5830001831,345.820454117936,92.6009018276201,264480.29,659304.3,52,28,91.583
NS65NW_2022,1,7_6,5.81245029275,-9999.0,-9999.0,-9999.0,83.5640029907,101.145636509234,40.4791376729549,264898.69,659301.17,12,8,83.564
NS65NW_2049,1,7_6,5.0524417019,-9999.0,-9999.0,-9999.0,83.8570022583,159.204902778584,52.812186233158,264910.14,659295.61,20,12,83.857
NS65NW_2064,1,7_6,5.8077831729,-9999.0,-9999.0,-9999.0,83.7919998169,220.218341492757,82.5222528269624,264928.14,659289.55,36,20,83.792
NS65NW_2072,1,7_6,6.10633305951,-9999.0,-9999.0,-9999.0,88.0989990234,868.571759069951,220.3753350709,264569.24,659288.35,108,56,88.099
NS65NW_2078,1,7_6,6.0012709071,-9999.0,-9999.0,-9999.0,83.6719970703,111.172067665249,42.18967605427,264945.32,659281.95,12,8,83.672
NS65NW_2090,1,7_6,5.90402971974,-9999.0,-9999.0,-9999.0,83.6630020142,94.6350631552993,39.3745297749235,264956.39,659277.47,12,8,83.663
NS65NW_2098,1,7_6,6.7995362932,-9999.0,-9999.0,-9999.0,91.9410018921,90.6884369957042,39.7313925768871,264480.75,659274.88,20,12,91.941
NS65NW_2104,1,7_6,6.28640110352,-9999.0,-9999.0,-9999.0,90.4940032959,372.108546586218,96.9507936814917,264514.28,659277.35,52,28,90.494
NS65NW_2107,1,7_6,5.85852304439,-9999.0,-9999.0,-9999.0,83.3949966431,98.549079393133,40.0491659676614,264967.15,659273.12,12,8,83.395
NS65NW_2118,1,7_6,5.94422122165,-9999.0,-9999.0,-9999.0,83.0830001831,114.887321930463,44.5263768654554,264979.18,659268.72,20,12,83.083
NS65NW_2129,1,7_6,6.47722213681,-9999.0,-9999.0,-9999.0,92.2040023804,130.507334299716,49.2476595402342,264483.27,659264.26,28,16,92.204
NS65NW_2156,1,7_6,5.86168897235,-9999.0,-9999.0,-9999.0,94.3789978027,233.097538470431,67.8578304101095,264385.52,659256.64,28,16,94.379
NS65NW_2157,1,7_6,6.06649350044,-9999.0,-9999.0,-9999.0,82.3700027466,100.710924953814,40.2041903102304,264997.36,659251.33,12,8,82.37
NS65NW_2168,1,7_6,5.25639209838,-9999.0,-9999.0,-9999.0,91.4140014648,162.813452509257,57.0451652775746,264496.55,659250.37,28,16,91.414
NS65NW_2194,1,7_6,6.26479129692,-9999.0,-9999.0,-9999.0,92.2519989014,571.789516753931,170.194509468574,264463.72,659237.35,92,48,92.252
NS65NW_2226,1,7_6,5.36478618447,-9999.0,-9999.0,-9999.0,94.3420028687,828.528363133169,278.754873528115,264375.23,659226.95,136,70,94.342
NS65NW_1042,1,7_7,6.39704241908,-9999.0,-9999.0,-9999.0,62.6119995117,132.603098399572,47.809623430088,264971.75,659638.27,12,8,62.612
NS65NW_1061,1,7_7,6.51669193978,-9999.0,-9999.0,-9999.0,62.3950004578,131.023863806766,47.4372921568761,264986.5,659625.45,12,8,62.395
NS65NW_1098,1,7_7,6.44143307836,-9999.0,-9999.0,-9999.0,62.0760002136,348.345297297878,100.936778525864,264932.55,659624.12,12,8,62.076
NS65NW_112,1,7_7,2.39178092995,-9999.0,-9999.0,-9999.0,64.0017776489,102.545808751916,54.8859115087711,264854.49,659964.67,36,20,64.002
NS65NW_114,1,7_7,2.59500960465,-9999.0,-9999.0,-9999.0,69.7759017944,26.2307137481302,28.6911505745966,264805.32,659961.79,8,6,69.776
NS65NW_1278,1,7_7,3.89507263426,-9999.0,-9999.0,-9999.0,72.8990020752,38.0585250007015,36.6918937527976,264643.75,659529.56,16,10,72.899
NS65NW_1281,1,7_7,2.42525306702,-9999.0,-9999.0,-9999.0,81.513999939,24.8311574978029,20.869278576989,264508.08,659529.26,12,8,81.514
NS65NW_1282,1,7_7,2.18928175706,-9999.0,-9999.0,-9999.0,80.5869979858,30.913844999574,26.3456758868559,264531.1,659530.24,8,6,80.587
NS65NW_129,1,7_7,6.52383530872,-9999.0,-9999.0,-9999.0,66.8930053711,289.310387031734,99.1030621306142,264822.75,659964.78,60,32,66.893
NS65NW_1295,1,7_7,6.09755488437,-9999.0,-9999.0,-9999.0,79.3690032959,75.6691136109599,35.0021359664206,264555.3,659525.4,12,8,79.369
NS65NW_1299,1,7_7,2.57829679708,-9999.0,-9999.0,-9999.0,82.5660018921,69.9530849947716,40.7784948092348,264493.62,659524.05,24,14,82.566
NS65NW_131,1,7_7,7.29267682482,-9999.0,-9999.0,-9999.0,70.1060028076,233.196849774143,65.3629771572198,264790.53,659961.86,36,20,70.106
NS65NW_1310,1,7_7,5.29350047358,-9999.0,-9999.0,-9999.0,80.1070022583,137.452590514299,51.2736478017329,264542.5,659524.27,28,16,80.107
NS65NW_1312,1,7_7,5.84213727933,-9999.0,-9999.0,-9999.0,81.0889968872,136.53924769747,47.9673802723762,264524.74,659521.98,20,12,81.089
NS65NW_1317,1,7_7,6.09820768259,-9999.0,-9999.0,-9999.0,82.1760025024,108.18231464884,41.9416134382498,264507.49,659517.51,12,8,82.176
NS65NW_1325,1,7_7,4.56379060159,-9999.0,-9999.0,-9999.0,76.1806640625,118.364162421474,49.8378678994903,264673.59,659516.38,28,16,76.181
NS65NW_1329,1,7_7,2.61031666592,-9999.0,-9999.0,-9999.0,78.1320037842,45.5308392419448,30.3804942713052,264631.17,659511.69,20,12,78.132
NS65NW_1332,1,7_7,5.3474796124,-9999.0,-9999.0,-9999.0,78.1549987793,162.243805990921,54.2087636044443,264615.14,659514.44,20,12,78.155
NS65NW_1342,1,7_7,5.09514445455,-9999.0,-9999.0,-9999.0,83.5299987793,140.145506330273,55.8543043138463,264490.78,659509.06,36,20,83.53
NS65NW_1349,1,7_7,2.25866059999,-9999.0,-9999.0,-9999.0,77.0490875244,40.0263449946075,25.8776637299627,264715.45,659505.19,12,8,77.049
NS65NW_1357,1,7_7,5.42116476667,-9999.0,-9999.0,-9999.0,76.1409988403,174.251499456176,84.1050220652763,264698.36,659509.0,52,28,76.141
NS65NW_1369,1,7_7,5.97667449526,-9999.0,-9999.0,-9999.0,85.2750015259,73.3078862130519,34.3965165524644,264397.03,659502.17,12,8,85.275
NS65NW_1378,1,7_7,5.65393593581,-9999.0,-9999.0,-9999.0,84.6520004272,135.842580251759,47.4650101689318,264480.46,659500.95,12,8,84.652
NS65NW_1382,1,7_7,2.51301618126,-9999.0,-9999.0,-9999.0,85.8830032349,32.7096675008028,23.5726235122107,264425.79,659496.11,12,8,85.883
NS65NW_1383,1,7_7,4.9003779795,-9999.0,-9999.0,-9999.0,76.6009979248,230.354179383402,93.2946776694138,264657.94,659506.89,60,32,76.601
NS65NW_1389,1,7_7,5.1298049515,-9999.0,-9999.0,-9999.0,78.9649963379,170.930511640611,74.3600032733929,264628.48,659498.45,44,24,78.965
NS65NW_1390,1,7_7,6.50117003342,-9999.0,-9999.0,-9999.0,70.5650024414,189.674903378173,56.3314548437082,264828.73,659498.36,12,8,70.565
NS65NW_1392,1,7_7,6.0153761412,-9999.0,-9999.0,-9999.0,77.3550033569,77.2761233361778,35.4281944350971,264706.38,659494.46,12,8,77.355
NS65NW_1395,1,7_7,5.55568312425,-9999.0,-9999.0,-9999.0,85.7229995728,85.4961498441531,39.3412018652479,264413.39,659492.67,20,12,85.723
NS65NW_1396,1,7_7,5.48773092519,-9999.0,-9999.0,-9999.0,85.2600021362,152.280731115699,51.3993374781222,264468.58,659494.47,20,12,85.26
NS65NW_1398,1,7_7,5.86473236084,-9999.0,-9999.0,-9999.0,64.2310028076,322.239294499278,79.9027266229989,264981.56,659498.96,12,8,64.231
NS65NW_1400,1,7_7,4.85833808323,-9999.0,-9999.0,-9999.0,85.3199996948,228.068046240384,80.3562975997312,264379.86,659494.08,44,24,85.32
NS65NW_1401,1,7_7,6.26691387513,-9999.0,-9999.0,-9999.0,70.2030029297,195.586201315347,57.1607555452491,264848.05,659492.08,12,8,70.203
NS65NW_1403,1,7_7,4.91547839281,-9999.0,-9999.0,-9999.0,81.2819976807,184.404372732199,58.2540660559453,264556.27,659492.44,28,16,81.282
NS65NW_1404,1,7_7,1.62432791262,-9999.0,-9999.0,-9999.0,78.4850921631,26.3445600003742,22.259444949965,264649.46,659486.92,12,8,78.485
NS65NW_1412,1,7_7,4.75583856002,-9999.0,-9999.0,-9999.0,79.9550018311,267.855853215865,88.9288314474064,264581.72,659494.27,60,32,79.955
NS65NW_1413,1,7_7,2.28681613237,-9999.0,-9999.0,-9999.0,78.4400024414,24.1651725011739,23.2493478710735,264726.21,659484.04,8,6,78.44
NS65NW_1414,1,7_7,6.17274131868,-9999.0,-9999.0,-9999.0,82.6490020752,105.053529475984,41.2916129533452,264538.09,659487.56,12,8,82.649
NS65NW_1415,1,7_7,2.3017901466,-9999.0,-9999.0,-9999.0,80.6910018921,27.2865112525243,21.6958587902207,264641.93,659483.85,12,8,80.691
NS65NW_1418,1,7_7,6.13353016455,-9999.0,-9999.0,-9999.0,86.2300033569,111.176398797712,46.2443142659552,264457.2,659485.57,28,16,86.23
NS65NW_1419,1,7_7,5.8981876503,-9999.0,-9999.0,-9999.0,80.6129989624,74.7305972126641,34.8294135433378,264596.11,659484.71,12,8,80.613
NS65NW_1420,1,7_7,5.68676228552,-9999.0,-9999.0,-9999.0,77.9280014038,124.409175267339,44.8073749376436,264663.5,659485.93,12,8,77.928
NS65NW_1423,1,7_7,6.39407113138,-9999.0,-9999.0,-9999.0,80.4000015259,119.589747738348,44.0918952573308,264630.87,659484.47,12,8,80.4
NS65NW_1428,1,7_7,5.14243535871,-9999.0,-9999.0,-9999.0,75.6200027466,295.156597176895,85.2642131611422,264778.07,659488.17,60,32,75.62
NS65NW_1433,1,7_7,5.42633064133,-9999.0,-9999.0,-9999.0,78.486000061,158.683273080043,54.4480786640413,264709.51,659482.95,20,12,78.486
NS65NW_1440,1,7_7,6.27338075638,-9999.0,-9999.0,-9999.0,80.8949966431,72.598730965241,34.2938506798291,264600.86,659476.65,12,8,80.895
NS65NW_1443,1,7_7,5.97165949786,-9999.0,-9999.0,-9999.0,83.8840026855,280.168169860992,81.8077131222062,264518.62,659478.52,44,24,83.884
NS65NW_1449,1,7_7,4.75533837094,-9999.0,-9999.0,-9999.0,86.7080001831,227.476777820286,69.6543901662509,264444.93,659476.96,36,20,86.708
NS65NW_145,1,7_7,12.3806755062,-9999.0,-9999.0,-9999.0,56.5800018311,515.65915568124,97.2544827827792,264561.15,659960.26,36,20,56.58
NS65NW_1450,1,7_7,5.74903957743,-9999.0,-9999.0,-9999.0,78.7620010376,93.1164228880795,42.1894482542773,264671.34,659474.28,20,12,78.762
NS65NW_1451,1,7_7,5.83930966287,-9999.0,-9999.0,-9999.0,77.2910003662,132.180111925191,49.5555689330904,264758.49,659476.8,20,12,77.291
NS65NW_1454,1,7_7,2.45668329511,-9999.0,-9999.0,-9999.0,84.4039993286,28.7411625005188,21.8103180896638,264552.08,659471.74,12,8,84.404
NS65NW_1464,1,7_7,2.19925371806,-9999.0,-9999.0,-9999.0,78.2590026855,36.4282987499571,27.6069044896839,264734.96,659470.01,8,6,78.259
NS65NW_1468,1,7_7,6.32923366854,-9999.0,-9999.0,-9999.0,81.3349990845,105.02110403173,41.0171123180548,264639.17,659472.13,12,8,81.335
NS65NW_1477,1,7_7,5.12549963708,-9999.0,-9999.0,-9999.0,67.1240005493,103.439268751848,47.1255744010047,264991.89,659466.94,32,18,67.124
NS65NW_1479,1,7_7,5.63604542125,-9999.0,-9999.0,-9999.0,83.3949966431,83.7396261427067,41.5782529960285,264581.77,659468.01,20,12,83.395
NS65NW_1483,1,7_7,6.10159016619,-9999.0,-9999.0,-9999.0,86.4240036011,74.9941310191836,34.8400942040253,264379.53,659465.76,12,8,86.424
NS65NW_1484,1,7_7,5.34982485744,-9999.0,-9999.0,-9999.0,85.2878570557,138.141280921006,47.4546770219697,264498.51,659467.81,12,8,85.288
NS65NW_1485,1,7_7,5.20225714217,-9999.0,-9999.0,-9999.0,79.2570037842,106.213140196074,42.4503497854606,264713.47,659466.27,20,12,79.257
NS65NW_1487,1,7_7,3.07946444974,-9999.0,-9999.0,-9999.0,87.5520019531,28.6958624966363,22.9479411139946,264444.23,659463.15,12,8,87.552
NS65NW_1490,1,7_7,5.47577257367,-9999.0,-9999.0,-9999.0,77.8629989624,125.811463939117,45.0699483845043,264745.97,659465.49,12,8,77.863
NS65NW_1495,1,7_7,5.55401874136,-9999.0,-9999.0,-9999.0,84.3369979858,120.465325263349,46.9151249797024,264567.72,659464.82,20,12,84.337
NS65NW_1496,1,7_7,4.91530230392,-9999.0,-9999.0,-9999.0,79.5179977417,110.726034572552,43.8943988895099,264677.81,659464.35,20,12,79.518
NS65NW_1498,1,7_7,5.9118514605,-9999.0,-9999.0,-9999.0,85.43699646,75.3253560356738,34.9142985055259,264552.78,659461.82,12,8,85.437
NS65NW_1500,1,7_7,5.2264590573,-9999.0,-9999.0,-9999.0,66.7900009155,102.387744880329,43.3875315294333,264951.97,659462.47,28,16,66.79
NS65NW_1503,1,7_7,12.9427338584,-9999.0,-9999.0,-9999.0,71.0350036621,331.817362809889,77.4069604703042,264890.11,659466.27,20,12,71.035
NS65NW_1506,1,7_7,6.41448164458,-9999.0,-9999.0,-9999.0,81.7149963379,105.046410566304,41.0398206388189,264646.73,659460.71,12,8,81.715
NS65NW_1509,1,7_7,2.13603619831,-9999.0,-9999.0,-9999.0,81.5810012817,23.4478574986412,23.7430710587764,264664.33,659457.79,8,6,81.581
NS65NW_1518,1,7_7,6.05021490232,-9999.0,-9999.0,-9999.0,87.1520004272,74.4872522931623,34.7205335485253,264384.7,659456.32,12,8,87.152
NS65NW_1521,1,7_7,3.30529711493,-9999.0,-9999.0,-9999.0,72.4810028076,112.81044136061,43.9398683346249,264871.64,659457.0,12,8,72.481
NS65NW_1531,1,7_7,5.38590034438,-9999.0,-9999.0,-9999.0,77.8779983521,163.218591785306,52.4391406059939,264801.39,659455.67,12,8,77.878
NS65NW_1532,1,7_7,5.47329439589,-9999.0,-9999.0,-9999.0,86.1819992065,368.690837732888,149.822310932716,264422.41,659467.0,76,40,86.182
NS65NW_1535,1,7_7,5.88985263447,-9999.0,-9999.0,-9999.0,88.236000061,76.3112738272817,35.073650113874,264468.01,659449.27,12,8,88.236
NS65NW_1536,1,7_7,5.72188480527,-9999.0,-9999.0,-9999.0,80.7959976196,84.7164211206453,39.5816744930629,264687.96,659450.37,20,12,80.796
NS65NW_1541,1,7_7,6.16525174777,-9999.0,-9999.0,-9999.0,83.4879989624,126.256786469519,45.5423033209832,264614.83,659449.2,12,8,83.488
NS65NW_1545,1,7_7,5.10982070846,-9999.0,-9999.0,-9999.0,88.3369979858,155.006880066085,54.9592450450512,264511.87,659450.09,28,16,88.337
NS65NW_1546,1,7_7,5.67514669786,-9999.0,-9999.0,-9999.0,86.1446685791,111.909048749167,42.9491433404142,264548.72,659448.97,24,14,86.145
NS65NW_1547,1,7_7,5.35722222941,-9999.0,-9999.0,-9999.0,78.5400009155,268.486242890842,82.5717593788809,264726.63,659452.46,44,24,78.54
NS65NW_1549,1,7_7,6.19876692752,-9999.0,-9999.0,-9999.0,78.3379974365,117.655507605974,43.6008023427692,264774.73,659448.52,12,8,78.338
NS65NW_1550,1,7_7,2.149730943,-9999.0,-9999.0,-9999.0,68.3759994507,43.8001312490154,31.8522330505419,264944.73,659445.94,16,10,68.376
NS65NW_1554,1,7_7,6.362441103,-9999.0,-9999.0,-9999.0,67.8700027466,120.505938010299,44.2158815977403,264956.77,659448.19,12,8,67.87
NS65NW_1557,1,7_7,5.89541241107,-9999.0,-9999.0,-9999.0,81.7050018311,143.399948022988,50.6030588198568,264661.59,659445.84,20,12,81.705
NS65NW_1559,1,7_7,5.27230873209,-9999.0,-9999.0,-9999.0,81.2890014648,99.7338176936002,41.4265071795735,264678.48,659445.96,12,8,81.289
NS65NW_1567,1,7_7,5.70181596136,-9999.0,-9999.0,-9999.0,88.6149978638,86.96975614009,40.2335297061811,264471.64,659440.96,20,12,88.615
NS65NW_1568,1,7_7,5.65873964371,-9999.0,-9999.0,-9999.0,84.0970001221,144.70978344045,52.2947985364052,264601.3,659442.25,20,12,84.097
NS65NW_1573,1,7_7,2.95280653636,-9999.0,-9999.0,-9999.0,89.2210006714,65.8222162525655,48.8588229167024,264447.42,659439.11,24,14,89.221
NS65NW_1579,1,7_7,12.8739974388,-9999.0,-9999.0,-9999.0,74.2689971924,327.816753087717,77.5699731777905,264854.88,659444.74,20,12,74.269
NS65NW_1580,1,7_7,6.03193182291,-9999.0,-9999.0,-9999.0,90.5130004883,77.878116217964,35.3846945603148,264434.45,659437.8,12,8,90.513
NS65NW_1581,1,7_7,6.14875730418,-9999.0,-9999.0,-9999.0,78.486000061,121.275299772456,44.3671982329495,264762.01,659438.91,12,8,78.486
NS65NW_1582,1,7_7,6.15913895898,-9999.0,-9999.0,-9999.0,68.6549987793,82.9497887460487,36.8401345619975,264967.16,659438.14,12,8,68.655
NS65NW_1593,1,7_7,2.56425885918,-9999.0,-9999.0,-9999.0,86.7399978638,66.6638212544078,39.1120035594723,264541.08,659434.72,16,10,86.74
NS65NW_1594,1,7_7,5.56152908357,-9999.0,-9999.0,-9999.0,86.391998291,121.401818163026,47.5688544659861,264553.13,659434.79,20,12,86.392
NS65NW_1595,1,7_7,5.50506129834,-9999.0,-9999.0,-9999.0,85.2796020508,114.383169171375,46.0297289269353,264588.75,659434.42,28,16,85.28
NS65NW_1598,1,7_7,4.66753116509,-9999.0,-9999.0,-9999.0,88.2969970703,226.394649700111,89.2428589736668,264521.97,659439.62,60,32,88.297
NS65NW_1600,1,7_7,5.37290794905,-9999.0,-9999.0,-9999.0,90.0039978027,90.7896110502723,40.4801124090891,264394.95,659430.75,20,12,90.004
NS65NW_1602,1,7_7,2.12094151696,-9999.0,-9999.0,-9999.0,89.6090011597,27.0140475036805,27.3043709263153,264464.39,659429.47,12,8,89.609
NS65NW_1606,1,7_7,5.72365551167,-9999.0,-9999.0,-9999.0,83.2699966431,114.224265006453,41.9373820654145,264629.33,659431.2,16,10,83.27
NS65NW_1612,1,7_7,5.47180828564,-9999.0,-9999.0,-9999.0,78.6050033569,98.8536405692648,43.5445546094081,264753.52,659429.14,20,12,78.605
NS65NW_1613,1,7_7,6.16482705162,-9999.0,-9999.0,-9999.0,69.6220016479,84.6260144284106,37.2174335403079,264973.01,659428.8,12,8,69.622
NS65NW_1615,1,7_7,6.55087773005,-9999.0,-9999.0,-9999.0,89.4929962158,100.36024373404,40.1098450158099,264476.91,659428.8,12,8,89.493
NS65NW_1618,1,7_7,2.43118220504,-9999.0,-9999.0,-9999.0,88.8170013428,50.7355836417102,30.5347528079119,264532.94,659424.63,20,12,88.817
NS65NW_1621,1,7_7,1.90653723639,-9999.0,-9999.0,-9999.0,87.2369995117,38.8381912481078,25.1845790866686,264550.5,659423.74,12,8,87.237
NS65NW_1628,1,7_7,5.57173789816,-9999.0,-9999.0,-9999.0,78.8529968262,96.1592680472514,43.568222807022,264741.6,659421.94,20,12,78.853
NS65NW_1631,1,7_7,6.1125907782,-9999.0,-9999.0,-9999.0,70.6549987793,83.6053111376913,37.02243282115,264981.94,659420.16,12,8,70.655
NS65NW_1633,1,7_7,2.43741972934,-9999.0,-9999.0,-9999.0,70.8099975586,67.5533924935433,33.0088051583213,264964.82,659419.09,16,10,70.81
NS65NW_1634,1,7_7,6.45807712672,-9999.0,-9999.0,-9999.0,90.5670013428,115.765431004288,43.2786179346125,264406.26,659420.25,12,8,90.567
NS65NW_1635,1,7_7,2.62134084162,-9999.0,-9999.0,-9999.0,91.7870025635,27.15334125585,21.6667874901715,264461.36,659416.12,12,8,91.787
NS65NW_1636,1,7_7,6.38090679824,-9999.0,-9999.0,-9999.0,87.0149993896,115.56624061925,43.2762257185085,264562.15,659420.53,12,8,87.015
NS65NW_1637,1,7_7,2.04438163865,-9999.0,-9999.0,-9999.0,90.4280014038,39.1691249951002,25.9889640858451,264469.28,659416.31,12,8,90.428
NS65NW_1640,1,7_7,2.11453172139,-9999.0,-9999.0,-9999.0,83.9335021973,32.4953999937625,26.6091443055868,264625.04,659415.34,12,8,83.933
NS65NW_1642,1,7_7,5.43693808189,-9999.0,-9999.0,-9999.0,90.1679992676,124.446729337061,47.4997835544039,264514.67,659417.95,20,12,90.168
NS65NW_1646,1,7_7,5.71646051747,-9999.0,-9999.0,-9999.0,83.25,116.367531038565,46.3482064036873,264639.3,659418.53,20,12,83.25
NS65NW_165,1,7_7,7.16811155981,-9999.0,-9999.0,-9999.0,51.4259986877,125.868404838161,46.5499848668053,264989.33,659952.15,12,8,51.426
NS65NW_1655,1,7_7,5.86925406704,-9999.0,-9999.0,-9999.0,91.31199646,232.938491410518,76.1419526143709,264445.54,659421.27,40,22,91.312
NS65NW_1656,1,7_7,5.29932555798,-9999.0,-9999.0,-9999.0,79.4420013428,112.857457439551,44.5365024335417,264733.45,659416.86,12,8,79.442
NS65NW_1662,1,7_7,5.98243496742,-9999.0,-9999.0,-9999.0,90.5149993896,103.082925624799,40.9956187295355,264481.91,659414.47,12,8,90.515
NS65NW_1665,1,7_7,5.43646276716,-9999.0,-9999.0,-9999.0,87.4209976196,121.705671624463,47.8861502624609,264601.6,659414.7,20,12,87.421
NS65NW_1668,1,7_7,5.29349866487,-9999.0,-9999.0,-9999.0,79.6790008545,106.299022279508,42.9556015445107,264722.73,659411.51,12,8,79.679
NS65NW_1670,1,7_7,5.97507132553,-9999.0,-9999.0,-9999.0,90.486000061,103.859495630394,41.1537801321844,264499.96,659410.2,12,8,90.486
NS65NW_1676,1,7_7,2.06566844516,-9999.0,-9999.0,-9999.0,90.4000015259,49.1424075036519,29.6488588194373,264511.31,659407.12,12,8,90.4
NS65NW_1679,1,7_7,4.67164036254,-9999.0,-9999.0,-9999.0,90.263999939,298.199148954142,115.988674267529,264379.74,659413.21,52,28,90.264
NS65NW_1680,1,7_7,5.07165093258,-9999.0,-9999.0,-9999.0,71.4240036011,168.529524923175,60.1389916436811,264990.3,659409.61,28,16,71.424
NS65NW_1683,1,7_7,5.37156448556,-9999.0,-9999.0,-9999.0,88.0210037231,101.169563058765,41.7926788532153,264564.35,659407.27,12,8,88.021
NS65NW_1684,1,7_7,6.02135917664,-9999.0,-9999.0,-9999.0,83.283996582,76.8383592801603,35.2496162827746,264647.27,659406.64,12,8,83.284
NS65NW_1685,1,7_7,5.62722966826,-9999.0,-9999.0,-9999.0,91.7600021362,151.563385163963,50.5746715182519,264416.72,659407.76,20,12,91.76
NS65NW_1691,1,7_7,5.64868090725,-9999.0,-9999.0,-9999.0,80.2350006104,351.569470151453,97.6159666125504,264701.07,659408.4,48,26,80.235
NS65NW_1692,1,7_7,2.3000601835,-9999.0,-9999.0,-9999.0,92.0790023804,37.1008162516876,34.3840842685957,264531.75,659402.74,16,10,92.079
NS65NW_1694,1,7_7,6.40458869454,-9999.0,-9999.0,-9999.0,92.7880020142,102.638379138716,40.5522895534902,264456.24,659403.36,12,8,92.788
NS65NW_1695,1,7_7,5.6693225713,-9999.0,-9999.0,-9999.0,81.4629974365,128.522758327929,46.8476233134928,264680.0,659403.85,20,12,81.463
NS65NW_1698,1,7_7,1.85011904005,-9999.0,-9999.0,-9999.0,80.8040008545,20.7261787505561,20.8061493282262,264707.22,659400.67,8,6,80.804
NS65NW_1703,1,7_7,11.3352529565,-9999.0,-9999.0,-9999.0,76.8669967651,379.367965072958,87.6861055406238,264812.15,659411.27,28,16,76.867
NS65NW_1708,1,7_7,5.17155699296,-9999.0,-9999.0,-9999.0,82.3450012207,98.2777540885267,41.2535338534147,264666.74,659400.82,12,8,82.345
NS65NW_1712,1,7_7,2.6154243328,-9999.0,-9999.0,-9999.0,77.983001709,28.9784962541333,22.2150875839174,264924.38,659395.46,12,8,77.983
NS65NW_1728,1,7_7,5.46887938121,-9999.0,-9999.0,-9999.0,91.1740036011,133.515384448596,50.2396101954336,264546.77,659394.19,28,16,91.174
NS65NW_1734,1,7_7,5.21355584952,-9999.0,-9999.0,-9999.0,78.4800033569,145.619407493405,62.648697350454,264898.85,659393.74,32,18,78.48
NS65NW_1735,1,7_7,6.24905066359,-9999.0,-9999.0,-9999.0,92.263999939,102.969393252659,40.914346168034,264529.21,659391.82,12,8,92.264
NS65NW_1737,1,7_7,4.52150118499,-9999.0,-9999.0,-9999.0,93.2796707153,192.21062451364,78.2861010147703,264469.01,659392.99,44,24,93.28
NS65NW_1745,1,7_7,2.63128157065,-9999.0,-9999.0,-9999.0,82.4420013428,21.6810000026737,21.2431013897874,264682.54,659384.17,8,6,82.442
NS65NW_1746,1,7_7,2.22050460609,-9999.0,-9999.0,-9999.0,75.8939971924,40.8319762478892,29.0735479512549,264975.91,659387.4,12,8,75.894
NS65NW_1748,1,7_7,4.78950657845,-9999.0,-9999.0,-9999.0,87.7869949341,289.089680146095,109.896415454171,264613.39,659394.85,68,36,87.787
NS65NW_1754,1,7_7,5.78614229905,-9999.0,-9999.0,-9999.0,78.81199646,117.211193210778,46.3779319251042,264911.4,659387.6,20,12,78.812
NS65NW_1761,1,7_7,6.2467140007,-9999.0,-9999.0,-9999.0,88.9039993286,104.476876166442,40.9112824751459,264591.25,659385.62,12,8,88.904
NS65NW_1763,1,7_7,3.88526246104,-9999.0,-9999.0,-9999.0,91.2310028076,194.132650273018,81.8554546396753,264515.04,659390.36,60,32,91.231
NS65NW_1768,1,7_7,5.6698418068,-9999.0,-9999.0,-9999.0,75.8389968872,146.264951872081,51.2394575203701,264987.89,659381.81,20,12,75.839
NS65NW_1771,1,7_7,6.05129029194,-9999.0,-9999.0,-9999.0,92.7080001831,287.202725878829,75.2688059949509,264428.52,659387.58,32,18,92.708
NS65NW_1778,1,7_7,6.33041341068,-9999.0,-9999.0,-9999.0,89.3499984741,101.272866661077,40.265262802969,264579.33,659378.85,12,8,89.35
NS65NW_1779,1,7_7,2.21098420114,-9999.0,-9999.0,-9999.0,86.7300033569,30.5533350015636,25.3161787454192,264645.15,659375.02,8,6,86.73
NS65NW_1780,1,7_7,4.69628398326,-9999.0,-9999.0,-9999.0,93.4970016479,187.533982409732,78.488665484141,264477.67,659378.49,44,24,93.497
NS65NW_1781,1,7_7,5.34268267904,-9999.0,-9999.0,-9999.0,78.8076553345,272.816055233448,112.711840067325,264933.09,659380.54,80,42,78.808
NS65NW_18,1,7_7,3.68184978546,-9999.0,-9999.0,-9999.0,59.2331581116,167.491776537479,67.8179896403628,264904.48,659995.27,56,30,59.233
NS65NW_187,1,7_7,6.65580368893,-9999.0,-9999.0,-9999.0,70.28099823,468.853007546505,110.800792976727,264771.66,659953.69,52,28,70.281
NS65NW_199,1,7_7,2.85410014965,-9999.0,-9999.0,-9999.0,65.5179977417,35.5612199963321,24.0134687684578,264816.78,659934.45,12,8,65.518
NS65NW_201,1,7_7,6.19742121985,-9999.0,-9999.0,-9999.0,53.0789985657,148.295941690282,54.2982028900801,264972.76,659938.5,44,24,53.079
NS65NW_214,1,7_7,9.53034891401,-9999.0,-9999.0,-9999.0,60.3510017395,388.09127106266,101.626718083991,264637.58,659944.13,20,12,60.351
NS65NW_255,1,7_7,2.42018094414,-9999.0,-9999.0,-9999.0,67.5569992065,62.1646155900826,33.312090219745,264793.98,659921.89,20,12,67.557
NS65NW_271,1,7_7,2.467813514,-9999.0,-9999.0,-9999.0,62.1118011475,47.5383299987619,27.9297282605744,264837.91,659917.09,12,8,62.112
NS65NW_272,1,7_7,6.61588803959,-9999.0,-9999.0,-9999.0,53.8429985046,124.538852351611,46.3850266210983,264961.06,659920.61,12,8,53.843
NS65NW_282,1,7_7,9.52219428869,-9999.0,-9999.0,-9999.0,67.7239990234,613.066350463328,146.484303165998,264736.0,659942.1,12,8,67.724
NS65NW_295,1,7_7,7.09124943306,-9999.0,-9999.0,-9999.0,56.111000061,566.539360842368,107.539731838562,264603.33,659917.73,32,18,56.111
NS65NW_305,1,7_7,9.53040924861,-9999.0,-9999.0,-9999.0,61.6489982605,196.369756067493,60.2766707713243,264660.85,659916.04,12,8,61.649
NS65NW_315,1,7_7,9.79769685059,-9999.0,-9999.0,-9999.0,64.7883300781,606.630313400826,146.484371768747,264700.92,659934.6,28,16,64.788
NS65NW_319,1,7_7,6.89196202414,-9999.0,-9999.0,-9999.0,51.7376670837,107.871221974063,42.2997781711409,264989.22,659909.1,12,8,51.738
NS65NW_333,1,7_7,5.08640771568,-9999.0,-9999.0,-9999.0,62.6409988403,140.818835986947,50.8829494842446,264831.69,659904.98,20,12,62.641
NS65NW_334,1,7_7,2.30999915114,-9999.0,-9999.0,-9999.0,65.9919967651,54.3001049994342,30.3544853349151,264808.87,659903.02,12,8,65.992
NS65NW_358,1,7_7,5.7116204448,-9999.0,-9999.0,-9999.0,60.5740013123,131.241813748588,52.2552590659237,264850.31,659899.76,32,18,60.574
NS65NW_359,1,7_7,6.66710068334,-9999.0,-9999.0,-9999.0,53.8129997253,126.035527544362,46.6838684729725,264953.97,659900.98,12,8,53.813
NS65NW_363,1,7_7,4.41344186783,-9999.0,-9999.0,-9999.0,57.4700012207,413.980467985483,137.13819571784,264879.66,659900.78,72,38,57.47
NS65NW_374,1,7_7,4.12702617259,-9999.0,-9999.0,-9999.0,64.6429977417,215.008767121295,63.5355100408,264818.21,659900.06,12,8,64.643
NS65NW_386,1,7_7,6.79782439307,-9999.0,-9999.0,-9999.0,52.1450004578,105.66187832177,41.8368579360014,264982.3,659893.54,12,8,52.145
NS65NW_405,1,7_7,4.23065794968,-9999.0,-9999.0,-9999.0,67.4010009766,295.13446750959,78.4403308425602,264797.24,659890.1,36,20,67.401
NS65NW_410,1,7_7,2.46222178141,-9999.0,-9999.0,-9999.0,55.0190010071,38.548638754919,25.6125056159941,264926.59,659880.15,12,8,55.019
NS65NW_419,1,7_7,6.64587371126,-9999.0,-9999.0,-9999.0,54.0190010071,127.508310440441,46.8684240495824,264946.26,659882.04,12,8,54.019
NS65NW_422,1,7_7,3.76651209197,-9999.0,-9999.0,-9999.0,60.8600006104,249.632976856452,71.0098692671014,264679.18,659883.31,40,22,60.86
NS65NW_43,1,7_7,4.10547061236,-9999.0,-9999.0,-9999.0,62.3400001526,329.441259365062,95.3610098354966,264869.94,659989.36,44,24,62.34
NS65NW_433,1,7_7,6.77880220413,-9999.0,-9999.0,-9999.0,52.4970016479,134.815923299644,51.5676097262148,264975.86,659877.18,28,16,52.497
NS65NW_434,1,7_7,5.94586823915,-9999.0,-9999.0,-9999.0,68.5319976807,256.835510663287,83.104391704005,264779.19,659878.95,44,24,68.532
NS65NW_462,1,7_7,6.17782448333,-9999.0,-9999.0,-9999.0,65.0510025024,263.209659184669,64.4514404848596,264389.52,659870.29,24,14,65.051
NS65NW_470,1,7_7,5.84552469916,-9999.0,-9999.0,-9999.0,61.3450012207,195.244089316071,58.975423955009,264687.84,659865.67,36,20,61.345
NS65NW_471,1,7_7,6.73837746314,-9999.0,-9999.0,-9999.0,54.5349998474,106.605589611124,42.0322028587697,264938.95,659864.25,12,8,54.535
NS65NW_474,1,7_7,5.69985770909,-9999.0,-9999.0,-9999.0,67.3450012207,184.51523989232,55.4390592300234,264764.69,659864.74,24,14,67.345
NS65NW_477,1,7_7,6.51423354637,-9999.0,-9999.0,-9999.0,50.9949989319,147.858087871725,54.3372140562568,264987.75,659861.01,28,16,50.995
NS65NW_495,1,7_7,4.23261981244,-9999.0,-9999.0,-9999.0,65.3160018921,260.423190369127,74.0359543642349,264746.49,659855.38,44,24,65.316
NS65NW_496,1,7_7,4.7553778236,-9999.0,-9999.0,-9999.0,62.7820014954,384.165323147344,98.3410518622115,264841.01,659855.21,44,24,62.782
NS65NW_497,1,7_7,4.64197662504,-9999.0,-9999.0,-9999.0,59.1739997864,419.082874673208,115.726683549216,264885.07,659865.13,52,28,59.174
NS65NW_503,1,7_7,5.25491089774,-9999.0,-9999.0,-9999.0,62.7060012817,129.193887567671,46.264566148722,264865.47,659849.51,12,8,62.706
NS65NW_504,1,7_7,5.6424885308,-9999.0,-9999.0,-9999.0,61.1660003662,219.994780484702,68.3083683530842,264695.94,659850.74,36,20,61.166
NS65NW_510,1,7_7,7.09845615289,-9999.0,-9999.0,-9999.0,61.7350006104,715.517581712936,169.994699336281,264427.94,659856.77,100,52,61.735
NS65NW_514,1,7_7,5.46109098493,-9999.0,-9999.0,-9999.0,66.9700012207,219.845288066849,69.566077131781,264814.62,659851.09,36,20,66.97
NS65NW_524,1,7_7,8.75886272531,-9999.0,-9999.0,-9999.0,60.533000946,216.648834846439,61.4225070068451,264460.3,659844.83,28,16,60.533
NS65NW_533,1,7_7,6.48285161018,-9999.0,-9999.0,-9999.0,63.3230018616,210.236810771851,63.0976918088612,264732.92,659841.58,44,24,63.323
NS65NW_537,1,7_7,2.85920498777,-9999.0,-9999.0,-9999.0,64.6630020142,58.7489639446091,31.3471831255755,264851.23,659837.83,12,8,64.663
NS65NW_540,1,7_7,4.21970991932,-9999.0,-9999.0,-9999.0,66.8361282349,323.530396654951,89.3952845005219,264799.89,659841.86,44,24,66.836
NS65NW_546,1,7_7,8.0094148545,-9999.0,-9999.0,-9999.0,60.283000946,214.035655267466,60.0997881041213,264475.38,659838.91,32,18,60.283
NS65NW_551,1,7_7,5.69298826381,-9999.0,-9999.0,-9999.0,60.9949989319,227.272808484258,60.645438093586,264700.66,659836.5,12,8,60.995
NS65NW_557,1,7_7,4.02217860018,-9999.0,-9999.0,-9999.0,62.5289993286,277.230344460107,75.3831066554008,264879.71,659834.99,28,16,62.529
NS65NW_559,1,7_7,7.91749199177,-9999.0,-9999.0,-9999.0,60.9129981995,189.679423612239,58.4641156523837,264493.68,659832.72,28,16,60.913
NS65NW_564,1,7_7,4.27871586452,-9999.0,-9999.0,-9999.0,67.8679962158,165.835972485125,55.6268400868277,264388.56,659831.1,28,16,67.868
NS65NW_570,1,7_7,6.41740760621,-9999.0,-9999.0,-9999.0,53.0369987488,210.937487242339,67.9555114545477,264976.13,659830.61,12,8,53.037
NS65NW_576,1,7_7,5.82886835685,-9999.0,-9999.0,-9999.0,65.1979980469,262.523207427425,73.5758847626106,264782.15,659828.88,44,24,65.198
NS65NW_590,1,7_7,5.88600047474,-9999.0,-9999.0,-9999.0,67.1669998169,275.56463821773,72.4704603682069,264403.75,659824.22,36,20,67.167
NS65NW_594,1,7_7,2.31291396897,-9999.0,-9999.0,-9999.0,65.361000061,23.5451249998454,22.2989241717859,264843.82,659815.87,8,6,65.361
NS65NW_595,1,7_7,4.35246787791,-9999.0,-9999.0,-9999.0,64.9889984131,227.155426662659,62.9643358411678,264856.59,659822.16,20,12,64.989
NS65NW_602,1,7_7,7.07624817773,-9999.0,-9999.0,-9999.0,59.6990013123,111.690644726888,42.8088766607088,264923.08,659817.19,12,8,59.699
NS65NW_604,1,7_7,6.16814335354,-9999.0,-9999.0,-9999.0,64.1839981079,181.192834503322,60.9583299979504,264767.75,659819.02,36,20,64.184
NS65NW_606,1,7_7,2.12174031821,-9999.0,-9999.0,-9999.0,65.3274993896,23.4412199949836,22.8274201167007,264801.95,659811.37,8,6,65.328
NS65NW_608,1,7_7,6.49055008626,-9999.0,-9999.0,-9999.0,60.7299995422,267.564985345043,71.2633412228313,264708.92,659817.85,28,16,60.73
NS65NW_617,1,7_7,2.45357131958,-9999.0,-9999.0,-9999.0,63.4010009766,53.2836937589908,30.0842899483083,264769.75,659806.2,12,8,63.401
NS65NW_624,1,7_7,5.88147339566,-9999.0,-9999.0,-9999.0,65.091003418,439.239002807671,113.602389882327,264442.83,659811.38,60,32,65.091
NS65NW_626,1,7_7,5.40543161709,-9999.0,-9999.0,-9999.0,62.6090011597,227.15477235833,66.3822326127683,264751.35,659807.69,40,22,62.609
NS65NW_628,1,7_7,4.17704556735,-9999.0,-9999.0,-9999.0,63.5719985962,135.365794279525,49.4887482005749,264892.91,659806.52,12,8,63.572
NS65NW_635,1,7_7,6.35999205466,-9999.0,-9999.0,-9999.0,56.9780006409,211.382426684359,68.5509049982906,264963.08,659804.79,12,8,56.978
NS65NW_642,1,7_7,6.01430301335,-9999.0,-9999.0,-9999.0,64.8880004883,210.170449873871,63.3088001285779,264469.68,659800.85,28,16,64.888
NS65NW_643,1,7_7,6.74319207739,-9999.0,-9999.0,-9999.0,61.5130004883,128.022797281809,47.0073649394511,264921.26,659798.62,12,8,61.513
NS65NW_646,1,7_7,5.29373736353,-9999.0,-9999.0,-9999.0,64.4039993286,213.754354798216,67.209703564655,264811.71,659797.79,28,16,64.404
NS65NW_655,1,7_7,5.24487297214,-9999.0,-9999.0,-9999.0,69.1569976807,290.663572851894,77.228023943604,264393.28,659796.73,36,20,69.157
NS65NW_657,1,7_7,5.28369035198,-9999.0,-9999.0,-9999.0,64.5419998169,242.515093140604,65.1863560271578,264485.81,659795.19,20,12,64.542
NS65NW_663,1,7_7,5.76807234634,-9999.0,-9999.0,-9999.0,64.2580032349,425.817829413744,120.159565230108,264850.85,659797.87,60,32,64.258
NS65NW_664,1,7_7,2.32992525799,-9999.0,-9999.0,-9999.0,67.9300003052,45.9016199994557,28.1429420577835,264438.78,659785.05,12,8,67.93
NS65NW_668,1,7_7,2.68406167215,-9999.0,-9999.0,-9999.0,68.9795455933,52.0298662490607,39.0368659915807,264421.46,659784.82,16,10,68.98
NS65NW_676,1,7_7,4.69508816049,-9999.0,-9999.0,-9999.0,64.1719970703,320.571682123308,88.5697799069826,264506.59,659787.45,52,28,64.172
NS65NW_682,1,7_7,5.68206429039,-9999.0,-9999.0,-9999.0,63.7179985046,179.032329060255,73.1963681264365,264789.98,659782.8,28,16,63.718
NS65NW_684,1,7_7,5.25015155935,-9999.0,-9999.0,-9999.0,59.361000061,226.806089979858,63.8780098771543,264683.32,659784.22,28,16,59.361
NS65NW_687,1,7_7,5.6000444481,-9999.0,-9999.0,-9999.0,61.4710006714,341.471605224647,108.742751954904,264730.47,659786.43,60,32,61.471
NS65NW_688,1,7_7,6.63430007424,-9999.0,-9999.0,-9999.0,61.6920013428,128.188813070649,47.0381750247648,264922.67,659779.46,12,8,61.692
NS65NW_690,1,7_7,4.56060228468,-9999.0,-9999.0,-9999.0,70.9729995728,161.349582927812,55.5560272977693,264387.1,659778.99,28,16,70.973
NS65NW_694,1,7_7,4.78425956508,-9999.0,-9999.0,-9999.0,64.0019989014,222.640036021416,63.9922678763521,264845.31,659775.25,28,16,64.002
NS65NW_699,1,7_7,2.42757844705,-9999.0,-9999.0,-9999.0,62.28099823,59.281438805741,38.8896121827354,264784.59,659768.86,20,12,62.281
NS65NW_704,1,7_7,2.57342539078,-9999.0,-9999.0,-9999.0,59.8030014038,22.2978412447368,21.993713677711,264675.01,659764.39,8,6,59.803
NS65NW_705,1,7_7,5.98578847872,-9999.0,-9999.0,-9999.0,59.9620018005,219.219944191548,65.1671331117046,264692.49,659770.75,36,20,59.962
NS65NW_710,1,7_7,4.278848143,-9999.0,-9999.0,-9999.0,61.5530014038,233.54725968318,71.1682048694421,264746.26,659771.03,44,24,61.553
NS65NW_72,1,7_7,4.53239531158,-9999.0,-9999.0,-9999.0,65.6760025024,191.786609338625,63.193725041026,264840.36,659976.23,28,16,65.676
NS65NW_725,1,7_7,6.88480464483,-9999.0,-9999.0,-9999.0,71.4960021973,181.461894931266,56.6187640314061,264382.38,659763.22,28,16,71.496
NS65NW_727,1,7_7,6.63765171794,-9999.0,-9999.0,-9999.0,58.6259994507,209.090311079494,67.6410898895721,264987.56,659763.04,12,8,58.626
NS65NW_732,1,7_7,6.65342394385,-9999.0,-9999.0,-9999.0,61.4599990845,127.327919972842,46.9452030228413,264924.78,659760.47,12,8,61.46
NS65NW_733,1,7_7,5.5289481674,-9999.0,-9999.0,-9999.0,63.3590011597,389.054506751888,108.790753290393,264887.15,659772.48,28,16,63.359
NS65NW_739,1,7_7,6.82169952393,-9999.0,-9999.0,-9999.0,69.861000061,262.984148042585,70.0874087889384,264416.0,659760.63,28,16,69.861
NS65NW_741,1,7_7,5.00865806648,-9999.0,-9999.0,-9999.0,61.607334137,170.668649315665,55.834213859719,264754.9,659755.96,28,16,61.607
NS65NW_744,1,7_7,5.81937113011,-9999.0,-9999.0,-9999.0,60.2519989014,244.377442072767,67.7941685080392,264703.05,659755.99,28,16,60.252
NS65NW_747,1,7_7,4.03933038399,-9999.0,-9999.0,-9999.0,64.1409988403,201.865935829897,67.5174814922095,264842.29,659756.06,36,20,64.141
NS65NW_753,1,7_7,7.19912028692,-9999.0,-9999.0,-9999.0,70.8420028687,207.832271366531,59.0633570188931,264435.55,659751.53,24,14,70.842
NS65NW_757,1,7_7,2.56920167109,-9999.0,-9999.0,-9999.0,71.7030029297,78.3319387517253,52.3260618723128,264447.74,659745.71,32,18,71.703
NS65NW_76,1,7_7,9.90508386331,-9999.0,-9999.0,-9999.0,60.0699996948,393.904612979531,103.67102018224,264667.61,659982.52,28,16,60.07
NS65NW_767,1,7_7,3.11772702535,-9999.0,-9999.0,-9999.0,72.6959991455,46.6096500002815,27.3306953597721,264495.18,659742.79,12,8,72.696
NS65NW_768,1,7_7,2.48231174998,-9999.0,-9999.0,-9999.0,59.2270011902,35.2592737457521,26.3602355828318,264700.51,659741.62,12,8,59.227
NS65NW_773,1,7_7,5.02236873061,-9999.0,-9999.0,-9999.0,61.6290016174,268.702864761214,81.4111955804116,264767.85,659748.5,52,28,61.629
NS65NW_774,1,7_7,4.57517115127,-9999.0,-9999.0,-9999.0,71.7266616821,223.968006321117,82.8240691135986,264506.21,659748.38,44,24,71.727
NS65NW_775,1,7_7,6.70392756634,-9999.0,-9999.0,-9999.0,59.5369987488,214.424866337707,68.8937132976828,264963.89,659748.3,12,8,59.537
NS65NW_779,1,7_7,6.68599293826,-9999.0,-9999.0,-9999.0,61.5289993286,129.423253145112,47.0481996418865,264925.56,659741.31,12,8,61.529
NS65NW_780,1,7_7,5.2386395428,-9999.0,-9999.0,-9999.0,60.5960006714,176.481599466282,56.1530282188393,264717.87,659741.82,28,16,60.596
NS65NW_781,1,7_7,4.75845143388,-9999.0,-9999.0,-9999.0,72.125,314.587969453701,80.2258789688224,264467.51,659742.33,36,20,72.125
NS65NW_786,1,7_7,4.09803022162,-9999.0,-9999.0,-9999.0,63.563999176,133.132807405468,48.8002507882342,264878.59,659738.59,12,8,63.564
NS65NW_789,1,7_7,2.21191080568,-9999.0,-9999.0,-9999.0,63.9609985352,66.0721281588697,33.0928153459514,264849.48,659732.98,12,8,63.961
NS65NW_792,1,7_7,5.88622642655,-9999.0,-9999.0,-9999.0,62.0410003662,184.213039012796,59.5450533525048,264777.62,659736.0,36,20,62.041
NS65NW_800,1,7_7,5.71204835176,-9999.0,-9999.0,-9999.0,71.6829986572,200.001956531062,61.9249709128739,264483.55,659735.55,28,16,71.683
NS65NW_82,1,7_7,10.7503881348,-9999.0,-9999.0,-9999.0,49.3839988708,968.604543149636,188.360212576342,264375.01,659999.31,64,34,49.384
NS65NW_826,1,7_7,6.64282627633,-9999.0,-9999.0,-9999.0,62.2369995117,128.154953940819,46.9726839350168,264927.81,659721.88,12,8,62.237
NS65NW_828,1,7_7,6.68053895047,-9999.0,-9999.0,-9999.0,72.25,199.121758610919,61.284941906724,264402.08,659723.7,28,16,72.25
NS65NW_836,1,7_7,4.73213240403,-9999.0,-9999.0,-9999.0,72.1340026855,164.059583526652,56.0956680797602,264417.22,659719.92,28,16,72.134
NS65NW_837,1,7_7,5.47019181698,-9999.0,-9999.0,-9999.0,62.2509994507,567.218165562926,178.155961683419,264803.24,659724.73,96,50,62.251
NS65NW_844,1,7_7,5.39073681137,-9999.0,-9999.0,-9999.0,71.7880020142,156.390700077303,52.8901372015099,264430.94,659716.06,28,16,71.788
NS65NW_847,1,7_7,6.02308412248,-9999.0,-9999.0,-9999.0,63.9650001526,290.199485321567,72.9137990070648,264835.09,659718.78,20,12,63.965
NS65NW_853,1,7_7,6.81272177139,-9999.0,-9999.0,-9999.0,60.8429985046,210.755896671067,67.8844260734063,264960.4,659718.13,12,8,60.843
NS65NW_857,1,7_7,2.83953146898,-9999.0,-9999.0,-9999.0,73.0049972534,33.4824825079443,23.7862029735049,264391.15,659706.34,12,8,73.005
NS65NW_866,1,7_7,6.46755076532,-9999.0,-9999.0,-9999.0,63.5999984741,212.827141464612,68.1514024410922,264873.0,659712.94,12,8,63.6
NS65NW_879,1,7_7,2.78728894366,-9999.0,-9999.0,-9999.0,70.9779968262,81.7843649998787,41.1572470355848,264417.32,659700.0,16,10,70.978
NS65NW_880,1,7_7,6.75126770564,-9999.0,-9999.0,-9999.0,62.8310012817,126.832804550436,46.7685633376759,264932.33,659702.92,12,8,62.831
NS65NW_882,1,7_7,5.24782537565,-9999.0,-9999.0,-9999.0,70.6139984131,560.192349224101,156.226560206887,264457.55,659705.96,88,46,70.614
NS65NW_921,1,7_7,3.91262143537,-9999.0,-9999.0,-9999.0,61.4510002136,318.632033578858,84.3043117868581,264972.29,659692.95,24,14,61.451
NS65NW_927,1,7_7,6.50680770722,-9999.0,-9999.0,-9999.0,63.486000061,128.257645193472,47.019701987474,264921.24,659683.61,12,8,63.486
NS65NW_933,1,7_7,6.37271278736,-9999.0,-9999.0,-9999.0,63.202999115,218.016139230349,71.3578215277672,264889.65,659685.62,28,16,63.203
NS65NW_97,1,7_7,9.36916605957,-9999.0,-9999.0,-9999.0,59.6599998474,397.073264520537,105.379606508644,264629.6,659981.22,28,16,59.66
NS65NW_987,1,7_7,6.35364618355,-9999.0,-9999.0,-9999.0,62.9840011597,136.60599053006,60.0367088108578,264938.68,659654.65,28,16,62.984
NS65NW_999,1,7_7,6.33975457302,-9999.0,-9999.0,-9999.0,62.7840003967,130.133403944259,47.5231993004719,264958.76,659652.67,12,8,62.784
NS65NW_2126,1,8_6,5.80476171683,-9999.0,-9999.0,-9999.0,82.4670028687,100.896409192809,40.4125721115095,265001.19,659262.93,12,8,82.467
NS65NW_1077,1,8_7,6.81145396793,-9999.0,-9999.0,-9999.0,62.8199996948,106.413825073364,41.8972936890552,265001.54,659615.42,12,8,62.82
NS65NW_265,1,8_7,6.71164753443,-9999.0,-9999.0,-9999.0,51.1990013123,110.284355263969,45.683563447335,265000.38,659921.13,16,10,51.199
NS65NW_652,1,8_7,6.64034801894,-9999.0,-9999.0,-9999.0,56.2869987488,339.979718866981,100.303586703716,265000.76,659791.75,12,8,56.287
