uid,lod,cell,height,height_max,height_min,height_pct90,ground_z,footprint_area,footprint_length,centre_e,centre_n,n_triangles,n_vertices,zmin_odn
NS57SE_2244,1,0_0,2.47859090169,-9999.0,-9999.0,-9999.0,38.6590003967,23.7206099994504,22.6738107759145,255183.57,670622.47,8,6,38.659
NS57SE_2247,1,0_0,5.19037128759,-9999.0,-9999.0,-9999.0,37.2210006714,145.789430727716,51.9131029175168,255130.17,670623.92,28,16,37.221
NS57SE_2249,1,0_0,4.58756430552,-9999.0,-9999.0,-9999.0,36.9850006104,133.516514964269,46.2372955535765,255028.55,670620.6,12,8,36.985
NS57SE_2250,1,0_0,6.10936492134,-9999.0,-9999.0,-9999.0,36.8040008545,188.925624081771,60.1273662375542,255011.87,670620.89,28,16,36.804
NS57SE_2251,1,0_0,4.01411315018,-9999.0,-9999.0,-9999.0,37.2980003357,189.614075646652,72.4582569704241,255146.46,670622.12,36,20,37.298
NS57SE_2252,1,0_0,2.79119252144,-9999.0,-9999.0,-9999.0,36.9459991455,26.4939374965364,24.3368492012653,255020.06,670611.07,8,6,36.946
NS57SE_2255,1,0_0,4.22940841795,-9999.0,-9999.0,-9999.0,37.3120002747,326.964788799865,101.476388938449,255166.79,670612.8,36,20,37.312
NS57SE_2256,1,0_0,4.70656950175,-9999.0,-9999.0,-9999.0,37.4230003357,125.838200584951,44.9001187543935,255073.3,670607.89,12,8,37.423
NS57SE_2257,1,0_0,4.35197342935,-9999.0,-9999.0,-9999.0,37.34400177,357.286141297086,96.1624899056653,255050.56,670611.66,52,28,37.344
NS57SE_2258,1,0_0,2.64681907654,-9999.0,-9999.0,-9999.0,37.0019989014,28.1566575072197,21.9505570805323,255033.01,670602.94,12,8,37.002
NS57SE_2259,1,0_0,4.74951186835,-9999.0,-9999.0,-9999.0,37.6479988098,132.996282867282,46.1509229420617,255188.71,670605.99,12,8,37.648
NS57SE_2260,1,0_0,2.51945417473,-9999.0,-9999.0,-9999.0,34.9879989624,63.9648311989465,31.9920318659737,255481.37,670603.99,12,8,34.988
NS57SE_2261,1,0_0,2.60012321911,-9999.0,-9999.0,-9999.0,37.34400177,24.3537037525229,22.7917625459943,255063.3,670599.94,8,6,37.344
NS57SE_2262,1,0_0,4.82740496351,-9999.0,-9999.0,-9999.0,37.313999176,137.571841100608,46.9172511600384,255087.95,670603.18,12,8,37.314
NS57SE_2263,1,0_0,6.0616433337,-9999.0,-9999.0,-9999.0,33.4710006714,288.94054692481,89.4472501708033,255464.12,670605.58,60,32,33.471
NS57SE_2265,1,0_0,4.36381839929,-9999.0,-9999.0,-9999.0,37.8559989929,571.086559924447,157.002736112908,255215.09,670605.08,76,40,37.856
NS57SE_2267,1,0_0,2.37489035034,-9999.0,-9999.0,-9999.0,37.3019981384,31.7292149977751,23.5610305693509,255078.3,670593.41,12,8,37.302
NS57SE_2268,1,0_0,4.2014950998,-9999.0,-9999.0,-9999.0,37.0810012817,779.509479564845,253.378924603546,255276.48,670623.26,172,88,37.081
NS57SE_2269,1,0_0,4.17940408686,-9999.0,-9999.0,-9999.0,37.0019989014,142.231906362189,47.7059753012123,255117.27,670594.39,12,8,37.002
NS57SE_2271,1,0_0,4.11459803536,-9999.0,-9999.0,-9999.0,37.1910018921,265.794497978359,70.2751742374116,255100.19,670594.22,20,12,37.191
NS57SE_2273,1,0_0,4.25299851874,-9999.0,-9999.0,-9999.0,36.9280014038,152.661458551297,55.9412703043265,255131.24,670589.98,36,20,36.928
NS57SE_2275,1,0_0,2.73419828126,-9999.0,-9999.0,-9999.0,37.0800018311,33.378851245689,23.3989010274239,255107.85,670584.9,12,8,37.08
NS57SE_2276,1,0_0,6.88472012563,-9999.0,-9999.0,-9999.0,37.7459983826,124.616569677656,45.6131208604477,255262.33,670587.74,20,12,37.746
NS57SE_2277,1,0_0,5.01036894869,-9999.0,-9999.0,-9999.0,36.9650001526,132.351443714537,46.4502305575633,255147.07,670586.17,20,12,36.965
NS57SE_2280,1,0_0,5.45028730539,-9999.0,-9999.0,-9999.0,35.9710006714,184.635285803955,62.6337681016852,255474.09,670584.07,36,20,35.971
NS57SE_2283,1,0_0,3.06676474861,-9999.0,-9999.0,-9999.0,36.1100006104,37.9321199974246,27.6005901326686,255518.11,670573.72,12,8,36.11
NS57SE_2286,1,0_0,4.41958267115,-9999.0,-9999.0,-9999.0,37.1090011597,326.938287157044,114.526178137597,255168.85,670577.13,40,22,37.109
NS57SE_2288,1,0_0,3.64143169008,-9999.0,-9999.0,-9999.0,35.6500015259,75.7062169682989,35.8904429979904,255456.64,670571.73,20,12,35.65
NS57SE_2289,1,0_0,11.1099359427,-9999.0,-9999.0,-9999.0,31.6119995117,353.601709375457,91.2384374320294,255596.48,670578.97,36,20,31.612
NS57SE_2291,1,0_0,4.27845028687,-9999.0,-9999.0,-9999.0,37.7739982605,225.369580920187,64.8035961478397,255258.21,670573.82,28,16,37.774
NS57SE_2296,1,0_0,2.93759210994,-9999.0,-9999.0,-9999.0,35.7220001221,22.76586375314,19.9250617724479,255587.48,670560.94,12,8,35.722
NS57SE_2298,1,0_0,3.27356659739,-9999.0,-9999.0,-9999.0,36.8269996643,33.9242850015849,24.522027764673,255180.32,670557.9,12,8,36.827
NS57SE_2299,1,0_0,4.20984607199,-9999.0,-9999.0,-9999.0,37.3689994812,599.553001048793,158.932471634798,255205.68,670567.29,84,46,37.369
NS57SE_2303,1,0_0,4.62792643985,-9999.0,-9999.0,-9999.0,37.7659988403,204.900741737768,58.279154135088,255238.63,670560.77,12,8,37.766
NS57SE_2304,1,0_0,3.54238016841,-9999.0,-9999.0,-9999.0,34.7490005493,161.181288602087,62.4223154784202,255463.71,670558.8,44,24,34.749
NS57SE_2308,1,0_0,2.81348682585,-9999.0,-9999.0,-9999.0,37.6259994507,111.834015006787,52.3106097310344,255256.83,670552.65,28,16,37.626
NS57SE_2313,1,0_0,11.3480659861,-9999.0,-9999.0,-9999.0,34.2760009766,660.709098289448,161.959158734663,255546.44,670564.83,68,36,34.276
NS57SE_2318,1,0_0,3.10888471836,-9999.0,-9999.0,-9999.0,36.0950012207,23.0903999997536,20.8828028847597,255557.73,670536.22,12,8,36.095
NS57SE_2348,1,0_0,11.3690180522,-9999.0,-9999.0,-9999.0,37.9430007935,558.496586419896,128.867553156977,255613.99,670509.75,44,24,37.943
NS57SE_2352,1,0_0,2.84099937888,-9999.0,-9999.0,-9999.0,36.6520004272,43.7274035564617,27.3486906528331,255547.38,670488.0,12,8,36.652
NS57SE_2359,1,0_0,8.32236739048,-9999.0,-9999.0,-9999.0,35.8870010376,830.038856266805,132.299903996106,255511.62,670498.73,60,32,35.887
NS57SE_2398,1,0_0,9.43960403855,-9999.0,-9999.0,-9999.0,37.1790008545,1571.10950672562,212.008772323476,255551.04,670418.04,76,40,37.179
NS57SE_2419,1,0_0,4.00579621859,-9999.0,-9999.0,-9999.0,33.716999054,62.1073424979487,32.4535854147437,255026.34,670334.92,12,8,33.717
NS57SE_2422,1,0_0,8.24453072256,-9999.0,-9999.0,-9999.0,38.4930000305,826.309663101412,126.611784446537,255600.62,670343.33,36,20,38.493
NS57SE_2430,1,0_0,3.18614948647,-9999.0,-9999.0,-9999.0,36.8629989624,321.927954477277,75.0612351106016,255484.53,670319.29,12,8,36.863
NS57SE_2483,1,0_0,12.25703316,-9999.0,-9999.0,-9999.0,34.5680007935,1330.11698836764,160.89319197786,255553.11,670178.14,64,34,34.568
NS57SE_2496,1,0_0,7.17678850067,-9999.0,-9999.0,-9999.0,32.797000885,1451.20585579837,186.28285806491,255300.24,670161.23,60,32,32.797
NS57SE_2504,1,0_0,9.67630586117,-9999.0,-9999.0,-9999.0,33.5760002136,1033.76745371666,161.629498049732,255527.26,670129.67,60,32,33.576
NS57SE_2517,1,0_0,3.88985869158,-9999.0,-9999.0,-9999.0,33.8409996033,525.003015278982,109.626708844122,255621.75,670105.39,24,14,33.841
NS57SE_2532,1,0_0,8.058110523,-9999.0,-9999.0,-9999.0,33.4720001221,865.609568490893,201.776389024758,255562.58,670078.72,84,44,33.472
NS57SE_2563,1,0_0,6.5238263348,-9999.0,-9999.0,-9999.0,32.8650016785,3823.8950095852,751.124148228629,255515.12,670058.5,224,110,32.865
NS57SE_2564,1,0_0,2.93837280018,-9999.0,-9999.0,-9999.0,35.5890007019,80.9579357326086,37.4317973135771,255553.71,670001.71,12,8,35.589
NS57SE_1728,1,0_1,5.99584287008,-9999.0,-9999.0,-9999.0,40.1269989014,146.969130934051,51.2364159277409,255114.61,671248.54,20,12,40.127
NS57SE_1729,1,0_1,5.10933556854,-9999.0,-9999.0,-9999.0,40.1839981079,202.346249950957,58.5551579498708,255133.11,671249.22,20,12,40.184
NS57SE_1732,1,0_1,5.62951710147,-9999.0,-9999.0,-9999.0,40.7509994507,550.812298916234,145.347786430221,255184.48,671246.93,76,40,40.751
NS57SE_1733,1,0_1,6.37144386438,-9999.0,-9999.0,-9999.0,39.8899993896,124.980254855067,48.733653467136,255019.74,671245.57,28,16,39.89
NS57SE_1734,1,0_1,3.81677064188,-9999.0,-9999.0,-9999.0,49.2700004578,362.521758372561,114.809299308399,255523.95,671248.0,48,26,49.27
NS57SE_1735,1,0_1,6.12810172187,-9999.0,-9999.0,-9999.0,42.3759994507,176.53655183452,58.7075795944992,255220.11,671244.08,36,20,42.376
NS57SE_1736,1,0_1,6.61975939949,-9999.0,-9999.0,-9999.0,42.9469985962,308.321227206688,107.146428586781,255245.32,671241.65,44,24,42.947
NS57SE_1738,1,0_1,4.96417171648,-9999.0,-9999.0,-9999.0,48.8950004578,346.420851320724,87.3146706827509,255423.6,671245.71,28,16,48.895
NS57SE_1742,1,0_1,6.56638770045,-9999.0,-9999.0,-9999.0,44.5400009155,165.448970160096,58.6086232424851,255270.7,671240.07,36,20,44.54
NS57SE_1744,1,0_1,6.34315565334,-9999.0,-9999.0,-9999.0,45.7770004272,174.949146966661,52.9274514279925,255288.87,671237.17,12,8,45.777
NS57SE_1745,1,0_1,4.60546782282,-9999.0,-9999.0,-9999.0,48.4700012207,147.645656731413,49.2572742164432,255368.02,671237.76,12,8,48.47
NS57SE_1747,1,0_1,4.04842687555,-9999.0,-9999.0,-9999.0,48.861000061,192.180780947323,60.3242038731019,255448.32,671236.18,20,12,48.861
NS57SE_1751,1,0_1,5.89176673832,-9999.0,-9999.0,-9999.0,46.6609992981,346.824546037238,130.686659502479,255315.38,671234.06,76,40,46.661
NS57SE_1755,1,0_1,6.18220522725,-9999.0,-9999.0,-9999.0,47.563999176,144.331175703401,51.540004101978,255340.45,671226.24,20,12,47.564
NS57SE_1758,1,0_1,4.40703293515,-9999.0,-9999.0,-9999.0,48.09400177,383.179279148621,109.988431809348,255469.23,671228.06,44,24,48.094
NS57SE_1760,1,0_1,4.13400985136,-9999.0,-9999.0,-9999.0,48.5569992065,575.193474717223,159.022461074682,255403.04,671236.87,88,46,48.557
NS57SE_1762,1,0_1,4.9878742002,-9999.0,-9999.0,-9999.0,47.888999939,346.294401726653,108.306316459575,255368.54,671216.31,36,20,47.889
NS57SE_1764,1,0_1,2.75393766038,-9999.0,-9999.0,-9999.0,47.8540000916,36.3504075043027,24.7013079186094,255478.23,671210.81,12,8,47.854
NS57SE_1765,1,0_1,7.02512543848,-9999.0,-9999.0,-9999.0,41.7080001831,141.917515378403,50.3811649747835,255178.04,671210.56,20,12,41.708
NS57SE_1767,1,0_1,3.8838945751,-9999.0,-9999.0,-9999.0,47.6049995422,348.354533819301,105.482814067675,255514.76,671214.4,60,32,47.605
NS57SE_1769,1,0_1,6.72518725028,-9999.0,-9999.0,-9999.0,41.2750015259,135.64893345143,47.0791980648865,255141.76,671209.56,16,10,41.275
NS57SE_1770,1,0_1,2.4605191205,-9999.0,-9999.0,-9999.0,47.8629989624,33.1159537519458,31.9995250164203,255461.56,671205.71,16,10,47.863
NS57SE_1772,1,0_1,3.94346668094,-9999.0,-9999.0,-9999.0,47.7319984436,218.182654847741,86.6996460866904,255491.89,671216.7,32,18,47.732
NS57SE_1773,1,0_1,6.54741892066,-9999.0,-9999.0,-9999.0,41.6769981384,146.161554752581,51.0400441459363,255159.46,671208.54,20,12,41.677
NS57SE_1775,1,0_1,6.64375124213,-9999.0,-9999.0,-9999.0,40.8269996643,139.319510578586,47.7038411701559,255106.34,671207.7,12,8,40.827
NS57SE_1776,1,0_1,7.20088639286,-9999.0,-9999.0,-9999.0,43.3300018311,135.893000511879,47.3362561289913,255229.92,671207.14,12,8,43.33
NS57SE_1777,1,0_1,6.22902920702,-9999.0,-9999.0,-9999.0,42.2910003662,334.345747412752,98.1347806517404,255203.41,671208.07,60,32,42.291
NS57SE_1778,1,0_1,5.86862404844,-9999.0,-9999.0,-9999.0,41.2290000916,168.561713504234,67.487927201011,255126.83,671205.82,44,24,41.229
NS57SE_1779,1,0_1,5.71552168805,-9999.0,-9999.0,-9999.0,40.5540008545,167.858058415195,65.086560082285,255072.11,671205.25,44,24,40.554
NS57SE_1780,1,0_1,6.10445025469,-9999.0,-9999.0,-9999.0,44.4970016479,171.882663254946,60.4360501868785,255247.78,671202.87,36,20,44.497
NS57SE_1781,1,0_1,5.32354726196,-9999.0,-9999.0,-9999.0,40.4970016479,198.713455371693,70.1503156675339,255089.99,671205.02,44,24,40.497
NS57SE_1783,1,0_1,5.5907308602,-9999.0,-9999.0,-9999.0,40.5970001221,216.260498628949,78.3755170825603,255054.57,671202.95,44,24,40.597
NS57SE_1784,1,0_1,3.68858263673,-9999.0,-9999.0,-9999.0,40.28099823,155.587430476385,54.5501853968023,255033.33,671200.29,36,20,40.281
NS57SE_1785,1,0_1,6.4828393941,-9999.0,-9999.0,-9999.0,45.2799987793,307.319602858975,110.409996199039,255273.53,671199.98,52,28,45.28
NS57SE_1791,1,0_1,2.11631657887,-9999.0,-9999.0,-9999.0,46.8906669617,41.9231024963702,26.3820900623613,255504.9,671190.94,12,8,46.891
NS57SE_1792,1,0_1,2.75998894113,-9999.0,-9999.0,-9999.0,47.2000007629,62.7662812558979,31.3116411107856,255552.3,671190.94,16,10,47.2
NS57SE_1793,1,0_1,4.02604024719,-9999.0,-9999.0,-9999.0,46.9640007019,514.889506941151,150.022461489174,255433.99,671196.74,72,38,46.964
NS57SE_1794,1,0_1,2.73032932107,-9999.0,-9999.0,-9999.0,46.6189994812,56.6767674502908,30.3765291064409,255519.56,671189.06,12,8,46.619
NS57SE_1798,1,0_1,5.93555618859,-9999.0,-9999.0,-9999.0,46.436000824,1693.12702636129,194.817900340442,255584.06,671209.09,92,48,46.436
NS57SE_1801,1,0_1,6.37088836079,-9999.0,-9999.0,-9999.0,46.7130012512,368.451545193374,118.898252415553,255308.66,671190.38,68,36,46.713
NS57SE_1802,1,0_1,3.87638810234,-9999.0,-9999.0,-9999.0,40.4399986267,397.906740243459,112.382052411695,255014.44,671188.66,52,28,40.44
NS57SE_1803,1,0_1,3.64947779221,-9999.0,-9999.0,-9999.0,45.6930007935,392.955872836034,116.626299272052,255474.91,671186.06,76,40,45.693
NS57SE_1804,1,0_1,2.42365544341,-9999.0,-9999.0,-9999.0,48.4169998169,23.7430499967278,20.128168253244,255382.84,671175.79,12,8,48.417
NS57SE_1805,1,0_1,6.07209223377,-9999.0,-9999.0,-9999.0,48.2099990845,358.521965018747,104.127698748617,255343.36,671183.71,60,32,48.21
NS57SE_1808,1,0_1,4.38565009615,-9999.0,-9999.0,-9999.0,45.188999176,154.539731135577,52.9943986357089,255495.38,671179.35,20,12,45.189
NS57SE_1809,1,0_1,4.93412755164,-9999.0,-9999.0,-9999.0,48.1100006104,157.319727986605,50.7724194581812,255370.71,671176.93,24,14,48.11
NS57SE_1811,1,0_1,4.97822651182,-9999.0,-9999.0,-9999.0,44.8170013428,147.307777904422,51.3167374926857,255511.57,671175.25,28,16,44.817
NS57SE_1813,1,0_1,5.12853262765,-9999.0,-9999.0,-9999.0,44.6669998169,181.943801148679,56.8541813844218,255550.37,671172.95,28,16,44.667
NS57SE_1814,1,0_1,2.44335207808,-9999.0,-9999.0,-9999.0,41.3740005493,55.7641666247473,30.054489194152,255001.09,671167.86,12,8,41.374
NS57SE_1821,1,0_1,4.57009088591,-9999.0,-9999.0,-9999.0,48.1660003662,281.513963865593,76.988338335787,255391.94,671165.35,36,20,48.166
NS57SE_1825,1,0_1,4.70272412507,-9999.0,-9999.0,-9999.0,47.5029983521,129.095587987669,47.8256488127286,255428.16,671159.23,20,12,47.503
NS57SE_1826,1,0_1,4.30607801202,-9999.0,-9999.0,-9999.0,43.8300018311,151.351703004427,55.822449052765,255033.64,671158.08,36,20,43.83
NS57SE_1828,1,0_1,2.27579765758,-9999.0,-9999.0,-9999.0,50.9010009766,26.607663750022,23.920290082655,255380.22,671153.1,8,6,50.901
NS57SE_1831,1,0_1,4.59226132612,-9999.0,-9999.0,-9999.0,50.188999176,281.326438197468,95.0329511198616,255102.68,671155.76,60,32,50.189
NS57SE_1832,1,0_1,4.62048650701,-9999.0,-9999.0,-9999.0,53.5740013123,120.049339341243,43.8316837852764,255140.5,671154.41,12,8,53.574
NS57SE_1833,1,0_1,4.52095809744,-9999.0,-9999.0,-9999.0,44.5460014343,476.575516620184,147.358785318237,255065.3,671157.34,64,34,44.546
NS57SE_1838,1,0_1,4.55627127753,-9999.0,-9999.0,-9999.0,52.2840003967,173.860449586223,61.2744249646928,255126.73,671152.87,28,16,52.284
NS57SE_1842,1,0_1,4.30983153132,-9999.0,-9999.0,-9999.0,52.8183021545,339.702181123312,114.81931369178,255163.52,671151.18,84,44,52.818
NS57SE_1844,1,0_1,4.18160024537,-9999.0,-9999.0,-9999.0,56.6650009155,145.754752107976,51.6197029150418,255229.39,671145.89,20,12,56.665
NS57SE_1845,1,0_1,3.94556057929,-9999.0,-9999.0,-9999.0,56.811000824,174.713996242961,57.0258413525593,255244.75,671145.3,32,18,56.811
NS57SE_1846,1,0_1,3.84883553229,-9999.0,-9999.0,-9999.0,46.1759986877,135.209714567997,47.6098589810994,255476.93,671143.88,20,12,46.176
NS57SE_1847,1,0_1,4.5246274953,-9999.0,-9999.0,-9999.0,55.5989990234,203.474958604741,73.3653277184,255186.07,671146.33,28,16,55.599
NS57SE_1848,1,0_1,3.97580708437,-9999.0,-9999.0,-9999.0,56.6619987488,138.817169577236,49.4895939000009,255289.93,671139.94,20,12,56.662
NS57SE_1849,1,0_1,4.02563689445,-9999.0,-9999.0,-9999.0,46.2779998779,367.282147692877,142.153811679321,255449.52,671148.14,76,40,46.278
NS57SE_1850,1,0_1,4.00126148825,-9999.0,-9999.0,-9999.0,56.1430015564,353.807390899988,128.833444597301,255207.71,671144.37,52,28,56.143
NS57SE_1851,1,0_1,4.11956806672,-9999.0,-9999.0,-9999.0,56.9119987488,168.11505798568,56.1218907264353,255259.07,671141.13,20,12,56.912
NS57SE_1853,1,0_1,3.82649936115,-9999.0,-9999.0,-9999.0,44.6269989014,176.224264681752,58.5469681164717,255019.95,671138.97,28,16,44.627
NS57SE_1857,1,0_1,4.28568158473,-9999.0,-9999.0,-9999.0,55.7270011902,392.179299856181,93.2686870049058,255310.2,671134.57,28,16,55.727
NS57SE_1858,1,0_1,4.91886275628,-9999.0,-9999.0,-9999.0,49.3979988098,177.534534525697,55.4816885620084,255430.73,671132.01,20,12,49.398
NS57SE_1860,1,0_1,3.95959338656,-9999.0,-9999.0,-9999.0,56.9230003357,191.423776924047,76.5590109114294,255273.85,671136.6,36,20,56.923
NS57SE_1861,1,0_1,2.88498390082,-9999.0,-9999.0,-9999.0,47.5050010681,35.0936062517444,25.0202598994435,255482.52,671126.44,12,8,47.505
NS57SE_1866,1,0_1,3.80347014072,-9999.0,-9999.0,-9999.0,54.3479995728,374.251711591618,102.568426714602,255341.56,671129.56,60,32,54.348
NS57SE_1867,1,0_1,4.27025637215,-9999.0,-9999.0,-9999.0,51.9640007019,126.426480244701,45.1035916351946,255395.2,671124.58,20,12,51.964
NS57SE_1869,1,0_1,4.55724301027,-9999.0,-9999.0,-9999.0,45.2278366089,193.807104399313,65.1615651954594,255532.7,671124.67,36,20,45.228
NS57SE_1873,1,0_1,3.87214438532,-9999.0,-9999.0,-9999.0,52.7589988708,405.443993407473,114.307652270716,255371.87,671123.59,68,36,52.759
NS57SE_1875,1,0_1,4.48931585815,-9999.0,-9999.0,-9999.0,50.2420005798,137.001514593862,48.6241797103741,255431.94,671116.96,20,12,50.242
NS57SE_1876,1,0_1,4.42859244558,-9999.0,-9999.0,-9999.0,45.5209999084,379.823490083544,115.462396141384,255492.04,671127.0,68,36,45.521
NS57SE_1877,1,0_1,4.26516225894,-9999.0,-9999.0,-9999.0,47.6489982605,485.344558061351,139.243163032183,255046.34,671123.54,64,34,47.649
NS57SE_1879,1,0_1,4.15546206505,-9999.0,-9999.0,-9999.0,51.9210014343,127.873261652623,46.7265285864375,255074.72,671111.37,20,12,51.921
NS57SE_1884,1,0_1,4.45070963159,-9999.0,-9999.0,-9999.0,43.1469993591,504.106120502844,173.224238554213,255582.57,671112.02,88,46,43.147
NS57SE_1885,1,0_1,3.48251452343,-9999.0,-9999.0,-9999.0,44.922000885,543.999102126987,166.162936072435,255539.38,671113.41,92,48,44.922
NS57SE_1888,1,0_1,3.7781290969,-9999.0,-9999.0,-9999.0,43.0180015564,159.823689489745,53.8580302112971,255614.54,671104.16,28,16,43.018
NS57SE_1889,1,0_1,4.32363233294,-9999.0,-9999.0,-9999.0,50.8870010376,141.330692087499,52.3202208588613,255432.76,671102.04,28,16,50.887
NS57SE_1890,1,0_1,4.22463563878,-9999.0,-9999.0,-9999.0,52.6180000305,184.75098779446,62.1783125302469,255394.83,671102.32,28,16,52.618
NS57SE_1891,1,0_1,3.90899579421,-9999.0,-9999.0,-9999.0,48.2890014648,145.277515475995,49.3745017631533,255482.8,671100.73,20,12,48.289
NS57SE_1892,1,0_1,2.84177087058,-9999.0,-9999.0,-9999.0,46.7053337097,36.5352374965441,24.7347283094935,255555.63,671095.76,12,8,46.705
NS57SE_1894,1,0_1,4.57909423302,-9999.0,-9999.0,-9999.0,51.563999176,479.69981852869,115.656477951715,255100.34,671098.69,60,32,51.564
NS57SE_1897,1,0_1,2.94461910541,-9999.0,-9999.0,-9999.0,52.1111106873,55.2512737432569,46.7742999296264,255402.95,671088.52,24,14,52.111
NS57SE_1898,1,0_1,2.39691595336,-9999.0,-9999.0,-9999.0,45.1269989014,52.7019225014541,29.4481514022591,255599.45,671089.09,12,8,45.127
NS57SE_1902,1,0_1,4.03687229394,-9999.0,-9999.0,-9999.0,49.2410011292,122.232141594848,44.2289509290486,255477.25,671088.06,12,8,49.241
NS57SE_1903,1,0_1,2.44276524616,-9999.0,-9999.0,-9999.0,44.7084007263,49.7239499978324,28.4668420811712,255614.0,671085.11,12,8,44.708
NS57SE_1904,1,0_1,4.19938796789,-9999.0,-9999.0,-9999.0,48.1220016479,151.365378541056,51.1415521592074,255519.02,671088.69,24,14,48.122
NS57SE_1905,1,0_1,5.21901663254,-9999.0,-9999.0,-9999.0,50.6529998779,207.667149563218,60.4598226542551,255433.85,671086.79,20,12,50.653
NS57SE_1906,1,0_1,2.32372079329,-9999.0,-9999.0,-9999.0,53.7010002136,30.2123549975626,22.7841369311188,255227.52,671081.4,12,8,53.701
NS57SE_1908,1,0_1,4.51115583534,-9999.0,-9999.0,-9999.0,51.9650001526,478.822140558624,154.050570609949,255143.29,671088.23,80,42,51.965
NS57SE_1910,1,0_1,3.5716485619,-9999.0,-9999.0,-9999.0,47.7089996338,187.829828779983,69.716373023196,255537.93,671083.03,44,24,47.709
NS57SE_1911,1,0_1,2.06077045641,-9999.0,-9999.0,-9999.0,53.0699996948,28.2410849968307,24.9449839442774,255282.34,671078.55,8,6,53.07
NS57SE_1913,1,0_1,3.72191267407,-9999.0,-9999.0,-9999.0,51.8160018921,206.559802233551,74.3001130960721,255391.22,671081.48,28,16,51.816
NS57SE_1914,1,0_1,4.30856636341,-9999.0,-9999.0,-9999.0,52.0839996338,316.99586802282,95.335610668458,255179.42,671080.04,68,36,52.084
NS57SE_1915,1,0_1,2.62824497223,-9999.0,-9999.0,-9999.0,45.8059997559,31.3297425033008,23.114756109023,255593.37,671073.64,12,8,45.806
NS57SE_1917,1,0_1,4.58586965686,-9999.0,-9999.0,-9999.0,51.9339981079,140.615708212583,49.2353387421435,255200.98,671075.21,20,12,51.934
NS57SE_1919,1,0_1,4.04614671135,-9999.0,-9999.0,-9999.0,52.0209999084,522.861449325385,131.202525860539,255362.58,671075.07,76,40,52.021
NS57SE_1920,1,0_1,3.75186324701,-9999.0,-9999.0,-9999.0,49.0660018921,156.964383745393,56.7298085841015,255469.81,671072.5,28,16,49.066
NS57SE_1921,1,0_1,4.52359813708,-9999.0,-9999.0,-9999.0,51.7919998169,161.983271703143,60.154441509376,255215.9,671073.33,28,16,51.792
NS57SE_1922,1,0_1,4.09007283708,-9999.0,-9999.0,-9999.0,50.5900001526,138.204516043045,48.9743602482081,255428.4,671071.32,20,12,50.59
NS57SE_1927,1,0_1,4.34708114187,-9999.0,-9999.0,-9999.0,51.6300010681,160.213720016985,52.9681503979296,255230.31,671069.51,20,12,51.63
NS57SE_1929,1,0_1,4.44437031141,-9999.0,-9999.0,-9999.0,45.7760009766,614.869803296525,137.564281142107,255569.39,671073.31,56,30,45.776
NS57SE_1930,1,0_1,3.95940538369,-9999.0,-9999.0,-9999.0,40.1049995422,185.271753684566,58.3021287382752,255013.9,671066.86,20,12,40.105
NS57SE_1931,1,0_1,4.01525941607,-9999.0,-9999.0,-9999.0,51.5699996948,581.616403034206,158.32613367122,255260.09,671067.5,116,60,51.57
NS57SE_1934,1,0_1,4.29676100365,-9999.0,-9999.0,-9999.0,48.688999176,205.011969194961,73.0532699214298,255460.14,671060.41,28,16,48.689
NS57SE_1935,1,0_1,4.3858224721,-9999.0,-9999.0,-9999.0,47.4459991455,137.369305301041,50.722616225294,255506.83,671059.52,20,12,47.446
NS57SE_1936,1,0_1,4.04649453712,-9999.0,-9999.0,-9999.0,50.7099990845,748.875367641051,204.848754926181,255310.96,671065.87,128,66,50.71
NS57SE_1937,1,0_1,4.45972089519,-9999.0,-9999.0,-9999.0,45.2159996033,138.421717047937,47.0766451782764,255598.8,671059.5,12,8,45.216
NS57SE_1938,1,0_1,4.98057498727,-9999.0,-9999.0,-9999.0,50.1850013733,28.2117112472687,24.3496416288767,255412.56,671052.86,8,6,50.185
NS57SE_1941,1,0_1,3.89397131988,-9999.0,-9999.0,-9999.0,40.3860015869,386.666093616519,107.703719710568,255035.6,671057.15,44,22,40.386
NS57SE_1944,1,0_1,4.27127693814,-9999.0,-9999.0,-9999.0,41.2999992371,137.202559823298,51.9519112323606,255055.11,671049.19,36,20,41.3
NS57SE_1945,1,0_1,12.5482522989,-9999.0,-9999.0,-9999.0,50.3230018616,50.9290425006995,30.6185324597518,255346.23,671046.19,12,8,50.323
NS57SE_1946,1,0_1,4.47930925727,-9999.0,-9999.0,-9999.0,44.358001709,532.57810229033,165.328800558922,255623.77,671057.14,116,60,44.358
NS57SE_1951,1,0_1,2.55197779338,-9999.0,-9999.0,-9999.0,48.4599990845,25.2662550001813,23.5618121637517,255448.53,671041.65,8,6,48.46
NS57SE_1952,1,0_1,4.21207602322,-9999.0,-9999.0,-9999.0,48.0709991455,134.054819018734,46.4882002863688,255460.36,671045.73,16,10,48.071
NS57SE_1953,1,0_1,5.09816382913,-9999.0,-9999.0,-9999.0,49.46900177,36.1810124944987,24.4196649947424,255403.67,671040.64,12,8,49.469
NS57SE_1955,1,0_1,4.31965642027,-9999.0,-9999.0,-9999.0,41.6899986267,142.861709678051,51.9039963978825,255069.76,671045.44,20,12,41.69
NS57SE_1957,1,0_1,4.51639571101,-9999.0,-9999.0,-9999.0,46.3269996643,166.92141419557,56.198823737328,255501.83,671044.43,28,16,46.327
NS57SE_1958,1,0_1,4.05355690719,-9999.0,-9999.0,-9999.0,45.9760017395,218.167413246615,68.4794643368232,255527.17,671045.9,28,16,45.976
NS57SE_1960,1,0_1,3.29404898649,-9999.0,-9999.0,-9999.0,49.1139984131,47.7884441831213,28.4198259043949,255330.43,671040.57,12,8,49.114
NS57SE_1962,1,0_1,4.20044162892,-9999.0,-9999.0,-9999.0,45.6629981995,138.451292158183,49.5687764948152,255544.46,671042.33,20,12,45.663
NS57SE_1963,1,0_1,3.90361709017,-9999.0,-9999.0,-9999.0,41.6809997559,168.611183201317,58.1424609045636,255084.46,671043.28,28,16,41.681
NS57SE_1965,1,0_1,4.34482001167,-9999.0,-9999.0,-9999.0,48.78099823,367.901521420708,120.647820745999,255421.76,671046.58,64,32,48.781
NS57SE_1967,1,0_1,2.74607374958,-9999.0,-9999.0,-9999.0,47.7490005493,29.2807500030369,22.2339792734482,255313.36,671031.79,12,8,47.749
NS57SE_1968,1,0_1,4.03034773053,-9999.0,-9999.0,-9999.0,45.438999176,140.941632602228,64.9226269479461,255560.09,671039.59,52,28,45.439
NS57SE_1969,1,0_1,4.73739044447,-9999.0,-9999.0,-9999.0,41.5149993896,215.512163074703,59.7010926643597,255099.2,671037.58,12,8,41.515
NS57SE_1973,1,0_1,4.34908208488,-9999.0,-9999.0,-9999.0,47.0489997864,120.534740822868,43.9153353824641,255454.51,671031.39,12,8,47.049
NS57SE_1975,1,0_1,4.43691496764,-9999.0,-9999.0,-9999.0,41.5489997864,231.803326322293,69.0893263427575,255117.01,671031.47,36,20,41.549
NS57SE_1976,1,0_1,3.8056100442,-9999.0,-9999.0,-9999.0,44.8569984436,160.903500559597,57.0069985918463,255573.89,671030.46,36,20,44.857
NS57SE_1977,1,0_1,2.58012554381,-9999.0,-9999.0,-9999.0,44.3850021362,21.3790087505719,21.5672892260602,255544.37,671025.49,8,6,44.385
NS57SE_1978,1,0_1,4.68502386541,-9999.0,-9999.0,-9999.0,48.3499984741,141.554215544714,49.9173173097913,255409.18,671026.65,28,16,48.35
NS57SE_1979,1,0_1,4.109860395,-9999.0,-9999.0,-9999.0,41.608001709,147.923339903531,48.9567440880295,255129.12,671024.94,16,10,41.608
NS57SE_1980,1,0_1,4.04046276693,-9999.0,-9999.0,-9999.0,47.7200012207,384.163027121055,145.997212483077,255367.1,671034.6,100,52,47.72
NS57SE_1984,1,0_1,4.41515007521,-9999.0,-9999.0,-9999.0,37.8250007629,201.618730033369,58.4582888301179,255005.34,671024.18,20,12,37.825
NS57SE_1985,1,0_1,4.82883556704,-9999.0,-9999.0,-9999.0,43.702999115,307.699968038856,78.4071682914714,255598.16,671022.36,12,8,43.703
NS57SE_1986,1,0_1,3.81581234268,-9999.0,-9999.0,-9999.0,40.9440002441,347.661870582812,116.695158250828,255150.75,671020.2,48,26,40.944
NS57SE_1989,1,0_1,4.16386880184,-9999.0,-9999.0,-9999.0,44.5279998779,359.191369306812,97.7627415018575,255493.32,671022.27,44,24,44.528
NS57SE_1992,1,0_1,4.37557555575,-9999.0,-9999.0,-9999.0,40.7050018311,129.883835789456,48.2099891169414,255173.43,671013.69,20,12,40.705
NS57SE_1993,1,0_1,4.27522747404,-9999.0,-9999.0,-9999.0,44.6090011597,327.549514734928,106.393010297471,255334.87,671014.14,44,24,44.609
NS57SE_1995,1,0_1,4.57494877042,-9999.0,-9999.0,-9999.0,43.3530006409,183.810436269238,56.9722689075815,255312.59,671010.74,20,12,43.353
NS57SE_1997,1,0_1,3.7325064193,-9999.0,-9999.0,-9999.0,40.4070014954,590.593609725116,182.517177650443,255203.58,671012.34,92,48,40.407
NS57SE_1998,1,0_1,3.48019679651,-9999.0,-9999.0,-9999.0,43.2089996338,287.8077593189,115.718277964913,255516.01,671011.47,68,36,43.209
NS57SE_2000,1,0_1,3.88580572093,-9999.0,-9999.0,-9999.0,42.0439987183,177.952712632231,63.255274474424,255277.87,671007.11,60,32,42.044
NS57SE_2001,1,0_1,4.37869478309,-9999.0,-9999.0,-9999.0,42.6254997253,139.75763250113,47.0383322687116,255296.82,671007.71,24,14,42.626
NS57SE_2002,1,0_1,3.48042457754,-9999.0,-9999.0,-9999.0,46.5069999695,47.0095606757948,28.7467873741996,255428.31,671004.77,12,8,46.507
NS57SE_2005,1,0_1,2.93184579979,-9999.0,-9999.0,-9999.0,46.7430000305,49.2466500027477,28.1088769016804,255416.79,671003.85,12,8,46.743
NS57SE_2006,1,0_1,4.22367341616,-9999.0,-9999.0,-9999.0,40.8629989624,419.612194941924,133.338440268289,255248.83,671006.69,60,32,40.863
NS57SE_2007,1,0_1,2.44647972539,-9999.0,-9999.0,-9999.0,42.0999984741,30.0562859615246,24.2969120245259,255574.34,671001.46,20,12,42.1
NS57SE_2008,1,0_1,5.09283438275,-9999.0,-9999.0,-9999.0,37.0670013428,154.161768773504,49.8849552111979,255077.52,671002.65,12,8,37.067
NS57SE_2009,1,0_1,4.17261152389,-9999.0,-9999.0,-9999.0,46.7589988708,288.130286305154,101.582545894204,255392.6,671009.03,68,36,46.759
NS57SE_2010,1,0_1,3.80439797552,-9999.0,-9999.0,-9999.0,42.2659988403,160.685385978156,50.9122340190934,255532.3,671004.21,12,8,42.266
NS57SE_2014,1,0_1,4.47854419177,-9999.0,-9999.0,-9999.0,36.3250007629,740.188311695663,174.347137353493,255041.99,671010.78,76,40,36.325
NS57SE_2015,1,0_1,3.89079208176,-9999.0,-9999.0,-9999.0,45.7509994507,298.863103980436,103.78774108649,255445.11,671008.91,68,36,45.751
NS57SE_2018,1,0_1,5.03207987132,-9999.0,-9999.0,-9999.0,36.9329986572,140.926317239686,49.7490988544206,255092.66,670998.16,20,12,36.933
NS57SE_2021,1,0_1,4.88647141971,-9999.0,-9999.0,-9999.0,41.6349983215,240.549472382118,62.0627819067426,255549.88,670998.81,12,8,41.635
NS57SE_2022,1,0_1,4.19940798417,-9999.0,-9999.0,-9999.0,45.5950012207,192.61141501394,68.423478230746,255370.76,670994.25,40,22,45.595
NS57SE_2024,1,0_1,4.57030254511,-9999.0,-9999.0,-9999.0,41.3969993591,131.206121640344,45.8686474747898,255563.69,670991.1,12,8,41.397
NS57SE_2025,1,0_1,4.41814108654,-9999.0,-9999.0,-9999.0,43.6910018921,148.487037545412,55.5333219369695,255478.17,670987.71,36,20,43.691
NS57SE_2027,1,0_1,3.55743167062,-9999.0,-9999.0,-9999.0,45.6090011597,193.986191451404,61.414538469146,255435.07,670987.89,28,16,45.609
NS57SE_2028,1,0_1,4.36901492445,-9999.0,-9999.0,-9999.0,41.1959991455,135.086627160496,47.7783010016187,255579.91,670986.23,20,12,41.196
NS57SE_2030,1,0_1,4.82547455554,-9999.0,-9999.0,-9999.0,35.8040008545,492.698031867934,146.840971422191,255121.77,670989.15,100,52,35.804
NS57SE_2032,1,0_1,4.94714289936,-9999.0,-9999.0,-9999.0,36.5589981079,141.802915991377,49.8964752427675,255151.04,670980.57,28,16,36.559
NS57SE_2033,1,0_1,4.19855207822,-9999.0,-9999.0,-9999.0,44.2179985046,152.041925652949,53.5364551191578,255387.19,670979.43,28,16,44.218
NS57SE_2034,1,0_1,5.63418488275,-9999.0,-9999.0,-9999.0,36.4790000916,181.51817969039,56.5593502291619,255166.44,670975.44,20,12,36.479
NS57SE_2037,1,0_1,4.84215202889,-9999.0,-9999.0,-9999.0,36.9620018005,282.073548052905,85.0588362835167,255189.07,670973.25,28,16,36.962
NS57SE_2038,1,0_1,3.52868745311,-9999.0,-9999.0,-9999.0,43.0410003662,194.308635200634,58.2352466568951,255501.76,670974.55,28,16,43.041
NS57SE_2039,1,0_1,4.56482565921,-9999.0,-9999.0,-9999.0,36.797000885,143.0511587082,50.2202774334771,255211.57,670970.61,20,12,36.797
NS57SE_2040,1,0_1,4.98366282775,-9999.0,-9999.0,-9999.0,37.8289985657,126.855821595557,45.0582938599862,255285.0,670969.42,12,8,37.829
NS57SE_2041,1,0_1,4.29240303991,-9999.0,-9999.0,-9999.0,44.7280006409,135.327166083241,51.1888796415726,255471.84,670971.39,28,16,44.728
NS57SE_2044,1,0_1,3.6579695139,-9999.0,-9999.0,-9999.0,33.2270011902,81.7873972798428,37.6193624294363,255014.88,670968.04,12,8,33.227
NS57SE_2045,1,0_1,4.30178408608,-9999.0,-9999.0,-9999.0,37.7649993896,343.791356406036,100.917649490105,255306.86,670968.85,60,32,37.765
NS57SE_2046,1,0_1,4.72769191062,-9999.0,-9999.0,-9999.0,40.1090011597,169.431641218933,56.9124582008466,255331.11,670968.2,28,16,40.109
NS57SE_2048,1,0_1,4.86776009829,-9999.0,-9999.0,-9999.0,37.2140007019,410.890902308005,112.334416363258,255238.19,670966.58,68,36,37.214
NS57SE_2049,1,0_1,4.31064062043,-9999.0,-9999.0,-9999.0,42.3540000916,193.613509896259,59.9609646409403,255516.45,670968.07,20,12,42.354
NS57SE_2050,1,0_1,3.97625576856,-9999.0,-9999.0,-9999.0,44.0800018311,387.931797184888,130.471229522748,255408.4,670971.96,84,44,44.08
NS57SE_2051,1,0_1,4.7817786622,-9999.0,-9999.0,-9999.0,41.3209991455,122.045105741441,44.1911638966853,255344.88,670962.79,12,8,41.321
NS57SE_2052,1,0_1,4.12600734622,-9999.0,-9999.0,-9999.0,41.7120018005,167.157588351869,52.2670342017011,255531.7,670964.08,12,8,41.712
NS57SE_2053,1,0_1,4.04031910149,-9999.0,-9999.0,-9999.0,41.1409988403,191.632101561828,67.7890881295896,255614.31,670964.15,48,26,41.141
NS57SE_2054,1,0_1,2.39981116018,-9999.0,-9999.0,-9999.0,43.9368019104,28.0270725009407,25.6410370916424,255502.2,670956.49,8,6,43.937
NS57SE_2055,1,0_1,3.26441198451,-9999.0,-9999.0,-9999.0,37.3689994812,35.6716124983391,24.3120306018804,255252.09,670954.46,12,8,37.369
NS57SE_2056,1,0_1,4.21239924969,-9999.0,-9999.0,-9999.0,44.0999984741,125.211962997427,48.0932516705396,255427.58,670958.4,28,16,44.1
NS57SE_2057,1,0_1,4.52791881303,-9999.0,-9999.0,-9999.0,41.0439987183,189.656061227666,56.8989096034534,255560.61,670958.37,20,12,41.044
NS57SE_2058,1,0_1,4.25151342344,-9999.0,-9999.0,-9999.0,44.9620018005,147.499565203617,48.7117005293525,255466.36,670955.31,12,8,44.962
NS57SE_2059,1,0_1,4.11658379089,-9999.0,-9999.0,-9999.0,40.2789993286,178.497370529289,56.4135317487089,255357.44,670954.5,20,12,40.279
NS57SE_2060,1,0_1,2.87769082545,-9999.0,-9999.0,-9999.0,42.8390007019,118.206161257449,61.7464980193093,255513.24,670951.24,32,18,42.839
NS57SE_2061,1,0_1,4.50930553828,-9999.0,-9999.0,-9999.0,40.6597747803,161.694375356655,52.7993184358398,255370.39,670949.0,20,12,40.66
NS57SE_2062,1,0_1,5.00576547575,-9999.0,-9999.0,-9999.0,33.0550003052,447.941543980451,85.0518799835111,255042.88,670949.77,12,8,33.055
NS57SE_2063,1,0_1,4.30732145734,-9999.0,-9999.0,-9999.0,41.3400001526,158.379731176505,50.9406886954995,255548.53,670944.86,12,8,41.34
NS57SE_2064,1,0_1,4.03146754612,-9999.0,-9999.0,-9999.0,44.5730018616,183.0313352479,59.693106479999,255460.02,670943.25,28,16,44.573
NS57SE_2066,1,0_1,3.71717599963,-9999.0,-9999.0,-9999.0,33.2179985046,283.552571400544,69.3426270391372,255072.76,670945.35,20,12,33.218
NS57SE_2067,1,0_1,4.75936057895,-9999.0,-9999.0,-9999.0,40.888999939,132.798450786297,48.1939976766071,255385.66,670941.38,20,12,40.889
NS57SE_2069,1,0_1,2.57389115168,-9999.0,-9999.0,-9999.0,42.8310012817,57.0085125000456,38.6175044470943,255524.63,670937.47,28,16,42.831
NS57SE_2070,1,0_1,4.75686543192,-9999.0,-9999.0,-9999.0,34.8409996033,241.558300435686,64.3140696060078,255296.96,670940.29,28,16,34.841
NS57SE_2071,1,0_1,4.26159507247,-9999.0,-9999.0,-9999.0,40.9259986877,353.406603452912,109.402070690732,255597.28,670945.93,56,30,40.926
NS57SE_2072,1,0_1,5.39339233524,-9999.0,-9999.0,-9999.0,33.1679992676,186.471628280712,58.0127607051462,255246.89,670938.04,20,12,33.168
NS57SE_2073,1,0_1,4.59009588955,-9999.0,-9999.0,-9999.0,41.1850013733,180.340470979893,57.9020060691261,255400.08,670934.87,20,12,41.185
NS57SE_2074,1,0_1,4.08377875946,-9999.0,-9999.0,-9999.0,42.516998291,120.255784251361,43.877461690354,255538.37,670934.61,12,8,42.517
NS57SE_2076,1,0_1,4.42555186809,-9999.0,-9999.0,-9999.0,41.1910018921,153.090678020913,53.3556775270055,255579.46,670928.38,28,16,41.191
NS57SE_2077,1,0_1,4.25438484596,-9999.0,-9999.0,-9999.0,30.9890003204,352.684170494623,124.296777834711,255186.32,670931.46,80,42,30.989
NS57SE_2078,1,0_1,4.16580241208,-9999.0,-9999.0,-9999.0,31.1620006561,198.750067190208,68.6748016317294,255212.7,670928.96,20,12,31.162
NS57SE_2079,1,0_1,4.65006373634,-9999.0,-9999.0,-9999.0,40.7680015564,145.681161988677,49.8881910873604,255414.44,670925.63,20,12,40.768
NS57SE_2080,1,0_1,4.02663993717,-9999.0,-9999.0,-9999.0,44.3079986572,424.68908818046,133.180481168469,255491.57,670928.76,84,44,44.308
NS57SE_2081,1,0_1,4.04968365412,-9999.0,-9999.0,-9999.0,31.3869991302,192.152647956916,61.5732414053041,255235.97,670924.61,44,24,31.387
NS57SE_2082,1,0_1,4.72959711948,-9999.0,-9999.0,-9999.0,33.5410003662,176.25397642226,59.3574642978854,255310.38,670920.89,36,20,33.541
NS57SE_2084,1,0_1,5.26430094519,-9999.0,-9999.0,-9999.0,41.8709983826,175.890076299012,54.919020149571,255565.79,670916.69,20,12,41.871
NS57SE_2085,1,0_1,4.69474087632,-9999.0,-9999.0,-9999.0,43.1279983521,411.998600067318,99.7952936469724,255523.0,670919.39,40,22,43.128
NS57SE_2086,1,0_1,4.61848938355,-9999.0,-9999.0,-9999.0,30.5830001831,140.842261509007,47.9547180269795,255227.29,670910.29,20,12,30.583
NS57SE_2087,1,0_1,4.75329385092,-9999.0,-9999.0,-9999.0,31.4313335419,179.608275545873,60.4583667855125,255270.71,670911.3,36,20,31.431
NS57SE_2088,1,0_1,4.34356507298,-9999.0,-9999.0,-9999.0,42.1479988098,227.661182291754,73.3986111787704,255447.35,670909.82,44,24,42.148
NS57SE_2089,1,0_1,4.14514906241,-9999.0,-9999.0,-9999.0,41.7150001526,170.901067298455,59.0534765226688,255617.76,670904.3,36,20,41.715
NS57SE_2090,1,0_1,4.76210201413,-9999.0,-9999.0,-9999.0,43.2150001526,232.666463800714,81.7438695927588,255467.78,670896.37,56,30,43.215
NS57SE_2091,1,0_1,4.50370820014,-9999.0,-9999.0,-9999.0,35.658000946,188.832831260408,61.5735319986768,255399.66,670894.81,36,20,35.658
NS57SE_2092,1,0_1,4.421957442,-9999.0,-9999.0,-9999.0,32.9500007629,686.707251733857,189.013578159143,255346.19,670901.84,84,44,32.95
NS57SE_2093,1,0_1,3.77585951072,-9999.0,-9999.0,-9999.0,30.2919998169,315.104415016609,100.116839574968,255258.04,670890.55,56,30,30.292
NS57SE_2094,1,0_1,4.4175566826,-9999.0,-9999.0,-9999.0,43.9959983826,583.047377859944,147.253037194625,255563.75,670891.25,72,38,43.996
NS57SE_2095,1,0_1,4.02623628714,-9999.0,-9999.0,-9999.0,44.3050003052,343.628704887052,101.448183011722,255494.31,670885.39,60,32,44.305
NS57SE_2096,1,0_1,4.4186817871,-9999.0,-9999.0,-9999.0,33.2299995422,171.899182838897,58.9432169669831,255377.17,670882.56,28,16,33.23
NS57SE_2097,1,0_1,4.19428994376,-9999.0,-9999.0,-9999.0,30.6509990692,417.650494756073,121.623884450224,255298.46,670885.62,56,30,30.651
NS57SE_2098,1,0_1,3.97780744407,-9999.0,-9999.0,-9999.0,36.8517150879,191.863809632391,67.6132506779411,255435.78,670877.03,48,26,36.852
NS57SE_2099,1,0_1,6.48848315466,-9999.0,-9999.0,-9999.0,35.0559997559,193.011148161722,59.6704722631346,255025.41,670876.96,28,16,35.056
NS57SE_2100,1,0_1,2.58829958439,-9999.0,-9999.0,-9999.0,30.3540000916,23.428106254318,22.104545886697,255309.59,670868.62,8,6,30.354
NS57SE_2101,1,0_1,4.22987423275,-9999.0,-9999.0,-9999.0,42.4449996948,403.806386917411,119.68812974445,255600.91,670882.86,64,34,42.445
NS57SE_2102,1,0_1,4.01933070823,-9999.0,-9999.0,-9999.0,33.4199981689,184.154852444311,57.7163416190977,255392.68,670870.24,20,12,33.42
NS57SE_2103,1,0_1,4.76558427795,-9999.0,-9999.0,-9999.0,30.3910007477,159.223099737538,53.2477760181167,255320.77,670871.83,20,12,30.391
NS57SE_2104,1,0_1,2.2806753431,-9999.0,-9999.0,-9999.0,36.0480003357,24.2627849995776,22.7342875295302,255012.74,670864.76,8,6,36.048
NS57SE_2105,1,0_1,2.63724101897,-9999.0,-9999.0,-9999.0,39.5289993286,41.8645800063701,26.1746004103763,255465.85,670864.61,12,8,39.529
NS57SE_2106,1,0_1,2.38640687611,-9999.0,-9999.0,-9999.0,42.192401886,59.710560003251,32.7806057199322,255487.0,670863.26,12,8,42.192
NS57SE_2107,1,0_1,4.25298628882,-9999.0,-9999.0,-9999.0,43.9749984741,147.147903003194,51.5980382172006,255525.89,670867.0,20,12,43.975
NS57SE_2108,1,0_1,4.41114391599,-9999.0,-9999.0,-9999.0,30.5820007324,157.995567385416,55.1463739760841,255334.96,670865.03,28,16,30.582
NS57SE_2109,1,0_1,4.35971074147,-9999.0,-9999.0,-9999.0,34.9440002441,142.016622976364,50.3601137555866,255428.45,670861.24,20,12,34.944
NS57SE_2110,1,0_1,4.52734007925,-9999.0,-9999.0,-9999.0,33.8779983521,155.014373178613,54.6112886952047,255059.34,670860.15,36,20,33.878
NS57SE_2111,1,0_1,5.22667230553,-9999.0,-9999.0,-9999.0,35.4760017395,128.493401151596,45.3582842814468,255021.26,670857.69,12,8,35.476
NS57SE_2112,1,0_1,4.97778019312,-9999.0,-9999.0,-9999.0,43.5800018311,223.246083055818,59.8383390316483,255537.75,670860.71,12,8,43.58
NS57SE_2113,1,0_1,4.22416538697,-9999.0,-9999.0,-9999.0,43.9259986877,156.093880706954,54.7758419613628,255552.89,670854.23,28,16,43.926
NS57SE_2114,1,0_1,4.71966942874,-9999.0,-9999.0,-9999.0,39.6040000916,162.042786091236,55.5237539793568,255480.62,670851.22,28,16,39.604
NS57SE_2116,1,0_1,4.32544072237,-9999.0,-9999.0,-9999.0,33.7820014954,140.244540542504,51.1028599892319,255426.04,670846.63,20,12,33.782
NS57SE_2117,1,0_1,4.9851793713,-9999.0,-9999.0,-9999.0,30.4780006409,249.668318571056,80.3329488950862,255346.04,670852.0,36,20,30.478
NS57SE_2118,1,0_1,5.15753446612,-9999.0,-9999.0,-9999.0,31.6909999847,203.2350733209,60.8250462619211,255088.88,670842.17,20,12,31.691
NS57SE_2119,1,0_1,2.18621775978,-9999.0,-9999.0,-9999.0,41.4000015259,24.0061275043344,22.6060144840804,255525.82,670834.46,8,6,41.4
NS57SE_2120,1,0_1,5.11679265502,-9999.0,-9999.0,-9999.0,30.5970001221,208.659355888664,75.7242772072648,255358.08,670843.91,44,24,30.597
NS57SE_2121,1,0_1,4.80657196045,-9999.0,-9999.0,-9999.0,37.9189987183,155.064037060902,52.397598134111,255472.19,670838.53,20,12,37.919
NS57SE_2122,1,0_1,4.38914313193,-9999.0,-9999.0,-9999.0,34.0,173.049232540821,58.4021641119264,255055.1,670840.07,20,12,34.0
NS57SE_2123,1,0_1,4.71623284718,-9999.0,-9999.0,-9999.0,31.4160003662,175.131833546164,55.3474460376402,255371.01,670838.33,20,12,31.416
NS57SE_2124,1,0_1,4.21032654977,-9999.0,-9999.0,-9999.0,42.7789993286,409.613980931817,118.722329493643,255572.98,670841.63,60,32,42.779
NS57SE_2125,1,0_1,4.09362334216,-9999.0,-9999.0,-9999.0,33.6049995422,161.658506666778,55.5196600168581,255427.75,670830.13,28,16,33.605
NS57SE_2126,1,0_1,5.26800525057,-9999.0,-9999.0,-9999.0,31.8959999084,191.14404293398,65.0034782434663,255140.33,670831.67,36,20,31.896
NS57SE_2128,1,0_1,4.37403519022,-9999.0,-9999.0,-9999.0,34.3810005188,160.341728308499,56.1849071117154,255050.41,670819.53,28,16,34.381
NS57SE_2129,1,0_1,4.8519105168,-9999.0,-9999.0,-9999.0,31.2269992828,355.784105649275,114.263872920083,255386.54,670820.54,64,34,31.227
NS57SE_2130,1,0_1,3.86967856033,-9999.0,-9999.0,-9999.0,32.84400177,208.872784646832,61.4500364584261,255157.26,670812.41,20,12,32.844
NS57SE_2131,1,0_1,2.65335600343,-9999.0,-9999.0,-9999.0,33.3779983521,21.4893899999364,21.7205230189669,255145.42,670806.71,8,6,33.378
NS57SE_2132,1,0_1,2.69179275889,-9999.0,-9999.0,-9999.0,34.0239982605,24.5581725003134,22.8719300486754,255095.92,670804.27,8,6,34.024
NS57SE_2133,1,0_1,4.99626667275,-9999.0,-9999.0,-9999.0,34.5989990234,126.614595063894,45.039193526573,255045.4,670806.09,12,8,34.599
NS57SE_2134,1,0_1,4.50263957333,-9999.0,-9999.0,-9999.0,36.28099823,386.333066235109,109.353830296695,255464.83,670815.87,60,32,36.281
NS57SE_2135,1,0_1,4.52099610618,-9999.0,-9999.0,-9999.0,36.8330001831,156.940933052775,54.8847903479841,255005.98,670806.71,20,12,36.833
NS57SE_2136,1,0_1,2.49844435807,-9999.0,-9999.0,-9999.0,33.7508010864,27.1270387523412,23.7798443455886,255144.05,670800.52,8,6,33.751
NS57SE_2137,1,0_1,4.20146666251,-9999.0,-9999.0,-9999.0,33.7242012024,303.469199304917,100.295639982031,255437.23,670809.38,52,28,33.724
NS57SE_2138,1,0_1,2.16169170498,-9999.0,-9999.0,-9999.0,35.0029983521,53.2668525004353,31.5409317658321,255056.28,670796.47,12,8,35.003
NS57SE_2140,1,0_1,4.44160042158,-9999.0,-9999.0,-9999.0,41.1520004272,337.75824364284,97.6270498276685,255558.34,670804.41,52,28,41.152
NS57SE_2141,1,0_1,3.93172844136,-9999.0,-9999.0,-9999.0,33.9179992676,463.19817294244,144.244857086645,255116.71,670801.68,80,42,33.918
NS57SE_2142,1,0_1,2.75987530904,-9999.0,-9999.0,-9999.0,35.2560005188,47.8579752216355,34.8254321829304,255075.81,670789.2,28,16,35.256
NS57SE_2143,1,0_1,3.86139844929,-9999.0,-9999.0,-9999.0,37.2910003662,696.221772289821,177.09452429249,255502.78,670816.75,104,54,37.291
NS57SE_2144,1,0_1,4.72530543663,-9999.0,-9999.0,-9999.0,35.7890014648,127.869011515444,45.2665337535898,255039.99,670790.87,12,8,35.789
NS57SE_2145,1,0_1,4.02596002857,-9999.0,-9999.0,-9999.0,31.3710002899,192.770971540737,66.7235278911137,255199.41,670788.53,36,20,31.371
NS57SE_2146,1,0_1,3.47914416059,-9999.0,-9999.0,-9999.0,34.0909996033,204.634575940948,66.6460751365364,255145.7,670786.69,28,16,34.091
NS57SE_2147,1,0_1,2.27585137974,-9999.0,-9999.0,-9999.0,32.1040000916,26.9680725002859,24.4220365924494,255187.51,670781.47,8,6,32.104
NS57SE_2148,1,0_1,2.53025747229,-9999.0,-9999.0,-9999.0,35.9560012817,31.1444250005297,26.9711679919878,255047.73,670780.65,8,6,35.956
NS57SE_2149,1,0_1,4.89361542318,-9999.0,-9999.0,-9999.0,33.7430000305,201.030160090655,62.1507974240294,255452.13,670781.69,28,16,33.743
NS57SE_2150,1,0_1,4.44981699234,-9999.0,-9999.0,-9999.0,35.4459991455,151.357909473129,51.1216878534891,255488.29,670775.41,20,12,35.446
NS57SE_2151,1,0_1,4.36560890093,-9999.0,-9999.0,-9999.0,31.2880001068,549.158772346569,140.20416827175,255408.52,670786.94,68,36,31.288
NS57SE_2152,1,0_1,2.45020997634,-9999.0,-9999.0,-9999.0,33.5349998474,28.643782496553,21.9434566091917,255183.39,670765.61,12,8,33.535
NS57SE_2153,1,0_1,5.01758459795,-9999.0,-9999.0,-9999.0,36.2430000305,189.627487338439,56.6690324037879,255033.66,670771.54,12,8,36.243
NS57SE_2154,1,0_1,4.43041692632,-9999.0,-9999.0,-9999.0,32.0219993591,170.329728069327,55.6549226386751,255195.26,670770.75,28,16,32.022
NS57SE_2155,1,0_1,4.75786312134,-9999.0,-9999.0,-9999.0,34.8660011292,257.001975027504,78.0290425726449,255127.77,670771.39,28,16,34.866
NS57SE_2156,1,0_1,4.22108380922,-9999.0,-9999.0,-9999.0,35.6230010986,234.279626594941,67.1082896405461,255088.92,670770.02,36,20,35.623
NS57SE_2158,1,0_1,2.90135444739,-9999.0,-9999.0,-9999.0,31.3260002136,41.7187049945222,26.280529867147,255404.27,670760.17,12,8,31.326
NS57SE_2159,1,0_1,2.88838505215,-9999.0,-9999.0,-9999.0,37.7480010986,27.7867800022567,24.9045259351215,255042.06,670756.65,8,6,37.748
NS57SE_2160,1,0_1,4.05701217118,-9999.0,-9999.0,-9999.0,34.2729988098,190.288113782314,69.2072870275439,255486.3,670759.23,28,16,34.273
NS57SE_2161,1,0_1,4.04733674423,-9999.0,-9999.0,-9999.0,31.3470001221,197.377378499178,60.3225370823581,255422.12,670757.54,36,20,31.347
NS57SE_2162,1,0_1,4.45021146156,-9999.0,-9999.0,-9999.0,37.5009994507,182.174141247402,73.0865976318829,255052.45,670753.89,36,20,37.501
NS57SE_2163,1,0_1,2.75651056041,-9999.0,-9999.0,-9999.0,39.1139984131,29.4879262499511,22.2204664320569,255086.48,670744.16,12,8,39.114
NS57SE_2165,1,0_1,5.68636610091,-9999.0,-9999.0,-9999.0,38.4920005798,184.705944180689,56.4076907470249,255007.93,670745.03,28,16,38.492
NS57SE_2166,1,0_1,4.36810080049,-9999.0,-9999.0,-9999.0,33.0079994202,152.260073885187,51.7875549606996,255477.02,670744.62,20,12,33.008
NS57SE_2167,1,0_1,2.3344908905,-9999.0,-9999.0,-9999.0,39.6054992676,26.2894312513652,20.8066384265162,255100.97,670740.04,12,8,39.605
NS57SE_2168,1,0_1,4.15997429871,-9999.0,-9999.0,-9999.0,31.0970001221,198.419328746778,63.1591916549818,255428.89,670743.86,28,16,31.097
NS57SE_2169,1,0_1,2.71228596936,-9999.0,-9999.0,-9999.0,39.7140007019,37.5033974973279,25.8374800573531,255116.53,670736.96,12,8,39.714
NS57SE_2170,1,0_1,4.23127986735,-9999.0,-9999.0,-9999.0,32.0250015259,227.898414444758,68.504218387851,255247.88,670741.2,36,20,32.025
NS57SE_2171,1,0_1,4.67420606248,-9999.0,-9999.0,-9999.0,38.891998291,294.679678720179,98.0612802115003,255069.17,670741.47,52,28,38.892
NS57SE_2172,1,0_1,4.82912659703,-9999.0,-9999.0,-9999.0,31.829000473,317.918585124543,113.990432297929,255222.75,670744.36,56,30,31.829
NS57SE_2173,1,0_1,5.11520688098,-9999.0,-9999.0,-9999.0,39.7589988708,124.032292039286,44.5895407653088,255091.9,670731.67,12,8,39.759
NS57SE_2174,1,0_1,4.26395612886,-9999.0,-9999.0,-9999.0,32.3689994812,132.10377112904,46.007570819631,255470.91,670731.19,12,8,32.369
NS57SE_2175,1,0_1,4.37621904488,-9999.0,-9999.0,-9999.0,38.8730010986,136.755507562961,49.1120453474655,255026.15,670730.63,20,12,38.873
NS57SE_2176,1,0_1,3.86454344218,-9999.0,-9999.0,-9999.0,32.1870002747,172.414606242841,67.1859099646651,255291.34,670729.76,28,16,32.187
NS57SE_2177,1,0_1,2.14861564636,-9999.0,-9999.0,-9999.0,33.9550018311,31.8719100031537,23.9107265419162,255228.38,670724.74,12,8,33.955
NS57SE_2178,1,0_1,5.0380785598,-9999.0,-9999.0,-9999.0,39.9280014038,122.810057363451,44.3393451771487,255107.22,670727.44,12,8,39.928
NS57SE_2179,1,0_1,2.86219612757,-9999.0,-9999.0,-9999.0,37.7299995422,26.542158749203,21.2551335934906,255162.35,670724.21,12,8,37.73
NS57SE_2180,1,0_1,4.47468827465,-9999.0,-9999.0,-9999.0,33.2739982605,525.214863326129,168.381094748182,255185.92,670741.64,76,40,33.274
NS57SE_2181,1,0_1,4.43816801117,-9999.0,-9999.0,-9999.0,33.3909988403,972.617264215828,244.537787454343,255531.05,670755.83,144,74,33.391
NS57SE_2182,1,0_1,4.32459815367,-9999.0,-9999.0,-9999.0,39.4230003357,172.372677849815,69.7412227193048,255125.18,670726.53,36,20,39.423
NS57SE_2183,1,0_1,4.50164048701,-9999.0,-9999.0,-9999.0,31.2609996796,206.328018851281,60.9974374253651,255428.09,670723.81,28,16,31.261
NS57SE_2184,1,0_1,4.58874542289,-9999.0,-9999.0,-9999.0,39.3380012512,147.344031053696,50.8187368698468,255038.84,670721.38,20,12,39.338
NS57SE_2185,1,0_1,5.12399604522,-9999.0,-9999.0,-9999.0,35.3269996643,126.728239194818,45.049978353811,255212.6,670720.01,12,8,35.327
NS57SE_2186,1,0_1,5.12835072449,-9999.0,-9999.0,-9999.0,32.5579986572,139.98189855634,47.3519102655139,255257.07,670720.27,12,8,32.558
NS57SE_2187,1,0_1,5.23574663453,-9999.0,-9999.0,-9999.0,32.5480003357,123.071491424559,44.4115301137674,255287.75,670714.8,12,8,32.548
NS57SE_2188,1,0_1,4.44807290959,-9999.0,-9999.0,-9999.0,38.3989982605,353.348619270892,91.0208158319876,255145.74,670718.9,36,20,38.399
NS57SE_2190,1,0_1,3.15351867676,-9999.0,-9999.0,-9999.0,32.5589981079,33.8757412514493,27.4406206124594,255301.04,670708.76,8,6,32.559
NS57SE_2191,1,0_1,3.04531094051,-9999.0,-9999.0,-9999.0,39.8979988098,58.1772787414713,30.5589260588039,255026.73,670709.51,12,8,39.898
NS57SE_2192,1,0_1,3.97900746663,-9999.0,-9999.0,-9999.0,40.4770011902,181.620130520162,68.9721123482806,255050.26,670712.07,36,20,40.477
NS57SE_2193,1,0_1,4.27238738072,-9999.0,-9999.0,-9999.0,37.6013336182,240.883806486341,67.6464942685044,255171.73,670709.72,28,16,37.601
NS57SE_2194,1,0_1,4.45873839658,-9999.0,-9999.0,-9999.0,41.0769996643,132.697840589474,48.968652966054,255068.36,670707.92,28,16,41.077
NS57SE_2195,1,0_1,3.98536128192,-9999.0,-9999.0,-9999.0,33.6370010376,190.871738318051,80.9357373528968,255253.18,670705.87,52,28,33.637
NS57SE_2197,1,0_1,4.26911334678,-9999.0,-9999.0,-9999.0,23.6040000916,616.659889655566,191.591046381996,255482.42,670706.55,92,48,23.604
NS57SE_2198,1,0_1,3.75157628635,-9999.0,-9999.0,-9999.0,32.3160018921,135.351740077127,47.8139570697317,255332.55,670700.47,28,16,32.316
NS57SE_2199,1,0_1,4.71355335851,-9999.0,-9999.0,-9999.0,33.2599983215,204.2286527666,56.4737769337681,255289.52,670699.04,24,14,33.26
NS57SE_2200,1,0_1,3.51544086545,-9999.0,-9999.0,-9999.0,41.2379989624,55.4365414612715,29.9412192148706,255058.63,670694.27,12,8,41.238
NS57SE_2201,1,0_1,4.57266626826,-9999.0,-9999.0,-9999.0,40.591999054,307.693592234954,94.5788229108605,255090.53,670698.88,52,28,40.592
NS57SE_2202,1,0_1,4.50506510916,-9999.0,-9999.0,-9999.0,35.9490013123,404.996688756468,125.440332531047,255222.04,670698.57,64,34,35.949
NS57SE_2203,1,0_1,4.90102346345,-9999.0,-9999.0,-9999.0,31.7240009308,503.430688631531,114.16111282087,255408.66,670699.62,56,30,31.724
NS57SE_2204,1,0_1,2.68462670816,-9999.0,-9999.0,-9999.0,41.2939987183,23.1750524951859,22.6955212629219,255071.67,670689.11,8,6,41.294
NS57SE_2205,1,0_1,2.72505371659,-9999.0,-9999.0,-9999.0,41.0040016174,23.876482498202,24.5816996787654,255088.26,670689.07,8,6,41.004
NS57SE_2206,1,0_1,4.72538158338,-9999.0,-9999.0,-9999.0,40.4939994812,148.326353222602,51.7058030368563,255113.21,670692.67,20,12,40.494
NS57SE_2207,1,0_1,4.63270028681,-9999.0,-9999.0,-9999.0,40.2200012207,134.089597257019,46.5180317174657,255127.81,670690.05,16,10,40.22
NS57SE_2208,1,0_1,4.9064855204,-9999.0,-9999.0,-9999.0,35.3629989624,141.56049765126,47.6242149702732,255255.35,670687.85,12,8,35.363
NS57SE_2209,1,0_1,4.15069417087,-9999.0,-9999.0,-9999.0,40.0009994507,142.672491902317,50.6950532341972,255142.14,670685.63,20,12,40.001
NS57SE_2210,1,0_1,4.96719277886,-9999.0,-9999.0,-9999.0,34.3520011902,181.885822239542,56.5465263184113,255291.98,670682.9,20,12,34.352
NS57SE_2211,1,0_1,5.10286651394,-9999.0,-9999.0,-9999.0,39.8330001831,125.398892154001,44.8188165174462,255157.32,670681.99,12,8,39.833
NS57SE_2212,1,0_1,3.02860179846,-9999.0,-9999.0,-9999.0,40.7770004272,35.6841851312834,25.2850711886181,255102.8,670679.08,12,8,40.777
NS57SE_2213,1,0_1,4.48498253744,-9999.0,-9999.0,-9999.0,39.5149993896,142.442370889486,50.8754223440784,255171.78,670677.29,20,12,39.515
NS57SE_2214,1,0_1,4.40441267213,-9999.0,-9999.0,-9999.0,39.6599998474,179.042804573684,53.9912535297408,255185.89,670671.73,12,8,39.66
NS57SE_2215,1,0_1,2.59652050432,-9999.0,-9999.0,-9999.0,40.4729995728,45.9537673426252,32.748686450244,255145.65,670666.47,8,6,40.473
NS57SE_2216,1,0_1,2.77126992638,-9999.0,-9999.0,-9999.0,40.4010009766,39.2377425022481,37.4406127860539,255159.06,670663.95,24,14,40.401
NS57SE_2217,1,0_1,4.10014327489,-9999.0,-9999.0,-9999.0,39.4739990234,169.442666790027,52.2583272984177,255201.03,670667.8,12,8,39.474
NS57SE_2218,1,0_1,4.57286377327,-9999.0,-9999.0,-9999.0,35.5279998779,156.098855231709,53.7184523587221,255291.61,670666.5,20,12,35.528
NS57SE_2219,1,0_1,2.43571068259,-9999.0,-9999.0,-9999.0,39.2249984741,21.4700324959535,21.7095411193803,255034.07,670661.17,8,6,39.225
NS57SE_2220,1,0_1,4.23286671041,-9999.0,-9999.0,-9999.0,39.1910018921,161.587840218954,63.9154945403351,255214.25,670664.09,28,16,39.191
NS57SE_2221,1,0_1,2.63082098454,-9999.0,-9999.0,-9999.0,34.6879997253,35.6158874984115,23.947754569321,255308.25,670658.55,12,8,34.688
NS57SE_2223,1,0_1,2.9694702989,-9999.0,-9999.0,-9999.0,39.7630004883,30.2806762456715,22.2742172161322,255050.13,670657.99,12,8,39.763
NS57SE_2224,1,0_1,4.71227489323,-9999.0,-9999.0,-9999.0,31.4549999237,1067.54306758538,170.022353461227,255443.18,670666.51,52,28,31.455
NS57SE_2225,1,0_1,4.7105572658,-9999.0,-9999.0,-9999.0,37.7239990234,190.876635278388,59.6250314233448,255013.06,670659.41,36,20,37.724
NS57SE_2226,1,0_1,2.37244009689,-9999.0,-9999.0,-9999.0,40.0060005188,68.9869212705632,36.1599781537329,255079.38,670657.29,12,8,40.006
NS57SE_2227,1,0_1,3.89753200492,-9999.0,-9999.0,-9999.0,38.813999176,182.605110886827,69.1873656778337,255228.63,670658.38,36,20,38.814
NS57SE_2228,1,0_1,4.78971237923,-9999.0,-9999.0,-9999.0,37.9090003967,135.696619789495,46.6107667582461,255026.59,670652.87,12,8,37.909
NS57SE_2231,1,0_1,4.75674828968,-9999.0,-9999.0,-9999.0,38.172000885,155.651753111233,49.9718805560694,255040.96,670649.23,12,8,38.172
NS57SE_2234,1,0_1,4.11846816032,-9999.0,-9999.0,-9999.0,38.8170013428,199.841656222205,75.808746700263,255249.98,670649.32,44,24,38.817
NS57SE_2236,1,0_1,4.86793317569,-9999.0,-9999.0,-9999.0,38.0870018005,342.915940460034,102.569101273825,255062.96,670643.5,36,20,38.087
NS57SE_2239,1,0_1,6.18537972613,-9999.0,-9999.0,-9999.0,38.0130004883,149.451658931512,50.0436779297833,255084.64,670638.17,20,12,38.013
NS57SE_2240,1,0_1,4.50419711908,-9999.0,-9999.0,-9999.0,37.7210006714,154.280186908987,49.6838414862551,255101.22,670632.21,12,8,37.721
NS57SE_2242,1,0_1,4.45827129307,-9999.0,-9999.0,-9999.0,29.281999588,718.350744399386,161.725916917154,255361.49,670647.23,96,50,29.282
NS57SE_2243,1,0_1,4.98324324973,-9999.0,-9999.0,-9999.0,37.3860015869,126.256819738096,44.9601424558569,255114.22,670627.2,12,8,37.386
NS57SE_2253,1,0_1,3.89022172243,-9999.0,-9999.0,-9999.0,38.5880012512,474.13631559583,145.92264627966,255237.4,670625.78,96,50,38.588
NS57SE_1019,1,0_2,3.95254298619,-9999.0,-9999.0,-9999.0,62.7849998474,49.4740574953496,31.0149083568225,255540.78,671873.92,12,8,62.785
NS57SE_1024,1,0_2,3.17552893082,-9999.0,-9999.0,-9999.0,56.2598991394,106.721240024573,65.1671394211974,255167.23,671872.46,44,24,56.26
NS57SE_1025,1,0_2,5.59976658677,-9999.0,-9999.0,-9999.0,56.8600006104,139.961114259727,48.8313943824365,255177.76,671868.4,20,12,56.86
NS57SE_1027,1,0_2,5.11150011908,-9999.0,-9999.0,-9999.0,59.1430015564,224.993438224078,81.1103081022717,255195.74,671870.31,44,24,59.143
NS57SE_1028,1,0_2,2.55033320836,-9999.0,-9999.0,-9999.0,65.4240036011,46.6000537475006,29.0787050142896,255467.77,671864.14,12,8,65.424
NS57SE_1029,1,0_2,5.61177530854,-9999.0,-9999.0,-9999.0,64.6200027466,149.394832104557,52.4768615920946,255484.51,671865.03,20,12,64.62
NS57SE_1031,1,0_2,5.41279904048,-9999.0,-9999.0,-9999.0,62.483001709,87.5435531548721,41.3148137681518,255542.29,671864.05,20,12,62.483
NS57SE_1033,1,0_2,2.15337819392,-9999.0,-9999.0,-9999.0,62.6739997864,51.5685749998073,28.7849201692915,255532.77,671859.56,12,8,62.674
NS57SE_1034,1,0_2,6.38271531937,-9999.0,-9999.0,-9999.0,58.9449996948,139.348814311235,56.3443783050596,255623.26,671862.62,36,20,58.945
NS57SE_1035,1,0_2,7.36036922934,-9999.0,-9999.0,-9999.0,51.797000885,555.177641736598,179.937731173069,255122.76,671865.81,100,52,51.797
NS57SE_1036,1,0_2,5.42091157764,-9999.0,-9999.0,-9999.0,63.1310005188,175.732093203655,59.6269107047853,255519.58,671863.13,36,20,63.131
NS57SE_1037,1,0_2,7.56173222347,-9999.0,-9999.0,-9999.0,55.5299987793,180.968214136222,55.7851513866823,255156.2,671859.59,20,12,55.53
NS57SE_1039,1,0_2,4.92750107637,-9999.0,-9999.0,-9999.0,59.3549995422,231.916070571648,65.5416846374616,255230.16,671856.14,36,20,59.355
NS57SE_1040,1,0_2,2.1339739286,-9999.0,-9999.0,-9999.0,64.03099823,50.6006137466019,40.8799651032348,255476.33,671851.65,24,14,64.031
NS57SE_1041,1,0_2,5.40577431656,-9999.0,-9999.0,-9999.0,62.4070014954,155.875077204982,51.5862867045362,255249.7,671853.84,20,12,62.407
NS57SE_1043,1,0_2,4.78085051153,-9999.0,-9999.0,-9999.0,65.1060028076,337.522385485573,105.025836865156,255453.79,671856.87,84,44,65.106
NS57SE_1046,1,0_2,6.43142060696,-9999.0,-9999.0,-9999.0,63.2729988098,122.679776135812,44.966412700348,255491.72,671847.86,12,8,63.273
NS57SE_1050,1,0_2,4.95000882266,-9999.0,-9999.0,-9999.0,61.3709983826,219.129997615977,65.5635515468498,255575.82,671847.31,36,20,61.371
NS57SE_1051,1,0_2,6.12553887362,-9999.0,-9999.0,-9999.0,63.141998291,219.30788253346,67.3145279404307,255318.82,671842.86,28,16,63.142
NS57SE_1052,1,0_2,6.29869297477,-9999.0,-9999.0,-9999.0,59.8730010986,145.621937947552,49.802891453109,255616.57,671844.51,12,8,59.873
NS57SE_1053,1,0_2,5.18404004842,-9999.0,-9999.0,-9999.0,61.8789978027,192.660217085565,67.5308131517506,255289.93,671843.45,28,16,61.879
NS57SE_1055,1,0_2,5.00238141223,-9999.0,-9999.0,-9999.0,63.7260017395,237.966517826741,88.1828505554076,255355.17,671835.99,48,26,63.726
NS57SE_1056,1,0_2,5.79539849719,-9999.0,-9999.0,-9999.0,64.6770019531,235.374114941936,68.8575847967336,255386.73,671833.43,28,16,64.677
NS57SE_1057,1,0_2,5.10845723628,-9999.0,-9999.0,-9999.0,61.6010017395,200.095414062664,85.2440261032121,255564.1,671832.79,52,28,61.601
NS57SE_1059,1,0_2,5.7905535923,-9999.0,-9999.0,-9999.0,64.6429977417,229.169845218583,61.8459015076077,255424.8,671830.16,12,8,64.643
NS57SE_1062,1,0_2,5.31548417343,-9999.0,-9999.0,-9999.0,62.0200004578,172.288694232534,55.1328858407841,255540.36,671828.37,20,12,62.02
NS57SE_1063,1,0_2,6.04126103328,-9999.0,-9999.0,-9999.0,61.3506965637,167.817660862792,58.5248568114156,255606.8,671828.35,28,16,61.351
NS57SE_1064,1,0_2,6.50042051736,-9999.0,-9999.0,-9999.0,64.25,376.884995198796,98.9546811860015,255454.45,671831.39,28,16,64.25
NS57SE_1066,1,0_2,5.32303051969,-9999.0,-9999.0,-9999.0,62.8180007935,298.38237045084,83.0331808485043,255499.51,671829.59,52,28,62.818
NS57SE_1070,1,0_2,4.87986591219,-9999.0,-9999.0,-9999.0,62.3709983826,255.326296955244,88.0856604776025,255523.17,671822.95,52,28,62.371
NS57SE_1073,1,0_2,2.07456084357,-9999.0,-9999.0,-9999.0,63.7802009583,25.5588487471475,25.032235391732,255584.23,671810.7,16,10,63.78
NS57SE_1077,1,0_2,5.70401833763,-9999.0,-9999.0,-9999.0,62.7430000305,166.599547162562,61.5428033234728,255600.71,671813.69,36,20,62.743
NS57SE_1082,1,0_2,5.20843458743,-9999.0,-9999.0,-9999.0,48.5480003357,168.576091690228,51.9358384397891,255010.88,671803.91,12,8,48.548
NS57SE_1085,1,0_2,4.05332762731,-9999.0,-9999.0,-9999.0,59.2999992371,485.846376514721,134.457197139479,255296.51,671806.67,76,40,59.3
NS57SE_1086,1,0_2,3.25628305941,-9999.0,-9999.0,-9999.0,63.5480003357,49.688212509127,28.2300176954355,255425.12,671797.12,12,8,63.548
NS57SE_1088,1,0_2,6.80303824471,-9999.0,-9999.0,-9999.0,64.8570022583,120.472229126753,44.500840878031,255593.58,671795.59,12,8,64.857
NS57SE_1092,1,0_2,4.13351748326,-9999.0,-9999.0,-9999.0,61.5636672974,160.21990124992,60.2762328347505,255379.57,671791.5,40,22,61.564
NS57SE_1097,1,0_2,4.31022724086,-9999.0,-9999.0,-9999.0,62.4434967041,390.160108362482,136.693856764686,255406.34,671790.65,84,44,62.444
NS57SE_1099,1,0_2,2.58031955664,-9999.0,-9999.0,-9999.0,66.5210037231,36.6038737593033,29.3926252090454,255543.12,671779.69,16,10,66.521
NS57SE_1100,1,0_2,4.62716383017,-9999.0,-9999.0,-9999.0,63.9879989624,395.877283196633,128.856448861325,255447.43,671783.14,60,32,63.988
NS57SE_1101,1,0_2,4.66445566802,-9999.0,-9999.0,-9999.0,59.436000824,591.358073605014,175.944655982771,255343.65,671786.24,112,58,59.436
NS57SE_1103,1,0_2,2.21099125255,-9999.0,-9999.0,-9999.0,66.8300018311,80.2833658410179,49.3403942243424,255562.63,671781.67,32,18,66.83
NS57SE_1105,1,0_2,4.77953469228,-9999.0,-9999.0,-9999.0,64.8379974365,155.652954815744,53.9679265403767,255474.79,671777.59,28,16,64.838
NS57SE_1106,1,0_2,2.33874711758,-9999.0,-9999.0,-9999.0,67.3539962769,41.8385850065599,25.9504684016482,255586.66,671774.29,12,8,67.354
NS57SE_1107,1,0_2,4.46487340695,-9999.0,-9999.0,-9999.0,57.8379974365,214.808950519639,62.8119493099889,255281.54,671779.91,28,16,57.838
NS57SE_1109,1,0_2,4.03851251966,-9999.0,-9999.0,-9999.0,64.8590011597,504.793859341392,116.237926523463,255501.26,671775.91,56,30,64.859
NS57SE_1110,1,0_2,5.57419189959,-9999.0,-9999.0,-9999.0,66.4700012207,142.067144274393,49.9120078495663,255531.91,671769.37,28,16,66.47
NS57SE_1111,1,0_2,5.21079634164,-9999.0,-9999.0,-9999.0,67.0650024414,134.736673731482,47.978526992756,255550.93,671767.34,20,12,67.065
NS57SE_1113,1,0_2,4.38015630081,-9999.0,-9999.0,-9999.0,67.1809997559,237.143683381791,69.3166934202094,255573.44,671766.75,44,24,67.181
NS57SE_1114,1,0_2,6.75358758596,-9999.0,-9999.0,-9999.0,66.6940002441,122.056586253326,44.69449753438,255616.7,671764.48,12,8,66.694
NS57SE_1119,1,0_2,2.87412444405,-9999.0,-9999.0,-9999.0,56.1360015869,20.7912374993969,21.7001586918712,255262.76,671752.84,8,6,56.136
NS57SE_1126,1,0_2,4.69985301301,-9999.0,-9999.0,-9999.0,56.4500007629,389.590961253553,95.5990859169609,255297.79,671756.21,44,24,56.45
NS57SE_1127,1,0_2,2.30602629431,-9999.0,-9999.0,-9999.0,55.9090003967,32.3582841667339,24.4376395895085,255270.88,671744.32,12,8,55.909
NS57SE_1128,1,0_2,4.85474328189,-9999.0,-9999.0,-9999.0,58.5320014954,385.987083613813,110.227899474746,255387.62,671747.45,68,36,58.532
NS57SE_1129,1,0_2,4.58387694488,-9999.0,-9999.0,-9999.0,57.4169998169,192.51095469486,84.1396855422313,255362.78,671746.51,52,28,57.417
NS57SE_1130,1,0_2,4.29969875123,-9999.0,-9999.0,-9999.0,63.4456672668,201.614639599707,66.3786550863593,255414.75,671742.88,32,18,63.446
NS57SE_1132,1,0_2,4.45736741813,-9999.0,-9999.0,-9999.0,66.2789993286,180.934749317857,57.4331406577652,255438.07,671740.07,28,16,66.279
NS57SE_1134,1,0_2,5.74340037926,-9999.0,-9999.0,-9999.0,55.3499984741,266.508548498664,67.1380363894001,255343.96,671738.98,32,18,55.35
NS57SE_1139,1,0_2,6.86616674982,-9999.0,-9999.0,-9999.0,49.8390007019,7241.64272892433,454.034074650071,255175.13,671777.28,124,64,49.839
NS57SE_1140,1,0_2,4.85365372915,-9999.0,-9999.0,-9999.0,56.0820007324,163.739974124783,58.2284567490605,255285.81,671731.12,20,12,56.082
NS57SE_1141,1,0_2,3.96427108115,-9999.0,-9999.0,-9999.0,67.5429992676,783.047701019886,226.783818713298,255481.71,671734.02,152,78,67.543
NS57SE_1143,1,0_2,2.57798173293,-9999.0,-9999.0,-9999.0,55.7739982605,29.813017501919,22.2485625177528,255272.68,671722.46,12,8,55.774
NS57SE_1144,1,0_2,3.76921153003,-9999.0,-9999.0,-9999.0,69.4160003662,189.464161463239,60.8566686841165,255526.92,671727.92,36,20,69.416
NS57SE_1145,1,0_2,5.55647522235,-9999.0,-9999.0,-9999.0,66.736000061,394.868976334704,104.829916035991,255609.19,671736.59,28,16,66.736
NS57SE_1150,1,0_2,3.95845459269,-9999.0,-9999.0,-9999.0,68.9199981689,395.090819186673,136.029324507086,255550.43,671722.83,100,52,68.92
NS57SE_1158,1,0_2,2.97554740714,-9999.0,-9999.0,-9999.0,54.533000946,52.7669549993153,30.3777685424647,255234.6,671709.34,12,8,54.533
NS57SE_1161,1,0_2,4.70539484369,-9999.0,-9999.0,-9999.0,54.5289993286,427.967283764961,91.5622322948762,255330.74,671715.65,40,22,54.529
NS57SE_1163,1,0_2,2.56580172358,-9999.0,-9999.0,-9999.0,54.763999939,24.0776999981582,22.375928245869,255256.48,671697.6,8,6,54.764
NS57SE_1164,1,0_2,4.23427262812,-9999.0,-9999.0,-9999.0,70.4789962769,196.995113505686,69.6341798955343,255486.3,671699.55,28,16,70.479
NS57SE_1165,1,0_2,3.10364583027,-9999.0,-9999.0,-9999.0,71.5709991455,47.5499879709089,30.4653287208236,255530.93,671697.19,12,8,71.571
NS57SE_1166,1,0_2,2.28100199095,-9999.0,-9999.0,-9999.0,50.8269996643,20.9599350051156,22.3328886485699,255116.3,671692.57,8,6,50.827
NS57SE_1168,1,0_2,4.50302420311,-9999.0,-9999.0,-9999.0,71.4319992065,191.226465638421,66.7741393032132,255554.23,671692.47,36,20,71.432
NS57SE_1169,1,0_2,5.13111014669,-9999.0,-9999.0,-9999.0,54.7569999695,584.079894882632,139.427668870576,255274.26,671701.93,72,38,54.757
NS57SE_1170,1,0_2,2.41430093155,-9999.0,-9999.0,-9999.0,49.3569984436,42.4819837448962,30.6989007196308,255070.12,671683.84,16,10,49.357
NS57SE_1171,1,0_2,5.37398787743,-9999.0,-9999.0,-9999.0,54.4869995117,153.262963460857,54.8338323716596,255248.89,671685.92,36,20,54.487
NS57SE_1172,1,0_2,2.99787339042,-9999.0,-9999.0,-9999.0,51.9189987183,69.9989099992104,34.0015708120465,255147.8,671686.57,16,10,51.919
NS57SE_1174,1,0_2,4.54887622786,-9999.0,-9999.0,-9999.0,53.8979988098,312.792774185888,72.4680477315721,255225.57,671684.69,24,14,53.898
NS57SE_1177,1,0_2,4.41465028999,-9999.0,-9999.0,-9999.0,52.9199981689,473.783920016757,121.268738139301,255196.19,671681.96,68,36,52.92
NS57SE_1178,1,0_2,5.1493603393,-9999.0,-9999.0,-9999.0,54.2910003662,361.051602742139,127.512029058549,255335.66,671685.57,60,32,54.291
NS57SE_1180,1,0_2,5.05823908726,-9999.0,-9999.0,-9999.0,67.8653335571,650.387537208717,198.297840716805,255618.57,671680.03,124,64,67.865
NS57SE_1182,1,0_2,5.41824926677,-9999.0,-9999.0,-9999.0,52.2319984436,253.683584712834,86.293225037552,255164.04,671674.65,44,24,52.232
NS57SE_1185,1,0_2,3.11077879358,-9999.0,-9999.0,-9999.0,54.0979995728,134.727863267329,59.4254361749213,255354.58,671677.42,28,16,54.098
NS57SE_1194,1,0_2,2.19787400688,-9999.0,-9999.0,-9999.0,54.391998291,40.042743747239,25.6026918300675,255376.78,671662.91,12,8,54.392
NS57SE_1197,1,0_2,4.29099033593,-9999.0,-9999.0,-9999.0,49.4469985962,948.82302260836,287.978737021207,255111.68,671674.02,140,72,49.447
NS57SE_1199,1,0_2,5.53482670466,-9999.0,-9999.0,-9999.0,53.5429992676,155.126374765289,53.4781193410233,255337.0,671662.95,20,12,53.543
NS57SE_1200,1,0_2,3.88330728867,-9999.0,-9999.0,-9999.0,48.5289993286,200.783423799987,64.4240312442818,255065.77,671663.52,28,16,48.529
NS57SE_1201,1,0_2,4.01806214634,-9999.0,-9999.0,-9999.0,46.8819999695,491.37564165801,124.067681494397,255040.25,671667.48,60,32,46.882
NS57SE_1203,1,0_2,4.96765592599,-9999.0,-9999.0,-9999.0,53.3470001221,209.679454925524,69.046423690319,255351.09,671649.74,28,16,53.347
NS57SE_1205,1,0_2,6.19561079719,-9999.0,-9999.0,-9999.0,53.2960014343,127.129125688667,45.3283996620705,255372.43,671648.64,12,8,53.296
NS57SE_1209,1,0_2,6.82671980107,-9999.0,-9999.0,-9999.0,54.6590003967,141.875755622706,50.632139836649,255390.22,671647.34,28,16,54.659
NS57SE_1210,1,0_2,3.92126839639,-9999.0,-9999.0,-9999.0,70.4550018311,192.818442077826,64.6246456489729,255557.22,671645.16,44,24,70.455
NS57SE_1211,1,0_2,2.35170130369,-9999.0,-9999.0,-9999.0,70.2220001221,30.651074996255,23.787125692513,255542.99,671634.64,12,8,70.222
NS57SE_1212,1,0_2,5.65607697409,-9999.0,-9999.0,-9999.0,57.9339981079,232.699464018984,71.7998891218185,255420.33,671640.77,36,20,57.934
NS57SE_1213,1,0_2,4.46902623269,-9999.0,-9999.0,-9999.0,53.3639984131,187.680937098133,59.7709363660945,255212.88,671638.4,24,14,53.364
NS57SE_1214,1,0_2,4.09121983319,-9999.0,-9999.0,-9999.0,53.8460006714,870.542436163967,227.691767095478,255252.21,671643.87,108,54,53.846
NS57SE_1220,1,0_2,4.27656203483,-9999.0,-9999.0,-9999.0,52.65599823,359.503386032395,107.263634845233,255193.04,671633.81,60,32,52.656
NS57SE_1222,1,0_2,4.21041065258,-9999.0,-9999.0,-9999.0,69.2959976196,185.485817614278,55.2344245530284,255559.79,671627.55,12,8,69.296
NS57SE_1223,1,0_2,4.16224630798,-9999.0,-9999.0,-9999.0,50.1843338013,181.933494700229,63.9212759145079,255117.42,671626.77,36,20,50.184
NS57SE_1224,1,0_2,4.22341353684,-9999.0,-9999.0,-9999.0,68.375,124.324720413078,44.6060535215948,255603.8,671625.15,12,8,68.375
NS57SE_1225,1,0_2,3.68343849689,-9999.0,-9999.0,-9999.0,68.5510025024,258.328872768815,74.6511441201931,255618.79,671627.72,28,16,68.551
NS57SE_1228,1,0_2,3.20329018617,-9999.0,-9999.0,-9999.0,67.952003479,54.7154400009866,30.7898706543342,255546.04,671618.77,12,8,67.952
NS57SE_1229,1,0_2,3.9102663774,-9999.0,-9999.0,-9999.0,53.938999176,825.967965218738,217.127983885769,255297.12,671644.51,136,70,53.939
NS57SE_1231,1,0_2,3.9249314449,-9999.0,-9999.0,-9999.0,50.5429992676,747.201985458847,177.326387086277,255150.83,671627.14,124,64,50.543
NS57SE_1233,1,0_2,3.01963895581,-9999.0,-9999.0,-9999.0,53.2560005188,73.6808116960743,34.342277034506,255222.19,671614.24,12,8,53.256
NS57SE_1234,1,0_2,3.05585535136,-9999.0,-9999.0,-9999.0,54.0540008545,62.9204711527701,31.8751394684085,255273.2,671611.91,12,8,54.054
NS57SE_1236,1,0_2,5.50064043742,-9999.0,-9999.0,-9999.0,53.3860015869,139.863453348883,47.8762188712952,255345.67,671613.38,20,12,53.386
NS57SE_1238,1,0_2,3.81453042371,-9999.0,-9999.0,-9999.0,52.5979995728,238.935333348211,91.2118415839714,255371.54,671612.38,52,28,52.598
NS57SE_1239,1,0_2,4.2448425388,-9999.0,-9999.0,-9999.0,67.3519973755,209.617850878167,60.7633265296322,255562.13,671613.25,36,20,67.352
NS57SE_1240,1,0_2,4.11956318987,-9999.0,-9999.0,-9999.0,46.4930000305,1096.60857535855,309.31973226419,255072.21,671618.8,168,86,46.493
NS57SE_1242,1,0_2,2.93581557144,-9999.0,-9999.0,-9999.0,65.9810028076,49.0775399983051,28.4050803646687,255547.77,671604.15,12,8,65.981
NS57SE_1243,1,0_2,2.50114266532,-9999.0,-9999.0,-9999.0,50.7840003967,20.7976949947146,21.277961075971,255142.08,671602.95,8,6,50.784
NS57SE_1244,1,0_2,2.429647411,-9999.0,-9999.0,-9999.0,46.8979988098,74.2531125087432,45.0758422788413,255057.58,671601.67,24,14,46.898
NS57SE_1245,1,0_2,2.41939831344,-9999.0,-9999.0,-9999.0,49.5999984741,44.0991450070734,27.0227225962821,255112.44,671601.67,12,8,49.6
NS57SE_1246,1,0_2,2.27455354773,-9999.0,-9999.0,-9999.0,48.3059997559,44.1672449951294,26.7259437093007,255077.87,671600.14,12,8,48.306
NS57SE_1247,1,0_2,2.73640919264,-9999.0,-9999.0,-9999.0,51.9469985962,48.1949895662989,29.5598412703154,255183.25,671600.41,20,12,51.947
NS57SE_1248,1,0_2,3.95443479943,-9999.0,-9999.0,-9999.0,53.8909988403,204.003556304072,61.5695286956329,255306.52,671604.25,20,12,53.891
NS57SE_1249,1,0_2,3.42619315523,-9999.0,-9999.0,-9999.0,53.5260009766,280.066817324585,79.2318577078106,255399.4,671604.59,28,16,53.526
NS57SE_1250,1,0_2,2.10019099459,-9999.0,-9999.0,-9999.0,53.71900177,25.9870950037215,21.7709348809703,255367.42,671593.95,12,8,53.719
NS57SE_1251,1,0_2,4.47331357517,-9999.0,-9999.0,-9999.0,53.7019996643,203.624421561064,63.125782868723,255350.94,671598.68,28,16,53.702
NS57SE_1252,1,0_2,5.41852072104,-9999.0,-9999.0,-9999.0,53.8100013733,138.776446152995,47.1494807548242,255420.55,671599.27,12,8,53.81
NS57SE_1255,1,0_2,4.0261070832,-9999.0,-9999.0,-9999.0,65.3349990845,147.593609996106,55.0099138921089,255566.63,671596.65,32,18,65.335
NS57SE_1256,1,0_2,2.85057396166,-9999.0,-9999.0,-9999.0,53.8800010681,45.1416299984722,27.1219105751108,255295.54,671592.34,12,8,53.88
NS57SE_1257,1,0_2,4.78042294719,-9999.0,-9999.0,-9999.0,54.3489990234,155.043391227295,53.9103777897819,255434.77,671594.19,20,12,54.349
NS57SE_1258,1,0_2,2.31143995078,-9999.0,-9999.0,-9999.0,53.6920013428,84.9838574923696,42.7130520086942,255247.5,671592.75,20,12,53.692
NS57SE_1259,1,0_2,2.86357015463,-9999.0,-9999.0,-9999.0,43.4819984436,71.3168737510696,37.6336485213352,255036.62,671589.82,16,10,43.482
NS57SE_1262,1,0_2,2.74002378059,-9999.0,-9999.0,-9999.0,53.84400177,42.3161699969231,26.0557182607741,255310.81,671587.16,12,8,53.844
NS57SE_1263,1,0_2,5.20061188451,-9999.0,-9999.0,-9999.0,44.4710006714,140.237264453549,47.3878930089556,255048.25,671587.16,12,8,44.471
NS57SE_1264,1,0_2,4.72768188055,-9999.0,-9999.0,-9999.0,45.561000824,194.46934837211,56.1824133802339,255065.67,671587.93,12,8,45.561
NS57SE_1265,1,0_2,4.80373671522,-9999.0,-9999.0,-9999.0,47.3860015869,154.98853559041,51.6347608351162,255082.71,671586.05,20,12,47.386
NS57SE_1266,1,0_2,2.69653074073,-9999.0,-9999.0,-9999.0,53.0569992065,50.4807525022719,29.8446175443602,255380.17,671583.6,12,8,53.057
NS57SE_1267,1,0_2,4.17099004709,-9999.0,-9999.0,-9999.0,48.2900009155,189.149697878091,55.9477980307729,255099.69,671585.84,20,12,48.29
NS57SE_1268,1,0_2,5.0360818513,-9999.0,-9999.0,-9999.0,48.3250007629,205.117371487976,59.9842178663721,255115.2,671586.44,20,12,48.325
NS57SE_1269,1,0_2,5.80523013709,-9999.0,-9999.0,-9999.0,53.9599990845,135.753949492758,51.4655668763436,255353.02,671582.66,20,12,53.96
NS57SE_1270,1,0_2,4.14529353804,-9999.0,-9999.0,-9999.0,49.5187492371,188.671451741273,57.9536145107785,255131.48,671584.13,20,12,49.519
NS57SE_1271,1,0_2,4.42690927474,-9999.0,-9999.0,-9999.0,64.0699996948,126.804034981553,47.6469329344464,255611.6,671582.26,20,12,64.07
NS57SE_1272,1,0_2,4.5557599937,-9999.0,-9999.0,-9999.0,49.8590011597,529.409346347566,153.750820135064,255161.86,671583.87,84,44,49.859
NS57SE_1274,1,0_2,4.07597541124,-9999.0,-9999.0,-9999.0,51.4449996948,427.932791683449,133.352572442199,255201.19,671585.43,68,36,51.445
NS57SE_1275,1,0_2,4.81389995127,-9999.0,-9999.0,-9999.0,55.6839981079,324.393194190834,109.265466934427,255458.25,671583.77,56,30,55.684
NS57SE_1276,1,0_2,4.30020681873,-9999.0,-9999.0,-9999.0,52.4920005798,169.971374206079,56.4976905946505,255222.08,671579.86,20,12,52.492
NS57SE_1277,1,0_2,3.91176628648,-9999.0,-9999.0,-9999.0,53.1240005493,175.685599348612,54.8091362600252,255236.48,671577.83,20,12,53.124
NS57SE_1282,1,0_2,4.19656800708,-9999.0,-9999.0,-9999.0,53.2750015259,337.076891093555,85.8077516338678,255260.5,671577.82,28,16,53.275
NS57SE_1283,1,0_2,4.10366308093,-9999.0,-9999.0,-9999.0,53.4970016479,170.595966962911,53.9017476758394,255283.11,671575.76,20,12,53.497
NS57SE_1286,1,0_2,4.83380240217,-9999.0,-9999.0,-9999.0,53.702999115,323.707858134246,82.8357406014165,255305.32,671575.26,28,16,53.703
NS57SE_1288,1,0_2,4.75150078393,-9999.0,-9999.0,-9999.0,58.5239982605,149.523346231327,51.6550578292383,255478.77,671572.49,20,12,58.524
NS57SE_1289,1,0_2,3.44726613237,-9999.0,-9999.0,-9999.0,62.2290000916,55.7646712774646,29.9101857058435,255612.67,671569.03,12,8,62.229
NS57SE_1294,1,0_2,4.41197630134,-9999.0,-9999.0,-9999.0,54.172000885,263.309265811769,77.4425497485494,255359.91,671567.07,28,16,54.172
NS57SE_1303,1,0_2,4.05795403664,-9999.0,-9999.0,-9999.0,54.172000885,466.188590447942,132.354311448616,255394.08,671561.92,68,36,54.172
NS57SE_1304,1,0_2,4.25838868978,-9999.0,-9999.0,-9999.0,61.327999115,136.441491247614,51.3180708862186,255616.74,671556.46,20,12,61.328
NS57SE_1305,1,0_2,4.16286206365,-9999.0,-9999.0,-9999.0,59.5550003052,361.31607541319,106.783381394353,255502.5,671560.88,52,28,59.555
NS57SE_1306,1,0_2,4.62433107373,-9999.0,-9999.0,-9999.0,61.0219993591,145.119141349835,50.8356243626405,255526.72,671557.37,20,12,61.022
NS57SE_1307,1,0_2,2.35249331677,-9999.0,-9999.0,-9999.0,57.9925498962,66.0269437479057,44.8739768349414,255466.32,671553.0,28,16,57.992
NS57SE_1308,1,0_2,4.33155122719,-9999.0,-9999.0,-9999.0,61.3330001831,219.257849613091,72.6421339868822,255543.22,671556.71,60,32,61.333
NS57SE_1311,1,0_2,3.44882503309,-9999.0,-9999.0,-9999.0,58.7949981689,48.7649717969303,42.9328669676666,255481.46,671549.17,32,18,58.795
NS57SE_1312,1,0_2,3.24959008671,-9999.0,-9999.0,-9999.0,60.8339996338,26.7343350002467,21.0938064534116,255520.49,671547.94,12,8,60.834
NS57SE_1317,1,0_2,3.98582951652,-9999.0,-9999.0,-9999.0,55.1730003357,334.526137060442,110.008337937159,255424.59,671548.81,56,30,55.173
NS57SE_1318,1,0_2,3.68657455309,-9999.0,-9999.0,-9999.0,61.1409988403,443.724388805056,128.219084601226,255571.75,671555.22,60,32,61.141
NS57SE_1325,1,0_2,4.9543124034,-9999.0,-9999.0,-9999.0,45.7150001526,631.190514838116,163.384745562159,255102.07,671541.78,84,44,45.715
NS57SE_1326,1,0_2,3.80045440361,-9999.0,-9999.0,-9999.0,57.0880012512,180.379324475705,55.885814104656,255447.24,671539.5,36,20,57.088
NS57SE_1327,1,0_2,4.72664770167,-9999.0,-9999.0,-9999.0,48.1726646423,337.000463124382,92.5381524513138,255142.82,671539.11,44,24,48.173
NS57SE_1329,1,0_2,2.53591154717,-9999.0,-9999.0,-9999.0,59.4403343201,78.7615821867318,38.0211628901974,255489.86,671535.56,12,8,59.44
NS57SE_1331,1,0_2,4.41194077821,-9999.0,-9999.0,-9999.0,60.1679992676,200.32950039953,60.7001766352008,255617.85,671534.97,20,12,60.168
NS57SE_1332,1,0_2,2.28457624722,-9999.0,-9999.0,-9999.0,46.9679985046,32.3071837468012,28.1060701100013,255102.05,671530.09,8,6,46.968
NS57SE_1333,1,0_2,5.00288076715,-9999.0,-9999.0,-9999.0,51.0709991455,326.872728718002,84.9315206818542,255233.49,671534.85,28,16,51.071
NS57SE_1334,1,0_2,3.79616383778,-9999.0,-9999.0,-9999.0,60.7910003662,151.422787850612,49.4830234563157,255574.58,671531.74,12,8,60.791
NS57SE_1335,1,0_2,4.58648044585,-9999.0,-9999.0,-9999.0,49.1119995117,851.226646859737,205.236643262666,255189.32,671536.55,104,54,49.112
NS57SE_1336,1,0_2,3.7732969298,-9999.0,-9999.0,-9999.0,57.6209983826,175.64407725494,55.5292403671625,255461.86,671533.28,20,12,57.621
NS57SE_1339,1,0_2,2.77632762111,-9999.0,-9999.0,-9999.0,48.4650001526,26.0814337486611,23.7266658500813,255155.35,671527.09,8,6,48.465
NS57SE_1340,1,0_2,2.56848928928,-9999.0,-9999.0,-9999.0,59.4362487793,40.3448587445883,26.1907461175694,255501.59,671525.36,12,8,59.436
NS57SE_1341,1,0_2,3.97770620957,-9999.0,-9999.0,-9999.0,58.1819992065,133.654049649617,48.6635868950068,255474.3,671526.21,20,12,58.182
NS57SE_1343,1,0_2,2.78763930603,-9999.0,-9999.0,-9999.0,60.4749984741,86.6722339281188,38.7191252359072,255557.21,671524.27,12,8,60.475
NS57SE_1345,1,0_2,4.1930795679,-9999.0,-9999.0,-9999.0,54.09400177,209.788858586379,58.1090201342604,255384.11,671524.69,12,8,54.094
NS57SE_1347,1,0_2,4.76121852723,-9999.0,-9999.0,-9999.0,51.9760017395,919.209934331159,254.954761560026,255285.59,671526.95,120,62,51.976
NS57SE_1349,1,0_2,3.51370484876,-9999.0,-9999.0,-9999.0,58.5089988708,179.77012911063,54.8548476344706,255489.07,671519.75,20,12,58.509
NS57SE_1350,1,0_2,3.73866131393,-9999.0,-9999.0,-9999.0,59.4430007935,132.126914252764,49.1481653296102,255616.87,671518.22,20,12,59.443
NS57SE_1355,1,0_2,4.33388530581,-9999.0,-9999.0,-9999.0,43.3709983826,554.852588154172,167.587181521601,255063.58,671531.24,76,40,43.371
NS57SE_1357,1,0_2,2.07171601005,-9999.0,-9999.0,-9999.0,47.2350006104,32.3328000025051,24.5556207318586,255138.92,671510.7,12,8,47.235
NS57SE_1359,1,0_2,2.47573213517,-9999.0,-9999.0,-9999.0,46.5830001831,45.4567912486633,32.8496291804224,255111.4,671511.45,16,10,46.583
NS57SE_1360,1,0_2,3.92271472246,-9999.0,-9999.0,-9999.0,59.3409996033,208.491619241362,60.8038339513459,255573.3,671513.79,20,12,59.341
NS57SE_1361,1,0_2,2.32503965303,-9999.0,-9999.0,-9999.0,52.6129989624,23.5093499983144,22.3282166427256,255300.95,671508.94,8,6,52.613
NS57SE_1362,1,0_2,3.94951803093,-9999.0,-9999.0,-9999.0,58.4879989624,152.754340521893,48.8668065569472,255502.66,671513.12,16,10,58.488
NS57SE_1366,1,0_2,2.48450950096,-9999.0,-9999.0,-9999.0,49.7430000305,60.8491944083978,34.0109929940981,255198.75,671507.55,20,12,49.743
NS57SE_1368,1,0_2,2.43395458922,-9999.0,-9999.0,-9999.0,51.0009994507,25.3833899957072,20.6168421980442,255231.76,671505.34,12,8,51.001
NS57SE_1369,1,0_2,3.13488441355,-9999.0,-9999.0,-9999.0,58.8310012817,33.7168499957999,24.2576856329088,255557.51,671504.32,12,8,58.831
NS57SE_1370,1,0_2,2.346600187,-9999.0,-9999.0,-9999.0,53.6816673279,38.945204999457,27.9081799284583,255385.61,671506.05,12,8,53.682
NS57SE_1371,1,0_2,1.89207360551,-9999.0,-9999.0,-9999.0,51.2553329468,21.3010462452117,20.6613635808913,255227.0,671505.26,12,8,51.255
NS57SE_1372,1,0_2,4.2392741022,-9999.0,-9999.0,-9999.0,54.5190010071,606.887938047009,176.591715767545,255415.0,671514.58,108,56,54.519
NS57SE_1375,1,0_2,4.50484971677,-9999.0,-9999.0,-9999.0,55.641998291,120.154495632171,43.9528844096466,255445.1,671502.75,12,8,55.642
NS57SE_1377,1,0_2,4.90134126405,-9999.0,-9999.0,-9999.0,43.4449996948,131.234852980819,45.8578809438359,255067.12,671501.53,12,8,43.445
NS57SE_1378,1,0_2,4.59439698426,-9999.0,-9999.0,-9999.0,53.4949989319,649.53371857767,172.353167733846,255357.67,671517.22,84,44,53.495
NS57SE_1379,1,0_2,3.61242037742,-9999.0,-9999.0,-9999.0,58.0149993896,159.228286603448,56.9946575371875,255618.39,671500.2,20,12,58.015
NS57SE_1380,1,0_2,2.72758444695,-9999.0,-9999.0,-9999.0,43.6920013428,36.8797274997543,24.6795237542177,255077.87,671497.57,12,8,43.692
NS57SE_1381,1,0_2,4.46271170772,-9999.0,-9999.0,-9999.0,45.1710014343,344.793789465865,95.4545155515818,255096.29,671503.4,36,20,45.171
NS57SE_1385,1,0_2,5.3924144764,-9999.0,-9999.0,-9999.0,53.9236183167,58.2757142578371,46.4355902626597,255407.6,671494.27,48,26,53.924
NS57SE_1386,1,0_2,3.95632940625,-9999.0,-9999.0,-9999.0,57.8790016174,163.436501497797,54.9381877174148,255574.19,671497.32,20,12,57.879
NS57SE_1388,1,0_2,4.69411740144,-9999.0,-9999.0,-9999.0,46.1170005798,301.318007673885,82.2660343962088,255124.71,671499.41,36,20,46.117
NS57SE_1391,1,0_2,4.54161153298,-9999.0,-9999.0,-9999.0,47.3740005493,731.481614196174,199.248248351594,255168.53,671501.02,84,44,47.374
NS57SE_1394,1,0_2,5.46490432967,-9999.0,-9999.0,-9999.0,50.3860015869,276.304547808857,70.6735127625363,255213.61,671493.17,12,8,50.386
NS57SE_1395,1,0_2,3.79562136559,-9999.0,-9999.0,-9999.0,57.5730018616,556.01569732952,146.737900208552,255530.54,671500.84,84,44,57.573
NS57SE_1403,1,0_2,4.25365946361,-9999.0,-9999.0,-9999.0,55.1069984436,174.171571694243,60.3814819344637,255460.2,671493.28,28,16,55.107
NS57SE_1404,1,0_2,4.86878147119,-9999.0,-9999.0,-9999.0,51.4099998474,742.82788134651,201.047795091145,255259.31,671495.78,80,42,51.41
NS57SE_1410,1,0_2,5.27794787176,-9999.0,-9999.0,-9999.0,52.1240005493,336.311791710393,86.5616916393033,255304.14,671494.94,36,20,52.124
NS57SE_1411,1,0_2,2.75692708947,-9999.0,-9999.0,-9999.0,53.611000061,67.8518699959677,43.7995517723229,255397.62,671487.6,20,12,53.611
NS57SE_1413,1,0_2,3.89853213252,-9999.0,-9999.0,-9999.0,53.4620018005,261.164505614462,84.4252720625327,255358.81,671487.46,52,28,53.462
NS57SE_1417,1,0_2,2.35206800992,-9999.0,-9999.0,-9999.0,53.7579994202,36.0682012515431,26.4772106896776,255417.24,671480.32,12,8,53.758
NS57SE_1418,1,0_2,4.81501040649,-9999.0,-9999.0,-9999.0,55.0999984741,291.049757656182,94.4184205587886,255480.06,671486.29,36,20,55.1
NS57SE_1419,1,0_2,4.20751435601,-9999.0,-9999.0,-9999.0,56.4920005798,114.827855177411,43.0061982276483,255614.85,671481.79,12,8,56.492
NS57SE_1423,1,0_2,3.543527857,-9999.0,-9999.0,-9999.0,56.5009994507,211.288006139004,67.7619252139883,255573.43,671481.51,36,20,56.501
NS57SE_1426,1,0_2,4.82824786874,-9999.0,-9999.0,-9999.0,53.9140014648,145.756569780305,48.33387757359,255383.77,671476.35,12,8,53.914
NS57SE_1432,1,0_2,4.32876943568,-9999.0,-9999.0,-9999.0,53.9780006409,169.095382375311,56.1024256483632,255402.09,671469.26,20,12,53.978
NS57SE_1438,1,0_2,4.20107349285,-9999.0,-9999.0,-9999.0,54.0040016174,131.598390845137,48.6899669465093,255415.9,671462.79,20,12,54.004
NS57SE_1441,1,0_2,4.939963338,-9999.0,-9999.0,-9999.0,53.9760017395,176.224589095357,53.4805248863337,255528.33,671461.31,12,8,53.976
NS57SE_1442,1,0_2,4.44156579338,-9999.0,-9999.0,-9999.0,54.3349990845,336.857902584403,110.593177177357,255508.18,671467.18,48,26,54.335
NS57SE_1443,1,0_2,3.35529006056,-9999.0,-9999.0,-9999.0,54.4010009766,219.298002937645,79.9863005186181,255617.18,671460.32,44,24,54.401
NS57SE_1445,1,0_2,4.33337469555,-9999.0,-9999.0,-9999.0,43.2369995117,327.93415808973,91.7909423036292,255082.07,671457.96,60,32,43.237
NS57SE_1447,1,0_2,10.6801515989,-9999.0,-9999.0,-9999.0,40.0870018005,459.232303871575,93.7001726233919,255024.65,671464.72,28,16,40.087
NS57SE_1448,1,0_2,4.19759392574,-9999.0,-9999.0,-9999.0,54.0200004578,147.783073821014,54.6589820670814,255430.19,671457.53,20,12,54.02
NS57SE_1449,1,0_2,2.74362390137,-9999.0,-9999.0,-9999.0,54.3590011597,32.8720499947781,24.0427115371452,255473.99,671452.05,12,8,54.359
NS57SE_1450,1,0_2,4.93550998941,-9999.0,-9999.0,-9999.0,54.158000946,224.195245050827,61.1760607618692,255544.35,671454.55,20,12,54.158
NS57SE_1451,1,0_2,4.73280553871,-9999.0,-9999.0,-9999.0,45.3030014038,366.135192155905,85.7704505921219,255111.34,671454.92,36,20,45.303
NS57SE_1452,1,0_2,4.64221867738,-9999.0,-9999.0,-9999.0,47.311000824,296.144529763819,90.3393616424718,255139.54,671453.71,44,24,47.311
NS57SE_1453,1,0_2,4.25822579633,-9999.0,-9999.0,-9999.0,53.3409996033,301.63331866434,85.3407835138183,255249.67,671450.53,44,24,53.341
NS57SE_1456,1,0_2,3.91466995317,-9999.0,-9999.0,-9999.0,54.436000824,152.040789858249,53.80920220874,255443.87,671448.6,28,16,54.436
NS57SE_1457,1,0_2,4.34800300651,-9999.0,-9999.0,-9999.0,52.2459983826,367.464649995988,96.5106288946864,255221.1,671450.02,44,24,52.246
NS57SE_1459,1,0_2,4.19619591389,-9999.0,-9999.0,-9999.0,40.0909996033,144.726397480279,49.2225158267468,255040.18,671447.39,12,8,40.091
NS57SE_1460,1,0_2,4.00708322876,-9999.0,-9999.0,-9999.0,54.1739997864,200.45542384608,67.9639852418688,255572.56,671449.62,28,16,54.174
NS57SE_1461,1,0_2,4.42077816252,-9999.0,-9999.0,-9999.0,48.8149986267,650.169105163771,192.716096030821,255179.76,671450.53,108,56,48.815
NS57SE_1463,1,0_2,2.81806665899,-9999.0,-9999.0,-9999.0,54.234664917,87.9112446580532,37.9580063544686,255556.04,671444.66,12,8,54.235
NS57SE_1468,1,0_2,3.96817088494,-9999.0,-9999.0,-9999.0,53.5400009155,134.139358788773,48.4743501453332,255612.2,671444.08,20,12,53.54
NS57SE_1470,1,0_2,4.26183152251,-9999.0,-9999.0,-9999.0,54.2719993591,347.010158241111,94.2901097636612,255307.53,671445.27,44,24,54.272
NS57SE_1471,1,0_2,2.48284887013,-9999.0,-9999.0,-9999.0,54.7010002136,39.4193475027481,25.6793603946385,255369.11,671440.05,12,8,54.701
NS57SE_1472,1,0_2,2.53463583123,-9999.0,-9999.0,-9999.0,44.6300010681,22.3237612486078,22.4460639412225,255099.65,671438.21,8,6,44.63
NS57SE_1473,1,0_2,4.93052388077,-9999.0,-9999.0,-9999.0,54.1199989319,171.918731123537,56.6586635167062,255459.04,671444.74,20,12,54.12
NS57SE_1474,1,0_2,2.91273921953,-9999.0,-9999.0,-9999.0,46.6489982605,75.0926367972211,37.2532472393313,255126.46,671439.09,20,12,46.649
NS57SE_1476,1,0_2,2.37832931372,-9999.0,-9999.0,-9999.0,54.1940002441,30.6215812481099,26.1839191633176,255261.36,671438.47,8,6,54.194
NS57SE_1477,1,0_2,2.2573620893,-9999.0,-9999.0,-9999.0,53.8409996033,21.0702000027598,21.5903843610548,255236.28,671435.17,8,6,53.841
NS57SE_1478,1,0_2,2.96215224551,-9999.0,-9999.0,-9999.0,54.686000824,68.3863631184351,35.5075617086148,255292.05,671435.85,20,12,54.686
NS57SE_1480,1,0_2,4.16630193336,-9999.0,-9999.0,-9999.0,53.9930000305,381.018968067077,103.431970482949,255278.47,671447.03,64,34,53.993
NS57SE_1483,1,0_2,4.05993578984,-9999.0,-9999.0,-9999.0,39.7560005188,181.128117659031,54.2963122830342,255017.06,671436.55,20,12,39.756
NS57SE_1484,1,0_2,2.14365937369,-9999.0,-9999.0,-9999.0,54.7000007629,20.547337499557,21.7281680968396,255266.99,671431.2,8,6,54.7
NS57SE_1486,1,0_2,4.64697632474,-9999.0,-9999.0,-9999.0,55.0660018921,149.809957769137,48.9925678824149,255378.31,671435.14,12,8,55.066
NS57SE_1487,1,0_2,4.49538522837,-9999.0,-9999.0,-9999.0,54.1790008545,178.084116577337,59.1646032041253,255472.71,671437.68,28,16,54.179
NS57SE_1491,1,0_2,2.11387685402,-9999.0,-9999.0,-9999.0,51.9879989624,27.3088425015774,24.333878357248,255197.79,671427.45,8,6,51.988
NS57SE_1493,1,0_2,5.08863867738,-9999.0,-9999.0,-9999.0,54.1199989319,217.125360863107,68.6601979096319,255487.86,671434.03,28,16,54.12
NS57SE_1494,1,0_2,3.76411283278,-9999.0,-9999.0,-9999.0,53.8839988708,177.16324503937,75.2544116906312,255569.39,671429.29,44,24,53.884
NS57SE_1500,1,0_2,2.54575173372,-9999.0,-9999.0,-9999.0,54.4739990234,40.8674182778367,26.5397199868087,255260.17,671423.32,12,8,54.474
NS57SE_1503,1,0_2,2.48124004546,-9999.0,-9999.0,-9999.0,54.2939987183,43.6204001652491,27.6180184886618,255542.05,671422.93,12,8,54.294
NS57SE_1504,1,0_2,3.50937174602,-9999.0,-9999.0,-9999.0,54.7109985352,85.9511962473954,41.316084678895,255278.2,671422.54,20,12,54.711
NS57SE_1508,1,0_2,4.4650893312,-9999.0,-9999.0,-9999.0,54.6940002441,120.550386009195,44.0104294397405,255501.07,671422.2,12,8,54.694
NS57SE_1509,1,0_2,2.4402512813,-9999.0,-9999.0,-9999.0,55.1279983521,22.0477799970453,22.0297890426667,255307.1,671417.59,8,6,55.128
NS57SE_1510,1,0_2,4.46017901955,-9999.0,-9999.0,-9999.0,52.8359985352,190.954747313611,63.4677872494297,255614.94,671424.56,36,20,52.836
NS57SE_1511,1,0_2,2.40657395376,-9999.0,-9999.0,-9999.0,53.608001709,36.5228850037085,24.9868691629432,255244.12,671418.0,12,8,53.608
NS57SE_1512,1,0_2,2.4998615053,-9999.0,-9999.0,-9999.0,55.3320007324,37.2886949997399,24.8850786006721,255377.97,671417.32,12,8,55.332
NS57SE_1514,1,0_2,2.15687274933,-9999.0,-9999.0,-9999.0,55.6090011597,37.2798159307052,26.2961319580998,255362.45,671415.74,12,8,55.609
NS57SE_1517,1,0_2,4.58105684064,-9999.0,-9999.0,-9999.0,54.3069992065,203.22819260965,59.5316894780526,255516.08,671418.79,12,8,54.307
NS57SE_1520,1,0_2,4.06358530174,-9999.0,-9999.0,-9999.0,40.7140007019,384.624540607244,108.227164444103,255091.0,671417.48,52,28,40.714
NS57SE_1523,1,0_2,3.45945222622,-9999.0,-9999.0,-9999.0,55.0842514038,223.099863359594,85.8539001533646,255394.57,671420.48,36,20,55.084
NS57SE_1524,1,0_2,3.53925365813,-9999.0,-9999.0,-9999.0,55.263999939,184.708087209919,69.7365601517855,255409.09,671416.76,36,20,55.264
NS57SE_1526,1,0_2,4.25839763977,-9999.0,-9999.0,-9999.0,41.9809989929,1018.78592471201,268.847688702137,255143.49,671413.99,148,76,41.981
NS57SE_1527,1,0_2,4.24937723741,-9999.0,-9999.0,-9999.0,49.3429985046,162.67909916454,51.5413037926187,255189.67,671410.35,12,8,49.343
NS57SE_1531,1,0_2,4.07016598339,-9999.0,-9999.0,-9999.0,54.2784996033,202.477575509815,73.1249502269461,255529.59,671413.45,36,20,54.279
NS57SE_1532,1,0_2,4.49945971647,-9999.0,-9999.0,-9999.0,50.7560005188,213.755565721409,60.9577464541278,255204.65,671410.01,20,12,50.756
NS57SE_1534,1,0_2,4.0365900766,-9999.0,-9999.0,-9999.0,51.6319999695,380.173574246562,119.552362904924,255226.87,671411.7,52,28,51.632
NS57SE_1535,1,0_2,3.8330028598,-9999.0,-9999.0,-9999.0,53.1879997253,121.473356443225,44.0860151733059,255250.29,671405.4,12,8,53.188
NS57SE_1536,1,0_2,3.58977460199,-9999.0,-9999.0,-9999.0,54.0009994507,147.608902895908,50.26723753695,255266.33,671405.43,20,12,54.001
NS57SE_1537,1,0_2,4.12661985969,-9999.0,-9999.0,-9999.0,54.5429992676,175.72552714092,53.4998033075549,255544.81,671406.82,12,8,54.543
NS57SE_1538,1,0_2,4.29947191298,-9999.0,-9999.0,-9999.0,39.6590003967,447.479899016405,133.723760400253,255040.93,671417.73,56,30,39.659
NS57SE_1539,1,0_2,3.60431203938,-9999.0,-9999.0,-9999.0,55.2340011597,382.191671308342,125.422040349684,255430.06,671409.94,76,40,55.234
NS57SE_1541,1,0_2,4.68335159698,-9999.0,-9999.0,-9999.0,54.297000885,366.392553926597,111.974224916271,255288.35,671406.29,48,26,54.297
NS57SE_1543,1,0_2,3.92608571673,-9999.0,-9999.0,-9999.0,54.8779983521,142.806498049729,49.4057277528199,255308.94,671403.7,20,12,54.878
NS57SE_1545,1,0_2,4.21765039555,-9999.0,-9999.0,-9999.0,53.9749984741,264.060002618548,86.8633576940088,255569.77,671406.52,52,28,53.975
NS57SE_1546,1,0_2,3.90890624172,-9999.0,-9999.0,-9999.0,55.53099823,132.189641391169,48.5286598814987,255451.61,671401.12,20,12,55.531
NS57SE_1550,1,0_2,2.14656358395,-9999.0,-9999.0,-9999.0,55.4309997559,27.8025262495734,22.5795469707171,255396.89,671394.9,12,8,55.431
NS57SE_1551,1,0_2,3.8011199656,-9999.0,-9999.0,-9999.0,54.3260002136,740.946877564429,190.352320978701,255350.68,671421.51,100,52,54.326
NS57SE_1556,1,0_2,3.55705621459,-9999.0,-9999.0,-9999.0,39.5629997253,583.075973615851,211.673820667711,255015.41,671408.11,128,66,39.563
NS57SE_1557,1,0_2,3.84578296702,-9999.0,-9999.0,-9999.0,55.188999176,192.6359814744,72.093768116806,255367.09,671397.52,28,16,55.189
NS57SE_1558,1,0_2,4.33926198847,-9999.0,-9999.0,-9999.0,55.516998291,166.867854435178,51.9719225918978,255464.68,671393.85,12,8,55.517
NS57SE_1560,1,0_2,2.52277166424,-9999.0,-9999.0,-9999.0,55.3083000183,80.8755055603765,52.5310713254929,255430.23,671389.35,24,16,55.308
NS57SE_1562,1,0_2,4.04669453671,-9999.0,-9999.0,-9999.0,39.8759994507,120.635420908221,44.0530322764112,255039.17,671389.97,12,8,39.876
NS57SE_1569,1,0_2,3.88054643921,-9999.0,-9999.0,-9999.0,55.0449981689,222.166678123195,75.7483251877056,255382.17,671391.56,36,20,55.045
NS57SE_1572,1,0_2,2.77908755887,-9999.0,-9999.0,-9999.0,54.7949981689,26.6138287482015,33.0716388925312,255442.61,671377.09,16,10,54.795
NS57SE_1573,1,0_2,2.68402568714,-9999.0,-9999.0,-9999.0,55.3629989624,20.4989250003986,19.1634732558117,255462.88,671377.72,12,8,55.363
NS57SE_1575,1,0_2,4.25585901252,-9999.0,-9999.0,-9999.0,41.1809997559,56.9431336737469,30.4922840869513,255074.62,671378.25,12,8,41.181
NS57SE_1576,1,0_2,3.69160487169,-9999.0,-9999.0,-9999.0,55.1500015259,338.499555278158,123.875166398943,255485.45,671385.04,88,46,55.15
NS57SE_1577,1,0_2,4.00805909911,-9999.0,-9999.0,-9999.0,54.7430000305,170.34005403056,59.4877184560985,255395.16,671381.39,36,20,54.743
NS57SE_1579,1,0_2,3.14499764095,-9999.0,-9999.0,-9999.0,40.1240005493,84.8335725079442,42.463905887213,255016.38,671378.81,20,12,40.124
NS57SE_1580,1,0_2,4.25000863418,-9999.0,-9999.0,-9999.0,54.8499984741,168.460193720693,53.2291837385771,255505.87,671375.28,20,12,54.85
NS57SE_1585,1,0_2,2.65437204112,-9999.0,-9999.0,-9999.0,54.8310012817,30.7093387510998,22.4326682926012,255492.89,671368.35,12,8,54.831
NS57SE_1591,1,0_2,3.61675017684,-9999.0,-9999.0,-9999.0,41.4519996643,519.767687491482,152.367995736765,255105.7,671371.35,76,40,41.452
NS57SE_1594,1,0_2,4.09853246948,-9999.0,-9999.0,-9999.0,43.6520004272,402.278109875238,117.413160371538,255145.73,671368.57,52,28,43.652
NS57SE_1595,1,0_2,2.39942336224,-9999.0,-9999.0,-9999.0,53.983001709,44.4008887464406,26.6733593516057,255469.46,671363.47,12,8,53.983
NS57SE_1596,1,0_2,4.50332851088,-9999.0,-9999.0,-9999.0,54.3779983521,181.181178065889,56.2946668717441,255520.11,671368.87,24,14,54.378
NS57SE_1598,1,0_2,3.75409126949,-9999.0,-9999.0,-9999.0,50.1619987488,150.401526413891,52.7591106083242,255216.57,671365.58,36,20,50.162
NS57SE_1599,1,0_2,4.02680662042,-9999.0,-9999.0,-9999.0,54.013999939,356.877039140202,110.319943421798,255417.07,671371.08,56,30,54.014
NS57SE_1600,1,0_2,4.59829200381,-9999.0,-9999.0,-9999.0,54.4710006714,133.732799724801,46.2863684585354,255536.8,671365.65,12,8,54.471
NS57SE_1601,1,0_2,3.68096553558,-9999.0,-9999.0,-9999.0,51.0410003662,139.530276728619,49.2017191949469,255230.88,671365.16,20,12,51.041
NS57SE_1602,1,0_2,3.62462476987,-9999.0,-9999.0,-9999.0,46.016998291,137.487349269092,60.4382487961567,255169.13,671365.98,28,16,46.017
NS57SE_1603,1,0_2,3.56217521458,-9999.0,-9999.0,-9999.0,48.8540000916,159.659752839223,59.0310000634955,255200.09,671364.88,28,16,48.854
NS57SE_1604,1,0_2,4.04422704625,-9999.0,-9999.0,-9999.0,52.40599823,308.301837868052,81.0237959597183,255271.0,671362.73,36,20,52.406
NS57SE_1605,1,0_2,4.16052257355,-9999.0,-9999.0,-9999.0,54.1710014343,142.074622441831,51.7331788611305,255552.81,671362.01,28,16,54.171
NS57SE_1607,1,0_2,3.6890904559,-9999.0,-9999.0,-9999.0,47.2750015259,190.158202410545,68.990683914101,255184.87,671364.32,36,20,47.275
NS57SE_1608,1,0_2,3.77033542649,-9999.0,-9999.0,-9999.0,51.8600006104,190.621607645914,60.4465473869892,255248.26,671362.73,28,16,51.86
NS57SE_1610,1,0_2,1.98115676489,-9999.0,-9999.0,-9999.0,43.4280014038,23.2557712505088,22.7050951051586,255126.97,671356.39,8,6,43.428
NS57SE_1611,1,0_2,2.54315995333,-9999.0,-9999.0,-9999.0,53.9640007019,32.7491512537037,24.2138966305788,255482.24,671357.14,12,8,53.964
NS57SE_1612,1,0_2,2.67378501403,-9999.0,-9999.0,-9999.0,54.2496643066,41.6014649953688,26.4690456866072,255504.64,671358.0,12,8,54.25
NS57SE_1613,1,0_2,4.18362304499,-9999.0,-9999.0,-9999.0,40.013999939,361.662434916604,104.128076854421,255030.74,671367.35,52,28,40.014
NS57SE_1614,1,0_2,5.21795551744,-9999.0,-9999.0,-9999.0,53.0499992371,446.286606922475,95.5303340361686,255303.36,671360.42,36,20,53.05
NS57SE_1615,1,0_2,2.63907241821,-9999.0,-9999.0,-9999.0,51.1650009155,21.5703000053864,21.5501741359892,255236.96,671354.25,8,6,51.165
NS57SE_1616,1,0_2,3.4769643738,-9999.0,-9999.0,-9999.0,53.5349998474,193.016879869919,64.3884497767809,255438.06,671362.77,32,18,53.535
NS57SE_1618,1,0_2,3.97479474678,-9999.0,-9999.0,-9999.0,53.46900177,181.585431693483,62.7916897632998,255349.76,671357.69,36,20,53.469
NS57SE_1619,1,0_2,4.95317387119,-9999.0,-9999.0,-9999.0,53.7960014343,162.385305715191,53.5202561211673,255568.02,671358.61,20,12,53.796
NS57SE_1623,1,0_2,4.21826757491,-9999.0,-9999.0,-9999.0,52.8899993896,198.815098875675,60.3540505437937,255622.58,671356.61,12,8,52.89
NS57SE_1625,1,0_2,4.43351583641,-9999.0,-9999.0,-9999.0,53.3019981384,144.673115975359,55.587214266023,255452.51,671353.35,32,18,53.302
NS57SE_1627,1,0_2,4.68374114777,-9999.0,-9999.0,-9999.0,41.8530006409,255.123594776163,73.1195352911391,255071.28,671354.52,44,24,41.853
NS57SE_1631,1,0_2,2.37612610969,-9999.0,-9999.0,-9999.0,53.4010009766,22.2297824967072,21.9953098842293,255493.69,671344.54,8,6,53.401
NS57SE_1632,1,0_2,2.37415908365,-9999.0,-9999.0,-9999.0,53.3590011597,36.7041449984428,24.4088136134126,255560.83,671341.91,12,8,53.359
NS57SE_1633,1,0_2,4.32877074348,-9999.0,-9999.0,-9999.0,53.6020011902,282.272414018126,73.5312231391512,255603.05,671351.32,20,12,53.602
NS57SE_1634,1,0_2,2.70726659563,-9999.0,-9999.0,-9999.0,46.8860015869,27.1627912516978,21.796012715225,255151.48,671339.02,12,8,46.886
NS57SE_1635,1,0_2,2.67292356116,-9999.0,-9999.0,-9999.0,49.7579994202,34.0515000024461,23.9589790044797,255184.26,671338.09,12,8,49.758
NS57SE_1636,1,0_2,4.19074010915,-9999.0,-9999.0,-9999.0,52.9090003967,383.840716218691,96.7342910541691,255474.98,671343.67,52,28,52.909
NS57SE_1637,1,0_2,2.51047260421,-9999.0,-9999.0,-9999.0,51.5050010681,30.6781682348582,23.1028331718706,255231.02,671334.57,12,8,51.505
NS57SE_1639,1,0_2,3.99673013447,-9999.0,-9999.0,-9999.0,52.7410011292,378.248124598681,102.809947479814,255372.58,671343.32,44,24,52.741
NS57SE_1640,1,0_2,4.07232555917,-9999.0,-9999.0,-9999.0,52.6959991455,126.254929722497,46.8196393463859,255494.95,671332.93,20,12,52.696
NS57SE_1641,1,0_2,3.61836116714,-9999.0,-9999.0,-9999.0,42.5449981689,196.774571251855,77.2875926246701,255069.53,671334.45,44,24,42.545
NS57SE_1643,1,0_2,3.64926197979,-9999.0,-9999.0,-9999.0,43.1879997253,251.336870093344,78.7097562087793,255089.92,671333.84,44,24,43.188
NS57SE_1644,1,0_2,3.6461205576,-9999.0,-9999.0,-9999.0,44.0056648254,143.503678038151,53.4284777687361,255110.1,671332.65,28,16,44.006
NS57SE_1645,1,0_2,4.23002919524,-9999.0,-9999.0,-9999.0,44.8120002747,146.474010464217,51.2388694014008,255126.06,671330.52,28,16,44.812
NS57SE_1647,1,0_2,4.04534212622,-9999.0,-9999.0,-9999.0,46.2150001526,132.893432603832,45.3744604951705,255142.8,671329.23,16,10,46.215
NS57SE_1648,1,0_2,2.75971006578,-9999.0,-9999.0,-9999.0,52.6660003662,34.7556524975176,24.7505464477932,255569.92,671326.31,12,8,52.666
NS57SE_1649,1,0_2,3.90215092209,-9999.0,-9999.0,-9999.0,47.8009986877,315.827335317328,101.449620056113,255165.77,671329.17,40,22,47.801
NS57SE_1650,1,0_2,4.23437016128,-9999.0,-9999.0,-9999.0,52.4500007629,377.508691874179,117.542950291124,255400.2,671332.02,60,32,52.45
NS57SE_1651,1,0_2,3.76806973923,-9999.0,-9999.0,-9999.0,52.516998291,150.119098682044,64.6976932533619,255509.22,671330.21,36,20,52.517
NS57SE_1652,1,0_2,3.94306781193,-9999.0,-9999.0,-9999.0,50.0709991455,477.78176876248,146.703850043595,255205.84,671326.45,92,48,50.071
NS57SE_1653,1,0_2,3.90540170237,-9999.0,-9999.0,-9999.0,52.0489997864,403.272903273745,141.78956768712,255253.1,671324.13,92,48,52.049
NS57SE_1655,1,0_2,3.67247553043,-9999.0,-9999.0,-9999.0,52.9039993286,404.389869021932,132.277925929437,255290.64,671324.42,84,44,52.904
NS57SE_1656,1,0_2,4.32776008246,-9999.0,-9999.0,-9999.0,52.0429992676,123.530510388599,44.9082817458338,255523.26,671320.58,20,12,52.043
NS57SE_1657,1,0_2,4.16883459463,-9999.0,-9999.0,-9999.0,52.9410018921,262.834815569702,66.2713471451855,255318.97,671322.54,20,12,52.941
NS57SE_1658,1,0_2,2.65314376114,-9999.0,-9999.0,-9999.0,52.3930015564,39.6788924991662,27.2411284868175,255392.17,671318.44,12,8,52.393
NS57SE_1661,1,0_2,4.33720979861,-9999.0,-9999.0,-9999.0,51.5519981384,357.726603236054,108.857794928433,255546.3,671317.91,44,24,51.552
NS57SE_1663,1,0_2,4.55591370135,-9999.0,-9999.0,-9999.0,50.7490005493,301.699999986466,81.3514689265378,255593.17,671321.36,12,8,50.749
NS57SE_1668,1,0_2,4.15355829742,-9999.0,-9999.0,-9999.0,51.8149986267,656.221718153706,228.09716047397,255432.44,671314.12,104,54,51.815
NS57SE_1670,1,0_2,3.68300276485,-9999.0,-9999.0,-9999.0,52.7340011597,600.084602627752,189.966168187423,255355.6,671320.43,108,56,52.734
NS57SE_1671,1,0_2,4.22249506481,-9999.0,-9999.0,-9999.0,51.533000946,158.15160378629,50.8611070673224,255467.3,671301.43,16,10,51.533
NS57SE_1672,1,0_2,4.13476897555,-9999.0,-9999.0,-9999.0,50.3629989624,204.316885229487,60.6662749715447,255605.04,671298.55,12,8,50.363
NS57SE_1673,1,0_2,4.26635687986,-9999.0,-9999.0,-9999.0,51.2299995422,140.722039516614,50.8261421649517,255482.26,671297.48,28,16,51.23
NS57SE_1676,1,0_2,4.53691018048,-9999.0,-9999.0,-9999.0,44.3880004883,304.059877806166,91.5714724539075,255147.83,671290.8,60,32,44.388
NS57SE_1678,1,0_2,4.38237916607,-9999.0,-9999.0,-9999.0,43.5060005188,152.94615333345,54.0865379000746,255124.5,671291.04,20,12,43.506
NS57SE_1680,1,0_2,4.23020792007,-9999.0,-9999.0,-9999.0,48.6259994507,127.515891568084,48.1094555028471,255171.52,671289.27,20,12,48.626
NS57SE_1681,1,0_2,4.28187045361,-9999.0,-9999.0,-9999.0,41.3089981079,230.403506929543,79.1179368542633,255089.23,671291.5,36,20,41.309
NS57SE_1682,1,0_2,4.02993268578,-9999.0,-9999.0,-9999.0,52.2389984131,169.693957522287,55.9755016007481,255392.12,671288.63,20,12,52.239
NS57SE_1683,1,0_2,4.12391299122,-9999.0,-9999.0,-9999.0,52.5709991455,135.843443492948,49.6468167097994,255373.29,671287.02,28,16,52.571
NS57SE_1686,1,0_2,3.67015370703,-9999.0,-9999.0,-9999.0,49.4949989319,673.860749891369,226.745503546446,255213.53,671286.31,124,64,49.495
NS57SE_1687,1,0_2,3.85883138723,-9999.0,-9999.0,-9999.0,52.2019996643,516.140237689769,147.344795058322,255269.48,671284.52,64,34,52.202
NS57SE_1688,1,0_2,4.504100078,-9999.0,-9999.0,-9999.0,50.775428772,192.424864333026,66.2795733498674,255496.24,671287.8,28,16,50.775
NS57SE_1689,1,0_2,4.01782384703,-9999.0,-9999.0,-9999.0,50.688999176,162.59405945453,51.2851326504157,255512.09,671284.8,12,8,50.689
NS57SE_1690,1,0_2,4.00102278558,-9999.0,-9999.0,-9999.0,52.1489982605,166.318523898882,54.6872370614921,255409.57,671283.66,24,14,52.149
NS57SE_1691,1,0_2,3.87794092185,-9999.0,-9999.0,-9999.0,42.15599823,231.455680157926,76.8695734968583,255111.36,671287.71,52,28,42.156
NS57SE_1692,1,0_2,3.01350993645,-9999.0,-9999.0,-9999.0,47.6959991455,24.8571337500868,23.4801772898854,255177.7,671278.91,8,6,47.696
NS57SE_1693,1,0_2,3.66035832354,-9999.0,-9999.0,-9999.0,52.8009986877,148.87591389199,49.0980132063147,255300.02,671282.44,12,8,52.801
NS57SE_1695,1,0_2,2.0924462005,-9999.0,-9999.0,-9999.0,41.4199981689,39.1793175038944,25.6289428904601,255100.77,671277.37,12,8,41.42
NS57SE_1697,1,0_2,4.91782210795,-9999.0,-9999.0,-9999.0,50.3120002747,193.338298520601,60.8005620884744,255529.02,671280.9,20,12,50.312
NS57SE_1698,1,0_2,4.94065825874,-9999.0,-9999.0,-9999.0,50.1940002441,122.730509320006,44.3639063767044,255544.41,671278.44,12,8,50.194
NS57SE_1699,1,0_2,3.85031122843,-9999.0,-9999.0,-9999.0,51.9480018616,135.545139511929,49.8973861885086,255423.78,671279.56,28,16,51.948
NS57SE_1703,1,0_2,4.36119932759,-9999.0,-9999.0,-9999.0,40.0929985046,201.797962256929,62.4099590982803,255027.5,671275.68,20,12,40.093
NS57SE_1704,1,0_2,3.35234196436,-9999.0,-9999.0,-9999.0,51.7490005493,242.168848507448,91.5601190550549,255439.66,671278.94,84,44,51.749
NS57SE_1706,1,0_2,3.75744014942,-9999.0,-9999.0,-9999.0,51.9459991455,377.386698870652,135.144795097572,255324.74,671276.29,68,36,51.946
NS57SE_1708,1,0_2,3.82333894752,-9999.0,-9999.0,-9999.0,51.1780014038,200.98289563713,77.9550420190306,255458.24,671272.88,36,20,51.178
NS57SE_1710,1,0_2,2.53378237134,-9999.0,-9999.0,-9999.0,50.4399986267,100.38291886468,42.3727603719021,255512.81,671268.11,12,8,50.44
NS57SE_1712,1,0_2,2.27148006489,-9999.0,-9999.0,-9999.0,49.9290008545,22.3075950046569,22.8461167396289,255537.79,671263.05,8,6,49.929
NS57SE_1716,1,0_2,2.78856444359,-9999.0,-9999.0,-9999.0,50.7210006714,43.1769225001665,28.380241754245,255306.04,671259.26,12,8,50.721
NS57SE_1718,1,0_2,3.74929248829,-9999.0,-9999.0,-9999.0,50.236000061,355.309983816165,129.289507087225,255481.16,671261.53,84,44,50.236
NS57SE_1720,1,0_2,4.19999869083,-9999.0,-9999.0,-9999.0,49.9570007324,175.952780217202,54.4678684846301,255500.95,671254.67,20,12,49.957
NS57SE_1723,1,0_2,4.67675749174,-9999.0,-9999.0,-9999.0,49.8520011902,341.378601982077,88.7765647205628,255352.29,671257.77,28,16,49.852
NS57SE_1727,1,0_2,5.31087298129,-9999.0,-9999.0,-9999.0,40.4410018921,193.740120903517,76.3002406487683,255148.06,671253.33,36,20,40.441
NS57SE_1730,1,0_2,4.48300917292,-9999.0,-9999.0,-9999.0,40.0999984741,1397.17293706238,354.843113867816,255077.19,671266.98,200,98,40.1
NS57SE_1739,1,0_2,4.71184276497,-9999.0,-9999.0,-9999.0,48.4900016785,455.305957794257,145.017960186012,255618.66,671254.56,72,38,48.49
NS57SE_1000,1,0_3,4.4484222051,-9999.0,-9999.0,-9999.0,62.9039993286,228.495330142805,74.3543702302159,255192.62,671900.87,36,20,62.904
NS57SE_1001,1,0_3,3.97238312932,-9999.0,-9999.0,-9999.0,66.8290023804,405.547424275098,106.682362218424,255274.28,671901.27,60,32,66.829
NS57SE_1003,1,0_3,7.70169117012,-9999.0,-9999.0,-9999.0,68.0019989014,236.369445136494,61.9270412193255,255321.28,671894.85,12,8,68.002
NS57SE_1004,1,0_3,4.49571990967,-9999.0,-9999.0,-9999.0,67.5230026245,20.3947087529131,25.2656982173289,255454.35,671888.55,12,8,67.523
NS57SE_1005,1,0_3,4.60204826089,-9999.0,-9999.0,-9999.0,66.7030029297,264.05768334976,88.6375796743717,255471.7,671896.78,44,24,66.703
NS57SE_1007,1,0_3,5.79833038702,-9999.0,-9999.0,-9999.0,67.4420013428,386.97620747838,82.603627020493,255299.35,671893.5,36,20,67.442
NS57SE_1008,1,0_3,7.25483507723,-9999.0,-9999.0,-9999.0,68.1942367554,285.225727037187,77.4865806653828,255351.09,671890.8,28,16,68.194
NS57SE_1009,1,0_3,7.29965347092,-9999.0,-9999.0,-9999.0,55.6030006409,346.215367603344,96.4379096837101,255118.27,671898.02,36,20,55.603
NS57SE_1012,1,0_3,6.02468874454,-9999.0,-9999.0,-9999.0,67.422996521,249.20111998712,77.1021746118535,255431.14,671887.26,44,24,67.423
NS57SE_1013,1,0_3,7.38375112419,-9999.0,-9999.0,-9999.0,56.1969985962,180.057836350122,58.857245984363,255144.98,671882.25,28,16,56.197
NS57SE_1014,1,0_3,6.13993580253,-9999.0,-9999.0,-9999.0,67.1060028076,224.470072251894,72.8173449396484,255404.18,671884.96,44,24,67.106
NS57SE_1015,1,0_3,6.18215232705,-9999.0,-9999.0,-9999.0,65.8190002441,134.586381405161,49.2746262234972,255479.56,671882.17,28,16,65.819
NS57SE_1016,1,0_3,5.76943336901,-9999.0,-9999.0,-9999.0,64.8550033569,168.802179398164,67.3887952226426,255512.11,671883.83,44,24,64.855
NS57SE_1021,1,0_3,5.06581572243,-9999.0,-9999.0,-9999.0,62.5699996948,406.741132572152,107.15728000272,255558.14,671888.35,60,32,62.57
NS57SE_1023,1,0_3,8.70289576569,-9999.0,-9999.0,-9999.0,49.6739997864,989.332007523522,156.41989086751,255078.62,671889.22,60,32,49.674
NS57SE_1030,1,0_3,5.49174759823,-9999.0,-9999.0,-9999.0,60.7420005798,550.302310073436,166.379294065726,255592.12,671882.5,80,42,60.742
NS57SE_620,1,0_3,5.4690579047,-9999.0,-9999.0,-9999.0,48.283000946,139.210376366116,48.2548245204524,255212.86,672495.35,20,12,48.283
NS57SE_621,1,0_3,4.86044795162,-9999.0,-9999.0,-9999.0,61.4650001526,167.683980678316,68.3937270711894,255100.09,672490.97,32,18,61.465
NS57SE_622,1,0_3,4.10951980351,-9999.0,-9999.0,-9999.0,39.9459991455,283.165732703589,89.6349749384303,255267.77,672495.6,44,24,39.946
NS57SE_623,1,0_3,4.58662806672,-9999.0,-9999.0,-9999.0,60.9630012512,398.802428358355,105.913503070696,255067.69,672489.95,44,24,60.963
NS57SE_624,1,0_3,5.35233180392,-9999.0,-9999.0,-9999.0,51.1699981689,199.802422556571,57.7055942256638,255195.43,672488.11,24,14,51.17
NS57SE_625,1,0_3,5.06267062166,-9999.0,-9999.0,-9999.0,53.1310005188,144.201973340662,52.3726174468045,255176.43,672485.67,28,16,53.131
NS57SE_626,1,0_3,4.68398496174,-9999.0,-9999.0,-9999.0,60.9819984436,355.420645403703,122.302856320586,255028.21,672487.94,64,34,60.982
NS57SE_627,1,0_3,4.73264684643,-9999.0,-9999.0,-9999.0,59.3170013428,145.583081286577,52.746131804099,255123.23,672485.15,28,16,59.317
NS57SE_628,1,0_3,4.0875853883,-9999.0,-9999.0,-9999.0,55.65599823,211.466613764558,68.2850240981494,255152.6,672484.84,32,18,55.656
NS57SE_629,1,0_3,3.8972272012,-9999.0,-9999.0,-9999.0,40.2599983215,149.386117509654,46.3211857273842,255248.28,672480.37,24,14,40.26
NS57SE_633,1,0_3,3.64075638412,-9999.0,-9999.0,-9999.0,54.8689994812,22.2136762438985,27.1451261109594,255131.93,672466.61,8,6,54.869
NS57SE_634,1,0_3,4.03544755255,-9999.0,-9999.0,-9999.0,59.1539993286,173.818719084351,56.0977305503055,255018.36,672469.66,28,16,59.154
NS57SE_635,1,0_3,3.81598476502,-9999.0,-9999.0,-9999.0,40.7000007629,140.092123088591,50.7330016200878,255235.58,672468.76,28,16,40.7
NS57SE_637,1,0_3,3.62150946379,-9999.0,-9999.0,-9999.0,57.4869995117,418.775550466607,130.283800858102,255058.29,672455.01,76,40,57.487
NS57SE_638,1,0_3,4.43401582274,-9999.0,-9999.0,-9999.0,40.6049995422,129.828449100131,45.6064907938076,255224.44,672455.4,12,8,40.605
NS57SE_639,1,0_3,3.9939637809,-9999.0,-9999.0,-9999.0,57.8819999695,154.849058890525,59.5106391832649,255021.38,672453.24,40,22,57.882
NS57SE_640,1,0_3,4.14629573657,-9999.0,-9999.0,-9999.0,55.9889984131,267.94167479071,80.627265889637,255091.54,672451.8,36,20,55.989
NS57SE_642,1,0_3,4.09015177293,-9999.0,-9999.0,-9999.0,55.0559997559,375.887968759462,111.093340850289,255115.95,672457.93,72,38,55.056
NS57SE_643,1,0_3,4.3523795562,-9999.0,-9999.0,-9999.0,45.2200012207,593.135134690434,194.410313121822,255166.16,672455.18,132,68,45.22
NS57SE_644,1,0_3,3.81606059957,-9999.0,-9999.0,-9999.0,42.9160003662,262.439766051287,81.3572880787386,255199.44,672446.07,44,24,42.916
NS57SE_645,1,0_3,5.64575101652,-9999.0,-9999.0,-9999.0,39.0499992371,103.316783635728,43.5441550785845,255216.49,672441.07,28,16,39.05
NS57SE_646,1,0_3,2.1569879131,-9999.0,-9999.0,-9999.0,58.5800018311,40.7570175034807,25.5548225181195,255054.22,672419.81,12,8,58.58
NS57SE_647,1,0_3,3.6805200928,-9999.0,-9999.0,-9999.0,58.0499992371,181.956548659215,54.9514507856798,255068.07,672418.43,20,12,58.05
NS57SE_648,1,0_3,4.17568403516,-9999.0,-9999.0,-9999.0,57.1829986572,181.418070846799,53.9407193293774,255084.61,672417.02,12,8,57.183
NS57SE_649,1,0_3,3.60294231333,-9999.0,-9999.0,-9999.0,56.2210006714,159.916405234182,55.0286895921225,255100.97,672415.46,28,16,56.221
NS57SE_650,1,0_3,5.70477850074,-9999.0,-9999.0,-9999.0,37.9793357849,1196.2302436293,153.965143417197,255263.63,672430.89,36,20,37.979
NS57SE_651,1,0_3,4.01585040845,-9999.0,-9999.0,-9999.0,58.5999984741,145.219529834888,53.7815936996162,255020.44,672414.53,20,12,58.6
NS57SE_652,1,0_3,3.68213816447,-9999.0,-9999.0,-9999.0,42.0229988098,139.404177129408,48.4446536196307,255203.32,672413.51,20,12,42.023
NS57SE_654,1,0_3,3.54667568445,-9999.0,-9999.0,-9999.0,58.8650016785,204.083963829496,60.1711341014673,255045.61,672413.62,20,12,58.865
NS57SE_655,1,0_3,4.13457033527,-9999.0,-9999.0,-9999.0,49.0159988403,177.781378740012,59.5032963159259,255167.04,672415.01,20,12,49.016
NS57SE_656,1,0_3,3.83742607551,-9999.0,-9999.0,-9999.0,58.1590003967,159.511439210645,57.9886232050831,255005.35,672411.77,28,16,58.159
NS57SE_657,1,0_3,3.72882934813,-9999.0,-9999.0,-9999.0,54.4850006104,270.26043145304,76.0313342857035,255125.96,672411.14,44,24,54.485
NS57SE_659,1,0_3,4.13716960157,-9999.0,-9999.0,-9999.0,51.638999939,121.556716243621,44.1759686701879,255161.44,672399.52,12,8,51.639
NS57SE_660,1,0_3,3.86162045871,-9999.0,-9999.0,-9999.0,42.6949996948,133.340199260392,48.6522775947434,255198.88,672398.71,20,12,42.695
NS57SE_661,1,0_3,2.61521261431,-9999.0,-9999.0,-9999.0,59.3785018921,55.4639117982765,29.9799639540465,255001.95,672389.76,12,8,59.379
NS57SE_662,1,0_3,2.26030716395,-9999.0,-9999.0,-9999.0,59.358001709,121.813887636893,72.6764621883718,255060.19,672393.17,48,26,59.358
NS57SE_663,1,0_3,3.93860405521,-9999.0,-9999.0,-9999.0,52.466999054,174.243221014129,59.3923852905066,255157.91,672384.92,36,20,52.467
NS57SE_664,1,0_3,2.84908781119,-9999.0,-9999.0,-9999.0,38.063999176,189.01713077497,65.0083149732394,255322.8,672385.18,20,12,38.064
NS57SE_665,1,0_3,3.93999489249,-9999.0,-9999.0,-9999.0,44.2130012512,121.748067251129,44.2323307243195,255195.7,672382.63,12,8,44.213
NS57SE_666,1,0_3,4.02361549851,-9999.0,-9999.0,-9999.0,55.858001709,331.184759337996,105.557578342078,255118.01,672383.14,52,28,55.858
NS57SE_667,1,0_3,4.29325535523,-9999.0,-9999.0,-9999.0,60.5680007935,205.962464639153,59.092502524805,255050.03,672376.25,20,12,60.568
NS57SE_668,1,0_3,4.68347088823,-9999.0,-9999.0,-9999.0,59.8759994507,138.412516787547,47.0624081788727,255069.16,672373.72,12,8,59.876
NS57SE_669,1,0_3,4.05419377436,-9999.0,-9999.0,-9999.0,60.8180007935,170.246468024606,56.8184887448334,255034.26,672372.14,28,16,60.818
NS57SE_671,1,0_3,4.24646458952,-9999.0,-9999.0,-9999.0,60.5750007629,158.795713737005,53.6868390333107,255018.27,672370.02,20,12,60.575
NS57SE_672,1,0_3,3.2253895621,-9999.0,-9999.0,-9999.0,39.9029998779,62.6651668544759,32.1605695659921,255501.42,672364.09,12,8,39.903
NS57SE_673,1,0_3,3.59277902578,-9999.0,-9999.0,-9999.0,58.7625007629,322.040558187252,98.5054578451119,255086.77,672372.04,84,44,58.763
NS57SE_675,1,0_3,3.88134124381,-9999.0,-9999.0,-9999.0,45.1240005493,128.49769301622,46.9137215129262,255191.01,672365.5,20,12,45.124
NS57SE_676,1,0_3,3.92185932799,-9999.0,-9999.0,-9999.0,57.6969985962,234.69237268579,90.2609249793489,255115.74,672362.12,36,20,57.697
NS57SE_678,1,0_3,4.10669044474,-9999.0,-9999.0,-9999.0,54.9179992676,292.099678474776,90.1885476696575,255151.0,672359.75,48,26,54.918
NS57SE_679,1,0_3,8.71076073296,-9999.0,-9999.0,-9999.0,38.7280006409,846.793379723692,157.040668201389,255238.3,672365.32,20,12,38.728
NS57SE_681,1,0_3,4.17699579577,-9999.0,-9999.0,-9999.0,61.0530014038,172.058981015493,58.7577177695241,255056.9,672339.37,36,20,61.053
NS57SE_683,1,0_3,4.07027509311,-9999.0,-9999.0,-9999.0,60.5190010071,179.787606576665,55.3697852456765,255075.23,672336.77,20,12,60.519
NS57SE_684,1,0_3,4.56918310612,-9999.0,-9999.0,-9999.0,58.6240005493,173.756531254421,52.6956995969967,255144.18,672335.89,24,14,58.624
NS57SE_685,1,0_3,2.11669030095,-9999.0,-9999.0,-9999.0,60.4350013733,41.8288875035457,29.9470490941957,255065.14,672327.86,16,10,60.435
NS57SE_686,1,0_3,3.97780635259,-9999.0,-9999.0,-9999.0,60.4739990234,169.581888276858,52.4563657400661,255096.58,672331.5,12,8,60.474
NS57SE_688,1,0_3,4.30746694109,-9999.0,-9999.0,-9999.0,59.658000946,139.090000619686,47.1884690215692,255136.58,672322.5,12,8,59.658
NS57SE_690,1,0_3,2.09708623811,-9999.0,-9999.0,-9999.0,57.5250015259,32.7973087477989,23.3858032436737,255006.31,672315.9,12,8,57.525
NS57SE_691,1,0_3,4.38140457929,-9999.0,-9999.0,-9999.0,56.4329986572,385.871052695045,99.6477680948513,255019.34,672327.84,72,38,56.433
NS57SE_692,1,0_3,5.02708684927,-9999.0,-9999.0,-9999.0,59.1269989014,170.680965326225,61.6577417105184,255089.29,672315.45,36,20,59.127
NS57SE_694,1,0_3,5.08681667593,-9999.0,-9999.0,-9999.0,57.6430015564,284.02834568229,121.455856331167,255051.41,672311.62,60,32,57.643
NS57SE_696,1,0_3,5.41713506348,-9999.0,-9999.0,-9999.0,39.5629997253,105.963729617887,47.0698329125296,255214.04,672304.87,28,16,39.563
NS57SE_699,1,0_3,4.30119155134,-9999.0,-9999.0,-9999.0,55.0680007935,173.757776260401,75.9116370344804,255011.1,672300.72,56,30,55.068
NS57SE_700,1,0_3,8.37998446093,-9999.0,-9999.0,-9999.0,39.0289993286,627.722584973673,124.590361268435,255250.58,672315.76,32,18,39.029
NS57SE_702,1,0_3,5.46224509141,-9999.0,-9999.0,-9999.0,56.7859992981,161.800021991229,55.9627686000051,255083.87,672298.63,20,12,56.786
NS57SE_703,1,0_3,5.02986903539,-9999.0,-9999.0,-9999.0,55.5299987793,362.407642220861,127.206364826611,255130.76,672301.33,76,40,55.53
NS57SE_708,1,0_3,4.68525555497,-9999.0,-9999.0,-9999.0,50.8138771057,179.585076173028,65.8351124368315,255120.62,672279.62,28,16,50.814
NS57SE_711,1,0_3,4.36410948131,-9999.0,-9999.0,-9999.0,51.7420005798,308.770631564429,94.2959134677383,255047.76,672280.46,32,18,51.742
NS57SE_712,1,0_3,9.40242337751,-9999.0,-9999.0,-9999.0,38.0299987793,234.175492667991,66.937773203451,255246.37,672274.5,28,16,38.03
NS57SE_714,1,0_3,2.57579521446,-9999.0,-9999.0,-9999.0,67.5510025024,69.8501169609045,41.7637758080294,255610.71,672267.62,24,14,67.551
NS57SE_715,1,0_3,5.26101751122,-9999.0,-9999.0,-9999.0,49.0830001831,142.70560498596,47.8085464072875,255113.63,672266.47,12,8,49.083
NS57SE_718,1,0_3,2.70003943973,-9999.0,-9999.0,-9999.0,45.7239990234,22.723372499826,23.0750474529176,255122.53,672254.02,8,6,45.724
NS57SE_721,1,0_3,3.09603354569,-9999.0,-9999.0,-9999.0,40.7439994812,48.8957999946299,28.0636500155851,255380.87,672252.6,12,8,40.744
NS57SE_723,1,0_3,3.73192581597,-9999.0,-9999.0,-9999.0,49.4949989319,162.319274820253,54.9135150747568,255013.25,672255.2,24,14,49.495
NS57SE_724,1,0_3,5.4267194364,-9999.0,-9999.0,-9999.0,47.3709983826,157.240340910801,51.6293645919439,255050.7,672253.95,20,12,47.371
NS57SE_725,1,0_3,3.44329550816,-9999.0,-9999.0,-9999.0,41.5730018616,134.689969021621,48.9788387405031,255285.78,672253.92,20,12,41.573
NS57SE_726,1,0_3,5.84002208262,-9999.0,-9999.0,-9999.0,45.8810005188,108.954095350378,41.8830288642988,255108.15,672252.54,12,8,45.881
NS57SE_727,1,0_3,9.28833727069,-9999.0,-9999.0,-9999.0,39.0970001221,232.604391161545,67.5254972687192,255228.79,672253.66,36,20,39.097
NS57SE_729,1,0_3,2.60215302818,-9999.0,-9999.0,-9999.0,44.0699996948,30.8683949974932,22.636666671533,255115.43,672241.35,12,8,44.07
NS57SE_730,1,0_3,6.02554561753,-9999.0,-9999.0,-9999.0,41.6010017395,77.0252468468611,35.1105620424799,255351.23,672243.3,12,8,41.601
NS57SE_734,1,0_3,4.3329075484,-9999.0,-9999.0,-9999.0,45.3470001221,530.980368183421,201.155843409022,255075.67,672258.43,148,76,45.347
NS57SE_738,1,0_3,3.79977389284,-9999.0,-9999.0,-9999.0,47.3810005188,151.723255890874,55.4389922387785,255018.83,672239.17,28,16,47.381
NS57SE_739,1,0_3,7.31947944124,-9999.0,-9999.0,-9999.0,41.7779998779,546.215196062949,104.537829574681,255312.92,672244.79,36,20,41.778
NS57SE_740,1,0_3,5.54304644495,-9999.0,-9999.0,-9999.0,43.5053863525,126.971182497832,47.4593653629178,255105.06,672237.71,28,16,43.505
NS57SE_744,1,0_3,3.96567514498,-9999.0,-9999.0,-9999.0,67.8059997559,59.9686424797122,34.4016194941561,255624.91,672229.43,20,12,67.806
NS57SE_745,1,0_3,4.9886274457,-9999.0,-9999.0,-9999.0,43.7630004883,163.283430438416,57.2263156928916,255064.62,672230.22,36,20,43.763
NS57SE_747,1,0_3,4.23280959166,-9999.0,-9999.0,-9999.0,68.1399993896,305.341284666401,80.6247614801954,255602.88,672233.08,44,24,68.14
NS57SE_748,1,0_3,9.29753830241,-9999.0,-9999.0,-9999.0,39.138999939,338.904130832058,88.8235331323148,255205.26,672231.56,36,20,39.139
NS57SE_752,1,0_3,2.79427358156,-9999.0,-9999.0,-9999.0,39.4510002136,28.0950787481318,25.1902045884722,255182.66,672219.86,8,6,39.451
NS57SE_753,1,0_3,4.42507905178,-9999.0,-9999.0,-9999.0,44.6679992676,155.11378572713,54.1700304183105,255027.13,672224.14,20,12,44.668
NS57SE_754,1,0_3,4.6907409222,-9999.0,-9999.0,-9999.0,68.1800003052,414.85775616929,97.4063596183289,255574.97,672225.55,40,22,68.18
NS57SE_758,1,0_3,4.74861420226,-9999.0,-9999.0,-9999.0,40.7719993591,565.477660760815,139.331564975734,255141.46,672230.87,60,32,40.772
NS57SE_761,1,0_3,5.06511151491,-9999.0,-9999.0,-9999.0,39.4589996338,151.332242631664,52.4692914846062,255178.16,672210.45,28,16,39.459
NS57SE_766,1,0_3,4.27195217532,-9999.0,-9999.0,-9999.0,42.7869987488,391.159680566803,110.095619714175,255026.98,672206.81,68,36,42.787
NS57SE_768,1,0_3,4.63612821927,-9999.0,-9999.0,-9999.0,68.9330673218,602.246102104646,129.847280831182,255547.48,672215.59,84,44,68.933
NS57SE_774,1,0_3,4.11744055958,-9999.0,-9999.0,-9999.0,40.7070007324,658.634380508193,121.295578734368,255106.86,672204.63,28,16,40.707
NS57SE_775,1,0_3,3.13342936765,-9999.0,-9999.0,-9999.0,40.7290000916,62.9076184325161,33.1168615255529,255229.23,672190.32,20,12,40.729
NS57SE_777,1,0_3,5.7228265269,-9999.0,-9999.0,-9999.0,68.6009979248,363.335979326715,82.1811293589143,255523.26,672197.17,28,16,68.601
NS57SE_780,1,0_3,6.69320640384,-9999.0,-9999.0,-9999.0,39.8950004578,166.674988516819,52.5760390965846,255164.29,672190.76,20,12,39.895
NS57SE_785,1,0_3,3.91711020888,-9999.0,-9999.0,-9999.0,68.0090026855,64.2802037248825,45.6396744318551,255513.45,672183.26,40,22,68.009
NS57SE_795,1,0_3,4.26853842808,-9999.0,-9999.0,-9999.0,41.111000061,297.618494300251,78.8225173657866,255060.09,672176.27,28,16,41.111
NS57SE_796,1,0_3,4.64961645357,-9999.0,-9999.0,-9999.0,38.8619995117,293.401203739731,77.2552716723673,255176.01,672180.3,20,12,38.862
NS57SE_799,1,0_3,5.09949301916,-9999.0,-9999.0,-9999.0,39.9700012207,126.838571190608,47.7937639993997,255147.4,672167.0,28,16,39.97
NS57SE_800,1,0_3,3.17088452975,-9999.0,-9999.0,-9999.0,40.641998291,183.853534470592,68.0891625941355,255218.31,672171.27,20,12,40.642
NS57SE_802,1,0_3,4.30668685305,-9999.0,-9999.0,-9999.0,41.0040016174,241.712905595872,72.6145177826716,255038.57,672168.19,24,14,41.004
NS57SE_803,1,0_3,10.1775468849,-9999.0,-9999.0,-9999.0,39.3260002136,214.111136142152,64.379778816218,255093.12,672168.06,12,8,39.326
NS57SE_805,1,0_3,5.33495641044,-9999.0,-9999.0,-9999.0,67.18800354,238.415660236023,74.0837904536134,255608.0,672163.53,36,20,67.188
NS57SE_806,1,0_3,2.40976720461,-9999.0,-9999.0,-9999.0,41.1956672668,21.8758275048234,21.7054846605713,255056.65,672158.02,8,6,41.196
NS57SE_810,1,0_3,3.8457658799,-9999.0,-9999.0,-9999.0,40.4234008789,31.4368462491935,24.5401797851616,255089.64,672154.84,12,8,40.423
NS57SE_812,1,0_3,4.04321109289,-9999.0,-9999.0,-9999.0,40.8390007019,267.851341419785,92.2888200441147,255020.38,672159.64,36,20,40.839
NS57SE_817,1,0_3,5.22461634759,-9999.0,-9999.0,-9999.0,65.7710037231,412.16026326554,100.849530081468,255482.58,672158.34,68,36,65.771
NS57SE_819,1,0_3,9.36001713384,-9999.0,-9999.0,-9999.0,40.5960006714,236.123178069044,63.3640002445531,255203.45,672153.28,12,8,40.596
NS57SE_823,1,0_3,5.48022975129,-9999.0,-9999.0,-9999.0,67.2890014648,355.48701146273,96.1680822392375,255575.74,672149.45,56,30,67.289
NS57SE_827,1,0_3,2.38943531888,-9999.0,-9999.0,-9999.0,67.0,65.393588047129,32.3476950535434,255553.05,672138.07,12,8,67.0
NS57SE_830,1,0_3,5.973612951,-9999.0,-9999.0,-9999.0,66.608001709,110.898724200953,43.6521212224021,255617.62,672136.87,12,8,66.608
NS57SE_835,1,0_3,6.86621791661,-9999.0,-9999.0,-9999.0,66.1669998169,221.545392125675,62.4492995144878,255452.67,672131.49,20,12,66.167
NS57SE_838,1,0_3,5.20086597781,-9999.0,-9999.0,-9999.0,40.3479995728,185.567488159452,55.284813503192,255005.31,672122.62,12,8,40.348
NS57SE_840,1,0_3,6.82674433876,-9999.0,-9999.0,-9999.0,66.5210037231,118.685303973663,44.1728422207483,255622.34,672119.29,12,8,66.521
NS57SE_844,1,0_3,2.45579058715,-9999.0,-9999.0,-9999.0,66.6100006104,28.7866125001612,24.8184360207072,255612.4,672113.51,8,6,66.61
NS57SE_845,1,0_3,2.75916585615,-9999.0,-9999.0,-9999.0,67.7289962769,48.2041049977297,27.9166866869714,255376.97,672113.1,12,8,67.729
NS57SE_846,1,0_3,6.85089216294,-9999.0,-9999.0,-9999.0,67.3450012207,278.994035894049,82.0874003785951,255429.75,672119.34,28,16,67.345
NS57SE_847,1,0_3,7.31500078313,-9999.0,-9999.0,-9999.0,66.3529968262,301.996960170746,82.7818777626281,255527.36,672121.51,44,24,66.353
NS57SE_848,1,0_3,4.14452344537,-9999.0,-9999.0,-9999.0,43.1209983826,146.69177704925,49.7983503803931,255215.38,672116.17,12,8,43.121
NS57SE_849,1,0_3,6.45128739209,-9999.0,-9999.0,-9999.0,66.5490036011,437.021688621739,112.176392110226,255354.07,672119.91,44,24,66.549
NS57SE_850,1,0_3,2.51857639414,-9999.0,-9999.0,-9999.0,41.5509986877,30.0368587454033,22.214126962198,255184.8,672110.1,12,8,41.551
NS57SE_853,1,0_3,5.92477712375,-9999.0,-9999.0,-9999.0,67.2699966431,127.752098899606,45.7526419072354,255509.38,672109.2,12,8,67.27
NS57SE_854,1,0_3,4.23226365843,-9999.0,-9999.0,-9999.0,66.6689987183,145.723352930762,50.6655900865446,255599.79,672108.63,28,16,66.669
NS57SE_856,1,0_3,6.491588942,-9999.0,-9999.0,-9999.0,67.513999939,268.641466090256,84.5734743303692,255405.07,672106.44,44,24,67.514
NS57SE_860,1,0_3,4.00091801343,-9999.0,-9999.0,-9999.0,66.486000061,219.694871628485,77.7370414950714,255583.65,672102.33,52,28,66.486
NS57SE_865,1,0_3,3.64707946777,-9999.0,-9999.0,-9999.0,41.9869995117,38.1005099925585,24.6968348964457,255115.0,672091.5,12,8,41.987
NS57SE_866,1,0_3,9.49041974846,-9999.0,-9999.0,-9999.0,41.2779998779,642.140387135238,135.342971271403,255173.59,672110.78,36,20,41.278
NS57SE_867,1,0_3,5.5191572445,-9999.0,-9999.0,-9999.0,67.4150009155,258.422834241993,74.3024314577906,255497.26,672097.96,28,16,67.415
NS57SE_869,1,0_3,5.92318895853,-9999.0,-9999.0,-9999.0,67.4339981079,329.578136130484,83.7100528464842,255378.09,672094.68,36,20,67.434
NS57SE_870,1,0_3,6.29045564157,-9999.0,-9999.0,-9999.0,66.3040008545,169.999971169428,57.2770731984445,255566.91,672087.32,20,12,66.304
NS57SE_872,1,0_3,3.23831784409,-9999.0,-9999.0,-9999.0,65.1139984131,58.93384208862,30.7625758817848,255278.39,672080.04,12,8,65.114
NS57SE_875,1,0_3,3.69341609353,-9999.0,-9999.0,-9999.0,67.3740005493,23.4644668519311,41.918040733656,255501.2,672079.16,12,8,67.374
NS57SE_877,1,0_3,5.21680191245,-9999.0,-9999.0,-9999.0,67.5599975586,403.641285242998,92.2892092450896,255474.62,672078.42,52,28,67.56
NS57SE_880,1,0_3,6.34903462327,-9999.0,-9999.0,-9999.0,66.4440002441,164.855347073925,56.1120177389316,255544.97,672071.38,12,8,66.444
NS57SE_882,1,0_3,2.92897535928,-9999.0,-9999.0,-9999.0,66.952003479,54.8145615843535,30.0512743474899,255304.09,672063.71,12,8,66.952
NS57SE_883,1,0_3,5.49988213679,-9999.0,-9999.0,-9999.0,65.5879974365,153.719518066455,53.3917386051771,255597.92,672063.8,20,12,65.588
NS57SE_886,1,0_3,6.3677627379,-9999.0,-9999.0,-9999.0,67.2490005493,359.56579817183,93.9909065656079,255342.01,672061.96,44,24,67.249
NS57SE_888,1,0_3,6.45083113848,-9999.0,-9999.0,-9999.0,66.7070007324,172.650873065966,58.4588878202728,255523.4,672055.64,20,12,66.707
NS57SE_889,1,0_3,3.62321181018,-9999.0,-9999.0,-9999.0,67.4260025024,95.0660690770132,39.1007429127424,255484.03,672052.33,12,8,67.426
NS57SE_890,1,0_3,2.39023307274,-9999.0,-9999.0,-9999.0,42.4679985046,29.9298374976645,23.2494886811738,255128.27,672049.24,12,8,42.468
NS57SE_891,1,0_3,7.49935895842,-9999.0,-9999.0,-9999.0,67.8830032349,425.602578124108,92.0544125072619,255446.17,672060.18,28,16,67.883
NS57SE_894,1,0_3,9.46536269983,-9999.0,-9999.0,-9999.0,41.7490005493,658.046236064643,135.653309284225,255126.62,672061.82,28,16,41.749
NS57SE_895,1,0_3,6.53356370472,-9999.0,-9999.0,-9999.0,67.5100021362,26.2141839681905,41.3254017238194,255468.94,672045.45,28,16,67.51
NS57SE_896,1,0_3,5.57276594125,-9999.0,-9999.0,-9999.0,66.9960021973,260.278756507808,77.7801918295846,255296.62,672051.83,44,24,66.996
NS57SE_898,1,0_3,5.29669059435,-9999.0,-9999.0,-9999.0,67.2900009155,245.657894612319,75.0921958512564,255322.02,672049.11,44,24,67.29
NS57SE_899,1,0_3,6.2049247947,-9999.0,-9999.0,-9999.0,64.7710037231,124.687800007152,45.3473351065471,255602.48,672046.61,12,8,64.771
NS57SE_901,1,0_3,2.88955875744,-9999.0,-9999.0,-9999.0,65.2789993286,28.5724387449925,22.2261629940631,255242.22,672038.51,12,8,65.279
NS57SE_904,1,0_3,6.47878426862,-9999.0,-9999.0,-9999.0,68.0199966431,259.126201424317,68.7039644263067,255413.4,672041.1,24,14,68.02
NS57SE_908,1,0_3,9.55913453992,-9999.0,-9999.0,-9999.0,40.6300010681,357.468474685539,82.4207476446931,255014.04,672037.76,20,12,40.63
NS57SE_909,1,0_3,5.89090924246,-9999.0,-9999.0,-9999.0,64.0049972534,150.484582760828,61.5730078590507,255609.47,672031.2,24,14,64.005
NS57SE_910,1,0_3,5.27283226388,-9999.0,-9999.0,-9999.0,40.7239990234,551.615257996813,97.7603202578519,255079.91,672037.69,28,16,40.724
NS57SE_911,1,0_3,7.60157325335,-9999.0,-9999.0,-9999.0,66.6669998169,281.37246585374,87.3970452900084,255271.03,672034.85,36,20,66.667
NS57SE_919,1,0_3,6.86738810221,-9999.0,-9999.0,-9999.0,65.5250015259,211.130001039251,62.2255989286551,255239.62,672017.65,44,24,65.525
NS57SE_920,1,0_3,3.31482486725,-9999.0,-9999.0,-9999.0,68.15599823,62.5582087544246,33.59443691912,255404.53,672012.37,20,12,68.156
NS57SE_923,1,0_3,2.74186918085,-9999.0,-9999.0,-9999.0,66.3219985962,58.1806312508415,31.0033121690349,255274.02,672008.81,12,8,66.322
NS57SE_924,1,0_3,5.67711567088,-9999.0,-9999.0,-9999.0,68.0559997559,275.801705485278,75.796019059114,255390.08,672013.99,28,16,68.056
NS57SE_925,1,0_3,6.37604784454,-9999.0,-9999.0,-9999.0,63.1609992981,133.405412436756,46.7106735656208,255614.86,672011.01,12,8,63.161
NS57SE_927,1,0_3,6.1553012422,-9999.0,-9999.0,-9999.0,66.858001709,217.803373298944,76.2418866575972,255298.35,672006.63,52,28,66.858
NS57SE_930,1,0_3,8.16429397295,-9999.0,-9999.0,-9999.0,67.5120010376,45.9013049987597,34.8792754720274,255317.78,671992.99,16,10,67.512
NS57SE_934,1,0_3,6.19512175173,-9999.0,-9999.0,-9999.0,62.3390007019,146.146611764808,52.485922330341,255619.81,671992.35,28,16,62.339
NS57SE_935,1,0_3,4.86852412493,-9999.0,-9999.0,-9999.0,66.0439987183,214.558649253115,79.7497955331179,255257.25,671993.82,60,32,66.044
NS57SE_937,1,0_3,6.44942458625,-9999.0,-9999.0,-9999.0,64.9390029907,208.343669361481,63.3355927275064,255224.68,671985.8,28,16,64.939
NS57SE_939,1,0_3,2.94680888912,-9999.0,-9999.0,-9999.0,66.0582962036,49.756293751324,27.6753026516415,255254.8,671976.11,16,10,66.058
NS57SE_941,1,0_3,2.9096367346,-9999.0,-9999.0,-9999.0,65.1804656982,49.1237156699244,28.9056363757372,255235.93,671969.79,12,8,65.18
NS57SE_942,1,0_3,4.75286413494,-9999.0,-9999.0,-9999.0,65.6549987793,59.3915325029516,30.8811275681393,255541.67,671970.71,12,8,65.655
NS57SE_945,1,0_3,3.13600023629,-9999.0,-9999.0,-9999.0,65.658996582,304.034085482442,75.135839420147,255525.38,671975.13,28,16,65.659
NS57SE_948,1,0_3,5.04821089939,-9999.0,-9999.0,-9999.0,67.6320037842,493.399587158845,149.847993077029,255335.27,671979.74,80,42,67.632
NS57SE_949,1,0_3,6.06717711414,-9999.0,-9999.0,-9999.0,64.4759979248,362.596488802551,98.5660088336975,255178.13,671971.12,44,24,64.476
NS57SE_953,1,0_3,1.93340230543,-9999.0,-9999.0,-9999.0,64.0375061035,26.0650237464358,24.9187630692902,255162.91,671959.35,16,10,64.037
NS57SE_954,1,0_3,7.52730910111,-9999.0,-9999.0,-9999.0,55.7290000916,192.638675552703,58.6400548209732,255088.6,671962.43,28,16,55.729
NS57SE_955,1,0_3,3.56628411392,-9999.0,-9999.0,-9999.0,49.0390014648,61.8019522216192,33.873669193874,255051.28,671958.59,20,12,49.039
NS57SE_956,1,0_3,4.55269379214,-9999.0,-9999.0,-9999.0,67.3740005493,389.084009505806,128.374472776745,255406.38,671971.9,68,36,67.374
NS57SE_957,1,0_3,6.20859898942,-9999.0,-9999.0,-9999.0,63.2120018005,316.245672660596,110.453531808963,255146.84,671963.13,72,38,63.212
NS57SE_962,1,0_3,7.65016123791,-9999.0,-9999.0,-9999.0,48.5970001221,195.827647781765,64.4397906490255,255038.33,671955.83,36,20,48.597
NS57SE_964,1,0_3,4.84396933898,-9999.0,-9999.0,-9999.0,68.3915481567,405.475249389991,100.317507667696,255314.43,671949.65,48,26,68.391
NS57SE_965,1,0_3,4.8269892668,-9999.0,-9999.0,-9999.0,60.358001709,501.715668864085,139.552864658719,255618.68,671959.0,84,44,60.358
NS57SE_968,1,0_3,6.70376353351,-9999.0,-9999.0,-9999.0,66.9075012207,406.422758975524,113.613128938718,255270.87,671940.18,60,32,66.907
NS57SE_970,1,0_3,7.06229613991,-9999.0,-9999.0,-9999.0,66.1979980469,210.333694365623,62.7359333748241,255234.77,671931.74,28,16,66.198
NS57SE_971,1,0_3,4.56152411217,-9999.0,-9999.0,-9999.0,65.6460037231,3052.83362741131,354.014990086952,255481.24,671962.79,156,80,65.646
NS57SE_974,1,0_3,5.32896079886,-9999.0,-9999.0,-9999.0,64.108001709,303.494161277795,91.5379539452597,255183.77,671930.1,52,28,64.108
NS57SE_977,1,0_3,4.30043400092,-9999.0,-9999.0,-9999.0,68.7779998779,257.41466294528,82.7709183824395,255405.04,671929.03,52,28,68.778
NS57SE_978,1,0_3,3.14847080682,-9999.0,-9999.0,-9999.0,68.3853302002,48.4379025019338,31.1413845338515,255311.63,671922.45,12,8,68.385
NS57SE_979,1,0_3,3.53631192162,-9999.0,-9999.0,-9999.0,68.7750015259,59.7230849965626,31.3916567942734,255328.78,671920.8,12,8,68.775
NS57SE_980,1,0_3,4.13709311057,-9999.0,-9999.0,-9999.0,68.18699646,836.504294082834,248.949326125629,255355.5,671945.05,168,86,68.187
NS57SE_981,1,0_3,6.89797846476,-9999.0,-9999.0,-9999.0,67.3479995728,27.133642500656,21.6409504188667,255264.67,671916.26,12,8,67.348
NS57SE_982,1,0_3,3.49496360016,-9999.0,-9999.0,-9999.0,66.6119995117,269.813154019433,71.8198766175884,255464.92,671922.94,36,20,66.612
NS57SE_983,1,0_3,2.66397009003,-9999.0,-9999.0,-9999.0,66.7490005493,101.279739896271,43.1087542626278,255252.78,671917.79,28,16,66.749
NS57SE_984,1,0_3,5.02277374268,-9999.0,-9999.0,-9999.0,64.2340011597,195.378087890974,57.76540512142,255545.85,671919.62,28,16,64.234
NS57SE_985,1,0_3,2.91735822237,-9999.0,-9999.0,-9999.0,68.8040008545,103.829701351506,42.8355757395192,255339.85,671914.91,24,14,68.804
NS57SE_986,1,0_3,2.73810327248,-9999.0,-9999.0,-9999.0,68.8820037842,32.3947349967328,23.4263252491935,255412.3,671912.59,12,8,68.882
NS57SE_987,1,0_3,4.98539715603,-9999.0,-9999.0,-9999.0,63.2309989929,120.976312503687,42.4105175676875,255566.35,671917.01,20,12,63.231
NS57SE_988,1,0_3,5.05883073549,-9999.0,-9999.0,-9999.0,60.5976676941,240.367063427402,79.3557207007429,255607.92,671921.92,36,20,60.598
NS57SE_989,1,0_3,8.09032980601,-9999.0,-9999.0,-9999.0,58.484500885,158.040804406006,50.3009560559007,255144.02,671915.12,12,8,58.484
NS57SE_993,1,0_3,2.72775752204,-9999.0,-9999.0,-9999.0,66.4169998169,30.3000599981187,22.5247919324943,255252.93,671903.47,12,8,66.417
NS57SE_995,1,0_3,5.46719709047,-9999.0,-9999.0,-9999.0,64.7590026855,366.648038663084,117.228187744929,255517.07,671907.42,48,26,64.759
NS57SE_996,1,0_3,2.94572665307,-9999.0,-9999.0,-9999.0,68.0148391724,41.8000687558204,30.720047304265,255413.8,671897.7,16,10,68.015
NS57SE_997,1,0_3,4.55608030637,-9999.0,-9999.0,-9999.0,65.3040008545,247.323355279058,71.2023718914544,255235.18,671902.4,36,20,65.304
NS57SE_998,1,0_3,7.53036072803,-9999.0,-9999.0,-9999.0,56.9589996338,186.24132895044,56.2317335152474,255141.38,671898.99,12,8,56.959
NS57SE_277,1,0_4,5.89039377361,-9999.0,-9999.0,-9999.0,62.547000885,203.604419450439,60.0728587589917,255191.14,673122.56,20,12,62.547
NS57SE_278,1,0_4,6.68859988682,-9999.0,-9999.0,-9999.0,66.9140014648,183.86819330648,55.023662698338,255041.24,673124.04,12,8,66.914
NS57SE_282,1,0_4,5.91849605272,-9999.0,-9999.0,-9999.0,50.7410011292,209.068787384422,60.2789422385189,255307.39,673115.5,28,16,50.741
NS57SE_283,1,0_4,2.61583771425,-9999.0,-9999.0,-9999.0,67.4349975586,34.1162137467986,23.3835328584042,255045.41,673109.89,12,8,67.435
NS57SE_284,1,0_4,6.06577119827,-9999.0,-9999.0,-9999.0,65.1679992676,204.251584589902,70.058932054243,255086.24,673113.41,36,20,65.168
NS57SE_286,1,0_4,5.60917048694,-9999.0,-9999.0,-9999.0,68.4246673584,223.518925783876,78.8973888929216,255016.06,673115.23,52,28,68.425
NS57SE_287,1,0_4,6.21719764522,-9999.0,-9999.0,-9999.0,53.1360015869,202.336839803859,62.9991757415955,255287.1,673111.09,36,20,53.136
NS57SE_289,1,0_4,5.08282095513,-9999.0,-9999.0,-9999.0,62.5820007324,573.879771982841,171.395961179416,255161.21,673113.67,88,46,62.582
NS57SE_291,1,0_4,2.45739713857,-9999.0,-9999.0,-9999.0,68.0746688843,22.1357137558853,22.2740959544759,255038.74,673102.84,8,6,68.075
NS57SE_292,1,0_4,6.80043729328,-9999.0,-9999.0,-9999.0,57.5960006714,178.743781738418,57.4401176643871,255251.37,673100.77,20,12,57.596
NS57SE_294,1,0_4,2.39856224254,-9999.0,-9999.0,-9999.0,54.4010009766,55.6966049987448,34.5378095887797,255281.9,673097.77,16,10,54.401
NS57SE_295,1,0_4,6.67726384869,-9999.0,-9999.0,-9999.0,37.9790000916,212.75680745924,65.2936010896295,255623.51,673100.86,20,12,37.979
NS57SE_296,1,0_4,6.13472344675,-9999.0,-9999.0,-9999.0,55.641998291,199.874726828742,73.0510865726049,255268.84,673102.08,28,16,55.642
NS57SE_297,1,0_4,6.26623440176,-9999.0,-9999.0,-9999.0,67.0240020752,189.06292120687,60.207060972282,255052.62,673098.38,28,16,67.024
NS57SE_298,1,0_4,6.64511368289,-9999.0,-9999.0,-9999.0,63.5340003967,347.795883353234,101.967045332807,255129.06,673099.48,28,16,63.534
NS57SE_299,1,0_4,5.86206360711,-9999.0,-9999.0,-9999.0,65.2369995117,233.034377577272,73.5716176901322,255094.14,673096.31,52,28,65.237
NS57SE_300,1,0_4,6.064790559,-9999.0,-9999.0,-9999.0,44.4879989624,200.380668163731,73.5755048227804,255381.68,673097.28,28,16,44.488
NS57SE_301,1,0_4,4.55995539216,-9999.0,-9999.0,-9999.0,37.5909996033,262.865134152141,96.5214531832931,255518.4,673097.05,44,24,37.591
NS57SE_302,1,0_4,4.88653141145,-9999.0,-9999.0,-9999.0,61.21900177,157.361055022652,50.5672618892328,255215.07,673087.42,12,8,61.219
NS57SE_304,1,0_4,6.55718673148,-9999.0,-9999.0,-9999.0,38.03099823,207.906458449836,61.9444211607185,255623.48,673082.07,28,16,38.031
NS57SE_305,1,0_4,6.21876057407,-9999.0,-9999.0,-9999.0,45.1279983521,193.083429246599,71.8812909496005,255382.78,673080.72,36,20,45.128
NS57SE_306,1,0_4,5.27820629921,-9999.0,-9999.0,-9999.0,58.9230003357,291.598610658363,115.306422637727,255235.71,673085.98,68,36,58.923
NS57SE_308,1,0_4,6.64264591274,-9999.0,-9999.0,-9999.0,67.5640029907,176.404595530696,53.7434086516238,255061.4,673080.39,12,8,67.564
NS57SE_309,1,0_4,2.59685103747,-9999.0,-9999.0,-9999.0,57.5410003662,28.7866800007167,25.6483218601332,255265.62,673074.07,8,6,57.541
NS57SE_311,1,0_4,6.43120132922,-9999.0,-9999.0,-9999.0,50.3470001221,365.573018043404,98.5320487428384,255313.73,673085.74,36,20,50.347
NS57SE_312,1,0_4,6.20189189109,-9999.0,-9999.0,-9999.0,37.6129989624,151.048824869861,55.5404519082398,255525.36,673075.72,28,16,37.613
NS57SE_314,1,0_4,6.87434084544,-9999.0,-9999.0,-9999.0,63.3100013733,168.803985189852,52.466701375815,255162.13,673072.8,12,8,63.31
NS57SE_315,1,0_4,5.50972098376,-9999.0,-9999.0,-9999.0,61.6290016174,233.231219906774,86.9775428870991,255201.28,673077.63,36,20,61.629
NS57SE_316,1,0_4,2.73010046939,-9999.0,-9999.0,-9999.0,53.1360015869,25.6561499994714,20.4692905907217,255301.86,673069.8,12,8,53.136
NS57SE_317,1,0_4,6.10491168494,-9999.0,-9999.0,-9999.0,47.0810012817,614.13002965132,187.043761461661,255347.92,673092.97,108,56,47.081
NS57SE_318,1,0_4,2.27304977499,-9999.0,-9999.0,-9999.0,62.0690002441,50.8509262501924,30.5620156621751,255192.51,673067.66,12,8,62.069
NS57SE_320,1,0_4,5.74947571574,-9999.0,-9999.0,-9999.0,62.5299987793,243.297898575064,77.6225156314954,255179.59,673072.49,36,20,62.53
NS57SE_321,1,0_4,5.52474811189,-9999.0,-9999.0,-9999.0,53.9970016479,170.123375413276,74.9837214224112,255292.4,673070.35,44,24,53.997
NS57SE_322,1,0_4,5.76016371463,-9999.0,-9999.0,-9999.0,64.0,220.41591075819,75.972312185091,255146.36,673065.68,36,20,64.0
NS57SE_323,1,0_4,2.30546343154,-9999.0,-9999.0,-9999.0,47.8861427307,21.726524999016,21.9282097635809,255358.96,673059.75,8,6,47.886
NS57SE_324,1,0_4,6.43003414563,-9999.0,-9999.0,-9999.0,37.9949989319,722.22605175419,172.014406231117,255476.53,673078.72,120,62,37.995
NS57SE_325,1,0_4,7.15466980518,-9999.0,-9999.0,-9999.0,37.9140014648,196.715952201909,57.9984695988167,255621.28,673063.86,20,12,37.914
NS57SE_327,1,0_4,5.65033173776,-9999.0,-9999.0,-9999.0,67.4420013428,233.771298379623,72.5997170961898,255078.96,673063.69,44,24,67.442
NS57SE_328,1,0_4,6.42200476881,-9999.0,-9999.0,-9999.0,56.3120002747,143.924989125847,51.5621931174939,255277.31,673062.04,20,12,56.312
NS57SE_329,1,0_4,2.42609687473,-9999.0,-9999.0,-9999.0,63.8650016785,25.6430700018746,21.306272127032,255160.01,673055.32,12,8,63.865
NS57SE_330,1,0_4,6.93162089586,-9999.0,-9999.0,-9999.0,57.6523361206,113.342148090021,42.9471332375761,255263.54,673056.49,12,8,57.652
NS57SE_331,1,0_4,6.60075440551,-9999.0,-9999.0,-9999.0,45.6060028076,207.023378221341,63.8057591965309,255389.06,673059.12,36,20,45.606
NS57SE_332,1,0_4,6.15176086683,-9999.0,-9999.0,-9999.0,38.0180015564,150.723547748253,55.1654887395978,255536.32,673057.3,28,16,38.018
NS57SE_333,1,0_4,5.58339878685,-9999.0,-9999.0,-9999.0,64.5780029297,487.793296191411,121.947164497245,255113.7,673058.4,56,30,64.578
NS57SE_334,1,0_4,5.8024458918,-9999.0,-9999.0,-9999.0,69.5390014648,648.330151354531,217.455780483498,255038.5,673072.55,156,80,69.539
NS57SE_335,1,0_4,6.28344919386,-9999.0,-9999.0,-9999.0,38.5740013123,140.899353990791,51.5538751769378,255523.67,673053.56,20,12,38.574
NS57SE_336,1,0_4,6.16112351062,-9999.0,-9999.0,-9999.0,40.4039993286,136.68608767065,50.9763107137162,255453.25,673051.12,20,12,40.404
NS57SE_337,1,0_4,5.98981115872,-9999.0,-9999.0,-9999.0,40.1010017395,134.446934291451,52.0817532311137,255489.31,673049.97,28,16,40.101
NS57SE_340,1,0_4,5.7000191526,-9999.0,-9999.0,-9999.0,58.7449989319,325.392230230672,116.368813003291,255240.53,673050.93,60,32,58.745
NS57SE_341,1,0_4,2.63511799958,-9999.0,-9999.0,-9999.0,63.8009986877,32.0930099985765,22.7923267661817,255160.27,673042.5,12,8,63.801
NS57SE_342,1,0_4,6.39222911773,-9999.0,-9999.0,-9999.0,39.4420013428,145.573795033711,53.8779709638719,255508.61,673046.78,28,16,39.442
NS57SE_343,1,0_4,6.93542109356,-9999.0,-9999.0,-9999.0,60.6839981079,116.184408517913,43.3092765148892,255217.49,673041.34,12,8,60.684
NS57SE_344,1,0_4,6.40354199477,-9999.0,-9999.0,-9999.0,69.0599975586,127.441989844451,47.2886671226598,255073.16,673042.89,20,12,69.06
NS57SE_346,1,0_4,5.05266335592,-9999.0,-9999.0,-9999.0,48.6611976624,271.667767824136,73.3840701420341,255351.05,673044.86,28,16,48.661
NS57SE_347,1,0_4,5.93507281712,-9999.0,-9999.0,-9999.0,41.016998291,163.917481618445,55.6482061299379,255458.22,673039.19,28,16,41.017
NS57SE_348,1,0_4,6.00175832413,-9999.0,-9999.0,-9999.0,51.7680015564,153.79263427184,55.1225573368304,255316.63,673039.21,28,16,51.768
NS57SE_349,1,0_4,5.52553660825,-9999.0,-9999.0,-9999.0,61.7760009766,164.703411682145,54.9725565209033,255200.57,673038.48,28,16,61.776
NS57SE_350,1,0_4,6.2895075211,-9999.0,-9999.0,-9999.0,41.2589988708,144.904791445269,52.9529851258686,255489.7,673036.58,20,12,41.259
NS57SE_351,1,0_4,7.27553984333,-9999.0,-9999.0,-9999.0,38.34400177,186.745998990398,56.5960932279993,255611.68,673036.85,20,12,38.344
NS57SE_353,1,0_4,6.9366644359,-9999.0,-9999.0,-9999.0,62.4599990845,114.531533128132,43.0677991004139,255187.25,673032.22,12,8,62.46
NS57SE_355,1,0_4,6.4416771456,-9999.0,-9999.0,-9999.0,66.5780029297,491.092665509939,145.207941903242,255019.88,673042.07,84,44,66.578
NS57SE_356,1,0_4,6.39185430012,-9999.0,-9999.0,-9999.0,54.9119987488,137.901974457665,51.2412230543486,255294.48,673031.19,20,12,54.912
NS57SE_357,1,0_4,6.07577598919,-9999.0,-9999.0,-9999.0,38.3349990845,150.607159287304,55.4541284699806,255538.9,673030.46,28,16,38.335
NS57SE_358,1,0_4,7.00921985635,-9999.0,-9999.0,-9999.0,56.388999939,118.380237209281,43.652066662171,255279.0,673027.57,12,8,56.389
NS57SE_359,1,0_4,5.37896527978,-9999.0,-9999.0,-9999.0,63.236000061,180.079167422197,75.9275245487213,255173.12,673032.29,44,24,63.236
NS57SE_360,1,0_4,5.82168572916,-9999.0,-9999.0,-9999.0,41.8269996643,145.066463876875,52.9997094168826,255459.66,673025.47,28,16,41.827
NS57SE_361,1,0_4,6.91796174717,-9999.0,-9999.0,-9999.0,66.108001709,159.750969549127,54.7903242717501,255044.67,673024.15,28,16,66.108
NS57SE_362,1,0_4,6.13685644117,-9999.0,-9999.0,-9999.0,67.0530014038,307.685881023273,104.719338213213,255097.27,673027.74,64,34,67.053
NS57SE_363,1,0_4,5.10207538128,-9999.0,-9999.0,-9999.0,63.7980003357,207.889282908991,63.4367684172683,255153.99,673024.99,36,20,63.798
NS57SE_364,1,0_4,6.48629497514,-9999.0,-9999.0,-9999.0,64.5429992676,139.296991831983,52.0364498093162,255138.87,673019.17,28,16,64.543
NS57SE_365,1,0_4,7.02320056397,-9999.0,-9999.0,-9999.0,65.6780014038,114.442640586203,43.0613463550557,255121.91,673018.26,12,8,65.678
NS57SE_366,1,0_4,7.12770920119,-9999.0,-9999.0,-9999.0,50.2229995728,120.329487791426,44.4992900641801,255352.56,673019.31,12,8,50.223
NS57SE_367,1,0_4,6.72963287448,-9999.0,-9999.0,-9999.0,38.4259986877,165.656714697328,51.8919806245851,255610.66,673019.68,12,8,38.426
NS57SE_368,1,0_4,5.10420728696,-9999.0,-9999.0,-9999.0,57.0449981689,199.938624724674,56.6293218041176,255266.07,673020.33,16,10,57.045
NS57SE_369,1,0_4,6.49838772816,-9999.0,-9999.0,-9999.0,58.6910018921,141.426757457584,51.4424861023883,255248.49,673017.35,20,12,58.691
NS57SE_370,1,0_4,5.83313290602,-9999.0,-9999.0,-9999.0,38.0040016174,74.0199668564527,34.725930799681,255595.46,673013.87,12,8,38.004
NS57SE_371,1,0_4,7.02780793026,-9999.0,-9999.0,-9999.0,65.9400024414,143.102974504942,53.1177473622813,255059.36,673016.03,32,20,65.94
NS57SE_372,1,0_4,6.97789086141,-9999.0,-9999.0,-9999.0,59.9010009766,115.987579218977,43.2161160788293,255232.85,673013.91,12,8,59.901
NS57SE_373,1,0_4,4.42895266507,-9999.0,-9999.0,-9999.0,46.3166656494,436.205211217902,135.601642621598,255394.62,673027.92,84,44,46.317
NS57SE_374,1,0_4,2.09942116707,-9999.0,-9999.0,-9999.0,50.5369987488,41.9458275057035,26.1841148610945,255363.5,673010.62,12,8,50.537
NS57SE_375,1,0_4,6.05724832671,-9999.0,-9999.0,-9999.0,39.6850013733,147.419973201323,52.4306713368229,255518.27,673015.2,20,12,39.685
NS57SE_376,1,0_4,5.93565899145,-9999.0,-9999.0,-9999.0,38.34400177,141.35296182902,51.409597457707,255541.27,673012.97,20,12,38.344
NS57SE_377,1,0_4,6.54047471852,-9999.0,-9999.0,-9999.0,42.4949989319,175.153492149055,57.9606475328977,255464.73,673010.39,28,16,42.495
NS57SE_378,1,0_4,6.99480051596,-9999.0,-9999.0,-9999.0,61.0979995728,115.750654633476,43.2416613257535,255217.6,673008.37,12,8,61.098
NS57SE_379,1,0_4,7.16307769034,-9999.0,-9999.0,-9999.0,64.7429962158,128.003290834996,48.1293988390026,255074.49,673006.83,20,12,64.743
NS57SE_380,1,0_4,9.28107734779,-9999.0,-9999.0,-9999.0,47.3209991455,21.6551100056796,29.8064906798413,255413.8,672998.85,8,6,47.321
NS57SE_381,1,0_4,1.98098928278,-9999.0,-9999.0,-9999.0,60.5750007629,31.0338937568235,28.1255505456101,255228.34,673001.51,16,10,60.575
NS57SE_383,1,0_4,6.39199582793,-9999.0,-9999.0,-9999.0,38.5489997864,142.280476360659,53.4071151986955,255537.65,673000.09,28,16,38.549
NS57SE_384,1,0_4,3.17242656435,-9999.0,-9999.0,-9999.0,63.5989990234,44.2580550011709,31.9474447266807,255059.05,672996.22,8,6,63.599
NS57SE_385,1,0_4,6.34736040921,-9999.0,-9999.0,-9999.0,41.2194976807,293.971611213067,106.164140127316,255498.71,673007.38,60,32,41.219
NS57SE_386,1,0_4,5.40911575228,-9999.0,-9999.0,-9999.0,61.6184310913,176.686635402959,77.6614629072997,255206.54,673000.64,40,22,61.618
NS57SE_387,1,0_4,6.39363358557,-9999.0,-9999.0,-9999.0,62.3260002136,138.552805915175,51.0957454750222,255187.32,672998.25,20,12,62.326
NS57SE_388,1,0_4,2.28148569087,-9999.0,-9999.0,-9999.0,50.7084007263,26.130363747371,23.4455406381316,255366.49,672993.49,12,8,50.708
NS57SE_389,1,0_4,6.88618986509,-9999.0,-9999.0,-9999.0,63.7470016479,147.02028153252,53.5646044921676,255088.2,672996.6,28,16,63.747
NS57SE_391,1,0_4,6.64414692621,-9999.0,-9999.0,-9999.0,62.688999176,144.974998035643,54.6536370150571,255171.7,672994.26,28,16,62.689
NS57SE_393,1,0_4,6.0927444318,-9999.0,-9999.0,-9999.0,38.8019981384,140.763409844507,51.4955974287871,255534.74,672986.71,20,12,38.802
NS57SE_394,1,0_4,6.21229805706,-9999.0,-9999.0,-9999.0,43.0149993896,144.032335554683,52.1136088499028,255501.26,672986.22,20,12,43.015
NS57SE_395,1,0_4,5.56964809404,-9999.0,-9999.0,-9999.0,62.4729995728,215.361628783749,62.0744569262902,255155.09,672986.71,28,16,62.473
NS57SE_396,1,0_4,6.06114796117,-9999.0,-9999.0,-9999.0,48.2599983215,249.449503071715,75.0078528382188,255404.99,672989.0,36,20,48.26
NS57SE_397,1,0_4,6.34690148916,-9999.0,-9999.0,-9999.0,62.8880004883,337.038819009001,109.12409699991,255111.6,672987.1,68,36,62.888
NS57SE_398,1,0_4,2.80536624363,-9999.0,-9999.0,-9999.0,62.2400016785,41.7963225014204,26.6386979162456,255166.94,672979.57,12,8,62.24
NS57SE_399,1,0_4,6.36713833349,-9999.0,-9999.0,-9999.0,63.3740005493,155.817409856049,61.1650401378198,255139.2,672983.07,36,20,63.374
NS57SE_400,1,0_4,5.65375226276,-9999.0,-9999.0,-9999.0,51.1669998169,363.945627585765,120.562821209962,255355.88,672991.37,92,48,51.167
NS57SE_401,1,0_4,6.12722760692,-9999.0,-9999.0,-9999.0,38.9459991455,140.826690233185,51.2861633963789,255533.02,672973.55,20,12,38.946
NS57SE_402,1,0_4,2.36843955517,-9999.0,-9999.0,-9999.0,50.7114448547,27.7148137513077,24.1109927539296,255392.52,672968.1,8,6,50.711
NS57SE_403,1,0_4,6.09572416534,-9999.0,-9999.0,-9999.0,43.3839988708,157.982154830163,56.0903252111882,255500.26,672972.65,28,16,43.384
NS57SE_404,1,0_4,6.11137741454,-9999.0,-9999.0,-9999.0,43.4510002136,421.797587748744,159.566399307294,255468.78,672980.53,88,46,43.451
NS57SE_405,1,0_4,2.83016706613,-9999.0,-9999.0,-9999.0,51.0820007324,70.419910321799,35.9591135499805,255384.97,672964.91,28,16,51.082
NS57SE_406,1,0_4,6.57102362859,-9999.0,-9999.0,-9999.0,53.8839988708,104.733291612722,41.9445099521052,255357.99,672965.27,12,8,53.884
NS57SE_407,1,0_4,6.11035332422,-9999.0,-9999.0,-9999.0,39.0149993896,138.535308633763,50.7514248224122,255531.32,672960.47,20,12,39.015
NS57SE_408,1,0_4,5.84930938882,-9999.0,-9999.0,-9999.0,43.1440010071,147.26422834357,52.2019866190869,255504.1,672959.5,20,12,43.144
NS57SE_409,1,0_4,4.52501053886,-9999.0,-9999.0,-9999.0,49.9379997253,278.205160729508,74.6935250366119,255404.53,672961.42,28,16,49.938
NS57SE_410,1,0_4,6.34363885085,-9999.0,-9999.0,-9999.0,42.7999992371,143.861751110258,53.9869563936254,255504.27,672946.16,28,16,42.8
NS57SE_411,1,0_4,5.51347405278,-9999.0,-9999.0,-9999.0,43.7837982178,204.201629017889,83.4719555805653,255470.75,672950.5,44,24,43.784
NS57SE_413,1,0_4,5.46962672527,-9999.0,-9999.0,-9999.0,39.0180015564,194.773905527985,87.5076403904254,255532.25,672941.74,60,32,39.018
NS57SE_414,1,0_4,2.69797706604,-9999.0,-9999.0,-9999.0,51.4290008545,86.3630062526636,38.3708594852904,255392.43,672933.71,24,14,51.429
NS57SE_415,1,0_4,6.03462964331,-9999.0,-9999.0,-9999.0,42.3769989014,134.205200001754,50.4151513539825,255504.63,672932.15,20,12,42.377
NS57SE_416,1,0_4,4.49546291088,-9999.0,-9999.0,-9999.0,50.5929985046,209.133309832665,67.3249990691316,255408.14,672935.72,44,24,50.593
NS57SE_417,1,0_4,5.32426971379,-9999.0,-9999.0,-9999.0,53.2999992371,417.659462529553,150.370819606047,255365.76,672940.5,108,56,53.3
NS57SE_418,1,0_4,6.16361208792,-9999.0,-9999.0,-9999.0,42.7050018311,141.198203461815,51.6163872494103,255477.52,672925.97,20,12,42.705
NS57SE_419,1,0_4,6.35926926477,-9999.0,-9999.0,-9999.0,43.2150001526,141.160484648781,52.3983941243645,255463.76,672920.88,20,12,43.215
NS57SE_420,1,0_4,6.09022737407,-9999.0,-9999.0,-9999.0,39.4780006409,144.237294643503,52.0439904138993,255527.95,672921.07,20,12,39.478
NS57SE_421,1,0_4,6.84504946856,-9999.0,-9999.0,-9999.0,40.5180015564,145.655434863609,54.339495580429,255505.15,672917.5,28,16,40.518
NS57SE_422,1,0_4,7.04805281583,-9999.0,-9999.0,-9999.0,38.5337524414,103.832014427423,40.8785015695336,255622.91,672915.66,12,8,38.534
NS57SE_424,1,0_4,6.01596000603,-9999.0,-9999.0,-9999.0,37.783000946,232.532967680451,67.2299001246444,255589.49,672915.71,44,24,37.783
NS57SE_425,1,0_4,2.99106046579,-9999.0,-9999.0,-9999.0,48.4886665344,177.277451261438,60.011591461729,255420.45,672912.27,36,20,48.489
NS57SE_427,1,0_4,2.40261339718,-9999.0,-9999.0,-9999.0,36.9099998474,93.6440399108261,44.6750487889602,255559.16,672898.05,20,12,36.91
NS57SE_428,1,0_4,6.33640261674,-9999.0,-9999.0,-9999.0,38.5989990234,144.488728024741,54.9444197213537,255607.56,672892.62,28,16,38.599
NS57SE_429,1,0_4,6.91905715785,-9999.0,-9999.0,-9999.0,66.7829971313,153.150281244453,47.4759504395691,255229.96,672891.0,28,16,66.783
NS57SE_430,1,0_4,6.51114034653,-9999.0,-9999.0,-9999.0,40.736000061,174.901552565488,57.5372394034809,255495.79,672890.07,28,16,40.736
NS57SE_431,1,0_4,6.15612646198,-9999.0,-9999.0,-9999.0,39.8720016479,150.020620684136,52.3845189203067,255513.0,672890.25,20,12,39.872
NS57SE_432,1,0_4,6.14870000557,-9999.0,-9999.0,-9999.0,39.2939987183,136.688237035205,50.9762249737933,255527.0,672890.49,20,12,39.294
NS57SE_433,1,0_4,6.36610029607,-9999.0,-9999.0,-9999.0,41.9720001221,318.674129360826,97.0794664591323,255471.7,672892.24,52,28,41.972
NS57SE_434,1,0_4,5.731829936,-9999.0,-9999.0,-9999.0,38.9670028687,273.074390846118,77.98010418825,255583.68,672891.63,44,24,38.967
NS57SE_435,1,0_4,6.08650627984,-9999.0,-9999.0,-9999.0,65.3379974365,301.052823817383,94.3066010823348,255265.13,672884.94,36,20,65.338
NS57SE_436,1,0_4,5.55735264895,-9999.0,-9999.0,-9999.0,63.7719993591,127.259254400468,45.4536580402002,255293.95,672885.02,12,8,63.772
NS57SE_437,1,0_4,7.56315595351,-9999.0,-9999.0,-9999.0,59.7319984436,314.967915311,94.6625056595648,255319.63,672883.31,44,24,59.732
NS57SE_438,1,0_4,4.44231081786,-9999.0,-9999.0,-9999.0,70.2229995728,165.618001543887,56.7099506323462,255190.87,672882.33,32,18,70.223
NS57SE_439,1,0_4,4.012614022,-9999.0,-9999.0,-9999.0,49.5530014038,89.386211513161,43.3379322006483,255422.16,672882.79,12,8,49.553
NS57SE_440,1,0_4,6.48826271633,-9999.0,-9999.0,-9999.0,38.6119995117,137.902345271895,53.3956676773927,255606.24,672879.6,28,16,38.612
NS57SE_441,1,0_4,4.77116245994,-9999.0,-9999.0,-9999.0,49.4570007324,189.802134232841,80.9832325321682,255407.72,672884.99,52,28,49.457
NS57SE_442,1,0_4,5.04720345543,-9999.0,-9999.0,-9999.0,70.0780029297,235.048312121921,70.4448093545934,255161.34,672879.31,28,16,70.078
NS57SE_443,1,0_4,5.19969573563,-9999.0,-9999.0,-9999.0,56.313999176,174.969010302477,61.4332055799402,255373.54,672880.51,36,20,56.314
NS57SE_444,1,0_4,3.91912952222,-9999.0,-9999.0,-9999.0,57.3320007324,254.635440623019,98.0242339299289,255350.85,672880.35,52,28,57.332
NS57SE_445,1,0_4,5.23811539405,-9999.0,-9999.0,-9999.0,68.4970016479,194.97471618641,59.5635935856947,255135.22,672876.49,16,10,68.497
NS57SE_446,1,0_4,5.38677338913,-9999.0,-9999.0,-9999.0,70.2673339844,185.165437923441,66.1140937589154,255212.0,672878.85,44,24,70.267
NS57SE_448,1,0_4,2.8324444793,-9999.0,-9999.0,-9999.0,73.1370010376,44.0342662453082,26.6144981947432,255178.78,672868.8,12,8,73.137
NS57SE_449,1,0_4,2.81058303478,-9999.0,-9999.0,-9999.0,72.5319976807,58.6134113990967,30.624659203145,255150.44,672865.8,12,8,72.532
NS57SE_450,1,0_4,3.03639091492,-9999.0,-9999.0,-9999.0,71.71849823,25.5909074957942,20.6072802826666,255124.7,672862.61,12,8,71.719
NS57SE_451,1,0_4,1.59359807553,-9999.0,-9999.0,-9999.0,75.0149993896,20.8950750044069,22.8698145394487,255165.44,672853.09,8,6,75.015
NS57SE_452,1,0_4,5.81435754605,-9999.0,-9999.0,-9999.0,75.0920028687,139.074418824563,50.1896958505182,255211.12,672856.17,28,16,75.092
NS57SE_453,1,0_4,1.95017242432,-9999.0,-9999.0,-9999.0,74.2350006104,46.9800375011202,27.523647917188,255141.43,672848.7,12,8,74.235
NS57SE_454,1,0_4,6.00106189125,-9999.0,-9999.0,-9999.0,46.4436683655,144.092851603744,61.2677502209191,255459.2,672846.6,36,20,46.444
NS57SE_455,1,0_4,5.40056110641,-9999.0,-9999.0,-9999.0,54.2063331604,188.751247949491,71.3269109930593,255407.8,672850.15,40,22,54.206
NS57SE_456,1,0_4,3.64563879214,-9999.0,-9999.0,-9999.0,38.3979988098,240.207300808335,62.2390858604426,255535.94,672845.52,12,8,38.398
NS57SE_457,1,0_4,2.20611141292,-9999.0,-9999.0,-9999.0,63.6020011902,35.8922174995986,29.4128009006886,255339.15,672841.31,12,8,63.602
NS57SE_458,1,0_4,4.85420881475,-9999.0,-9999.0,-9999.0,68.1200027466,415.471428437877,116.070099366302,255105.13,672855.93,68,36,68.12
NS57SE_459,1,0_4,6.17798177682,-9999.0,-9999.0,-9999.0,71.2519989014,198.347949769659,63.5641395591311,255265.76,672845.22,28,16,71.252
NS57SE_460,1,0_4,3.63588466964,-9999.0,-9999.0,-9999.0,42.125,235.856367227331,81.0591284124778,255486.29,672844.93,36,20,42.125
NS57SE_461,1,0_4,6.30788380568,-9999.0,-9999.0,-9999.0,74.3199996948,241.271817662304,67.6290822760225,255235.88,672842.2,28,16,74.32
NS57SE_462,1,0_4,4.68405229202,-9999.0,-9999.0,-9999.0,65.0930023193,258.960809567367,76.0274951482434,255318.59,672842.63,44,24,65.093
NS57SE_463,1,0_4,5.10892361162,-9999.0,-9999.0,-9999.0,75.68699646,577.021374264461,166.713490807521,255169.93,672841.22,96,48,75.687
NS57SE_464,1,0_4,6.15903437658,-9999.0,-9999.0,-9999.0,69.0080032349,209.461114638384,66.9372153483088,255289.18,672843.18,40,22,69.008
NS57SE_465,1,0_4,6.0828789719,-9999.0,-9999.0,-9999.0,59.4199981689,155.183610009928,54.2100635579901,255376.67,672840.19,24,14,59.42
NS57SE_466,1,0_4,6.66392836521,-9999.0,-9999.0,-9999.0,75.4420013428,74.4634879270328,37.1599053934369,255137.29,672835.27,20,12,75.442
NS57SE_467,1,0_4,2.74105715365,-9999.0,-9999.0,-9999.0,70.3949966431,46.9702464448168,30.1649355490375,255278.93,672834.43,12,8,70.395
NS57SE_468,1,0_4,2.48640002815,-9999.0,-9999.0,-9999.0,60.2509994507,63.7045874968478,30.8624597897619,255367.88,672833.29,16,10,60.251
NS57SE_469,1,0_4,3.04166331635,-9999.0,-9999.0,-9999.0,40.3190002441,168.084696317448,62.9003189876426,255517.78,672839.95,28,16,40.319
NS57SE_470,1,0_4,3.8933869866,-9999.0,-9999.0,-9999.0,38.4850006104,82.118783066236,38.8028213827257,255535.74,672831.41,28,16,38.485
NS57SE_471,1,0_4,2.40943621931,-9999.0,-9999.0,-9999.0,72.9779968262,77.7308024887098,40.2910910566945,255255.58,672831.22,20,12,72.978
NS57SE_472,1,0_4,7.4175944277,-9999.0,-9999.0,-9999.0,41.7459983826,361.932933672071,77.0397161933623,255498.38,672832.12,20,12,41.746
NS57SE_473,1,0_4,4.47084101065,-9999.0,-9999.0,-9999.0,36.861000061,254.663874629295,69.6326642065731,255565.53,672829.07,36,20,36.861
NS57SE_474,1,0_4,3.4814003461,-9999.0,-9999.0,-9999.0,77.3450012207,79.376562014514,38.1516376344468,255203.06,672816.81,28,16,77.345
NS57SE_475,1,0_4,4.14657797321,-9999.0,-9999.0,-9999.0,62.6329994202,172.818362271109,57.8313213580886,255339.98,672819.18,28,16,62.633
NS57SE_476,1,0_4,3.89104608799,-9999.0,-9999.0,-9999.0,38.6660003662,152.548973576555,64.8369596977293,255521.31,672817.82,44,24,38.666
NS57SE_477,1,0_4,2.09558996454,-9999.0,-9999.0,-9999.0,36.3549995422,45.5327113536777,32.9733034147965,255547.7,672812.01,20,12,36.355
NS57SE_478,1,0_4,3.99745344245,-9999.0,-9999.0,-9999.0,60.5209999084,439.399203006863,141.809783230564,255355.22,672828.12,72,38,60.521
NS57SE_479,1,0_4,5.77646612897,-9999.0,-9999.0,-9999.0,75.499710083,307.015919630706,79.9535177327571,255088.26,672814.01,44,24,75.5
NS57SE_480,1,0_4,3.55039219864,-9999.0,-9999.0,-9999.0,36.1910018921,336.092564304762,122.207235742048,255588.32,672805.41,36,20,36.191
NS57SE_483,1,0_4,6.58062219421,-9999.0,-9999.0,-9999.0,75.6620025635,310.080403694098,81.2202619061957,255067.29,672798.34,44,24,75.662
NS57SE_484,1,0_4,4.88243066308,-9999.0,-9999.0,-9999.0,57.0730018616,190.904107310978,62.7155361585195,255375.41,672796.66,28,16,57.073
NS57SE_485,1,0_4,4.53006451602,-9999.0,-9999.0,-9999.0,50.0349998474,344.286248553143,101.460409375004,255412.5,672803.94,68,36,50.035
NS57SE_486,1,0_4,5.50282789106,-9999.0,-9999.0,-9999.0,76.3519973755,620.843885286504,200.124768576196,255145.29,672795.01,104,54,76.352
NS57SE_487,1,0_4,4.13832629457,-9999.0,-9999.0,-9999.0,65.3809967041,768.953083387186,265.328085775215,255299.94,672804.23,132,68,65.381
NS57SE_488,1,0_4,15.6552491216,-9999.0,-9999.0,-9999.0,74.4898300171,94.4168162371674,41.0798304729728,255223.97,672787.08,36,20,74.49
NS57SE_489,1,0_4,4.23171575345,-9999.0,-9999.0,-9999.0,36.4959983826,154.910195212619,50.4766614527173,255595.04,672787.8,12,8,36.496
NS57SE_490,1,0_4,4.5467057425,-9999.0,-9999.0,-9999.0,63.686000824,149.099652354245,49.3929301302977,255325.56,672784.91,20,12,63.686
NS57SE_491,1,0_4,4.3051127755,-9999.0,-9999.0,-9999.0,61.0260009766,148.388575948503,51.8469960038566,255343.11,672784.83,20,12,61.026
NS57SE_493,1,0_4,4.84254603423,-9999.0,-9999.0,-9999.0,74.4240036011,438.01091300842,116.948578471505,255200.28,672789.25,52,28,74.424
NS57SE_496,1,0_4,4.21185328204,-9999.0,-9999.0,-9999.0,68.763999939,168.365627532418,56.0129044494816,255273.31,672772.46,20,12,68.764
NS57SE_497,1,0_4,4.74361504097,-9999.0,-9999.0,-9999.0,65.6210021973,193.712912567814,57.481143029037,255308.27,672776.4,20,12,65.621
NS57SE_498,1,0_4,2.53297688137,-9999.0,-9999.0,-9999.0,73.68699646,57.0408961653714,33.6901086059872,255208.02,672764.58,20,12,73.687
NS57SE_499,1,0_4,5.09544340886,-9999.0,-9999.0,-9999.0,73.9729995728,215.857849848511,78.2035605455528,255160.92,672771.14,36,20,73.973
NS57SE_500,1,0_4,6.07020723001,-9999.0,-9999.0,-9999.0,75.2119979858,324.74426240965,89.6521758241801,255058.01,672768.82,68,36,75.212
NS57SE_501,1,0_4,4.28686636686,-9999.0,-9999.0,-9999.0,47.4900016785,335.870442080226,122.396671124804,255415.31,672768.72,108,56,47.49
NS57SE_502,1,0_4,4.98951014399,-9999.0,-9999.0,-9999.0,72.6269989014,119.072524782878,44.6811571530421,255196.31,672754.73,20,12,72.627
NS57SE_503,1,0_4,4.36006609244,-9999.0,-9999.0,-9999.0,67.5279998779,137.200177713761,52.9452410162035,255272.61,672757.32,28,16,67.528
NS57SE_506,1,0_4,3.65571673711,-9999.0,-9999.0,-9999.0,65.8239974976,40.5688687441811,32.0823088562166,255275.26,672742.05,16,10,65.824
NS57SE_507,1,0_4,4.61734190336,-9999.0,-9999.0,-9999.0,46.8860015869,131.360935406815,45.8706180916647,255414.95,672744.07,12,8,46.886
NS57SE_508,1,0_4,4.0386621356,-9999.0,-9999.0,-9999.0,38.6479988098,406.502835020017,98.8073649945486,255473.97,672750.55,68,36,38.648
NS57SE_509,1,0_4,4.08834815576,-9999.0,-9999.0,-9999.0,59.2509994507,317.475265625452,110.542220304697,255347.09,672755.22,60,32,59.251
NS57SE_510,1,0_4,2.047287927,-9999.0,-9999.0,-9999.0,71.2033309937,92.8078075198378,42.43962047568,255207.47,672741.37,20,12,71.203
NS57SE_511,1,0_4,2.54321041246,-9999.0,-9999.0,-9999.0,61.4449996948,35.6977912489233,24.2569132886583,255322.37,672735.6,12,8,61.445
NS57SE_513,1,0_4,5.02234489647,-9999.0,-9999.0,-9999.0,53.7770767212,728.870101636171,228.097362883394,255376.61,672754.16,136,72,53.777
NS57SE_514,1,0_4,4.77825840429,-9999.0,-9999.0,-9999.0,69.6669998169,244.709320921578,72.6233971768542,255191.89,672731.47,36,20,69.667
NS57SE_516,1,0_4,4.20100859654,-9999.0,-9999.0,-9999.0,44.9140014648,146.293771231958,51.6645441008197,255412.87,672726.64,20,12,44.914
NS57SE_517,1,0_4,2.28892457083,-9999.0,-9999.0,-9999.0,68.6412506104,23.0903249981347,20.3499415096201,255199.67,672716.21,12,8,68.641
NS57SE_519,1,0_4,2.12072055898,-9999.0,-9999.0,-9999.0,68.9869995117,27.9031950020035,24.9360288100016,255132.86,672716.25,8,6,68.987
NS57SE_520,1,0_4,2.87670597029,-9999.0,-9999.0,-9999.0,67.0196228027,24.2205674997249,22.4512431484648,255223.55,672715.69,8,6,67.02
NS57SE_522,1,0_4,4.25996266703,-9999.0,-9999.0,-9999.0,58.78099823,329.304337906419,85.9499525379596,255334.35,672723.64,40,22,58.781
NS57SE_524,1,0_4,5.46816040566,-9999.0,-9999.0,-9999.0,69.1370010376,557.175668031784,146.570623928099,255151.7,672733.98,84,44,69.137
NS57SE_525,1,0_4,8.66605326814,-9999.0,-9999.0,-9999.0,71.716003418,622.868925619991,110.880566023431,255015.64,672741.26,52,28,71.716
NS57SE_527,1,0_4,4.66235104413,-9999.0,-9999.0,-9999.0,43.9249992371,153.63018634691,57.9115917830331,255406.79,672710.33,32,18,43.925
NS57SE_528,1,0_4,6.44488549966,-9999.0,-9999.0,-9999.0,67.7350006104,176.975701216892,60.5223221365166,255184.51,672710.1,36,20,67.735
NS57SE_529,1,0_4,5.29709285326,-9999.0,-9999.0,-9999.0,53.5900001526,196.194736561064,61.2795887634271,255362.8,672710.16,16,10,53.59
NS57SE_531,1,0_4,5.30984364469,-9999.0,-9999.0,-9999.0,67.5009994507,205.055321044033,77.2905214215765,255130.47,672704.28,52,28,67.501
NS57SE_532,1,0_4,4.6755107525,-9999.0,-9999.0,-9999.0,59.0260009766,928.113935700943,287.213237470425,255292.3,672727.3,208,106,59.026
NS57SE_533,1,0_4,3.91591267878,-9999.0,-9999.0,-9999.0,61.8969993591,752.322893158951,217.086233352297,255250.27,672719.45,120,62,61.897
NS57SE_534,1,0_4,6.9277319197,-9999.0,-9999.0,-9999.0,66.2819976807,164.928613841194,55.4866895985093,255174.16,672694.24,28,16,66.282
NS57SE_536,1,0_4,4.53764507324,-9999.0,-9999.0,-9999.0,50.2820014954,196.305787872545,61.0690290072431,255353.57,672692.28,36,20,50.282
NS57SE_537,1,0_4,2.22565054592,-9999.0,-9999.0,-9999.0,66.7770004272,21.4178775014376,22.005678602964,255102.48,672682.27,8,6,66.777
NS57SE_538,1,0_4,4.16437337158,-9999.0,-9999.0,-9999.0,43.3409996033,224.84557265405,66.7504500355537,255396.22,672690.65,28,16,43.341
NS57SE_539,1,0_4,5.81914728338,-9999.0,-9999.0,-9999.0,66.422996521,162.283336775472,56.2341782449214,255118.58,672686.34,36,20,66.423
NS57SE_540,1,0_4,5.32191775922,-9999.0,-9999.0,-9999.0,57.6839981079,135.219562547451,47.0607833907753,255267.02,672685.44,12,8,57.684
NS57SE_541,1,0_4,2.62972205508,-9999.0,-9999.0,-9999.0,64.2129974365,58.8110120426784,45.5231315490603,255174.69,672679.99,24,16,64.213
NS57SE_542,1,0_4,7.43842212533,-9999.0,-9999.0,-9999.0,64.7279968262,129.530404751903,46.4893685738189,255160.25,672679.52,20,12,64.728
NS57SE_543,1,0_4,3.56020776795,-9999.0,-9999.0,-9999.0,59.0600013733,195.720447326861,69.2843372281708,255229.29,672681.22,52,28,59.06
NS57SE_544,1,0_4,4.23657214474,-9999.0,-9999.0,-9999.0,51.4329986572,440.173717517345,144.713908323509,255312.07,672688.27,84,44,51.433
NS57SE_545,1,0_4,2.1977514267,-9999.0,-9999.0,-9999.0,63.6829986572,23.3176950041219,23.0866245721121,255163.99,672668.32,8,6,63.683
NS57SE_546,1,0_4,2.5046911169,-9999.0,-9999.0,-9999.0,61.5419998169,35.931075008104,24.4382510252416,255183.52,672668.62,12,8,61.542
NS57SE_547,1,0_4,2.08925812688,-9999.0,-9999.0,-9999.0,54.3450012207,53.272474005829,39.3495255763944,255277.38,672668.78,20,12,54.345
NS57SE_548,1,0_4,4.34373082632,-9999.0,-9999.0,-9999.0,42.6170005798,137.983608818445,56.2916385870738,255383.66,672673.82,20,12,42.617
NS57SE_549,1,0_4,5.54610221908,-9999.0,-9999.0,-9999.0,66.1399993896,173.93102401623,55.340790949386,255103.32,672671.62,28,16,66.14
NS57SE_550,1,0_4,4.986278588,-9999.0,-9999.0,-9999.0,56.0880012512,162.766913017947,56.9114791674448,255261.2,672672.11,28,16,56.088
NS57SE_551,1,0_4,3.86324224974,-9999.0,-9999.0,-9999.0,60.0600013733,22.375822503757,23.836517145832,255193.81,672666.04,16,10,60.06
NS57SE_553,1,0_4,2.12118849412,-9999.0,-9999.0,-9999.0,67.3870010376,41.0624999943895,26.9918005203715,255077.74,672663.9,12,8,67.387
NS57SE_554,1,0_4,6.89884929824,-9999.0,-9999.0,-9999.0,63.5789985657,179.265089969163,59.1026693256841,255150.28,672666.5,36,20,63.579
NS57SE_556,1,0_4,2.16663215734,-9999.0,-9999.0,-9999.0,50.3689994812,23.4776549153885,26.9346265653952,255291.06,672655.42,20,12,50.369
NS57SE_557,1,0_4,4.2118149011,-9999.0,-9999.0,-9999.0,50.2470016479,142.227449702473,48.8406604852034,255297.31,672659.83,20,12,50.247
NS57SE_558,1,0_4,6.20526544994,-9999.0,-9999.0,-9999.0,66.6920013428,164.476164646726,56.7762401070749,255089.8,672658.7,28,16,66.692
NS57SE_559,1,0_4,4.91254594136,-9999.0,-9999.0,-9999.0,54.6189994812,169.14881460122,58.0123701297057,255250.37,672656.95,28,16,54.619
NS57SE_560,1,0_4,7.40414332555,-9999.0,-9999.0,-9999.0,64.3420028687,123.391294642559,44.9646587827168,255136.13,672652.27,12,8,64.342
NS57SE_561,1,0_4,6.80276292764,-9999.0,-9999.0,-9999.0,67.7750015259,149.614428676713,51.429566940217,255074.73,672650.96,20,12,67.775
NS57SE_562,1,0_4,4.0628622122,-9999.0,-9999.0,-9999.0,56.186000824,358.25673852454,109.861900857277,255215.27,672660.81,56,30,56.186
NS57SE_563,1,0_4,5.31078866269,-9999.0,-9999.0,-9999.0,45.3829994202,463.544003738228,134.927772155255,255335.41,672663.33,72,38,45.383
NS57SE_564,1,0_4,4.44072112423,-9999.0,-9999.0,-9999.0,49.0029983521,126.819560181442,45.7065365010556,255289.72,672645.3,12,8,49.003
NS57SE_565,1,0_4,4.38125497451,-9999.0,-9999.0,-9999.0,41.1329994202,366.540015573624,104.409163263726,255371.27,672653.44,60,32,41.133
NS57SE_566,1,0_4,4.94177549847,-9999.0,-9999.0,-9999.0,69.3870010376,194.602959728227,62.6780883931659,255055.35,672642.76,20,12,69.387
NS57SE_567,1,0_4,4.71331543954,-9999.0,-9999.0,-9999.0,52.6209983826,153.588061492938,51.6067924005873,255243.13,672640.36,20,12,52.621
NS57SE_568,1,0_4,6.84531588318,-9999.0,-9999.0,-9999.0,65.0370025635,181.560032704056,67.1689394327939,255124.95,672639.68,52,28,65.037
NS57SE_570,1,0_4,4.4387112457,-9999.0,-9999.0,-9999.0,49.5229988098,128.72934053991,45.3955668434731,255258.65,672632.4,12,8,49.523
NS57SE_571,1,0_4,6.55966834104,-9999.0,-9999.0,-9999.0,66.4280014038,77.3424844590297,38.217357688336,255111.61,672630.74,20,12,66.428
NS57SE_572,1,0_4,2.38693556494,-9999.0,-9999.0,-9999.0,58.8492507935,26.2796624999662,23.7337071088733,255179.02,672628.09,12,8,58.849
NS57SE_573,1,0_4,4.29428530946,-9999.0,-9999.0,-9999.0,47.5929985046,154.601896832809,59.9460566569474,255275.34,672629.43,36,20,47.593
NS57SE_574,1,0_4,3.85816207134,-9999.0,-9999.0,-9999.0,41.517250061,183.632500627272,78.3410127301335,255334.07,672628.39,52,28,41.517
NS57SE_575,1,0_4,4.07054923999,-9999.0,-9999.0,-9999.0,55.7799987793,317.645779499103,98.4306941765475,255200.24,672636.38,48,26,55.78
NS57SE_576,1,0_4,4.77864413121,-9999.0,-9999.0,-9999.0,40.4720001221,228.16591396433,62.8869632885473,255355.47,672629.92,20,12,40.472
NS57SE_577,1,0_4,2.60626097079,-9999.0,-9999.0,-9999.0,62.6475410461,30.2612624920065,26.0772431102436,255146.24,672620.7,12,8,62.648
NS57SE_578,1,0_4,4.30293195483,-9999.0,-9999.0,-9999.0,43.513999939,183.192570818328,59.9348743628695,255315.37,672626.92,36,20,43.514
NS57SE_579,1,0_4,2.51328534536,-9999.0,-9999.0,-9999.0,66.672996521,54.1288633085944,33.6645297095759,255110.02,672618.31,28,16,66.673
NS57SE_580,1,0_4,5.41300379292,-9999.0,-9999.0,-9999.0,67.611000061,363.929147181958,124.872383053951,255088.49,672615.06,76,40,67.611
NS57SE_581,1,0_4,4.94229442102,-9999.0,-9999.0,-9999.0,71.3150024414,222.953099771169,69.4683454350037,255060.9,672606.27,36,20,71.315
NS57SE_582,1,0_4,4.32518431967,-9999.0,-9999.0,-9999.0,51.6370010376,190.799970015348,71.0177015488225,255225.11,672607.76,40,22,51.637
NS57SE_583,1,0_4,4.27236846771,-9999.0,-9999.0,-9999.0,50.4580001831,152.236711224583,51.7995713030072,255241.08,672604.38,20,12,50.458
NS57SE_584,1,0_4,4.39331242658,-9999.0,-9999.0,-9999.0,57.388999939,426.90139217288,122.043852437772,255180.95,672606.8,76,40,57.389
NS57SE_585,1,0_4,3.96383554601,-9999.0,-9999.0,-9999.0,48.1040000916,146.984096318541,54.3221623191922,255258.02,672597.28,36,20,48.104
NS57SE_586,1,0_4,3.99802981123,-9999.0,-9999.0,-9999.0,42.3429985046,191.953459756832,69.8504094230771,255313.52,672593.16,36,20,42.343
NS57SE_587,1,0_4,4.04233554667,-9999.0,-9999.0,-9999.0,40.5019989014,216.06190334136,68.8245852257969,255334.17,672594.48,44,24,40.502
NS57SE_588,1,0_4,3.62961199609,-9999.0,-9999.0,-9999.0,76.28099823,364.784766134871,84.260800460784,255032.96,672591.37,20,12,76.281
NS57SE_589,1,0_4,4.27929264484,-9999.0,-9999.0,-9999.0,78.1549987793,212.673119343109,69.6140952463804,255010.09,672588.99,36,20,78.155
NS57SE_590,1,0_4,2.23753811451,-9999.0,-9999.0,-9999.0,75.3870010376,26.9939549994064,22.093680825401,255051.34,672581.02,12,8,75.387
NS57SE_592,1,0_4,3.9646511563,-9999.0,-9999.0,-9999.0,48.5069999695,190.309981414713,63.0261112856385,255248.5,672578.86,44,24,48.507
NS57SE_594,1,0_4,4.25253240036,-9999.0,-9999.0,-9999.0,60.9239997864,450.564364944661,140.86138016568,255154.94,672579.3,92,48,60.924
NS57SE_595,1,0_4,3.15735682968,-9999.0,-9999.0,-9999.0,71.2900009155,37.4609587525619,26.0834977591113,255094.69,672564.97,12,8,71.29
NS57SE_596,1,0_4,5.03361469882,-9999.0,-9999.0,-9999.0,54.8870010376,469.445215606118,134.067091400222,255198.38,672577.67,76,40,54.887
NS57SE_597,1,0_4,4.35293377752,-9999.0,-9999.0,-9999.0,50.0589981079,151.867282342831,50.3430752153184,255238.92,672563.94,20,12,50.059
NS57SE_598,1,0_4,3.9942340342,-9999.0,-9999.0,-9999.0,40.6640014648,317.45055946408,93.1612902360997,255321.05,672567.06,56,30,40.664
NS57SE_599,1,0_4,5.1807437863,-9999.0,-9999.0,-9999.0,59.3688354492,144.969515196225,50.9719485245505,255177.34,672552.82,20,12,59.369
NS57SE_600,1,0_4,4.14332211702,-9999.0,-9999.0,-9999.0,51.0050010681,151.015763849399,50.8018850031287,255230.12,672547.81,20,12,51.005
NS57SE_601,1,0_4,4.71729890536,-9999.0,-9999.0,-9999.0,40.7000007629,132.413854914495,49.5820201116114,255308.46,672544.97,20,12,40.7
NS57SE_602,1,0_4,4.03807747445,-9999.0,-9999.0,-9999.0,45.3209991455,736.493106561664,222.839288232737,255278.62,672567.92,168,86,45.321
NS57SE_603,1,0_4,2.12373112697,-9999.0,-9999.0,-9999.0,57.4710006714,29.3095574968055,26.5273623907021,255194.67,672538.5,8,6,57.471
NS57SE_604,1,0_4,5.42017145784,-9999.0,-9999.0,-9999.0,60.8019981384,156.258564795493,53.2632899426034,255164.14,672540.99,20,12,60.802
NS57SE_606,1,0_4,5.34831674249,-9999.0,-9999.0,-9999.0,46.3849983215,142.459084292372,49.86299970789,255253.65,672530.22,20,12,46.385
NS57SE_607,1,0_4,4.55081735077,-9999.0,-9999.0,-9999.0,68.1660003662,135.470257392159,48.8135195682193,255009.74,672526.35,20,12,68.166
NS57SE_608,1,0_4,5.60563648309,-9999.0,-9999.0,-9999.0,69.3259963989,105.865242578534,41.3523804358279,255027.01,672524.89,12,8,69.326
NS57SE_609,1,0_4,4.35767838935,-9999.0,-9999.0,-9999.0,69.2409973145,157.938666622108,53.5269000639342,255046.7,672526.69,28,16,69.241
NS57SE_610,1,0_4,4.73378853585,-9999.0,-9999.0,-9999.0,68.8219985962,169.675986974306,58.5818370350982,255061.67,672525.8,28,16,68.822
NS57SE_611,1,0_4,4.01945046096,-9999.0,-9999.0,-9999.0,67.108001709,357.278348197749,114.191816932481,255086.9,672524.06,76,38,67.108
NS57SE_612,1,0_4,4.35950063008,-9999.0,-9999.0,-9999.0,42.3359985352,212.348899899869,68.3377034692346,255298.29,672528.22,36,20,42.336
NS57SE_613,1,0_4,4.16599983905,-9999.0,-9999.0,-9999.0,62.8950004578,579.256061312922,165.199163145844,255130.02,672540.86,72,38,62.895
NS57SE_614,1,0_4,3.86115745552,-9999.0,-9999.0,-9999.0,52.0089988708,544.075571449888,180.879649008269,255199.25,672527.75,100,52,52.009
NS57SE_615,1,0_4,5.31841656566,-9999.0,-9999.0,-9999.0,47.03099823,131.42042804373,46.4369012426163,255241.09,672516.19,12,8,47.031
NS57SE_616,1,0_4,4.1165281555,-9999.0,-9999.0,-9999.0,59.6800003052,226.130135814365,73.1996562586593,255158.3,672519.94,48,26,59.68
NS57SE_617,1,0_4,4.26885541979,-9999.0,-9999.0,-9999.0,41.6549987793,140.629303197544,50.2584480101125,255286.41,672512.25,20,12,41.655
NS57SE_618,1,0_4,5.1494090778,-9999.0,-9999.0,-9999.0,48.0,163.618638422729,51.5643596225642,255226.39,672503.41,16,10,48.0
NS57SE_100,1,0_5,3.0230870116,-9999.0,-9999.0,-9999.0,39.9290008545,64.2141795835469,32.0536640741281,255470.72,673315.16,12,8,39.929
NS57SE_101,1,0_5,5.85125130415,-9999.0,-9999.0,-9999.0,55.4399986267,164.045340400733,57.0374730951969,255090.81,673317.55,20,12,55.44
NS57SE_103,1,0_5,4.80798879777,-9999.0,-9999.0,-9999.0,54.9519996643,224.029105437532,88.3521133597851,255042.75,673322.32,44,24,54.952
NS57SE_104,1,0_5,5.66584177859,-9999.0,-9999.0,-9999.0,55.4189987183,109.640370389046,43.5726684524816,255061.76,673316.81,12,8,55.419
NS57SE_105,1,0_5,6.16033906877,-9999.0,-9999.0,-9999.0,55.5229988098,121.972051314197,48.0029879613443,255074.81,673315.0,20,12,55.523
NS57SE_106,1,0_5,5.78436248817,-9999.0,-9999.0,-9999.0,55.2560005188,205.616976788358,81.2928137186652,255011.0,673319.27,44,24,55.256
NS57SE_109,1,0_5,5.4423504265,-9999.0,-9999.0,-9999.0,54.1170005798,139.837451687299,49.4565516685752,255187.56,673310.25,20,12,54.117
NS57SE_11,1,0_5,2.87199804918,-9999.0,-9999.0,-9999.0,55.5890007019,28.8287925021181,21.8550631193785,255242.02,673481.96,12,8,55.589
NS57SE_110,1,0_5,10.2230986718,-9999.0,-9999.0,-9999.0,39.9879989624,319.809103888162,74.2755870615434,255455.12,673314.13,12,8,39.988
NS57SE_112,1,0_5,8.92138567491,-9999.0,-9999.0,-9999.0,45.9049987793,889.681085505439,149.395694026936,255292.87,673322.28,68,36,45.905
NS57SE_113,1,0_5,6.00913867604,-9999.0,-9999.0,-9999.0,54.5670013428,140.27670673321,51.0997826565243,255170.68,673306.79,28,16,54.567
NS57SE_115,1,0_5,6.37209331201,-9999.0,-9999.0,-9999.0,40.2709999084,133.353113792215,46.5584640751386,255579.0,673302.39,12,8,40.271
NS57SE_116,1,0_5,6.50520540161,-9999.0,-9999.0,-9999.0,40.4379997253,156.756541768756,54.8267693024567,255562.48,673302.67,20,12,40.438
NS57SE_118,1,0_5,7.23688139503,-9999.0,-9999.0,-9999.0,40.2919998169,170.325827435729,54.4911413687812,255537.02,673301.18,28,16,40.292
NS57SE_119,1,0_5,5.41499679033,-9999.0,-9999.0,-9999.0,53.4570007324,204.364421102248,86.9132532366686,255240.93,673303.5,52,28,53.457
NS57SE_12,1,0_5,6.15440190197,-9999.0,-9999.0,-9999.0,43.5820007324,123.289820200707,44.445965052837,255352.93,673485.04,16,10,43.582
NS57SE_123,1,0_5,5.17675587468,-9999.0,-9999.0,-9999.0,55.09400177,165.240238508596,53.3200440477636,255153.52,673299.52,20,12,55.094
NS57SE_124,1,0_5,5.60366647729,-9999.0,-9999.0,-9999.0,53.9210014343,220.153190427008,67.9695393939451,255202.34,673301.7,48,26,53.921
NS57SE_126,1,0_5,6.99922772138,-9999.0,-9999.0,-9999.0,40.1010017395,127.281597333793,46.1706461814924,255508.11,673294.96,20,12,40.101
NS57SE_127,1,0_5,2.02897033691,-9999.0,-9999.0,-9999.0,54.3160018921,22.5445537538103,19.2628363883826,255246.61,673290.04,12,8,54.316
NS57SE_129,1,0_5,6.40503224167,-9999.0,-9999.0,-9999.0,47.7280006409,152.380140871958,51.0703981142413,255333.89,673293.28,28,16,47.728
NS57SE_130,1,0_5,5.6436703966,-9999.0,-9999.0,-9999.0,56.2430000305,95.7111708918344,40.6074219494956,255123.65,673289.77,20,12,56.243
NS57SE_131,1,0_5,2.19899665833,-9999.0,-9999.0,-9999.0,57.0192489624,25.8380024988801,20.7102658946416,255182.83,673285.46,12,8,57.019
NS57SE_132,1,0_5,5.47309116499,-9999.0,-9999.0,-9999.0,56.0180015564,175.073594879866,70.7448196923522,255138.26,673290.46,44,24,56.018
NS57SE_133,1,0_5,6.28055070389,-9999.0,-9999.0,-9999.0,56.5250015259,164.642953072225,54.425421751671,255108.9,673286.93,28,16,56.525
NS57SE_134,1,0_5,7.05268720436,-9999.0,-9999.0,-9999.0,39.8629989624,212.47663050049,60.3208110026044,255482.45,673285.2,12,8,39.863
NS57SE_135,1,0_5,6.68302805644,-9999.0,-9999.0,-9999.0,57.3670005798,125.967455911238,45.5736174516619,255063.57,673283.68,12,8,57.367
NS57SE_136,1,0_5,7.23968875952,-9999.0,-9999.0,-9999.0,40.2579994202,145.270757893768,49.1877907725147,255541.73,673285.55,20,12,40.258
NS57SE_138,1,0_5,5.40963840797,-9999.0,-9999.0,-9999.0,56.7649993896,157.038107294519,52.7109785422613,255092.58,673284.85,20,12,56.765
NS57SE_139,1,0_5,7.02998563726,-9999.0,-9999.0,-9999.0,40.0480003357,215.423553690269,60.588153773301,255458.89,673283.27,12,8,40.048
NS57SE_14,1,0_5,2.38832002757,-9999.0,-9999.0,-9999.0,56.5359992981,24.4674299940717,20.5505485628321,255230.85,673478.44,12,8,56.536
NS57SE_141,1,0_5,5.90214672517,-9999.0,-9999.0,-9999.0,57.1160011292,91.0486266804883,41.9094389323996,255076.46,673282.79,20,12,57.116
NS57SE_142,1,0_5,2.92304916227,-9999.0,-9999.0,-9999.0,49.7099990845,129.542175027441,50.0348488044475,255311.62,673283.02,20,12,49.71
NS57SE_143,1,0_5,2.0688885342,-9999.0,-9999.0,-9999.0,57.5159988403,26.1497287534679,24.6423101970486,255117.77,673277.44,8,6,57.516
NS57SE_144,1,0_5,7.14009534396,-9999.0,-9999.0,-9999.0,40.0320014954,151.97298610783,50.0651660891706,255511.61,673280.51,20,12,40.032
NS57SE_146,1,0_5,2.19580990145,-9999.0,-9999.0,-9999.0,57.8289985657,23.3050500020645,20.5412314991415,255102.16,673274.85,12,8,57.829
NS57SE_147,1,0_5,5.57282026851,-9999.0,-9999.0,-9999.0,54.5890007019,159.232944271717,57.8295491268927,255236.69,673281.27,28,16,54.589
NS57SE_148,1,0_5,2.10656152713,-9999.0,-9999.0,-9999.0,57.8766670227,42.4106062574914,30.4644284167108,255083.26,673275.34,16,10,57.877
NS57SE_149,1,0_5,5.86642914292,-9999.0,-9999.0,-9999.0,55.8240013123,209.639268096992,65.8904457465634,255198.04,673280.57,36,20,55.824
NS57SE_150,1,0_5,5.55646310283,-9999.0,-9999.0,-9999.0,43.6040000916,267.158788689509,80.7043800829419,255365.96,673280.99,44,24,43.604
NS57SE_151,1,0_5,1.97974521235,-9999.0,-9999.0,-9999.0,58.2490005493,22.7950499986347,23.9356632144138,255057.95,673273.31,8,6,58.249
NS57SE_153,1,0_5,2.43778826585,-9999.0,-9999.0,-9999.0,59.7560005188,34.9179599998647,24.6399458891838,255132.6,673271.02,12,8,59.756
NS57SE_155,1,0_5,6.50213096536,-9999.0,-9999.0,-9999.0,38.9179992676,162.910528828943,55.9196377711577,255577.34,673271.86,20,12,38.918
NS57SE_157,1,0_5,6.71321199483,-9999.0,-9999.0,-9999.0,38.8909988403,135.088642889547,48.1619312325407,255562.61,673269.41,28,16,38.891
NS57SE_158,1,0_5,2.71662442929,-9999.0,-9999.0,-9999.0,43.7569999695,29.578904995666,24.0447461884407,255381.32,673264.2,12,8,43.757
NS57SE_159,1,0_5,6.48553506931,-9999.0,-9999.0,-9999.0,52.2760009766,254.351430501308,77.8381977925563,255288.18,673268.41,28,16,52.276
NS57SE_16,1,0_5,5.93104499921,-9999.0,-9999.0,-9999.0,58.6769981384,192.467283369257,60.1800468822945,255013.98,673478.28,20,12,58.677
NS57SE_161,1,0_5,2.25064376578,-9999.0,-9999.0,-9999.0,59.7055015564,66.1740831564554,37.2896848835428,255112.89,673264.43,28,16,59.706
NS57SE_162,1,0_5,5.86080412865,-9999.0,-9999.0,-9999.0,47.2070007324,316.412495149028,89.7116969550689,255341.41,673272.66,36,20,47.207
NS57SE_163,1,0_5,6.86545603668,-9999.0,-9999.0,-9999.0,39.1749992371,133.36263218993,48.5070517513179,255545.55,673263.79,28,16,39.175
NS57SE_166,1,0_5,5.69798274146,-9999.0,-9999.0,-9999.0,57.4819984436,547.858338034223,171.606740156267,255161.45,673269.33,92,48,57.482
NS57SE_167,1,0_5,5.73945147576,-9999.0,-9999.0,-9999.0,55.1730003357,161.802330272913,55.9713398808435,255228.53,673264.15,28,16,55.173
NS57SE_168,1,0_5,2.22954706214,-9999.0,-9999.0,-9999.0,60.2540016174,47.4762746670471,27.8762127065336,255095.71,673257.6,12,8,60.254
NS57SE_169,1,0_5,12.4396703193,-9999.0,-9999.0,-9999.0,40.5569992065,786.279477375718,154.096028798982,255424.53,673278.49,68,36,40.557
NS57SE_17,1,0_5,4.43307935143,-9999.0,-9999.0,-9999.0,48.047000885,294.263676306426,87.5694371151191,255318.1,673486.08,48,26,48.047
NS57SE_170,1,0_5,2.88689569993,-9999.0,-9999.0,-9999.0,41.1199989319,66.6249479969078,32.8023058706939,255432.49,673257.88,12,8,41.12
NS57SE_171,1,0_5,2.7459043429,-9999.0,-9999.0,-9999.0,60.3546676636,48.8895375021957,29.8517745420066,255076.16,673255.46,12,8,60.355
NS57SE_172,1,0_5,7.34426019372,-9999.0,-9999.0,-9999.0,39.4739990234,170.052115957136,52.8046455049399,255520.08,673257.13,20,12,39.474
NS57SE_173,1,0_5,6.65921443377,-9999.0,-9999.0,-9999.0,60.1230010986,165.496929216291,51.8627552030557,255124.87,673256.44,12,8,60.123
NS57SE_175,1,0_5,7.05381103224,-9999.0,-9999.0,-9999.0,40.8390007019,158.910325196172,50.5974523462706,255460.35,673256.32,12,8,40.839
NS57SE_177,1,0_5,5.49456889375,-9999.0,-9999.0,-9999.0,57.7999992371,460.439115608683,156.51169559655,255033.26,673267.43,84,44,57.8
NS57SE_179,1,0_5,6.2809284286,-9999.0,-9999.0,-9999.0,59.1279983521,76.3193442279476,35.1614520639785,255009.34,673253.25,12,8,59.128
NS57SE_18,1,0_5,6.67492090861,-9999.0,-9999.0,-9999.0,43.5400009155,69.9651476259326,33.5909240239406,255353.98,673473.79,12,8,43.54
NS57SE_180,1,0_5,2.30237267234,-9999.0,-9999.0,-9999.0,51.3059997559,47.2408862356633,27.7954483450828,255301.91,673250.55,12,8,51.306
NS57SE_181,1,0_5,5.69429559973,-9999.0,-9999.0,-9999.0,56.1609992981,165.885736973587,54.7706025231218,255216.4,673252.56,20,12,56.161
NS57SE_182,1,0_5,6.79165883745,-9999.0,-9999.0,-9999.0,60.3339996338,106.487829903648,42.2345150056706,255107.03,673250.21,12,8,60.334
NS57SE_185,1,0_5,6.48410705061,-9999.0,-9999.0,-9999.0,39.4650001526,159.843547357673,55.4410463219276,255503.57,673250.47,20,12,39.465
NS57SE_188,1,0_5,6.256385378,-9999.0,-9999.0,-9999.0,60.625,161.191465139483,54.5064995584484,255088.53,673246.88,20,12,60.625
NS57SE_189,1,0_5,6.53511705221,-9999.0,-9999.0,-9999.0,39.5999984741,182.012960205319,56.8204610338237,255488.02,673246.45,20,12,39.6
NS57SE_191,1,0_5,2.17603897534,-9999.0,-9999.0,-9999.0,61.4129981995,36.4509525009184,25.3036408678918,255043.36,673240.69,12,8,61.413
NS57SE_192,1,0_5,5.66142896506,-9999.0,-9999.0,-9999.0,57.2760009766,175.515474072355,64.1554631571284,255197.52,673245.64,28,16,57.276
NS57SE_193,1,0_5,6.75475067957,-9999.0,-9999.0,-9999.0,50.4739990234,170.005038398873,52.6611732815151,255314.28,673243.07,12,8,50.474
NS57SE_194,1,0_5,6.78448109304,-9999.0,-9999.0,-9999.0,60.9350013733,110.60758824704,42.7989901994698,255072.22,673239.67,12,8,60.935
NS57SE_195,1,0_5,5.54138888632,-9999.0,-9999.0,-9999.0,45.4710006714,203.993495247397,71.1536863384739,255355.21,673245.75,44,24,45.471
NS57SE_196,1,0_5,2.35257984581,-9999.0,-9999.0,-9999.0,57.5390014648,53.1565912516033,41.6785503925077,255210.84,673237.5,20,12,57.539
NS57SE_197,1,0_5,7.03302569267,-9999.0,-9999.0,-9999.0,41.016998291,158.600138239393,50.5481273887481,255461.71,673240.09,12,8,41.017
NS57SE_198,1,0_5,2.77400689025,-9999.0,-9999.0,-9999.0,61.0550003052,75.2937467177978,38.8768343766829,255024.66,673238.32,24,14,61.055
NS57SE_2,1,0_5,7.0872548117,-9999.0,-9999.0,-9999.0,43.811000824,58.604466696486,31.7285330765646,255353.63,673496.74,12,8,43.811
NS57SE_20,1,0_5,5.31056977626,-9999.0,-9999.0,-9999.0,57.25,227.598808171723,75.989097714284,255199.1,673470.27,36,20,57.25
NS57SE_200,1,0_5,7.09891485808,-9999.0,-9999.0,-9999.0,52.0709991455,167.806117704313,52.3262728955478,255294.34,673237.33,12,8,52.071
NS57SE_201,1,0_5,6.49504245682,-9999.0,-9999.0,-9999.0,61.2509994507,115.497520436593,46.2005410110285,255054.54,673235.67,20,12,61.251
NS57SE_202,1,0_5,5.75494896582,-9999.0,-9999.0,-9999.0,60.5629997253,216.896981650133,60.0950598571582,255158.13,673234.04,20,12,60.563
NS57SE_205,1,0_5,2.71159624698,-9999.0,-9999.0,-9999.0,59.216999054,51.7538512542216,28.8942432952908,255195.6,673228.54,12,8,59.217
NS57SE_206,1,0_5,6.72041608246,-9999.0,-9999.0,-9999.0,61.8199996948,106.468677028338,42.2242536405628,255037.37,673229.42,12,8,61.82
NS57SE_207,1,0_5,2.55394688359,-9999.0,-9999.0,-9999.0,57.8019981384,28.2541499968413,21.5885774039991,255222.54,673227.82,12,8,57.802
NS57SE_208,1,0_5,6.29901198495,-9999.0,-9999.0,-9999.0,53.8059997559,413.213688156944,132.659279042684,255265.75,673230.64,60,32,53.806
NS57SE_209,1,0_5,6.65365320723,-9999.0,-9999.0,-9999.0,62.4469985962,107.209861976756,42.3254028326332,255020.01,673224.21,12,8,62.447
NS57SE_21,1,0_5,5.6645274794,-9999.0,-9999.0,-9999.0,58.077999115,514.762175305933,156.163349930386,255054.57,673469.4,92,48,58.078
NS57SE_210,1,0_5,2.42016649676,-9999.0,-9999.0,-9999.0,62.1879997253,28.6796212497548,21.6135461549437,255152.19,673221.45,12,8,62.188
NS57SE_211,1,0_5,3.77307185661,-9999.0,-9999.0,-9999.0,46.9679985046,243.684604794681,83.8727842371757,255343.59,673226.65,40,22,46.968
NS57SE_213,1,0_5,6.54151053582,-9999.0,-9999.0,-9999.0,62.1290016174,128.517921505125,46.6228251981947,255100.39,673218.7,20,12,62.129
NS57SE_214,1,0_5,7.72868179965,-9999.0,-9999.0,-9999.0,57.4752693176,157.456064676648,50.6106117655585,255234.25,673219.76,12,8,57.475
NS57SE_216,1,0_5,6.29775606909,-9999.0,-9999.0,-9999.0,45.0239982605,202.885590355393,63.1960240565379,255371.36,673221.19,36,20,45.024
NS57SE_217,1,0_5,6.02150087233,-9999.0,-9999.0,-9999.0,62.3699989319,117.919431392646,48.6893164512956,255082.04,673214.04,28,16,62.37
NS57SE_218,1,0_5,5.00846824646,-9999.0,-9999.0,-9999.0,61.3050003052,479.300652596205,162.761192939703,255127.98,673221.82,84,44,61.305
NS57SE_219,1,0_5,6.35353122144,-9999.0,-9999.0,-9999.0,58.7529983521,276.43059995983,82.5653332023421,255211.13,673215.32,36,20,58.753
NS57SE_22,1,0_5,6.00411548736,-9999.0,-9999.0,-9999.0,58.1010017395,168.040791636634,59.5154149710553,255095.72,673465.15,36,20,58.101
NS57SE_222,1,0_5,11.3837843302,-9999.0,-9999.0,-9999.0,37.2480010986,1012.97608109796,187.25114083623,255551.63,673221.37,100,52,37.248
NS57SE_224,1,0_5,6.23976100575,-9999.0,-9999.0,-9999.0,62.9179992676,153.286770342417,52.5812701630344,255064.54,673206.75,20,12,62.918
NS57SE_225,1,0_5,2.10634495662,-9999.0,-9999.0,-9999.0,63.7439994812,29.0430562493571,26.7875733326149,255076.52,673200.71,12,8,63.744
NS57SE_227,1,0_5,3.11424532911,-9999.0,-9999.0,-9999.0,41.2200012207,81.4239062988679,36.9113989213765,255458.07,673199.06,12,8,41.22
NS57SE_228,1,0_5,5.73991673864,-9999.0,-9999.0,-9999.0,63.96900177,171.203524957107,58.7435831604767,255048.26,673202.05,28,16,63.969
NS57SE_23,1,0_5,6.47785248314,-9999.0,-9999.0,-9999.0,55.658000946,166.2503313932,54.9751701488587,255233.95,673466.14,20,12,55.658
NS57SE_230,1,0_5,6.36408958383,-9999.0,-9999.0,-9999.0,52.2569999695,189.585421369633,57.7596623762223,255303.26,673197.56,20,12,52.257
NS57SE_231,1,0_5,6.71312170977,-9999.0,-9999.0,-9999.0,37.6899986267,175.991391338325,57.9703113423836,255623.84,673196.24,36,20,37.69
NS57SE_232,1,0_5,5.15137095672,-9999.0,-9999.0,-9999.0,64.4540023804,194.49781935284,74.5392698148865,255032.32,673195.02,44,24,64.454
NS57SE_233,1,0_5,5.93403167725,-9999.0,-9999.0,-9999.0,55.2910003662,222.161161421235,65.7275523463554,255278.86,673195.28,32,18,55.291
NS57SE_234,1,0_5,2.26036174714,-9999.0,-9999.0,-9999.0,55.1180000305,32.755320001436,23.2646989890908,255288.92,673190.1,12,8,55.118
NS57SE_235,1,0_5,5.0350476527,-9999.0,-9999.0,-9999.0,46.8180007935,234.768551255633,65.8850143138537,255347.61,673191.15,36,20,46.818
NS57SE_237,1,0_5,5.90785000491,-9999.0,-9999.0,-9999.0,57.1850013733,222.72921445612,65.2335530205391,255261.01,673190.05,28,16,57.185
NS57SE_239,1,0_5,5.46277702084,-9999.0,-9999.0,-9999.0,61.34400177,1006.58312265059,316.656617944867,255140.29,673201.13,200,102,61.344
NS57SE_24,1,0_5,4.17811052384,-9999.0,-9999.0,-9999.0,54.7039985657,201.050075065057,60.4254542494776,255251.58,673467.69,20,12,54.704
NS57SE_240,1,0_5,2.18636099497,-9999.0,-9999.0,-9999.0,56.7299995422,20.8335075035095,21.5778649818153,255278.63,673175.92,8,6,56.73
NS57SE_241,1,0_5,6.86664832694,-9999.0,-9999.0,-9999.0,64.0960006714,156.177340416183,50.4385051053852,255093.97,673178.4,12,8,64.096
NS57SE_243,1,0_5,6.20865292846,-9999.0,-9999.0,-9999.0,59.0530014038,412.73194622662,134.196140907027,255233.83,673182.19,52,28,59.053
NS57SE_246,1,0_5,5.70305713508,-9999.0,-9999.0,-9999.0,64.4680023193,213.368992820368,77.2435510944309,255077.2,673177.79,28,16,64.468
NS57SE_248,1,0_5,6.65394815319,-9999.0,-9999.0,-9999.0,37.5221138,366.078877302823,90.9055532227177,255553.68,673168.73,20,12,37.522
NS57SE_249,1,0_5,5.88345253934,-9999.0,-9999.0,-9999.0,65.5859985352,420.508322340922,151.785751677193,255045.78,673170.49,64,36,65.586
NS57SE_25,1,0_5,5.5027427382,-9999.0,-9999.0,-9999.0,57.9879989624,584.097847047342,154.324224746291,255135.47,673466.06,76,40,57.988
NS57SE_251,1,0_5,12.5768771194,-9999.0,-9999.0,-9999.0,41.6150016785,1104.56962712411,200.3446275952,255433.13,673186.34,76,40,41.615
NS57SE_253,1,0_5,6.12939311036,-9999.0,-9999.0,-9999.0,63.4799995422,421.605517647863,112.339416603341,255160.71,673161.15,40,22,63.48
NS57SE_254,1,0_5,6.49090205796,-9999.0,-9999.0,-9999.0,51.9879989624,391.614312741767,125.085093264259,255305.75,673167.73,48,26,51.988
NS57SE_255,1,0_5,5.62993873755,-9999.0,-9999.0,-9999.0,62.2299995422,502.406089199314,169.422346684177,255198.73,673162.84,120,62,62.23
NS57SE_258,1,0_5,6.30636299055,-9999.0,-9999.0,-9999.0,63.4010009766,200.749840226452,62.6294135973356,255134.53,673153.49,28,16,63.401
NS57SE_259,1,0_5,2.53661063512,-9999.0,-9999.0,-9999.0,59.7820014954,30.7253400016672,22.7490881578553,255238.28,673146.34,12,8,59.782
NS57SE_26,1,0_5,5.44355476311,-9999.0,-9999.0,-9999.0,57.6520004272,146.668346359331,53.0779902994434,255177.41,673464.01,20,12,57.652
NS57SE_260,1,0_5,6.06216625723,-9999.0,-9999.0,-9999.0,63.8759994507,203.814215248768,62.0966455353404,255117.28,673149.55,36,20,63.876
NS57SE_262,1,0_5,2.10175538399,-9999.0,-9999.0,-9999.0,62.7750015259,21.6712799957806,21.745886775617,255198.46,673143.56,8,6,62.775
NS57SE_263,1,0_5,2.2244551482,-9999.0,-9999.0,-9999.0,61.577999115,37.7632425018361,31.0701734475214,255214.98,673141.91,16,10,61.578
NS57SE_264,1,0_5,5.34797468146,-9999.0,-9999.0,-9999.0,54.0670013428,497.567125744317,163.608380288095,255275.35,673146.26,108,56,54.067
NS57SE_265,1,0_5,6.11313618049,-9999.0,-9999.0,-9999.0,64.0380020142,196.25110839482,68.7206151921603,255100.21,673143.53,28,16,64.038
NS57SE_268,1,0_5,2.204149882,-9999.0,-9999.0,-9999.0,64.4359970093,21.5832749956045,21.9011428469313,255093.39,673132.57,8,6,64.436
NS57SE_269,1,0_5,6.82864366589,-9999.0,-9999.0,-9999.0,58.0800018311,166.613344624085,52.1320958013263,255249.36,673137.26,12,8,58.08
NS57SE_270,1,0_5,2.97729628014,-9999.0,-9999.0,-9999.0,63.6459999084,36.6749549989503,25.7415020208355,255134.94,673131.6,12,8,63.646
NS57SE_272,1,0_5,6.32833938702,-9999.0,-9999.0,-9999.0,59.8089981079,187.540943959652,62.0967893367698,255229.99,673133.81,28,16,59.809
NS57SE_274,1,0_5,6.03383575305,-9999.0,-9999.0,-9999.0,47.1139984131,612.347435536101,146.951688949845,255344.83,673149.39,52,28,47.114
NS57SE_275,1,0_5,5.99289721195,-9999.0,-9999.0,-9999.0,64.4879989624,232.008890005195,84.1485436284381,255080.04,673134.43,52,28,64.488
NS57SE_276,1,0_5,5.98979525995,-9999.0,-9999.0,-9999.0,61.4749984741,220.531890358102,70.0626603585039,255210.2,673129.8,52,28,61.475
NS57SE_279,1,0_5,6.2299613151,-9999.0,-9999.0,-9999.0,43.9700012207,797.395054571891,235.122670658238,255378.42,673147.74,116,60,43.97
NS57SE_28,1,0_5,4.23183899454,-9999.0,-9999.0,-9999.0,51.7299995422,516.616457690511,156.013135001253,255272.99,673478.26,88,46,51.73
NS57SE_29,1,0_5,4.70084895258,-9999.0,-9999.0,-9999.0,48.0130004883,142.314812180008,57.1530276437081,255316.24,673463.88,36,20,48.013
NS57SE_30,1,0_5,7.02574178314,-9999.0,-9999.0,-9999.0,36.9339981079,2177.66651317463,229.039438040915,255479.19,673478.14,52,28,36.934
NS57SE_32,1,0_5,5.33900535808,-9999.0,-9999.0,-9999.0,42.4949989319,174.468583445198,57.3364446133368,255360.95,673458.76,28,16,42.495
NS57SE_33,1,0_5,4.53274159211,-9999.0,-9999.0,-9999.0,37.2519989014,1166.77378300562,188.473963615106,255419.73,673472.35,52,28,37.252
NS57SE_36,1,0_5,6.13598105425,-9999.0,-9999.0,-9999.0,47.9640007019,140.928520090605,47.5801734285247,255311.8,673447.81,16,10,47.964
NS57SE_37,1,0_5,3.34238678413,-9999.0,-9999.0,-9999.0,37.3400001526,233.05906121698,82.4251090612128,255432.61,673438.36,44,24,37.34
NS57SE_47,1,0_5,5.83769900765,-9999.0,-9999.0,-9999.0,36.7649993896,1263.4036905361,343.450122048866,255459.9,673423.19,168,86,36.765
NS57SE_49,1,0_5,8.86238138605,-9999.0,-9999.0,-9999.0,39.908000946,778.341872535354,115.865751457053,255344.7,673417.43,28,16,39.908
NS57SE_50,1,0_5,7.24459156019,-9999.0,-9999.0,-9999.0,40.3238487244,168.332658137691,51.6330209716427,255583.07,673397.15,16,10,40.324
NS57SE_55,1,0_5,6.32153729787,-9999.0,-9999.0,-9999.0,40.3050003052,132.749887685373,47.0917684047205,255552.55,673388.21,12,8,40.305
NS57SE_58,1,0_5,6.64966641143,-9999.0,-9999.0,-9999.0,39.8824996948,168.255135840329,53.2652206571922,255531.43,673383.73,20,12,39.883
NS57SE_59,1,0_5,6.71440218249,-9999.0,-9999.0,-9999.0,39.4678649902,123.537196746254,44.5677997332587,255492.53,673382.83,12,8,39.468
NS57SE_6,1,0_5,4.93466540156,-9999.0,-9999.0,-9999.0,39.8170013428,96.865481261922,41.7771352542936,255371.6,673491.75,20,12,39.817
NS57SE_60,1,0_5,6.44910371693,-9999.0,-9999.0,-9999.0,39.6650009155,157.544331719219,58.646245419137,255515.13,673383.27,28,16,39.665
NS57SE_61,1,0_5,3.52067880155,-9999.0,-9999.0,-9999.0,40.297000885,408.589300649487,90.1658261017906,255349.3,673382.48,28,16,40.297
NS57SE_62,1,0_5,7.27761847614,-9999.0,-9999.0,-9999.0,40.5550003052,189.733997797651,57.4844235154423,255580.58,673380.07,28,16,40.555
NS57SE_64,1,0_5,5.36780966076,-9999.0,-9999.0,-9999.0,40.3120002747,78.0957142333364,35.518640506039,255548.89,673372.33,12,8,40.312
NS57SE_65,1,0_5,6.94708993442,-9999.0,-9999.0,-9999.0,40.4370002747,274.346879446448,71.3135135605271,255451.05,673377.39,12,8,40.437
NS57SE_66,1,0_5,3.01590194702,-9999.0,-9999.0,-9999.0,40.59400177,65.5016622901412,32.5720506275433,255425.05,673368.28,12,8,40.594
NS57SE_68,1,0_5,7.09830443272,-9999.0,-9999.0,-9999.0,39.4160003662,120.27002058178,43.9123094969779,255493.71,673365.15,16,10,39.416
NS57SE_7,1,0_5,8.34495834565,-9999.0,-9999.0,-9999.0,59.4350013733,23.5776000022888,22.147044641706,255169.06,673485.6,8,6,59.435
NS57SE_70,1,0_5,7.28341271566,-9999.0,-9999.0,-9999.0,40.6930007935,187.25757795966,56.4539856516664,255578.67,673363.03,20,12,40.693
NS57SE_75,1,0_5,7.22833870537,-9999.0,-9999.0,-9999.0,40.7060012817,169.185461742393,54.7355113725203,255549.53,673351.01,28,16,40.706
NS57SE_76,1,0_5,7.2952781433,-9999.0,-9999.0,-9999.0,40.334197998,140.343438001401,47.3902155921351,255532.81,673349.44,12,8,40.334
NS57SE_77,1,0_5,7.20214241613,-9999.0,-9999.0,-9999.0,40.0489997864,143.853584493439,47.978649164777,255517.87,673348.12,12,8,40.049
NS57SE_78,1,0_5,6.71413817121,-9999.0,-9999.0,-9999.0,39.4700012207,169.76544358094,54.2249227766005,255495.84,673349.24,28,16,39.47
NS57SE_79,1,0_5,6.71049610923,-9999.0,-9999.0,-9999.0,40.7490005493,187.634098325766,60.8478635049334,255576.14,673346.32,20,12,40.749
NS57SE_8,1,0_5,6.50851966024,-9999.0,-9999.0,-9999.0,56.2299995422,164.785622094206,53.9831024189392,255233.19,673490.43,28,16,56.23
NS57SE_80,1,0_5,6.96178772268,-9999.0,-9999.0,-9999.0,39.7249984741,344.608920321946,83.385983712999,255459.65,673345.65,12,8,39.725
NS57SE_81,1,0_5,5.69016101974,-9999.0,-9999.0,-9999.0,53.3699989319,170.21258508387,52.2039924311571,255174.84,673343.74,12,8,53.37
NS57SE_83,1,0_5,5.1667723892,-9999.0,-9999.0,-9999.0,53.5279998779,472.604439802644,176.702728704959,255207.34,673344.66,112,58,53.528
NS57SE_85,1,0_5,5.16364134283,-9999.0,-9999.0,-9999.0,53.3800010681,245.068910803928,77.7792448920948,255155.24,673333.79,52,28,53.38
NS57SE_86,1,0_5,4.88045763433,-9999.0,-9999.0,-9999.0,41.311000824,753.492067263657,133.786358340684,255360.3,673342.08,88,46,41.311
NS57SE_88,1,0_5,6.52055688074,-9999.0,-9999.0,-9999.0,40.5649986267,203.007057995371,67.912241831204,255576.36,673330.34,36,20,40.565
NS57SE_89,1,0_5,5.61623759772,-9999.0,-9999.0,-9999.0,53.7919998169,166.966669277268,65.1553675850602,255136.46,673326.0,44,24,53.792
NS57SE_9,1,0_5,5.44251655477,-9999.0,-9999.0,-9999.0,58.8810005188,228.956590278708,79.2300130868266,255191.66,673491.03,36,20,58.881
NS57SE_90,1,0_5,12.4735939518,-9999.0,-9999.0,-9999.0,40.202999115,787.523580127923,154.07050866387,255420.7,673344.15,68,36,40.203
NS57SE_93,1,0_5,5.91930106907,-9999.0,-9999.0,-9999.0,53.3190002441,148.864833604567,51.7860371170784,255234.66,673323.05,20,12,53.319
NS57SE_94,1,0_5,5.92034896185,-9999.0,-9999.0,-9999.0,54.5089988708,138.301608028703,49.9586005664075,255120.38,673320.52,20,12,54.509
NS57SE_95,1,0_5,4.74648382266,-9999.0,-9999.0,-9999.0,54.9160003662,150.339832487041,61.869411835873,255104.14,673320.98,36,20,54.916
NS57SE_97,1,0_5,5.7179149965,-9999.0,-9999.0,-9999.0,40.03099823,74.3442617029382,34.8504771531271,255586.89,673316.44,12,8,40.031
NS57SE_98,1,0_5,6.41053321725,-9999.0,-9999.0,-9999.0,55.7459983826,139.75160146918,50.3887152151169,255029.08,673318.01,20,12,55.746
NS57SE_99,1,0_5,7.19557643759,-9999.0,-9999.0,-9999.0,39.8470001221,169.080976897744,52.4261593356973,255500.53,673318.11,12,8,39.847
NS57SE_2343,1,1_0,2.81094106038,-9999.0,-9999.0,-9999.0,39.7560005188,153.568008384107,50.1147423450033,255713.5,670499.42,12,8,39.756
NS57SE_2362,1,1_0,5.91087442118,-9999.0,-9999.0,-9999.0,39.2519989014,1126.39342809874,135.213279975892,255684.62,670489.1,20,12,39.252
NS57SE_2374,1,1_0,3.25427092408,-9999.0,-9999.0,-9999.0,37.6300010681,35.6062550879628,27.3215821158453,255759.84,670456.95,12,8,37.63
NS57SE_2377,1,1_0,3.60514764937,-9999.0,-9999.0,-9999.0,37.7350006104,112.210065728258,42.4634757430435,255752.78,670453.46,12,8,37.735
NS57SE_2384,1,1_0,8.87843794658,-9999.0,-9999.0,-9999.0,38.5690002441,1323.70478295789,153.654013760626,255718.02,670448.39,52,28,38.569
NS57SE_2389,1,1_0,8.84141540286,-9999.0,-9999.0,-9999.0,33.3069992065,2394.95826370138,254.057496901569,256102.41,670437.32,72,36,33.307
NS57SE_2391,1,1_0,5.8482223349,-9999.0,-9999.0,-9999.0,37.6739997864,1154.16038277329,144.061745319376,255744.62,670417.63,52,28,37.674
NS57SE_2393,1,1_0,5.19001326351,-9999.0,-9999.0,-9999.0,36.763999939,1768.37542385416,217.989294255984,255857.85,670413.46,36,20,36.764
NS57SE_2394,1,1_0,6.78194456679,-9999.0,-9999.0,-9999.0,39.3120002747,2623.82116833948,363.879293873908,255645.49,670417.81,132,68,39.312
NS57SE_2395,1,1_0,4.09885819942,-9999.0,-9999.0,-9999.0,35.6279983521,464.522879547416,93.5671832511525,255945.36,670398.77,28,16,35.628
NS57SE_2396,1,1_0,5.77387868494,-9999.0,-9999.0,-9999.0,37.0040016174,1119.00881331856,149.048480851078,255899.46,670406.18,48,26,37.004
NS57SE_2406,1,1_0,3.35223638871,-9999.0,-9999.0,-9999.0,33.40599823,174.310079335877,62.2317910548172,255976.97,670366.11,20,12,33.406
NS57SE_2408,1,1_0,3.48151307685,-9999.0,-9999.0,-9999.0,36.3600006104,111.269136966712,42.9741463238424,255929.04,670362.56,12,8,36.36
NS57SE_2410,1,1_0,3.05636287833,-9999.0,-9999.0,-9999.0,33.6090011597,130.606567996184,60.2464477479313,255982.73,670357.11,28,16,33.609
NS57SE_2413,1,1_0,2.23632604426,-9999.0,-9999.0,-9999.0,32.7960014343,23.7009637468999,23.0795015030129,255992.84,670349.14,8,6,32.796
NS57SE_2417,1,1_0,4.75285189027,-9999.0,-9999.0,-9999.0,34.361000061,122.646609893567,45.5025650776585,256181.18,670342.98,12,8,34.361
NS57SE_2418,1,1_0,11.0396487196,-9999.0,-9999.0,-9999.0,38.3380012512,427.594349633357,104.167131847685,255751.91,670345.14,12,8,38.338
NS57SE_2424,1,1_0,21.0502285797,-9999.0,-9999.0,-9999.0,39.2299995422,425.491047312232,87.3755371680764,255813.49,670329.06,28,16,39.23
NS57SE_2425,1,1_0,8.96223920679,-9999.0,-9999.0,-9999.0,32.4964981079,4367.82972615981,295.263420970495,256054.52,670342.14,84,44,32.496
NS57SE_2426,1,1_0,5.75261883233,-9999.0,-9999.0,-9999.0,32.2389984131,83.4852637436538,51.2905430140319,255993.39,670319.36,28,16,32.239
NS57SE_2428,1,1_0,7.15525170808,-9999.0,-9999.0,-9999.0,40.3359985352,190.007324469768,60.3573629781081,255860.99,670315.8,12,8,40.336
NS57SE_2429,1,1_0,6.99315713116,-9999.0,-9999.0,-9999.0,40.0410003662,100.532129177154,40.526990406515,255894.73,670315.11,12,8,40.041
NS57SE_2433,1,1_0,10.9895242545,-9999.0,-9999.0,-9999.0,39.5439987183,637.764883970815,144.455371035212,255755.09,670313.68,12,8,39.544
NS57SE_2439,1,1_0,3.33900843269,-9999.0,-9999.0,-9999.0,39.9920005798,78.5666243211754,35.9770061006147,255960.73,670280.42,12,8,39.992
NS57SE_2443,1,1_0,4.18844343759,-9999.0,-9999.0,-9999.0,40.108001709,205.906015830995,63.3448503140191,255942.5,670275.48,28,16,40.108
NS57SE_2447,1,1_0,3.75279361774,-9999.0,-9999.0,-9999.0,41.4160003662,80.000868001016,43.1900371339635,255657.04,670260.86,12,8,41.416
NS57SE_2450,1,1_0,2.92111894004,-9999.0,-9999.0,-9999.0,43.2779998779,32.2647862534522,25.4711268622889,255766.6,670256.06,16,10,43.278
NS57SE_2452,1,1_0,6.4927052747,-9999.0,-9999.0,-9999.0,41.6450004578,258.064489832286,130.670087871838,255888.02,670263.82,92,48,41.645
NS57SE_2454,1,1_0,10.6043849837,-9999.0,-9999.0,-9999.0,40.2879981995,222.019307921007,63.8505100169285,255983.77,670250.47,12,8,40.288
NS57SE_2462,1,1_0,20.866465545,-9999.0,-9999.0,-9999.0,41.8359985352,418.286759031841,86.3253993017987,255942.61,670231.6,28,16,41.836
NS57SE_2463,1,1_0,10.6080719543,-9999.0,-9999.0,-9999.0,41.4710006714,221.510556190576,63.7513459713436,255986.44,670220.89,12,8,41.471
NS57SE_2464,1,1_0,3.69683142314,-9999.0,-9999.0,-9999.0,41.1040000916,127.996171498091,45.2705976654651,255681.64,670215.41,12,8,41.104
NS57SE_2467,1,1_0,5.10793009353,-9999.0,-9999.0,-9999.0,39.4109992981,432.337450557198,106.100479252449,255654.37,670216.55,24,14,39.411
NS57SE_2469,1,1_0,7.4954631307,-9999.0,-9999.0,-9999.0,43.0699996948,1374.87395588563,219.036283457762,255805.46,670229.35,76,40,43.07
NS57SE_2470,1,1_0,10.6373616266,-9999.0,-9999.0,-9999.0,43.8160018921,222.109257978517,63.8911674930301,255989.14,670191.49,12,8,43.816
NS57SE_2477,1,1_0,6.36535589468,-9999.0,-9999.0,-9999.0,42.4700012207,1313.30588098604,286.856303386144,255747.24,670199.9,112,54,42.47
NS57SE_2481,1,1_0,21.0759661586,-9999.0,-9999.0,-9999.0,45.983001709,415.780049881038,85.922267277481,255948.29,670171.16,28,16,45.983
NS57SE_2482,1,1_0,10.6682564753,-9999.0,-9999.0,-9999.0,46.1619987488,430.68209869143,104.301797733658,256001.78,670162.41,12,8,46.162
NS57SE_2497,1,1_0,10.699934655,-9999.0,-9999.0,-9999.0,47.7319984436,432.419735517871,104.422697535563,256004.54,670132.09,12,8,47.732
NS57SE_2503,1,1_0,3.87903218262,-9999.0,-9999.0,-9999.0,48.9119987488,700.209858770432,150.865776863058,255828.04,670129.08,60,32,48.912
NS57SE_2511,1,1_0,16.88211376,-9999.0,-9999.0,-9999.0,49.8779983521,414.539483124712,86.0938944915696,255953.72,670109.7,28,16,49.878
NS57SE_2513,1,1_0,10.8115970686,-9999.0,-9999.0,-9999.0,50.7789993286,433.267419257816,104.227260930625,256007.48,670101.07,12,8,50.779
NS57SE_2516,1,1_0,5.45881737953,-9999.0,-9999.0,-9999.0,51.1910018921,33.5346074963292,23.185383737376,255851.44,670093.87,12,8,51.191
NS57SE_2524,1,1_0,2.70584253311,-9999.0,-9999.0,-9999.0,50.9980010986,54.1997358156907,38.4419410749413,255862.36,670080.57,20,12,50.998
NS57SE_2550,1,1_0,2.36258878612,-9999.0,-9999.0,-9999.0,39.5400009155,29.8355774980035,25.0448611624304,255769.5,670019.62,8,6,39.54
NS57SE_2560,1,1_0,3.80155800404,-9999.0,-9999.0,-9999.0,33.9939994812,898.620708552798,168.494690391952,255647.17,670034.63,44,24,33.994
NS57SE_1731,1,1_1,5.40111730185,-9999.0,-9999.0,-9999.0,46.7589988708,169.832129394151,59.8117461921235,255957.39,671246.35,28,16,46.759
NS57SE_1737,1,1_1,2.46958555999,-9999.0,-9999.0,-9999.0,45.1570014954,25.6950224975087,23.9322088684441,256041.54,671238.07,8,6,45.157
NS57SE_1740,1,1_1,2.00845397821,-9999.0,-9999.0,-9999.0,40.4179992676,30.8689291338554,24.6900525931592,255818.22,671237.64,12,8,40.418
NS57SE_1741,1,1_1,5.1632869565,-9999.0,-9999.0,-9999.0,40.6479988098,164.827768515187,53.4051115851699,255834.37,671240.95,20,12,40.648
NS57SE_1743,1,1_1,6.72474834281,-9999.0,-9999.0,-9999.0,46.9210014343,107.38699166118,42.4310285474246,255946.2,671236.63,12,8,46.921
NS57SE_1746,1,1_1,2.26057189258,-9999.0,-9999.0,-9999.0,45.9965820312,21.671347500583,21.4044780477454,256029.43,671231.85,8,6,45.997
NS57SE_1748,1,1_1,6.39417810344,-9999.0,-9999.0,-9999.0,42.813999176,155.397969493971,58.9141727602322,256083.25,671235.92,44,24,42.814
NS57SE_1749,1,1_1,4.83006592096,-9999.0,-9999.0,-9999.0,42.8569984436,459.002053239736,144.253917877219,255897.73,671244.85,84,44,42.857
NS57SE_1750,1,1_1,7.03121294849,-9999.0,-9999.0,-9999.0,44.7389984131,126.253106008578,45.4785616202267,256051.97,671232.75,12,8,44.739
NS57SE_1753,1,1_1,6.5821560654,-9999.0,-9999.0,-9999.0,46.7430000305,135.053163802825,47.3600654159861,255994.33,671230.03,12,8,46.743
NS57SE_1754,1,1_1,5.20082849371,-9999.0,-9999.0,-9999.0,46.952999115,198.243600511288,70.8840590607508,255931.06,671231.48,44,24,46.953
NS57SE_1756,1,1_1,4.92127839372,-9999.0,-9999.0,-9999.0,46.2770004272,248.929184867697,85.2165624364825,256012.02,671229.49,60,32,46.277
NS57SE_1757,1,1_1,4.29369360525,-9999.0,-9999.0,-9999.0,40.2729988098,138.033279390045,46.9960183594419,255822.41,671225.77,12,8,40.273
NS57SE_1759,1,1_1,5.27564992983,-9999.0,-9999.0,-9999.0,47.1370010376,185.123179289595,61.970318265734,255976.62,671221.23,28,16,47.137
NS57SE_1761,1,1_1,5.72435826815,-9999.0,-9999.0,-9999.0,46.8289985657,167.768443198072,65.0331870677153,255916.66,671219.09,36,20,46.829
NS57SE_1763,1,1_1,2.35229974044,-9999.0,-9999.0,-9999.0,47.1990013123,25.6071562546422,20.6648534294147,256004.08,671210.59,12,8,47.199
NS57SE_1766,1,1_1,6.29177705727,-9999.0,-9999.0,-9999.0,43.3349990845,267.319865416728,67.2588818098779,256089.03,671215.74,12,8,43.335
NS57SE_1768,1,1_1,2.25473107232,-9999.0,-9999.0,-9999.0,40.3880004883,22.586984997661,22.8138782032539,255796.75,671207.44,8,6,40.388
NS57SE_1771,1,1_1,4.64495875495,-9999.0,-9999.0,-9999.0,39.9300003052,215.888465249685,63.8811174184138,255810.09,671212.52,28,16,39.93
NS57SE_1774,1,1_1,4.82045046157,-9999.0,-9999.0,-9999.0,41.6349983215,299.259792864652,118.597974812731,255869.43,671217.16,56,30,41.635
NS57SE_1782,1,1_1,6.62994884995,-9999.0,-9999.0,-9999.0,45.9140014648,107.289288643716,42.389113515384,255904.67,671201.57,12,8,45.914
NS57SE_1786,1,1_1,5.41987759176,-9999.0,-9999.0,-9999.0,46.4840011597,407.703034555674,116.634810722954,256026.76,671198.26,52,28,46.484
NS57SE_1787,1,1_1,5.19953551781,-9999.0,-9999.0,-9999.0,44.7939987183,285.153916798045,97.6801873266275,256057.31,671206.0,52,28,44.794
NS57SE_1788,1,1_1,5.64524052491,-9999.0,-9999.0,-9999.0,47.5589981079,327.44992980515,115.849670198716,255970.92,671203.66,60,32,47.559
NS57SE_1789,1,1_1,5.62240891512,-9999.0,-9999.0,-9999.0,47.4469985962,137.420101408414,46.9507486796478,255998.03,671195.87,12,8,47.447
NS57SE_1790,1,1_1,4.46864354369,-9999.0,-9999.0,-9999.0,40.0279998779,189.864506189846,58.1189908246811,255801.87,671196.28,28,16,40.028
NS57SE_1795,1,1_1,4.41395074466,-9999.0,-9999.0,-9999.0,40.4399986267,222.675122117586,62.2262430236447,255854.91,671193.41,12,8,40.44
NS57SE_1796,1,1_1,6.87657580168,-9999.0,-9999.0,-9999.0,43.6380004883,139.234064703627,50.1680691708912,256093.43,671191.9,20,12,43.638
NS57SE_1797,1,1_1,3.12435358408,-9999.0,-9999.0,-9999.0,42.9129981995,49.7529262482213,28.6243158236046,256103.74,671186.85,12,8,42.913
NS57SE_1799,1,1_1,7.15707143896,-9999.0,-9999.0,-9999.0,43.6150016785,129.949851014735,46.3969214674441,255892.68,671188.56,12,8,43.615
NS57SE_1800,1,1_1,6.78817548715,-9999.0,-9999.0,-9999.0,46.2070007324,134.398727398561,46.9996652178481,255932.81,671187.82,12,8,46.207
NS57SE_1806,1,1_1,4.90277272037,-9999.0,-9999.0,-9999.0,40.2519989014,231.869282100373,74.6020148099686,255792.76,671184.88,32,18,40.252
NS57SE_1807,1,1_1,6.46922205502,-9999.0,-9999.0,-9999.0,40.4280014038,128.236979539696,52.0316134718345,255877.17,671178.42,28,16,40.428
NS57SE_1810,1,1_1,2.40393994591,-9999.0,-9999.0,-9999.0,44.5239982605,55.4300587534575,29.9072010028353,255936.34,671173.35,12,8,44.524
NS57SE_1812,1,1_1,6.91526763263,-9999.0,-9999.0,-9999.0,43.1669998169,130.735552418632,46.3561976212815,255921.53,671173.76,12,8,43.167
NS57SE_1815,1,1_1,6.98072918909,-9999.0,-9999.0,-9999.0,45.7470016479,128.377588796079,46.1338879824742,256038.72,671165.06,12,8,45.747
NS57SE_1816,1,1_1,5.22267907858,-9999.0,-9999.0,-9999.0,38.8129997253,182.084779404793,60.1248386330948,255838.12,671167.25,24,14,38.813
NS57SE_1817,1,1_1,6.81755786389,-9999.0,-9999.0,-9999.0,45.8160018921,134.739864180205,47.0487478281252,256020.33,671164.74,12,8,45.816
NS57SE_1818,1,1_1,7.14565164239,-9999.0,-9999.0,-9999.0,46.2400016785,128.086332378513,46.0082075988886,255983.77,671164.16,12,8,46.24
NS57SE_1819,1,1_1,4.48336044783,-9999.0,-9999.0,-9999.0,40.4510002136,151.835291536939,59.0185065003092,255787.67,671166.53,28,16,40.451
NS57SE_1820,1,1_1,6.63096452551,-9999.0,-9999.0,-9999.0,45.9879989624,139.877777971909,50.9018235469552,256002.18,671163.11,20,12,45.988
NS57SE_1822,1,1_1,6.04145598101,-9999.0,-9999.0,-9999.0,45.53099823,220.709490982751,74.7483566719308,256058.76,671166.11,52,28,45.531
NS57SE_1823,1,1_1,2.52361391736,-9999.0,-9999.0,-9999.0,41.59400177,61.6241049119871,31.4199931139467,255925.26,671159.16,12,8,41.594
NS57SE_1824,1,1_1,6.06299718221,-9999.0,-9999.0,-9999.0,45.9430007935,222.134806374787,68.8361768304145,255962.55,671163.22,36,20,45.943
NS57SE_1827,1,1_1,2.98203119997,-9999.0,-9999.0,-9999.0,38.6660003662,81.4331761417791,38.2977108421992,255853.97,671157.32,12,8,38.666
NS57SE_1829,1,1_1,2.6416703609,-9999.0,-9999.0,-9999.0,44.6040000916,33.4048499936275,27.1195431883366,255973.42,671154.0,8,6,44.604
NS57SE_1830,1,1_1,7.10327392652,-9999.0,-9999.0,-9999.0,40.3590011597,161.328805418906,52.6207120988121,255909.11,671158.48,12,8,40.359
NS57SE_1834,1,1_1,2.30046451626,-9999.0,-9999.0,-9999.0,44.2719993591,34.9504387613256,23.7267511469787,256061.95,671150.06,12,8,44.272
NS57SE_1835,1,1_1,2.78452918433,-9999.0,-9999.0,-9999.0,44.5410003662,43.7385075024724,26.6397265058763,255992.76,671149.31,12,8,44.541
NS57SE_1836,1,1_1,2.9899862689,-9999.0,-9999.0,-9999.0,44.6450004578,66.6278737476332,38.1297021898821,256010.97,671151.82,20,12,44.645
NS57SE_1837,1,1_1,4.14860487141,-9999.0,-9999.0,-9999.0,38.9519996643,154.356408449466,52.4228796245172,255827.4,671153.49,20,12,38.952
NS57SE_1839,1,1_1,2.14219829492,-9999.0,-9999.0,-9999.0,40.8180007935,30.0077700031803,22.7544561344531,255766.62,671147.7,12,8,40.818
NS57SE_1840,1,1_1,4.11086696923,-9999.0,-9999.0,-9999.0,40.5190010071,176.00313270569,72.4685835562566,255779.57,671153.83,28,16,40.519
NS57SE_1841,1,1_1,7.02473931331,-9999.0,-9999.0,-9999.0,39.3450012207,133.477198018892,46.8261943620722,255885.37,671147.29,12,8,39.345
NS57SE_1843,1,1_1,5.5860683037,-9999.0,-9999.0,-9999.0,38.9519996643,201.7259142642,61.1173841185519,255862.65,671147.69,28,16,38.952
NS57SE_1852,1,1_1,4.60801528785,-9999.0,-9999.0,-9999.0,39.1930007935,163.005891341958,53.2143468339769,255821.19,671139.56,20,12,39.193
NS57SE_1854,1,1_1,4.13750200833,-9999.0,-9999.0,-9999.0,40.2630004883,171.496383918583,55.1132159082604,255772.65,671136.55,20,12,40.263
NS57SE_1855,1,1_1,2.51506789525,-9999.0,-9999.0,-9999.0,39.0890007019,25.3313100039957,21.1000297815919,255827.97,671129.4,12,8,39.089
NS57SE_1859,1,1_1,2.61734382705,-9999.0,-9999.0,-9999.0,38.4980010986,29.8876200008959,25.2178231546595,255851.18,671128.39,8,6,38.498
NS57SE_1862,1,1_1,2.83732053736,-9999.0,-9999.0,-9999.0,38.1119995117,95.9696523649016,42.7269772474655,255872.15,671129.78,20,12,38.112
NS57SE_1864,1,1_1,8.71482397183,-9999.0,-9999.0,-9999.0,38.1220016479,471.687245653185,108.134696350001,255934.92,671131.54,28,16,38.122
NS57SE_1865,1,1_1,2.15072283048,-9999.0,-9999.0,-9999.0,38.9500007629,191.231188193127,127.513563830142,255981.85,671128.53,52,28,38.95
NS57SE_1868,1,1_1,4.57925743429,-9999.0,-9999.0,-9999.0,38.5530014038,140.642837822074,48.3857749586497,255813.88,671125.25,20,12,38.553
NS57SE_1870,1,1_1,1.9848018387,-9999.0,-9999.0,-9999.0,39.4717483521,30.1765650028464,26.78213208879,255976.06,671117.47,8,6,39.472
NS57SE_1871,1,1_1,4.59399096236,-9999.0,-9999.0,-9999.0,39.3559989929,251.9234835135,77.580238738816,255764.71,671125.69,20,12,39.356
NS57SE_1872,1,1_1,6.26465341949,-9999.0,-9999.0,-9999.0,40.5760002136,135.514207762377,49.171996462471,256088.41,671121.3,28,16,40.576
NS57SE_1874,1,1_1,2.10153317106,-9999.0,-9999.0,-9999.0,40.3600006104,35.0545724989904,23.9320330739044,256043.07,671113.87,12,8,40.36
NS57SE_1878,1,1_1,8.32388323712,-9999.0,-9999.0,-9999.0,37.5690002441,238.570217150372,63.9293694758898,255903.1,671119.72,12,8,37.569
NS57SE_1880,1,1_1,2.65313117449,-9999.0,-9999.0,-9999.0,39.5050010681,25.7404800026561,23.5726270448324,255740.94,671106.3,8,6,39.505
NS57SE_1881,1,1_1,5.43110102954,-9999.0,-9999.0,-9999.0,38.0229988098,163.108330785109,51.2621135998745,255808.4,671110.72,12,8,38.023
NS57SE_1882,1,1_1,2.55833689372,-9999.0,-9999.0,-9999.0,36.9550018311,84.6040400747124,40.3000383475436,255850.16,671104.38,20,12,36.955
NS57SE_1883,1,1_1,4.64070337247,-9999.0,-9999.0,-9999.0,38.9790000916,165.450001060824,56.780299673735,255756.22,671106.51,36,20,38.979
NS57SE_1886,1,1_1,4.6983777973,-9999.0,-9999.0,-9999.0,40.25,202.271240653309,60.0013155048681,256088.9,671104.91,28,16,40.25
NS57SE_1893,1,1_1,4.11743976743,-9999.0,-9999.0,-9999.0,39.0680007935,552.368165885877,108.542604843278,256006.13,671099.02,36,20,39.068
NS57SE_1895,1,1_1,4.45998433431,-9999.0,-9999.0,-9999.0,37.4630012512,227.51490074264,84.2741158396843,255806.09,671094.83,44,24,37.463
NS57SE_1896,1,1_1,4.07862582213,-9999.0,-9999.0,-9999.0,42.5299987793,370.088640920153,101.227422931437,255637.19,671096.85,52,28,42.53
NS57SE_1899,1,1_1,4.68069974406,-9999.0,-9999.0,-9999.0,35.3940010071,263.8017772274,70.2197473970697,255865.27,671094.06,20,12,35.394
NS57SE_1900,1,1_1,4.23742749895,-9999.0,-9999.0,-9999.0,42.2560005188,182.536950317368,61.9631019155394,255661.61,671091.72,28,16,42.256
NS57SE_1901,1,1_1,4.26527424372,-9999.0,-9999.0,-9999.0,36.4539985657,206.66129252438,62.1898611022685,255838.91,671089.88,20,12,36.454
NS57SE_1907,1,1_1,8.67157440058,-9999.0,-9999.0,-9999.0,36.8969993591,471.446432531667,106.853271931838,255950.85,671096.42,36,20,36.897
NS57SE_1909,1,1_1,2.58407881601,-9999.0,-9999.0,-9999.0,43.547000885,37.0256475003163,25.2799043078752,255647.17,671080.42,12,8,43.547
NS57SE_1912,1,1_1,4.39794939206,-9999.0,-9999.0,-9999.0,39.3600006104,503.621382396601,154.399931357404,256045.68,671092.28,60,32,39.36
NS57SE_1916,1,1_1,4.40184230952,-9999.0,-9999.0,-9999.0,41.1209983826,137.148142011016,46.8593775245231,255710.59,671075.86,16,10,41.121
NS57SE_1918,1,1_1,3.78898110217,-9999.0,-9999.0,-9999.0,35.6819992065,245.57678355431,66.068602102539,255895.87,671073.97,20,12,35.682
NS57SE_1923,1,1_1,4.3382899309,-9999.0,-9999.0,-9999.0,41.438999176,236.109615675867,75.9044098805318,255695.68,671075.17,28,16,41.439
NS57SE_1924,1,1_1,3.9861829862,-9999.0,-9999.0,-9999.0,38.9453353882,387.633584993881,106.187215118885,256085.23,671078.88,44,24,38.945
NS57SE_1925,1,1_1,2.33039027623,-9999.0,-9999.0,-9999.0,37.3079986572,37.6689025630151,26.5668688599275,255966.17,671067.75,12,8,37.308
NS57SE_1926,1,1_1,2.47882715467,-9999.0,-9999.0,-9999.0,43.7700004578,85.1448102977123,37.5320452352212,255649.05,671068.27,12,8,43.77
NS57SE_1928,1,1_1,4.71486668069,-9999.0,-9999.0,-9999.0,40.5750007629,185.953123845861,66.2841137000925,255723.53,671069.25,28,16,40.575
NS57SE_1932,1,1_1,4.72699664256,-9999.0,-9999.0,-9999.0,40.28099823,169.599366167299,58.282188438681,255740.99,671065.37,20,12,40.281
NS57SE_1933,1,1_1,3.51535043359,-9999.0,-9999.0,-9999.0,35.7470016479,296.101553275232,86.6734654288971,255916.74,671066.76,44,24,35.747
NS57SE_1939,1,1_1,5.93726334529,-9999.0,-9999.0,-9999.0,38.0979995728,204.276485891349,60.597797645608,255801.62,671057.07,20,12,38.098
NS57SE_1940,1,1_1,4.78695886112,-9999.0,-9999.0,-9999.0,42.7400016785,242.686498614297,63.5560473863853,255684.76,671057.89,28,16,42.74
NS57SE_1942,1,1_1,4.53285080678,-9999.0,-9999.0,-9999.0,35.46900177,116.464013958989,54.0262801989134,255899.26,671053.42,28,16,35.469
NS57SE_1943,1,1_1,4.35735008676,-9999.0,-9999.0,-9999.0,38.936000824,248.560548523841,72.9397121861369,255780.31,671056.49,20,12,38.936
NS57SE_1948,1,1_1,4.57155547873,-9999.0,-9999.0,-9999.0,36.5690002441,143.241167019865,51.6133042882002,255857.29,671047.98,28,16,36.569
NS57SE_1949,1,1_1,4.5259128981,-9999.0,-9999.0,-9999.0,36.7840003967,403.654724191651,104.176578289641,256044.41,671056.93,48,26,36.784
NS57SE_1950,1,1_1,4.13127194517,-9999.0,-9999.0,-9999.0,36.9920005798,435.739736655996,123.329662700529,255831.33,671051.44,76,38,36.992
NS57SE_1954,1,1_1,5.39749012239,-9999.0,-9999.0,-9999.0,35.7099990845,308.096640454976,100.041975545412,255950.31,671053.88,60,32,35.71
NS57SE_1956,1,1_1,2.06393963042,-9999.0,-9999.0,-9999.0,36.1049995422,30.4364774988439,26.8935788265879,256031.64,671039.1,8,6,36.105
NS57SE_1959,1,1_1,4.75260801263,-9999.0,-9999.0,-9999.0,37.063999176,281.496569668631,75.3786825257841,256080.78,671050.02,20,12,37.064
NS57SE_1961,1,1_1,2.37306644917,-9999.0,-9999.0,-9999.0,42.0,41.8777537596848,26.4497861257248,255716.69,671038.76,12,8,42.0
NS57SE_1964,1,1_1,3.98698157927,-9999.0,-9999.0,-9999.0,41.5400009155,236.255939465266,76.3948653662797,255729.62,671044.89,44,24,41.54
NS57SE_1966,1,1_1,3.77873791662,-9999.0,-9999.0,-9999.0,35.8870010376,298.625420526706,89.6420848012529,255880.05,671040.69,28,16,35.887
NS57SE_1970,1,1_1,5.68180158555,-9999.0,-9999.0,-9999.0,35.2000007629,87.9116248886595,38.7866912524057,255946.17,671032.51,20,12,35.2
NS57SE_1971,1,1_1,4.80488763653,-9999.0,-9999.0,-9999.0,35.8050003052,90.3676057566405,38.0391989246074,255897.8,671032.05,12,8,35.805
NS57SE_1972,1,1_1,4.48538450636,-9999.0,-9999.0,-9999.0,35.6170005798,144.284456828088,48.0533099198744,256042.81,671031.64,12,8,35.617
NS57SE_1974,1,1_1,4.39017942203,-9999.0,-9999.0,-9999.0,42.8880004883,412.076642952542,102.25769828877,255669.05,671038.65,52,28,42.888
NS57SE_1981,1,1_1,4.50847709978,-9999.0,-9999.0,-9999.0,35.4449996948,214.345674963012,79.4936629909118,255913.8,671025.48,28,16,35.445
NS57SE_1982,1,1_1,4.88158121417,-9999.0,-9999.0,-9999.0,35.2949981689,154.172233868566,50.335359087693,256075.72,671025.07,12,8,35.295
NS57SE_1983,1,1_1,3.39280728231,-9999.0,-9999.0,-9999.0,34.1590003967,161.947773902218,54.3443053198586,256133.43,671023.43,20,12,34.159
NS57SE_1987,1,1_1,2.92274623739,-9999.0,-9999.0,-9999.0,34.6510009766,76.0944449934762,38.7415281915817,256090.55,671014.35,16,10,34.651
NS57SE_1988,1,1_1,3.8715704117,-9999.0,-9999.0,-9999.0,34.7290000916,150.502952833913,50.6237982139943,256040.55,671016.53,24,14,34.729
NS57SE_1990,1,1_1,6.01432363958,-9999.0,-9999.0,-9999.0,39.2000007629,191.745912026029,61.3875974362609,255811.24,671015.49,28,16,39.2
NS57SE_1991,1,1_1,3.97796451344,-9999.0,-9999.0,-9999.0,35.4000015259,222.2677134894,67.7609944122853,255942.97,671016.84,28,16,35.4
NS57SE_1994,1,1_1,2.90330086292,-9999.0,-9999.0,-9999.0,36.0,75.5489925107268,43.7482365439768,255922.83,671012.06,20,12,36.0
NS57SE_1996,1,1_1,4.54530031011,-9999.0,-9999.0,-9999.0,38.2340011597,332.245716738054,98.5276749384084,255839.89,671010.71,36,20,38.234
NS57SE_1999,1,1_1,3.91624556516,-9999.0,-9999.0,-9999.0,41.2859992981,501.750553695716,153.517255496373,255711.72,671016.32,68,36,41.286
NS57SE_2003,1,1_1,4.41612648001,-9999.0,-9999.0,-9999.0,39.65599823,667.956830085114,189.166715764669,255780.55,671021.19,116,60,39.656
NS57SE_2004,1,1_1,5.17410362027,-9999.0,-9999.0,-9999.0,37.7260017395,239.179793606047,67.8428416287821,255869.5,671007.69,28,16,37.726
NS57SE_2011,1,1_1,3.9896690749,-9999.0,-9999.0,-9999.0,42.2350006104,363.572429062206,111.148420806701,255647.57,671011.44,60,32,42.235
NS57SE_2012,1,1_1,4.12691572453,-9999.0,-9999.0,-9999.0,34.1170005798,142.095162822555,48.3834458662765,256039.24,671002.0,20,12,34.117
NS57SE_2013,1,1_1,2.58294308772,-9999.0,-9999.0,-9999.0,36.125,34.658354996028,24.0490623120611,255954.07,670998.11,12,8,36.125
NS57SE_2016,1,1_1,4.74236462128,-9999.0,-9999.0,-9999.0,37.3590011597,167.238963864854,58.9873800207797,255887.25,671000.76,28,16,37.359
NS57SE_2017,1,1_1,3.99975604677,-9999.0,-9999.0,-9999.0,40.2939987183,314.151897483462,103.253983828629,255755.3,671007.62,64,34,40.294
NS57SE_2019,1,1_1,5.59880182643,-9999.0,-9999.0,-9999.0,33.7229995728,230.298076884817,86.414624813486,256073.26,671003.01,28,16,33.723
NS57SE_2020,1,1_1,5.18893119863,-9999.0,-9999.0,-9999.0,36.9519996643,155.217093039231,55.6394991832992,255905.59,670996.83,28,16,36.952
NS57SE_2023,1,1_1,5.88922626216,-9999.0,-9999.0,-9999.0,37.0019989014,124.53428839961,44.6716661391318,255926.13,670991.01,12,8,37.002
NS57SE_2026,1,1_1,5.46463882167,-9999.0,-9999.0,-9999.0,36.3940010071,182.819968112551,55.4407984301229,255941.65,670987.08,12,8,36.394
NS57SE_2029,1,1_1,5.1315471209,-9999.0,-9999.0,-9999.0,33.9949989319,158.839753965159,53.9656361032526,256037.12,670986.44,20,12,33.995
NS57SE_2031,1,1_1,4.43043773259,-9999.0,-9999.0,-9999.0,37.2910003662,265.180400714228,72.9157495395671,255967.17,670983.07,44,24,37.291
NS57SE_2035,1,1_1,4.64523638952,-9999.0,-9999.0,-9999.0,41.266998291,421.650196617385,95.9720263072898,255628.14,670983.11,52,28,41.267
NS57SE_2036,1,1_1,4.07833448776,-9999.0,-9999.0,-9999.0,40.8460006714,342.628001491558,108.009581500796,255701.89,670983.22,60,32,40.846
NS57SE_2042,1,1_1,4.23659335765,-9999.0,-9999.0,-9999.0,35.5483131409,343.210732417535,98.6607186644237,256004.04,670971.56,36,20,35.548
NS57SE_2043,1,1_1,4.80804902756,-9999.0,-9999.0,-9999.0,33.6230010986,267.649335413773,73.5460725680386,256071.0,670975.36,28,16,33.623
NS57SE_2047,1,1_1,4.82468861599,-9999.0,-9999.0,-9999.0,34.4000015259,200.417636126325,60.9721546818906,256035.39,670969.06,20,12,34.4
NS57SE_2065,1,1_1,6.12103874976,-9999.0,-9999.0,-9999.0,32.7060012817,374.107006022371,95.141903921498,256067.95,670948.87,52,28,32.706
NS57SE_2068,1,1_1,4.54693039397,-9999.0,-9999.0,-9999.0,40.8810005188,741.813399043605,223.83012144378,255665.98,670953.43,152,78,40.881
NS57SE_2075,1,1_1,4.62631803161,-9999.0,-9999.0,-9999.0,41.9449996948,241.861728659322,68.6793967478341,255639.78,670931.79,28,16,41.945
NS57SE_2083,1,1_1,4.44391984957,-9999.0,-9999.0,-9999.0,42.6150016785,140.037053957459,47.3448089679627,255628.83,670917.52,12,8,42.615
NS57SE_2139,1,1_1,4.19007364019,-9999.0,-9999.0,-9999.0,31.670999527,449.5780533721,94.0343279604533,256237.13,670805.92,36,20,31.671
NS57SE_2157,1,1_1,2.72078398227,-9999.0,-9999.0,-9999.0,33.1319999695,677.794186775659,143.812883996728,256098.74,670766.32,36,20,33.132
NS57SE_2164,1,1_1,11.9559210213,-9999.0,-9999.0,-9999.0,33.1829986572,1093.28230914711,165.980780778023,256184.64,670759.82,72,38,33.183
NS57SE_2189,1,1_1,4.43439824269,-9999.0,-9999.0,-9999.0,32.327999115,243.062494900482,72.0159616208532,256212.89,670716.62,28,16,32.328
NS57SE_1026,1,1_2,4.48775263914,-9999.0,-9999.0,-9999.0,54.8839988708,151.104489784492,52.9577417615826,255710.03,671870.34,12,8,54.884
NS57SE_1032,1,1_2,7.6965165701,-9999.0,-9999.0,-9999.0,56.8470001221,122.315905036753,44.819116168617,255662.96,671863.52,12,8,56.847
NS57SE_1042,1,1_2,4.67231831824,-9999.0,-9999.0,-9999.0,54.186000824,206.300433476097,63.5468180452178,255738.02,671858.29,28,16,54.186
NS57SE_1044,1,1_2,4.67591601529,-9999.0,-9999.0,-9999.0,53.7849998474,301.918174438162,91.4799227958912,255817.67,671860.65,36,20,53.785
NS57SE_1045,1,1_2,7.99659681856,-9999.0,-9999.0,-9999.0,54.4099998474,27.4940212471734,24.0321620241956,255847.01,671845.91,8,6,54.41
NS57SE_1048,1,1_2,7.76255325476,-9999.0,-9999.0,-9999.0,57.65599823,123.511605532548,45.0505331181035,255655.33,671847.04,12,8,57.656
NS57SE_1054,1,1_2,4.31200888889,-9999.0,-9999.0,-9999.0,53.6209983826,161.947657126796,55.453576155991,255872.13,671838.06,28,16,53.621
NS57SE_1058,1,1_2,5.04055825197,-9999.0,-9999.0,-9999.0,50.936000824,1003.97141010332,286.216405491536,255888.1,671872.36,148,76,50.936
NS57SE_1060,1,1_2,7.55230584006,-9999.0,-9999.0,-9999.0,58.8409996033,131.642982295193,50.0159441076638,255647.62,671830.06,20,12,58.841
NS57SE_1061,1,1_2,5.11130529225,-9999.0,-9999.0,-9999.0,54.716999054,386.522806552718,110.142407379112,255710.33,671837.26,56,30,54.717
NS57SE_1065,1,1_2,4.60283888444,-9999.0,-9999.0,-9999.0,53.1599998474,302.707392865735,86.1755697007193,255840.38,671833.96,20,12,53.16
NS57SE_1067,1,1_2,5.02117303137,-9999.0,-9999.0,-9999.0,54.1160011292,348.929477022805,98.7682421464256,255753.73,671829.38,44,24,54.116
NS57SE_1068,1,1_2,4.47046905568,-9999.0,-9999.0,-9999.0,52.3339996338,1182.32122900201,261.550814879356,255780.73,671850.26,112,58,52.334
NS57SE_1071,1,1_2,6.27390452688,-9999.0,-9999.0,-9999.0,51.9749984741,134.117512991042,46.5526554068033,255924.73,671818.23,12,8,51.975
NS57SE_1074,1,1_2,6.43269196562,-9999.0,-9999.0,-9999.0,55.986000061,138.43178510046,47.2366162929624,255726.69,671813.59,12,8,55.986
NS57SE_1075,1,1_2,6.58910340475,-9999.0,-9999.0,-9999.0,60.7890014648,143.425191075674,50.9468451697014,255639.58,671813.78,28,16,60.789
NS57SE_1076,1,1_2,5.18267608075,-9999.0,-9999.0,-9999.0,52.4519996643,273.782530193412,85.8112538886219,255881.81,671818.43,36,20,52.452
NS57SE_1079,1,1_2,5.26421612869,-9999.0,-9999.0,-9999.0,55.6133308411,170.751213263153,55.1082295896243,255770.13,671807.84,28,16,55.613
NS57SE_1080,1,1_2,2.67830172087,-9999.0,-9999.0,-9999.0,51.7939987183,49.311566250367,28.8794585369708,255888.29,671801.14,12,8,51.794
NS57SE_1081,1,1_2,5.72345651969,-9999.0,-9999.0,-9999.0,60.4290008545,204.895612544196,63.3804785239017,255685.55,671803.61,20,12,60.429
NS57SE_1083,1,1_2,2.62617567311,-9999.0,-9999.0,-9999.0,55.9006004333,26.9616225004791,25.2712500661831,255781.64,671799.0,8,6,55.901
NS57SE_1084,1,1_2,4.72221136276,-9999.0,-9999.0,-9999.0,52.1815032959,203.656546329392,78.2250529671866,255856.48,671806.76,52,28,52.181
NS57SE_1087,1,1_2,5.09390859591,-9999.0,-9999.0,-9999.0,62.6387519836,202.645618936198,75.5969703669835,255637.35,671797.36,28,16,62.639
NS57SE_1089,1,1_2,5.9659970066,-9999.0,-9999.0,-9999.0,60.9199981689,232.059662986024,67.3035233707309,255707.35,671794.52,36,20,60.92
NS57SE_1090,1,1_2,5.68780279304,-9999.0,-9999.0,-9999.0,58.5789985657,170.939522613075,52.7346645438666,255737.32,671793.55,24,14,58.579
NS57SE_1091,1,1_2,2.34754317662,-9999.0,-9999.0,-9999.0,54.8793792725,30.069903747179,25.4052900100226,255800.59,671789.7,12,8,54.879
NS57SE_1093,1,1_2,5.71922010534,-9999.0,-9999.0,-9999.0,55.5909996033,135.535010634427,48.322502428659,255788.16,671791.28,20,12,55.591
NS57SE_1094,1,1_2,5.02713843991,-9999.0,-9999.0,-9999.0,52.0960006714,315.690515910117,110.748317812578,255817.89,671799.33,60,32,52.096
NS57SE_1095,1,1_2,4.65699857745,-9999.0,-9999.0,-9999.0,51.4379997253,225.46956729279,86.9036511036206,255860.79,671787.53,32,18,51.438
NS57SE_1096,1,1_2,5.76015608258,-9999.0,-9999.0,-9999.0,51.1930007935,271.747158115796,72.1782542917873,255925.4,671792.45,20,12,51.193
NS57SE_1098,1,1_2,5.97713816566,-9999.0,-9999.0,-9999.0,51.2179985046,128.539326801393,45.5281296986184,255885.8,671785.69,12,8,51.218
NS57SE_1102,1,1_2,2.76160629152,-9999.0,-9999.0,-9999.0,50.4799995422,34.2911249967874,23.9224160809517,255922.09,671776.24,12,8,50.48
NS57SE_1108,1,1_2,5.47013721341,-9999.0,-9999.0,-9999.0,65.2549972534,196.787945506284,72.475654957439,255626.12,671778.26,40,22,65.255
NS57SE_1112,1,1_2,5.30448720647,-9999.0,-9999.0,-9999.0,67.0541992188,28.780042504273,38.2567520181528,255644.38,671764.24,20,12,67.054
NS57SE_1117,1,1_2,4.7886987375,-9999.0,-9999.0,-9999.0,62.6850013733,911.573334540767,266.867127729158,255692.82,671771.59,152,78,62.685
NS57SE_1118,1,1_2,5.22281291076,-9999.0,-9999.0,-9999.0,61.0830001831,221.204429773649,76.5015077247719,255736.45,671759.34,36,20,61.083
NS57SE_1121,1,1_2,3.83089521196,-9999.0,-9999.0,-9999.0,65.716003418,22.9712006691979,24.1794046547788,255661.23,671748.56,28,16,65.716
NS57SE_1122,1,1_2,4.72325136666,-9999.0,-9999.0,-9999.0,51.5390014648,1496.43598278101,346.131653266116,255815.77,671755.99,168,86,51.539
NS57SE_1123,1,1_2,5.48278514525,-9999.0,-9999.0,-9999.0,50.7529983521,105.995886587919,41.5805354288585,255891.29,671750.53,12,8,50.753
NS57SE_1124,1,1_2,2.33155241935,-9999.0,-9999.0,-9999.0,66.2549972534,42.4296862492546,26.4277875911905,255639.29,671746.95,12,8,66.255
NS57SE_1125,1,1_2,2.85826846313,-9999.0,-9999.0,-9999.0,66.1529998779,68.5855381507022,39.3282697374475,255648.92,671746.86,28,16,66.153
NS57SE_1131,1,1_2,5.24768141239,-9999.0,-9999.0,-9999.0,49.0859985352,338.116103732932,99.6179239885356,255925.02,671753.54,32,18,49.086
NS57SE_1133,1,1_2,2.71520396339,-9999.0,-9999.0,-9999.0,54.9729995728,51.1816198330972,29.3173346328414,255832.3,671731.91,12,8,54.973
NS57SE_1135,1,1_2,2.17982505112,-9999.0,-9999.0,-9999.0,50.7550010681,50.8991157675543,32.6507159233586,255896.13,671732.16,28,16,50.755
NS57SE_1136,1,1_2,2.59980236754,-9999.0,-9999.0,-9999.0,49.1699981689,55.5288200024368,33.5614150319116,255929.71,671731.42,12,8,49.17
NS57SE_1138,1,1_2,2.78033834034,-9999.0,-9999.0,-9999.0,63.7540016174,21.5966100010559,22.9567319857615,255691.45,671728.54,8,6,63.754
NS57SE_1142,1,1_2,2.4292388916,-9999.0,-9999.0,-9999.0,59.3479995728,44.2447387466138,33.4204554384759,255763.13,671726.02,20,12,59.348
NS57SE_1146,1,1_2,4.86027641849,-9999.0,-9999.0,-9999.0,66.4560012817,179.224372446139,64.9298162913075,255626.45,671724.37,28,16,66.456
NS57SE_1147,1,1_2,6.19587079817,-9999.0,-9999.0,-9999.0,66.0400009155,154.272299843788,53.4756108127947,255643.76,671724.52,20,12,66.04
NS57SE_1148,1,1_2,6.23282649457,-9999.0,-9999.0,-9999.0,64.9250030518,140.639835570048,50.8641237012181,255661.9,671722.55,20,12,64.925
NS57SE_1149,1,1_2,6.38297723134,-9999.0,-9999.0,-9999.0,64.1439971924,125.00271936578,47.3614761826405,255680.99,671719.89,20,12,64.144
NS57SE_1151,1,1_2,5.46094078989,-9999.0,-9999.0,-9999.0,63.2910003662,176.870607970449,56.8740029667785,255699.61,671719.65,20,12,63.291
NS57SE_1152,1,1_2,6.14847998492,-9999.0,-9999.0,-9999.0,60.9790000916,295.011265795301,119.537686425837,255725.82,671719.28,52,28,60.979
NS57SE_1153,1,1_2,6.21208202678,-9999.0,-9999.0,-9999.0,58.6209983826,133.462805677406,48.2876156131841,255771.51,671714.89,20,12,58.621
NS57SE_1154,1,1_2,6.04979961069,-9999.0,-9999.0,-9999.0,59.8810005188,139.900639743074,50.4444339958201,255753.23,671715.2,20,12,59.881
NS57SE_1155,1,1_2,5.00399946465,-9999.0,-9999.0,-9999.0,56.2117996216,448.255210006389,134.203082118161,255798.55,671716.29,84,44,56.212
NS57SE_1156,1,1_2,4.73666438695,-9999.0,-9999.0,-9999.0,55.0320014954,190.064407669104,57.2605619275338,255826.31,671712.49,20,12,55.032
NS57SE_1157,1,1_2,4.93784391232,-9999.0,-9999.0,-9999.0,52.6305007935,454.34391152332,145.025761009289,255854.21,671715.78,76,40,52.63
NS57SE_1159,1,1_2,6.24499956925,-9999.0,-9999.0,-9999.0,49.5429992676,207.917400379362,64.1187140599467,255932.08,671714.47,20,12,49.543
NS57SE_1160,1,1_2,5.43966026547,-9999.0,-9999.0,-9999.0,50.9010009766,289.470990212063,88.804138400779,255888.34,671709.92,28,16,50.901
NS57SE_1173,1,1_2,6.58806685598,-9999.0,-9999.0,-9999.0,67.0510025024,123.899502166152,45.2788410826003,255654.14,671682.64,12,8,67.051
NS57SE_1175,1,1_2,6.64270923819,-9999.0,-9999.0,-9999.0,64.5749969482,113.821839175056,43.4087042537925,255691.16,671680.54,12,8,64.575
NS57SE_1179,1,1_2,6.1961513558,-9999.0,-9999.0,-9999.0,58.5800018311,100.961196379784,40.9404804169238,255782.83,671675.66,12,8,58.58
NS57SE_1181,1,1_2,5.41439106055,-9999.0,-9999.0,-9999.0,65.7249984741,178.291440835939,64.2031161943456,255671.8,671678.8,28,16,65.725
NS57SE_1183,1,1_2,5.48796024619,-9999.0,-9999.0,-9999.0,49.9099998474,387.028742110134,112.783458027637,255937.91,671685.85,84,44,49.91
NS57SE_1184,1,1_2,5.24598705496,-9999.0,-9999.0,-9999.0,62.1757507324,342.678387865246,109.809270015443,255719.05,671677.58,56,30,62.176
NS57SE_1186,1,1_2,6.07657659958,-9999.0,-9999.0,-9999.0,61.1049995422,150.909517732339,52.9437703251677,255746.4,671673.9,20,12,61.105
NS57SE_1187,1,1_2,4.62462446224,-9999.0,-9999.0,-9999.0,59.4410018921,217.312691832137,63.7830452342463,255764.48,671673.71,28,16,59.441
NS57SE_1188,1,1_2,5.70925156409,-9999.0,-9999.0,-9999.0,57.2109985352,155.699868345462,54.0033725282768,255801.93,671673.03,20,12,57.211
NS57SE_1189,1,1_2,2.9456191347,-9999.0,-9999.0,-9999.0,43.8829994202,638.065445083969,108.957055157939,256047.64,671683.09,28,18,43.883
NS57SE_1190,1,1_2,4.94398673375,-9999.0,-9999.0,-9999.0,53.0789985657,108.12957508335,41.8848912774709,255870.69,671671.35,12,8,53.079
NS57SE_1191,1,1_2,5.48109545344,-9999.0,-9999.0,-9999.0,54.8059997559,351.175569758227,97.1892979008113,255827.98,671671.83,44,24,54.806
NS57SE_1193,1,1_2,5.50388467789,-9999.0,-9999.0,-9999.0,51.7739982605,212.342434924413,73.1135861572753,255898.74,671670.12,52,28,51.774
NS57SE_1195,1,1_2,5.097284579,-9999.0,-9999.0,-9999.0,53.7620010376,205.631677141873,76.8786320595046,255851.79,671667.93,36,20,53.762
NS57SE_1208,1,1_2,5.86706033134,-9999.0,-9999.0,-9999.0,51.8826675415,142.807985645555,62.1504327483491,255899.91,671647.66,28,16,51.883
NS57SE_1215,1,1_2,2.37966783079,-9999.0,-9999.0,-9999.0,68.6009979248,57.3882187501451,48.162990391263,255644.98,671634.94,28,16,68.601
NS57SE_1216,1,1_2,2.56299784947,-9999.0,-9999.0,-9999.0,67.1119995117,81.7353375118584,44.8045981292931,255680.64,671631.67,28,16,67.112
NS57SE_1218,1,1_2,6.58850991132,-9999.0,-9999.0,-9999.0,51.0569992065,153.783883329024,53.6802533430275,255941.56,671632.76,20,12,51.057
NS57SE_1219,1,1_2,2.71874318441,-9999.0,-9999.0,-9999.0,51.033000946,21.9341325032002,22.9051698140198,255954.5,671626.91,8,6,51.033
NS57SE_1226,1,1_2,4.53562065354,-9999.0,-9999.0,-9999.0,67.1630020142,141.346780461679,47.5566661916866,255635.77,671621.54,12,8,67.163
NS57SE_1227,1,1_2,5.13514507041,-9999.0,-9999.0,-9999.0,52.3779983521,210.953405040907,67.0558757712595,255901.74,671624.31,28,16,52.378
NS57SE_1230,1,1_2,4.37275709843,-9999.0,-9999.0,-9999.0,67.1790008545,128.150265632499,45.2918155865393,255651.39,671619.0,12,8,67.179
NS57SE_1232,1,1_2,4.27225156374,-9999.0,-9999.0,-9999.0,65.858001709,144.949680660245,48.199336777376,255666.4,671617.05,12,8,65.858
NS57SE_1235,1,1_2,6.20445165119,-9999.0,-9999.0,-9999.0,51.2060012817,151.918061002513,50.4458027068552,255942.48,671614.65,20,12,51.206
NS57SE_1237,1,1_2,2.42223828338,-9999.0,-9999.0,-9999.0,51.0393333435,25.4447474977639,23.5642011409508,255953.92,671607.6,8,6,51.039
NS57SE_1241,1,1_2,4.93728844473,-9999.0,-9999.0,-9999.0,65.2440032959,220.785564640581,60.6697866163716,255684.76,671610.11,12,8,65.244
NS57SE_1253,1,1_2,5.79983627462,-9999.0,-9999.0,-9999.0,50.3769989014,163.616145139049,60.5606006134953,255945.17,671596.63,28,16,50.377
NS57SE_1260,1,1_2,2.09324084388,-9999.0,-9999.0,-9999.0,50.03099823,21.378960002575,28.3992229899129,255959.76,671588.02,16,10,50.031
NS57SE_1273,1,1_2,5.33368166574,-9999.0,-9999.0,-9999.0,51.3380012512,425.674265511526,149.417186181188,255906.26,671593.75,100,52,51.338
NS57SE_1278,1,1_2,7.05262914022,-9999.0,-9999.0,-9999.0,51.5839996338,116.033871796625,47.1612501817217,255885.41,671577.74,28,16,51.584
NS57SE_1279,1,1_2,5.7362607461,-9999.0,-9999.0,-9999.0,49.8160018921,160.384054774164,59.0248426522887,255947.18,671578.32,28,16,49.816
NS57SE_1280,1,1_2,6.44346515705,-9999.0,-9999.0,-9999.0,51.813999176,138.932212519885,52.2051190480082,255871.16,671576.13,28,16,51.814
NS57SE_1284,1,1_2,7.47701825263,-9999.0,-9999.0,-9999.0,43.7620010376,6592.901173992,750.136033997643,256028.57,671638.12,288,142,43.762
NS57SE_1287,1,1_2,7.54071288192,-9999.0,-9999.0,-9999.0,52.2849998474,102.50379583747,40.7149788900434,255853.99,671571.51,12,8,52.285
NS57SE_1290,1,1_2,2.29581505912,-9999.0,-9999.0,-9999.0,55.8549995422,75.7210612538989,37.5329392538897,255777.46,671569.69,20,12,55.855
NS57SE_1292,1,1_2,4.17796845482,-9999.0,-9999.0,-9999.0,60.1049995422,163.341137366461,56.6169200144049,255691.88,671573.29,36,20,60.105
NS57SE_1293,1,1_2,4.02775794403,-9999.0,-9999.0,-9999.0,61.4309997559,473.557967720522,151.058163513188,255640.71,671574.91,132,68,61.431
NS57SE_1295,1,1_2,2.29082241925,-9999.0,-9999.0,-9999.0,57.5970001221,22.2004424984886,19.02530264232,255737.26,671561.85,12,8,57.597
NS57SE_1298,1,1_2,5.74173086034,-9999.0,-9999.0,-9999.0,55.7750015259,250.181493273426,69.1887830084488,255758.71,671565.15,28,16,55.775
NS57SE_1299,1,1_2,7.3847263114,-9999.0,-9999.0,-9999.0,51.9900016785,105.38132995612,41.2382149544282,255839.19,671563.27,12,8,51.99
NS57SE_1300,1,1_2,2.27994773757,-9999.0,-9999.0,-9999.0,59.3829994202,20.4793124997569,21.0501331946107,255693.98,671558.96,8,6,59.383
NS57SE_1301,1,1_2,6.80909616852,-9999.0,-9999.0,-9999.0,48.9350013733,129.102186542635,46.1012670033995,255947.04,671560.18,12,8,48.935
NS57SE_1309,1,1_2,2.50538262867,-9999.0,-9999.0,-9999.0,53.7840003967,32.5505999998607,24.2076797520576,255801.02,671552.21,12,8,53.784
NS57SE_1310,1,1_2,2.29373526819,-9999.0,-9999.0,-9999.0,61.0183334351,25.3896224972138,22.2953589965469,255631.15,671548.27,12,8,61.018
NS57SE_1313,1,1_2,6.25351166195,-9999.0,-9999.0,-9999.0,50.8650016785,141.42383376861,50.2436780046428,255831.38,671548.09,24,14,50.865
NS57SE_1314,1,1_2,4.25052466564,-9999.0,-9999.0,-9999.0,57.8489990234,194.443119309914,59.9280610570203,255697.32,671547.71,28,16,57.849
NS57SE_1316,1,1_2,1.99559858476,-9999.0,-9999.0,-9999.0,60.408000946,46.1938312426619,28.8485345021387,255632.75,671542.24,12,8,60.408
NS57SE_1319,1,1_2,6.1527836243,-9999.0,-9999.0,-9999.0,48.7389984131,138.213430568535,51.385948237942,255892.15,671543.67,28,16,48.739
NS57SE_1320,1,1_2,3.64290099448,-9999.0,-9999.0,-9999.0,55.3330001831,240.258894402361,72.5061671020929,255743.23,671546.03,28,16,55.333
NS57SE_1321,1,1_2,5.29451104819,-9999.0,-9999.0,-9999.0,47.1739997864,178.240201337581,78.744670273348,255951.69,671544.95,36,20,47.174
NS57SE_1323,1,1_2,3.98091709789,-9999.0,-9999.0,-9999.0,53.2039985657,401.519821417111,102.629624659095,255782.55,671548.87,44,24,53.204
NS57SE_1324,1,1_2,7.46480954094,-9999.0,-9999.0,-9999.0,43.3180007935,489.22824578416,380.817931475444,256129.66,671556.84,264,128,43.318
NS57SE_1328,1,1_2,6.66849227036,-9999.0,-9999.0,-9999.0,48.9459991455,133.245778552427,50.0483144633943,255868.84,671538.14,28,16,48.946
NS57SE_1330,1,1_2,2.08106450434,-9999.0,-9999.0,-9999.0,55.8549995422,38.1396412524957,29.8733212820727,255726.58,671531.02,20,12,55.855
NS57SE_1337,1,1_2,3.96121187079,-9999.0,-9999.0,-9999.0,58.6699981689,452.836292277959,115.033587036214,255654.72,671542.14,44,24,58.67
NS57SE_1338,1,1_2,5.55990056363,-9999.0,-9999.0,-9999.0,50.0849990845,174.315467478071,64.5928786210069,255828.32,671532.57,28,16,50.085
NS57SE_1342,1,1_2,3.67465102657,-9999.0,-9999.0,-9999.0,56.6749992371,194.149973400325,59.9885703829761,255697.67,671526.93,20,12,56.675
NS57SE_1346,1,1_2,6.24389256583,-9999.0,-9999.0,-9999.0,47.7319984436,141.830993165086,60.0132422148948,255870.24,671522.22,28,16,47.732
NS57SE_1348,1,1_2,3.58280235123,-9999.0,-9999.0,-9999.0,54.0629997253,233.585664283716,76.3308889139784,255745.05,671522.87,36,20,54.063
NS57SE_1351,1,1_2,5.28831729916,-9999.0,-9999.0,-9999.0,45.2350006104,180.972270600077,58.4681675574815,255970.78,671516.59,20,12,45.235
NS57SE_1352,1,1_2,2.30440454316,-9999.0,-9999.0,-9999.0,46.7789993286,33.3616303079695,28.7855807558544,255881.17,671513.38,16,10,46.779
NS57SE_1353,1,1_2,5.25670248183,-9999.0,-9999.0,-9999.0,46.1049995422,301.382443021265,78.6234603241407,256019.24,671516.06,12,8,46.105
NS57SE_1354,1,1_2,3.39857187225,-9999.0,-9999.0,-9999.0,36.8219985962,52.0491750027387,28.8799150016689,256209.72,671513.96,12,8,36.822
NS57SE_1356,1,1_2,4.02247454692,-9999.0,-9999.0,-9999.0,52.5709991455,235.646011022235,73.289617394609,255783.98,671521.06,28,16,52.571
NS57SE_1358,1,1_2,5.43409071589,-9999.0,-9999.0,-9999.0,49.1910018921,185.570051323304,54.5032076875308,255831.25,671514.32,12,8,49.191
NS57SE_1363,1,1_2,3.62186276225,-9999.0,-9999.0,-9999.0,44.361000061,195.87648764024,63.0342425773292,255948.66,671514.96,20,12,44.361
NS57SE_1364,1,1_2,3.65226143411,-9999.0,-9999.0,-9999.0,57.7569999695,163.552782226461,63.6234093579787,255656.56,671510.88,36,20,57.757
NS57SE_1365,1,1_2,6.35514484752,-9999.0,-9999.0,-9999.0,36.9510002136,136.9624031786,47.1520028166595,256195.21,671509.91,20,12,36.951
NS57SE_1367,1,1_2,2.29818078318,-9999.0,-9999.0,-9999.0,58.6290016174,40.6596600002186,26.3968136312316,255634.09,671506.09,12,8,58.629
NS57SE_1373,1,1_2,2.50558934893,-9999.0,-9999.0,-9999.0,45.9309997559,25.5911249993951,23.9441104614405,255888.23,671498.89,8,6,45.931
NS57SE_1374,1,1_2,6.39320914859,-9999.0,-9999.0,-9999.0,47.0379981995,134.991753351155,49.6858445876512,255871.3,671503.83,20,12,47.038
NS57SE_1376,1,1_2,3.74907616674,-9999.0,-9999.0,-9999.0,53.1679992676,171.885630331903,52.8305384283279,255746.76,671502.22,12,8,53.168
NS57SE_1382,1,1_2,6.63650280746,-9999.0,-9999.0,-9999.0,37.4609985352,151.481168300412,49.7082338048932,256170.55,671497.54,12,8,37.461
NS57SE_1383,1,1_2,6.63988751329,-9999.0,-9999.0,-9999.0,38.5069999695,138.172039155472,47.9670725728549,256151.77,671496.83,20,12,38.507
NS57SE_1387,1,1_2,4.18485041596,-9999.0,-9999.0,-9999.0,50.8950004578,200.541157840357,63.6393882463394,255788.08,671498.54,28,16,50.895
NS57SE_1389,1,1_2,6.54816875613,-9999.0,-9999.0,-9999.0,36.7859992981,123.636568685699,44.4819027417622,256195.79,671495.61,12,8,36.786
NS57SE_1390,1,1_2,6.45585944055,-9999.0,-9999.0,-9999.0,39.4119987488,143.419078782932,48.2048448623578,256133.21,671495.06,12,8,39.412
NS57SE_1392,1,1_2,5.61162950218,-9999.0,-9999.0,-9999.0,44.4230003357,679.539008533253,228.4374685009,255913.43,671521.34,116,60,44.423
NS57SE_1393,1,1_2,3.75171476708,-9999.0,-9999.0,-9999.0,56.5559997559,150.943935706563,55.4432516687013,255660.38,671495.55,28,16,56.556
NS57SE_1396,1,1_2,5.98381461187,-9999.0,-9999.0,-9999.0,42.2659988403,118.946004649407,43.6432818687587,256071.59,671491.5,12,8,42.266
NS57SE_1397,1,1_2,6.4710851831,-9999.0,-9999.0,-9999.0,40.1010017395,150.071977915039,49.4753301360643,256114.79,671492.19,12,8,40.101
NS57SE_1398,1,1_2,3.65812115374,-9999.0,-9999.0,-9999.0,55.091999054,364.638376181233,100.377183595604,255698.76,671501.68,52,28,55.092
NS57SE_1399,1,1_2,2.33262057896,-9999.0,-9999.0,-9999.0,56.9510002136,35.2106100004868,24.3429592114275,255629.09,671487.82,12,8,56.951
NS57SE_1400,1,1_2,6.47289288453,-9999.0,-9999.0,-9999.0,40.9889984131,127.124780127784,45.1123502010032,256099.3,671491.57,12,8,40.989
NS57SE_1401,1,1_2,2.13433074951,-9999.0,-9999.0,-9999.0,50.5730018616,21.6614549956593,21.4599067442409,255798.1,671487.9,8,6,50.573
NS57SE_1402,1,1_2,6.48195125808,-9999.0,-9999.0,-9999.0,42.5660018921,141.184738551533,47.7393127079274,256056.22,671490.71,12,8,42.566
NS57SE_1405,1,1_2,2.23499451674,-9999.0,-9999.0,-9999.0,52.8849983215,23.9248312499773,23.8383217788278,255745.27,671487.41,8,6,52.885
NS57SE_1406,1,1_2,4.05567471075,-9999.0,-9999.0,-9999.0,48.263999939,219.014406488389,72.1554418002398,255834.66,671493.9,28,16,48.264
NS57SE_1407,1,1_2,2.64636442138,-9999.0,-9999.0,-9999.0,56.4829101562,48.3988987493451,32.7006281222903,255646.82,671485.46,16,10,56.483
NS57SE_1408,1,1_2,5.91586971689,-9999.0,-9999.0,-9999.0,41.3899993896,124.32379190184,44.7567687926628,256086.36,671488.78,12,8,41.39
NS57SE_1409,1,1_2,6.47900371516,-9999.0,-9999.0,-9999.0,42.547000885,142.340394436169,48.0409506855167,256038.14,671488.99,12,8,42.547
NS57SE_1412,1,1_2,2.28424418767,-9999.0,-9999.0,-9999.0,54.9570007324,32.4010237551261,23.3449167527498,255696.53,671482.12,12,8,54.957
NS57SE_1414,1,1_2,4.95567167519,-9999.0,-9999.0,-9999.0,46.0040016174,227.533954747479,60.9027428089766,255874.25,671486.28,20,12,46.004
NS57SE_1415,1,1_2,4.84536738985,-9999.0,-9999.0,-9999.0,42.5239982605,260.077514498812,73.0423301777145,255958.83,671488.27,20,12,42.524
NS57SE_1416,1,1_2,6.20784781995,-9999.0,-9999.0,-9999.0,42.1619987488,168.904089525094,55.7108108968698,256019.49,671483.86,28,16,42.162
NS57SE_1421,1,1_2,3.60243410383,-9999.0,-9999.0,-9999.0,53.2270011902,180.646679995239,74.7718460002095,255731.95,671483.18,44,24,53.227
NS57SE_1422,1,1_2,3.90623965868,-9999.0,-9999.0,-9999.0,52.1520004272,175.09012145491,56.6921210554308,255755.09,671477.95,28,16,52.152
NS57SE_1424,1,1_2,3.79017250312,-9999.0,-9999.0,-9999.0,53.7430000305,133.52888209369,49.8551951959813,255717.22,671476.39,28,16,53.743
NS57SE_1425,1,1_2,3.43068994058,-9999.0,-9999.0,-9999.0,50.3800010681,211.242821610898,62.4664218712751,255790.24,671477.43,20,12,50.38
NS57SE_1427,1,1_2,6.55073862289,-9999.0,-9999.0,-9999.0,36.5130004883,124.331887004023,44.6091228273642,256197.86,671474.19,12,8,36.513
NS57SE_1428,1,1_2,3.93494275762,-9999.0,-9999.0,-9999.0,48.6414299011,184.851260519027,63.6533958977003,255812.15,671475.98,20,12,48.641
NS57SE_1429,1,1_2,6.02640056197,-9999.0,-9999.0,-9999.0,38.5159988403,118.93063971492,43.6274937166251,256164.54,671470.14,12,8,38.516
NS57SE_1430,1,1_2,4.03834629203,-9999.0,-9999.0,-9999.0,53.8870010376,177.26169521554,55.518645800984,255697.76,671468.73,24,14,53.887
NS57SE_1431,1,1_2,3.638438388,-9999.0,-9999.0,-9999.0,47.7350006104,249.87924129667,75.2297569026512,255835.1,671469.62,36,20,47.735
NS57SE_1433,1,1_2,6.18274738233,-9999.0,-9999.0,-9999.0,42.1069984436,171.471350713954,57.6556546984161,255958.28,671469.38,28,16,42.107
NS57SE_1434,1,1_2,6.37264216518,-9999.0,-9999.0,-9999.0,46.4809989929,140.583126321097,50.1592522149583,255874.44,671468.23,20,12,46.481
NS57SE_1435,1,1_2,6.26683150133,-9999.0,-9999.0,-9999.0,41.8680000305,274.600441294998,72.947383017184,255999.11,671472.43,12,8,41.868
NS57SE_1437,1,1_2,6.57188356615,-9999.0,-9999.0,-9999.0,39.2470016479,167.986592784165,51.9189381944189,256113.18,671462.89,12,8,39.247
NS57SE_1439,1,1_2,6.50383379406,-9999.0,-9999.0,-9999.0,36.3510017395,124.105596026622,44.5644907883594,256199.2,671460.64,12,8,36.351
NS57SE_1440,1,1_2,6.34626478845,-9999.0,-9999.0,-9999.0,42.4150009155,96.0935047021206,39.7045895411165,256054.0,671460.32,12,8,42.415
NS57SE_1444,1,1_2,6.54751328997,-9999.0,-9999.0,-9999.0,37.75,124.122370571139,44.5723379442773,256165.57,671456.51,12,8,37.75
NS57SE_1446,1,1_2,4.45461362597,-9999.0,-9999.0,-9999.0,43.8330001831,448.123851528871,137.859988476361,255917.35,671467.85,84,44,43.833
NS57SE_1454,1,1_2,4.29562211483,-9999.0,-9999.0,-9999.0,50.8230018616,135.0935074761,48.6302128843677,255760.5,671447.89,20,12,50.823
NS57SE_1455,1,1_2,5.3526219785,-9999.0,-9999.0,-9999.0,38.9749984741,358.511809989335,136.860651211317,256079.19,671454.04,68,36,38.975
NS57SE_1458,1,1_2,6.20880977194,-9999.0,-9999.0,-9999.0,45.7080001831,157.138056793801,57.2795156898154,255874.94,671448.96,44,24,45.708
NS57SE_1462,1,1_2,6.46958726323,-9999.0,-9999.0,-9999.0,41.5449981689,368.875177521373,97.8564776131705,256035.0,671453.85,32,18,41.545
NS57SE_1464,1,1_2,5.59734484978,-9999.0,-9999.0,-9999.0,41.9210014343,225.559443303451,62.9221915987291,255960.42,671447.74,28,16,41.921
NS57SE_1465,1,1_2,5.44941895074,-9999.0,-9999.0,-9999.0,36.3520011902,161.826192499323,56.0246612021158,256198.48,671446.23,20,12,36.352
NS57SE_1466,1,1_2,3.75007203693,-9999.0,-9999.0,-9999.0,52.891998291,462.153313146779,186.763745768132,255655.35,671460.49,116,60,52.892
NS57SE_1467,1,1_2,6.44799527889,-9999.0,-9999.0,-9999.0,38.3499984741,167.900142723124,51.9386226204034,256114.89,671445.37,12,8,38.35
NS57SE_1469,1,1_2,4.11146091097,-9999.0,-9999.0,-9999.0,49.6489982605,211.57320425068,58.4642569623334,255787.38,671444.4,12,8,49.649
NS57SE_1475,1,1_2,5.95271137438,-9999.0,-9999.0,-9999.0,36.6879997253,122.627243048758,45.2928104110166,256167.81,671441.33,20,12,36.688
NS57SE_1479,1,1_2,2.37086923499,-9999.0,-9999.0,-9999.0,50.5009994507,23.4411787518958,22.5520790151871,255752.44,671434.8,8,6,50.501
NS57SE_1481,1,1_2,4.37302769924,-9999.0,-9999.0,-9999.0,49.0989990234,192.153656354983,55.5078199295086,255803.55,671438.25,12,8,49.099
NS57SE_1482,1,1_2,4.4005379265,-9999.0,-9999.0,-9999.0,51.3530006409,138.422893812903,54.9632563834416,255706.23,671437.11,16,10,51.353
NS57SE_1485,1,1_2,4.63210938065,-9999.0,-9999.0,-9999.0,43.9070014954,206.690867804064,63.7640574321711,255922.92,671436.52,28,16,43.907
NS57SE_1488,1,1_2,4.38702150935,-9999.0,-9999.0,-9999.0,45.0289993286,218.465356357952,65.9920287854961,255894.61,671435.26,36,20,45.029
NS57SE_1489,1,1_2,3.85297343071,-9999.0,-9999.0,-9999.0,52.8149986267,198.750394187693,63.052704852233,255630.39,671434.08,32,18,52.815
NS57SE_1490,1,1_2,3.92299128329,-9999.0,-9999.0,-9999.0,50.8930015564,463.31864054568,130.36142743082,255732.21,671439.15,80,42,50.893
NS57SE_1492,1,1_2,4.77596587967,-9999.0,-9999.0,-9999.0,51.513999939,116.858643057944,43.3134415918839,255690.4,671430.62,12,8,51.514
NS57SE_1495,1,1_2,3.84439431352,-9999.0,-9999.0,-9999.0,48.1059989929,251.85160708437,75.2389004042841,255824.24,671431.87,28,16,48.106
NS57SE_1496,1,1_2,2.42601781652,-9999.0,-9999.0,-9999.0,44.5880012512,37.3732800006447,25.1919175884162,255916.83,671424.22,12,8,44.588
NS57SE_1497,1,1_2,6.53462331352,-9999.0,-9999.0,-9999.0,41.2739982605,143.957432857311,48.3924614366523,256031.4,671427.45,12,8,41.274
NS57SE_1498,1,1_2,5.42781027113,-9999.0,-9999.0,-9999.0,42.0089988708,180.266485324378,54.1604982274482,255962.38,671427.82,12,8,42.009
NS57SE_1499,1,1_2,6.34602203616,-9999.0,-9999.0,-9999.0,41.391998291,321.937327039516,107.994419291788,256002.13,671437.33,44,24,41.392
NS57SE_1501,1,1_2,2.58501279354,-9999.0,-9999.0,-9999.0,48.7919998169,28.6827075044526,25.0294557683319,255807.97,671422.87,8,6,48.792
NS57SE_1502,1,1_2,6.4073165051,-9999.0,-9999.0,-9999.0,37.3390007019,170.499729681539,52.3099393314695,256117.08,671426.81,12,8,37.339
NS57SE_1505,1,1_2,4.49437418889,-9999.0,-9999.0,-9999.0,51.6069984436,116.636227660164,43.2835908315038,255674.05,671423.16,12,8,51.607
NS57SE_1506,1,1_2,6.41614991776,-9999.0,-9999.0,-9999.0,37.6520004272,129.307015972198,45.4853307042827,256093.04,671423.74,12,8,37.652
NS57SE_1507,1,1_2,4.52499738972,-9999.0,-9999.0,-9999.0,47.3089981079,179.451743791071,58.7196638582973,255846.32,671425.01,28,16,47.309
NS57SE_1513,1,1_2,2.04593921763,-9999.0,-9999.0,-9999.0,48.297000885,30.826282507755,23.6724942915504,255830.62,671416.5,12,8,48.297
NS57SE_1515,1,1_2,6.57971820483,-9999.0,-9999.0,-9999.0,37.7890014648,124.539098508221,44.6445605952899,256079.52,671419.22,12,8,37.789
NS57SE_1516,1,1_2,6.15705862383,-9999.0,-9999.0,-9999.0,35.9399986267,183.75998745867,61.6742508727756,256209.3,671418.78,20,12,35.94
NS57SE_1518,1,1_2,2.78604944741,-9999.0,-9999.0,-9999.0,49.5709991455,77.2660749225069,42.1780683760639,255733.99,671417.03,28,16,49.571
NS57SE_1519,1,1_2,6.26010016579,-9999.0,-9999.0,-9999.0,41.0820007324,98.4026838658344,40.3228768516116,256002.39,671413.05,12,8,41.082
NS57SE_1521,1,1_2,4.61308002747,-9999.0,-9999.0,-9999.0,46.7070007324,179.91899235226,55.0833723371064,255863.61,671415.68,20,12,46.707
NS57SE_1522,1,1_2,3.6690659065,-9999.0,-9999.0,-9999.0,51.7509994507,184.550057485159,59.0207310101603,255657.74,671414.83,28,16,51.751
NS57SE_1525,1,1_2,2.38322561295,-9999.0,-9999.0,-9999.0,47.7387504578,47.5059074956349,27.6412850924762,255847.5,671407.57,12,8,47.739
NS57SE_1528,1,1_2,5.59733058288,-9999.0,-9999.0,-9999.0,38.1240005493,263.622824066508,103.799015963265,256060.46,671413.7,44,24,38.124
NS57SE_1529,1,1_2,3.90409762115,-9999.0,-9999.0,-9999.0,48.7410011292,395.619891566243,127.412882373457,255752.44,671412.23,64,34,48.741
NS57SE_1530,1,1_2,5.87036118598,-9999.0,-9999.0,-9999.0,35.1529998779,341.497035586046,104.653794500618,256173.82,671412.59,44,24,35.153
NS57SE_1533,1,1_2,4.30903746179,-9999.0,-9999.0,-9999.0,44.5359992981,227.769536610782,72.0931886939053,255925.02,671412.0,44,24,44.536
NS57SE_1540,1,1_2,6.68561754388,-9999.0,-9999.0,-9999.0,43.2210006714,148.415637274684,49.1818077453195,255963.46,671405.92,12,8,43.221
NS57SE_1542,1,1_2,4.08231871216,-9999.0,-9999.0,-9999.0,47.9399986267,222.112400285586,66.0796370382519,255795.79,671406.1,28,16,47.94
NS57SE_1544,1,1_2,4.35851784212,-9999.0,-9999.0,-9999.0,52.4659996033,147.80498823801,48.7074539656518,255643.15,671404.41,12,8,52.466
NS57SE_1547,1,1_2,5.83705300889,-9999.0,-9999.0,-9999.0,35.0890007019,168.500961285643,58.7227815085751,256135.33,671400.9,28,16,35.089
NS57SE_1548,1,1_2,4.30254049115,-9999.0,-9999.0,-9999.0,45.4900016785,226.522596569034,69.3710905957223,255878.19,671402.76,52,28,45.49
NS57SE_1549,1,1_2,5.98939685054,-9999.0,-9999.0,-9999.0,40.0769996643,186.849446239995,63.0984099211321,256040.18,671401.91,28,16,40.077
NS57SE_1552,1,1_2,6.31862511173,-9999.0,-9999.0,-9999.0,40.641998291,94.5613734033751,39.4509097722684,256015.5,671396.38,12,8,40.642
NS57SE_1553,1,1_2,7.196621222,-9999.0,-9999.0,-9999.0,35.4939994812,123.803718731096,44.5097678778131,256120.75,671396.19,12,8,35.494
NS57SE_1554,1,1_2,3.69262876133,-9999.0,-9999.0,-9999.0,47.1310005188,499.31457433976,121.780719931511,255824.47,671399.12,72,38,47.131
NS57SE_1555,1,1_2,6.32077250908,-9999.0,-9999.0,-9999.0,35.8479995728,120.319186596556,43.899519205495,256107.22,671392.84,12,8,35.848
NS57SE_1559,1,1_2,6.08900124923,-9999.0,-9999.0,-9999.0,41.0279998779,117.477721129827,43.3607004912597,256003.96,671391.62,12,8,41.028
NS57SE_1561,1,1_2,2.3087442716,-9999.0,-9999.0,-9999.0,45.1450004578,21.7849725003138,21.4213935903979,255879.78,671386.84,8,6,45.145
NS57SE_1563,1,1_2,3.65574915738,-9999.0,-9999.0,-9999.0,53.0709991455,186.78066113481,61.2559754289244,255627.24,671391.94,28,16,53.071
NS57SE_1564,1,1_2,3.60172119677,-9999.0,-9999.0,-9999.0,49.7220001221,777.400419258777,257.235434026738,255695.69,671398.77,140,72,49.722
NS57SE_1565,1,1_2,6.53728103638,-9999.0,-9999.0,-9999.0,41.6180000305,124.264887975112,44.6046333338986,255990.01,671388.26,12,8,41.618
NS57SE_1566,1,1_2,6.37868980615,-9999.0,-9999.0,-9999.0,37.4300003052,171.407556105767,52.4487089536431,256092.22,671389.01,12,8,37.43
NS57SE_1567,1,1_2,4.44950090154,-9999.0,-9999.0,-9999.0,44.813999176,197.019822306809,62.5882772911081,255895.42,671390.11,28,16,44.814
NS57SE_1568,1,1_2,3.85062489143,-9999.0,-9999.0,-9999.0,52.3240013123,132.147260976374,48.5223781690051,255651.46,671384.92,20,12,52.324
NS57SE_1570,1,1_2,5.57390066907,-9999.0,-9999.0,-9999.0,42.0410003662,190.836074897831,77.7210660195342,255970.27,671383.58,40,22,42.041
NS57SE_1571,1,1_2,6.42241269449,-9999.0,-9999.0,-9999.0,37.9449996948,171.732864566655,52.5182610118103,256076.33,671383.84,12,8,37.945
NS57SE_1574,1,1_2,4.66654536475,-9999.0,-9999.0,-9999.0,45.4720001221,172.837260020556,52.7278341051661,255852.35,671383.5,12,8,45.472
NS57SE_1581,1,1_2,2.49697904587,-9999.0,-9999.0,-9999.0,44.2210006714,57.794141253973,39.5784455109581,255883.75,671372.55,20,12,44.221
NS57SE_1582,1,1_2,3.77848593474,-9999.0,-9999.0,-9999.0,48.9010009766,202.794240310836,62.7874513116201,255751.36,671373.98,28,16,48.901
NS57SE_1583,1,1_2,4.48416962313,-9999.0,-9999.0,-9999.0,43.7309989929,190.782318120656,64.599345722515,255916.88,671375.42,36,20,43.731
NS57SE_1584,1,1_2,4.03641601915,-9999.0,-9999.0,-9999.0,48.3790016174,155.909533286261,50.7832714293815,255767.63,671372.82,12,8,48.379
NS57SE_1586,1,1_2,3.86655929853,-9999.0,-9999.0,-9999.0,49.6199989319,175.126201429046,55.8719109338451,255730.82,671371.68,20,12,49.62
NS57SE_1587,1,1_2,6.00786086376,-9999.0,-9999.0,-9999.0,38.5550003052,303.53092330172,99.4980644749292,256055.15,671374.33,44,24,38.555
NS57SE_1588,1,1_2,3.81416480191,-9999.0,-9999.0,-9999.0,47.9519996643,147.843838438467,54.4218452195729,255784.75,671370.48,28,16,47.952
NS57SE_1589,1,1_2,4.15259066915,-9999.0,-9999.0,-9999.0,44.5929985046,152.505379880323,51.3859542288741,255867.51,671370.72,20,12,44.593
NS57SE_1592,1,1_2,2.48229032574,-9999.0,-9999.0,-9999.0,43.5999984741,25.5064762563394,21.2402900201319,255932.59,671363.06,12,8,43.6
NS57SE_1593,1,1_2,3.63862486905,-9999.0,-9999.0,-9999.0,47.5159988403,164.655685597109,56.6385238936396,255801.62,671368.2,36,20,47.516
NS57SE_1597,1,1_2,6.02252341762,-9999.0,-9999.0,-9999.0,40.4339981079,120.862727309155,43.9926310506934,256021.81,671366.06,12,8,40.434
NS57SE_1606,1,1_2,2.52605969419,-9999.0,-9999.0,-9999.0,48.5320014954,48.4962510239883,29.3301179048431,255773.26,671360.32,12,8,48.532
NS57SE_1609,1,1_2,6.60842815774,-9999.0,-9999.0,-9999.0,41.1609992981,124.395334921447,44.6193369209768,256008.56,671360.81,12,8,41.161
NS57SE_1617,1,1_2,4.02955650902,-9999.0,-9999.0,-9999.0,46.8839988708,210.635237417785,64.6653705723776,255820.56,671360.32,28,16,46.884
NS57SE_1620,1,1_2,2.61784068516,-9999.0,-9999.0,-9999.0,47.8680000305,54.9393450048928,28.9806587257168,255788.38,671355.97,16,10,47.868
NS57SE_1621,1,1_2,3.95978992947,-9999.0,-9999.0,-9999.0,43.7939987183,138.047276920875,48.4170358713321,255884.11,671359.02,20,12,43.794
NS57SE_1622,1,1_2,3.38140098794,-9999.0,-9999.0,-9999.0,42.3120002747,53.5202999927681,29.2895620687546,255981.95,671355.45,12,8,42.312
NS57SE_1624,1,1_2,6.58937125206,-9999.0,-9999.0,-9999.0,41.6199989319,122.733942770632,44.3180176002616,255995.03,671356.72,12,8,41.62
NS57SE_1626,1,1_2,4.34144981072,-9999.0,-9999.0,-9999.0,43.7319984436,199.561381552233,62.7685415614396,255902.19,671351.62,36,20,43.732
NS57SE_1629,1,1_2,6.43409416758,-9999.0,-9999.0,-9999.0,42.5880012512,135.097109445205,46.6199890635932,255969.34,671350.22,12,8,42.588
NS57SE_1630,1,1_2,4.14796983233,-9999.0,-9999.0,-9999.0,43.5740013123,210.345854978305,79.0170623550121,255926.88,671350.98,52,28,43.574
NS57SE_1638,1,1_2,4.28062157702,-9999.0,-9999.0,-9999.0,49.5649986267,85.1228121778814,36.9436489829398,255741.21,671335.22,12,8,49.565
NS57SE_1642,1,1_2,4.67414252272,-9999.0,-9999.0,-9999.0,48.827999115,185.209704188121,62.9246955079931,255758.83,671332.7,36,20,48.828
NS57SE_1646,1,1_2,4.64572124019,-9999.0,-9999.0,-9999.0,48.1850013733,193.099099581681,58.8188353324653,255779.0,671330.59,28,16,48.185
NS57SE_1654,1,1_2,2.41206050741,-9999.0,-9999.0,-9999.0,48.5429992676,32.908218750245,26.6319578314907,255768.11,671318.7,8,6,48.543
NS57SE_1659,1,1_2,4.44238355204,-9999.0,-9999.0,-9999.0,45.9160003662,210.008569989852,59.0360134720464,255839.46,671320.36,20,12,45.916
NS57SE_1660,1,1_2,4.1153833366,-9999.0,-9999.0,-9999.0,46.763999939,520.219464687636,149.706048641473,255808.53,671321.62,60,32,46.764
NS57SE_1662,1,1_2,2.34149257173,-9999.0,-9999.0,-9999.0,46.4589996338,49.9928749419362,30.8734392637834,255827.76,671310.93,20,12,46.459
NS57SE_1664,1,1_2,6.0117858901,-9999.0,-9999.0,-9999.0,51.0870018005,1118.6583472993,291.800855696733,255662.82,671332.55,164,84,51.087
NS57SE_1665,1,1_2,4.48417492353,-9999.0,-9999.0,-9999.0,42.9710006714,156.688769586163,68.3539274496168,255892.94,671313.23,28,16,42.971
NS57SE_1666,1,1_2,4.8715908434,-9999.0,-9999.0,-9999.0,42.8660011292,148.93829855055,54.1784058216198,255914.4,671310.69,28,16,42.866
NS57SE_1667,1,1_2,4.09847682017,-9999.0,-9999.0,-9999.0,43.6549987793,435.172420772251,158.03727565006,255864.76,671313.26,68,36,43.655
NS57SE_1669,1,1_2,2.58812636421,-9999.0,-9999.0,-9999.0,42.4720001221,44.4791662499747,27.0070685233947,255911.33,671299.84,12,8,42.472
NS57SE_1674,1,1_2,5.66756267376,-9999.0,-9999.0,-9999.0,50.6100006104,202.677357601704,65.0640385909807,255636.6,671295.97,36,20,50.61
NS57SE_1675,1,1_2,4.93564064691,-9999.0,-9999.0,-9999.0,43.4910011292,188.472283012262,64.3046809706805,255959.82,671294.9,28,16,43.491
NS57SE_1677,1,1_2,4.34032326088,-9999.0,-9999.0,-9999.0,42.1910018921,145.843537468023,53.8690835888455,255897.74,671292.64,28,16,42.191
NS57SE_1679,1,1_2,2.08639428468,-9999.0,-9999.0,-9999.0,42.2060012817,29.8647899931999,22.3913381745769,255869.11,671285.92,12,8,42.206
NS57SE_1684,1,1_2,6.72396239503,-9999.0,-9999.0,-9999.0,43.4720001221,108.02468508376,42.5300511657728,256039.18,671286.67,12,8,43.472
NS57SE_1685,1,1_2,4.92931117856,-9999.0,-9999.0,-9999.0,43.5800018311,127.80627051133,45.5986478407916,255947.51,671286.36,12,8,43.58
NS57SE_1694,1,1_2,4.14862862553,-9999.0,-9999.0,-9999.0,42.2060012817,172.162648349577,52.8107004672448,255882.62,671283.86,12,8,42.206
NS57SE_1696,1,1_2,6.32067071452,-9999.0,-9999.0,-9999.0,49.5180015564,432.67557852921,132.850793002477,255664.09,671285.91,60,34,49.518
NS57SE_1700,1,1_2,4.91362480639,-9999.0,-9999.0,-9999.0,45.5800018311,154.718938378603,56.6495738750676,255984.78,671276.54,28,16,45.58
NS57SE_1701,1,1_2,8.17640449096,-9999.0,-9999.0,-9999.0,48.1360015869,1053.86324846681,243.690507994587,255704.55,671306.94,64,36,48.136
NS57SE_1702,1,1_2,3.79509269714,-9999.0,-9999.0,-9999.0,41.5320014954,208.54752085017,77.5199059169266,255865.27,671275.4,44,24,41.532
NS57SE_1707,1,1_2,5.97530829146,-9999.0,-9999.0,-9999.0,40.0493354797,389.079260219265,111.766320407798,256075.0,671280.49,48,26,40.049
NS57SE_1709,1,1_2,2.3136068217,-9999.0,-9999.0,-9999.0,45.9645004272,39.8968200003408,25.5985430847734,256017.31,671265.64,12,8,45.965
NS57SE_1711,1,1_2,6.45190541041,-9999.0,-9999.0,-9999.0,45.84400177,176.543989756661,62.8013939604287,256004.25,671269.91,36,20,45.844
NS57SE_1713,1,1_2,5.92003045505,-9999.0,-9999.0,-9999.0,44.0680007935,165.455598540135,57.4886826377115,256040.89,671269.31,28,16,44.068
NS57SE_1714,1,1_2,4.8355266617,-9999.0,-9999.0,-9999.0,41.1510009766,127.370572104746,45.2036520830105,255858.18,671263.39,12,8,41.151
NS57SE_1715,1,1_2,2.51974713072,-9999.0,-9999.0,-9999.0,44.9010009766,26.5878712444174,21.3564962621393,256034.78,671258.81,12,8,44.901
NS57SE_1717,1,1_2,4.21201823258,-9999.0,-9999.0,-9999.0,43.6360015869,307.483843365175,122.729838132366,255929.78,671267.88,60,32,43.636
NS57SE_1719,1,1_2,5.14459707411,-9999.0,-9999.0,-9999.0,46.5699996948,212.451040554239,70.8178960177241,255970.52,671259.28,44,24,46.57
NS57SE_1721,1,1_2,6.9272977813,-9999.0,-9999.0,-9999.0,42.6800003052,149.741101868655,52.7138553172161,256082.81,671252.83,20,12,42.68
NS57SE_1722,1,1_2,3.60071687823,-9999.0,-9999.0,-9999.0,40.6459999084,237.877035138682,84.1665634502112,255842.06,671253.98,60,32,40.646
NS57SE_1724,1,1_2,5.42761415739,-9999.0,-9999.0,-9999.0,46.2799987793,186.568792696086,59.9352928386128,256014.18,671252.14,36,20,46.28
NS57SE_1725,1,1_2,6.95904615211,-9999.0,-9999.0,-9999.0,44.4570007324,129.595805695003,48.4095486803836,256048.0,671250.25,20,12,44.457
NS57SE_1002,1,1_3,7.26925713344,-9999.0,-9999.0,-9999.0,56.236000061,126.660002044289,45.4174445323866,255673.36,671894.49,12,8,56.236
NS57SE_1006,1,1_3,4.6035062705,-9999.0,-9999.0,-9999.0,55.5250015259,560.012790419451,164.54971963582,255772.73,671902.79,100,52,55.525
NS57SE_1010,1,1_3,3.10868442478,-9999.0,-9999.0,-9999.0,56.3149986267,50.8187820989647,28.7356591830811,255814.88,671885.14,12,8,56.315
NS57SE_1011,1,1_3,4.63777398821,-9999.0,-9999.0,-9999.0,54.6780014038,260.660721680051,86.9068928482972,255711.47,671890.74,60,32,54.678
NS57SE_1017,1,1_3,5.62002406074,-9999.0,-9999.0,-9999.0,55.1030006409,105.085628291949,41.4226182498044,255799.11,671880.41,12,8,55.103
NS57SE_1018,1,1_3,6.44192951997,-9999.0,-9999.0,-9999.0,58.3209991455,138.578481088905,49.4109708607897,255632.13,671879.49,28,16,58.321
NS57SE_1020,1,1_3,5.00783430297,-9999.0,-9999.0,-9999.0,56.2350006104,182.316545674827,71.1794459447036,255672.27,671878.8,52,28,56.235
NS57SE_1047,1,1_3,4.43295492662,-9999.0,-9999.0,-9999.0,53.9379997253,1022.51932319374,304.27351902358,255838.98,671884.46,204,104,53.938
NS57SE_697,1,1_3,6.69709518652,-9999.0,-9999.0,-9999.0,56.7519989014,212.464171912744,64.9245776504684,256062.74,672301.82,20,12,56.752
NS57SE_701,1,1_3,6.73847757604,-9999.0,-9999.0,-9999.0,56.8790016174,177.98735746966,55.3934691641902,256041.32,672299.36,28,16,56.879
NS57SE_704,1,1_3,7.12769297309,-9999.0,-9999.0,-9999.0,57.0200004578,190.168224175605,57.302678767482,256023.43,672293.52,20,12,57.02
NS57SE_705,1,1_3,6.47158109474,-9999.0,-9999.0,-9999.0,58.0760002136,148.377182398764,49.1564887678412,255989.38,672286.16,12,8,58.076
NS57SE_706,1,1_3,7.45080105396,-9999.0,-9999.0,-9999.0,57.21900177,180.004347811599,55.4442623972792,256007.28,672287.61,20,12,57.219
NS57SE_709,1,1_3,6.50110144289,-9999.0,-9999.0,-9999.0,59.4449996948,203.932201659136,59.6207418906755,255964.97,672276.96,12,8,59.445
NS57SE_710,1,1_3,6.52356798723,-9999.0,-9999.0,-9999.0,56.4269981384,210.418321217322,62.3390030171992,256074.04,672278.48,28,16,56.427
NS57SE_713,1,1_3,4.61403438023,-9999.0,-9999.0,-9999.0,62.0970001221,210.829138197086,71.21446164324,255927.91,672271.66,36,20,62.097
NS57SE_716,1,1_3,3.83679280805,-9999.0,-9999.0,-9999.0,67.43800354,92.6699062529761,40.8167077643295,255659.42,672264.97,24,14,67.438
NS57SE_717,1,1_3,5.30023129876,-9999.0,-9999.0,-9999.0,63.2799987793,175.231297423922,78.3574923129318,255897.01,672265.89,56,30,63.28
NS57SE_720,1,1_3,6.67879898694,-9999.0,-9999.0,-9999.0,55.891998291,213.982556198107,65.0167653254683,256079.6,672259.32,24,14,55.892
NS57SE_722,1,1_3,7.12233878566,-9999.0,-9999.0,-9999.0,56.7610015869,192.424739335242,57.4929935051178,256003.52,672257.16,20,12,56.761
NS57SE_728,1,1_3,2.57524548864,-9999.0,-9999.0,-9999.0,62.5629997253,42.7740524999183,26.1778945856364,255906.76,672242.59,12,8,62.563
NS57SE_732,1,1_3,7.36087709315,-9999.0,-9999.0,-9999.0,59.8359985352,180.183915141195,53.6931307530014,255972.98,672245.12,12,8,59.836
NS57SE_733,1,1_3,6.53496257341,-9999.0,-9999.0,-9999.0,55.9850006104,210.777868000718,62.4483408704598,256061.62,672244.61,28,16,55.985
NS57SE_735,1,1_3,4.64914841271,-9999.0,-9999.0,-9999.0,61.3559989929,221.004558495199,66.2996985208657,255932.42,672243.16,20,12,61.356
NS57SE_736,1,1_3,7.25475276246,-9999.0,-9999.0,-9999.0,56.0419998169,175.572727273932,55.5092727018952,256010.6,672240.56,28,16,56.042
NS57SE_737,1,1_3,4.98691440636,-9999.0,-9999.0,-9999.0,65.0640029907,54.0852036356148,30.1179778236361,255792.09,672235.48,12,8,65.064
NS57SE_741,1,1_3,5.78237740574,-9999.0,-9999.0,-9999.0,61.6920013428,142.006441605334,50.1008827642585,255913.45,672232.89,20,12,61.692
NS57SE_743,1,1_3,6.68460098846,-9999.0,-9999.0,-9999.0,55.6199989319,215.998414830592,65.3677032626487,256045.52,672235.1,20,12,55.62
NS57SE_746,1,1_3,6.44222180395,-9999.0,-9999.0,-9999.0,67.283996582,199.870477471811,58.7898943550769,255638.34,672229.55,20,12,67.284
NS57SE_749,1,1_3,6.68430307669,-9999.0,-9999.0,-9999.0,56.9659996033,197.777430379682,56.8529826271206,255979.47,672228.28,24,14,56.966
NS57SE_750,1,1_3,5.70967061179,-9999.0,-9999.0,-9999.0,63.78099823,107.063614785187,41.7449523242914,255774.38,672226.14,12,8,63.781
NS57SE_751,1,1_3,4.79212331057,-9999.0,-9999.0,-9999.0,62.0419998169,450.848020487005,148.706213439326,255873.55,672240.66,84,44,62.042
NS57SE_756,1,1_3,5.38693593459,-9999.0,-9999.0,-9999.0,63.9570007324,111.276423148938,44.9688461678196,255743.72,672217.03,28,16,63.957
NS57SE_759,1,1_3,4.49532817699,-9999.0,-9999.0,-9999.0,62.1819992065,360.76753879797,105.180087223499,255809.12,672226.03,60,32,62.182
NS57SE_760,1,1_3,6.67548661568,-9999.0,-9999.0,-9999.0,55.8549995422,178.521416416254,58.8134998758072,256030.58,672217.28,36,20,55.855
NS57SE_762,1,1_3,5.23282283888,-9999.0,-9999.0,-9999.0,57.9119987488,312.146092499462,85.6623684050084,255947.25,672209.96,40,22,57.912
NS57SE_765,1,1_3,6.452597853,-9999.0,-9999.0,-9999.0,56.3849983215,210.070854321628,61.5715022337176,256007.26,672209.02,28,16,56.385
NS57SE_769,1,1_3,4.90505911438,-9999.0,-9999.0,-9999.0,60.1790008545,628.421311371925,178.110369550286,255846.09,672223.99,96,50,60.179
NS57SE_773,1,1_3,4.97796369225,-9999.0,-9999.0,-9999.0,64.8320007324,307.800725997526,89.4060912300129,255708.48,672203.88,32,18,64.832
NS57SE_779,1,1_3,4.8497438369,-9999.0,-9999.0,-9999.0,59.5253334045,520.078324185791,156.722687566418,255879.56,672204.43,76,40,59.525
NS57SE_782,1,1_3,6.66403353907,-9999.0,-9999.0,-9999.0,55.6829986572,217.749432915149,65.7943723605588,256009.96,672189.2,20,12,55.683
NS57SE_783,1,1_3,4.99181052791,-9999.0,-9999.0,-9999.0,57.5960006714,302.872794257977,86.7526385909394,255922.88,672194.73,24,14,57.596
NS57SE_786,1,1_3,3.97075312908,-9999.0,-9999.0,-9999.0,63.0550003052,347.774744551659,109.302757363171,255750.05,672192.64,60,32,63.055
NS57SE_788,1,1_3,4.63551329172,-9999.0,-9999.0,-9999.0,66.9739990234,143.090834455895,50.7348818354603,255644.64,672181.45,28,16,66.974
NS57SE_790,1,1_3,4.64629972164,-9999.0,-9999.0,-9999.0,66.2799987793,274.609324204665,79.748366635771,255662.17,672182.79,28,16,66.28
NS57SE_791,1,1_3,4.27754183934,-9999.0,-9999.0,-9999.0,60.3009986877,496.546061949538,148.794774165078,255824.82,672191.71,92,48,60.301
NS57SE_792,1,1_3,2.22280623825,-9999.0,-9999.0,-9999.0,56.7583312988,38.0357249963652,25.4522877910044,255924.62,672174.75,12,8,56.758
NS57SE_793,1,1_3,5.02597490579,-9999.0,-9999.0,-9999.0,57.4339981079,135.999469733102,49.2163295839084,255908.02,672177.98,20,12,57.434
NS57SE_794,1,1_3,4.70238785314,-9999.0,-9999.0,-9999.0,54.8909988403,321.891952412352,84.8842622905314,255957.56,672183.96,40,22,54.891
NS57SE_797,1,1_3,4.6299785738,-9999.0,-9999.0,-9999.0,62.6570014954,135.47158372921,49.1548066940094,255758.22,672169.58,20,12,62.657
NS57SE_798,1,1_3,4.67087185606,-9999.0,-9999.0,-9999.0,57.422000885,135.761866443242,48.6698767252931,255898.33,672168.37,20,12,57.422
NS57SE_801,1,1_3,4.59435606769,-9999.0,-9999.0,-9999.0,61.5429992676,572.539149824592,161.890496730289,255786.87,672186.21,76,40,61.543
NS57SE_807,1,1_3,4.61237318946,-9999.0,-9999.0,-9999.0,65.5270004272,155.783978528435,53.1692879563689,255684.54,672164.12,20,12,65.527
NS57SE_815,1,1_3,2.23798545933,-9999.0,-9999.0,-9999.0,65.7559967041,68.3583112580011,38.0112853036232,255673.78,672153.11,16,10,65.756
NS57SE_816,1,1_3,4.62540444628,-9999.0,-9999.0,-9999.0,61.0900001526,132.060127925222,49.5192284492088,255799.85,672153.49,20,12,61.09
NS57SE_820,1,1_3,4.48578856316,-9999.0,-9999.0,-9999.0,59.5690002441,353.097357203559,93.5333760492145,255836.95,672155.8,28,16,59.569
NS57SE_821,1,1_3,5.43260835513,-9999.0,-9999.0,-9999.0,66.1569976807,189.408033270634,76.906374309348,255648.59,672152.33,28,16,66.157
NS57SE_822,1,1_3,4.48512029601,-9999.0,-9999.0,-9999.0,54.2540016174,529.659355745372,161.367465016977,255933.8,672158.39,84,44,54.254
NS57SE_824,1,1_3,4.50963511641,-9999.0,-9999.0,-9999.0,57.2220001221,309.302401747281,80.4351784775669,255883.12,672152.89,20,12,57.222
NS57SE_825,1,1_3,2.51068416643,-9999.0,-9999.0,-9999.0,61.2319984436,41.5007099964166,25.8078427424738,255804.12,672142.54,12,8,61.232
NS57SE_826,1,1_3,4.64922597119,-9999.0,-9999.0,-9999.0,61.9910011292,260.381828947559,88.6874750524904,255764.08,672149.82,44,24,61.991
NS57SE_828,1,1_3,5.56567296844,-9999.0,-9999.0,-9999.0,51.9000015259,433.987616332484,127.508034114568,255973.27,672149.87,84,44,51.9
NS57SE_829,1,1_3,4.58970383208,-9999.0,-9999.0,-9999.0,54.341999054,130.374165076616,53.57367028227,255913.1,672137.18,28,16,54.342
NS57SE_831,1,1_3,5.3646942908,-9999.0,-9999.0,-9999.0,60.0009994507,157.371140445289,51.7768937029211,255815.52,672134.63,12,8,60.001
NS57SE_832,1,1_3,4.75263080102,-9999.0,-9999.0,-9999.0,61.4070014954,128.044508624936,49.2900403654882,255776.3,672130.61,20,12,61.407
NS57SE_833,1,1_3,2.3247908669,-9999.0,-9999.0,-9999.0,65.2269973755,26.3315100027711,24.1087309558747,255677.29,672125.47,8,6,65.227
NS57SE_836,1,1_3,5.16957508062,-9999.0,-9999.0,-9999.0,52.1660003662,193.279300739127,59.2094341555449,255955.02,672128.58,20,12,52.166
NS57SE_841,1,1_3,4.43388420518,-9999.0,-9999.0,-9999.0,57.6030006409,458.078170830544,105.433591247063,255858.61,672128.52,28,16,57.603
NS57SE_843,1,1_3,6.68492311644,-9999.0,-9999.0,-9999.0,65.6309967041,135.556982004146,47.1293760548157,255658.74,672117.28,12,8,65.631
NS57SE_851,1,1_3,5.27162277324,-9999.0,-9999.0,-9999.0,60.5890007019,114.596284885446,43.386410790139,255792.8,672110.27,12,8,60.589
NS57SE_858,1,1_3,4.64603451148,-9999.0,-9999.0,-9999.0,63.1529998779,1115.23579974745,289.737067741891,255723.88,672143.64,156,80,63.153
NS57SE_859,1,1_3,4.70358082467,-9999.0,-9999.0,-9999.0,54.0670013428,425.14741034936,143.504637619978,255889.55,672112.54,84,44,54.067
NS57SE_861,1,1_3,5.55359918672,-9999.0,-9999.0,-9999.0,65.5810012817,180.034159987131,56.3860279654743,255665.21,672101.03,28,16,65.581
NS57SE_862,1,1_3,5.61022779398,-9999.0,-9999.0,-9999.0,52.0880012512,393.483669075102,106.750919064615,255934.34,672109.84,48,26,52.088
NS57SE_863,1,1_3,4.56921983748,-9999.0,-9999.0,-9999.0,57.6329994202,318.737955908014,109.162630847022,255832.93,672104.4,76,40,57.633
NS57SE_864,1,1_3,2.1488612947,-9999.0,-9999.0,-9999.0,65.3509979248,32.9822474988753,23.9084240420795,255676.36,672093.41,12,8,65.351
NS57SE_871,1,1_3,4.21016425122,-9999.0,-9999.0,-9999.0,61.1829986572,560.993168873013,152.008437659539,255761.38,672094.11,84,44,61.183
NS57SE_873,1,1_3,6.99402309369,-9999.0,-9999.0,-9999.0,65.2080001831,120.385680747107,44.4582126335186,255669.15,672082.01,12,8,65.208
NS57SE_876,1,1_3,2.1314676889,-9999.0,-9999.0,-9999.0,64.7170028687,44.0372137510559,30.2147119997938,255683.09,672076.57,16,10,64.717
NS57SE_878,1,1_3,5.09897627482,-9999.0,-9999.0,-9999.0,58.6930007935,212.059961579197,68.167074905157,255815.17,672076.47,32,18,58.693
NS57SE_879,1,1_3,5.22033659564,-9999.0,-9999.0,-9999.0,65.3150024414,316.766141843357,101.025092345131,255632.33,672079.14,52,28,65.315
NS57SE_884,1,1_3,5.88549755056,-9999.0,-9999.0,-9999.0,64.4120025635,174.766734134495,61.4542644397068,255677.12,672063.8,36,20,64.412
NS57SE_885,1,1_3,5.35117775172,-9999.0,-9999.0,-9999.0,51.7890014648,580.428268586099,153.130362777711,255900.96,672078.18,84,44,51.789
NS57SE_887,1,1_3,4.931880566,-9999.0,-9999.0,-9999.0,54.5429992676,658.333916989334,207.81790850488,255851.06,672075.43,124,64,54.543
NS57SE_892,1,1_3,6.55355625815,-9999.0,-9999.0,-9999.0,64.6330032349,132.246213389187,49.1591394734463,255642.48,672052.21,20,12,64.633
NS57SE_893,1,1_3,5.37013335422,-9999.0,-9999.0,-9999.0,60.34400177,433.254932449865,116.608814403384,255771.83,672055.61,36,20,60.344
NS57SE_897,1,1_3,5.03370215932,-9999.0,-9999.0,-9999.0,58.9539985657,139.998020821024,49.0884214294494,255798.49,672047.81,12,8,58.954
NS57SE_900,1,1_3,6.15782125876,-9999.0,-9999.0,-9999.0,64.15599823,141.264625540904,50.2687689996592,255680.1,672046.37,20,12,64.156
NS57SE_902,1,1_3,2.41466345838,-9999.0,-9999.0,-9999.0,58.9679985046,27.7181400000836,24.3035446110632,255796.97,672034.39,8,6,58.968
NS57SE_903,1,1_3,2.52875400992,-9999.0,-9999.0,-9999.0,60.7490005493,54.208710002635,29.5386528102812,255773.85,672035.7,12,8,60.749
NS57SE_907,1,1_3,5.56740728664,-9999.0,-9999.0,-9999.0,63.8699989319,167.003973980565,55.4172937348837,255647.84,672032.89,12,8,63.87
NS57SE_912,1,1_3,5.06386147194,-9999.0,-9999.0,-9999.0,63.6809997559,213.447079879559,70.9083406479408,255688.33,672026.76,36,20,63.681
NS57SE_913,1,1_3,5.4067902762,-9999.0,-9999.0,-9999.0,52.0822143555,667.362528661958,201.673704161227,255864.05,672036.5,108,56,52.082
NS57SE_914,1,1_3,3.80628899761,-9999.0,-9999.0,-9999.0,56.6440010071,228.970134580943,82.8081812098192,255809.46,672026.42,56,30,56.644
NS57SE_916,1,1_3,4.7063613473,-9999.0,-9999.0,-9999.0,61.1488342285,210.335117032558,62.7704109605667,255757.75,672021.56,20,12,61.149
NS57SE_918,1,1_3,6.23634923997,-9999.0,-9999.0,-9999.0,55.0120010376,154.745192495121,54.2367581518692,255826.86,672018.46,20,12,55.012
NS57SE_921,1,1_3,2.37388861934,-9999.0,-9999.0,-9999.0,63.5340003967,21.3952687473757,18.6649823709215,255712.12,672008.14,12,8,63.534
NS57SE_922,1,1_3,5.7359825844,-9999.0,-9999.0,-9999.0,63.1780014038,169.505737721097,61.672840825992,255649.19,672013.77,36,20,63.178
NS57SE_926,1,1_3,5.36015432331,-9999.0,-9999.0,-9999.0,62.7229995728,175.226247473707,64.2593080691773,255690.68,672007.26,20,12,62.723
NS57SE_931,1,1_3,5.68519834589,-9999.0,-9999.0,-9999.0,60.7179985046,142.520261627587,52.4616686634484,255759.29,671995.78,28,16,60.718
NS57SE_932,1,1_3,6.84084894698,-9999.0,-9999.0,-9999.0,61.9420013428,119.181474459883,44.2611593861504,255652.97,671994.26,12,8,61.942
NS57SE_936,1,1_3,5.75163607385,-9999.0,-9999.0,-9999.0,61.6910018921,160.845574183176,51.1047493419338,255689.31,671987.9,12,8,61.691
NS57SE_938,1,1_3,2.00389247796,-9999.0,-9999.0,-9999.0,61.7156677246,49.8763162505519,28.6082709893048,255697.66,671979.15,12,8,61.716
NS57SE_940,1,1_3,6.15543794632,-9999.0,-9999.0,-9999.0,60.2929992676,152.668942476743,52.0505525664102,255652.46,671974.6,20,12,60.293
NS57SE_944,1,1_3,2.37634482384,-9999.0,-9999.0,-9999.0,60.7274284363,20.5084349975548,18.3115376318974,255634.79,671967.56,12,8,60.727
NS57SE_946,1,1_3,5.6259603677,-9999.0,-9999.0,-9999.0,60.4980010986,165.328954838348,53.3108090383466,255689.24,671969.47,20,12,60.498
NS57SE_951,1,1_3,2.05529544228,-9999.0,-9999.0,-9999.0,60.4550018311,21.9439049973386,22.4624693889127,255698.96,671961.04,8,6,60.455
NS57SE_952,1,1_3,5.08664939554,-9999.0,-9999.0,-9999.0,55.4039993286,639.979532771845,172.146717980175,255799.49,671979.14,72,38,55.404
NS57SE_958,1,1_3,4.827702117,-9999.0,-9999.0,-9999.0,60.7789993286,207.808861733156,72.6259623941342,255763.03,671958.59,32,18,60.779
NS57SE_959,1,1_3,5.87644479413,-9999.0,-9999.0,-9999.0,58.9659996033,165.397199437147,55.9360305862698,255651.27,671955.84,28,16,58.966
NS57SE_960,1,1_3,5.95639512579,-9999.0,-9999.0,-9999.0,59.7290000916,137.599167738341,48.2629781152739,255780.08,671954.03,20,12,59.729
NS57SE_961,1,1_3,2.16178075891,-9999.0,-9999.0,-9999.0,58.9809989929,23.9738475010667,23.0672197174049,255641.61,671948.32,8,6,58.981
NS57SE_966,1,1_3,4.83344780717,-9999.0,-9999.0,-9999.0,58.158000946,239.03680444818,100.230259343633,255689.34,671947.83,52,28,58.158
NS57SE_967,1,1_3,5.25802073805,-9999.0,-9999.0,-9999.0,52.2700004578,380.217242586723,112.31102078465,255839.27,671947.44,60,32,52.27
NS57SE_969,1,1_3,3.63928601236,-9999.0,-9999.0,-9999.0,59.5900001526,36.5746050051315,25.2471238610496,255773.61,671930.14,12,8,59.59
NS57SE_972,1,1_3,5.18575666064,-9999.0,-9999.0,-9999.0,58.4910011292,176.67627940212,62.341089385125,255754.95,671932.44,28,16,58.491
NS57SE_973,1,1_3,4.35323287485,-9999.0,-9999.0,-9999.0,57.1520004272,358.251457987091,125.366675743016,255798.07,671935.57,68,36,57.152
NS57SE_975,1,1_3,5.87476751854,-9999.0,-9999.0,-9999.0,57.0730018616,176.682593072447,65.8135504385839,255685.79,671929.12,36,20,57.073
NS57SE_976,1,1_3,6.45456207788,-9999.0,-9999.0,-9999.0,51.9720001221,129.305495136027,45.7022859031265,255856.33,671925.28,12,8,51.972
NS57SE_990,1,1_3,5.25269354221,-9999.0,-9999.0,-9999.0,57.8800010681,380.530333263566,105.673836161723,255645.27,671925.79,60,32,57.88
NS57SE_991,1,1_3,6.72458502661,-9999.0,-9999.0,-9999.0,56.4570007324,141.373460479506,50.698230616573,255680.31,671912.03,20,12,56.457
NS57SE_992,1,1_3,4.60530652367,-9999.0,-9999.0,-9999.0,55.2000007629,2491.82798866816,664.111932792294,255709.51,672017.51,352,180,55.2
NS57SE_994,1,1_3,2.56245297763,-9999.0,-9999.0,-9999.0,55.7369995117,50.6040674966074,28.4687402569394,255685.95,671900.55,12,8,55.737
NS57SE_999,1,1_3,5.57071980084,-9999.0,-9999.0,-9999.0,58.0740013123,170.989047803081,57.760732926999,255637.11,671898.48,20,12,58.074
NS57SE_280,1,1_4,6.69139513037,-9999.0,-9999.0,-9999.0,37.9290008545,208.978913553523,64.5310574582487,255625.36,673118.11,20,12,37.929
NS57SE_281,1,1_4,7.22013825741,-9999.0,-9999.0,-9999.0,38.2109985352,145.453094910815,48.2416601992453,255665.59,673116.45,12,8,38.211
NS57SE_285,1,1_4,6.94146150053,-9999.0,-9999.0,-9999.0,38.202999115,180.167141804255,56.4302640671093,255693.83,673111.99,28,16,38.203
NS57SE_288,1,1_4,6.58802318813,-9999.0,-9999.0,-9999.0,37.8860015869,206.052465081122,60.2718644544349,255712.36,673108.85,20,12,37.886
NS57SE_290,1,1_4,7.30922610623,-9999.0,-9999.0,-9999.0,37.8030014038,188.784881044229,57.2157335163566,255730.63,673107.78,20,12,37.803
NS57SE_293,1,1_4,6.73917526883,-9999.0,-9999.0,-9999.0,38.2150001526,188.525003065444,61.3378931523512,255663.77,673101.0,20,12,38.215
NS57SE_303,1,1_4,6.64633247739,-9999.0,-9999.0,-9999.0,38.4799995422,188.116055033349,60.8677035747331,255662.15,673085.3,20,12,38.48
NS57SE_307,1,1_4,6.91103493842,-9999.0,-9999.0,-9999.0,38.28099823,177.136856361894,56.1524949459589,255689.93,673078.24,28,16,38.281
NS57SE_310,1,1_4,7.52856070645,-9999.0,-9999.0,-9999.0,37.9319992065,174.37663939434,52.8213951049076,255706.61,673076.94,12,8,37.932
NS57SE_313,1,1_4,6.75252209667,-9999.0,-9999.0,-9999.0,37.9379997253,132.291383585168,48.3988708516099,255723.35,673073.99,28,16,37.938
NS57SE_326,1,1_4,6.94680457054,-9999.0,-9999.0,-9999.0,38.2690010071,181.718521965295,55.2396030046999,255648.13,673062.95,20,12,38.269
NS57SE_345,1,1_4,5.53872354056,-9999.0,-9999.0,-9999.0,37.8950004578,271.479512537517,112.735636634077,255708.42,673044.0,44,24,37.895
NS57SE_352,1,1_4,9.38058038935,-9999.0,-9999.0,-9999.0,38.2649993896,317.925331834494,77.0638715027021,255675.75,673042.8,12,8,38.265
NS57SE_354,1,1_4,6.58749395623,-9999.0,-9999.0,-9999.0,38.0870018005,208.823430103213,62.3087179817578,255641.31,673032.23,28,16,38.087
NS57SE_390,1,1_4,4.99691688701,-9999.0,-9999.0,-9999.0,37.9790000916,107.83409240781,41.5373659428354,255653.25,672993.75,12,8,37.979
NS57SE_392,1,1_4,6.18558333137,-9999.0,-9999.0,-9999.0,37.4609985352,104.27043030857,60.4024187350442,255700.56,672987.9,60,32,37.461
NS57SE_423,1,1_4,6.7597787878,-9999.0,-9999.0,-9999.0,37.6749992371,91.8126037491305,46.6033194804725,255659.01,672914.29,20,12,37.675
NS57SE_426,1,1_4,6.38487099277,-9999.0,-9999.0,-9999.0,38.9099998474,150.387177566451,55.0187078611251,255649.43,672904.85,28,16,38.91
NS57SE_447,1,1_4,6.25801847955,-9999.0,-9999.0,-9999.0,37.1619987488,285.313408148712,104.054393513508,255640.97,672882.03,60,32,37.162
NS57SE_481,1,1_4,3.92336908976,-9999.0,-9999.0,-9999.0,61.1059989929,166.582101439818,52.0395997460456,256161.42,672805.05,12,8,61.106
NS57SE_482,1,1_4,2.89347890571,-9999.0,-9999.0,-9999.0,62.65599823,55.9016653376805,31.1745357017915,256139.81,672801.15,12,8,62.656
NS57SE_492,1,1_4,4.73858628081,-9999.0,-9999.0,-9999.0,63.3839988708,337.480877399139,73.5375427937045,256135.13,672780.3,12,8,63.384
NS57SE_494,1,1_4,4.06955170167,-9999.0,-9999.0,-9999.0,60.6119995117,362.735283364137,97.0935723162546,256173.43,672779.62,12,8,60.612
NS57SE_495,1,1_4,6.8641513898,-9999.0,-9999.0,-9999.0,60.25,184.182388045562,56.131431805741,256202.12,672777.11,12,8,60.25
NS57SE_504,1,1_4,3.92042896176,-9999.0,-9999.0,-9999.0,62.1030006409,123.902103484148,49.3138761764005,256164.0,672753.88,12,8,62.103
NS57SE_505,1,1_4,5.22954285914,-9999.0,-9999.0,-9999.0,62.8330001831,192.400309954951,65.0060020317197,256149.89,672754.71,12,8,62.833
NS57SE_523,1,1_4,4.98105302309,-9999.0,-9999.0,-9999.0,66.4850006104,386.692931925371,96.5818723018703,256120.18,672728.38,12,8,66.485
NS57SE_535,1,1_4,4.41306798999,-9999.0,-9999.0,-9999.0,51.5109481812,251.372032356669,93.762489066164,255738.95,672695.25,52,28,51.511
NS57SE_552,1,1_4,6.70736233471,-9999.0,-9999.0,-9999.0,64.7600021362,619.955928338242,108.079140659827,256140.93,672680.51,12,8,64.76
NS57SE_555,1,1_4,4.74196289652,-9999.0,-9999.0,-9999.0,61.5890007019,3157.56512930327,297.041502201999,256173.62,672698.24,64,36,61.589
NS57SE_122,1,1_5,9.683050584,-9999.0,-9999.0,-9999.0,36.9070014954,3462.27876798563,308.19755863646,255737.16,673338.32,100,50,36.907
NS57SE_164,1,1_5,6.78290676426,-9999.0,-9999.0,-9999.0,37.6609992981,133.246999308585,48.667633028252,255682.67,673263.42,28,16,37.661
NS57SE_183,1,1_5,9.56405262876,-9999.0,-9999.0,-9999.0,37.3450012207,291.303732244212,74.5638144047687,255748.93,673258.46,12,8,37.345
NS57SE_186,1,1_5,6.98372587334,-9999.0,-9999.0,-9999.0,37.6990013123,125.714390512744,45.9066859270232,255687.15,673248.87,20,12,37.699
NS57SE_187,1,1_5,9.47951096653,-9999.0,-9999.0,-9999.0,37.4679985046,438.695881846265,99.9236348610494,255717.24,673259.87,12,8,37.468
NS57SE_190,1,1_5,6.75575179767,-9999.0,-9999.0,-9999.0,37.6629981995,135.574128374799,49.0795198175439,255660.47,673246.38,28,16,37.663
NS57SE_199,1,1_5,7.49086639493,-9999.0,-9999.0,-9999.0,37.5089988708,177.70933192018,53.3231498504919,255645.31,673239.49,12,8,37.509
NS57SE_203,1,1_5,7.29349872335,-9999.0,-9999.0,-9999.0,37.4459991455,191.340620477733,57.6952687891769,255629.38,673233.54,20,12,37.446
NS57SE_204,1,1_5,6.72372739195,-9999.0,-9999.0,-9999.0,37.65599823,133.672263421234,48.7550611474719,255693.36,673232.71,28,16,37.656
NS57SE_215,1,1_5,6.8730306612,-9999.0,-9999.0,-9999.0,37.4947128296,183.481785928117,58.0352084042927,255742.44,673219.94,36,20,37.495
NS57SE_220,1,1_5,7.50838160762,-9999.0,-9999.0,-9999.0,37.6479988098,174.81456415692,52.8877422274227,255726.67,673213.87,12,8,37.648
NS57SE_221,1,1_5,6.83574765452,-9999.0,-9999.0,-9999.0,37.7560005188,183.04396164963,56.5661102317313,255670.56,673212.7,28,16,37.756
NS57SE_223,1,1_5,7.48455356787,-9999.0,-9999.0,-9999.0,37.7519989014,177.708141320598,53.3229712261615,255654.75,673207.54,12,8,37.752
NS57SE_226,1,1_5,6.60556061977,-9999.0,-9999.0,-9999.0,37.8660011292,196.636064377291,62.2438513888876,255713.3,673205.87,20,12,37.866
NS57SE_229,1,1_5,7.41238749813,-9999.0,-9999.0,-9999.0,37.7719993591,180.398868807385,53.7251707184243,255639.57,673202.21,12,8,37.772
NS57SE_236,1,1_5,6.47564008081,-9999.0,-9999.0,-9999.0,37.8100013733,160.103905905542,55.4627199979491,255740.82,673188.41,20,12,37.81
NS57SE_238,1,1_5,9.46466149051,-9999.0,-9999.0,-9999.0,38.0789985657,318.327580242173,77.6905511316052,255694.19,673187.12,20,12,38.079
NS57SE_242,1,1_5,6.42603776003,-9999.0,-9999.0,-9999.0,37.9140014648,164.013258734245,56.2798989678253,255659.06,673178.1,20,12,37.914
NS57SE_244,1,1_5,6.17976841222,-9999.0,-9999.0,-9999.0,37.7319984436,106.573357625647,41.2937540997956,255731.15,673175.32,12,8,37.732
NS57SE_245,1,1_5,5.69617603921,-9999.0,-9999.0,-9999.0,37.6370010376,75.0680734200751,34.9435301855786,255635.37,673172.21,12,8,37.637
NS57SE_247,1,1_5,3.30405459273,-9999.0,-9999.0,-9999.0,37.6800003052,58.7325374991001,30.7534407376349,255719.61,673168.84,12,8,37.68
NS57SE_250,1,1_5,6.39946679404,-9999.0,-9999.0,-9999.0,38.091999054,163.121220913961,56.0798069983062,255663.14,673164.66,20,12,38.092
NS57SE_252,1,1_5,6.16817624361,-9999.0,-9999.0,-9999.0,37.6769981384,105.71989893143,41.1282935097891,255729.31,673160.55,12,8,37.677
NS57SE_256,1,1_5,6.65769199056,-9999.0,-9999.0,-9999.0,37.6819992065,167.586532750254,52.1670653916201,255630.38,673155.13,12,8,37.682
NS57SE_261,1,1_5,7.02152283465,-9999.0,-9999.0,-9999.0,38.2309989929,126.47193396069,45.9741661498677,255666.89,673147.08,20,12,38.231
NS57SE_266,1,1_5,6.69906937806,-9999.0,-9999.0,-9999.0,38.1599998474,374.636966290768,117.017796100711,255698.7,673151.44,60,32,38.16
NS57SE_267,1,1_5,6.75265259278,-9999.0,-9999.0,-9999.0,37.7109985352,169.192626789129,56.7046945395955,255726.93,673138.4,36,20,37.711
NS57SE_271,1,1_5,6.55818414984,-9999.0,-9999.0,-9999.0,37.7389984131,207.952513196095,60.5311442346808,255630.73,673136.67,20,12,37.739
NS57SE_273,1,1_5,7.25208598761,-9999.0,-9999.0,-9999.0,38.2080001831,144.535830587463,48.089372933335,255667.47,673131.54,12,8,38.208
NS57SE_43,1,1_5,2.48607355869,-9999.0,-9999.0,-9999.0,37.4070014954,58.4740559267832,31.9526635901218,255638.39,673419.54,12,8,37.407
NS57SE_51,1,1_5,6.47312728102,-9999.0,-9999.0,-9999.0,37.1139984131,2644.30367960831,239.799752875874,255740.02,673420.14,28,16,37.114
NS57SE_82,1,1_5,3.30321559809,-9999.0,-9999.0,-9999.0,37.4090003967,100.886182656341,40.2174703176509,255776.0,673342.37,12,8,37.409
NS57SE_2266,1,2_0,4.98930636319,-9999.0,-9999.0,-9999.0,35.0089988708,166.132570708462,71.2660089248647,256540.65,670598.13,44,24,35.009
NS57SE_2270,1,2_0,6.06939066107,-9999.0,-9999.0,-9999.0,34.4510002136,140.47092595743,47.9488431827053,256522.09,670589.4,12,8,34.451
NS57SE_2272,1,2_0,6.2087943945,-9999.0,-9999.0,-9999.0,34.1189994812,116.898033788186,44.4052691576233,256506.41,670589.52,20,12,34.119
NS57SE_2278,1,2_0,3.06597959995,-9999.0,-9999.0,-9999.0,37.0670013428,49.2205387495722,28.4469842226431,256643.84,670583.21,12,8,37.067
NS57SE_2279,1,2_0,6.37282353244,-9999.0,-9999.0,-9999.0,35.0149993896,106.429551153487,41.3055704012929,256547.34,670582.27,12,8,35.015
NS57SE_2282,1,2_0,3.03284844255,-9999.0,-9999.0,-9999.0,34.1300010681,62.7484619615599,31.7079641358375,256499.88,670575.82,12,8,34.13
NS57SE_2284,1,2_0,6.24385074317,-9999.0,-9999.0,-9999.0,37.0060005188,113.68105713905,43.4807990377987,256654.68,670576.73,12,8,37.006
NS57SE_2285,1,2_0,5.65880529679,-9999.0,-9999.0,-9999.0,36.6479988098,105.321081182709,41.0709608677323,256632.25,670573.05,12,8,36.648
NS57SE_2287,1,2_0,5.89731215044,-9999.0,-9999.0,-9999.0,35.4920005798,140.25888311562,47.8144437160887,256573.17,670573.8,12,8,35.492
NS57SE_2292,1,2_0,5.54075041814,-9999.0,-9999.0,-9999.0,36.5219993591,139.443405633481,50.1176043098556,256618.61,670569.87,20,12,36.522
NS57SE_2294,1,2_0,5.68106871105,-9999.0,-9999.0,-9999.0,34.9039993286,133.265343789327,48.7190671465468,256543.32,670567.12,20,12,34.904
NS57SE_2297,1,2_0,6.14342722803,-9999.0,-9999.0,-9999.0,36.5419998169,113.229040924688,42.5976049186713,256651.34,670561.82,12,8,36.542
NS57SE_2300,1,2_0,5.88183880105,-9999.0,-9999.0,-9999.0,37.5740013123,99.2296946727303,39.8491062024001,256700.56,670558.27,12,8,37.574
NS57SE_2301,1,2_0,5.67137340902,-9999.0,-9999.0,-9999.0,37.1479988098,130.990669910197,49.9853566054904,256686.93,670560.07,20,12,37.148
NS57SE_2302,1,2_0,6.32936668396,-9999.0,-9999.0,-9999.0,35.3540000916,109.877578225583,44.105846910334,256574.44,670557.76,20,12,35.354
NS57SE_2305,1,2_0,6.34984053506,-9999.0,-9999.0,-9999.0,36.8829994202,110.149578534155,44.4751021618406,256673.82,670556.99,20,12,36.883
NS57SE_2306,1,2_0,5.8139604549,-9999.0,-9999.0,-9999.0,37.8059997559,102.012304131361,40.4064144599683,256713.68,670555.84,12,8,37.806
NS57SE_2307,1,2_0,5.03312010579,-9999.0,-9999.0,-9999.0,34.0149993896,161.013661364979,71.098165764032,256506.18,670560.0,36,20,34.015
NS57SE_2309,1,2_0,5.7530101884,-9999.0,-9999.0,-9999.0,38.1689987183,101.228097014009,40.2558375347788,256726.08,670552.52,12,8,38.169
NS57SE_2310,1,2_0,6.29438962577,-9999.0,-9999.0,-9999.0,34.7833328247,109.032513001578,44.2339484468905,256546.78,670552.35,20,12,34.783
NS57SE_2311,1,2_0,6.4452917099,-9999.0,-9999.0,-9999.0,38.2923355103,107.662825685784,43.8723054021527,256740.11,670549.76,20,12,38.292
NS57SE_2312,1,2_0,5.79339497499,-9999.0,-9999.0,-9999.0,36.4119987488,102.065387830867,40.4217089250259,256654.47,670549.12,12,8,36.412
NS57SE_2315,1,2_0,5.6170379022,-9999.0,-9999.0,-9999.0,38.1220016479,137.331536156521,49.4044349829421,256754.25,670544.75,20,12,38.122
NS57SE_2316,1,2_0,5.72242827268,-9999.0,-9999.0,-9999.0,33.7989997864,153.316894869598,54.1485288288266,256507.14,670540.95,20,12,33.799
NS57SE_2317,1,2_0,5.93770201157,-9999.0,-9999.0,-9999.0,38.2379989624,112.190140982978,43.2197599188468,256768.5,670540.08,20,12,38.238
NS57SE_2319,1,2_0,5.47869914006,-9999.0,-9999.0,-9999.0,38.7130012512,163.046456803434,56.4581260479858,256784.09,670538.71,28,16,38.713
NS57SE_2320,1,2_0,5.674300691,-9999.0,-9999.0,-9999.0,36.016998291,152.794114775488,50.3297050232616,256619.48,670538.96,12,8,36.017
NS57SE_2321,1,2_0,5.32808843821,-9999.0,-9999.0,-9999.0,39.2490005493,271.613012048708,101.394484117715,256821.47,670544.28,52,28,39.249
NS57SE_2322,1,2_0,5.66478931757,-9999.0,-9999.0,-9999.0,35.5750007629,105.345402214423,41.0628653681788,256589.88,670534.69,12,8,35.575
NS57SE_2323,1,2_0,5.73364656155,-9999.0,-9999.0,-9999.0,38.9459991455,134.031993323861,48.8568050573807,256801.1,670535.32,20,12,38.946
NS57SE_2324,1,2_0,5.8936784587,-9999.0,-9999.0,-9999.0,36.4599990845,101.665042105692,40.3375978920261,256688.42,670529.46,12,8,36.46
NS57SE_2325,1,2_0,5.91900471555,-9999.0,-9999.0,-9999.0,35.9039993286,102.714319359567,40.540724357038,256656.38,670524.43,12,8,35.904
NS57SE_2326,1,2_0,5.86140138359,-9999.0,-9999.0,-9999.0,35.6440010071,143.43603621213,48.3989590420066,256623.19,670522.14,12,8,35.644
NS57SE_2327,1,2_0,5.81484969887,-9999.0,-9999.0,-9999.0,35.4959983826,132.75872094862,48.6687361951492,256592.44,670520.59,20,12,35.496
NS57SE_2330,1,2_0,5.42527394211,-9999.0,-9999.0,-9999.0,36.1790008545,144.953630578783,50.1222521702661,256687.73,670515.38,20,12,36.179
NS57SE_2333,1,2_0,6.14616172372,-9999.0,-9999.0,-9999.0,33.9290008545,223.648449448006,72.1877534693902,256506.47,670519.52,28,16,33.929
NS57SE_2334,1,2_0,6.26030062234,-9999.0,-9999.0,-9999.0,35.5989990234,107.574877993416,41.5370548795103,256658.53,670511.57,12,8,35.599
NS57SE_2335,1,2_0,5.89488945419,-9999.0,-9999.0,-9999.0,39.4039993286,143.401012029898,48.4454468867924,256823.99,670505.32,12,8,39.404
NS57SE_2336,1,2_0,5.64568747946,-9999.0,-9999.0,-9999.0,35.5299987793,149.915179361951,52.3624430756627,256625.54,670504.62,20,12,35.53
NS57SE_2337,1,2_0,6.14626716271,-9999.0,-9999.0,-9999.0,39.641998291,111.184968204302,42.2024640295055,256809.44,670502.4,12,8,39.642
NS57SE_2338,1,2_0,5.95952324344,-9999.0,-9999.0,-9999.0,39.6189994812,262.338123946596,94.287886282303,256851.1,670510.49,44,24,39.619
NS57SE_2339,1,2_0,6.09496303929,-9999.0,-9999.0,-9999.0,38.6450004578,116.919095336296,45.6935664223696,256780.34,670500.75,20,12,38.645
NS57SE_2340,1,2_0,6.40348331815,-9999.0,-9999.0,-9999.0,39.8079986572,109.060861456121,44.4578745121755,256795.69,670500.58,20,12,39.808
NS57SE_2341,1,2_0,6.36785467986,-9999.0,-9999.0,-9999.0,35.6730003357,109.235496397248,44.3138804598589,256603.29,670500.08,20,12,35.673
NS57SE_2342,1,2_0,6.22156543176,-9999.0,-9999.0,-9999.0,35.513999939,107.830496724615,41.5777450888883,256589.95,670498.5,12,8,35.514
NS57SE_2344,1,2_0,5.74674034855,-9999.0,-9999.0,-9999.0,38.3269996643,131.86605560746,48.5544401652234,256765.64,670498.12,20,12,38.327
NS57SE_2345,1,2_0,5.98577073166,-9999.0,-9999.0,-9999.0,33.8059997559,137.38146727143,47.3794964717809,256502.22,670498.65,12,8,33.806
NS57SE_2346,1,2_0,6.24803985666,-9999.0,-9999.0,-9999.0,35.8390007019,111.981974592549,44.596083039026,256659.74,670497.82,20,12,35.839
NS57SE_2347,1,2_0,5.83773337523,-9999.0,-9999.0,-9999.0,35.1220016479,210.993944264167,66.5475772907946,256568.74,670498.77,28,16,35.122
NS57SE_2349,1,2_0,2.69410257754,-9999.0,-9999.0,-9999.0,38.4659996033,29.1046387487232,21.5960886623383,256770.9,670489.46,12,8,38.466
NS57SE_2350,1,2_0,6.12722280751,-9999.0,-9999.0,-9999.0,36.5760002136,99.7139774600317,42.1417195082332,256719.16,670490.32,20,12,36.576
NS57SE_2351,1,2_0,5.70483600955,-9999.0,-9999.0,-9999.0,37.3520011902,134.787577710681,48.9330588836949,256733.95,670490.85,20,12,37.352
NS57SE_2353,1,2_0,5.24908480908,-9999.0,-9999.0,-9999.0,37.8709983826,171.670653225545,58.2730538597732,256750.07,670492.38,20,12,37.871
NS57SE_2357,1,2_0,5.5544295284,-9999.0,-9999.0,-9999.0,36.2529983521,330.787041814344,94.2432557396524,256688.32,670492.61,28,16,36.253
NS57SE_2358,1,2_0,6.29361481502,-9999.0,-9999.0,-9999.0,33.7869987488,109.937037139297,41.9523986847552,256502.41,670483.09,12,8,33.787
NS57SE_2361,1,2_0,3.00839452452,-9999.0,-9999.0,-9999.0,36.2089996338,117.777486907282,45.0217792705221,256710.43,670471.76,12,8,36.209
NS57SE_2363,1,2_0,6.29429753908,-9999.0,-9999.0,-9999.0,36.0970001221,115.513411503919,43.7642222438504,256693.33,670471.78,12,8,36.097
NS57SE_2365,1,2_0,6.05852342241,-9999.0,-9999.0,-9999.0,35.5099983215,235.213100240551,83.3402069909711,256627.12,670469.85,32,18,35.51
NS57SE_2366,1,2_0,5.64112061499,-9999.0,-9999.0,-9999.0,33.7340011597,138.559096157047,50.27582494298,256500.43,670469.4,28,16,33.734
NS57SE_2367,1,2_0,6.39747553052,-9999.0,-9999.0,-9999.0,35.4469985962,108.763781239137,43.9910866233057,256606.51,670465.98,20,12,35.447
NS57SE_2368,1,2_0,5.80609041873,-9999.0,-9999.0,-9999.0,35.3870010376,279.963720491831,89.255971039046,256663.66,670475.53,36,20,35.387
NS57SE_2369,1,2_0,5.82447622697,-9999.0,-9999.0,-9999.0,35.2729988098,99.1052645459078,39.8378964523434,256593.19,670465.16,12,8,35.273
NS57SE_2370,1,2_0,6.4170067864,-9999.0,-9999.0,-9999.0,34.8629989624,108.773024207832,44.2103909579806,256559.09,670463.71,20,12,34.863
NS57SE_2371,1,2_0,6.31111684888,-9999.0,-9999.0,-9999.0,35.09400177,107.722617551048,42.307672506525,256580.46,670462.95,20,12,35.094
NS57SE_2375,1,2_0,5.83971102621,-9999.0,-9999.0,-9999.0,33.5569992065,101.209192573376,40.2448440422454,256497.02,670455.37,12,8,33.557
NS57SE_2378,1,2_0,6.32137942533,-9999.0,-9999.0,-9999.0,34.7270011902,112.997453630836,43.4026710117656,256559.1,670449.54,12,8,34.727
NS57SE_2381,1,2_0,3.12735604598,-9999.0,-9999.0,-9999.0,34.1399993896,58.8214543305611,32.6719830418845,256545.64,670443.96,20,12,34.14
NS57SE_2383,1,2_0,12.39629181,-9999.0,-9999.0,-9999.0,43.2840003967,393.487449881629,82.1895042678346,256857.37,670437.01,20,12,43.284
NS57SE_2385,1,2_0,12.4898775635,-9999.0,-9999.0,-9999.0,42.2900009155,382.533309241483,82.8279418097916,256815.06,670429.72,28,16,42.29
NS57SE_2386,1,2_0,4.72413486746,-9999.0,-9999.0,-9999.0,32.1790008545,208.406344388683,60.8950570514578,256344.3,670427.59,20,12,32.179
NS57SE_2387,1,2_0,9.48167672564,-9999.0,-9999.0,-9999.0,38.2550010681,633.106724735982,146.292844453107,256761.04,670418.13,16,10,38.255
NS57SE_2390,1,2_0,9.46827964712,-9999.0,-9999.0,-9999.0,36.1809997559,425.752446462335,107.355251938761,256701.3,670407.27,20,12,36.181
NS57SE_2397,1,2_0,5.40873814561,-9999.0,-9999.0,-9999.0,32.2949981689,2286.74741212167,330.047192611795,256395.86,670413.35,84,44,32.295
NS57SE_2399,1,2_0,6.55583536264,-9999.0,-9999.0,-9999.0,41.4490013123,203.95209090099,60.377134137039,256817.48,670388.68,12,8,41.449
NS57SE_2400,1,2_0,9.77204485593,-9999.0,-9999.0,-9999.0,36.9609985352,218.120362928102,63.5893033496244,256724.79,670381.17,12,8,36.961
NS57SE_2401,1,2_0,8.61143892851,-9999.0,-9999.0,-9999.0,30.5340003967,1499.81501140362,168.371361789566,256257.18,670388.65,28,16,30.534
NS57SE_2403,1,2_0,9.16025831044,-9999.0,-9999.0,-9999.0,42.0890007019,339.810865604575,101.50080058195,256858.05,670381.27,44,24,42.089
NS57SE_2404,1,2_0,6.35029701712,-9999.0,-9999.0,-9999.0,38.8460006714,458.726105369043,110.330779839579,256786.22,670375.93,12,8,38.846
NS57SE_2407,1,2_0,12.5360095265,-9999.0,-9999.0,-9999.0,35.3530006409,327.01008150702,72.4400447752308,256675.3,670369.03,12,8,35.353
NS57SE_2411,1,2_0,9.50186616714,-9999.0,-9999.0,-9999.0,36.3619995117,218.415803826877,63.5671799042055,256710.5,670361.12,16,10,36.362
NS57SE_2414,1,2_0,9.37254189767,-9999.0,-9999.0,-9999.0,38.2779998779,220.330513324766,64.1609576271735,256776.67,670348.12,16,10,38.278
NS57SE_2415,1,2_0,9.41438602336,-9999.0,-9999.0,-9999.0,37.7140007019,529.055280223445,141.881918793377,256751.3,670361.17,44,24,37.714
NS57SE_2416,1,2_0,9.28939682392,-9999.0,-9999.0,-9999.0,40.8619995117,425.978009351405,105.087145403732,256859.87,670349.05,16,10,40.862
NS57SE_2420,1,2_0,6.54088802983,-9999.0,-9999.0,-9999.0,36.1489982605,266.131572581597,73.0426073182743,256711.95,670332.79,12,8,36.149
NS57SE_2427,1,2_0,12.7972704341,-9999.0,-9999.0,-9999.0,35.0530014038,382.267316312527,82.3474901542051,256661.62,670323.21,28,16,35.053
NS57SE_2431,1,2_0,9.68554560046,-9999.0,-9999.0,-9999.0,37.7529983521,323.948279018156,100.544286521601,256757.86,670317.96,44,24,37.753
NS57SE_2434,1,2_0,6.62185246469,-9999.0,-9999.0,-9999.0,36.9729995728,260.032381140735,72.1344220976337,256729.07,670308.97,12,8,36.973
NS57SE_2435,1,2_0,6.57625040801,-9999.0,-9999.0,-9999.0,36.3190002441,388.517413435079,97.54487348391,256695.48,670302.09,12,8,36.319
NS57SE_2436,1,2_0,6.57651265262,-9999.0,-9999.0,-9999.0,37.2820014954,326.101549736733,84.8270979850164,256745.84,670284.81,12,8,37.282
NS57SE_2440,1,2_0,9.62048786695,-9999.0,-9999.0,-9999.0,38.7080001831,628.029192223296,150.766482257652,256791.34,670305.62,28,16,38.708
NS57SE_2441,1,2_0,12.4868829148,-9999.0,-9999.0,-9999.0,35.1790008545,323.479791292936,72.031799575601,256653.25,670280.51,12,8,35.179
NS57SE_2445,1,2_0,9.48434599194,-9999.0,-9999.0,-9999.0,40.4430007935,1292.22489294763,311.954700894334,256863.01,670295.62,112,58,40.443
NS57SE_2448,1,2_0,9.65057858864,-9999.0,-9999.0,-9999.0,39.4430007935,432.276090685903,105.673820760833,256823.02,670279.27,16,10,39.443
NS57SE_2453,1,2_0,12.5090451704,-9999.0,-9999.0,-9999.0,36.3030014038,381.022220468009,80.3494816225549,256686.35,670257.08,20,12,36.303
NS57SE_2455,1,2_0,7.27449857187,-9999.0,-9999.0,-9999.0,32.8930015564,4948.67916894603,552.525055997029,256539.41,670286.64,172,88,32.893
NS57SE_2457,1,2_0,12.8884435982,-9999.0,-9999.0,-9999.0,36.7560005188,324.161982620504,72.1031929530465,256734.49,670247.77,12,8,36.756
NS57SE_2458,1,2_0,12.4710170708,-9999.0,-9999.0,-9999.0,38.2980003357,383.412092589401,82.6673174137347,256779.18,670243.03,28,16,38.298
NS57SE_2459,1,2_0,12.5917934321,-9999.0,-9999.0,-9999.0,39.9840011597,324.050708361817,72.0796213342703,256841.74,670241.7,12,8,39.984
NS57SE_2468,1,2_0,2.98757514803,-9999.0,-9999.0,-9999.0,35.2960014343,136.266418987282,50.1313811613016,256749.53,670196.18,32,18,35.296
NS57SE_2471,1,2_0,7.08011785959,-9999.0,-9999.0,-9999.0,36.3250007629,269.416165503267,73.2294810076237,256438.91,670193.22,16,10,36.325
NS57SE_2472,1,2_0,12.3192725284,-9999.0,-9999.0,-9999.0,34.2719993591,325.645232715662,72.2811955228769,256513.99,670190.94,12,8,34.272
NS57SE_2474,1,2_0,6.53689615006,-9999.0,-9999.0,-9999.0,34.6349983215,329.050551811175,85.1912404018529,256642.89,670193.98,12,8,34.635
NS57SE_2475,1,2_0,12.4835613205,-9999.0,-9999.0,-9999.0,34.1650009155,329.948874567208,73.4396580052566,256549.71,670187.75,20,12,34.165
NS57SE_2476,1,2_0,12.3883313049,-9999.0,-9999.0,-9999.0,35.3190002441,325.131490282378,72.2704523293619,256471.1,670186.99,12,8,35.319
NS57SE_2478,1,2_0,6.27231473305,-9999.0,-9999.0,-9999.0,34.4739990234,548.684140543905,124.275829735411,256702.93,670193.69,12,8,34.474
NS57SE_2486,1,2_0,6.62054462499,-9999.0,-9999.0,-9999.0,34.4510002136,533.061230224454,123.143226797492,256676.84,670166.12,12,8,34.451
NS57SE_2487,1,2_0,7.23557208815,-9999.0,-9999.0,-9999.0,35.9739990234,517.151926600297,122.25182663121,256516.07,670152.0,16,10,35.974
NS57SE_2488,1,2_0,6.53369134802,-9999.0,-9999.0,-9999.0,34.0769996643,801.827457898888,173.927699038583,256626.55,670169.31,12,8,34.077
NS57SE_2489,1,2_0,6.38519716602,-9999.0,-9999.0,-9999.0,34.8650016785,471.832125299984,111.163048514896,256581.85,670156.61,12,8,34.865
NS57SE_2491,1,2_0,3.49051437597,-9999.0,-9999.0,-9999.0,35.4329986572,2102.61119517665,296.715439643736,256794.63,670168.89,92,48,35.433
NS57SE_2494,1,2_0,7.04278669328,-9999.0,-9999.0,-9999.0,38.1949996948,493.304222392039,127.026969788241,256445.79,670151.48,32,18,38.195
NS57SE_2498,1,2_0,6.29439730037,-9999.0,-9999.0,-9999.0,34.4990005493,261.561590456613,72.1448101448973,256667.53,670135.26,12,8,34.499
NS57SE_2500,1,2_0,6.44013358354,-9999.0,-9999.0,-9999.0,34.9420013428,457.228228081092,110.582369213507,256620.32,670129.61,12,8,34.942
NS57SE_2501,1,2_0,12.611037119,-9999.0,-9999.0,-9999.0,40.2379989624,322.754987769003,71.915939839992,256433.26,670122.0,12,8,40.238
NS57SE_2505,1,2_0,6.42744240951,-9999.0,-9999.0,-9999.0,36.5970001221,525.118942536947,123.439549880071,256576.01,670127.23,12,8,36.597
NS57SE_2507,1,2_0,7.10563800089,-9999.0,-9999.0,-9999.0,38.1230010986,510.781185177241,122.049249231414,256500.31,670118.17,16,10,38.123
NS57SE_2508,1,2_0,6.762771724,-9999.0,-9999.0,-9999.0,37.9510002136,258.879802901984,71.7538606420069,256541.36,670114.08,16,10,37.951
NS57SE_2514,1,2_0,3.52763474452,-9999.0,-9999.0,-9999.0,39.5410003662,77.1338287529543,37.2543154898553,256491.36,670099.78,12,8,39.541
NS57SE_2518,1,2_0,12.5299833822,-9999.0,-9999.0,-9999.0,34.9099998474,324.029933800624,72.0776925004507,256690.99,670097.62,12,8,34.91
NS57SE_2521,1,2_0,6.52720407515,-9999.0,-9999.0,-9999.0,35.9900016785,780.745509606684,177.947928302824,256613.51,670092.04,28,16,35.99
NS57SE_2522,1,2_0,6.53684709519,-9999.0,-9999.0,-9999.0,38.2210006714,453.16501915039,110.271408911428,256551.93,670084.27,12,8,38.221
NS57SE_2527,1,2_0,9.31546105244,-9999.0,-9999.0,-9999.0,34.1329994202,622.775683442253,148.017665313568,256749.62,670086.16,24,14,34.133
NS57SE_2533,1,2_0,9.35128048633,-9999.0,-9999.0,-9999.0,39.6040000916,1064.7201536196,264.22200325988,256451.25,670075.54,80,42,39.604
NS57SE_2534,1,2_0,12.5929885125,-9999.0,-9999.0,-9999.0,39.6879997253,321.762825105718,71.8279631573692,256507.49,670059.88,12,8,39.688
NS57SE_2538,1,2_0,6.84643338105,-9999.0,-9999.0,-9999.0,34.9269981384,507.097969057832,121.501392326519,256736.1,670059.69,16,10,34.927
NS57SE_2545,1,2_0,9.3203230667,-9999.0,-9999.0,-9999.0,36.6920013428,1525.12764592007,350.637503419006,256587.85,670046.51,100,52,36.692
NS57SE_2546,1,2_0,12.5284326315,-9999.0,-9999.0,-9999.0,36.0260009766,326.870703823607,72.4005002398574,256714.15,670035.13,12,8,36.026
NS57SE_2552,1,2_0,9.46490691338,-9999.0,-9999.0,-9999.0,38.4189987183,418.768703974041,105.281996799853,256606.3,670020.1,20,12,38.419
NS57SE_2553,1,2_0,5.67447538996,-9999.0,-9999.0,-9999.0,37.2729988098,147.339271968005,53.104407252221,256874.11,670021.28,28,16,37.273
NS57SE_2557,1,2_0,6.8566150147,-9999.0,-9999.0,-9999.0,36.2060012817,849.630900044272,207.225065407398,256673.1,670046.54,48,26,36.206
NS57SE_2566,1,2_0,6.16137386686,-9999.0,-9999.0,-9999.0,41.2130012512,103.352564793762,40.6710610232824,256515.46,670014.42,12,8,41.213
NS57SE_2115,1,2_1,4.65415105224,-9999.0,-9999.0,-9999.0,30.7719993591,69.7908156798908,33.417723116938,256255.73,670845.11,12,8,30.772
NS57SE_2229,1,2_1,3.92832778381,-9999.0,-9999.0,-9999.0,41.3913764954,30.1925400013793,22.1971937867757,256828.62,670648.31,12,8,41.391
NS57SE_2232,1,2_1,5.28417935792,-9999.0,-9999.0,-9999.0,41.5390014648,140.671763322558,52.8974197665819,256847.42,670647.49,12,8,41.539
NS57SE_2248,1,2_1,5.97503465211,-9999.0,-9999.0,-9999.0,42.8870010376,299.142115357776,82.3135202017551,256781.02,670628.82,32,18,42.887
NS57SE_1038,1,2_2,2.84974490609,-9999.0,-9999.0,-9999.0,34.5660018921,79.7742833453626,36.5794823959035,256632.88,671856.41,12,8,34.566
NS57SE_1049,1,2_2,4.29475554867,-9999.0,-9999.0,-9999.0,33.7779998779,211.513157532184,77.3215137429712,256646.64,671849.84,44,24,33.778
NS57SE_1192,1,2_2,2.82725854069,-9999.0,-9999.0,-9999.0,33.9510002136,176.291340570581,84.125090509536,256613.31,671670.74,52,28,33.951
NS57SE_1196,1,2_2,1.69447099639,-9999.0,-9999.0,-9999.0,35.766998291,57.4311699205496,43.0685933742218,256597.81,671666.8,8,6,35.767
NS57SE_1198,1,2_2,3.48835636321,-9999.0,-9999.0,-9999.0,33.5719985962,119.312563754618,46.7887527348551,256631.58,671665.57,12,8,33.572
NS57SE_1207,1,2_2,2.67536816435,-9999.0,-9999.0,-9999.0,33.8629989624,84.937598830722,39.3033668610849,256629.37,671647.61,12,8,33.863
NS57SE_1281,1,2_2,3.5530867691,-9999.0,-9999.0,-9999.0,33.6230010986,127.363084647661,45.41575201266,256684.5,671576.96,12,8,33.623
NS57SE_1291,1,2_2,3.99024006803,-9999.0,-9999.0,-9999.0,33.7560005188,318.906636517586,82.9389323189538,256664.97,671576.55,20,12,33.756
NS57SE_808,1,2_3,2.96943598002,-9999.0,-9999.0,-9999.0,38.0209999084,85.065803739274,38.4686567037475,256801.75,672159.29,12,8,38.021
NS57SE_813,1,2_3,5.98550950034,-9999.0,-9999.0,-9999.0,39.8059997559,165.674181613929,55.4654131931701,256765.17,672153.22,12,8,39.806
NS57SE_814,1,2_3,2.47613404502,-9999.0,-9999.0,-9999.0,36.8559989929,75.8329369151733,39.3740879463786,256832.77,672153.41,28,16,36.856
NS57SE_818,1,2_3,2.58037595749,-9999.0,-9999.0,-9999.0,39.0849990845,41.5109812522061,29.1784837177502,256788.42,672150.82,12,8,39.085
NS57SE_834,1,2_3,3.32231631612,-9999.0,-9999.0,-9999.0,36.1409988403,274.526033734127,79.9174382869168,256847.84,672133.67,52,28,36.141
NS57SE_839,1,2_3,4.62905122328,-9999.0,-9999.0,-9999.0,39.1189994812,199.048774382199,56.5741377952365,256797.51,672120.67,12,8,39.119
NS57SE_852,1,2_3,4.36607170276,-9999.0,-9999.0,-9999.0,40.311000824,849.383843412746,225.703219662109,256751.94,672121.23,92,48,40.311
NS57SE_855,1,2_3,5.38100335884,-9999.0,-9999.0,-9999.0,38.6940002441,158.197535441252,54.7644184399803,256790.3,672106.01,16,10,38.694
NS57SE_933,1,2_3,5.08177995493,-9999.0,-9999.0,-9999.0,37.4350013733,262.274469374601,93.2714321986258,256656.25,671993.27,44,24,37.435
NS57SE_943,1,2_3,2.83870535216,-9999.0,-9999.0,-9999.0,36.5870018005,100.051695905767,40.0271768414138,256669.86,671971.99,12,8,36.587
NS57SE_947,1,2_3,4.09729869422,-9999.0,-9999.0,-9999.0,35.2589988708,239.548002816867,75.1385446047668,256688.45,671973.69,36,20,35.259
NS57SE_963,1,2_3,4.1180774325,-9999.0,-9999.0,-9999.0,34.6010017395,231.025147156626,74.6186393767602,256672.83,671953.07,28,16,34.601
NS57SE_512,1,2_4,3.76644321324,-9999.0,-9999.0,-9999.0,55.2019996643,244.646051525524,72.5652992856389,256296.54,672741.35,28,16,55.202
NS57SE_63,1,2_5,3.60291344611,-9999.0,-9999.0,-9999.0,37.9920005798,254.594755631502,85.4537245344039,256719.02,673384.58,28,16,37.992
NS57SE_2264,1,3_0,5.74935366115,-9999.0,-9999.0,-9999.0,48.6170005798,133.369903089258,49.0410092899887,256975.49,670599.43,20,12,48.617
NS57SE_2274,1,3_0,6.24779920854,-9999.0,-9999.0,-9999.0,48.9729995728,116.04619475529,43.4657026850795,256988.06,670589.74,12,8,48.973
NS57SE_2293,1,3_0,4.80650837552,-9999.0,-9999.0,-9999.0,47.6139984131,197.003684018958,65.0171271424113,256971.9,670570.49,28,16,47.614
NS57SE_2295,1,3_0,6.295322065,-9999.0,-9999.0,-9999.0,46.7490005493,110.483684197133,44.364010522929,256953.23,670563.96,20,12,46.749
NS57SE_2314,1,3_0,5.45888715577,-9999.0,-9999.0,-9999.0,45.53099823,296.445840217381,117.81500621385,256932.86,670554.6,44,24,45.531
NS57SE_2328,1,3_0,6.24560924596,-9999.0,-9999.0,-9999.0,44.8219985962,108.420334268793,41.7517988974096,256917.81,670517.53,12,8,44.822
NS57SE_2329,1,3_0,5.82184358261,-9999.0,-9999.0,-9999.0,45.408000946,142.243579844854,48.2112847931372,256932.88,670515.62,12,8,45.408
NS57SE_2331,1,3_0,5.73112695731,-9999.0,-9999.0,-9999.0,46.6220016479,130.147810280286,48.2585566920106,256963.59,670514.6,20,12,46.622
NS57SE_2332,1,3_0,4.78977983481,-9999.0,-9999.0,-9999.0,47.2410011292,162.963320046127,74.2952992933384,256983.67,670517.04,32,18,47.241
NS57SE_2354,1,3_0,5.38507214062,-9999.0,-9999.0,-9999.0,43.4090003967,116.745358233841,46.0534414036614,256921.54,670488.76,20,12,43.409
NS57SE_2355,1,3_0,6.23285236403,-9999.0,-9999.0,-9999.0,44.016998291,110.285119038256,44.5098119622654,256934.88,670486.42,20,12,44.017
NS57SE_2356,1,3_0,6.29194833682,-9999.0,-9999.0,-9999.0,47.3790016174,105.32262315932,43.3217945833595,256996.61,670484.49,20,12,47.379
NS57SE_2360,1,3_0,4.94586866078,-9999.0,-9999.0,-9999.0,45.5909996033,165.422861992076,75.8876931332691,256963.11,670479.87,52,28,45.591
NS57SE_2364,1,3_0,3.60398339852,-9999.0,-9999.0,-9999.0,46.8880004883,198.479535502989,79.4901356581991,256992.71,670471.36,36,20,46.888
NS57SE_2372,1,3_0,5.78348668094,-9999.0,-9999.0,-9999.0,44.1940002441,101.319901197487,40.2670489703196,256937.85,670461.3,12,8,44.194
NS57SE_2373,1,3_0,6.20887204612,-9999.0,-9999.0,-9999.0,46.8959999084,104.609768942454,43.3434699713263,256998.01,670460.14,20,12,46.896
NS57SE_2376,1,3_0,5.76772421657,-9999.0,-9999.0,-9999.0,45.1930007935,130.404117239766,48.2957851338633,256962.34,670455.05,20,12,45.193
NS57SE_2379,1,3_0,4.01350858884,-9999.0,-9999.0,-9999.0,46.3860015869,160.81601550006,67.0839067339091,256995.98,670447.23,28,16,46.386
NS57SE_2380,1,3_0,5.81980745887,-9999.0,-9999.0,-9999.0,43.9379997253,142.192547005142,48.1562803091375,256938.28,670447.69,12,8,43.938
NS57SE_2382,1,3_0,5.47119985381,-9999.0,-9999.0,-9999.0,46.2109985352,95.3728049243822,39.2205881031424,257001.94,670434.64,12,8,46.211
NS57SE_2392,1,3_0,9.51379052163,-9999.0,-9999.0,-9999.0,43.9630012512,214.504113534081,63.1195591336237,256934.63,670403.06,12,8,43.963
NS57SE_2405,1,3_0,9.17686189268,-9999.0,-9999.0,-9999.0,44.2060012817,214.37805918859,63.7760597445372,256928.89,670374.76,12,8,44.206
NS57SE_2409,1,3_0,9.41262902125,-9999.0,-9999.0,-9999.0,42.5719985962,752.344278516989,182.918527361992,256902.19,670384.69,44,24,42.572
NS57SE_2412,1,3_0,9.33599253008,-9999.0,-9999.0,-9999.0,44.2249984741,738.610655971551,181.64695328636,256973.09,670378.65,44,24,44.225
NS57SE_2421,1,3_0,9.68637286318,-9999.0,-9999.0,-9999.0,46.0550003052,213.142158551048,63.6184735479519,256992.79,670333.0,20,12,46.055
NS57SE_2423,1,3_0,9.28326127644,-9999.0,-9999.0,-9999.0,43.486000061,420.396500405497,105.367158512938,256918.85,670341.88,12,8,43.486
NS57SE_2432,1,3_0,9.37151274975,-9999.0,-9999.0,-9999.0,43.9930000305,524.535702087968,141.012804513356,256955.87,670323.5,52,28,43.993
NS57SE_2437,1,3_0,9.55257526312,-9999.0,-9999.0,-9999.0,45.6259994507,426.12753830007,113.212710257486,256982.5,670300.43,32,18,45.626
NS57SE_2438,1,3_0,9.40374426461,-9999.0,-9999.0,-9999.0,42.341999054,416.082351749903,109.400103344174,256905.95,670299.45,28,16,42.342
NS57SE_2442,1,3_0,3.26349790348,-9999.0,-9999.0,-9999.0,45.21900177,82.5710507672115,38.7253521460598,256968.72,670275.15,12,8,45.219
NS57SE_2446,1,3_0,9.41759255284,-9999.0,-9999.0,-9999.0,43.4140014648,539.573274867806,139.431784946731,256942.86,670281.04,44,24,43.414
NS57SE_2449,1,3_0,9.28157908996,-9999.0,-9999.0,-9999.0,43.077999115,219.953171938208,64.5615329929363,256912.07,670264.31,20,12,43.078
NS57SE_2456,1,3_0,9.47010305573,-9999.0,-9999.0,-9999.0,45.5379981995,422.167369731399,105.3510710185,256981.18,670249.79,28,16,45.538
NS57SE_2460,1,3_0,13.3754739088,-9999.0,-9999.0,-9999.0,41.1230010986,379.460537735083,81.9754466443419,256886.05,670235.97,28,16,41.123
NS57SE_2461,1,3_0,12.7908689765,-9999.0,-9999.0,-9999.0,43.3219985962,322.398753069911,71.9045091686271,256932.74,670233.37,12,8,43.322
NS57SE_2465,1,3_0,12.7607717723,-9999.0,-9999.0,-9999.0,44.9519996643,329.760039238969,72.735668669802,256984.68,670207.76,12,8,44.952
NS57SE_2484,1,3_0,6.5801269426,-9999.0,-9999.0,-9999.0,41.2449989319,247.098523275886,65.9642964235829,256953.35,670162.58,24,14,41.245
NS57SE_2490,1,3_0,6.49778314149,-9999.0,-9999.0,-9999.0,42.9500007629,173.245074546915,54.2176499778576,257004.37,670144.89,12,8,42.95
NS57SE_2493,1,3_0,6.36953480485,-9999.0,-9999.0,-9999.0,41.9290008545,238.010317789283,66.1953797901312,256978.38,670146.68,20,12,41.929
NS57SE_2495,1,3_0,6.48558168401,-9999.0,-9999.0,-9999.0,40.3380012512,248.449085089565,67.7193790861588,256943.21,670142.44,20,12,40.338
NS57SE_2499,1,3_0,6.26800354279,-9999.0,-9999.0,-9999.0,41.625,140.727588608303,49.0658321243898,256970.63,670121.67,28,16,41.625
NS57SE_2502,1,3_0,6.30177382073,-9999.0,-9999.0,-9999.0,41.9704971313,144.317054889315,49.5021628198547,256984.42,670118.99,28,16,41.971
NS57SE_2509,1,3_0,6.44751787789,-9999.0,-9999.0,-9999.0,39.2690010071,144.362442629499,49.5621886853486,256918.61,670108.05,28,16,39.269
NS57SE_2510,1,3_0,6.37298655561,-9999.0,-9999.0,-9999.0,43.3339996338,122.369927018125,44.5313375614633,257015.43,670107.11,12,8,43.334
NS57SE_2512,1,3_0,6.47045525231,-9999.0,-9999.0,-9999.0,39.7929992676,143.504530432482,49.5021890064794,256935.94,670101.82,28,16,39.793
NS57SE_2519,1,3_0,6.44494085242,-9999.0,-9999.0,-9999.0,40.3959999084,139.476165461212,48.7731707790723,256951.29,670093.96,28,16,40.396
NS57SE_2520,1,3_0,5.29441272434,-9999.0,-9999.0,-9999.0,43.2929992676,152.455912625944,51.6001405835487,257016.32,670093.14,20,12,43.293
NS57SE_2523,1,3_0,6.4580846514,-9999.0,-9999.0,-9999.0,40.9770011902,139.416349527905,48.7266706036456,256966.4,670086.0,28,16,40.977
NS57SE_2525,1,3_0,6.48838083257,-9999.0,-9999.0,-9999.0,41.6599998474,139.79310452679,47.0322745630989,256981.64,670082.58,24,14,41.66
NS57SE_2526,1,3_0,6.41539435551,-9999.0,-9999.0,-9999.0,37.3740005493,143.817349063783,47.9757990323608,256906.62,670076.91,12,8,37.374
NS57SE_2528,1,3_0,5.27547817911,-9999.0,-9999.0,-9999.0,37.3450012207,143.317829845112,54.8736745795092,256932.76,670069.8,28,16,37.345
NS57SE_2531,1,3_0,6.56327477396,-9999.0,-9999.0,-9999.0,43.4039993286,118.636263344434,43.7152863894515,257019.46,670061.64,12,8,43.404
NS57SE_2535,1,3_0,5.13675318171,-9999.0,-9999.0,-9999.0,41.4900016785,111.373222490934,43.240192964852,257003.5,670054.09,16,10,41.49
NS57SE_2537,1,3_0,4.58614546114,-9999.0,-9999.0,-9999.0,37.3380012512,438.116225494436,149.015208840412,256960.41,670055.63,84,44,37.338
NS57SE_2540,1,3_0,3.76047805534,-9999.0,-9999.0,-9999.0,37.4199981689,417.931699793682,110.971025624491,256894.17,670054.93,48,26,37.42
NS57SE_2541,1,3_0,5.8252973312,-9999.0,-9999.0,-9999.0,37.0550003052,70.2957195438929,34.2328378411039,256927.62,670040.94,12,8,37.055
NS57SE_2544,1,3_0,6.48998464743,-9999.0,-9999.0,-9999.0,37.5180015564,122.116981670377,44.3577746700396,256884.23,670033.33,12,8,37.518
NS57SE_2547,1,3_0,6.15958462591,-9999.0,-9999.0,-9999.0,36.9620018005,106.122695902168,41.4385236035295,256920.78,670030.41,12,8,36.962
NS57SE_2548,1,3_0,4.06687434033,-9999.0,-9999.0,-9999.0,38.8190002441,154.48316413871,53.061838933751,256989.5,670029.51,28,16,38.819
NS57SE_2551,1,3_0,6.42375444571,-9999.0,-9999.0,-9999.0,36.7620010376,121.040760947476,44.1101833757556,256949.38,670024.63,12,8,36.762
NS57SE_2556,1,3_0,6.33421644999,-9999.0,-9999.0,-9999.0,36.986000061,124.207455113598,44.7531111059403,256979.75,670015.05,12,8,36.986
NS57SE_2559,1,3_0,5.79703189417,-9999.0,-9999.0,-9999.0,36.6619987488,150.572605430652,54.4513622054191,256938.96,670010.63,28,16,36.662
NS57SE_2570,1,3_0,6.07444970951,-9999.0,-9999.0,-9999.0,37.0699996948,291.917486228654,89.9686229856867,256906.41,670010.54,44,24,37.07
NS57SE_2572,1,3_0,6.07055512885,-9999.0,-9999.0,-9999.0,36.658000946,124.926844168775,45.8181491034536,256971.55,670002.76,12,8,36.658
NS57SE_2573,1,3_0,1.97849456985,-9999.0,-9999.0,-9999.0,37.2239990234,41.94238499832,26.7761010436119,256987.37,670003.24,12,8,37.224
NS57SE_2574,1,3_0,3.71888108342,-9999.0,-9999.0,-9999.0,39.8199996948,207.995149638146,63.1433163188372,257007.43,670013.97,36,20,39.82
NS57SE_2635,1,3_0,6.14017001377,-9999.0,-9999.0,-9999.0,60.3330001831,113.901566300338,42.734121318963,257350.28,670624.14,12,8,60.333
NS57SE_2636,1,3_0,5.97164845911,-9999.0,-9999.0,-9999.0,60.1510009766,85.3085319670573,37.1224134600804,257478.79,670622.25,12,8,60.151
NS57SE_2637,1,3_0,6.18432384031,-9999.0,-9999.0,-9999.0,53.4500007629,150.336377405009,49.2104138041333,257065.49,670624.71,12,8,53.45
NS57SE_2638,1,3_0,6.31956905702,-9999.0,-9999.0,-9999.0,56.047000885,125.344151089252,44.8493778618673,257150.73,670622.34,12,8,56.047
NS57SE_2639,1,3_0,2.90281506589,-9999.0,-9999.0,-9999.0,60.0239982605,63.1916795270566,31.8073611292036,257402.71,670620.86,12,8,60.024
NS57SE_2640,1,3_0,6.01748127821,-9999.0,-9999.0,-9999.0,59.9300003052,105.651986776502,41.1426526008142,257438.39,670622.44,12,8,59.93
NS57SE_2641,1,3_0,6.31539293584,-9999.0,-9999.0,-9999.0,49.7519989014,156.097729814354,50.1611330087855,257002.89,670621.96,12,8,49.752
NS57SE_2642,1,3_0,5.92787588518,-9999.0,-9999.0,-9999.0,56.5180015564,140.718158112656,47.4501707774797,257165.68,670620.49,12,8,56.518
NS57SE_2643,1,3_0,4.90411836223,-9999.0,-9999.0,-9999.0,59.9459991455,158.734576478325,50.5303003219054,257419.99,670621.72,12,8,59.946
NS57SE_2644,1,3_0,5.9703653571,-9999.0,-9999.0,-9999.0,55.5559997559,148.177680953822,48.6950706805315,257136.39,670620.52,12,8,55.556
NS57SE_2645,1,3_0,5.99972061884,-9999.0,-9999.0,-9999.0,60.1409988403,104.241517319298,40.8817080391224,257374.18,670619.1,12,8,60.141
NS57SE_2646,1,3_0,5.58876113749,-9999.0,-9999.0,-9999.0,59.9819984436,135.97155799176,50.4000488280049,257453.67,670619.52,20,12,59.982
NS57SE_2647,1,3_0,5.07281516307,-9999.0,-9999.0,-9999.0,54.7760009766,200.395589861212,65.5175997033602,257117.11,670617.98,20,12,54.776
NS57SE_2649,1,3_0,5.78627971628,-9999.0,-9999.0,-9999.0,56.9459991455,145.501608517826,52.073101756339,257179.6,670617.55,20,12,56.946
NS57SE_2650,1,3_0,5.95368448657,-9999.0,-9999.0,-9999.0,57.8120002747,141.247770931068,47.5390840793913,257206.99,670615.2,12,8,57.812
NS57SE_2651,1,3_0,5.73040859516,-9999.0,-9999.0,-9999.0,60.1240005493,92.1068270090571,38.9622294476263,257477.89,670611.21,12,8,60.124
NS57SE_2652,1,3_0,5.48747715157,-9999.0,-9999.0,-9999.0,59.0019989014,128.904544924988,48.1696615252722,257259.17,670611.93,20,12,59.002
NS57SE_2653,1,3_0,6.06710024281,-9999.0,-9999.0,-9999.0,54.5589981079,151.491556556699,53.7004596816566,257098.82,670610.11,20,12,54.559
NS57SE_2654,1,3_0,5.91198822846,-9999.0,-9999.0,-9999.0,49.6360015869,149.834165352377,50.705335367588,257015.33,670610.7,20,12,49.636
NS57SE_2655,1,3_0,5.70044289866,-9999.0,-9999.0,-9999.0,50.2470016479,126.668550667437,61.2650570001577,257031.31,670609.39,28,16,50.247
NS57SE_2656,1,3_0,6.01587035691,-9999.0,-9999.0,-9999.0,59.5359992981,90.0403566641253,38.3442122397533,257279.04,670605.67,12,8,59.536
NS57SE_2657,1,3_0,6.06556997269,-9999.0,-9999.0,-9999.0,59.716999054,81.3904552570897,36.2643331310198,257289.88,670603.78,12,8,59.717
NS57SE_2658,1,3_0,6.21658714249,-9999.0,-9999.0,-9999.0,51.263999939,131.224457259304,45.8623047417134,257045.71,670605.22,12,8,51.264
NS57SE_2660,1,3_0,6.01894067323,-9999.0,-9999.0,-9999.0,59.922000885,91.6861556419921,38.8474193030512,257300.89,670601.44,12,8,59.922
NS57SE_2661,1,3_0,6.09864025305,-9999.0,-9999.0,-9999.0,60.3219985962,104.943846063026,41.0213530868079,257348.09,670599.0,12,8,60.322
NS57SE_2662,1,3_0,5.91347351304,-9999.0,-9999.0,-9999.0,60.108001709,261.21098691413,70.4098739452211,257319.94,670598.48,20,12,60.108
NS57SE_2663,1,3_0,5.02422985501,-9999.0,-9999.0,-9999.0,55.4000015259,210.8930344094,68.3032151998487,257137.19,670597.43,20,12,55.4
NS57SE_2664,1,3_0,5.79850601506,-9999.0,-9999.0,-9999.0,58.9070014954,116.205365919151,43.1446768039638,257256.65,670596.21,12,8,58.907
NS57SE_2665,1,3_0,6.06261582222,-9999.0,-9999.0,-9999.0,54.0390014648,140.495808486911,47.415970422131,257099.23,670595.21,12,8,54.039
NS57SE_2666,1,3_0,5.14802782166,-9999.0,-9999.0,-9999.0,56.6739997864,352.194824826985,127.07342673744,257189.75,670605.91,52,28,56.674
NS57SE_2667,1,3_0,5.91880909202,-9999.0,-9999.0,-9999.0,60.0820007324,115.147025595649,42.95731197521,257429.04,670594.2,12,8,60.082
NS57SE_2669,1,3_0,2.98313514433,-9999.0,-9999.0,-9999.0,60.0299987793,48.7918124989032,27.9609445256875,257478.19,670588.76,12,8,60.03
NS57SE_2670,1,3_0,5.96384640027,-9999.0,-9999.0,-9999.0,56.1710014343,139.127635053671,47.1821527430222,257156.83,670590.26,12,8,56.171
NS57SE_2671,1,3_0,5.74189605713,-9999.0,-9999.0,-9999.0,56.3349990845,143.283547432024,49.743105492178,257171.67,670590.54,20,12,56.335
NS57SE_2672,1,3_0,6.01056508441,-9999.0,-9999.0,-9999.0,59.9720001221,88.3231443239732,38.1270734968159,257452.44,670588.72,12,8,59.972
NS57SE_2673,1,3_0,6.15364022382,-9999.0,-9999.0,-9999.0,59.7700004578,113.815312389617,42.7182017883658,257465.13,670588.54,12,8,59.77
NS57SE_2674,1,3_0,6.39521114278,-9999.0,-9999.0,-9999.0,54.8390007019,124.71476913127,44.7347074553802,257130.8,670582.72,12,8,54.839
NS57SE_2675,1,3_0,6.49193759604,-9999.0,-9999.0,-9999.0,53.5750007629,121.998515245674,44.2952794502222,257098.8,670580.96,12,8,53.575
NS57SE_2676,1,3_0,6.12252242055,-9999.0,-9999.0,-9999.0,60.2779998779,104.998512571998,40.9953800284781,257428.49,670580.87,12,8,60.278
NS57SE_2677,1,3_0,5.36782130821,-9999.0,-9999.0,-9999.0,57.0719985962,130.508038457529,62.0206077246834,257198.77,670581.12,28,16,57.072
NS57SE_2678,1,3_0,6.10614710797,-9999.0,-9999.0,-9999.0,60.4770011902,153.95115138942,50.6165438306555,257346.39,670582.67,12,8,60.477
NS57SE_2679,1,3_0,6.05895152845,-9999.0,-9999.0,-9999.0,58.6730003357,156.483047856666,50.922786877864,257254.08,670579.72,12,8,58.673
NS57SE_2680,1,3_0,5.94748892608,-9999.0,-9999.0,-9999.0,58.9459991455,97.0217651157391,39.7041614299579,257273.13,670577.32,12,8,58.946
NS57SE_2681,1,3_0,5.63082739781,-9999.0,-9999.0,-9999.0,60.2569999695,112.042472389503,47.0288988328613,257486.65,670578.16,16,10,60.257
NS57SE_2682,1,3_0,6.32803769024,-9999.0,-9999.0,-9999.0,49.8339996338,96.8432335301865,39.3649365746035,257012.55,670575.94,12,8,49.834
NS57SE_2683,1,3_0,5.97038779706,-9999.0,-9999.0,-9999.0,59.2060012817,115.15892403639,42.9794700831671,257285.45,670575.26,12,8,59.206
NS57SE_2685,1,3_0,6.14932237625,-9999.0,-9999.0,-9999.0,59.3499984741,102.078120362381,40.4434919457236,257298.51,670573.46,12,8,59.35
NS57SE_2686,1,3_0,6.41751715101,-9999.0,-9999.0,-9999.0,50.8160018921,126.809555748561,45.0826003364521,257044.21,670572.32,12,8,50.816
NS57SE_2687,1,3_0,5.9694661143,-9999.0,-9999.0,-9999.0,59.8199996948,96.5965085620185,39.5014884446236,257324.22,670571.27,12,8,59.82
NS57SE_2688,1,3_0,3.09819858775,-9999.0,-9999.0,-9999.0,53.4710006714,44.0369737462959,29.1493281528684,257118.16,670570.5,12,8,53.471
NS57SE_2689,1,3_0,5.94007461583,-9999.0,-9999.0,-9999.0,59.6640014648,116.134510732901,43.152343832464,257311.35,670571.44,12,8,59.664
NS57SE_2690,1,3_0,5.91656190189,-9999.0,-9999.0,-9999.0,60.5260009766,96.9692804353307,39.6357484828402,257426.87,670568.77,12,8,60.526
NS57SE_2691,1,3_0,5.85309090712,-9999.0,-9999.0,-9999.0,49.7459983826,175.28966065442,67.8344718102523,257025.21,670570.46,28,16,49.746
NS57SE_2692,1,3_0,6.28499740601,-9999.0,-9999.0,-9999.0,56.8909988403,143.690617042943,48.048619996889,257194.96,670567.74,12,8,56.891
NS57SE_2693,1,3_0,5.91041517473,-9999.0,-9999.0,-9999.0,60.1996154785,115.452140557613,43.0176559455527,257345.01,670565.89,12,8,60.2
NS57SE_2694,1,3_0,4.71488369636,-9999.0,-9999.0,-9999.0,53.1570014954,193.40178755057,66.0796510845665,257102.46,670567.13,36,20,53.157
NS57SE_2695,1,3_0,6.03944882573,-9999.0,-9999.0,-9999.0,54.188999176,189.880159385359,56.2053443990686,257131.62,670566.34,12,8,54.189
NS57SE_2696,1,3_0,5.95763327624,-9999.0,-9999.0,-9999.0,60.4319992065,116.739544039389,43.2538272256485,257488.64,670563.3,12,8,60.432
NS57SE_2698,1,3_0,5.85214923384,-9999.0,-9999.0,-9999.0,60.6319999695,113.91761263566,42.7233011872015,257426.3,670556.31,12,8,60.632
NS57SE_2699,1,3_0,5.89677808682,-9999.0,-9999.0,-9999.0,60.4119987488,97.6750147467598,39.8407345134219,257448.26,670556.47,12,8,60.412
NS57SE_2700,1,3_0,5.87983016393,-9999.0,-9999.0,-9999.0,49.3660011292,102.929794001493,40.5871442240591,257010.48,670553.87,12,8,49.366
NS57SE_2701,1,3_0,6.18191532578,-9999.0,-9999.0,-9999.0,60.4150009155,113.246008857721,42.6211185363891,257460.97,670553.4,12,8,60.415
NS57SE_2703,1,3_0,6.10869819641,-9999.0,-9999.0,-9999.0,60.5760002136,103.962227705766,40.8477791372707,257488.73,670550.14,12,8,60.576
NS57SE_2704,1,3_0,6.25334928513,-9999.0,-9999.0,-9999.0,50.1669998169,154.895687720572,52.6090287791456,257038.65,670548.12,20,12,50.167
NS57SE_2707,1,3_0,5.7171942747,-9999.0,-9999.0,-9999.0,57.6329994202,116.767510152212,46.3410603795593,257239.38,670543.39,20,12,57.633
NS57SE_2708,1,3_0,5.4073712775,-9999.0,-9999.0,-9999.0,58.5979995728,134.499698905366,49.9885637934545,257281.79,670543.8,20,12,58.598
NS57SE_2710,1,3_0,6.4006676875,-9999.0,-9999.0,-9999.0,49.2410011292,103.995252160622,40.8852562725673,257010.38,670541.25,12,8,49.241
NS57SE_2711,1,3_0,6.01583743671,-9999.0,-9999.0,-9999.0,59.1759986877,94.7269618046983,39.2325042650232,257300.69,670541.14,12,8,59.176
NS57SE_2713,1,3_0,5.89588363987,-9999.0,-9999.0,-9999.0,59.4679985046,91.662605006966,38.7618072270987,257312.11,670540.26,12,8,59.468
NS57SE_2714,1,3_0,6.02742933117,-9999.0,-9999.0,-9999.0,59.8009986877,114.670244525987,42.8699360607463,257326.0,670539.97,12,8,59.801
NS57SE_2715,1,3_0,6.40068858654,-9999.0,-9999.0,-9999.0,51.7929992676,125.028328498732,44.8252718626684,257075.12,670539.67,12,8,51.793
NS57SE_2716,1,3_0,5.95278365831,-9999.0,-9999.0,-9999.0,57.2229995728,107.447875988476,41.5052692652491,257220.61,670539.37,12,8,57.223
NS57SE_2717,1,3_0,6.34346168424,-9999.0,-9999.0,-9999.0,56.3470001221,106.043957111258,41.1968648616361,257199.6,670537.82,12,8,56.347
NS57SE_2718,1,3_0,5.96554207499,-9999.0,-9999.0,-9999.0,50.6689987183,142.253435991794,49.4538888286365,257061.04,670538.84,20,12,50.669
NS57SE_2719,1,3_0,6.44173022506,-9999.0,-9999.0,-9999.0,52.7070007324,125.675766655351,44.9351001392396,257103.67,670538.44,12,8,52.707
NS57SE_2720,1,3_0,6.07464432775,-9999.0,-9999.0,-9999.0,59.7400016785,104.452506999204,40.9219233044698,257341.42,670538.02,12,8,59.74
NS57SE_2722,1,3_0,6.03516919685,-9999.0,-9999.0,-9999.0,59.9980010986,154.898935305333,50.7214880863838,257356.92,670536.49,12,8,59.998
NS57SE_2723,1,3_0,5.85141542036,-9999.0,-9999.0,-9999.0,60.1959991455,121.748670362405,44.1386206331831,257372.65,670535.46,12,8,60.196
NS57SE_2724,1,3_0,5.52350756997,-9999.0,-9999.0,-9999.0,52.2659988403,171.078291351547,55.7589357544332,257089.36,670536.1,20,12,52.266
NS57SE_2725,1,3_0,6.02253864184,-9999.0,-9999.0,-9999.0,60.1800003052,106.070236687436,41.2023232422647,257385.53,670533.02,12,8,60.18
NS57SE_2726,1,3_0,5.54940530528,-9999.0,-9999.0,-9999.0,58.2999992371,106.826647070131,41.4936835738573,257278.96,670531.57,12,8,58.3
NS57SE_2727,1,3_0,6.06086926294,-9999.0,-9999.0,-9999.0,60.2050018311,95.7133073341287,39.6573627740671,257397.54,670531.66,16,10,60.205
NS57SE_2728,1,3_0,5.87874382662,-9999.0,-9999.0,-9999.0,57.5270004272,92.2578066638058,38.436208594685,257242.03,670531.41,12,8,57.527
NS57SE_2729,1,3_0,5.37017598121,-9999.0,-9999.0,-9999.0,53.3400001526,277.686490692385,110.456353107064,257124.07,670533.9,60,32,53.34
NS57SE_2730,1,3_0,5.95459191366,-9999.0,-9999.0,-9999.0,60.2449989319,90.0886613141996,38.5077158954383,257408.93,670529.89,12,8,60.245
NS57SE_2731,1,3_0,5.90025990474,-9999.0,-9999.0,-9999.0,49.0040016174,100.381018535185,40.0787754859963,257009.97,670528.61,12,8,49.004
NS57SE_2732,1,3_0,5.7016274674,-9999.0,-9999.0,-9999.0,55.2089996338,261.768390284292,107.616801164471,257179.48,670533.08,44,24,55.209
NS57SE_2733,1,3_0,5.71617231921,-9999.0,-9999.0,-9999.0,54.2449989319,259.885255207145,106.83983350359,257151.7,670533.01,44,24,54.245
NS57SE_2734,1,3_0,5.22101709342,-9999.0,-9999.0,-9999.0,49.9850006104,209.242025957236,73.9490692799806,257043.83,670531.13,36,20,49.985
NS57SE_2735,1,3_0,3.15881885055,-9999.0,-9999.0,-9999.0,55.486000061,38.9274225760332,26.7163043975163,257204.86,670525.93,20,12,55.486
NS57SE_2736,1,3_0,6.06698120607,-9999.0,-9999.0,-9999.0,60.3699989319,152.924257728823,50.3923958829388,257425.38,670527.71,12,8,60.37
NS57SE_2737,1,3_0,5.57275432746,-9999.0,-9999.0,-9999.0,60.375,258.20720454422,91.5187098057634,257447.18,670525.52,24,16,60.375
NS57SE_2738,1,3_0,6.11888106523,-9999.0,-9999.0,-9999.0,60.4939994812,114.309831998702,42.7913530937257,257468.44,670523.25,12,8,60.494
NS57SE_2739,1,3_0,5.9261562225,-9999.0,-9999.0,-9999.0,60.5730018616,96.9293169152989,39.7932733988695,257483.3,670520.77,12,8,60.573
NS57SE_2740,1,3_0,3.08620971508,-9999.0,-9999.0,-9999.0,52.6640014648,23.7496162562069,20.3797944855795,257117.27,670517.62,12,8,52.664
NS57SE_2741,1,3_0,5.98639783089,-9999.0,-9999.0,-9999.0,60.6609992981,92.1143343362396,38.966216610383,257494.72,670519.71,12,8,60.661
NS57SE_2743,1,3_0,5.42999767333,-9999.0,-9999.0,-9999.0,49.2910003662,140.114353731674,50.8632354199937,257029.08,670516.1,20,12,49.291
NS57SE_2745,1,3_0,6.01074989844,-9999.0,-9999.0,-9999.0,55.3339996338,111.334463976073,43.1806877051946,257198.13,670513.56,12,8,55.334
NS57SE_2747,1,3_0,5.86429520625,-9999.0,-9999.0,-9999.0,57.6370010376,80.9537918275362,36.2924114481571,257298.9,670512.83,12,8,57.637
NS57SE_2748,1,3_0,2.82984873454,-9999.0,-9999.0,-9999.0,59.6930007935,22.3305300056182,19.6923697485891,257403.82,670509.07,12,8,59.693
NS57SE_2749,1,3_0,5.50998308826,-9999.0,-9999.0,-9999.0,59.4500007629,75.5777691448863,35.1283550983847,257381.96,670506.99,12,8,59.45
NS57SE_2750,1,3_0,3.16128583224,-9999.0,-9999.0,-9999.0,60.3650016785,30.3940875036784,24.362054775706,257499.62,670506.41,12,8,60.365
NS57SE_2751,1,3_0,5.4564804379,-9999.0,-9999.0,-9999.0,56.3549995422,221.172009893322,67.0024233657545,257244.42,670511.73,28,16,56.355
NS57SE_2752,1,3_0,5.96390869065,-9999.0,-9999.0,-9999.0,51.1809997559,216.408342679075,75.2058744543453,257092.63,670507.13,36,20,51.181
NS57SE_2753,1,3_0,5.98099883815,-9999.0,-9999.0,-9999.0,52.1020011902,109.831569697938,44.496805610078,257110.45,670507.22,20,12,52.102
NS57SE_2754,1,3_0,5.99186320782,-9999.0,-9999.0,-9999.0,50.077999115,211.304498973436,88.6440365145122,257068.03,670507.73,40,24,50.078
NS57SE_2755,1,3_0,3.86537236462,-9999.0,-9999.0,-9999.0,52.6199989319,128.876856219027,46.1837228924207,257123.33,670507.57,12,8,52.62
NS57SE_2756,1,3_0,5.93899195662,-9999.0,-9999.0,-9999.0,49.783000946,113.212920450547,44.3412792085412,257049.35,670504.59,12,8,49.783
NS57SE_2757,1,3_0,3.39057706175,-9999.0,-9999.0,-9999.0,52.8019981384,149.336125061932,66.4518403925151,257137.84,670507.95,44,24,52.802
NS57SE_2758,1,3_0,5.35652007066,-9999.0,-9999.0,-9999.0,58.8330001831,79.3595724428478,36.0016656172698,257362.55,670503.07,12,8,58.833
NS57SE_2759,1,3_0,6.25463319601,-9999.0,-9999.0,-9999.0,53.7560005188,217.828509547389,65.2224921354691,257158.18,670508.47,28,16,53.756
NS57SE_2760,1,3_0,5.21079014623,-9999.0,-9999.0,-9999.0,59.391998291,81.5542444439431,36.1810725463403,257414.6,670500.19,12,8,59.392
NS57SE_2761,1,3_0,2.35895610841,-9999.0,-9999.0,-9999.0,59.841999054,31.4891625007517,23.3701807945354,257458.81,670494.19,12,8,59.842
NS57SE_2762,1,3_0,5.26899161016,-9999.0,-9999.0,-9999.0,55.9589996338,189.283389289683,64.8291736465986,257224.78,670497.26,36,20,55.959
NS57SE_2763,1,3_0,3.11271711709,-9999.0,-9999.0,-9999.0,58.766998291,54.4556775086329,30.0550848126995,257351.16,670493.06,12,8,58.767
NS57SE_2764,1,3_0,2.49334667255,-9999.0,-9999.0,-9999.0,55.9580001831,23.9540699982594,22.5957142842434,257210.76,670489.57,8,6,55.958
NS57SE_2765,1,3_0,4.95092144277,-9999.0,-9999.0,-9999.0,59.4199981689,76.2389532047224,39.1840648260457,257412.78,670490.62,28,16,59.42
NS57SE_2766,1,3_0,5.06962789414,-9999.0,-9999.0,-9999.0,59.8839988708,90.2899840558559,40.4056149831275,257470.85,670492.21,20,12,59.884
NS57SE_2767,1,3_0,5.60867492931,-9999.0,-9999.0,-9999.0,54.8969993591,202.585487693263,71.7017988547666,257195.42,670494.68,36,20,54.897
NS57SE_2768,1,3_0,4.91462150272,-9999.0,-9999.0,-9999.0,57.5699996948,407.606666229344,133.991717153518,257323.58,670497.03,84,44,57.57
NS57SE_2769,1,3_0,5.55505307983,-9999.0,-9999.0,-9999.0,58.8769989014,70.5046000307295,33.7999964579759,257364.39,670486.01,12,8,58.877
NS57SE_2770,1,3_0,4.57510574016,-9999.0,-9999.0,-9999.0,59.7270011902,120.089252764999,48.2008333290641,257446.45,670488.13,28,16,59.727
NS57SE_2771,1,3_0,4.51528623369,-9999.0,-9999.0,-9999.0,48.7220001221,266.825088357292,98.1764452148251,257028.67,670494.92,52,28,48.722
NS57SE_2772,1,3_0,5.42323227415,-9999.0,-9999.0,-9999.0,57.0359992981,250.579769434739,88.1599016746306,257278.67,670490.22,52,28,57.036
NS57SE_2775,1,3_0,5.26997382881,-9999.0,-9999.0,-9999.0,59.4510002136,68.00077174829,34.0793532211631,257414.6,670480.99,12,8,59.451
NS57SE_2777,1,3_0,3.08533394337,-9999.0,-9999.0,-9999.0,58.4160003662,35.6651812483518,25.3058134734951,257340.34,670479.37,12,8,58.416
NS57SE_2778,1,3_0,6.02646325421,-9999.0,-9999.0,-9999.0,52.8940010071,206.366241127083,70.9647223546627,257153.87,670485.59,28,16,52.894
NS57SE_2779,1,3_0,4.35138537583,-9999.0,-9999.0,-9999.0,59.1940002441,112.775460425838,43.2044845733767,257383.02,670478.97,12,8,59.194
NS57SE_2780,1,3_0,6.05753510883,-9999.0,-9999.0,-9999.0,54.5600013733,112.206544008462,44.7411320205669,257190.33,670477.61,20,12,54.56
NS57SE_2781,1,3_0,5.9228900541,-9999.0,-9999.0,-9999.0,55.5050010681,84.5077936776708,36.81947351016,257214.07,670475.66,12,8,55.505
NS57SE_2783,1,3_0,5.52928531531,-9999.0,-9999.0,-9999.0,59.8460006714,66.7970723446957,33.2473542787531,257445.32,670473.75,12,8,59.846
NS57SE_2784,1,3_0,5.29803709818,-9999.0,-9999.0,-9999.0,59.6329994202,66.1859036332249,35.3729401021093,257415.77,670471.57,20,12,59.633
NS57SE_2785,1,3_0,6.42998403601,-9999.0,-9999.0,-9999.0,49.9640007019,144.727242101268,51.6141873615021,257072.36,670474.08,20,12,49.964
NS57SE_2786,1,3_0,5.75601683272,-9999.0,-9999.0,-9999.0,50.8120002747,177.391024025798,55.0394897758949,257090.4,670473.93,28,16,50.812
NS57SE_2787,1,3_0,5.1366006885,-9999.0,-9999.0,-9999.0,56.1069984436,121.415129689795,45.3684575976877,257256.55,670472.01,12,8,56.107
NS57SE_2788,1,3_0,5.77995759108,-9999.0,-9999.0,-9999.0,57.2939987183,131.443891589269,49.5971264480935,257297.13,670473.04,28,16,57.294
NS57SE_2789,1,3_0,2.40753932481,-9999.0,-9999.0,-9999.0,54.1469993591,23.7627112492515,19.6384144720477,257193.11,670463.74,12,8,54.147
NS57SE_2790,1,3_0,3.65440211304,-9999.0,-9999.0,-9999.0,49.0870018005,155.71564342529,61.7993638813874,257056.3,670467.75,28,16,49.087
NS57SE_2791,1,3_0,5.50984517792,-9999.0,-9999.0,-9999.0,59.1459999084,108.970352383519,45.8585403405053,257384.91,670464.27,20,12,59.146
NS57SE_2792,1,3_0,4.87919508416,-9999.0,-9999.0,-9999.0,58.3769989014,146.359646944478,52.3200671619537,257349.96,670464.3,20,12,58.377
NS57SE_2793,1,3_0,5.80912367601,-9999.0,-9999.0,-9999.0,58.4990005493,86.4916348682642,37.5515401420723,257364.2,670461.28,20,12,58.499
NS57SE_2795,1,3_0,6.58956303804,-9999.0,-9999.0,-9999.0,53.4239997864,132.309449424727,46.8216208938836,257174.25,670462.28,12,8,53.424
NS57SE_2796,1,3_0,5.99173868847,-9999.0,-9999.0,-9999.0,56.0060005188,84.469633937107,36.7942091383022,257268.52,670460.85,12,8,56.006
NS57SE_2797,1,3_0,4.58474683332,-9999.0,-9999.0,-9999.0,59.8380012512,113.793270088142,44.4370352397481,257438.84,670461.77,20,12,59.838
NS57SE_2798,1,3_0,3.6316872041,-9999.0,-9999.0,-9999.0,49.9889984131,371.382530173952,146.654190365264,257111.53,670467.4,76,40,49.989
NS57SE_2799,1,3_0,5.93515391949,-9999.0,-9999.0,-9999.0,55.3190002441,96.4849931950236,39.3116740127568,257218.76,670460.63,12,8,55.319
NS57SE_2800,1,3_0,5.11815210903,-9999.0,-9999.0,-9999.0,60.408000946,87.2147011881428,39.8958700166969,257493.58,670458.36,20,12,60.408
NS57SE_2802,1,3_0,5.37308402186,-9999.0,-9999.0,-9999.0,60.2220001221,67.2182169956483,33.3335923831147,257474.85,670456.95,12,8,60.222
NS57SE_2803,1,3_0,3.77018842682,-9999.0,-9999.0,-9999.0,51.9900016785,159.495882225103,54.5236808022268,257125.37,670459.43,20,12,51.99
NS57SE_2804,1,3_0,5.86930560408,-9999.0,-9999.0,-9999.0,57.016998291,110.235120089448,42.1303714025044,257316.37,670457.14,12,8,57.017
NS57SE_2805,1,3_0,5.79381782435,-9999.0,-9999.0,-9999.0,53.7980003357,103.728571102133,40.7394053106664,257187.29,670454.62,12,8,53.798
NS57SE_2806,1,3_0,5.73798625069,-9999.0,-9999.0,-9999.0,56.9589996338,86.3990465874632,37.1944545557832,257302.12,670450.46,12,8,56.959
NS57SE_2808,1,3_0,4.17586243105,-9999.0,-9999.0,-9999.0,52.1879997253,127.217618642074,45.9569942811767,257137.7,670452.09,12,8,52.188
NS57SE_2809,1,3_0,3.05382250756,-9999.0,-9999.0,-9999.0,51.7010002136,27.3188700014563,25.5610769380344,257123.77,670446.82,8,6,51.701
NS57SE_2810,1,3_0,5.8937043084,-9999.0,-9999.0,-9999.0,59.547000885,132.306025205062,47.2613961772675,257412.84,670449.68,12,8,59.547
NS57SE_2812,1,3_0,5.79641678022,-9999.0,-9999.0,-9999.0,55.2070007324,96.7645065275698,39.3711059013878,257236.17,670447.89,12,8,55.207
NS57SE_2813,1,3_0,4.73490679174,-9999.0,-9999.0,-9999.0,56.6790008545,137.648616932715,51.3111683190143,257287.95,670445.13,28,16,56.679
NS57SE_2814,1,3_0,3.26910161972,-9999.0,-9999.0,-9999.0,51.7589988708,26.0846099919347,22.3451415419867,257134.27,670441.31,12,8,51.759
NS57SE_2815,1,3_0,5.68278660782,-9999.0,-9999.0,-9999.0,59.5789985657,160.2521086679,58.010103485546,257430.56,670442.9,36,20,59.579
NS57SE_2816,1,3_0,6.2078843291,-9999.0,-9999.0,-9999.0,52.5009994507,158.718970100737,52.4338070173816,257151.19,670443.98,20,12,52.501
NS57SE_2817,1,3_0,3.1030406528,-9999.0,-9999.0,-9999.0,60.0040016174,26.5395337489283,23.6486658435387,257452.88,670434.82,8,6,60.004
NS57SE_2818,1,3_0,5.82160646566,-9999.0,-9999.0,-9999.0,55.3759994507,99.476679749357,39.8967648296226,257246.94,670437.64,12,8,55.376
NS57SE_2819,1,3_0,4.64223491319,-9999.0,-9999.0,-9999.0,60.1020011902,230.152667970793,68.479155288352,257467.16,670441.99,36,20,60.102
NS57SE_2821,1,3_0,6.13030409059,-9999.0,-9999.0,-9999.0,58.1899986267,109.024626215162,41.9117289510176,257360.02,670434.04,12,8,58.19
NS57SE_2822,1,3_0,4.05709167647,-9999.0,-9999.0,-9999.0,60.2919998169,150.549992864291,55.3320095771488,257489.68,670437.33,28,16,60.292
NS57SE_2823,1,3_0,5.97797959191,-9999.0,-9999.0,-9999.0,58.563999176,119.568316970871,44.3213221667359,257378.55,670432.87,20,12,58.564
NS57SE_2824,1,3_0,5.7357354108,-9999.0,-9999.0,-9999.0,57.952999115,112.927755431824,42.7760723964209,257341.53,670431.44,12,8,57.953
NS57SE_2825,1,3_0,3.03370081821,-9999.0,-9999.0,-9999.0,55.25,29.2674900051034,22.9488784561889,257242.43,670426.95,12,8,55.25
NS57SE_2826,1,3_0,5.87793765318,-9999.0,-9999.0,-9999.0,59.0900001526,94.1854052898854,39.1894964580337,257393.56,670427.33,20,12,59.09
NS57SE_2829,1,3_0,4.91042475618,-9999.0,-9999.0,-9999.0,59.9749984741,133.896496220712,52.2086920191378,257455.61,670425.11,36,20,59.975
NS57SE_2830,1,3_0,5.31102726085,-9999.0,-9999.0,-9999.0,55.6570014954,163.680487121511,57.8500404606729,257256.7,670425.56,28,16,55.657
NS57SE_2831,1,3_0,5.8865883653,-9999.0,-9999.0,-9999.0,59.1269989014,84.6329432544942,36.838132334257,257407.26,670421.36,12,8,59.127
NS57SE_2832,1,3_0,5.23325983088,-9999.0,-9999.0,-9999.0,57.0209999084,114.00674736294,43.5017776107757,257295.99,670416.78,20,12,57.021
NS57SE_2833,1,3_0,5.26105958373,-9999.0,-9999.0,-9999.0,59.611000061,105.691779351868,41.5032496549443,257418.88,670412.7,12,8,59.611
NS57SE_2834,1,3_0,4.87766330416,-9999.0,-9999.0,-9999.0,60.1879997253,153.84288285669,55.2685032407918,257465.72,670415.36,36,20,60.188
NS57SE_2835,1,3_0,3.61240374485,-9999.0,-9999.0,-9999.0,52.4129981995,282.565534288725,108.700020733082,257162.45,670419.5,56,30,52.413
NS57SE_2836,1,3_0,6.26850009503,-9999.0,-9999.0,-9999.0,54.6040000916,262.887728601892,69.205948733105,257228.83,670414.15,12,8,54.604
NS57SE_2837,1,3_0,5.22194266602,-9999.0,-9999.0,-9999.0,56.9900016785,110.451408658272,42.2889305724525,257282.68,670406.62,12,8,56.99
NS57SE_2838,1,3_0,5.74134130411,-9999.0,-9999.0,-9999.0,53.422000885,110.313383520869,45.6158047771385,257181.25,670406.23,20,12,53.422
NS57SE_2839,1,3_0,5.38252875749,-9999.0,-9999.0,-9999.0,59.7200012207,115.742230063185,44.8029361481124,257429.88,670405.96,32,18,59.72
NS57SE_2841,1,3_0,5.87716244513,-9999.0,-9999.0,-9999.0,60.3989982605,120.2780007928,44.2229737522109,257476.11,670402.05,12,8,60.399
NS57SE_2842,1,3_0,5.49461885401,-9999.0,-9999.0,-9999.0,56.8660011292,97.6701603617442,41.7483846719712,257274.44,670397.19,20,12,56.866
NS57SE_2843,1,3_0,5.5430628299,-9999.0,-9999.0,-9999.0,60.5060005188,186.434831211159,61.1345929887199,257493.94,670398.72,20,12,60.506
NS57SE_2844,1,3_0,5.28811964199,-9999.0,-9999.0,-9999.0,60.0740013123,226.511130610649,68.4088907150919,257394.36,670396.98,28,16,60.074
NS57SE_2845,1,3_0,3.6848779868,-9999.0,-9999.0,-9999.0,48.841999054,130.717127202163,46.1650844317263,257068.78,670396.33,12,8,48.842
NS57SE_2846,1,3_0,6.21919526738,-9999.0,-9999.0,-9999.0,54.138999939,259.936743522348,68.8195084307245,257206.66,670392.97,16,10,54.139
NS57SE_2847,1,3_0,5.41075234497,-9999.0,-9999.0,-9999.0,58.9099998474,261.9742637702,83.7694667036919,257314.38,670393.02,48,26,58.91
NS57SE_2848,1,3_0,2.37423042237,-9999.0,-9999.0,-9999.0,58.6650009155,35.5319324995892,26.4795852525876,257293.92,670385.44,12,8,58.665
NS57SE_2849,1,3_0,5.41290751248,-9999.0,-9999.0,-9999.0,56.6839981079,111.689164076953,44.4304345637513,257262.95,670387.25,20,12,56.684
NS57SE_2850,1,3_0,5.92135923021,-9999.0,-9999.0,-9999.0,61.6030006409,107.145524975694,41.4452770749196,257367.46,670376.02,12,8,61.603
NS57SE_2851,1,3_0,5.81859420304,-9999.0,-9999.0,-9999.0,59.0130004883,129.066841085125,46.1211563254271,257298.88,670373.77,12,8,59.013
NS57SE_2852,1,3_0,5.88758756925,-9999.0,-9999.0,-9999.0,62.3429985046,205.995200653512,65.1917905631214,257415.4,670369.15,24,14,62.343
NS57SE_2853,1,3_0,5.56216142651,-9999.0,-9999.0,-9999.0,56.5870018005,168.137328765651,56.1381602154655,257250.68,670368.82,24,14,56.587
NS57SE_2854,1,3_0,5.54947865122,-9999.0,-9999.0,-9999.0,61.3219985962,166.543758163624,60.0199543625532,257490.97,670361.89,36,20,61.322
NS57SE_2855,1,3_0,5.51283525513,-9999.0,-9999.0,-9999.0,60.5789985657,224.748896317235,72.2018209203459,257336.48,670367.19,24,14,60.579
NS57SE_2857,1,3_0,4.01692085154,-9999.0,-9999.0,-9999.0,50.2109985352,2238.02364081355,297.846114779219,257125.71,670385.18,148,72,50.211
NS57SE_2858,1,3_0,6.43250960319,-9999.0,-9999.0,-9999.0,48.283000946,199.458080366247,60.1524258558089,257054.55,670357.76,12,8,48.283
NS57SE_2859,1,3_0,5.99321508284,-9999.0,-9999.0,-9999.0,63.5320014954,100.999852972637,40.2134521854498,257437.85,670356.19,12,8,63.532
NS57SE_2860,1,3_0,6.27458811045,-9999.0,-9999.0,-9999.0,53.783000946,259.343237339651,68.5076098920232,257177.58,670359.69,12,8,53.783
NS57SE_2861,1,3_0,4.71274135331,-9999.0,-9999.0,-9999.0,57.5900001526,378.435917518378,108.14857468983,257278.58,670357.31,64,34,57.59
NS57SE_2862,1,3_0,5.93658110452,-9999.0,-9999.0,-9999.0,62.7239990234,133.72627643206,46.8448420754253,257392.18,670353.28,12,8,62.724
NS57SE_2863,1,3_0,2.30596872057,-9999.0,-9999.0,-9999.0,62.434753418,36.343961252623,24.9303957388327,257484.7,670345.27,12,8,62.435
NS57SE_2864,1,3_0,6.04800503223,-9999.0,-9999.0,-9999.0,63.2869987488,101.117743984906,40.2280416565735,257469.63,670344.37,12,8,63.287
NS57SE_2865,1,3_0,5.77456878722,-9999.0,-9999.0,-9999.0,61.8540000916,137.589308994296,47.2846964292695,257328.02,670344.4,24,14,61.854
NS57SE_2866,1,3_0,2.69242750804,-9999.0,-9999.0,-9999.0,63.6930007935,32.3459850055461,22.9522982563465,257395.39,670338.71,12,8,63.693
NS57SE_2867,1,3_0,6.23139616835,-9999.0,-9999.0,-9999.0,52.4849586487,123.411866499143,46.2467548811613,257146.23,670340.8,20,12,52.485
NS57SE_2868,1,3_0,2.68722560359,-9999.0,-9999.0,-9999.0,52.1209983826,29.5403850032142,26.0539168867102,257135.8,670336.95,8,6,52.121
NS57SE_2869,1,3_0,6.2798210144,-9999.0,-9999.0,-9999.0,56.733001709,94.3075600856349,38.8936136677341,257234.92,670336.95,12,8,56.733
NS57SE_2870,1,3_0,4.43595464156,-9999.0,-9999.0,-9999.0,64.0510025024,187.459609221946,61.6370785312259,257420.5,670342.24,36,20,64.051
NS57SE_2872,1,3_0,5.36267528435,-9999.0,-9999.0,-9999.0,61.8438568115,159.153813816352,56.7299643135054,257493.05,670337.42,28,16,61.844
NS57SE_2873,1,3_0,5.41602753888,-9999.0,-9999.0,-9999.0,62.2290000916,374.178428371508,124.587164949646,257359.91,670347.18,68,36,62.229
NS57SE_2874,1,3_0,4.80988295728,-9999.0,-9999.0,-9999.0,57.6660003662,139.754208750946,46.8014669000376,257251.27,670333.42,24,14,57.666
NS57SE_2875,1,3_0,5.81371421713,-9999.0,-9999.0,-9999.0,58.875,99.8595659411642,40.4772623507089,257265.06,670331.48,20,12,58.875
NS57SE_2876,1,3_0,6.1239233912,-9999.0,-9999.0,-9999.0,55.0999984741,82.4694619608575,36.831973685967,257200.52,670329.75,12,8,55.1
NS57SE_2877,1,3_0,5.27063104056,-9999.0,-9999.0,-9999.0,63.9449996948,186.840635470927,58.666022663001,257457.8,670333.76,28,16,63.945
NS57SE_2878,1,3_0,2.92432053737,-9999.0,-9999.0,-9999.0,54.6619987488,56.6359986943812,32.1529452943228,257184.39,670324.98,20,12,54.662
NS57SE_2879,1,3_0,5.81221660946,-9999.0,-9999.0,-9999.0,64.8470001221,242.786937918423,89.2697324766294,257391.2,670326.82,40,22,64.847
NS57SE_2880,1,3_0,6.44839655731,-9999.0,-9999.0,-9999.0,60.0870018005,119.220116443437,43.7610416176757,257282.06,670325.31,12,8,60.087
NS57SE_2882,1,3_0,5.28156700212,-9999.0,-9999.0,-9999.0,65.6299972534,130.768222886419,46.3198217395319,257411.92,670321.93,12,8,65.63
NS57SE_2883,1,3_0,5.66484865985,-9999.0,-9999.0,-9999.0,54.1699981689,88.9547662508624,44.2895968072782,257167.07,670319.59,20,12,54.17
NS57SE_2884,1,3_0,6.08173662005,-9999.0,-9999.0,-9999.0,61.8040008545,254.552277244099,77.2123424351895,257313.79,670326.81,44,24,61.804
NS57SE_2885,1,3_0,5.88977726588,-9999.0,-9999.0,-9999.0,64.1139984131,95.7415257775414,39.1473342109776,257499.41,670316.61,12,8,64.114
NS57SE_2886,1,3_0,5.84428636676,-9999.0,-9999.0,-9999.0,64.638999939,217.422108889339,71.2521216602047,257478.28,670316.47,32,18,64.639
NS57SE_2887,1,3_0,6.35441242798,-9999.0,-9999.0,-9999.0,47.0219993591,456.457101081873,110.222833259763,257031.64,670329.86,12,8,47.022
NS57SE_2889,1,3_0,5.17782880492,-9999.0,-9999.0,-9999.0,63.0900001526,244.870882002217,75.7095137619381,257338.64,670311.89,20,12,63.09
NS57SE_2890,1,3_0,4.76117737342,-9999.0,-9999.0,-9999.0,65.5390014648,165.492507748953,54.1425727282491,257440.23,670312.57,28,16,65.539
NS57SE_2891,1,3_0,4.7815469293,-9999.0,-9999.0,-9999.0,55.0559997559,164.655323325837,72.9615827727103,257192.08,670312.19,36,20,55.056
NS57SE_2892,1,3_0,6.43204633445,-9999.0,-9999.0,-9999.0,55.8829994202,120.544982936563,44.0890116107023,257205.06,670307.89,12,8,55.883
NS57SE_2893,1,3_0,5.42299397459,-9999.0,-9999.0,-9999.0,54.8019981384,103.261669997582,42.4428583784716,257172.31,670304.25,20,12,54.802
NS57SE_2894,1,3_0,6.37067529374,-9999.0,-9999.0,-9999.0,48.0,462.733256170059,110.736072811525,257057.71,670321.83,16,10,48.0
NS57SE_2895,1,3_0,2.79269693011,-9999.0,-9999.0,-9999.0,62.3460006714,44.5895640933426,28.1872350868855,257290.37,670300.61,12,8,62.346
NS57SE_2896,1,3_0,2.66167682409,-9999.0,-9999.0,-9999.0,66.06300354,70.0663342650706,37.5938668390864,257445.43,670299.32,20,12,66.063
NS57SE_2897,1,3_0,5.22034291988,-9999.0,-9999.0,-9999.0,64.6460037231,139.086017788875,60.6640235471705,257356.83,670300.98,28,16,64.646
NS57SE_2898,1,3_0,5.99297865938,-9999.0,-9999.0,-9999.0,65.091003418,137.214358559868,47.0058806168973,257373.68,670299.52,12,8,65.091
NS57SE_2900,1,3_0,6.1271137228,-9999.0,-9999.0,-9999.0,66.3590011597,103.955819978534,40.845973515516,257432.19,670297.59,12,8,66.359
NS57SE_2901,1,3_0,6.23086019609,-9999.0,-9999.0,-9999.0,49.3460006714,427.798889108968,113.544353733377,257090.51,670313.55,12,8,49.346
NS57SE_2903,1,3_0,5.90239679246,-9999.0,-9999.0,-9999.0,66.013999939,117.056154347018,43.3760008997292,257456.64,670293.19,12,8,66.014
NS57SE_2904,1,3_0,5.69291677385,-9999.0,-9999.0,-9999.0,65.3939971924,165.675789322161,57.3827820817248,257393.39,670292.45,28,16,65.394
NS57SE_2906,1,3_0,2.93890075684,-9999.0,-9999.0,-9999.0,64.1740036011,26.9548725058587,24.1979845244154,257338.93,670283.06,8,6,64.174
NS57SE_2907,1,3_0,6.16768689369,-9999.0,-9999.0,-9999.0,63.8870010376,134.239101541426,48.6107122160623,257328.98,670285.29,20,12,63.887
NS57SE_2908,1,3_0,5.93413492951,-9999.0,-9999.0,-9999.0,65.9869995117,116.679215658011,43.3124730488853,257470.44,670285.05,12,8,65.987
NS57SE_2909,1,3_0,5.6213629139,-9999.0,-9999.0,-9999.0,64.7789993286,139.514521210159,53.9798637883891,257487.86,670284.27,28,16,64.779
NS57SE_2910,1,3_0,5.53648941977,-9999.0,-9999.0,-9999.0,65.7779998779,120.867600970768,51.0587168655429,257427.58,670282.52,24,14,65.778
NS57SE_2911,1,3_0,6.27130037067,-9999.0,-9999.0,-9999.0,56.1100006104,137.665659273187,48.5872500787978,257183.35,670275.9,12,8,56.11
NS57SE_2912,1,3_0,3.79157580478,-9999.0,-9999.0,-9999.0,65.3089981079,199.154678218299,60.6924047304023,257387.56,670272.5,28,16,65.309
NS57SE_2913,1,3_0,6.68823233647,-9999.0,-9999.0,-9999.0,58.2319984436,137.577012802757,46.9768886659336,257211.29,670266.77,12,8,58.232
NS57SE_2914,1,3_0,5.0691350205,-9999.0,-9999.0,-9999.0,65.3460006714,136.746885321002,46.8972632852436,257428.26,670265.3,20,12,65.346
NS57SE_2915,1,3_0,6.15896896729,-9999.0,-9999.0,-9999.0,46.4300003052,483.6257214489,114.645639668749,257016.56,670280.71,12,8,46.43
NS57SE_2916,1,3_0,5.90925795413,-9999.0,-9999.0,-9999.0,51.7550010681,540.620568123934,140.034252776934,257110.7,670285.4,36,20,51.755
NS57SE_2917,1,3_0,2.98916625977,-9999.0,-9999.0,-9999.0,57.1660003662,43.6579574961262,31.5251864608084,257183.39,670256.21,16,10,57.166
NS57SE_2918,1,3_0,5.98677344153,-9999.0,-9999.0,-9999.0,47.8957176208,445.191265469377,119.127409525239,257042.83,670271.08,28,16,47.896
NS57SE_2919,1,3_0,5.99874280376,-9999.0,-9999.0,-9999.0,53.1170005798,434.265784447307,116.362207442796,257140.65,670270.85,28,16,53.117
NS57SE_2920,1,3_0,5.372031052,-9999.0,-9999.0,-9999.0,65.1119995117,230.819405461401,76.9669563131157,257374.11,670255.21,28,16,65.112
NS57SE_2921,1,3_0,6.12900929444,-9999.0,-9999.0,-9999.0,49.1669998169,350.820829556585,97.7668150070114,257075.79,670265.04,28,16,49.167
NS57SE_2922,1,3_0,4.28637295782,-9999.0,-9999.0,-9999.0,64.4280014038,370.317982935847,115.441621310979,257340.3,670261.08,56,30,64.428
NS57SE_2923,1,3_0,6.27709002904,-9999.0,-9999.0,-9999.0,59.1539993286,181.088077690737,64.0020339358365,257213.08,670250.75,28,16,59.154
NS57SE_2924,1,3_0,6.01079226342,-9999.0,-9999.0,-9999.0,58.7200012207,141.529907251613,48.8098916755307,257189.64,670243.97,12,8,58.72
NS57SE_2925,1,3_0,3.96123620858,-9999.0,-9999.0,-9999.0,64.4219970703,250.697587338838,68.6882446300753,257418.8,670249.13,36,20,64.422
NS57SE_2926,1,3_0,4.27791356915,-9999.0,-9999.0,-9999.0,63.2000007629,889.070615914035,267.64327902102,257295.37,670268.36,152,78,63.2
NS57SE_2927,1,3_0,5.24167943884,-9999.0,-9999.0,-9999.0,65.1940002441,132.83574339841,50.9665930062064,257355.73,670241.44,20,12,65.194
NS57SE_2928,1,3_0,2.71798369844,-9999.0,-9999.0,-9999.0,64.1340026855,31.0276874955977,22.9279413262158,257429.0,670237.87,12,8,64.134
NS57SE_2929,1,3_0,3.80270028846,-9999.0,-9999.0,-9999.0,65.1490020752,168.596690348959,59.2002452333077,257369.88,670236.76,36,20,65.149
NS57SE_2930,1,3_0,6.37121598981,-9999.0,-9999.0,-9999.0,50.2760009766,551.53256603947,132.311848053386,257110.64,670235.86,28,16,50.276
NS57SE_2931,1,3_0,6.44076313619,-9999.0,-9999.0,-9999.0,48.0289993286,394.464767012889,98.068280568185,257061.75,670230.81,12,8,48.029
NS57SE_2932,1,3_0,6.28729117483,-9999.0,-9999.0,-9999.0,55.1230010986,336.119468728142,94.5594137595501,257155.18,670230.86,12,8,55.123
NS57SE_2933,1,3_0,5.69417426841,-9999.0,-9999.0,-9999.0,65.1910018921,139.39811226592,47.8434012945001,257341.31,670219.57,12,8,65.191
NS57SE_2934,1,3_0,3.9207208651,-9999.0,-9999.0,-9999.0,66.0,252.129301513501,74.4262204985183,257283.01,670219.61,44,24,66.0
NS57SE_2935,1,3_0,6.44414028711,-9999.0,-9999.0,-9999.0,64.1999969482,217.6977745831,69.5100200630779,257400.13,670218.45,28,16,64.2
NS57SE_2936,1,3_0,4.78240481828,-9999.0,-9999.0,-9999.0,65.7900009155,399.837173924249,121.760972300756,257311.06,670221.87,60,32,65.79
NS57SE_2937,1,3_0,5.57796861028,-9999.0,-9999.0,-9999.0,60.0029983521,158.943779463508,53.0982482117598,257192.68,670208.53,12,8,60.003
NS57SE_2938,1,3_0,2.6667464463,-9999.0,-9999.0,-9999.0,66.3369979858,37.3604362477178,25.2570143449661,257292.01,670207.57,12,8,66.337
NS57SE_2939,1,3_0,3.81028215124,-9999.0,-9999.0,-9999.0,65.25,180.893260758354,54.7007747089178,257357.75,670209.99,20,12,65.25
NS57SE_2940,1,3_0,12.8577132225,-9999.0,-9999.0,-9999.0,46.1730003357,383.031075729032,82.5809065151231,257030.37,670207.49,28,16,46.173
NS57SE_2941,1,3_0,6.30972884465,-9999.0,-9999.0,-9999.0,64.1210021973,108.222260220387,41.6205512825835,257395.3,670198.74,12,8,64.121
NS57SE_2942,1,3_0,4.13697247892,-9999.0,-9999.0,-9999.0,65.7959976196,77.0890925632928,35.2790040493198,257323.38,670191.3,12,8,65.796
NS57SE_2943,1,3_0,2.66843911503,-9999.0,-9999.0,-9999.0,66.1179962158,50.313424884352,30.7676361846985,257296.81,670190.37,20,12,66.118
NS57SE_2944,1,3_0,5.84821566767,-9999.0,-9999.0,-9999.0,64.4140014648,146.662381809933,52.2227556993229,257350.95,670192.79,20,12,64.414
NS57SE_2945,1,3_0,2.78681931337,-9999.0,-9999.0,-9999.0,59.4930000305,53.9846100014513,29.4675463302299,257185.56,670189.09,12,8,59.493
NS57SE_2946,1,3_0,3.92742276788,-9999.0,-9999.0,-9999.0,63.3629989624,166.692933141446,54.3278181058536,257386.93,670187.23,24,14,63.363
NS57SE_2947,1,3_0,6.26320179067,-9999.0,-9999.0,-9999.0,66.1480026245,121.784243062297,44.3248314994134,257275.77,670183.99,12,8,66.148
NS57SE_2948,1,3_0,6.01194344882,-9999.0,-9999.0,-9999.0,65.9729995728,73.0938923225308,34.7032891266397,257288.94,670182.82,12,8,65.973
NS57SE_2949,1,3_0,6.64261206331,-9999.0,-9999.0,-9999.0,61.4410018921,313.937949456408,81.7628458451455,257217.17,670190.6,20,12,61.441
NS57SE_2950,1,3_0,6.45429934333,-9999.0,-9999.0,-9999.0,65.1259994507,132.170730695659,46.0787775685088,257302.27,670175.81,12,8,65.126
NS57SE_2951,1,3_0,5.39066913238,-9999.0,-9999.0,-9999.0,58.6980018616,128.922883002686,59.820694556915,257193.49,670176.94,36,20,58.698
NS57SE_2952,1,3_0,6.51760363024,-9999.0,-9999.0,-9999.0,65.6780014038,134.400657485411,46.3920976737743,257256.48,670171.95,12,8,65.678
NS57SE_2953,1,3_0,6.29617585363,-9999.0,-9999.0,-9999.0,63.8660011292,117.731114448405,43.4624389490601,257318.34,670166.29,12,8,63.866
NS57SE_2954,1,3_0,6.22858904111,-9999.0,-9999.0,-9999.0,55.2010002136,433.324198353732,120.140341379083,257152.7,670180.73,28,16,55.201
NS57SE_2955,1,3_0,4.05130566517,-9999.0,-9999.0,-9999.0,62.0740013123,309.256233067438,100.895340167935,257343.17,670167.9,40,22,62.074
NS57SE_2956,1,3_0,6.28636228066,-9999.0,-9999.0,-9999.0,52.452999115,414.230896570157,112.474590186638,257125.62,670175.04,12,8,52.453
NS57SE_2957,1,3_0,4.56882744091,-9999.0,-9999.0,-9999.0,61.4230003357,316.943325337919,104.434141983208,257374.73,670165.08,48,26,61.423
NS57SE_2958,1,3_0,6.10857113615,-9999.0,-9999.0,-9999.0,51.1349983215,440.507647820025,115.143133955292,257093.5,670168.24,12,8,51.135
NS57SE_2959,1,3_0,5.97030549507,-9999.0,-9999.0,-9999.0,63.9589996338,74.2536414982838,34.9941023338047,257302.05,670144.86,12,8,63.959
NS57SE_2960,1,3_0,6.49054678265,-9999.0,-9999.0,-9999.0,42.9972496033,130.481097184908,45.9463820713416,257006.35,670144.95,12,8,42.997
NS57SE_2961,1,3_0,6.05618796903,-9999.0,-9999.0,-9999.0,47.1699981689,459.629268169088,119.225618272684,257066.18,670163.01,28,16,47.17
NS57SE_2962,1,3_0,5.52443443889,-9999.0,-9999.0,-9999.0,57.7789993286,75.5588863810162,34.9483727710309,257179.19,670143.97,12,8,57.779
NS57SE_2963,1,3_0,6.41088410302,-9999.0,-9999.0,-9999.0,64.9039993286,138.695573071545,47.2819876870331,257252.79,670146.18,12,8,64.904
NS57SE_2964,1,3_0,5.72879129387,-9999.0,-9999.0,-9999.0,60.65599823,128.588043807655,49.2174783569816,257364.89,670143.63,20,12,60.656
NS57SE_2965,1,3_0,2.78713498116,-9999.0,-9999.0,-9999.0,56.0340003967,23.1328462537681,20.2304594969421,257164.19,670136.62,12,8,56.034
NS57SE_2966,1,3_0,5.21341482231,-9999.0,-9999.0,-9999.0,58.4539985657,292.332634008352,96.4893963616357,257202.93,670140.72,44,24,58.454
NS57SE_2967,1,3_0,2.48384044789,-9999.0,-9999.0,-9999.0,58.0900001526,31.8459000027215,26.0461453723272,257184.56,670135.2,8,6,58.09
NS57SE_2968,1,3_0,2.34369996015,-9999.0,-9999.0,-9999.0,57.0040016174,25.8768674984313,24.065544705551,257173.56,670133.21,8,6,57.004
NS57SE_2969,1,3_0,6.2314185116,-9999.0,-9999.0,-9999.0,64.216003418,246.479736445243,69.5146338570214,257274.41,670133.53,16,10,64.216
NS57SE_2970,1,3_0,5.6340360363,-9999.0,-9999.0,-9999.0,61.8969993591,139.477650922705,48.4634084570175,257315.29,670133.62,12,8,61.897
NS57SE_2971,1,3_0,6.37305494268,-9999.0,-9999.0,-9999.0,59.6629981995,120.654234744617,44.0759261851187,257357.66,670128.49,12,8,59.663
NS57SE_2972,1,3_0,3.70816579978,-9999.0,-9999.0,-9999.0,54.5320014954,118.690718645469,44.9035041740536,257154.13,670124.08,12,8,54.532
NS57SE_2973,1,3_0,6.17636524279,-9999.0,-9999.0,-9999.0,55.8670005798,101.047334243393,40.2420291046232,257167.99,670121.68,12,8,55.867
NS57SE_2974,1,3_0,5.54894956396,-9999.0,-9999.0,-9999.0,57.0359992981,148.783426011517,65.4216864461548,257184.96,670122.2,28,16,57.036
NS57SE_2975,1,3_0,6.06700941816,-9999.0,-9999.0,-9999.0,59.1842727661,109.948242860298,46.5113207013633,257201.58,670113.51,28,16,59.184
NS57SE_2976,1,3_0,6.19956315888,-9999.0,-9999.0,-9999.0,61.0270004272,147.101575517603,49.6119452545539,257316.62,670112.74,20,12,61.027
NS57SE_2977,1,3_0,6.20739178395,-9999.0,-9999.0,-9999.0,50.9790000916,98.7272794546968,39.7937629795717,257104.53,670108.93,12,8,50.979
NS57SE_2978,1,3_0,6.83472302381,-9999.0,-9999.0,-9999.0,63.5489997864,141.689825525552,47.660493307258,257264.74,670107.81,12,8,63.549
NS57SE_2979,1,3_0,6.37298655561,-9999.0,-9999.0,-9999.0,43.3339996338,122.369927018125,44.5313375614633,257015.43,670107.11,12,8,43.334
NS57SE_2980,1,3_0,5.90579358085,-9999.0,-9999.0,-9999.0,48.938999176,158.294466851168,50.9310879853438,257087.48,670105.05,12,8,48.939
NS57SE_2981,1,3_0,6.07736002659,-9999.0,-9999.0,-9999.0,48.2210006714,121.390568208017,44.5666268788654,257072.15,670101.49,12,8,48.221
NS57SE_2982,1,3_0,5.80917319523,-9999.0,-9999.0,-9999.0,61.1809997559,81.7810591269564,37.7333060818138,257310.72,670098.94,12,8,61.181
NS57SE_2983,1,3_0,5.01102575627,-9999.0,-9999.0,-9999.0,52.6679992676,307.723449162499,97.3622115715464,257126.0,670111.62,56,30,52.668
NS57SE_2984,1,3_0,2.30711958791,-9999.0,-9999.0,-9999.0,44.09400177,35.9832825064582,24.3233226049535,257028.76,670095.19,12,8,44.094
NS57SE_2985,1,3_0,7.0134280359,-9999.0,-9999.0,-9999.0,58.0979995728,139.009831354444,47.1799924544526,257346.66,670097.32,12,8,58.098
NS57SE_2986,1,3_0,5.29441272434,-9999.0,-9999.0,-9999.0,43.2929992676,152.455912625944,51.6001405835487,257016.32,670093.14,20,12,43.293
NS57SE_2987,1,3_0,6.23182296753,-9999.0,-9999.0,-9999.0,54.766998291,132.170880151569,50.268358545533,257158.03,670092.76,28,16,54.767
NS57SE_2988,1,3_0,6.23410554544,-9999.0,-9999.0,-9999.0,56.3370018005,102.455749707977,40.5283091123422,257173.46,670088.91,12,8,56.337
NS57SE_2989,1,3_0,5.13758374462,-9999.0,-9999.0,-9999.0,61.9510002136,104.518902733735,44.5536575329389,257284.66,670085.75,20,12,61.951
NS57SE_2990,1,3_0,3.80018936396,-9999.0,-9999.0,-9999.0,61.6679992676,167.315997606863,55.663961741389,257298.04,670084.11,28,16,61.668
NS57SE_2991,1,3_0,6.61607062857,-9999.0,-9999.0,-9999.0,60.4350013733,74.8774243810651,35.2062569515412,257310.05,670075.05,12,8,60.435
NS57SE_2992,1,3_0,5.31491077913,-9999.0,-9999.0,-9999.0,49.4379997253,156.040678549231,53.5575931883744,257096.63,670075.2,20,12,49.438
NS57SE_2993,1,3_0,5.79538114143,-9999.0,-9999.0,-9999.0,62.4469985962,180.992565792971,63.023385239428,257266.98,670078.22,36,20,62.447
NS57SE_2994,1,3_0,6.47202936536,-9999.0,-9999.0,-9999.0,51.2449989319,122.276069851367,44.4576837208635,257116.47,670071.75,12,8,51.245
NS57SE_2995,1,3_0,6.58363629387,-9999.0,-9999.0,-9999.0,53.0079994202,120.962488874292,44.195294842436,257148.61,670067.38,12,8,53.008
NS57SE_2996,1,3_0,6.92858308466,-9999.0,-9999.0,-9999.0,56.0699996948,213.801736468769,63.4978030753356,257190.79,670067.82,36,20,56.07
NS57SE_2997,1,3_0,4.74151269833,-9999.0,-9999.0,-9999.0,54.2750015259,176.079743553568,56.017541902007,257165.33,670064.26,24,14,54.275
NS57SE_2998,1,3_0,6.56327477396,-9999.0,-9999.0,-9999.0,43.4039993286,118.636263344434,43.7152863894515,257019.46,670061.64,12,8,43.404
NS57SE_2999,1,3_0,3.74921344101,-9999.0,-9999.0,-9999.0,44.5130004883,116.551355171353,44.6448921578715,257034.16,670062.39,12,8,44.513
NS57SE_3000,1,3_0,4.92853866032,-9999.0,-9999.0,-9999.0,58.1399993896,422.23841148236,111.760230965772,257340.19,670066.26,68,36,58.14
NS57SE_3002,1,3_0,6.68435519144,-9999.0,-9999.0,-9999.0,46.4410018921,172.856952051079,54.4214640423392,257078.03,670051.88,20,12,46.441
NS57SE_3003,1,3_0,6.18938656101,-9999.0,-9999.0,-9999.0,49.7290000916,101.957713311544,40.4429673762188,257109.39,670049.25,12,8,49.729
NS57SE_3004,1,3_0,5.44476894368,-9999.0,-9999.0,-9999.0,60.5149993896,91.1043097670844,40.015514440626,257284.52,670042.68,20,12,60.515
NS57SE_3005,1,3_0,6.83074072937,-9999.0,-9999.0,-9999.0,61.4710006714,137.543305361205,46.9316343680642,257259.19,670040.77,12,8,61.471
NS57SE_3006,1,3_0,6.02584358445,-9999.0,-9999.0,-9999.0,42.7350006104,67.3348857295382,33.4044391165605,257031.87,670038.77,12,8,42.735
NS57SE_3007,1,3_0,6.00858903925,-9999.0,-9999.0,-9999.0,60.4580001831,197.711675293688,60.2782911377268,257243.82,670038.28,20,12,60.458
NS57SE_3008,1,3_0,5.82982468941,-9999.0,-9999.0,-9999.0,51.4000015259,276.984656327305,85.6122484250387,257147.68,670036.87,36,20,51.4
NS57SE_3009,1,3_0,6.03580590366,-9999.0,-9999.0,-9999.0,56.5250244141,216.395559689782,69.1740062027298,257335.57,670035.67,28,16,56.525
NS57SE_3010,1,3_0,6.57177546801,-9999.0,-9999.0,-9999.0,57.9449996948,138.852326682415,47.1570357365809,257215.16,670031.42,12,8,57.945
NS57SE_3011,1,3_0,2.6239906091,-9999.0,-9999.0,-9999.0,49.3508338928,54.8066324947889,30.7697388250799,257132.99,670026.56,12,8,49.351
NS57SE_3012,1,3_0,6.22358083632,-9999.0,-9999.0,-9999.0,42.7939987183,132.274082649657,50.2824080786258,257038.55,670027.67,20,12,42.794
NS57SE_3013,1,3_0,4.39368575518,-9999.0,-9999.0,-9999.0,57.716999054,255.674465320183,96.5025201369683,257297.77,670032.1,44,24,57.717
NS57SE_3014,1,3_0,6.79485022437,-9999.0,-9999.0,-9999.0,46.1380004883,196.6423729426,56.6404564959608,257096.9,670024.99,12,8,46.138
NS57SE_3015,1,3_0,6.82813904229,-9999.0,-9999.0,-9999.0,52.8779983521,194.45599021092,56.3501029307763,257174.31,670022.94,12,8,52.878
NS57SE_3016,1,3_0,6.56737098202,-9999.0,-9999.0,-9999.0,57.2340011597,139.359959251765,47.2536800279662,257217.23,670018.76,12,8,57.234
NS57SE_3017,1,3_0,5.97487618441,-9999.0,-9999.0,-9999.0,43.1689987183,138.448589085593,50.7126953727046,257046.53,670013.21,28,16,43.169
NS57SE_3018,1,3_0,5.88325676026,-9999.0,-9999.0,-9999.0,56.3819999695,160.097112748901,52.160624526231,257296.94,670010.66,20,12,56.382
NS57SE_3021,1,3_0,5.43527505292,-9999.0,-9999.0,-9999.0,47.9609985352,343.260105529579,101.883388200531,257136.66,670009.47,44,24,47.961
NS57SE_3022,1,3_0,6.60661737335,-9999.0,-9999.0,-9999.0,50.9910011292,175.179516863431,54.516543716275,257168.91,670004.45,12,8,50.991
NS57SE_3023,1,3_0,6.47866373652,-9999.0,-9999.0,-9999.0,55.9819984436,170.594595790412,53.8651863719301,257218.96,670003.26,12,8,55.982
NS57SE_2233,1,3_1,4.01122011103,-9999.0,-9999.0,-9999.0,48.4150009155,196.597862260055,61.8903417646072,256959.55,670650.41,12,8,48.415
NS57SE_2581,1,3_1,4.00390647173,-9999.0,-9999.0,-9999.0,62.641998291,196.725330992394,61.8331142109624,257278.68,670831.69,12,8,62.642
NS57SE_2583,1,3_1,4.24701974852,-9999.0,-9999.0,-9999.0,61.5200004578,786.689835750139,230.806080651342,257239.97,670831.86,84,42,61.52
NS57SE_2584,1,3_1,5.07320975774,-9999.0,-9999.0,-9999.0,62.4280014038,420.4956474421,114.803818758594,257251.01,670804.8,28,16,62.428
NS57SE_2587,1,3_1,3.97277896159,-9999.0,-9999.0,-9999.0,58.2709999084,264.028499356828,79.4866674385093,257345.08,670700.02,12,8,58.271
NS57SE_2588,1,3_1,6.30840114766,-9999.0,-9999.0,-9999.0,54.7410011292,146.363021785656,48.4704121556026,257138.92,670684.84,12,8,54.741
NS57SE_2589,1,3_1,5.0664145005,-9999.0,-9999.0,-9999.0,55.0810012817,213.998807467438,77.189145413305,257159.71,670684.99,40,22,55.081
NS57SE_2590,1,3_1,5.94905291996,-9999.0,-9999.0,-9999.0,54.4169998169,141.200059218626,47.5310527081015,257122.16,670682.7,12,8,54.417
NS57SE_2591,1,3_1,6.04208721684,-9999.0,-9999.0,-9999.0,54.3639984131,154.449748831042,50.7708526884901,257105.48,670680.98,20,12,54.364
NS57SE_2592,1,3_1,6.16381979565,-9999.0,-9999.0,-9999.0,57.0530014038,154.738416559539,49.7883519336815,257220.42,670677.58,12,8,57.053
NS57SE_2593,1,3_1,4.84595840703,-9999.0,-9999.0,-9999.0,55.8670005798,239.491961674321,78.4854270730925,257199.18,670680.45,44,24,55.867
NS57SE_2594,1,3_1,5.7278813055,-9999.0,-9999.0,-9999.0,57.3600006104,154.61569110832,68.493727462159,257239.35,670675.8,36,20,57.36
NS57SE_2595,1,3_1,5.94082398669,-9999.0,-9999.0,-9999.0,53.8540000916,148.826456492178,53.0120636181883,257089.2,670672.82,20,12,53.854
NS57SE_2596,1,3_1,5.89586593808,-9999.0,-9999.0,-9999.0,58.59400177,150.539677442342,53.3709750050334,257291.49,670667.88,20,12,58.594
NS57SE_2597,1,3_1,6.01482950211,-9999.0,-9999.0,-9999.0,58.9150009155,102.031822443076,40.4060939225434,257305.81,670665.28,12,8,58.915
NS57SE_2598,1,3_1,6.14453826667,-9999.0,-9999.0,-9999.0,57.9729995728,97.896070372405,39.5779379629183,257254.25,670663.99,12,8,57.973
NS57SE_2599,1,3_1,6.28118459499,-9999.0,-9999.0,-9999.0,56.7719993591,125.335466854678,44.856507030745,257194.24,670663.27,12,8,56.772
NS57SE_2600,1,3_1,2.95598477303,-9999.0,-9999.0,-9999.0,53.7550010681,59.2946362512021,30.9207336563089,257080.57,670661.32,12,8,53.755
NS57SE_2601,1,3_1,6.24895977873,-9999.0,-9999.0,-9999.0,59.1949996948,123.382948346014,44.5094092828268,257318.84,670662.67,12,8,59.195
NS57SE_2602,1,3_1,2.77925574261,-9999.0,-9999.0,-9999.0,58.5489997864,78.8054253337853,37.19085061312,257279.3,670658.18,20,12,58.549
NS57SE_2603,1,3_1,3.20628025348,-9999.0,-9999.0,-9999.0,58.8479995728,33.9829725005056,24.0924477562183,257298.1,670656.97,12,8,58.848
NS57SE_2604,1,3_1,3.15363219932,-9999.0,-9999.0,-9999.0,59.3059997559,30.0759599995273,22.5597946340837,257436.96,670655.51,12,8,59.306
NS57SE_2605,1,3_1,6.32028621057,-9999.0,-9999.0,-9999.0,55.7820014954,128.81118653589,45.4403807895632,257146.28,670656.11,12,8,55.782
NS57SE_2606,1,3_1,5.6880778731,-9999.0,-9999.0,-9999.0,56.1739997864,147.882175044932,50.3631791950329,257161.74,670655.5,20,12,56.174
NS57SE_2607,1,3_1,6.22036157148,-9999.0,-9999.0,-9999.0,55.4889984131,149.209173583165,48.9884407371307,257129.54,670654.29,12,8,55.489
NS57SE_2608,1,3_1,6.15714745773,-9999.0,-9999.0,-9999.0,52.8450012207,151.461613552475,49.3437824190075,257050.08,670655.38,12,8,52.845
NS57SE_2610,1,3_1,5.99226279098,-9999.0,-9999.0,-9999.0,59.1399993896,115.822897915369,43.1025803470031,257364.89,670652.66,12,8,59.14
NS57SE_2611,1,3_1,6.29039159811,-9999.0,-9999.0,-9999.0,54.9679985046,124.204912468136,44.6463275318933,257114.35,670651.69,12,8,54.968
NS57SE_2613,1,3_1,5.20024797359,-9999.0,-9999.0,-9999.0,56.9840011597,139.492452792073,62.2079773893139,257195.51,670650.14,28,16,56.984
NS57SE_2614,1,3_1,6.09147586965,-9999.0,-9999.0,-9999.0,59.1010017395,101.765808458545,40.3525103142052,257378.47,670648.52,12,8,59.101
NS57SE_2615,1,3_1,5.81533188619,-9999.0,-9999.0,-9999.0,57.6629981995,138.952000241391,48.8316546668475,257214.41,670648.68,20,12,57.663
NS57SE_2616,1,3_1,6.13515469508,-9999.0,-9999.0,-9999.0,59.2579994202,100.028395318481,40.0057883494063,257430.37,670647.77,12,8,59.258
NS57SE_2617,1,3_1,5.4733566417,-9999.0,-9999.0,-9999.0,57.7010002136,131.301059197616,62.0211135013338,257227.67,670649.7,28,16,57.701
NS57SE_2618,1,3_1,6.30120274199,-9999.0,-9999.0,-9999.0,58.2680015564,123.775706027821,44.5775003401845,257241.69,670644.81,12,8,58.268
NS57SE_2619,1,3_1,5.91178344555,-9999.0,-9999.0,-9999.0,59.4620018005,117.140251948463,46.9727505596104,257416.85,670643.86,20,12,59.462
NS57SE_2620,1,3_1,5.74743369184,-9999.0,-9999.0,-9999.0,58.4249992371,146.124482873528,48.3659844481012,257255.77,670642.95,12,8,58.425
NS57SE_2621,1,3_1,5.10825909739,-9999.0,-9999.0,-9999.0,59.7369995117,293.011049244736,104.939757151233,257463.08,670645.2,60,32,59.737
NS57SE_2622,1,3_1,6.46303240979,-9999.0,-9999.0,-9999.0,51.6230010986,125.935505556089,44.9974309202088,257033.53,670642.05,12,8,51.623
NS57SE_2623,1,3_1,6.04468373428,-9999.0,-9999.0,-9999.0,59.4850006104,105.32686756184,41.073276652253,257405.05,670640.77,12,8,59.485
NS57SE_2624,1,3_1,5.41324899456,-9999.0,-9999.0,-9999.0,54.0760002136,195.998409519556,58.7227970953025,257090.53,670643.92,20,12,54.076
NS57SE_2625,1,3_1,6.09948559487,-9999.0,-9999.0,-9999.0,58.8149986267,154.376050210808,49.936599617676,257281.19,670637.85,12,8,58.815
NS57SE_2626,1,3_1,6.20645538829,-9999.0,-9999.0,-9999.0,53.3069992065,147.681098807994,48.6984578550856,257058.12,670639.27,12,8,53.307
NS57SE_2627,1,3_1,5.77755808916,-9999.0,-9999.0,-9999.0,59.7070007324,141.92611601086,49.5556873888234,257296.86,670636.01,20,12,59.707
NS57SE_2628,1,3_1,3.02412878865,-9999.0,-9999.0,-9999.0,60.0839996338,50.7664200060469,28.506474296107,257479.57,670631.7,12,8,60.084
NS57SE_2629,1,3_1,6.2559007097,-9999.0,-9999.0,-9999.0,51.3650016785,132.599877148816,46.8686534196081,257022.34,670634.43,16,10,51.365
NS57SE_2630,1,3_1,5.0679361481,-9999.0,-9999.0,-9999.0,59.1059989929,133.430638763752,50.1230962352801,257375.56,670633.79,20,12,59.106
NS57SE_2631,1,3_1,6.17897083763,-9999.0,-9999.0,-9999.0,59.9329986572,147.328042973499,48.6508225553478,257311.62,670631.64,12,8,59.933
NS57SE_2632,1,3_1,5.97319937501,-9999.0,-9999.0,-9999.0,60.0929985046,97.5061221631976,39.8165077473292,257325.34,670628.76,12,8,60.093
NS57SE_2634,1,3_1,5.93177319379,-9999.0,-9999.0,-9999.0,60.2340011597,92.2970415699354,38.9303770001506,257337.8,670627.2,12,8,60.234
NS57SE_868,1,3_3,4.16012904898,-9999.0,-9999.0,-9999.0,34.5320014954,147.30434148675,52.5318511253841,257481.0,672089.66,12,8,34.532
NS57SE_905,1,3_3,3.12913899774,-9999.0,-9999.0,-9999.0,34.5730476379,43.4378208866524,48.0596236084687,257362.05,672035.39,28,16,34.573
NS57SE_906,1,3_3,5.09485802844,-9999.0,-9999.0,-9999.0,33.9620018005,1027.61673214021,134.567050459118,257387.95,672043.09,20,12,33.962
NS57SE_915,1,3_3,4.89362030996,-9999.0,-9999.0,-9999.0,33.5970001221,1194.59955477173,313.848733838842,257322.64,672033.49,116,60,33.597
NS57SE_382,1,3_4,3.51379914548,-9999.0,-9999.0,-9999.0,43.3209991455,159.025822366992,61.7990885711528,257438.45,673002.94,36,20,43.321
NS57SE_515,1,3_4,4.42756975959,-9999.0,-9999.0,-9999.0,40.6220016479,592.45150916052,98.8424843544767,257312.81,672737.73,24,14,40.622
NS57SE_518,1,3_4,4.14136337341,-9999.0,-9999.0,-9999.0,58.0089988708,193.165235802048,60.3308362033006,257063.68,672721.16,28,16,58.009
NS57SE_521,1,3_4,3.70189149637,-9999.0,-9999.0,-9999.0,42.1090011597,579.847888011577,151.476423822043,257251.31,672727.88,60,32,42.109
NS57SE_526,1,3_4,2.42010956581,-9999.0,-9999.0,-9999.0,58.8120002747,29.8681199960927,26.2838154603985,257076.61,672710.44,8,6,58.812
NS57SE_591,1,3_4,4.88225950817,-9999.0,-9999.0,-9999.0,41.7089996338,7747.61234898776,443.630610303363,257326.53,672621.03,196,100,41.709
NS57SE_15,1,3_5,3.68491888946,-9999.0,-9999.0,-9999.0,59.7280006409,139.912525850667,51.7915570884381,257248.77,673483.52,20,12,59.728
NS57SE_160,1,3_5,4.01945110046,-9999.0,-9999.0,-9999.0,41.6829986572,171.537123307765,56.3717938162053,256979.64,673267.55,28,16,41.683
NS57SE_178,1,3_5,3.62441071383,-9999.0,-9999.0,-9999.0,40.4809989929,160.895651245305,55.2311309120454,257006.96,673255.5,32,18,40.481
NS57SE_184,1,3_5,4.65268145278,-9999.0,-9999.0,-9999.0,40.1730003357,1296.05935392848,289.138805162837,257175.15,673266.53,108,56,40.173
NS57SE_44,1,3_5,4.16847361718,-9999.0,-9999.0,-9999.0,55.8670005798,148.55396799345,49.4828874679903,257270.79,673421.49,12,8,55.867
NS57SE_45,1,3_5,3.91798878277,-9999.0,-9999.0,-9999.0,54.6100006104,179.095625107915,67.8303322624925,257300.91,673421.37,28,16,54.61
NS57SE_52,1,3_5,4.07441101889,-9999.0,-9999.0,-9999.0,51.9339981079,496.15753161477,97.1512453968218,257324.17,673404.75,32,18,51.934
NS57SE_56,1,3_5,3.45115290201,-9999.0,-9999.0,-9999.0,52.1660003662,691.398387527518,126.783762725776,257292.15,673395.1,52,28,52.166
NS57SE_2648,1,4_0,6.10417979071,-9999.0,-9999.0,-9999.0,60.1180000305,107.090906570219,41.4408806514762,257511.22,670615.54,12,8,60.118
NS57SE_2659,1,4_0,5.83074714901,-9999.0,-9999.0,-9999.0,59.9150009155,116.647618159834,43.2365959159189,257513.28,670602.64,12,8,59.915
NS57SE_2668,1,4_0,5.9460054317,-9999.0,-9999.0,-9999.0,60.0229988098,92.1961977731634,38.8465012892337,257515.93,670590.47,12,8,60.023
NS57SE_2684,1,4_0,6.01595150109,-9999.0,-9999.0,-9999.0,60.3100013733,156.508202998879,50.9674608929133,257519.21,670576.31,12,8,60.31
NS57SE_2697,1,4_0,5.93944881461,-9999.0,-9999.0,-9999.0,60.4379997253,90.9687685557026,38.8008290751023,257520.82,670561.72,12,8,60.438
NS57SE_2702,1,4_0,5.99202159646,-9999.0,-9999.0,-9999.0,60.4090003967,94.1353922563743,39.1563511292594,257521.84,670550.34,12,8,60.409
NS57SE_2742,1,4_0,6.18045377853,-9999.0,-9999.0,-9999.0,60.6010017395,100.670332655955,40.1348156769018,257506.51,670517.4,12,8,60.601
NS57SE_2744,1,4_0,6.11451056262,-9999.0,-9999.0,-9999.0,60.4889984131,102.840995357962,40.617976364754,257519.06,670514.29,12,8,60.489
NS57SE_2746,1,4_0,5.76931705645,-9999.0,-9999.0,-9999.0,60.1959991455,118.208420616322,43.510002143037,257532.31,670513.65,12,8,60.196
NS57SE_2773,1,4_0,4.6966606121,-9999.0,-9999.0,-9999.0,59.5680007935,104.941251834112,43.3709320704391,257541.25,670485.48,20,12,59.568
NS57SE_2776,1,4_0,5.07927677171,-9999.0,-9999.0,-9999.0,59.8129997253,543.507393983373,159.860446306189,257505.15,670486.56,84,44,59.813
NS57SE_2801,1,4_0,5.5692633936,-9999.0,-9999.0,-9999.0,60.4889984131,77.3666747254276,35.4722234599603,257509.34,670456.95,12,8,60.489
NS57SE_2807,1,4_0,2.49434677124,-9999.0,-9999.0,-9999.0,60.4900016785,41.9851905006816,31.6876749446811,257501.42,670450.59,8,6,60.49
NS57SE_2811,1,4_0,5.55883453484,-9999.0,-9999.0,-9999.0,59.8870010376,101.649700146427,42.158070675282,257532.75,670448.85,12,8,59.887
NS57SE_2827,1,4_0,5.60387624277,-9999.0,-9999.0,-9999.0,60.3390007019,74.9716569581908,35.0274200998595,257500.85,670425.49,12,8,60.339
NS57SE_2828,1,4_0,5.50589433435,-9999.0,-9999.0,-9999.0,59.96900177,74.1782216313658,34.8647942189157,257533.6,670425.39,12,8,59.969
NS57SE_2840,1,4_0,5.75324101758,-9999.0,-9999.0,-9999.0,60.0760002136,163.081809539826,55.4251614975035,257519.49,670404.85,28,16,60.076
NS57SE_2856,1,4_0,5.39944383268,-9999.0,-9999.0,-9999.0,59.7210006714,335.970040684719,99.4907271556015,257530.66,670370.69,48,26,59.721
NS57SE_2871,1,4_0,5.8664737183,-9999.0,-9999.0,-9999.0,61.0190010071,128.769749341734,47.4330319567861,257521.94,670339.22,20,12,61.019
NS57SE_2881,1,4_0,6.07824333836,-9999.0,-9999.0,-9999.0,62.2140007019,117.337169882742,43.448422698196,257526.6,670324.99,12,8,62.214
NS57SE_2888,1,4_0,5.84272941968,-9999.0,-9999.0,-9999.0,61.986000061,109.236140045243,43.8033789864843,257546.11,670312.96,20,12,61.986
NS57SE_2899,1,4_0,5.56064066721,-9999.0,-9999.0,-9999.0,62.8699989319,104.964343523175,44.4391773262413,257536.08,670298.63,20,12,62.87
NS57SE_2902,1,4_0,6.08559473765,-9999.0,-9999.0,-9999.0,63.4169998169,103.437261461656,40.7174652070068,257518.94,670294.59,12,8,63.417
NS57SE_2905,1,4_0,6.00649748517,-9999.0,-9999.0,-9999.0,64.1259994507,139.406606050286,47.9646192201296,257505.99,670289.7,12,8,64.126
NS57SE_1863,1,4_1,3.51868809594,-9999.0,-9999.0,-9999.0,61.7480010986,148.127179814207,80.2167337767646,258096.05,671130.45,40,20,61.748
NS57SE_2609,1,4_1,5.81171557914,-9999.0,-9999.0,-9999.0,60.6609992981,116.297790846566,43.178708722176,257521.66,670652.59,12,8,60.661
NS57SE_2612,1,4_1,6.02359897957,-9999.0,-9999.0,-9999.0,60.6739997864,105.757060204012,41.1579421117606,257507.97,670650.24,12,8,60.674
NS57SE_2633,1,4_1,5.13542768143,-9999.0,-9999.0,-9999.0,60.1100006104,166.497373728812,53.029575556498,257510.76,670629.65,20,12,60.11
NS57SE_1176,1,4_2,5.1229136964,-9999.0,-9999.0,-9999.0,40.7560005188,293.262738768578,70.884629087907,257986.13,671687.17,12,8,40.756
NS57SE_1296,1,4_2,3.80308481352,-9999.0,-9999.0,-9999.0,48.4760017395,171.03716442524,59.3452224934953,258119.72,671567.47,36,20,48.476
NS57SE_1302,1,4_2,4.76954018553,-9999.0,-9999.0,-9999.0,46.8639984131,847.21874096458,200.524333067454,258056.53,671573.34,76,40,46.864
NS57SE_1315,1,4_2,5.57636413932,-9999.0,-9999.0,-9999.0,47.8930015564,220.491355922797,67.2951902105744,258065.42,671548.91,36,20,47.893
NS57SE_677,1,4_3,3.64954633073,-9999.0,-9999.0,-9999.0,54.436000824,324.585079005131,99.8925744256886,257662.85,672363.27,52,28,54.436
NS57SE_680,1,4_3,3.58375235864,-9999.0,-9999.0,-9999.0,55.2439994812,200.834592630383,64.2555352774338,257681.78,672345.2,28,16,55.244
NS57SE_772,1,4_3,4.63602082853,-9999.0,-9999.0,-9999.0,44.8349990845,513.594882065284,97.3801150883224,257838.3,672205.8,20,12,44.835
NS57SE_778,1,4_3,3.48210928197,-9999.0,-9999.0,-9999.0,44.8339996338,245.1620605965,99.9793799538397,257851.03,672195.85,36,20,44.834
NS57SE_784,1,4_3,4.27600739743,-9999.0,-9999.0,-9999.0,44.4739990234,215.566484791201,64.0477551677429,257878.18,672187.31,28,16,44.474
NS57SE_950,1,4_3,4.69232591993,-9999.0,-9999.0,-9999.0,33.8320007324,129.803912736473,45.6032086043051,257874.68,671966.46,12,8,33.832
NS57SE_108,1,4_5,3.57394130176,-9999.0,-9999.0,-9999.0,48.0820007324,164.072393213921,63.8876495040588,258036.75,673311.06,44,24,48.082
NS57SE_114,1,4_5,3.69672017659,-9999.0,-9999.0,-9999.0,50.7750015259,422.581275102793,115.646794463091,257920.88,673316.9,48,26,50.775
NS57SE_117,1,4_5,2.96442514116,-9999.0,-9999.0,-9999.0,53.8740005493,89.7710460006048,40.9083517754557,257879.25,673301.61,12,8,53.874
NS57SE_125,1,4_5,6.63238589947,-9999.0,-9999.0,-9999.0,48.3089981079,584.942662013659,111.776147883401,258006.04,673304.39,56,30,48.309
NS57SE_152,1,4_5,2.62955713726,-9999.0,-9999.0,-9999.0,49.1759986877,109.913379233518,47.9179810507211,257969.5,673274.14,20,12,49.176
NS57SE_165,1,4_5,4.90398418395,-9999.0,-9999.0,-9999.0,49.7630004883,339.371171214279,115.617524233819,258124.87,673269.12,52,28,49.763
NS57SE_174,1,4_5,3.94050903522,-9999.0,-9999.0,-9999.0,50.7999992371,196.128983077965,65.6358867874377,257941.98,673258.84,20,12,50.8
NS57SE_176,1,4_5,5.189553454,-9999.0,-9999.0,-9999.0,54.8310012817,245.39590310779,80.8602410294843,257874.39,673261.01,40,24,54.831
NS57SE_87,1,4_5,2.78242746584,-9999.0,-9999.0,-9999.0,48.3089981079,81.7936627156534,38.6904189815434,258026.58,673329.88,20,12,48.309
NS57SE_2254,1,5_0,4.87014466223,-9999.0,-9999.0,-9999.0,64.5329971313,137.958804614319,50.0663523434481,258226.72,670613.91,12,8,64.533
NS57SE_2281,1,5_0,4.92860682535,-9999.0,-9999.0,-9999.0,63.5769996643,429.842301435287,135.18447040149,258236.48,670588.46,36,20,63.577
NS57SE_2290,1,5_0,2.8759297591,-9999.0,-9999.0,-9999.0,63.5299987793,43.1027104639016,26.910178672087,258242.24,670568.89,12,8,63.53
NS57SE_2543,1,5_0,7.75769128934,-9999.0,-9999.0,-9999.0,50.2249984741,41.2808984219678,30.7872524659495,258217.59,670036.78,12,8,50.225
NS57SE_1856,1,5_1,3.00131244394,-9999.0,-9999.0,-9999.0,63.1090011597,198.322721735319,64.8528251360426,258197.8,671133.12,20,12,63.109
NS57SE_1887,1,5_1,5.94079981278,-9999.0,-9999.0,-9999.0,63.3149986267,875.704033712934,139.909548401336,258186.34,671108.16,68,36,63.315
NS57SE_1947,1,5_1,4.5918797551,-9999.0,-9999.0,-9999.0,63.8400001526,2079.37463247089,248.599425374857,258186.21,671064.23,76,40,63.84
NS57SE_2235,1,5_1,5.19441806969,-9999.0,-9999.0,-9999.0,65.4550018311,175.230341238343,54.0883098846876,258254.43,670644.97,24,14,65.455
NS57SE_2241,1,5_1,5.06534180247,-9999.0,-9999.0,-9999.0,65.077003479,297.673512892213,105.974656545577,258234.83,670638.67,36,20,65.077
NS57SE_1115,1,5_2,3.68766581781,-9999.0,-9999.0,-9999.0,59.9749984741,735.230614312469,123.36554796019,258738.63,671774.45,28,16,59.975
NS57SE_1120,1,5_2,3.91005963471,-9999.0,-9999.0,-9999.0,52.422000885,153.532357386542,60.8870915477302,258533.47,671753.81,28,16,52.422
NS57SE_1206,1,5_2,6.29934674244,-9999.0,-9999.0,-9999.0,45.0719985962,179.71388093515,61.287358630799,258207.3,671650.66,20,12,45.072
NS57SE_1217,1,5_2,5.61231665823,-9999.0,-9999.0,-9999.0,43.9189987183,213.471948270071,68.391990018988,258236.66,671640.24,12,8,43.919
NS57SE_1297,1,5_2,3.11163634312,-9999.0,-9999.0,-9999.0,48.6069984436,103.332042353221,42.8473320902375,258134.66,671565.14,28,16,48.607
NS57SE_339,1,5_4,4.31715460464,-9999.0,-9999.0,-9999.0,33.6259994507,153.180280087719,60.2830422589916,258705.66,673048.61,52,28,33.626
NS57SE_102,1,5_5,4.3979300804,-9999.0,-9999.0,-9999.0,49.8300018311,317.165217417251,71.4892450439145,258244.4,673322.36,12,8,49.83
NS57SE_107,1,5_5,4.7073012404,-9999.0,-9999.0,-9999.0,49.6879997253,143.507761594684,49.1545304760841,258226.7,673313.62,20,12,49.688
NS57SE_111,1,5_5,3.27986241509,-9999.0,-9999.0,-9999.0,49.0429992676,44.5308000057288,26.1548528550921,258241.11,673306.01,16,10,49.043
NS57SE_120,1,5_5,5.02447579514,-9999.0,-9999.0,-9999.0,49.733001709,299.817717878224,75.1582291490947,258211.52,673301.32,28,16,49.733
NS57SE_121,1,5_5,2.25977770487,-9999.0,-9999.0,-9999.0,39.3950004578,28.7218574979553,21.817360719349,258527.16,673296.11,12,8,39.395
NS57SE_137,1,5_5,6.40476084481,-9999.0,-9999.0,-9999.0,50.7709999084,221.559212472145,70.0914654801921,258192.08,673288.88,36,20,50.771
NS57SE_140,1,5_5,2.33393588066,-9999.0,-9999.0,-9999.0,39.4329986572,45.2813549950899,30.7470053773673,258510.55,673280.17,8,6,39.433
NS57SE_145,1,5_5,4.97404529458,-9999.0,-9999.0,-9999.0,36.6949996948,200.596907591001,58.5227739672969,258554.62,673280.46,12,8,36.695
NS57SE_154,1,5_5,6.47189214758,-9999.0,-9999.0,-9999.0,50.6920013428,238.986482287621,66.48933523011,258171.88,673277.25,28,16,50.692
NS57SE_156,1,5_5,6.43177525898,-9999.0,-9999.0,-9999.0,50.1510009766,218.064888337844,69.8461134205498,258151.11,673273.28,36,20,50.151
NS57SE_19,1,5_5,4.67356266101,-9999.0,-9999.0,-9999.0,51.4500007629,422.788985769943,109.576997791877,258445.01,673483.34,72,38,51.45
NS57SE_27,1,5_5,5.77917274918,-9999.0,-9999.0,-9999.0,51.1910018921,265.274432768179,90.410824961273,258456.49,673470.91,52,28,51.191
NS57SE_34,1,5_5,2.36737425853,-9999.0,-9999.0,-9999.0,49.7120018005,31.4758949993664,23.2473417110307,258411.16,673446.75,12,8,49.712
NS57SE_35,1,5_5,4.90088302749,-9999.0,-9999.0,-9999.0,50.3460006714,347.000945018996,95.6599176019725,258471.38,673455.2,48,26,50.346
NS57SE_39,1,5_5,5.70293155135,-9999.0,-9999.0,-9999.0,49.3330001831,299.762417527168,74.6324299544961,258387.83,673438.27,36,20,49.333
NS57SE_40,1,5_5,3.71775861084,-9999.0,-9999.0,-9999.0,49.5699996948,201.313581280595,69.22011969573,258418.21,673429.57,32,18,49.57
NS57SE_41,1,5_5,5.13694917011,-9999.0,-9999.0,-9999.0,49.5730018616,174.004843862762,55.0530608591458,258374.59,673426.39,12,8,49.573
NS57SE_42,1,5_5,5.89939482494,-9999.0,-9999.0,-9999.0,49.4119987488,145.21915902657,51.0788481312899,258430.77,673423.98,20,12,49.412
NS57SE_48,1,5_5,4.80482698352,-9999.0,-9999.0,-9999.0,50.0289993286,245.600377542863,63.5307742000784,258359.06,673414.72,12,8,50.029
NS57SE_53,1,5_5,4.53150955465,-9999.0,-9999.0,-9999.0,48.2449989319,429.475251898834,110.986816565389,258450.96,673402.89,52,28,48.245
NS57SE_54,1,5_5,4.60780484803,-9999.0,-9999.0,-9999.0,50.1679992676,328.60127595431,105.269268632584,258337.04,673393.12,68,36,50.168
NS57SE_67,1,5_5,4.53101899067,-9999.0,-9999.0,-9999.0,47.0079994202,285.826659657654,81.7084369710021,258473.41,673373.61,32,18,47.008
NS57SE_69,1,5_5,5.67590514241,-9999.0,-9999.0,-9999.0,50.7509994507,301.138243213418,103.846278438745,258316.15,673374.02,76,40,50.751
NS57SE_71,1,5_5,4.59667544263,-9999.0,-9999.0,-9999.0,51.5,249.127747252612,68.9006226677108,258296.54,673365.81,40,22,51.5
NS57SE_72,1,5_5,4.07358231911,-9999.0,-9999.0,-9999.0,45.2239990234,273.64508394647,76.1537459066818,258495.39,673359.89,28,16,45.224
NS57SE_73,1,5_5,2.70713363504,-9999.0,-9999.0,-9999.0,43.0870018005,27.1888050019486,22.1748119666812,258523.96,673352.55,12,8,43.087
NS57SE_74,1,5_5,3.43534760531,-9999.0,-9999.0,-9999.0,46.8559989929,70.8462515137117,34.726624472011,258472.2,673352.08,20,12,46.856
NS57SE_84,1,5_5,3.6455330404,-9999.0,-9999.0,-9999.0,51.4070014954,387.774942762244,107.373575050184,258273.46,673348.72,48,26,51.407
NS57SE_91,1,5_5,6.60588607006,-9999.0,-9999.0,-9999.0,41.5530014038,280.839162413244,87.1696939245423,258523.66,673330.86,36,20,41.553
NS57SE_92,1,5_5,3.18241582891,-9999.0,-9999.0,-9999.0,50.7243347168,47.765501254776,28.5850692036938,258264.78,673322.92,12,8,50.724
NS57SE_96,1,5_5,7.09199016674,-9999.0,-9999.0,-9999.0,41.8880004883,237.548167825659,64.105812933885,258506.23,673321.98,20,12,41.888
NS57SE_2530,1,6_0,46.5044543916,-9999.0,-9999.0,-9999.0,54.4970016479,554.068074454447,109.651796870162,259219.26,670073.48,28,16,54.497
NS57SE_2536,1,6_0,4.88844187448,-9999.0,-9999.0,-9999.0,54.9550018311,186.612918691951,74.5749457175398,259099.84,670054.56,44,24,54.955
NS57SE_2539,1,6_0,45.8881625905,-9999.0,-9999.0,-9999.0,54.533000946,568.91901606775,110.162940644005,259152.11,670055.58,28,16,54.533
NS57SE_2549,1,6_0,46.5131702806,-9999.0,-9999.0,-9999.0,53.6240005493,553.537981356256,109.264051283692,259278.16,670037.12,28,16,53.624
NS57SE_2555,1,6_0,5.12306087734,-9999.0,-9999.0,-9999.0,54.8619995117,450.643699170858,106.018176211581,259099.79,670026.64,44,24,54.862
NS57SE_2558,1,6_0,3.85376155123,-9999.0,-9999.0,-9999.0,53.6329994202,109.105172930178,43.3344680851782,259009.77,670008.75,12,8,53.633
NS57SE_2230,1,6_1,4.57530077247,-9999.0,-9999.0,-9999.0,63.1069984436,792.594611095806,200.872392926945,258758.28,670666.13,84,44,63.107
NS57SE_2237,1,6_1,2.82922060317,-9999.0,-9999.0,-9999.0,62.1549987793,92.2751164323807,40.730803549543,258757.09,670639.33,20,12,62.155
NS57SE_1072,1,6_2,2.60112718314,-9999.0,-9999.0,-9999.0,60.8720016479,33.8140950046316,29.4159581359159,258817.02,671813.4,8,6,60.872
NS57SE_1078,1,6_2,2.48318232974,-9999.0,-9999.0,-9999.0,60.9410018921,95.3231389553241,39.9038926041785,258804.79,671806.24,12,8,60.941
NS57SE_1116,1,6_2,3.58582767687,-9999.0,-9999.0,-9999.0,60.9140014648,79.5831756649572,44.9944884273052,258828.95,671758.69,20,12,60.914
NS57SE_1162,1,6_2,4.50409896064,-9999.0,-9999.0,-9999.0,60.8520011902,404.513185675536,135.536575429188,258908.53,671719.48,76,40,60.852
NS57SE_1261,1,6_2,9.28904592716,-9999.0,-9999.0,-9999.0,60.7900009155,15182.479032276,558.917555421597,258832.12,671664.19,116,60,60.79
NS57SE_695,1,6_3,5.21553288801,-9999.0,-9999.0,-9999.0,50.3693313599,333.447455792727,99.7892280184666,259247.22,672311.02,60,32,50.369
NS57SE_698,1,6_3,2.99510202063,-9999.0,-9999.0,-9999.0,52.1430015564,62.872475069708,32.6231837229783,259275.21,672298.09,12,8,52.143
NS57SE_707,1,6_3,4.86754950896,-9999.0,-9999.0,-9999.0,52.3330001831,200.405195167692,63.6252692315128,259268.45,672281.59,36,20,52.333
NS57SE_731,1,6_3,7.04427466401,-9999.0,-9999.0,-9999.0,52.1129989624,580.84761859434,116.428237799195,259218.44,672249.65,28,16,52.113
NS57SE_742,1,6_3,4.68804633206,-9999.0,-9999.0,-9999.0,53.3699989319,243.645970068397,81.5460627583396,259291.62,672234.7,44,24,53.37
NS57SE_755,1,6_3,4.93418515716,-9999.0,-9999.0,-9999.0,51.7060012817,923.177635153595,144.02844128436,259050.53,672227.58,44,24,51.706
NS57SE_757,1,6_3,5.07320302179,-9999.0,-9999.0,-9999.0,52.9550018311,133.198446188093,50.9147535918383,259219.75,672218.82,28,16,52.955
NS57SE_763,1,6_3,3.95606137323,-9999.0,-9999.0,-9999.0,52.1910018921,169.488767276243,55.8700295954471,259138.24,672211.63,28,16,52.191
NS57SE_764,1,6_3,2.01050346128,-9999.0,-9999.0,-9999.0,53.358001709,70.4920237475438,39.9122579720447,259238.69,672206.32,16,10,53.358
NS57SE_767,1,6_3,5.47531332597,-9999.0,-9999.0,-9999.0,53.4770011902,99.7293169143907,40.1586124854148,259229.34,672201.99,12,8,53.477
NS57SE_771,1,6_3,3.28388381586,-9999.0,-9999.0,-9999.0,52.6930007935,44.4237299941344,34.4798742501588,259120.41,672194.85,16,10,52.693
NS57SE_787,1,6_3,6.34908621993,-9999.0,-9999.0,-9999.0,52.6710014343,533.449655961044,99.8918437662047,259028.63,672193.44,20,12,52.671
NS57SE_789,1,6_3,5.36811339437,-9999.0,-9999.0,-9999.0,52.1010017395,1659.06654303331,285.932288922125,259096.3,672201.27,92,48,52.101
NS57SE_804,1,6_3,7.68389768984,-9999.0,-9999.0,-9999.0,52.7410011292,483.477039524397,107.224420275453,259010.49,672179.32,12,8,52.741
NS57SE_809,1,6_3,4.9604861952,-9999.0,-9999.0,-9999.0,52.5569992065,502.129416916848,107.965556922723,258997.79,672174.32,20,12,52.557
NS57SE_837,1,6_3,5.32449166366,-9999.0,-9999.0,-9999.0,52.8790016174,1249.97502239951,143.877040808763,258975.44,672142.28,28,16,52.879
NS57SE_2388,1,7_0,5.2101501018,-9999.0,-9999.0,-9999.0,61.4589996338,587.812335863823,111.856086339761,259956.72,670423.75,44,24,61.459
NS57SE_2402,1,7_0,6.27024903113,-9999.0,-9999.0,-9999.0,59.8779983521,5182.4145737525,689.267215969292,259850.33,670412.19,164,82,59.878
NS57SE_2473,1,7_0,4.64032752349,-9999.0,-9999.0,-9999.0,59.6290016174,240.725350021109,69.1897018305371,259682.84,670193.18,20,12,59.629
NS57SE_2479,1,7_0,3.62147337189,-9999.0,-9999.0,-9999.0,58.9889984131,344.469333904474,102.126056876177,259666.21,670181.42,28,16,58.989
NS57SE_2480,1,7_0,3.29738193088,-9999.0,-9999.0,-9999.0,59.3429985046,26.9513089223206,24.081777518455,259650.58,670168.74,12,8,59.343
NS57SE_2485,1,7_0,2.86267284153,-9999.0,-9999.0,-9999.0,61.1459999084,155.376484557761,69.526253377087,259693.68,670164.37,20,12,61.146
NS57SE_2492,1,7_0,3.44510017557,-9999.0,-9999.0,-9999.0,61.8520011902,218.442360498777,62.8943852436541,259707.88,670145.51,44,24,61.852
NS57SE_2506,1,7_0,4.54018522082,-9999.0,-9999.0,-9999.0,58.1269989014,1250.65006714766,282.014464530124,259654.61,670145.41,164,84,58.127
NS57SE_1202,1,7_2,3.18953514099,-9999.0,-9999.0,-9999.0,69.111000061,70.8492419634702,35.7419940744757,259470.76,671654.06,12,8,69.111
NS57SE_1204,1,7_2,3.89098648527,-9999.0,-9999.0,-9999.0,69.4199981689,496.192785778076,189.33405985616,259404.86,671652.68,104,54,69.42
NS57SE_1436,1,7_2,10.4166872238,-9999.0,-9999.0,-9999.0,64.5019989014,698.216861107408,134.09825112611,259525.13,671481.48,68,36,64.502
NS57SE_631,1,7_3,4.47428312928,-9999.0,-9999.0,-9999.0,52.986000061,321.297176074755,76.1857536275804,259731.1,672479.64,12,8,52.986
NS57SE_636,1,7_3,3.72326539044,-9999.0,-9999.0,-9999.0,52.9350013733,159.053122072841,60.3999448489479,259725.19,672465.7,36,20,52.935
NS57SE_653,1,7_3,2.21328624781,-9999.0,-9999.0,-9999.0,53.5559997559,62.4116715069214,44.1195845326471,259715.16,672412.16,24,14,53.556
NS57SE_658,1,7_3,4.78435609147,-9999.0,-9999.0,-9999.0,52.7070007324,267.487664182179,84.0390733772716,259692.18,672403.06,32,18,52.707
NS57SE_670,1,7_3,3.74854225782,-9999.0,-9999.0,-9999.0,52.6749992371,45.9309633675877,30.7228839496397,259541.92,672366.16,20,12,52.675
NS57SE_682,1,7_3,2.8836273987,-9999.0,-9999.0,-9999.0,54.9840011597,80.0805038586032,46.3818382579644,259622.09,672337.14,28,16,54.984
NS57SE_689,1,7_3,9.26717451605,-9999.0,-9999.0,-9999.0,54.7229995728,5992.38491366912,344.100536729216,259693.59,672355.27,28,16,54.723
NS57SE_693,1,7_3,2.83152977381,-9999.0,-9999.0,-9999.0,55.1010017395,103.127296108021,45.4862783647635,259630.65,672305.23,20,12,55.101
NS57SE_719,1,7_3,9.72616592611,-9999.0,-9999.0,-9999.0,55.888999939,6258.64769759025,384.522255495738,259711.51,672293.27,44,24,55.889
NS57SE_776,1,7_3,9.22894253993,-9999.0,-9999.0,-9999.0,56.7200012207,6392.70626065297,382.594572894806,259728.63,672227.96,100,52,56.72
NS57SE_857,1,7_3,3.7121657391,-9999.0,-9999.0,-9999.0,70.3051147461,129.411220528407,51.8232533150002,259867.19,672103.84,36,20,70.305
