uid,lod,cell,height,height_max,height_min,height_pct90,ground_z,footprint_area,footprint_length,centre_e,centre_n,n_triangles,n_vertices,zmin_odn
NS76SW_2679,1,-1_2,2.92389552685,-9999.0,-9999.0,-9999.0,66.5640029907,153.217647710981,60.5542164759044,269998.96,661843.48,36,20,66.564
NS76SW_2254,1,0_0,8.63483880902,-9999.0,-9999.0,-9999.0,44.0379981995,90.4371821204114,55.9671104553095,270367.82,660620.46,12,8,44.038
NS76SW_2256,1,0_0,3.63562558227,-9999.0,-9999.0,-9999.0,42.1809997559,135.72852550356,46.9230019929177,270004.22,660616.05,12,8,42.181
NS76SW_2258,1,0_0,5.50387098577,-9999.0,-9999.0,-9999.0,41.1310005188,123.552402092687,50.3037076929491,270110.14,660610.23,36,20,41.131
NS76SW_2260,1,0_0,3.23526691255,-9999.0,-9999.0,-9999.0,41.9570007324,199.086312914371,89.5371357985553,270041.12,660607.68,44,24,41.957
NS76SW_2262,1,0_0,6.05809755425,-9999.0,-9999.0,-9999.0,41.1290016174,276.787241771386,76.4886642306054,270092.89,660602.8,28,16,41.129
NS76SW_2263,1,0_0,5.63196640015,-9999.0,-9999.0,-9999.0,39.4710006714,244.284017087794,80.4193711326711,270181.38,660601.51,36,20,39.471
NS76SW_2265,1,0_0,5.85971002226,-9999.0,-9999.0,-9999.0,40.908000946,110.634614454321,43.9263066118657,270129.56,660589.58,20,12,40.908
NS76SW_2274,1,0_0,6.24231120203,-9999.0,-9999.0,-9999.0,39.2690010071,228.889798098948,64.4387654965961,270293.87,660567.19,20,12,39.269
NS76SW_2275,1,0_0,5.27555206485,-9999.0,-9999.0,-9999.0,40.2929992676,402.949348729327,122.465947920112,270157.41,660567.41,76,40,40.293
NS76SW_2277,1,0_0,6.12064055309,-9999.0,-9999.0,-9999.0,40.1310005188,110.258201147301,42.200275869004,270304.74,660554.44,12,8,40.131
NS76SW_2278,1,0_0,5.56917006322,-9999.0,-9999.0,-9999.0,37.9319992065,725.454244270434,178.761656993937,270217.29,660569.28,112,58,37.932
NS76SW_2280,1,0_0,10.8804118382,-9999.0,-9999.0,-9999.0,42.263999939,2038.4813278696,233.883875619254,270037.76,660566.78,92,48,42.264
NS76SW_2283,1,0_0,5.25328170581,-9999.0,-9999.0,-9999.0,38.716999054,300.522870506519,95.4256699440933,270187.21,660551.29,44,24,38.717
NS76SW_2285,1,0_0,5.58668035003,-9999.0,-9999.0,-9999.0,39.6549987793,255.835080662865,75.3420017501073,270274.17,660543.1,36,20,39.655
NS76SW_2286,1,0_0,5.99269236552,-9999.0,-9999.0,-9999.0,40.3810005188,226.994796888528,65.3195516290784,270315.75,660541.41,20,12,40.381
NS76SW_2288,1,0_0,5.20029403876,-9999.0,-9999.0,-9999.0,40.1510009766,316.755329298357,96.3240662435507,270163.51,660538.49,48,26,40.151
NS76SW_2289,1,0_0,6.03236753207,-9999.0,-9999.0,-9999.0,38.7960014343,110.240460755018,42.1939486139333,270247.91,660534.73,12,8,38.796
NS76SW_2291,1,0_0,6.16511534723,-9999.0,-9999.0,-9999.0,40.1730003357,107.061043595373,41.6361358670089,270325.78,660528.34,12,8,40.173
NS76SW_2293,1,0_0,5.69462116682,-9999.0,-9999.0,-9999.0,38.9090003967,132.928194069086,50.3777645448655,270256.31,660524.91,20,12,38.909
NS76SW_2296,1,0_0,6.21275562384,-9999.0,-9999.0,-9999.0,40.341999054,99.2720933385262,39.8559742587711,270299.31,660518.16,12,8,40.342
NS76SW_2298,1,0_0,7.09036454075,-9999.0,-9999.0,-9999.0,38.4790000916,3275.47156673566,307.305073512342,270567.79,660556.89,108,56,38.479
NS76SW_2299,1,0_0,6.21051289485,-9999.0,-9999.0,-9999.0,40.2980003357,113.179728527618,42.5952028866518,270288.39,660513.37,12,8,40.298
NS76SW_2300,1,0_0,3.10371272085,-9999.0,-9999.0,-9999.0,40.5040016174,104.901999834987,43.7436126416789,270315.04,660511.84,12,8,40.504
NS76SW_2302,1,0_0,5.39905165838,-9999.0,-9999.0,-9999.0,39.4399986267,125.119625558971,48.5934291564569,270267.58,660509.01,20,12,39.44
NS76SW_2304,1,0_0,4.85871989202,-9999.0,-9999.0,-9999.0,40.358001709,1361.19713461314,373.414481812834,270125.92,660545.83,200,102,40.358
NS76SW_2305,1,0_0,6.03385092913,-9999.0,-9999.0,-9999.0,40.1220016479,331.885927756106,103.710952879342,270340.46,660511.56,28,16,40.122
NS76SW_2307,1,0_0,6.73197475962,-9999.0,-9999.0,-9999.0,42.1450004578,188.247669660832,56.6843662399743,270020.54,660501.81,12,8,42.145
NS76SW_2308,1,0_0,5.4786430518,-9999.0,-9999.0,-9999.0,39.141998291,465.582410888751,124.307129874494,270185.64,660509.05,60,32,39.142
NS76SW_2310,1,0_0,6.73464698585,-9999.0,-9999.0,-9999.0,42.0029983521,190.200504364778,59.9006650145984,270043.46,660499.32,28,16,42.003
NS76SW_2311,1,0_0,6.77832985953,-9999.0,-9999.0,-9999.0,41.9430007935,192.409663150262,57.1827797222645,270066.45,660495.75,12,8,41.943
NS76SW_2314,1,0_0,5.81220021385,-9999.0,-9999.0,-9999.0,38.2439994812,621.691485054147,189.287257491804,270225.65,660510.15,88,46,38.244
NS76SW_2316,1,0_0,6.99334702245,-9999.0,-9999.0,-9999.0,41.7859992981,185.163896769948,56.2986183815869,270090.59,660490.84,12,8,41.786
NS76SW_2317,1,0_0,4.52014817373,-9999.0,-9999.0,-9999.0,39.2010002136,251.967778668998,93.0971019691449,270154.32,660490.29,52,28,39.201
NS76SW_2318,1,0_0,5.63700556046,-9999.0,-9999.0,-9999.0,40.5820007324,358.886414955201,104.609073165285,270309.31,660491.47,52,28,40.582
NS76SW_2319,1,0_0,5.72121800139,-9999.0,-9999.0,-9999.0,39.4459991455,255.842413292283,94.9964041517129,270275.62,660492.45,44,24,39.446
NS76SW_2321,1,0_0,5.8502389955,-9999.0,-9999.0,-9999.0,38.1500015259,149.837796271267,49.2020700310947,270211.36,660485.32,12,8,38.15
NS76SW_2322,1,0_0,6.19825838764,-9999.0,-9999.0,-9999.0,39.9990005493,223.943012916864,87.8217516108045,270358.81,660489.58,32,20,39.999
NS76SW_2324,1,0_0,5.74682941731,-9999.0,-9999.0,-9999.0,38.108001709,152.425528136522,51.9517594740174,270197.38,660479.57,20,12,38.108
NS76SW_2325,1,0_0,5.45720920563,-9999.0,-9999.0,-9999.0,40.0540008545,116.830737143614,46.2613175008333,270283.8,660478.2,20,12,40.054
NS76SW_2326,1,0_0,9.56803779497,-9999.0,-9999.0,-9999.0,43.4140014648,95.1072909693207,57.1401961795408,270442.76,660479.74,12,8,43.414
NS76SW_2327,1,0_0,5.77059846454,-9999.0,-9999.0,-9999.0,38.2385025024,153.909402503248,51.2494370309448,270167.29,660475.91,20,12,38.239
NS76SW_2329,1,0_0,5.27546354635,-9999.0,-9999.0,-9999.0,38.1209983826,157.242237447029,54.1447907877825,270184.8,660473.48,20,12,38.121
NS76SW_2330,1,0_0,5.9101471795,-9999.0,-9999.0,-9999.0,39.1840019226,142.165992637861,48.0664164544682,270248.42,660470.02,12,8,39.184
NS76SW_2331,1,0_0,5.60005788373,-9999.0,-9999.0,-9999.0,39.9010009766,163.634471649931,57.9602418886191,270361.82,660470.35,20,12,39.901
NS76SW_2332,1,0_0,6.80434780535,-9999.0,-9999.0,-9999.0,41.7999992371,186.126547687042,56.3756098368247,270039.35,660467.64,12,8,41.8
NS76SW_2333,1,0_0,6.33957048099,-9999.0,-9999.0,-9999.0,42.016998291,215.908953800231,66.8661748460937,270016.41,660468.75,28,16,42.017
NS76SW_2334,1,0_0,3.00399338887,-9999.0,-9999.0,-9999.0,40.6479988098,48.3340575018861,27.8577482058228,270348.95,660463.16,12,8,40.648
NS76SW_2335,1,0_0,7.03097026596,-9999.0,-9999.0,-9999.0,41.6279983521,191.960128543893,57.0001188391831,270062.34,660464.4,12,8,41.628
NS76SW_2336,1,0_0,5.60880581764,-9999.0,-9999.0,-9999.0,40.6440010071,125.501479785068,49.9719260743913,270338.11,660466.57,20,12,40.644
NS76SW_2337,1,0_0,5.25879490033,-9999.0,-9999.0,-9999.0,40.6380004883,160.005739856596,55.4062766382097,270326.15,660466.29,20,12,40.638
NS76SW_2340,1,0_0,6.15470798802,-9999.0,-9999.0,-9999.0,40.9640007019,238.119375669839,75.3315502168199,270089.68,660462.81,28,16,40.964
NS76SW_2341,1,0_0,6.48270970746,-9999.0,-9999.0,-9999.0,40.358001709,140.7662701281,47.6762104451989,270311.65,660457.86,12,8,40.358
NS76SW_2342,1,0_0,5.09644363641,-9999.0,-9999.0,-9999.0,38.2929992676,203.698924480945,68.5281855362803,270155.0,660461.54,36,20,38.293
NS76SW_2345,1,0_0,5.36783302383,-9999.0,-9999.0,-9999.0,40.1829986572,153.846977730324,54.3874425110163,270295.7,660452.96,20,12,40.183
NS76SW_2349,1,0_0,3.81565619297,-9999.0,-9999.0,-9999.0,37.6409988403,48.9543562429914,36.0659536650881,270577.08,660445.42,16,10,37.641
NS76SW_2350,1,0_0,5.82503675704,-9999.0,-9999.0,-9999.0,38.4589996338,469.609093141868,143.308986319025,270217.49,660451.77,72,38,38.459
NS76SW_2351,1,0_0,5.90576744418,-9999.0,-9999.0,-9999.0,40.1599998474,146.384154962933,48.7353636108981,270282.59,660446.47,12,8,40.16
NS76SW_2352,1,0_0,2.44301851661,-9999.0,-9999.0,-9999.0,40.9778442383,59.8884496224738,32.3031377332018,270058.54,660441.09,12,8,40.978
NS76SW_2354,1,0_0,3.95636350563,-9999.0,-9999.0,-9999.0,37.6189994812,88.6833347846113,40.1391719676545,270559.15,660442.19,28,16,37.619
NS76SW_2355,1,0_0,7.44448085785,-9999.0,-9999.0,-9999.0,40.9739990234,104.543691694206,41.0196145818005,270370.89,660439.63,12,8,40.974
NS76SW_2356,1,0_0,6.36413290579,-9999.0,-9999.0,-9999.0,40.5979995728,294.006131145644,76.1361013216265,270391.44,660445.07,12,8,40.598
NS76SW_2357,1,0_0,6.57806371923,-9999.0,-9999.0,-9999.0,41.1529998779,130.761405612127,48.8198712296596,270359.69,660436.77,20,12,41.153
NS76SW_2358,1,0_0,6.15186464062,-9999.0,-9999.0,-9999.0,38.641998291,293.496137409173,76.898249699403,270183.92,660437.54,20,12,38.642
NS76SW_2359,1,0_0,6.3683189073,-9999.0,-9999.0,-9999.0,40.5159988403,330.629611405012,76.273147863345,270424.29,660436.72,12,8,40.516
NS76SW_2360,1,0_0,5.90348778212,-9999.0,-9999.0,-9999.0,39.3759994507,454.524696988777,128.260341935781,270263.46,660443.92,48,26,39.376
NS76SW_2361,1,0_0,6.09705045726,-9999.0,-9999.0,-9999.0,41.5279998779,114.31530587683,42.8172438639226,270348.24,660429.47,12,8,41.528
NS76SW_2362,1,0_0,5.49687486742,-9999.0,-9999.0,-9999.0,38.4809989929,171.994320160744,59.3100521486461,270163.19,660431.31,20,12,38.481
NS76SW_2363,1,0_0,3.97218682637,-9999.0,-9999.0,-9999.0,37.3089981079,316.998526541845,102.833379314542,270622.37,660430.68,92,48,37.309
NS76SW_2364,1,0_0,6.34935239391,-9999.0,-9999.0,-9999.0,41.7159996033,343.452763876205,113.252336911615,270023.72,660431.69,28,16,41.716
NS76SW_2366,1,0_0,2.66326586405,-9999.0,-9999.0,-9999.0,40.0200004578,24.4186312490963,23.0165756170306,270256.15,660419.02,8,6,40.02
NS76SW_2367,1,0_0,6.17119327617,-9999.0,-9999.0,-9999.0,40.9469985962,123.486517617341,45.763285089,270394.95,660422.82,20,12,40.947
NS76SW_2368,1,0_0,6.38127944946,-9999.0,-9999.0,-9999.0,41.6969985962,166.86946291862,55.785520256518,270334.18,660423.31,28,16,41.697
NS76SW_2371,1,0_0,6.60294875749,-9999.0,-9999.0,-9999.0,41.1040000916,165.80178475682,55.7502787533495,270051.95,660419.19,12,8,41.104
NS76SW_2372,1,0_0,6.46302731832,-9999.0,-9999.0,-9999.0,41.5460014343,114.333767197941,42.9793680749992,270237.42,660419.29,12,8,41.546
NS76SW_2373,1,0_0,6.42661026446,-9999.0,-9999.0,-9999.0,41.5320014954,141.297863651527,47.5888894485352,270221.77,660418.09,12,8,41.532
NS76SW_2375,1,0_0,6.34685221309,-9999.0,-9999.0,-9999.0,41.8069992065,147.854158619249,49.4148192982162,270320.0,660417.96,20,12,41.807
NS76SW_2376,1,0_0,3.12215380697,-9999.0,-9999.0,-9999.0,41.216999054,42.9204300012068,26.2166821013309,270246.04,660412.65,12,8,41.217
NS76SW_2377,1,0_0,6.08417302678,-9999.0,-9999.0,-9999.0,41.0750007629,118.680411998041,43.6016845974651,270403.7,660413.24,12,8,41.075
NS76SW_2379,1,0_0,6.44310231941,-9999.0,-9999.0,-9999.0,41.53099823,167.546458653891,60.6057674084832,270207.65,660413.88,36,20,41.531
NS76SW_2380,1,0_0,6.61890029285,-9999.0,-9999.0,-9999.0,41.8540000916,155.34523643033,51.9612986753115,270305.53,660411.98,20,12,41.854
NS76SW_2381,1,0_0,6.46470081064,-9999.0,-9999.0,-9999.0,41.5909996033,141.692436584615,47.6414955814986,270192.49,660405.99,12,8,41.591
NS76SW_2382,1,0_0,6.48690667333,-9999.0,-9999.0,-9999.0,41.3240013123,162.844172132518,52.7440616458245,270369.6,660407.19,20,12,41.324
NS76SW_2383,1,0_0,6.29990859686,-9999.0,-9999.0,-9999.0,41.7690010071,133.448797163351,48.8254152975327,270291.06,660406.27,20,12,41.769
NS76SW_2384,1,0_0,3.08435878209,-9999.0,-9999.0,-9999.0,41.6629981995,44.06356500181,26.5542897624703,270337.75,660399.3,12,8,41.663
NS76SW_2385,1,0_0,5.9041589525,-9999.0,-9999.0,-9999.0,41.216999054,91.8235092052742,39.7511737021096,270406.99,660401.66,12,8,41.217
NS76SW_2386,1,0_0,6.07415205638,-9999.0,-9999.0,-9999.0,41.6180000305,158.675466581012,53.8945900978257,270277.43,660400.82,40,22,41.618
NS76SW_2388,1,0_0,6.50643109846,-9999.0,-9999.0,-9999.0,41.6640014648,117.565463600297,43.6791008614181,270347.9,660399.21,12,8,41.664
NS76SW_2390,1,0_0,6.65979864578,-9999.0,-9999.0,-9999.0,41.4211578369,155.898185101636,51.9621366233093,270177.74,660398.48,20,12,41.421
NS76SW_2391,1,0_0,3.08085931254,-9999.0,-9999.0,-9999.0,41.625,43.4822212506019,26.4024386168461,270325.15,660394.09,12,8,41.625
NS76SW_2392,1,0_0,6.83322285449,-9999.0,-9999.0,-9999.0,42.0419998169,190.933596357915,56.8313263897301,270007.81,660395.33,12,8,42.042
NS76SW_2393,1,0_0,6.23356490774,-9999.0,-9999.0,-9999.0,41.2620010376,74.4022963573809,34.9739039856595,270383.55,660392.59,12,8,41.262
NS76SW_2395,1,0_0,6.30328002809,-9999.0,-9999.0,-9999.0,41.6730003357,98.9209332413487,39.939965333501,270223.89,660392.29,12,8,41.673
NS76SW_2396,1,0_0,9.98583430097,-9999.0,-9999.0,-9999.0,40.3909988403,413.602597365658,84.4576268697688,270450.55,660400.34,28,16,40.391
NS76SW_2397,1,0_0,6.46309191501,-9999.0,-9999.0,-9999.0,41.6440010071,113.794623911837,42.8973813296869,270246.91,660392.02,12,8,41.644
NS76SW_2398,1,0_0,6.23986733647,-9999.0,-9999.0,-9999.0,41.2649993896,74.5581465758922,34.9393502028248,270413.31,660391.2,12,8,41.265
NS76SW_2399,1,0_0,6.3370162377,-9999.0,-9999.0,-9999.0,41.6189994812,149.217950897577,51.2846657399315,270262.48,660393.77,28,16,41.619
NS76SW_2401,1,0_0,6.84486102816,-9999.0,-9999.0,-9999.0,42.0439987183,202.326554529779,66.2034019905679,270030.13,660390.51,28,16,42.044
NS76SW_2402,1,0_0,6.75255412456,-9999.0,-9999.0,-9999.0,41.811000824,196.839283547993,57.8564046610621,270052.33,660389.14,12,8,41.811
NS76SW_2403,1,0_0,3.3106035705,-9999.0,-9999.0,-9999.0,40.8009986877,29.1211049963745,22.2491866566179,270432.09,660384.49,12,8,40.801
NS76SW_2405,1,0_0,6.50484361472,-9999.0,-9999.0,-9999.0,41.8709983826,110.227007278895,42.200515048399,270317.95,660386.87,12,8,41.871
NS76SW_2407,1,0_0,6.26425876617,-9999.0,-9999.0,-9999.0,41.3240013123,77.0530715972101,35.5653554706124,270389.76,660384.34,12,8,41.324
NS76SW_2408,1,0_0,2.83610902753,-9999.0,-9999.0,-9999.0,41.6510009766,63.0555075124626,41.3613725446906,270244.57,660383.02,24,14,41.651
NS76SW_2409,1,0_0,6.23390049045,-9999.0,-9999.0,-9999.0,41.063999176,76.5472545556222,35.3120094349986,270421.57,660383.64,12,8,41.064
NS76SW_2410,1,0_0,6.41406934112,-9999.0,-9999.0,-9999.0,41.5159988403,139.157732605744,47.2161738951935,270353.3,660385.35,12,8,41.516
NS76SW_2412,1,0_0,5.34593045965,-9999.0,-9999.0,-9999.0,38.5019989014,399.057635716409,95.6297579673422,270103.35,660392.63,44,24,38.502
NS76SW_2414,1,0_0,7.47320739866,-9999.0,-9999.0,-9999.0,41.6959991455,98.3577795220226,39.7884849423056,270289.85,660378.77,12,8,41.696
NS76SW_2415,1,0_0,5.86394696397,-9999.0,-9999.0,-9999.0,41.5029983521,135.662070721508,51.7025143331538,270194.11,660378.93,28,16,41.503
NS76SW_2416,1,0_0,2.74317932129,-9999.0,-9999.0,-9999.0,42.2509994507,23.941042494332,26.080726374709,270025.01,660374.25,16,10,42.251
NS76SW_2417,1,0_0,5.98548871447,-9999.0,-9999.0,-9999.0,41.841999054,156.168476870518,54.750773878452,270229.44,660379.03,28,16,41.842
NS76SW_2418,1,0_0,4.67782393364,-9999.0,-9999.0,-9999.0,37.5149993896,947.697881640333,258.273727472187,270578.38,660399.05,172,88,37.515
NS76SW_2419,1,0_0,6.22014852303,-9999.0,-9999.0,-9999.0,40.9189987183,81.1044077803179,36.505228759412,270427.34,660375.34,12,8,40.919
NS76SW_2422,1,0_0,7.46111209052,-9999.0,-9999.0,-9999.0,41.3489990234,103.007825922914,40.7555335776001,270392.18,660372.75,12,8,41.349
NS76SW_2423,1,0_0,6.32579108079,-9999.0,-9999.0,-9999.0,41.2109985352,145.545618018149,50.655867562638,270358.63,660370.89,28,16,41.211
NS76SW_2424,1,0_0,5.66834730527,-9999.0,-9999.0,-9999.0,40.2620010376,148.301684010968,57.2183909564715,270458.75,660372.88,12,8,40.262
NS76SW_2425,1,0_0,6.12174912186,-9999.0,-9999.0,-9999.0,41.5499992371,115.98097240766,45.4918783436648,270198.89,660365.9,20,12,41.55
NS76SW_2426,1,0_0,5.86398251973,-9999.0,-9999.0,-9999.0,41.1319999695,137.260591487317,50.8973843082908,270399.09,660361.37,20,12,41.132
NS76SW_2427,1,0_0,5.59345959382,-9999.0,-9999.0,-9999.0,41.5830001831,198.533796365708,92.583198046576,270262.28,660363.9,52,28,41.583
NS76SW_2428,1,0_0,5.58297699304,-9999.0,-9999.0,-9999.0,41.7869987488,106.617438304255,55.2312022302715,270237.69,660358.15,28,16,41.787
NS76SW_2429,1,0_0,4.61620657184,-9999.0,-9999.0,-9999.0,41.9809989929,232.404261290205,62.891814075192,270027.62,660360.56,24,14,41.981
NS76SW_2430,1,0_0,4.20230078007,-9999.0,-9999.0,-9999.0,41.1539993286,526.825316932869,166.190586788382,270070.67,660370.51,104,54,41.154
NS76SW_2431,1,0_0,6.17432120507,-9999.0,-9999.0,-9999.0,41.2799987793,301.45526874647,102.916747885856,270325.37,660365.72,68,36,41.28
NS76SW_2432,1,0_0,2.52684569996,-9999.0,-9999.0,-9999.0,41.8660011292,90.7706100016266,40.5067567826576,270048.87,660355.8,20,12,41.866
NS76SW_2435,1,0_0,6.45729760731,-9999.0,-9999.0,-9999.0,40.9370002747,138.038506298834,47.0260006280112,270364.44,660356.46,12,8,40.937
NS76SW_2436,1,0_0,6.36334177878,-9999.0,-9999.0,-9999.0,41.5660018921,117.822880121649,43.4860130839468,270205.1,660354.64,12,8,41.566
NS76SW_2437,1,0_0,5.69223864819,-9999.0,-9999.0,-9999.0,42.2949981689,238.587481705905,68.0044575576189,270000.9,660354.8,28,16,42.295
NS76SW_2438,1,0_0,6.26426666433,-9999.0,-9999.0,-9999.0,41.1809997559,275.667509895189,87.8410525033397,270296.54,660359.46,44,24,41.181
NS76SW_2439,1,0_0,6.38068064075,-9999.0,-9999.0,-9999.0,42.0379981995,95.8161031323821,39.2761902862431,270238.92,660346.91,12,8,42.038
NS76SW_2440,1,0_0,6.54233702873,-9999.0,-9999.0,-9999.0,40.3409996033,286.228688212509,75.0680694098441,270456.35,660349.78,12,8,40.341
NS76SW_2441,1,0_0,6.19553940334,-9999.0,-9999.0,-9999.0,41.297000885,148.828004993032,51.4385925630779,270267.85,660346.2,20,12,41.297
NS76SW_2442,1,0_0,6.39482793387,-9999.0,-9999.0,-9999.0,40.9169998169,139.949261268011,47.3660944829241,270334.69,660344.08,12,8,40.917
NS76SW_2443,1,0_0,3.41543056188,-9999.0,-9999.0,-9999.0,41.7210006714,69.8593253183427,35.9574398576214,270084.18,660340.05,12,8,41.721
NS76SW_2444,1,0_0,6.26527898393,-9999.0,-9999.0,-9999.0,41.6570014954,99.5934159755603,40.0602311482781,270207.56,660341.61,12,8,41.657
NS76SW_2445,1,0_0,6.46779859039,-9999.0,-9999.0,-9999.0,40.7589988708,115.41074201422,44.302230878046,270370.57,660342.91,20,12,40.759
NS76SW_2446,1,0_0,6.07195976927,-9999.0,-9999.0,-9999.0,40.7210006714,200.702639011825,80.9970178237155,270394.06,660345.26,36,20,40.721
NS76SW_2447,1,0_0,2.61151125304,-9999.0,-9999.0,-9999.0,41.7400016785,44.8947562471239,27.9189856554661,270063.03,660339.6,12,8,41.74
NS76SW_2449,1,0_0,3.03435615091,-9999.0,-9999.0,-9999.0,40.6969985962,44.1021337452425,26.6140426321477,270364.06,660335.44,12,8,40.697
NS76SW_2450,1,0_0,6.39508926814,-9999.0,-9999.0,-9999.0,42.061000824,118.470360118272,43.5424883975875,270240.76,660334.82,16,10,42.061
NS76SW_2451,1,0_0,6.32228766547,-9999.0,-9999.0,-9999.0,41.0740013123,74.1911860535234,34.9231800375916,270275.02,660333.92,12,8,41.074
NS76SW_2452,1,0_0,5.64508660587,-9999.0,-9999.0,-9999.0,41.1129989624,177.454844524134,67.8551445283278,270309.29,660336.53,28,16,41.113
NS76SW_2454,1,0_0,2.95575015118,-9999.0,-9999.0,-9999.0,40.7750015259,45.2034037556447,26.9230026183428,270353.0,660331.01,12,8,40.775
NS76SW_2455,1,0_0,6.46905392999,-9999.0,-9999.0,-9999.0,40.7519989014,113.653296864855,42.8949090184475,270343.02,660331.46,12,8,40.752
NS76SW_2456,1,0_0,6.29694352864,-9999.0,-9999.0,-9999.0,41.7290000916,108.923447366906,41.8158189932512,270209.32,660329.4,12,8,41.729
NS76SW_2458,1,0_0,5.56941931203,-9999.0,-9999.0,-9999.0,40.90599823,108.403760454011,56.3378733986447,270274.89,660323.97,28,16,40.906
NS76SW_2459,1,0_0,10.0746887014,-9999.0,-9999.0,-9999.0,39.6069984436,408.535807998137,85.4983189212798,270494.46,660329.86,28,16,39.607
NS76SW_2460,1,0_0,3.1473339383,-9999.0,-9999.0,-9999.0,40.9430007935,53.2602674992976,29.4976596523825,270327.06,660322.39,12,8,40.943
NS76SW_2461,1,0_0,5.75054591146,-9999.0,-9999.0,-9999.0,41.4420013428,167.087963472971,56.5175152246914,270048.77,660324.95,28,16,41.442
NS76SW_2462,1,0_0,4.67464603685,-9999.0,-9999.0,-9999.0,41.436000824,158.535789583821,51.7502465002742,270104.79,660324.9,12,8,41.436
NS76SW_2463,1,0_0,6.32593555551,-9999.0,-9999.0,-9999.0,42.0250015259,100.337710405896,40.4532710124531,270243.62,660322.21,12,8,42.025
NS76SW_2464,1,0_0,4.68659341074,-9999.0,-9999.0,-9999.0,38.0419998169,713.900123802921,210.230226580255,270114.71,660344.33,144,74,38.042
NS76SW_2465,1,0_0,6.37193882519,-9999.0,-9999.0,-9999.0,40.9819984436,113.659562449246,42.8600184227318,270307.4,660320.36,12,8,40.982
NS76SW_2466,1,0_0,4.69303507626,-9999.0,-9999.0,-9999.0,41.5359992981,198.240461186234,62.4087163157076,270065.95,660320.67,28,16,41.536
NS76SW_2469,1,0_0,6.47646708093,-9999.0,-9999.0,-9999.0,39.8310012817,296.432958914615,76.8088072341662,270463.05,660322.8,12,8,39.831
NS76SW_2470,1,0_0,5.27205410259,-9999.0,-9999.0,-9999.0,41.9840011597,173.953977705659,53.311778084417,270012.29,660315.62,12,8,41.984
NS76SW_2472,1,0_0,4.51686562744,-9999.0,-9999.0,-9999.0,41.3870010376,211.158744128153,60.3892753080278,270081.78,660314.38,32,18,41.387
NS76SW_2473,1,0_0,6.13730601538,-9999.0,-9999.0,-9999.0,41.9790000916,74.1162466720619,34.8566933608067,270240.58,660309.28,12,8,41.979
NS76SW_2474,1,0_0,6.60354258433,-9999.0,-9999.0,-9999.0,40.1570014954,180.884051265361,55.2439012405967,270410.33,660314.32,12,8,40.157
NS76SW_2475,1,0_0,6.42903146511,-9999.0,-9999.0,-9999.0,40.9869995117,118.788409821993,44.3342550340061,270317.98,660310.48,20,12,40.987
NS76SW_2476,1,0_0,4.7789434203,-9999.0,-9999.0,-9999.0,41.8969993591,143.09461051003,50.7466712307824,270026.24,660310.16,28,16,41.897
NS76SW_2477,1,0_0,6.1310020082,-9999.0,-9999.0,-9999.0,41.7369995117,199.043124211784,75.0789824273753,270213.48,660311.89,44,24,41.737
NS76SW_2479,1,0_0,6.39628911608,-9999.0,-9999.0,-9999.0,40.0,256.769934810886,73.8163046209546,270441.15,660312.42,20,12,40.0
NS76SW_2480,1,0_0,6.09599410163,-9999.0,-9999.0,-9999.0,40.8520011902,106.84655729828,41.4482362980177,270265.66,660306.47,12,8,40.852
NS76SW_2482,1,0_0,6.37096066642,-9999.0,-9999.0,-9999.0,40.1430015564,232.321307737961,64.4942751700394,270387.41,660310.86,12,8,40.143
NS76SW_2485,1,0_0,2.53831957499,-9999.0,-9999.0,-9999.0,37.7569999695,38.3865225006926,24.968697912566,270151.73,660296.62,12,8,37.757
NS76SW_2486,1,0_0,6.30401750167,-9999.0,-9999.0,-9999.0,40.0069999695,144.48385007844,51.9592660685187,270417.06,660298.51,28,16,40.007
NS76SW_2487,1,0_0,6.346664521,-9999.0,-9999.0,-9999.0,40.8320007324,94.8175441427099,39.0856132624159,270271.38,660295.48,12,8,40.832
NS76SW_2488,1,0_0,5.78874939949,-9999.0,-9999.0,-9999.0,40.7760009766,78.4764885527096,36.7021169692816,270328.34,660294.41,12,8,40.776
NS76SW_2489,1,0_0,6.06136385881,-9999.0,-9999.0,-9999.0,40.5110015869,352.557009684939,108.388170651476,270360.98,660305.5,52,28,40.511
NS76SW_2491,1,0_0,7.02043997915,-9999.0,-9999.0,-9999.0,40.3489990234,182.959585596689,54.6774668521931,270098.64,660289.35,20,12,40.349
NS76SW_2492,1,0_0,6.55501174927,-9999.0,-9999.0,-9999.0,40.0540008545,186.87924746884,56.6718099873539,270395.23,660292.04,12,8,40.054
NS76SW_2494,1,0_0,5.52387147791,-9999.0,-9999.0,-9999.0,40.7050018311,129.784351608419,46.4839933001241,270273.75,660283.65,12,8,40.705
NS76SW_2495,1,0_0,5.6177146772,-9999.0,-9999.0,-9999.0,41.3989982605,156.279606061977,62.3789473868041,270214.48,660284.45,28,16,41.399
NS76SW_2496,1,0_0,6.07529789157,-9999.0,-9999.0,-9999.0,41.8106689453,235.990210762688,101.473040801915,270240.91,660288.1,44,24,41.811
NS76SW_2497,1,0_0,5.952106167,-9999.0,-9999.0,-9999.0,40.1930007935,231.277386995679,69.5509555594509,270117.59,660284.65,28,16,40.193
NS76SW_2498,1,0_0,5.43134231019,-9999.0,-9999.0,-9999.0,37.4560012817,212.330039757584,70.5025232736652,270134.08,660283.24,28,16,37.456
NS76SW_2499,1,0_0,4.45140822107,-9999.0,-9999.0,-9999.0,38.3120002747,183.357217707893,56.4092233102417,270156.7,660279.21,28,16,38.312
NS76SW_2500,1,0_0,6.66051918691,-9999.0,-9999.0,-9999.0,40.5960006714,257.864658996616,69.109531063773,270315.83,660280.63,12,8,40.596
NS76SW_2501,1,0_0,6.54964871997,-9999.0,-9999.0,-9999.0,40.2859992981,183.370459008146,55.9622660725738,270368.16,660280.67,12,8,40.286
NS76SW_2502,1,0_0,3.38736424446,-9999.0,-9999.0,-9999.0,40.4850006104,24.2823899968553,22.7059046944713,270336.82,660269.06,8,6,40.485
NS76SW_2504,1,0_0,6.35377786303,-9999.0,-9999.0,-9999.0,41.483001709,101.741366153046,40.4660173113878,270247.01,660270.58,12,8,41.483
NS76SW_2505,1,0_0,5.56977877863,-9999.0,-9999.0,-9999.0,42.158000946,253.928799811948,68.3095655775476,270032.13,660271.59,36,20,42.158
NS76SW_2506,1,0_0,5.78241059515,-9999.0,-9999.0,-9999.0,40.6150016785,147.694448991409,51.5435646298872,270513.81,660268.24,20,12,40.615
NS76SW_2508,1,0_0,6.66490229329,-9999.0,-9999.0,-9999.0,40.2369995117,129.371404510185,45.658546446203,270350.85,660263.89,12,8,40.237
NS76SW_2509,1,0_0,6.31259194274,-9999.0,-9999.0,-9999.0,40.7060012817,79.8384214789628,36.1470171658377,270291.28,660262.11,12,8,40.706
NS76SW_2510,1,0_0,2.73970492681,-9999.0,-9999.0,-9999.0,42.1829986572,20.9598899996305,21.9906720422307,270040.19,660257.7,8,6,42.183
NS76SW_2511,1,0_0,6.30165880079,-9999.0,-9999.0,-9999.0,40.672000885,74.1528527427508,34.931286768493,270319.2,660259.12,12,8,40.672
NS76SW_2512,1,0_0,6.17898120185,-9999.0,-9999.0,-9999.0,40.5569992065,124.538401514677,48.0726643627164,270501.18,660260.74,28,16,40.557
NS76SW_2513,1,0_0,3.25418757185,-9999.0,-9999.0,-9999.0,40.1800003052,66.1680066851051,34.4971747393157,270522.54,660257.94,28,16,40.18
NS76SW_2515,1,0_0,5.81844208614,-9999.0,-9999.0,-9999.0,40.6809997559,178.547510472212,65.9752764860199,270278.01,660262.38,28,16,40.681
NS76SW_2516,1,0_0,5.67018779822,-9999.0,-9999.0,-9999.0,40.5429992676,122.005926755061,47.191587424621,270488.2,660256.75,20,12,40.543
NS76SW_2517,1,0_0,5.88724687496,-9999.0,-9999.0,-9999.0,41.9090003967,250.299190342522,75.1464209473495,270066.92,660255.68,28,16,41.909
NS76SW_2518,1,0_0,6.56422465662,-9999.0,-9999.0,-9999.0,41.4710006714,129.032563385341,45.4831969177303,270225.84,660252.94,12,8,41.471
NS76SW_2519,1,0_0,6.39826732098,-9999.0,-9999.0,-9999.0,41.1710014343,147.54213921729,49.0819266747467,270263.08,660253.76,12,8,41.171
NS76SW_2520,1,0_0,5.49046263014,-9999.0,-9999.0,-9999.0,41.4020004272,108.322658551556,57.9663350611136,270248.18,660255.29,28,16,41.402
NS76SW_2521,1,0_0,5.55453861756,-9999.0,-9999.0,-9999.0,40.6839981079,109.033410819032,57.6201011113638,270326.28,660253.57,32,18,40.684
NS76SW_2522,1,0_0,6.22366302008,-9999.0,-9999.0,-9999.0,40.6240005493,116.560504027045,44.7737160362888,270477.3,660251.29,20,12,40.624
NS76SW_2524,1,0_0,5.77837869471,-9999.0,-9999.0,-9999.0,40.6940002441,117.477058998568,47.8097696065811,270466.07,660247.38,20,12,40.694
NS76SW_2525,1,0_0,5.62007468087,-9999.0,-9999.0,-9999.0,40.4760017395,115.024743183167,45.8455151336669,270516.29,660242.18,28,16,40.476
NS76SW_2526,1,0_0,6.44206511032,-9999.0,-9999.0,-9999.0,40.7949981689,109.236559207461,43.3737392231538,270455.23,660242.03,20,12,40.795
NS76SW_2529,1,0_0,10.4991947755,-9999.0,-9999.0,-9999.0,41.0890007019,570.685202581288,116.362395480447,270395.58,660240.99,20,12,41.089
NS76SW_2531,1,0_0,5.22293096644,-9999.0,-9999.0,-9999.0,40.8209991455,171.074776325455,61.0219257442876,270442.24,660235.11,36,20,40.821
NS76SW_2533,1,0_0,5.81970520978,-9999.0,-9999.0,-9999.0,40.4350013733,141.350487237448,55.4375061210909,270519.36,660229.47,36,20,40.435
NS76SW_2534,1,0_0,5.62966042183,-9999.0,-9999.0,-9999.0,41.9930000305,272.131983640234,74.6563943461838,270064.46,660227.0,28,16,41.993
NS76SW_2537,1,0_0,5.94063457142,-9999.0,-9999.0,-9999.0,40.311000824,125.162735292343,47.8710902794031,270491.42,660222.09,28,16,40.311
NS76SW_2538,1,0_0,6.15364387914,-9999.0,-9999.0,-9999.0,40.2241783142,346.922753779401,94.1413169255116,270094.49,660233.41,12,8,40.224
NS76SW_2539,1,0_0,3.07546551558,-9999.0,-9999.0,-9999.0,41.3769989014,35.1226424962243,23.7322931130757,270385.65,660217.46,12,8,41.377
NS76SW_2540,1,0_0,6.19857807903,-9999.0,-9999.0,-9999.0,40.4920005798,97.4844480592578,40.8345330649184,270525.1,660216.86,20,12,40.492
NS76SW_2541,1,0_0,5.84920714638,-9999.0,-9999.0,-9999.0,40.5229988098,140.015341604294,55.1899848800809,270477.39,660214.39,36,20,40.523
NS76SW_2542,1,0_0,5.5084698617,-9999.0,-9999.0,-9999.0,40.6430015564,149.721384309331,56.102222613366,270464.03,660210.26,36,20,40.643
NS76SW_2544,1,0_0,6.45978548779,-9999.0,-9999.0,-9999.0,40.5680007935,110.648799620299,43.6700305150123,270530.74,660205.63,20,12,40.568
NS76SW_2545,1,0_0,2.46148159234,-9999.0,-9999.0,-9999.0,41.2120018005,103.928108186762,47.2272442044495,270066.85,660204.81,12,8,41.212
NS76SW_2546,1,0_0,3.70651275707,-9999.0,-9999.0,-9999.0,41.9311218262,214.614330766736,66.7115047609649,270043.95,660203.7,12,8,41.931
NS76SW_2547,1,0_0,6.08414849872,-9999.0,-9999.0,-9999.0,41.1129989624,126.105002731459,47.9028052842549,270427.52,660196.88,28,16,41.113
NS76SW_2548,1,0_0,6.21913891747,-9999.0,-9999.0,-9999.0,40.5550003052,96.956107880037,40.5452925258066,270534.09,660194.7,20,12,40.555
NS76SW_2549,1,0_0,4.4160428972,-9999.0,-9999.0,-9999.0,41.0740013123,753.254220100337,141.983209975444,270342.53,660202.93,12,8,41.074
NS76SW_2550,1,0_0,5.76687749456,-9999.0,-9999.0,-9999.0,40.734664917,141.29127361867,55.4998399664294,270503.32,660194.33,36,20,40.735
NS76SW_2551,1,0_0,2.98090372721,-9999.0,-9999.0,-9999.0,40.2099990845,22.775377499911,22.3750441209987,270077.32,660186.82,8,6,40.21
NS76SW_2552,1,0_0,4.01046184013,-9999.0,-9999.0,-9999.0,41.8940010071,863.628539398652,272.856315401552,270014.19,660219.45,108,56,41.894
NS76SW_2553,1,0_0,5.99814245392,-9999.0,-9999.0,-9999.0,40.9609985352,125.619204483717,48.1798000900127,270489.04,660186.64,28,16,40.961
NS76SW_2554,1,0_0,5.98816406682,-9999.0,-9999.0,-9999.0,41.7130012512,135.319057770057,51.2659216532129,270403.27,660186.67,28,16,41.713
NS76SW_2555,1,0_0,6.30678624061,-9999.0,-9999.0,-9999.0,40.7340011597,115.549037977109,44.3803617204584,270539.73,660183.62,20,12,40.734
NS76SW_2556,1,0_0,3.26589340969,-9999.0,-9999.0,-9999.0,41.5009994507,60.6910136936079,31.1753009964294,270414.6,660180.99,12,8,41.501
NS76SW_2557,1,0_0,5.31650521767,-9999.0,-9999.0,-9999.0,41.0489997864,149.765245125379,54.1389333362157,270431.5,660182.65,36,20,41.049
NS76SW_2559,1,0_0,5.75262573043,-9999.0,-9999.0,-9999.0,42.0890007019,417.315447689926,126.456851224757,270364.58,660184.43,72,38,42.089
NS76SW_2560,1,0_0,5.23603356205,-9999.0,-9999.0,-9999.0,40.8860015869,174.880221279578,61.1634666377662,270473.72,660180.79,36,20,40.886
NS76SW_2561,1,0_0,3.62144597487,-9999.0,-9999.0,-9999.0,41.1759986877,284.889215777538,74.1856719221589,270291.5,660182.02,24,14,41.176
NS76SW_2562,1,0_0,5.894996282,-9999.0,-9999.0,-9999.0,39.3779983521,258.687529990964,78.581086865351,270088.41,660182.49,28,16,39.378
NS76SW_2566,1,0_0,4.27819136943,-9999.0,-9999.0,-9999.0,41.252166748,288.261745104591,119.739506652818,270035.07,660182.04,72,40,41.252
NS76SW_2567,1,0_0,5.79352729958,-9999.0,-9999.0,-9999.0,41.4269981384,543.678438484374,145.102339125985,270184.72,660195.32,24,14,41.427
NS76SW_2568,1,0_0,5.67557181963,-9999.0,-9999.0,-9999.0,41.2900009155,808.93724640039,158.064572591727,270250.5,660185.74,48,26,41.29
NS76SW_2569,1,0_0,5.49346252441,-9999.0,-9999.0,-9999.0,40.7179985046,149.637696413694,56.4775847734928,270544.56,660169.94,36,20,40.718
NS76SW_2570,1,0_0,6.15162592436,-9999.0,-9999.0,-9999.0,42.0499992371,97.9366093523541,40.7248574719709,270408.48,660168.75,20,12,42.05
NS76SW_2572,1,0_0,5.8126342877,-9999.0,-9999.0,-9999.0,41.8940010071,286.495047420905,107.621849119052,270329.35,660171.03,84,44,41.894
NS76SW_2573,1,0_0,2.7445949808,-9999.0,-9999.0,-9999.0,40.3030014038,169.715857472874,63.5151072201865,270063.29,660171.76,36,20,40.303
NS76SW_2574,1,0_0,6.06930773329,-9999.0,-9999.0,-9999.0,41.2120018005,580.404880950004,146.292020388713,270154.65,660191.06,28,16,41.212
NS76SW_2576,1,0_0,5.70578084181,-9999.0,-9999.0,-9999.0,40.7890014648,140.126428863488,54.8889527527482,270515.8,660162.98,36,20,40.789
NS76SW_2577,1,0_0,5.97309791283,-9999.0,-9999.0,-9999.0,39.5320014954,402.482867151376,108.908488128104,270128.15,660176.02,28,16,39.532
NS76SW_2579,1,0_0,6.15069322084,-9999.0,-9999.0,-9999.0,42.0800018311,96.8052205001955,40.7517334500986,270412.36,660158.0,20,12,42.08
NS76SW_2580,1,0_0,5.83982898943,-9999.0,-9999.0,-9999.0,40.9510002136,131.711957023024,51.8873592295215,270551.13,660158.46,28,16,40.951
NS76SW_2581,1,0_0,5.84436519941,-9999.0,-9999.0,-9999.0,40.9850006104,244.298437473565,98.4911814312753,270440.65,660162.61,68,38,40.985
NS76SW_2582,1,0_0,3.61063002474,-9999.0,-9999.0,-9999.0,40.2980003357,278.964622512058,74.11233146527,270045.02,660156.42,20,12,40.298
NS76SW_2584,1,0_0,5.56655689636,-9999.0,-9999.0,-9999.0,40.9500007629,141.387585067688,55.2580544256207,270501.03,660155.74,36,20,40.95
NS76SW_2586,1,0_0,6.8980947232,-9999.0,-9999.0,-9999.0,41.9729995728,137.854454422551,47.3007759068145,270309.71,660154.03,12,8,41.973
NS76SW_2587,1,0_0,2.17023468018,-9999.0,-9999.0,-9999.0,41.483001709,28.3254299993972,24.4349653267627,270200.79,660147.45,8,6,41.483
NS76SW_2590,1,0_0,5.58606027194,-9999.0,-9999.0,-9999.0,42.1780014038,142.356297476673,55.4577478128341,270392.71,660148.15,36,20,42.178
NS76SW_2591,1,0_0,5.03287404776,-9999.0,-9999.0,-9999.0,41.0009994507,180.404879335951,61.9980799259045,270486.49,660149.88,44,24,41.001
NS76SW_2592,1,0_0,6.22228547736,-9999.0,-9999.0,-9999.0,41.0680007935,98.4430556121576,40.8787242634551,270553.8,660146.81,20,12,41.068
NS76SW_2593,1,0_0,5.48843426037,-9999.0,-9999.0,-9999.0,42.0229988098,157.312478377111,53.0212562884096,270377.43,660146.74,28,16,42.023
NS76SW_2595,1,0_0,6.15418371582,-9999.0,-9999.0,-9999.0,41.0200004578,97.0666690203328,40.7934419433988,270446.93,660144.66,20,12,41.02
NS76SW_2596,1,0_0,3.31126448086,-9999.0,-9999.0,-9999.0,39.263999939,59.1875099958534,31.2820832563805,270053.72,660142.57,12,8,39.264
NS76SW_2597,1,0_0,5.28539263942,-9999.0,-9999.0,-9999.0,42.0600013733,154.667749463373,57.8580382296754,270363.09,660145.61,44,24,42.06
NS76SW_2598,1,0_0,5.84257798915,-9999.0,-9999.0,-9999.0,42.1459999084,140.353298554347,55.0661411813436,270417.82,660143.66,36,20,42.146
NS76SW_2600,1,0_0,6.82457514976,-9999.0,-9999.0,-9999.0,41.9049987793,141.790335573403,48.0142309825469,270294.08,660144.26,12,8,41.905
NS76SW_2601,1,0_0,5.73511426033,-9999.0,-9999.0,-9999.0,41.90366745,139.714371506561,55.3320932743982,270347.0,660144.16,36,20,41.904
NS76SW_2602,1,0_0,5.99147606627,-9999.0,-9999.0,-9999.0,41.736000061,135.502222407498,51.2600539725508,270332.84,660141.83,28,16,41.736
NS76SW_2603,1,0_0,3.3165442746,-9999.0,-9999.0,-9999.0,39.7630004883,45.9568312543269,27.3360974539951,270044.89,660137.85,12,8,39.763
NS76SW_2604,1,0_0,6.19483954398,-9999.0,-9999.0,-9999.0,39.2919998169,354.570421755773,103.108637368235,270078.69,660148.87,28,16,39.292
NS76SW_2605,1,0_0,6.58248744146,-9999.0,-9999.0,-9999.0,40.3320007324,200.885992425591,59.5226014222267,270029.53,660137.4,28,16,40.332
NS76SW_2606,1,0_0,3.31183115015,-9999.0,-9999.0,-9999.0,41.7089996338,53.4489187434175,29.4877752452788,270326.28,660132.86,12,8,41.709
NS76SW_2607,1,0_0,5.53525845923,-9999.0,-9999.0,-9999.0,41.1629981995,142.355713603042,55.4233380900945,270559.17,660133.79,36,20,41.163
NS76SW_2608,1,0_0,6.84357519184,-9999.0,-9999.0,-9999.0,41.841999054,141.142784947599,47.9151134886582,270282.23,660130.03,12,8,41.842
NS76SW_2609,1,0_0,5.30660048546,-9999.0,-9999.0,-9999.0,41.2949981689,326.396939689248,117.828780708851,270518.59,660132.35,92,48,41.295
NS76SW_2610,1,0_0,5.55771156159,-9999.0,-9999.0,-9999.0,41.2019996643,140.363089696077,55.2447651214164,270457.97,660127.2,36,20,41.202
NS76SW_2611,1,0_0,6.91437008203,-9999.0,-9999.0,-9999.0,40.4990005493,257.790334787311,70.3657732834625,270162.67,660129.19,12,8,40.499
NS76SW_2612,1,0_0,5.86800661715,-9999.0,-9999.0,-9999.0,39.716999054,267.918840023023,76.5232660165695,270057.84,660122.17,28,16,39.717
NS76SW_2613,1,0_0,3.04873646169,-9999.0,-9999.0,-9999.0,39.9280014038,19.1088899990552,19.311031300363,270032.09,660117.22,12,8,39.928
NS76SW_2614,1,0_0,5.69891431578,-9999.0,-9999.0,-9999.0,41.483001709,148.710633934182,58.4678631282706,270495.92,660121.88,44,24,41.483
NS76SW_2616,1,0_0,6.2388083925,-9999.0,-9999.0,-9999.0,41.34400177,124.019338862491,47.9801452180251,270562.84,660119.82,28,16,41.344
NS76SW_2617,1,0_0,4.34599202442,-9999.0,-9999.0,-9999.0,40.4480018616,205.784585468668,63.4426657726018,270012.43,660122.48,20,12,40.448
NS76SW_2618,1,0_0,5.8653290264,-9999.0,-9999.0,-9999.0,41.0260009766,327.900516372293,103.451891398279,270199.29,660123.69,52,28,41.026
NS76SW_2621,1,0_0,6.8379173608,-9999.0,-9999.0,-9999.0,41.5120010376,270.181923710837,71.3824861530229,270314.33,660117.1,20,12,41.512
NS76SW_2622,1,0_0,5.71959692786,-9999.0,-9999.0,-9999.0,39.6529998779,295.862340048103,84.5339150107077,270105.89,660117.11,28,16,39.653
NS76SW_2623,1,0_0,2.63234064314,-9999.0,-9999.0,-9999.0,40.1730003357,69.0177374995731,33.8829641811954,270152.4,660107.02,12,8,40.173
NS76SW_2624,1,0_0,3.78533664717,-9999.0,-9999.0,-9999.0,40.4809989929,298.446921932564,82.3812576451994,270132.87,660118.39,12,8,40.481
NS76SW_2625,1,0_0,5.81971130649,-9999.0,-9999.0,-9999.0,41.3359985352,139.947053598914,55.147952911867,270542.48,660106.65,36,20,41.336
NS76SW_2626,1,0_0,6.49246740131,-9999.0,-9999.0,-9999.0,41.4990005493,116.462848615043,43.2185527778211,270568.42,660106.01,12,8,41.499
NS76SW_2628,1,0_0,5.60381541812,-9999.0,-9999.0,-9999.0,41.3079986572,142.871178103753,55.2961603832322,270467.75,660103.19,36,20,41.308
NS76SW_2629,1,0_0,4.13714277616,-9999.0,-9999.0,-9999.0,40.7449989319,48.3503550073352,27.8239954877411,270451.94,660099.3,12,8,40.745
NS76SW_2630,1,0_0,6.13296941916,-9999.0,-9999.0,-9999.0,41.3339996338,97.5402188172303,40.8832532641836,270529.83,660100.87,20,12,41.334
NS76SW_2631,1,0_0,3.31351552033,-9999.0,-9999.0,-9999.0,41.2690010071,55.0305487517192,29.6860536572418,270557.77,660097.69,12,8,41.269
NS76SW_2632,1,0_0,4.88366524457,-9999.0,-9999.0,-9999.0,40.8829994202,206.96267440832,63.5161669046758,270001.96,660104.08,40,22,40.883
NS76SW_2633,1,0_0,3.07798548648,-9999.0,-9999.0,-9999.0,40.2480010986,123.726945000713,63.8452145479051,270018.86,660102.56,40,22,40.248
NS76SW_2634,1,0_0,6.03294498763,-9999.0,-9999.0,-9999.0,42.1609992981,173.386518076822,58.6440978440077,270261.26,660100.6,36,20,42.161
NS76SW_2636,1,0_0,5.58132973529,-9999.0,-9999.0,-9999.0,41.5870018005,123.007783354053,51.613469352255,270280.11,660095.45,36,20,41.587
NS76SW_2637,1,0_0,6.21678880971,-9999.0,-9999.0,-9999.0,40.9430007935,405.938016248784,105.468839923676,270047.47,660093.69,12,8,40.943
NS76SW_2638,1,0_0,5.73093181917,-9999.0,-9999.0,-9999.0,41.4370002747,113.716053495339,48.1669640688223,270519.32,660094.85,28,16,41.437
NS76SW_2640,1,0_0,6.91118761123,-9999.0,-9999.0,-9999.0,40.3839988708,265.935294819179,71.0179192995818,270168.26,660097.48,16,10,40.384
NS76SW_2642,1,0_0,5.8407262468,-9999.0,-9999.0,-9999.0,41.5740013123,140.151658614135,55.1284915348764,270505.69,660090.5,36,20,41.574
NS76SW_2643,1,0_0,6.8746041978,-9999.0,-9999.0,-9999.0,40.9490013123,253.432855589683,69.9830102300731,270199.81,660092.49,12,8,40.949
NS76SW_2644,1,0_0,2.34683266527,-9999.0,-9999.0,-9999.0,40.0120010376,129.83883638653,57.9784704599643,270130.62,660087.4,20,12,40.012
NS76SW_2646,1,0_0,5.62550135626,-9999.0,-9999.0,-9999.0,41.5550003052,140.289295052659,54.8703786340977,270492.31,660082.98,36,20,41.555
NS76SW_2647,1,0_0,5.89677027898,-9999.0,-9999.0,-9999.0,40.2080001831,253.482173114322,73.6234517392397,270101.14,660083.55,28,16,40.208
NS76SW_2648,1,0_0,5.80747470486,-9999.0,-9999.0,-9999.0,41.5260009766,143.337703695138,55.9287888393302,270478.94,660075.28,36,20,41.526
NS76SW_2650,1,0_0,3.9247137941,-9999.0,-9999.0,-9999.0,40.5120010376,61.895470982841,31.5819539157711,270462.6,660065.57,12,8,40.512
NS76SW_2651,1,0_0,2.51177778225,-9999.0,-9999.0,-9999.0,40.4836273193,133.517748738407,59.5038685786033,270145.13,660064.42,20,12,40.484
NS76SW_2652,1,0_0,5.71124222679,-9999.0,-9999.0,-9999.0,40.6930007935,279.303522905923,79.914902133076,270118.97,660065.41,28,16,40.693
NS76SW_2653,1,0_0,4.46611112575,-9999.0,-9999.0,-9999.0,39.8779983521,315.369616789821,114.122431023114,270165.6,660071.41,60,32,39.878
NS76SW_2655,1,0_0,6.10729928892,-9999.0,-9999.0,-9999.0,41.2103767395,202.427481326426,64.1282886042104,270052.49,660065.25,12,8,41.21
NS76SW_2657,1,0_0,4.94708532189,-9999.0,-9999.0,-9999.0,41.1150016785,145.048240921251,52.1313774507876,270212.41,660051.3,20,12,41.115
NS76SW_2658,1,0_0,6.1660351456,-9999.0,-9999.0,-9999.0,40.6539993286,108.022435805075,41.5738780630544,270468.33,660048.26,12,8,40.654
NS76SW_2660,1,0_0,5.86480095088,-9999.0,-9999.0,-9999.0,40.8940010071,254.620797145939,84.6529751547595,270070.65,660045.36,44,24,40.894
NS76SW_2664,1,0_0,6.09656561204,-9999.0,-9999.0,-9999.0,40.9070014954,282.838888320408,84.2662701104871,270157.04,660028.63,36,20,40.907
NS76SW_2665,1,0_0,6.09566266857,-9999.0,-9999.0,-9999.0,40.702999115,233.009920050608,67.6379627466056,270091.19,660030.34,16,10,40.703
NS76SW_2666,1,0_0,6.12184376922,-9999.0,-9999.0,-9999.0,40.7729988098,250.424052655686,71.1005166836985,270119.74,660025.18,12,8,40.773
NS76SW_2667,1,0_0,6.13456393006,-9999.0,-9999.0,-9999.0,41.9189987183,120.240348037148,44.0117408194951,270044.97,660019.01,12,8,41.919
NS76SW_2669,1,0_0,6.14944866092,-9999.0,-9999.0,-9999.0,41.0009994507,98.7601991954386,42.5174980350651,270215.16,660014.55,20,12,41.001
NS76SW_2670,1,0_0,6.24430485394,-9999.0,-9999.0,-9999.0,41.9500007629,95.3914911096737,39.0688077160909,270055.25,660011.38,12,8,41.95
NS76SW_2671,1,0_0,6.31844470766,-9999.0,-9999.0,-9999.0,41.6819992065,93.3086076144273,39.4492318451646,270020.49,660005.42,20,12,41.682
NS76SW_2672,1,0_0,6.29104029122,-9999.0,-9999.0,-9999.0,41.7480010986,90.640670412554,38.1603193199105,270065.76,660004.22,12,8,41.748
NS76SW_2673,1,0_0,4.1818157281,-9999.0,-9999.0,-9999.0,40.8209991455,259.917972177703,72.7077462344617,270147.55,660003.81,28,16,40.821
NS76SW_2674,1,0_0,8.39904650864,-9999.0,-9999.0,-9999.0,39.6990013123,9373.97988845379,815.117546819628,270378.0,660031.4,352,178,39.699
NS76SW_2675,1,0_0,6.34267954318,-9999.0,-9999.0,-9999.0,39.8370018005,2579.49912869568,229.344936349168,270565.47,660025.29,60,32,39.837
NS76SW_1858,1,0_1,6.49447357256,-9999.0,-9999.0,-9999.0,46.6739997864,107.330525410119,41.5873800559094,270149.5,661248.96,20,12,46.674
NS76SW_1860,1,0_1,5.41981470934,-9999.0,-9999.0,-9999.0,59.0270004272,260.778832037746,86.0674827063644,270409.57,661247.99,36,20,59.027
NS76SW_1863,1,0_1,5.7737323432,-9999.0,-9999.0,-9999.0,45.5229988098,114.316334319485,43.0251532228875,270104.49,661244.97,12,8,45.523
NS76SW_1864,1,0_1,6.27335776723,-9999.0,-9999.0,-9999.0,56.8190002441,249.355714120351,68.9312693231615,270329.7,661245.34,12,8,56.819
NS76SW_1868,1,0_1,6.38280279108,-9999.0,-9999.0,-9999.0,52.3050003052,290.498417033352,81.3619380715977,270217.69,661243.53,44,24,52.305
NS76SW_1871,1,0_1,4.84540904064,-9999.0,-9999.0,-9999.0,66.8109970093,300.839883530438,84.7118619616355,270561.3,661241.29,12,8,66.811
NS76SW_1874,1,0_1,5.46195793689,-9999.0,-9999.0,-9999.0,45.1119995117,91.6131200659008,45.0532649146425,270113.08,661236.3,28,16,45.112
NS76SW_1875,1,0_1,6.43947226407,-9999.0,-9999.0,-9999.0,52.4370002747,89.2049783627184,37.9513748110327,270242.24,661235.27,12,8,52.437
NS76SW_1876,1,0_1,5.68241551665,-9999.0,-9999.0,-9999.0,42.7159996033,131.313114027233,51.3680739987154,270054.29,661233.91,20,12,42.716
NS76SW_1877,1,0_1,5.73551878165,-9999.0,-9999.0,-9999.0,46.0400009155,123.909014025924,49.0532628685532,270160.63,661233.05,28,16,46.04
NS76SW_1878,1,0_1,6.18602450313,-9999.0,-9999.0,-9999.0,53.0429992676,96.5940134495801,39.342830747151,270253.63,661231.74,12,8,53.043
NS76SW_1881,1,0_1,2.36036154665,-9999.0,-9999.0,-9999.0,44.2680015564,23.5934212463843,24.06116877184,270110.55,661224.71,12,8,44.268
NS76SW_1882,1,0_1,5.90706812281,-9999.0,-9999.0,-9999.0,42.2840003967,74.7889841728815,34.8291840136058,270049.43,661222.8,12,8,42.284
NS76SW_1883,1,0_1,4.99129475218,-9999.0,-9999.0,-9999.0,61.0200004578,332.671648764155,94.9583022519142,270465.43,661229.84,20,12,61.02
NS76SW_1884,1,0_1,5.96214454573,-9999.0,-9999.0,-9999.0,44.4099998474,74.5381832068122,34.7959089151841,270128.83,661221.0,12,8,44.41
NS76SW_1887,1,0_1,6.24626802362,-9999.0,-9999.0,-9999.0,43.141998291,118.134566330384,43.9534060194705,270094.89,661221.44,16,10,43.142
NS76SW_1889,1,0_1,5.77924763816,-9999.0,-9999.0,-9999.0,45.4650001526,148.69289509152,60.3572575693321,270174.15,661218.87,36,20,45.465
NS76SW_1891,1,0_1,4.6524584556,-9999.0,-9999.0,-9999.0,57.3400001526,485.073556008926,139.304438280438,270391.77,661217.46,76,40,57.34
NS76SW_1892,1,0_1,6.34919452168,-9999.0,-9999.0,-9999.0,50.3120002747,97.7976617264656,39.5816780385334,270242.13,661211.83,12,8,50.312
NS76SW_1893,1,0_1,4.73074195908,-9999.0,-9999.0,-9999.0,64.5240020752,346.979968150547,97.6631813688339,270546.67,661218.52,36,20,64.524
NS76SW_1894,1,0_1,6.27413406953,-9999.0,-9999.0,-9999.0,43.6220016479,102.688391896123,40.562511263185,270123.66,661210.18,12,8,43.622
NS76SW_1895,1,0_1,5.74289249483,-9999.0,-9999.0,-9999.0,52.861000061,610.37296037261,166.83174887881,270291.97,661218.49,76,40,52.861
NS76SW_1896,1,0_1,4.79083220014,-9999.0,-9999.0,-9999.0,62.1699981689,215.841550511247,68.8339045707427,270496.57,661213.08,28,16,62.17
NS76SW_1898,1,0_1,4.81115555878,-9999.0,-9999.0,-9999.0,45.1730003357,108.873188275211,57.7777175269359,270183.4,661209.57,28,16,45.173
NS76SW_1901,1,0_1,6.3520710317,-9999.0,-9999.0,-9999.0,42.0209999084,118.148165882207,43.787637419792,270086.39,661207.76,12,8,42.021
NS76SW_1903,1,0_1,2.04741226624,-9999.0,-9999.0,-9999.0,54.8248329163,58.4202197551232,53.4740984527415,270373.49,661205.09,52,28,54.825
NS76SW_1905,1,0_1,6.1669779878,-9999.0,-9999.0,-9999.0,48.5439987183,99.473167091316,39.9386428983123,270237.92,661201.01,12,8,48.544
NS76SW_1906,1,0_1,5.50418236843,-9999.0,-9999.0,-9999.0,44.6679992676,89.1210714567918,42.9958066835952,270188.43,661200.93,28,16,44.668
NS76SW_1908,1,0_1,2.1489975269,-9999.0,-9999.0,-9999.0,42.2263336182,34.9572937498075,24.1268631960553,270103.47,661196.66,12,8,42.226
NS76SW_1909,1,0_1,6.47559875528,-9999.0,-9999.0,-9999.0,42.6769981384,101.081665737306,40.2548625082238,270117.25,661197.96,12,8,42.677
NS76SW_1910,1,0_1,6.26022423335,-9999.0,-9999.0,-9999.0,41.2490005493,71.9731411722571,34.1423658803687,270078.44,661196.36,12,8,41.249
NS76SW_1912,1,0_1,4.46507299782,-9999.0,-9999.0,-9999.0,44.5379981995,140.567341453539,60.6461619184175,270199.62,661198.93,36,20,44.538
NS76SW_1913,1,0_1,5.01870407271,-9999.0,-9999.0,-9999.0,62.3689994812,328.61769098242,92.7821663015043,270529.07,661196.74,20,12,62.369
NS76SW_1915,1,0_1,6.11901800053,-9999.0,-9999.0,-9999.0,44.4370002747,75.6400515124287,35.0091612583376,270205.5,661189.37,12,8,44.437
NS76SW_1917,1,0_1,5.4649576182,-9999.0,-9999.0,-9999.0,40.8320007324,96.9273332210431,42.5718560295844,270070.51,661188.3,20,12,40.832
NS76SW_1918,1,0_1,3.27179513049,-9999.0,-9999.0,-9999.0,41.2729988098,34.7171474949326,23.8278402685956,270082.75,661185.75,12,8,41.273
NS76SW_1920,1,0_1,3.6599992261,-9999.0,-9999.0,-9999.0,52.6220016479,149.481990938877,59.2567661349405,270338.42,661188.68,44,24,52.622
NS76SW_1921,1,0_1,5.64182426922,-9999.0,-9999.0,-9999.0,44.4449996948,89.2503475515721,38.7716113387628,270214.24,661185.94,12,8,44.445
NS76SW_1923,1,0_1,4.73974905369,-9999.0,-9999.0,-9999.0,40.2159996033,265.976865713547,72.9911139152008,270034.0,661188.27,36,20,40.216
NS76SW_1924,1,0_1,2.86497516909,-9999.0,-9999.0,-9999.0,42.7529983521,36.2365162480786,24.1360381243429,270142.01,661180.54,12,8,42.753
NS76SW_1925,1,0_1,5.39158886908,-9999.0,-9999.0,-9999.0,41.608001709,160.595274090228,53.5700779756551,270106.29,661184.83,28,16,41.608
NS76SW_1926,1,0_1,6.20906125805,-9999.0,-9999.0,-9999.0,43.4930000305,101.02901022994,40.2268216374259,270161.98,661183.37,12,8,43.493
NS76SW_1928,1,0_1,5.08154324085,-9999.0,-9999.0,-9999.0,43.3040008545,188.923125820257,77.1049307285082,270149.05,661187.95,44,24,43.304
NS76SW_1930,1,0_1,5.9550447175,-9999.0,-9999.0,-9999.0,40.2210006714,83.7568076374277,37.0737260259438,270064.73,661179.28,12,8,40.221
NS76SW_1931,1,0_1,5.58524891407,-9999.0,-9999.0,-9999.0,44.4879989624,137.423607782836,49.0805974973225,270227.51,661179.83,28,16,44.488
NS76SW_1933,1,0_1,6.23420100506,-9999.0,-9999.0,-9999.0,46.4659996033,257.710571194621,70.3571906674566,270257.21,661178.0,20,12,46.466
NS76SW_1934,1,0_1,3.70470093391,-9999.0,-9999.0,-9999.0,53.158000946,963.153297070358,317.089233816645,270373.92,661189.2,188,96,53.158
NS76SW_1938,1,0_1,2.06172403015,-9999.0,-9999.0,-9999.0,40.5229988098,83.3264174938842,45.5499674499575,270079.87,661173.79,28,16,40.523
NS76SW_1939,1,0_1,5.33486233049,-9999.0,-9999.0,-9999.0,41.2239990234,133.840183243909,50.5148506331837,270097.14,661173.2,28,16,41.224
NS76SW_1940,1,0_1,5.64835518411,-9999.0,-9999.0,-9999.0,42.4379997253,81.5700492790268,37.4604911846739,270178.87,661171.12,20,12,42.438
NS76SW_1942,1,0_1,6.16028990007,-9999.0,-9999.0,-9999.0,51.2599983215,124.241387260345,44.6489865254896,270342.41,661170.79,12,8,51.26
NS76SW_1943,1,0_1,4.29125159761,-9999.0,-9999.0,-9999.0,53.0239982605,160.345647940444,52.7491108786444,270407.11,661173.45,16,10,53.024
NS76SW_1945,1,0_1,6.41350753542,-9999.0,-9999.0,-9999.0,46.8860015869,257.424160409844,66.6562466137592,270281.12,661170.3,12,8,46.886
NS76SW_1946,1,0_1,4.95414194353,-9999.0,-9999.0,-9999.0,42.2509994507,158.89268754137,52.3912435451901,270140.61,661168.93,20,12,42.251
NS76SW_1950,1,0_1,2.18144681856,-9999.0,-9999.0,-9999.0,42.0340003967,22.9604624998582,22.204397427981,270155.24,661161.64,8,6,42.034
NS76SW_1953,1,0_1,6.08251900143,-9999.0,-9999.0,-9999.0,40.8829994202,83.0664533071953,36.8822330919198,270093.72,661159.52,12,8,40.883
NS76SW_1954,1,0_1,5.81307520482,-9999.0,-9999.0,-9999.0,41.9039993286,118.74981212485,46.686951832541,270172.97,661160.22,20,12,41.904
NS76SW_1955,1,0_1,6.30189195106,-9999.0,-9999.0,-9999.0,47.1020011902,253.041701634441,69.8780017775889,270304.36,661161.21,12,8,47.102
NS76SW_1957,1,0_1,4.64254160095,-9999.0,-9999.0,-9999.0,41.5460014343,176.307249516002,55.8212603620184,270134.04,661154.99,28,16,41.546
NS76SW_1958,1,0_1,5.79445837125,-9999.0,-9999.0,-9999.0,42.6570014954,137.29242127665,48.8194790504698,270209.83,661152.33,20,12,42.657
NS76SW_1962,1,0_1,5.2704581114,-9999.0,-9999.0,-9999.0,41.4679985046,133.921193082002,49.1166239087551,270161.62,661149.68,28,16,41.468
NS76SW_1964,1,0_1,5.04137493117,-9999.0,-9999.0,-9999.0,41.1679992676,120.635637102305,55.8554983151248,270131.3,661141.26,28,16,41.168
NS76SW_1965,1,0_1,4.40145148687,-9999.0,-9999.0,-9999.0,51.0629997253,218.637738083446,71.496614543616,270395.1,661141.39,52,28,51.063
NS76SW_1967,1,0_1,5.97035426037,-9999.0,-9999.0,-9999.0,41.1040000916,80.5111435334489,36.3188474055087,270155.53,661137.62,12,8,41.104
NS76SW_1968,1,0_1,6.2109451782,-9999.0,-9999.0,-9999.0,41.3339996338,123.128627524873,44.6536890869131,270201.47,661137.66,12,8,41.334
NS76SW_1969,1,0_1,2.0180132962,-9999.0,-9999.0,-9999.0,41.0395011902,35.9440111104963,25.769018596318,270144.19,661133.53,12,8,41.039
NS76SW_1972,1,0_1,5.51915284008,-9999.0,-9999.0,-9999.0,43.4230003357,416.160162573839,127.382874541541,270256.17,661138.31,68,36,43.423
NS76SW_1976,1,0_1,5.72536538248,-9999.0,-9999.0,-9999.0,40.7399978638,93.3328273687502,41.9697949355154,270152.27,661126.9,20,12,40.74
NS76SW_1978,1,0_1,4.78666142387,-9999.0,-9999.0,-9999.0,40.8950004578,174.549963011592,69.804192650337,270196.69,661121.21,36,20,40.895
NS76SW_1981,1,0_1,5.98639741697,-9999.0,-9999.0,-9999.0,49.986000061,119.27098487674,44.6015023388538,270451.32,661113.93,20,12,49.986
NS76SW_1982,1,0_1,5.50006934328,-9999.0,-9999.0,-9999.0,40.7630004883,153.980970002502,53.3136069309903,270189.3,661113.54,28,16,40.763
NS76SW_1984,1,0_1,5.3452944543,-9999.0,-9999.0,-9999.0,41.7290000916,330.240492097748,94.9599094274956,270253.49,661111.61,52,28,41.729
NS76SW_1986,1,0_1,2.81990448972,-9999.0,-9999.0,-9999.0,41.2630004883,36.8959199990239,26.4580050903343,270206.4,661106.21,12,8,41.263
NS76SW_1987,1,0_1,5.54151956109,-9999.0,-9999.0,-9999.0,44.5849990845,686.756023799874,203.959209469937,270355.27,661118.08,108,56,44.585
NS76SW_1988,1,0_1,5.38824559319,-9999.0,-9999.0,-9999.0,41.5190010071,159.271283071986,61.2626563272523,270223.34,661106.35,28,16,41.519
NS76SW_1989,1,0_1,5.75611668057,-9999.0,-9999.0,-9999.0,49.3149986267,120.202845910102,43.9098677889445,270464.31,661102.9,12,8,49.315
NS76SW_1991,1,0_1,5.28599063513,-9999.0,-9999.0,-9999.0,41.5670013428,342.856670665718,104.167210157065,270286.95,661110.55,44,24,41.567
NS76SW_1994,1,0_1,5.4635714279,-9999.0,-9999.0,-9999.0,47.0769996643,319.962491696857,111.879396547695,270432.03,661107.41,60,32,47.077
NS76SW_1997,1,0_1,6.18092412452,-9999.0,-9999.0,-9999.0,48.1279983521,107.050620321529,42.1739185118579,270464.7,661087.59,12,8,48.128
NS76SW_2001,1,0_1,5.34959527247,-9999.0,-9999.0,-9999.0,43.513999939,418.76344589818,131.306355519835,270358.05,661085.75,68,36,43.514
NS76SW_2003,1,0_1,3.52298442312,-9999.0,-9999.0,-9999.0,41.7770004272,528.981810629626,154.489638341178,270317.43,661088.61,84,44,41.777
NS76SW_2004,1,0_1,5.84537692288,-9999.0,-9999.0,-9999.0,44.688999176,261.807802351038,99.3783924692118,270417.42,661080.7,40,24,44.689
NS76SW_2009,1,0_1,4.57159665323,-9999.0,-9999.0,-9999.0,45.7529983521,321.770683450334,123.486816570429,270452.87,661070.12,68,36,45.753
NS76SW_2011,1,0_1,5.21541258512,-9999.0,-9999.0,-9999.0,42.0239982605,180.888050288966,56.5534931982902,270339.54,661063.02,20,12,42.024
NS76SW_2021,1,0_1,5.13169827498,-9999.0,-9999.0,-9999.0,41.7290000916,99.889428753973,40.3660371170495,270355.49,661046.81,16,10,41.729
NS76SW_2024,1,0_1,4.96103494073,-9999.0,-9999.0,-9999.0,40.8310012817,961.135297348168,271.284929442896,270279.02,661062.13,184,94,40.831
NS76SW_2025,1,0_1,3.79939959079,-9999.0,-9999.0,-9999.0,43.3699989319,339.37873417483,96.4666029254048,270433.81,661048.78,52,28,43.37
NS76SW_2030,1,0_1,3.19422995431,-9999.0,-9999.0,-9999.0,41.0480003357,45.0962662479429,26.8879812254346,270320.84,661030.12,12,8,41.048
NS76SW_2031,1,0_1,5.92371078551,-9999.0,-9999.0,-9999.0,41.263999939,68.9385863128885,33.9409830372111,270338.39,661029.79,16,10,41.264
NS76SW_2034,1,0_1,4.01819234499,-9999.0,-9999.0,-9999.0,42.4790000916,148.093833843068,53.6253374677923,270421.99,661030.74,28,16,42.479
NS76SW_2040,1,0_1,2.42065956479,-9999.0,-9999.0,-9999.0,42.3909988403,25.1299575035585,23.0071565811242,270426.85,661017.64,8,6,42.391
NS76SW_2042,1,0_1,3.83131897449,-9999.0,-9999.0,-9999.0,41.7179985046,138.625431004199,51.6410277309231,270413.07,661020.43,20,12,41.718
NS76SW_2049,1,0_1,3.97251351075,-9999.0,-9999.0,-9999.0,41.0690002441,167.631862214411,64.4449428079025,270408.37,661010.06,28,16,41.069
NS76SW_2054,1,0_1,3.9202747345,-9999.0,-9999.0,-9999.0,40.7739982605,140.502582103321,48.0179246792292,270397.72,660999.28,12,8,40.774
NS76SW_2058,1,0_1,3.84202359769,-9999.0,-9999.0,-9999.0,40.702999115,161.783315910841,58.7286078895203,270388.26,660987.92,36,20,40.703
NS76SW_2086,1,0_1,2.45893651417,-9999.0,-9999.0,-9999.0,43.4309997559,71.3934007905664,36.9575914765109,270392.52,660927.43,12,8,43.431
NS76SW_2094,1,0_1,7.37560483744,-9999.0,-9999.0,-9999.0,42.983001709,353.985671753059,80.7709300908758,270449.15,660917.66,12,8,42.983
NS76SW_2096,1,0_1,3.00591781527,-9999.0,-9999.0,-9999.0,46.486000061,47.7923957860505,34.2459820694421,270603.13,660902.62,28,16,46.486
NS76SW_2108,1,0_1,2.86514450016,-9999.0,-9999.0,-9999.0,43.1090011597,71.4373687486019,38.0179708056175,270512.08,660878.96,16,10,43.109
NS76SW_2137,1,0_1,7.04679664297,-9999.0,-9999.0,-9999.0,43.2410011292,985.175565702436,135.088387910531,270385.9,660844.87,12,8,43.241
NS76SW_2144,1,0_1,6.03584711763,-9999.0,-9999.0,-9999.0,40.6129989624,323.760841453868,96.2044289138014,270025.33,660826.29,28,16,40.613
NS76SW_2148,1,0_1,8.77974038886,-9999.0,-9999.0,-9999.0,43.2589988708,7134.25333768665,665.799101797487,270434.68,660878.54,268,134,43.259
NS76SW_2153,1,0_1,6.20209581568,-9999.0,-9999.0,-9999.0,40.3059997559,282.217988681631,77.5870409269568,270051.65,660819.2,28,16,40.306
NS76SW_2168,1,0_1,14.0618460453,-9999.0,-9999.0,-9999.0,42.0764465332,1275.5972199528,266.25905023405,270443.58,660815.03,144,74,42.076
NS76SW_2169,1,0_1,6.40128529161,-9999.0,-9999.0,-9999.0,40.6310005188,243.115751116205,70.9684943345538,270095.43,660797.5,20,12,40.631
NS76SW_2178,1,0_1,6.11293766641,-9999.0,-9999.0,-9999.0,40.1850013733,208.653076178544,59.8833992862879,270118.08,660786.47,12,8,40.185
NS76SW_2182,1,0_1,3.37383355361,-9999.0,-9999.0,-9999.0,43.9970016479,67.3740136035015,33.7548846445416,270513.57,660776.94,12,8,43.997
NS76SW_2183,1,0_1,5.7783187548,-9999.0,-9999.0,-9999.0,40.6450004578,297.0927488009,85.4309931680802,270032.5,660777.98,36,20,40.645
NS76SW_2186,1,0_1,5.83004197933,-9999.0,-9999.0,-9999.0,40.6479988098,420.251571052288,101.728226633028,270075.39,660779.01,20,12,40.648
NS76SW_2189,1,0_1,6.29625722741,-9999.0,-9999.0,-9999.0,40.0559997559,183.125369393323,55.3250710039264,270128.83,660766.27,12,8,40.056
NS76SW_2197,1,0_1,6.40848646773,-9999.0,-9999.0,-9999.0,41.016998291,240.351017983717,66.1388646517909,270027.57,660750.07,12,8,41.017
NS76SW_2201,1,0_1,6.30158895505,-9999.0,-9999.0,-9999.0,40.9430007935,232.110690104302,63.684921422326,270056.95,660743.06,12,8,40.943
NS76SW_2204,1,0_1,6.68097543911,-9999.0,-9999.0,-9999.0,40.4630012512,187.954682682041,55.4582370357006,270089.18,660739.01,12,8,40.463
NS76SW_2207,1,0_1,5.83029362626,-9999.0,-9999.0,-9999.0,40.1710014343,370.967478034509,97.8714450540031,270130.28,660737.08,32,18,40.171
NS76SW_2215,1,0_1,6.68551405015,-9999.0,-9999.0,-9999.0,40.608001709,189.934665062242,55.7139215588969,270064.87,660722.96,12,8,40.608
NS76SW_2216,1,0_1,6.73188101902,-9999.0,-9999.0,-9999.0,40.5250015259,266.206596384474,68.9825971444942,270101.32,660723.1,20,12,40.525
NS76SW_2221,1,0_1,6.26494949493,-9999.0,-9999.0,-9999.0,41.4020004272,208.235599585731,60.3361222821337,270041.73,660711.67,20,12,41.402
NS76SW_2225,1,0_1,6.5854677003,-9999.0,-9999.0,-9999.0,40.6710014343,195.950468516866,56.9273662151296,270077.05,660704.29,20,12,40.671
NS76SW_2227,1,0_1,6.35888309314,-9999.0,-9999.0,-9999.0,35.6430015564,137.060293856268,60.9933401806656,270441.26,660699.68,44,24,35.643
NS76SW_2228,1,0_1,6.47328300476,-9999.0,-9999.0,-9999.0,35.5960006714,27.3254076075807,28.7315454108248,270434.08,660695.89,12,8,35.596
NS76SW_2233,1,0_1,3.26163032651,-9999.0,-9999.0,-9999.0,40.8289985657,207.903613865552,59.5101365104759,270125.64,660689.59,12,8,40.829
NS76SW_2234,1,0_1,6.12185253528,-9999.0,-9999.0,-9999.0,41.4090003967,279.379196228005,83.271262193699,270054.01,660692.25,36,20,41.409
NS76SW_2235,1,0_1,9.25220403364,-9999.0,-9999.0,-9999.0,37.189666748,21.0278775017592,20.4265227907442,270506.07,660674.92,16,10,37.19
NS76SW_2240,1,0_1,5.94880282452,-9999.0,-9999.0,-9999.0,41.9379997253,220.727104784095,75.3980502208724,270008.19,660659.44,28,16,41.938
NS76SW_2241,1,0_1,4.66067531628,-9999.0,-9999.0,-9999.0,37.0600013733,138.533272237627,50.4947580775841,270514.13,660657.44,20,12,37.06
NS76SW_2242,1,0_1,4.75698006579,-9999.0,-9999.0,-9999.0,39.8380012512,2574.31253668935,275.217548621803,270191.55,660688.05,92,48,39.838
NS76SW_2244,1,0_1,5.78098716172,-9999.0,-9999.0,-9999.0,41.3370018005,106.907850794257,42.8809431462826,270101.47,660646.44,20,12,41.337
NS76SW_2245,1,0_1,16.7401102475,-9999.0,-9999.0,-9999.0,36.0410003662,914.133103259855,167.090418075742,270472.88,660660.08,100,52,36.041
NS76SW_2248,1,0_1,5.70310079063,-9999.0,-9999.0,-9999.0,41.3709983826,106.562821205564,42.9486264914502,270080.12,660640.02,20,12,41.371
NS76SW_2249,1,0_1,5.58796287205,-9999.0,-9999.0,-9999.0,41.2999992371,119.157000044481,43.7527376436128,270087.87,660632.72,12,8,41.3
NS76SW_2250,1,0_1,6.56048704063,-9999.0,-9999.0,-9999.0,41.8660011292,132.089772401125,47.2934840492807,270035.52,660627.63,20,12,41.866
NS76SW_2251,1,0_1,5.64165189362,-9999.0,-9999.0,-9999.0,41.8289985657,129.375638699661,49.8640393965049,270020.09,660626.38,20,12,41.829
NS76SW_2259,1,0_1,5.63493093224,-9999.0,-9999.0,-9999.0,40.6310005188,834.597389900371,190.251778280604,270134.6,660635.66,84,44,40.631
NS76SW_1133,1,0_2,5.95143748958,-9999.0,-9999.0,-9999.0,68.8509979248,105.061592922221,42.6149653046684,270242.44,661874.27,20,12,68.851
NS76SW_1134,1,0_2,5.12919478276,-9999.0,-9999.0,-9999.0,68.8310012817,248.348988524023,82.1957886582205,270131.05,661874.97,44,24,68.831
NS76SW_1135,1,0_2,5.48548461914,-9999.0,-9999.0,-9999.0,68.6230010986,122.625518162312,46.7193611356478,270459.8,661871.5,20,12,68.623
NS76SW_1137,1,0_2,5.56676301748,-9999.0,-9999.0,-9999.0,68.4960021973,353.563665186125,99.4445312397879,270267.04,661871.82,36,20,68.496
NS76SW_1138,1,0_2,6.15125163359,-9999.0,-9999.0,-9999.0,67.5534973145,115.867587608124,44.6836872328711,270542.37,661867.89,20,12,67.553
NS76SW_1139,1,0_2,5.88273075935,-9999.0,-9999.0,-9999.0,66.6100006104,97.0079877893185,40.9238530596109,270578.53,661866.88,20,12,66.61
NS76SW_1140,1,0_2,5.0909637888,-9999.0,-9999.0,-9999.0,68.5130004883,127.500293233214,48.2316498505947,270472.16,661865.78,20,12,68.513
NS76SW_1141,1,0_2,5.81731950997,-9999.0,-9999.0,-9999.0,68.0879974365,64.1507095517622,34.5929133307228,270514.23,661862.49,20,12,68.088
NS76SW_1143,1,0_2,6.56643758163,-9999.0,-9999.0,-9999.0,67.1630020142,106.985202571205,41.7119888281411,270545.73,661857.37,12,8,67.163
NS76SW_1144,1,0_2,3.64320765772,-9999.0,-9999.0,-9999.0,66.3779983521,126.662832135448,46.5716333523985,270587.27,661857.43,12,8,66.378
NS76SW_1145,1,0_2,5.20022888305,-9999.0,-9999.0,-9999.0,68.4420013428,331.063584255903,104.124288912061,270203.22,661858.35,60,32,68.442
NS76SW_1146,1,0_2,6.07328763967,-9999.0,-9999.0,-9999.0,68.202003479,93.0635604904993,38.6343228445017,270516.16,661849.8,12,8,68.202
NS76SW_1148,1,0_2,5.40442351211,-9999.0,-9999.0,-9999.0,68.8339996338,443.984475278087,141.329091048736,270157.29,661857.35,92,48,68.834
NS76SW_1149,1,0_2,6.02544063992,-9999.0,-9999.0,-9999.0,69.1050033569,91.4027197756041,38.300709560764,270439.42,661848.55,16,10,69.105
NS76SW_1150,1,0_2,4.72964093011,-9999.0,-9999.0,-9999.0,68.1750030518,228.08456575342,83.7187238060601,270486.77,661855.32,32,18,68.175
NS76SW_1153,1,0_2,5.63560130695,-9999.0,-9999.0,-9999.0,68.4110031128,213.47330331734,63.2164417610501,270101.17,661850.28,28,16,68.411
NS76SW_1158,1,0_2,5.08345387036,-9999.0,-9999.0,-9999.0,68.5899963379,124.85078426793,50.9304002747426,270189.67,661842.3,20,12,68.59
NS76SW_1160,1,0_2,5.49783449934,-9999.0,-9999.0,-9999.0,68.9850006104,134.162471673475,46.9919676465112,270454.67,661842.86,12,8,68.985
NS76SW_1163,1,0_2,5.99039038513,-9999.0,-9999.0,-9999.0,68.888999939,64.6409818141128,33.0087995935659,270465.38,661837.01,12,8,68.889
NS76SW_1164,1,0_2,5.89739070903,-9999.0,-9999.0,-9999.0,68.8209991455,184.908106958308,59.6513933676831,270379.23,661841.91,12,8,68.821
NS76SW_1167,1,0_2,5.78931789914,-9999.0,-9999.0,-9999.0,68.8789978027,93.9092990532047,38.8665168916021,270184.59,661833.66,12,8,68.879
NS76SW_1168,1,0_2,3.1948028953,-9999.0,-9999.0,-9999.0,66.9960021973,372.668770755851,103.636453119878,270028.93,661844.02,44,24,66.996
NS76SW_1169,1,0_2,6.00454691998,-9999.0,-9999.0,-9999.0,68.7959976196,126.628314074241,48.1508570758252,270486.39,661834.3,20,12,68.796
NS76SW_1170,1,0_2,5.97034936512,-9999.0,-9999.0,-9999.0,67.0699996948,274.258471931044,98.1351346439585,270551.16,661832.9,48,28,67.07
NS76SW_1171,1,0_2,5.75949979655,-9999.0,-9999.0,-9999.0,68.7149963379,97.5218156758322,40.8431417680842,270351.48,661829.82,12,8,68.715
NS76SW_1173,1,0_2,4.85374195553,-9999.0,-9999.0,-9999.0,67.9990005493,157.835973180116,52.6652632622335,270270.42,661832.55,12,8,67.999
NS76SW_1174,1,0_2,5.61010619165,-9999.0,-9999.0,-9999.0,68.8170013428,205.581627323244,69.696652296176,270403.92,661834.01,36,20,68.817
NS76SW_1175,1,0_2,4.81650801765,-9999.0,-9999.0,-9999.0,68.6070022583,281.088793479887,87.616951876536,270118.82,661835.15,44,24,68.607
NS76SW_1176,1,0_2,3.62630682876,-9999.0,-9999.0,-9999.0,67.0260009766,126.96140868139,46.543065041766,270571.32,661830.19,12,8,67.026
NS76SW_1177,1,0_2,5.70373232015,-9999.0,-9999.0,-9999.0,68.9940032959,97.7366631349346,39.6275522539987,270133.13,661827.82,12,8,68.994
NS76SW_1178,1,0_2,5.17170123572,-9999.0,-9999.0,-9999.0,67.9889984131,180.03935645101,73.0444322754331,270252.97,661831.57,48,26,67.989
NS76SW_1179,1,0_2,5.58293321619,-9999.0,-9999.0,-9999.0,67.8740005493,103.677607153246,42.5560297831346,270281.71,661827.4,20,12,67.874
NS76SW_1180,1,0_2,5.38756481437,-9999.0,-9999.0,-9999.0,68.3199996948,114.028959809068,47.0573938827611,270223.55,661826.08,28,16,68.32
NS76SW_1181,1,0_2,5.62551758283,-9999.0,-9999.0,-9999.0,68.6029968262,102.473788265886,43.6505467849501,270362.9,661824.4,28,16,68.603
NS76SW_1182,1,0_2,5.63744952696,-9999.0,-9999.0,-9999.0,68.3089981079,186.729196375802,73.6423764324099,270519.12,661829.72,52,28,68.309
NS76SW_1183,1,0_2,5.98579644168,-9999.0,-9999.0,-9999.0,68.7819976807,62.5702998255024,32.50404596853,270415.82,661821.47,12,8,68.782
NS76SW_1184,1,0_2,2.59998981536,-9999.0,-9999.0,-9999.0,67.3160018921,32.495482495334,23.4851853373582,270561.49,661819.72,12,8,67.316
NS76SW_1185,1,0_2,5.78888982248,-9999.0,-9999.0,-9999.0,69.2239990234,119.529695770508,44.7480810350924,270589.38,661821.35,20,12,69.224
NS76SW_1186,1,0_2,5.79106314212,-9999.0,-9999.0,-9999.0,66.2050018311,145.93395113038,51.9749543521859,270003.66,661823.43,12,8,66.205
NS76SW_1187,1,0_2,5.77873038473,-9999.0,-9999.0,-9999.0,68.8921661377,63.9000549674958,33.0088408164553,270482.45,661818.34,12,8,68.892
NS76SW_1189,1,0_2,5.74516410195,-9999.0,-9999.0,-9999.0,68.5780029297,92.9922776402861,38.6902647612901,270212.89,661819.61,12,8,68.578
NS76SW_1190,1,0_2,5.53586330414,-9999.0,-9999.0,-9999.0,68.7440032959,105.946859999295,42.2357272790262,270372.61,661818.22,16,10,68.744
NS76SW_1191,1,0_2,5.67521602424,-9999.0,-9999.0,-9999.0,68.6090011597,69.6585024873214,34.6489718656399,270523.85,661815.32,12,8,68.609
NS76SW_1192,1,0_2,5.13439959631,-9999.0,-9999.0,-9999.0,68.7559967041,244.116769263465,75.3261247115141,270149.52,661819.27,24,14,68.756
NS76SW_1193,1,0_2,5.84868012304,-9999.0,-9999.0,-9999.0,68.9100036621,94.4234983182605,38.9655976282231,270175.02,661815.66,12,8,68.91
NS76SW_1194,1,0_2,2.82487630844,-9999.0,-9999.0,-9999.0,68.8990020752,32.5702200006075,28.0807085770213,270409.09,661812.34,8,6,68.899
NS76SW_1195,1,0_2,5.88546064788,-9999.0,-9999.0,-9999.0,69.3649978638,103.339206107141,40.7589390126574,270601.49,661815.24,12,8,69.365
NS76SW_1196,1,0_2,5.34792962104,-9999.0,-9999.0,-9999.0,68.0029983521,260.696377997295,73.3396801600655,270297.02,661817.16,44,24,68.003
NS76SW_1197,1,0_2,5.95685865929,-9999.0,-9999.0,-9999.0,68.6839981079,110.996727047713,42.6354009691636,270425.04,661813.88,20,12,68.684
NS76SW_1198,1,0_2,6.06604212844,-9999.0,-9999.0,-9999.0,68.7060012817,63.2117589392208,32.7472644174377,270453.27,661811.34,12,8,68.706
NS76SW_1201,1,0_2,5.51251376415,-9999.0,-9999.0,-9999.0,68.2099990845,415.508535525827,109.232272269244,270084.84,661818.64,68,36,68.21
NS76SW_1202,1,0_2,5.71663371103,-9999.0,-9999.0,-9999.0,68.5670013428,87.2643008456585,37.9728192156156,270210.74,661810.18,12,8,68.567
NS76SW_1203,1,0_2,5.85173092094,-9999.0,-9999.0,-9999.0,68.5790023804,94.474144731131,38.9845291249301,270251.47,661810.67,12,8,68.579
NS76SW_1204,1,0_2,5.871617241,-9999.0,-9999.0,-9999.0,68.0670013428,105.058195905086,42.8739003547236,270313.83,661810.57,20,12,68.067
NS76SW_1205,1,0_2,5.86452552327,-9999.0,-9999.0,-9999.0,69.5790023804,93.3355480888084,39.1237906085735,270611.74,661809.64,12,8,69.579
NS76SW_1206,1,0_2,4.7900955128,-9999.0,-9999.0,-9999.0,68.5510025024,164.447206531642,65.200162676448,270237.27,661810.9,36,20,68.551
NS76SW_1207,1,0_2,5.33185463411,-9999.0,-9999.0,-9999.0,68.9140014648,109.745164992444,43.2363377872017,270168.9,661807.64,20,12,68.914
NS76SW_1210,1,0_2,5.99069144666,-9999.0,-9999.0,-9999.0,69.2340011597,112.821869458997,43.4530028645833,270469.5,661805.29,12,8,69.234
NS76SW_1212,1,0_2,5.62288911239,-9999.0,-9999.0,-9999.0,68.0429992676,120.301882211095,44.2324725176671,270324.73,661805.48,16,10,68.043
NS76SW_1214,1,0_2,4.95457044778,-9999.0,-9999.0,-9999.0,68.2180023193,125.759691719177,46.8002986874736,270263.03,661805.62,20,12,68.218
NS76SW_1216,1,0_2,6.08652582329,-9999.0,-9999.0,-9999.0,68.9720001221,106.855996125407,41.4386709840712,270530.2,661803.73,12,8,68.972
NS76SW_1218,1,0_2,5.23731204762,-9999.0,-9999.0,-9999.0,68.5279998779,221.734465527952,86.4255124169927,270114.41,661803.53,52,28,68.528
NS76SW_1219,1,0_2,5.77905326977,-9999.0,-9999.0,-9999.0,68.9100036621,88.5806470141692,38.205555562208,270162.88,661799.89,12,8,68.91
NS76SW_1220,1,0_2,4.48787115495,-9999.0,-9999.0,-9999.0,68.6210021973,200.225714226158,93.8318743172722,270444.6,661801.68,64,34,68.621
NS76SW_1221,1,0_2,5.67634656352,-9999.0,-9999.0,-9999.0,68.0733337402,95.1760324989177,39.1102152673448,270272.35,661799.02,12,8,68.073
NS76SW_1222,1,0_2,5.81250220291,-9999.0,-9999.0,-9999.0,68.7060012817,234.599420147411,95.1561027347797,270387.5,661805.58,36,22,68.706
NS76SW_1223,1,0_2,5.84555225827,-9999.0,-9999.0,-9999.0,69.4649963379,119.646252299163,47.6562843570063,270623.15,661799.21,20,12,69.465
NS76SW_1226,1,0_2,5.56139010319,-9999.0,-9999.0,-9999.0,68.03099823,121.184255104805,49.1432273533883,270333.4,661796.33,28,16,68.031
NS76SW_1227,1,0_2,6.053972225,-9999.0,-9999.0,-9999.0,69.8929977417,152.812703834856,50.5080607951636,270583.26,661796.53,12,8,69.893
NS76SW_1228,1,0_2,5.49574750874,-9999.0,-9999.0,-9999.0,68.7350006104,217.6688524061,71.2257862671823,270202.18,661795.05,36,20,68.735
NS76SW_1229,1,0_2,5.88864020652,-9999.0,-9999.0,-9999.0,68.1959991455,106.594655098977,42.6378065592618,270344.86,661792.49,20,12,68.196
NS76SW_1231,1,0_2,5.34103859121,-9999.0,-9999.0,-9999.0,68.5490036011,232.1668977222,70.0127471002912,270133.35,661793.78,28,16,68.549
NS76SW_1232,1,0_2,5.13481065742,-9999.0,-9999.0,-9999.0,69.0319976807,124.226119809075,48.0107604090788,270157.52,661790.23,28,16,69.032
NS76SW_1233,1,0_2,5.46116488913,-9999.0,-9999.0,-9999.0,68.9869995117,106.718607008606,44.5372966522658,270396.23,661789.41,28,16,68.987
NS76SW_1234,1,0_2,5.6988921108,-9999.0,-9999.0,-9999.0,68.1159973145,219.969630571075,72.2274477864112,270054.81,661790.76,44,24,68.116
NS76SW_1235,1,0_2,3.66801382408,-9999.0,-9999.0,-9999.0,69.1892471313,66.0005667757794,56.135468042124,270423.67,661785.84,36,20,69.189
NS76SW_1236,1,0_2,5.32549361408,-9999.0,-9999.0,-9999.0,68.6039962769,208.908526043375,63.7886192238531,270229.07,661788.76,28,16,68.604
NS76SW_1238,1,0_2,4.49664340916,-9999.0,-9999.0,-9999.0,67.9479980469,159.387576592247,61.6586296465994,270281.43,661788.81,28,16,67.948
NS76SW_1239,1,0_2,5.83013466583,-9999.0,-9999.0,-9999.0,68.3700027466,90.5437942260897,38.1025442193773,270075.47,661783.03,12,8,68.37
NS76SW_1241,1,0_2,5.36011788585,-9999.0,-9999.0,-9999.0,69.9375,137.292563489116,62.8257627857734,270575.49,661780.6,28,16,69.938
NS76SW_1242,1,0_2,5.45575370154,-9999.0,-9999.0,-9999.0,68.2320022583,174.198235904693,61.0926491848131,270354.99,661782.22,28,16,68.232
NS76SW_1243,1,0_2,5.25363304579,-9999.0,-9999.0,-9999.0,69.0989990234,119.261714343006,47.5945464314259,270196.66,661780.32,28,16,69.099
NS76SW_1244,1,0_2,5.89770053762,-9999.0,-9999.0,-9999.0,69.5680007935,115.64748217609,44.3450372207069,270609.17,661779.91,20,12,69.568
NS76SW_1246,1,0_2,4.83644590113,-9999.0,-9999.0,-9999.0,68.283996582,148.296865454715,63.1010596329657,270307.59,661780.21,52,28,68.284
NS76SW_1247,1,0_2,5.07133104117,-9999.0,-9999.0,-9999.0,67.9479980469,171.817278744881,56.0957524525481,270293.44,661780.54,24,14,67.948
NS76SW_1249,1,0_2,5.64435447182,-9999.0,-9999.0,-9999.0,69.5970001221,213.100303661161,71.107632212019,270463.86,661783.05,32,18,69.597
NS76SW_1250,1,0_2,5.84930241404,-9999.0,-9999.0,-9999.0,68.716003418,195.718609122101,62.1023932589372,270396.89,661775.67,20,12,68.716
NS76SW_1251,1,0_2,4.96514512581,-9999.0,-9999.0,-9999.0,68.8799972534,134.827782908268,52.3417594999501,270222.35,661774.46,20,12,68.88
NS76SW_1252,1,0_2,5.03891769077,-9999.0,-9999.0,-9999.0,68.2229995728,119.797061281545,44.9395989415467,270318.96,661774.2,12,8,68.223
NS76SW_1253,1,0_2,5.52350717233,-9999.0,-9999.0,-9999.0,68.327003479,310.306186207257,102.131208606991,270092.67,661774.59,36,22,68.327
NS76SW_1258,1,0_2,5.32135092518,-9999.0,-9999.0,-9999.0,68.71900177,197.202553094489,59.4432890755232,270416.13,661770.04,20,12,68.719
NS76SW_1259,1,0_2,6.13495367545,-9999.0,-9999.0,-9999.0,70.236000061,113.79032920468,42.6800752555335,270566.36,661767.86,12,8,70.236
NS76SW_1262,1,0_2,5.21648367638,-9999.0,-9999.0,-9999.0,68.5960006714,116.368101827542,47.5086088029561,270111.45,661764.39,20,12,68.596
NS76SW_1263,1,0_2,5.42683598615,-9999.0,-9999.0,-9999.0,68.9960021973,109.830522047972,45.1888968713384,270222.0,661762.95,20,12,68.996
NS76SW_1264,1,0_2,6.13248538172,-9999.0,-9999.0,-9999.0,69.9082870483,155.190057095797,51.1758351665301,270601.15,661763.87,12,8,69.908
NS76SW_1266,1,0_2,5.27764789805,-9999.0,-9999.0,-9999.0,68.2080001831,330.968004117227,106.875625157305,270260.24,661768.56,68,36,68.208
NS76SW_1268,1,0_2,3.02021865339,-9999.0,-9999.0,-9999.0,69.091003418,37.9744462526907,25.421974342947,270624.67,661755.86,12,8,69.091
NS76SW_1270,1,0_2,5.032367285,-9999.0,-9999.0,-9999.0,68.1949996948,265.584638092469,87.2380402264053,270332.94,661762.18,52,28,68.195
NS76SW_1273,1,0_2,5.1201359142,-9999.0,-9999.0,-9999.0,69.2969970703,122.505517504789,45.3522479765395,270204.32,661752.75,16,10,69.297
NS76SW_1274,1,0_2,6.12218388375,-9999.0,-9999.0,-9999.0,70.2939987183,98.4538285287398,39.6931084120262,270557.96,661752.19,12,8,70.294
NS76SW_1278,1,0_2,5.88250097326,-9999.0,-9999.0,-9999.0,69.6999969482,93.9169090609546,38.8479412013697,270212.34,661746.66,12,8,69.7
NS76SW_1279,1,0_2,4.97858249975,-9999.0,-9999.0,-9999.0,68.0650024414,137.368031548356,48.4966723447939,270322.98,661746.51,20,12,68.065
NS76SW_1280,1,0_2,5.42233877645,-9999.0,-9999.0,-9999.0,68.2279968262,316.959598570509,103.840627844126,270283.01,661756.05,48,26,68.228
NS76SW_1281,1,0_2,5.17136451988,-9999.0,-9999.0,-9999.0,70.1190032959,125.322546505077,60.5326643444497,270582.92,661748.31,28,16,70.119
NS76SW_1282,1,0_2,4.93951464303,-9999.0,-9999.0,-9999.0,68.7139968872,577.907818184532,177.750137698798,270444.42,661759.41,92,48,68.714
NS76SW_1284,1,0_2,6.14761410338,-9999.0,-9999.0,-9999.0,70.6630020142,103.59820778073,40.7413131851706,270594.01,661743.41,12,8,70.663
NS76SW_1286,1,0_2,5.73779346497,-9999.0,-9999.0,-9999.0,69.4739990234,96.7162287027676,39.3960202081754,270221.65,661740.62,12,8,69.474
NS76SW_1290,1,0_2,5.03313018043,-9999.0,-9999.0,-9999.0,68.4560012817,409.103257404129,104.331145170428,270354.4,661748.97,56,30,68.456
NS76SW_1294,1,0_2,6.27534289238,-9999.0,-9999.0,-9999.0,70.8949966431,98.6593555889118,39.7407751055149,270605.26,661736.72,12,8,70.895
NS76SW_1296,1,0_2,6.01495988792,-9999.0,-9999.0,-9999.0,70.1510009766,108.47374731728,43.4898330029115,270482.85,661735.18,20,12,70.151
NS76SW_1298,1,0_2,5.95492497587,-9999.0,-9999.0,-9999.0,69.8619995117,110.388512614398,43.6511081970418,270541.42,661735.67,20,12,69.862
NS76SW_1301,1,0_2,5.66440889014,-9999.0,-9999.0,-9999.0,68.5849990845,206.781560958862,60.1155343296539,270408.8,661734.03,28,16,68.585
NS76SW_1302,1,0_2,5.41203277588,-9999.0,-9999.0,-9999.0,68.7289962769,558.246484921007,201.335429827547,270137.63,661745.84,120,62,68.729
NS76SW_1303,1,0_2,6.02905831164,-9999.0,-9999.0,-9999.0,71.06300354,158.794437869444,51.5352553797292,270621.95,661732.33,12,8,71.063
NS76SW_1304,1,0_2,5.82978175053,-9999.0,-9999.0,-9999.0,68.4079971313,82.8525054963743,39.0307943631508,270345.93,661729.58,20,12,68.408
NS76SW_1306,1,0_2,5.59812685483,-9999.0,-9999.0,-9999.0,68.9970016479,313.965461042363,85.1363879907029,270248.85,661737.85,36,20,68.997
NS76SW_1307,1,0_2,5.86849210596,-9999.0,-9999.0,-9999.0,69.2799987793,95.9315720513677,39.2678923232599,270265.95,661728.06,12,8,69.28
NS76SW_1308,1,0_2,6.06651830915,-9999.0,-9999.0,-9999.0,69.9309997559,103.024371176632,40.6330665098895,270554.94,661727.53,12,8,69.931
NS76SW_1309,1,0_2,5.4019092929,-9999.0,-9999.0,-9999.0,68.2490005493,239.430166906107,69.6546137820454,270312.69,661731.62,28,16,68.249
NS76SW_1311,1,0_2,5.49947631473,-9999.0,-9999.0,-9999.0,69.2710037231,107.183152239024,42.8269142537925,270276.25,661724.16,20,12,69.271
NS76SW_1312,1,0_2,3.15147430018,-9999.0,-9999.0,-9999.0,70.2539978027,40.1562824956118,26.3777920721005,270527.82,661721.85,12,8,70.254
NS76SW_1313,1,0_2,5.8442345526,-9999.0,-9999.0,-9999.0,70.608001709,101.850388813822,40.4922320138767,270575.6,661723.59,12,8,70.608
NS76SW_1320,1,0_2,5.67035508987,-9999.0,-9999.0,-9999.0,70.4209976196,332.26895664483,140.671437513339,270506.49,661721.5,68,36,70.421
NS76SW_1321,1,0_2,5.27114552666,-9999.0,-9999.0,-9999.0,69.2570037842,484.970072093052,171.941192756709,270184.25,661722.56,84,44,69.257
NS76SW_1322,1,0_2,5.9682731824,-9999.0,-9999.0,-9999.0,70.4140014648,100.021988306722,40.0756646353975,270479.92,661712.91,12,8,70.414
NS76SW_1324,1,0_2,5.81999301384,-9999.0,-9999.0,-9999.0,68.483001709,187.48704315832,56.5110743274727,270339.25,661716.13,16,10,68.483
NS76SW_1327,1,0_2,5.95994841747,-9999.0,-9999.0,-9999.0,70.5709991455,99.4751221534271,39.9924804479186,270529.2,661710.32,12,8,70.571
NS76SW_1329,1,0_2,5.8494769766,-9999.0,-9999.0,-9999.0,69.4449996948,98.4036585185628,39.7598480556607,270211.15,661708.97,12,8,69.445
NS76SW_1330,1,0_2,5.16355181363,-9999.0,-9999.0,-9999.0,68.1190032959,539.59031356138,146.113869048248,270382.61,661728.17,92,48,68.119
NS76SW_1331,1,0_2,6.2611361166,-9999.0,-9999.0,-9999.0,70.4349975586,100.247774927943,40.0504161572396,270540.44,661704.62,12,8,70.435
NS76SW_1332,1,0_2,5.38821329848,-9999.0,-9999.0,-9999.0,70.9980010986,135.858951560929,61.6623656610125,270605.9,661707.99,28,16,70.998
NS76SW_1335,1,0_2,5.02563844492,-9999.0,-9999.0,-9999.0,68.4850006104,213.61278840847,63.0152767209681,270402.54,661704.72,28,16,68.485
NS76SW_1337,1,0_2,5.79091430395,-9999.0,-9999.0,-9999.0,70.8395996094,242.205368164276,67.0024461382277,270566.36,661705.84,28,16,70.84
NS76SW_1338,1,0_2,5.48529641133,-9999.0,-9999.0,-9999.0,69.4580001831,108.612271005412,43.9502311281082,270219.11,661701.2,20,12,69.458
NS76SW_1339,1,0_2,5.86346577848,-9999.0,-9999.0,-9999.0,71.1200027466,114.4812329558,44.3387988763817,270620.1,661698.7,20,12,71.12
NS76SW_1342,1,0_2,6.03938406239,-9999.0,-9999.0,-9999.0,70.6500015259,87.5844225017405,38.0250727646793,270506.46,661695.82,12,8,70.65
NS76SW_1343,1,0_2,4.5888186493,-9999.0,-9999.0,-9999.0,68.7570037842,589.965993077729,165.809337621134,270434.1,661711.43,100,52,68.757
NS76SW_1345,1,0_2,6.11029977782,-9999.0,-9999.0,-9999.0,70.4359970093,153.658100362086,50.6778910180021,270471.52,661697.72,12,8,70.436
NS76SW_1346,1,0_2,6.07696116572,-9999.0,-9999.0,-9999.0,71.077003479,153.150329967216,50.1414206740604,270595.98,661695.45,12,8,71.077
NS76SW_1347,1,0_2,5.41987038861,-9999.0,-9999.0,-9999.0,68.3970031738,544.950311532912,134.683201963131,270316.55,661701.07,76,40,68.397
NS76SW_1348,1,0_2,5.61948255492,-9999.0,-9999.0,-9999.0,69.0899963379,473.977700406603,129.037096616846,270244.02,661694.33,64,34,69.09
NS76SW_1351,1,0_2,6.18691829247,-9999.0,-9999.0,-9999.0,70.7089996338,102.210275755613,40.5104781108208,270555.55,661688.08,12,8,70.709
NS76SW_1352,1,0_2,5.67487898898,-9999.0,-9999.0,-9999.0,69.0250015259,158.376249772548,67.3715723163937,270195.59,661688.45,36,20,69.025
NS76SW_1355,1,0_2,5.07338078515,-9999.0,-9999.0,-9999.0,69.0149993896,109.541980087906,46.2729113964299,270267.71,661685.03,20,12,69.015
NS76SW_1356,1,0_2,5.79653819691,-9999.0,-9999.0,-9999.0,70.3649978638,117.459605466288,43.370144831477,270466.65,661682.42,12,8,70.365
NS76SW_1357,1,0_2,5.97425617245,-9999.0,-9999.0,-9999.0,69.1220016479,71.0832498797588,33.8404244041773,270180.74,661680.67,12,8,69.122
NS76SW_1358,1,0_2,5.7679944748,-9999.0,-9999.0,-9999.0,68.9240036011,97.8994347430366,39.725109207058,270277.21,661681.86,12,8,68.924
NS76SW_1360,1,0_2,6.15638282155,-9999.0,-9999.0,-9999.0,71.1500015259,121.486365055017,44.1965609172853,270587.4,661681.44,12,8,71.15
NS76SW_1361,1,0_2,6.32509888493,-9999.0,-9999.0,-9999.0,68.672996521,108.025274568565,42.1324452045351,270416.79,661680.28,12,8,68.673
NS76SW_1362,1,0_2,5.90003833875,-9999.0,-9999.0,-9999.0,70.4619979858,94.8045094814924,39.4160687116987,270519.75,661679.7,12,8,70.462
NS76SW_1363,1,0_2,6.08618469238,-9999.0,-9999.0,-9999.0,70.5999984741,152.236864638503,50.3577334790093,270498.55,661681.05,12,8,70.6
NS76SW_1364,1,0_2,6.1251202825,-9999.0,-9999.0,-9999.0,69.1039962769,96.459986243327,39.1258436588663,270205.51,661677.34,16,10,69.104
NS76SW_1365,1,0_2,5.35604970307,-9999.0,-9999.0,-9999.0,68.2480010986,243.129070479441,82.7904718153704,270358.2,661685.78,44,24,68.248
NS76SW_1366,1,0_2,2.54777775041,-9999.0,-9999.0,-9999.0,68.577003479,25.8443325019047,23.6792107670655,270368.63,661671.94,8,6,68.577
NS76SW_1369,1,0_2,5.82647495948,-9999.0,-9999.0,-9999.0,68.4300003052,207.165487425462,62.445619901622,270382.2,661677.79,20,12,68.43
NS76SW_1370,1,0_2,5.95120204491,-9999.0,-9999.0,-9999.0,70.56199646,100.226771338516,40.0949780937739,270529.97,661674.15,12,8,70.562
NS76SW_1373,1,0_2,5.51537978228,-9999.0,-9999.0,-9999.0,68.9110031128,108.303827689158,45.3285183079999,270285.44,661674.98,20,12,68.911
NS76SW_1374,1,0_2,5.20155834478,-9999.0,-9999.0,-9999.0,69.1660003662,94.0373523305399,44.7432639286703,270215.95,661673.07,28,16,69.166
NS76SW_1376,1,0_2,5.7496768277,-9999.0,-9999.0,-9999.0,68.7529983521,96.2940470026273,39.3977302078122,270295.16,661670.94,12,8,68.753
NS76SW_1379,1,0_2,6.17934039197,-9999.0,-9999.0,-9999.0,70.2610015869,101.45698209383,40.3254371466392,270460.55,661668.43,12,8,70.261
NS76SW_1381,1,0_2,2.18955645984,-9999.0,-9999.0,-9999.0,68.6350021362,24.4186500001851,22.642573894856,270377.03,661663.61,8,6,68.635
NS76SW_1382,1,0_2,5.92252304157,-9999.0,-9999.0,-9999.0,71.1009979248,101.940301073074,40.5457860502962,270584.79,661667.1,12,8,71.101
NS76SW_1383,1,0_2,5.72478360784,-9999.0,-9999.0,-9999.0,68.8389968872,3884.65299999786,395.791740226777,270101.27,661703.63,144,76,68.839
NS76SW_1384,1,0_2,5.78385388263,-9999.0,-9999.0,-9999.0,68.9769973755,97.4639766737655,39.6228190833064,270313.7,661667.02,12,8,68.977
NS76SW_1387,1,0_2,5.59123673418,-9999.0,-9999.0,-9999.0,68.7509994507,172.143353215851,54.1861898071248,270408.73,661666.15,20,12,68.751
NS76SW_1388,1,0_2,6.0957975444,-9999.0,-9999.0,-9999.0,70.7139968872,86.7294221300959,37.5681723446894,270551.51,661662.94,12,8,70.714
NS76SW_1389,1,0_2,6.20935403272,-9999.0,-9999.0,-9999.0,70.3923339844,101.477072230173,40.3405607170331,270486.44,661660.48,12,8,70.392
NS76SW_1391,1,0_2,5.79565877479,-9999.0,-9999.0,-9999.0,68.9739990234,210.892041878931,84.7436504542232,270174.57,661663.0,36,20,68.974
NS76SW_1392,1,0_2,6.08631488183,-9999.0,-9999.0,-9999.0,69.1330032349,98.1833015126716,40.1163337468714,270237.7,661659.75,20,12,69.133
NS76SW_1393,1,0_2,5.04159901359,-9999.0,-9999.0,-9999.0,70.6320037842,139.353950202947,64.8375780198702,270540.32,661663.22,28,16,70.632
NS76SW_1396,1,0_2,3.06919273963,-9999.0,-9999.0,-9999.0,68.9800033569,29.3256562482969,22.2527511138125,270415.03,661652.74,12,8,68.98
NS76SW_1397,1,0_2,4.71555314896,-9999.0,-9999.0,-9999.0,69.1340026855,120.928253485631,59.0560590941227,270221.62,661658.75,28,16,69.134
NS76SW_1398,1,0_2,6.05341407662,-9999.0,-9999.0,-9999.0,70.2570037842,154.303187435143,50.6903005358611,270448.7,661657.11,12,8,70.257
NS76SW_1399,1,0_2,5.66048510869,-9999.0,-9999.0,-9999.0,70.986000061,122.522545025845,48.7827000344223,270576.28,661653.74,28,16,70.986
NS76SW_1402,1,0_2,6.02962357516,-9999.0,-9999.0,-9999.0,70.8010025024,99.3887140723939,39.9485749061886,270512.93,661651.46,12,8,70.801
NS76SW_1404,1,0_2,5.91782929779,-9999.0,-9999.0,-9999.0,70.6699981689,111.499747170135,43.6490597029012,270499.37,661651.93,20,12,70.67
NS76SW_1405,1,0_2,6.21457639973,-9999.0,-9999.0,-9999.0,68.672996521,90.7712883083775,38.2184925313875,270167.4,661649.98,12,8,68.673
NS76SW_1407,1,0_2,5.23231674586,-9999.0,-9999.0,-9999.0,68.5080032349,107.94590908256,52.8512961309102,270371.34,661649.8,32,18,68.508
NS76SW_1409,1,0_2,6.38850471669,-9999.0,-9999.0,-9999.0,68.7050018311,137.171012872035,48.3793540358435,270398.72,661648.2,12,8,68.705
NS76SW_1410,1,0_2,3.2762978573,-9999.0,-9999.0,-9999.0,70.2310028076,38.2889025016861,25.4815023930158,270432.71,661641.79,12,8,70.231
NS76SW_1411,1,0_2,4.87837683059,-9999.0,-9999.0,-9999.0,69.1240005493,480.815850993407,191.350162280304,270267.25,661652.54,124,64,69.124
NS76SW_1412,1,0_2,5.14009667366,-9999.0,-9999.0,-9999.0,69.0070037842,272.934025123415,97.1580906903418,270304.48,661650.05,52,28,69.007
NS76SW_1413,1,0_2,5.83390642467,-9999.0,-9999.0,-9999.0,68.8759994507,198.575734828639,63.9543941002849,270204.33,661647.06,36,20,68.876
NS76SW_1414,1,0_2,5.95271284047,-9999.0,-9999.0,-9999.0,70.9530029297,114.567012764492,43.9701822941419,270524.33,661644.38,20,12,70.953
NS76SW_1415,1,0_2,5.9011203586,-9999.0,-9999.0,-9999.0,70.9680023193,101.874539366512,40.4969347057598,270545.84,661643.77,12,8,70.968
NS76SW_1417,1,0_2,6.16951579806,-9999.0,-9999.0,-9999.0,70.1740036011,100.003609750263,40.0068593884452,270444.94,661641.92,12,8,70.174
NS76SW_1420,1,0_2,6.20151698186,-9999.0,-9999.0,-9999.0,69.9710006714,84.3959321131026,36.9249407525868,270467.38,661636.61,12,8,69.971
NS76SW_1422,1,0_2,5.81021767392,-9999.0,-9999.0,-9999.0,68.8970031738,205.148253146163,81.2173725063855,270231.92,661639.92,52,28,68.897
NS76SW_1423,1,0_2,4.03190933574,-9999.0,-9999.0,-9999.0,68.7490005493,112.073700407696,42.8473873911168,270393.4,661634.96,12,8,68.749
NS76SW_1426,1,0_2,4.74578362754,-9999.0,-9999.0,-9999.0,71.1259994507,154.988649149162,79.3993115360315,270576.64,661637.63,52,28,71.126
NS76SW_1427,1,0_2,5.00935989826,-9999.0,-9999.0,-9999.0,68.6380004883,566.505852621546,183.12655304327,270342.22,661647.92,100,52,68.638
NS76SW_1428,1,0_2,6.22617998811,-9999.0,-9999.0,-9999.0,71.0920028687,100.294187364413,40.1181495579632,270538.01,661630.48,12,8,71.092
NS76SW_1431,1,0_2,6.08216018935,-9999.0,-9999.0,-9999.0,70.2149963379,157.6383502331,50.9530015430599,270479.26,661630.39,12,8,70.215
NS76SW_1433,1,0_2,6.25073231417,-9999.0,-9999.0,-9999.0,71.3600006104,106.890687335406,41.3764095937799,270570.64,661629.06,12,8,71.36
NS76SW_1434,1,0_2,6.17104516236,-9999.0,-9999.0,-9999.0,68.7760009766,188.68500016384,77.7271964786078,270160.61,661632.55,52,28,68.776
NS76SW_1435,1,0_2,6.17410458556,-9999.0,-9999.0,-9999.0,70.2819976807,109.820528971224,41.9377536040548,270432.89,661628.51,12,8,70.282
NS76SW_1436,1,0_2,5.45808119291,-9999.0,-9999.0,-9999.0,68.7109985352,144.097863873788,52.5857853533766,270355.0,661626.17,20,12,68.711
NS76SW_1438,1,0_2,5.54047481401,-9999.0,-9999.0,-9999.0,68.8310012817,121.908157358505,44.167825929931,270222.96,661625.7,12,8,68.831
NS76SW_1440,1,0_2,2.88222497655,-9999.0,-9999.0,-9999.0,68.6299972534,32.472570000508,23.8406939648041,270339.98,661621.05,12,8,68.63
NS76SW_1442,1,0_2,5.79953439914,-9999.0,-9999.0,-9999.0,69.1719970703,195.212253800514,83.2495264510864,270287.15,661626.2,44,24,69.172
NS76SW_1443,1,0_2,6.0109786289,-9999.0,-9999.0,-9999.0,70.4309997559,111.819474266264,43.6629780512959,270493.82,661623.12,20,12,70.431
NS76SW_1445,1,0_2,3.0520815356,-9999.0,-9999.0,-9999.0,68.8639984131,30.381131251459,22.6875167893918,270397.92,661616.17,12,8,68.864
NS76SW_1446,1,0_2,5.85595218952,-9999.0,-9999.0,-9999.0,68.8590011597,120.87254365955,47.438085550545,270369.97,661618.43,20,12,68.859
NS76SW_1447,1,0_2,5.19793086496,-9999.0,-9999.0,-9999.0,70.1429977417,130.806283230592,49.0945138771536,270459.39,661618.46,20,12,70.143
NS76SW_1448,1,0_2,5.6386615072,-9999.0,-9999.0,-9999.0,70.6019973755,144.771552298328,52.5279996005959,270506.84,661618.81,20,12,70.602
NS76SW_1452,1,0_2,5.71435425109,-9999.0,-9999.0,-9999.0,68.9499969482,104.204132034973,44.2751138891055,270258.18,661614.12,36,20,68.95
NS76SW_1454,1,0_2,5.89355305263,-9999.0,-9999.0,-9999.0,71.4940032959,100.253331357055,40.1769029885917,270565.18,661614.51,12,8,71.494
NS76SW_1455,1,0_2,5.35860611322,-9999.0,-9999.0,-9999.0,69.1660003662,97.0047719559206,43.7891853898158,270277.39,661613.99,20,12,69.166
NS76SW_1456,1,0_2,6.08239515438,-9999.0,-9999.0,-9999.0,70.4079971313,98.8802638987192,39.7828853436551,270424.41,661613.19,12,8,70.408
NS76SW_1458,1,0_2,6.18409471183,-9999.0,-9999.0,-9999.0,70.8369979858,110.701737537443,42.1093320954633,270522.25,661611.36,12,8,70.837
NS76SW_1460,1,0_2,3.80208112437,-9999.0,-9999.0,-9999.0,68.7870025635,148.602960904552,49.7386892033554,270386.81,661610.36,12,8,68.787
NS76SW_1461,1,0_2,6.35129937032,-9999.0,-9999.0,-9999.0,68.4140014648,130.613925190089,46.6991001467761,270330.41,661609.04,24,14,68.414
NS76SW_1462,1,0_2,6.14910591973,-9999.0,-9999.0,-9999.0,69.0159988403,72.5897985100585,34.7046081444034,270251.04,661606.87,12,8,69.016
NS76SW_1465,1,0_2,6.1089074103,-9999.0,-9999.0,-9999.0,70.2919998169,99.2962879966617,39.8781273099366,270451.69,661607.12,12,8,70.292
NS76SW_1466,1,0_2,3.29826070221,-9999.0,-9999.0,-9999.0,71.3539962769,36.7953900038639,24.9779882162746,270571.21,661603.01,12,8,71.354
NS76SW_1470,1,0_2,6.02444208277,-9999.0,-9999.0,-9999.0,70.983001709,86.1973621294133,37.5314756700542,270534.67,661603.46,12,8,70.983
NS76SW_1471,1,0_2,6.20177426881,-9999.0,-9999.0,-9999.0,71.3639984131,99.1524289155968,39.8336198223205,270558.69,661603.22,12,8,71.364
NS76SW_1472,1,0_2,6.63283765586,-9999.0,-9999.0,-9999.0,68.5100021362,102.563070579764,40.6423850838177,270341.65,661602.11,12,8,68.51
NS76SW_1474,1,0_2,6.00183845858,-9999.0,-9999.0,-9999.0,70.3639984131,104.855002323631,41.00643610542,270418.37,661601.76,12,8,70.364
NS76SW_1476,1,0_2,5.96629107569,-9999.0,-9999.0,-9999.0,70.5459976196,112.179072180206,43.7996696707448,270469.91,661601.11,20,12,70.546
NS76SW_1477,1,0_2,3.482618596,-9999.0,-9999.0,-9999.0,70.8509979248,32.8720275035911,23.7319443610717,270524.58,661595.89,12,8,70.851
NS76SW_1479,1,0_2,5.0402742123,-9999.0,-9999.0,-9999.0,68.983001709,152.636161320684,70.64028886038,270270.69,661599.12,60,32,68.983
NS76SW_1481,1,0_2,5.55113619269,-9999.0,-9999.0,-9999.0,68.716003418,284.755772507654,97.9200403321775,270200.76,661601.97,52,28,68.716
NS76SW_1482,1,0_2,6.50650446343,-9999.0,-9999.0,-9999.0,68.5500030518,102.058080823238,40.9549451431038,270354.06,661595.73,20,12,68.55
NS76SW_1484,1,0_2,5.97386100467,-9999.0,-9999.0,-9999.0,70.7710037231,90.8474073364351,38.6316213296861,270480.36,661593.84,12,8,70.771
NS76SW_1486,1,0_2,5.85816942093,-9999.0,-9999.0,-9999.0,70.21900177,119.883846597218,45.2164336317044,270413.38,661589.94,20,12,70.219
NS76SW_1487,1,0_2,6.03438820058,-9999.0,-9999.0,-9999.0,69.013999939,194.141522386013,81.558558555673,270221.84,661592.08,52,28,69.014
NS76SW_1488,1,0_2,6.01964750744,-9999.0,-9999.0,-9999.0,71.3330001831,111.363554810673,43.7656221812995,270555.29,661589.55,20,12,71.333
NS76SW_1490,1,0_2,5.98748937971,-9999.0,-9999.0,-9999.0,70.4489974976,89.1583270578455,38.2968893987981,270434.24,661585.56,12,8,70.449
NS76SW_1491,1,0_2,5.95255144574,-9999.0,-9999.0,-9999.0,70.9469985962,105.541538673517,41.1338363386886,270488.92,661584.97,12,8,70.947
NS76SW_1493,1,0_2,6.18952780443,-9999.0,-9999.0,-9999.0,70.9619979858,120.822136376787,44.1288180198211,270517.75,661583.49,12,8,70.962
NS76SW_1497,1,0_2,6.14984826481,-9999.0,-9999.0,-9999.0,71.40599823,86.897961902284,37.814399693601,270550.66,661578.66,12,8,71.406
NS76SW_1502,1,0_2,6.25848952489,-9999.0,-9999.0,-9999.0,68.9100036621,270.985834962449,95.5320066319686,270245.85,661579.72,48,26,68.91
NS76SW_1503,1,0_2,3.13264895157,-9999.0,-9999.0,-9999.0,69.5459976196,39.205102502919,25.6181641489319,270417.38,661574.1,12,8,69.546
NS76SW_1508,1,0_2,5.54492828916,-9999.0,-9999.0,-9999.0,70.5120010376,244.589141379444,94.2380677657989,270453.65,661576.66,44,24,70.512
NS76SW_1509,1,0_2,6.06174367159,-9999.0,-9999.0,-9999.0,68.8740005493,485.98856669198,117.714835910743,270381.95,661580.47,36,20,68.874
NS76SW_1510,1,0_2,6.05409916845,-9999.0,-9999.0,-9999.0,68.9260025024,74.669058165326,35.209624769743,270264.88,661570.57,12,8,68.926
NS76SW_1512,1,0_2,5.4363065649,-9999.0,-9999.0,-9999.0,70.7450027466,138.396609503512,65.742167746266,270504.6,661575.02,28,16,70.745
NS76SW_1513,1,0_2,5.80844667477,-9999.0,-9999.0,-9999.0,67.827003479,132.058923637832,47.2550808362848,270166.27,661570.49,20,12,67.827
NS76SW_1514,1,0_2,5.88907907492,-9999.0,-9999.0,-9999.0,68.0510025024,251.458573187965,71.5864816809209,270146.76,661576.57,20,12,68.051
NS76SW_1519,1,0_2,6.11755655951,-9999.0,-9999.0,-9999.0,71.327003479,98.5030980941772,39.743840944999,270535.59,661566.96,12,8,71.327
NS76SW_1520,1,0_2,6.10216267383,-9999.0,-9999.0,-9999.0,71.1190032959,122.698003594708,44.4507936057305,270469.9,661564.11,12,8,71.119
NS76SW_1522,1,0_2,5.90134909882,-9999.0,-9999.0,-9999.0,68.9970016479,265.5198064871,72.2531084773037,270342.55,661565.85,32,18,68.997
NS76SW_1525,1,0_2,5.61446819883,-9999.0,-9999.0,-9999.0,71.7450027466,128.232674676001,47.9107472260979,270547.35,661559.86,20,12,71.745
NS76SW_1526,1,0_2,6.14527656835,-9999.0,-9999.0,-9999.0,71.0810012817,111.635990140756,42.2808435532536,270485.52,661557.71,12,8,71.081
NS76SW_1527,1,0_2,6.0817556258,-9999.0,-9999.0,-9999.0,69.2279968262,104.02370415014,41.5424123905548,270108.06,661551.57,20,12,69.228
NS76SW_1528,1,0_2,6.39220592126,-9999.0,-9999.0,-9999.0,69.2509994507,166.042885877616,52.6096443755969,270366.01,661553.74,12,8,69.251
NS76SW_1531,1,0_2,5.2122874101,-9999.0,-9999.0,-9999.0,71.1220016479,122.847213767787,59.2756601639677,270495.78,661548.83,28,16,71.122
NS76SW_1532,1,0_2,5.80468261587,-9999.0,-9999.0,-9999.0,68.8050003052,602.165671676681,163.143219621318,270305.23,661568.1,92,48,68.805
NS76SW_1536,1,0_2,6.17864736457,-9999.0,-9999.0,-9999.0,71.3489990234,120.317351100184,44.0193789621264,270510.63,661543.87,12,8,71.349
NS76SW_1539,1,0_2,5.61887670818,-9999.0,-9999.0,-9999.0,68.4720001221,219.415604734921,65.583850127291,270133.51,661544.18,28,16,68.472
NS76SW_1540,1,0_2,5.90049481082,-9999.0,-9999.0,-9999.0,69.6770019531,553.223640695077,140.709303591392,270434.47,661551.91,68,36,69.677
NS76SW_1541,1,0_2,5.79185628983,-9999.0,-9999.0,-9999.0,69.4599990845,133.924000575564,56.6829889034571,270393.97,661541.2,28,16,69.46
NS76SW_1545,1,0_2,6.50286577459,-9999.0,-9999.0,-9999.0,71.5230026245,114.979114099932,42.9356753728101,270528.27,661539.39,12,8,71.523
NS76SW_1546,1,0_2,6.45207229137,-9999.0,-9999.0,-9999.0,71.1780014038,173.757623660974,54.104340282606,270472.09,661537.45,16,10,71.178
NS76SW_1547,1,0_2,5.82505254041,-9999.0,-9999.0,-9999.0,68.1379165649,174.719913085635,55.3269759976992,270152.52,661534.73,20,12,68.138
NS76SW_1548,1,0_2,5.99280786894,-9999.0,-9999.0,-9999.0,69.8519973755,99.6827462996862,39.9683910558269,270099.19,661532.17,12,8,69.852
NS76SW_1549,1,0_2,6.47351801395,-9999.0,-9999.0,-9999.0,69.3470001221,166.833416045458,53.3666446278683,270324.03,661534.95,12,8,69.347
NS76SW_1553,1,0_2,6.51053057339,-9999.0,-9999.0,-9999.0,66.8369979858,1266.17392062232,177.980883630861,270191.4,661545.22,68,36,66.837
NS76SW_1557,1,0_2,5.87483865911,-9999.0,-9999.0,-9999.0,69.7350006104,140.769091156137,54.9913720782993,270408.23,661530.57,28,16,69.735
NS76SW_1558,1,0_2,5.19581734033,-9999.0,-9999.0,-9999.0,69.8539962769,129.793064554152,45.8876928110361,270112.26,661526.74,12,8,69.854
NS76SW_1562,1,0_2,6.45713075929,-9999.0,-9999.0,-9999.0,69.6350021362,152.106847016785,50.4581324765838,270386.81,661522.83,20,12,69.635
NS76SW_1563,1,0_2,2.61479939641,-9999.0,-9999.0,-9999.0,66.03099823,20.9146499999532,21.3697856165902,270193.95,661517.4,8,6,66.031
NS76SW_1565,1,0_2,6.48157939141,-9999.0,-9999.0,-9999.0,71.5260009766,172.979021281441,53.8961791834301,270498.61,661522.67,16,10,71.526
NS76SW_1566,1,0_2,4.9548902079,-9999.0,-9999.0,-9999.0,69.5534973145,121.948332294058,53.4458586930128,270126.06,661519.03,36,20,69.553
NS76SW_1567,1,0_2,6.48679601517,-9999.0,-9999.0,-9999.0,69.7910003662,171.305971053256,54.0692586705475,270348.88,661521.4,12,8,69.791
NS76SW_1568,1,0_2,6.47597472914,-9999.0,-9999.0,-9999.0,70.3710021973,104.113850399751,40.972427784778,270433.69,661518.99,12,8,70.371
NS76SW_1569,1,0_2,6.15348944171,-9999.0,-9999.0,-9999.0,69.2220001221,59.1450900981806,31.6022654342922,270135.41,661514.02,12,8,69.222
NS76SW_1570,1,0_2,2.39769375399,-9999.0,-9999.0,-9999.0,72.2743301392,41.9260724978515,26.0049023159708,270517.82,661513.01,12,8,72.274
NS76SW_1571,1,0_2,6.39973313946,-9999.0,-9999.0,-9999.0,70.6340026855,103.712364139328,40.8717661634957,270445.91,661512.28,12,8,70.634
NS76SW_1574,1,0_2,2.66152928457,-9999.0,-9999.0,-9999.0,71.6139984131,30.8844899979612,22.9406449054511,270504.03,661507.27,12,8,71.614
NS76SW_1578,1,0_2,4.60629874782,-9999.0,-9999.0,-9999.0,65.7070007324,141.084332740558,53.643506987382,270183.7,661510.41,36,20,65.707
NS76SW_1579,1,0_2,6.02707269057,-9999.0,-9999.0,-9999.0,70.1999969482,96.6848965121505,39.5230614373629,270085.51,661507.31,12,8,70.2
NS76SW_1580,1,0_2,2.93268173311,-9999.0,-9999.0,-9999.0,70.716003418,41.589060003407,26.0593468999853,270431.11,661504.72,12,8,70.716
NS76SW_1583,1,0_2,4.67207674949,-9999.0,-9999.0,-9999.0,66.1029968262,119.667851243247,51.8804750643976,270168.14,661506.45,24,14,66.103
NS76SW_1584,1,0_2,5.64587284,-9999.0,-9999.0,-9999.0,65.5780029297,80.2972961839571,39.7385061858601,270195.75,661503.29,20,12,65.578
NS76SW_1585,1,0_2,6.4277202274,-9999.0,-9999.0,-9999.0,69.9540023804,174.804706173857,54.4284201868424,270377.19,661506.6,12,8,69.954
NS76SW_1588,1,0_2,1.85176299339,-9999.0,-9999.0,-9999.0,66.0540008545,26.9095575064773,23.6718648353006,270155.78,661498.69,8,6,66.054
NS76SW_1589,1,0_2,6.41414874533,-9999.0,-9999.0,-9999.0,69.8720016479,117.640058393104,43.5108533803842,270399.52,661502.44,12,8,69.872
NS76SW_1592,1,0_2,5.94537213343,-9999.0,-9999.0,-9999.0,70.1600036621,100.810619246488,40.6889110476065,270098.09,661500.4,20,12,70.16
NS76SW_1594,1,0_2,5.66883378552,-9999.0,-9999.0,-9999.0,71.4929962158,204.301296836827,66.3624068976713,270491.17,661503.4,28,16,71.493
NS76SW_1595,1,0_2,6.36968183857,-9999.0,-9999.0,-9999.0,68.827003479,849.644850612474,137.959151113998,270243.44,661516.74,36,20,68.827
NS76SW_1597,1,0_2,4.30248590795,-9999.0,-9999.0,-9999.0,68.4316635132,174.22475789267,79.3114069706401,270145.72,661500.4,40,22,68.432
NS76SW_1600,1,0_2,6.02948890343,-9999.0,-9999.0,-9999.0,65.3809967041,74.4638706978211,34.7024272814673,270162.67,661490.7,12,8,65.381
NS76SW_1602,1,0_2,5.98277385936,-9999.0,-9999.0,-9999.0,69.3420028687,89.494465737733,37.8544421448164,270073.67,661489.78,12,8,69.342
NS76SW_1604,1,0_2,5.97369562046,-9999.0,-9999.0,-9999.0,69.0540008545,66.2058450011157,31.832927944157,270132.12,661486.27,16,10,69.054
NS76SW_1605,1,0_2,5.88687653814,-9999.0,-9999.0,-9999.0,70.3030014038,166.912235019641,58.7795417727369,270412.96,661489.74,36,20,70.303
NS76SW_1608,1,0_2,6.50673048837,-9999.0,-9999.0,-9999.0,70.6999969482,102.767565565774,40.7282904317417,270425.33,661484.81,12,8,70.7
NS76SW_1610,1,0_2,6.33817235727,-9999.0,-9999.0,-9999.0,71.4420013428,232.969000229055,64.7848786967971,270483.11,661486.65,16,10,71.442
NS76SW_1614,1,0_2,6.03652740839,-9999.0,-9999.0,-9999.0,68.9020004272,65.7403887234365,33.1126837225034,270127.62,661478.38,12,8,68.902
NS76SW_1615,1,0_2,7.94200870954,-9999.0,-9999.0,-9999.0,71.9410018921,588.917364491461,120.119260639689,270324.83,661488.06,68,36,71.941
NS76SW_1617,1,0_2,6.552472365,-9999.0,-9999.0,-9999.0,70.8600006104,99.1300103620738,40.3665215206972,270437.43,661478.11,12,8,70.86
NS76SW_1618,1,0_2,5.87839255955,-9999.0,-9999.0,-9999.0,68.9919967651,91.3886652926048,38.2641675218314,270096.75,661476.93,12,8,68.992
NS76SW_1619,1,0_2,2.10968479797,-9999.0,-9999.0,-9999.0,71.3550033569,38.4744300064356,34.7779089231612,270286.05,661474.61,16,10,71.355
NS76SW_1621,1,0_2,6.08057632446,-9999.0,-9999.0,-9999.0,68.6989974976,64.0422047386836,32.6748705706328,270123.95,661471.8,12,8,68.699
NS76SW_1622,1,0_2,4.40532430309,-9999.0,-9999.0,-9999.0,64.1399993896,226.388941728256,74.7064948840614,270159.25,661477.08,44,24,64.14
NS76SW_1624,1,0_2,3.19048451268,-9999.0,-9999.0,-9999.0,73.1494979858,34.7523975014938,24.6455831335081,270320.54,661469.25,12,8,73.15
NS76SW_1625,1,0_2,6.56423325613,-9999.0,-9999.0,-9999.0,71.0400009155,101.621527785006,40.5306667760225,270449.46,661472.0,12,8,71.04
NS76SW_1628,1,0_2,5.94946486227,-9999.0,-9999.0,-9999.0,67.8679962158,138.855358037084,47.2427488720315,270005.2,661472.23,12,8,67.868
NS76SW_1629,1,0_2,5.86054897059,-9999.0,-9999.0,-9999.0,67.8909988403,103.89714084633,40.840883708365,270065.09,661470.0,12,8,67.891
NS76SW_1630,1,0_2,4.65977456708,-9999.0,-9999.0,-9999.0,65.7409973145,128.192583976927,60.2533865507098,270200.35,661471.45,28,16,65.741
NS76SW_1633,1,0_2,5.23336037772,-9999.0,-9999.0,-9999.0,68.1330032349,93.1222155996327,56.0775907551452,270123.81,661463.41,28,16,68.133
NS76SW_1634,1,0_2,6.34212137222,-9999.0,-9999.0,-9999.0,67.6220016479,106.801719497752,41.4291663295699,270019.27,661464.45,12,8,67.622
NS76SW_1635,1,0_2,6.36690463587,-9999.0,-9999.0,-9999.0,71.2350006104,105.122299413157,41.2063337252447,270461.79,661465.24,12,8,71.235
NS76SW_1636,1,0_2,5.44287893299,-9999.0,-9999.0,-9999.0,67.6429977417,134.949964938424,48.3982307065572,270077.3,661464.09,28,16,67.643
NS76SW_1637,1,0_2,4.77336062829,-9999.0,-9999.0,-9999.0,63.6699981689,132.962928910104,56.2989489074855,270156.91,661461.88,32,18,63.67
NS76SW_1638,1,0_2,2.11352935492,-9999.0,-9999.0,-9999.0,68.3199996948,28.9847025030438,25.0375083239637,270238.49,661458.07,8,6,68.32
NS76SW_1641,1,0_2,5.57706250495,-9999.0,-9999.0,-9999.0,64.6279983521,143.327852107242,50.6227369038995,270191.97,661461.31,20,12,64.628
NS76SW_1642,1,0_2,5.92160109272,-9999.0,-9999.0,-9999.0,67.3740005493,66.5831737354521,33.1935865457176,270088.25,661458.49,12,8,67.374
NS76SW_1644,1,0_2,6.40854751675,-9999.0,-9999.0,-9999.0,71.3229980469,135.649873704923,46.6738227501689,270475.14,661458.21,12,8,71.323
NS76SW_1645,1,0_2,2.91208262057,-9999.0,-9999.0,-9999.0,67.7379989624,40.8938624969297,28.2686609122869,270125.97,661452.49,12,8,67.738
NS76SW_1646,1,0_2,6.38128146507,-9999.0,-9999.0,-9999.0,66.0699996948,104.391140690561,40.8790488627968,270213.67,661455.56,12,8,66.07
NS76SW_1647,1,0_2,3.67560851965,-9999.0,-9999.0,-9999.0,74.513999939,279.133697816,75.5435814775222,270540.97,661458.76,28,16,74.514
NS76SW_1649,1,0_2,3.50810900705,-9999.0,-9999.0,-9999.0,74.3929977417,171.965209892111,59.020478899813,270567.13,661455.84,28,16,74.393
NS76SW_1654,1,0_2,6.04832295526,-9999.0,-9999.0,-9999.0,63.1930007935,81.0738244866007,36.4290846304084,270158.03,661451.02,12,8,63.193
NS76SW_1655,1,0_2,6.60893114759,-9999.0,-9999.0,-9999.0,67.2440032959,99.7916804608814,39.9721561839082,270226.56,661450.61,12,8,67.244
NS76SW_1656,1,0_2,6.19273342868,-9999.0,-9999.0,-9999.0,72.2060012817,282.637030466884,74.7011306182551,270306.13,661454.58,28,16,72.206
NS76SW_1657,1,0_2,5.91122109549,-9999.0,-9999.0,-9999.0,67.0370025635,99.1847289334857,39.8760009100735,270046.23,661448.7,12,8,67.037
NS76SW_1660,1,0_2,5.83165571242,-9999.0,-9999.0,-9999.0,68.3219985962,118.535944365388,46.5793218088543,270238.87,661445.57,20,12,68.322
NS76SW_1661,1,0_2,5.80435062544,-9999.0,-9999.0,-9999.0,66.9800033569,105.129054697194,41.0135232287627,270058.75,661441.71,12,8,66.98
NS76SW_1663,1,0_2,5.30278262776,-9999.0,-9999.0,-9999.0,73.8420028687,1107.7532660004,173.826534599724,270368.52,661455.92,76,40,73.842
NS76SW_1664,1,0_2,4.9692505255,-9999.0,-9999.0,-9999.0,68.6790008545,164.885936973678,54.9652298066756,270250.88,661438.86,32,18,68.679
NS76SW_1665,1,0_2,5.53049825557,-9999.0,-9999.0,-9999.0,66.5810012817,78.0742273275016,39.8791112647552,270068.4,661435.43,20,12,66.581
NS76SW_1666,1,0_2,5.81367477224,-9999.0,-9999.0,-9999.0,66.1100006104,107.166549443708,41.9778020663923,270028.79,661434.1,20,12,66.11
NS76SW_1668,1,0_2,3.66048322905,-9999.0,-9999.0,-9999.0,73.6969985962,113.601078759499,44.6137091349916,270563.51,661428.37,20,12,73.697
NS76SW_1669,1,0_2,4.85249956733,-9999.0,-9999.0,-9999.0,65.9909973145,260.389080576836,110.878150317883,270114.6,661439.94,72,38,65.991
NS76SW_1670,1,0_2,5.22919276937,-9999.0,-9999.0,-9999.0,64.2519989014,97.6733248386984,42.0477870907252,270190.37,661425.65,12,8,64.252
NS76SW_1671,1,0_2,6.34667203166,-9999.0,-9999.0,-9999.0,69.3281707764,303.335379842511,77.2650423800245,270278.61,661431.87,20,12,69.328
NS76SW_1672,1,0_2,4.60610414116,-9999.0,-9999.0,-9999.0,65.1149978638,112.096646630631,54.9967141222761,270076.77,661427.73,28,16,65.115
NS76SW_1673,1,0_2,5.9542379562,-9999.0,-9999.0,-9999.0,66.1399993896,66.2992440650178,33.316827457275,270093.88,661423.31,12,8,66.14
NS76SW_1674,1,0_2,6.29889021183,-9999.0,-9999.0,-9999.0,64.7659988403,109.91485542676,47.2296572000133,270200.54,661423.23,20,12,64.766
NS76SW_1675,1,0_2,6.21297120327,-9999.0,-9999.0,-9999.0,73.8079986572,233.617335560387,70.9076666507086,270618.69,661426.29,28,16,73.808
NS76SW_1677,1,0_2,2.35383846885,-9999.0,-9999.0,-9999.0,65.592666626,22.4178937530673,22.1348941896026,270209.41,661419.34,8,6,65.593
NS76SW_1679,1,0_2,5.14672109699,-9999.0,-9999.0,-9999.0,64.8499984741,93.3543869018454,53.3860009904695,270085.63,661423.91,28,16,64.85
NS76SW_1680,1,0_2,5.60084253733,-9999.0,-9999.0,-9999.0,65.7939987183,92.2801936653302,42.6088298605823,270106.7,661419.04,28,16,65.794
NS76SW_1681,1,0_2,6.2337845931,-9999.0,-9999.0,-9999.0,71.9670028687,306.323731511687,102.263198286989,270433.69,661425.56,40,22,71.967
NS76SW_1682,1,0_2,6.16935857571,-9999.0,-9999.0,-9999.0,66.5729980469,75.0040114626061,34.8911455277637,270222.59,661414.99,12,8,66.573
NS76SW_1683,1,0_2,5.85805943113,-9999.0,-9999.0,-9999.0,64.1760025024,104.42210374281,40.0533508661786,270002.63,661414.35,20,12,64.176
NS76SW_1684,1,0_2,6.27259474316,-9999.0,-9999.0,-9999.0,72.3290023804,139.066567405449,48.6597092965452,270415.55,661415.07,20,12,72.329
NS76SW_1685,1,0_2,7.18420737743,-9999.0,-9999.0,-9999.0,71.7760009766,372.547703142584,97.3835368312923,270523.91,661418.77,32,16,71.776
NS76SW_1686,1,0_2,5.99640353932,-9999.0,-9999.0,-9999.0,63.7249984741,107.364505313481,43.2781666328755,270014.32,661410.44,20,12,63.725
NS76SW_1688,1,0_2,6.09618692063,-9999.0,-9999.0,-9999.0,72.53099823,107.472736190703,58.8322071335851,270383.47,661410.6,36,20,72.531
NS76SW_1690,1,0_2,6.28933842977,-9999.0,-9999.0,-9999.0,69.8690032959,345.778212093417,84.9649276319696,270302.59,661417.53,24,14,69.869
NS76SW_1692,1,0_2,4.92219189491,-9999.0,-9999.0,-9999.0,60.3619995117,529.410186900309,164.060118789218,270153.24,661425.78,100,52,60.362
NS76SW_1693,1,0_2,5.36487693588,-9999.0,-9999.0,-9999.0,61.0880012512,106.809471136954,44.2659921752061,270187.03,661406.3,20,12,61.088
NS76SW_1697,1,0_2,6.57633329912,-9999.0,-9999.0,-9999.0,72.7070007324,144.050644849837,49.6631305564779,270579.32,661405.28,28,16,72.707
NS76SW_1698,1,0_2,6.3431023397,-9999.0,-9999.0,-9999.0,70.9010009766,139.59542009903,48.3054563530376,270473.78,661405.91,12,8,70.901
NS76SW_1700,1,0_2,2.1940464829,-9999.0,-9999.0,-9999.0,63.9085731506,28.7576362561814,26.0993001398724,270205.86,661400.14,8,6,63.909
NS76SW_1701,1,0_2,6.2269168522,-9999.0,-9999.0,-9999.0,65.3960037231,122.182263879861,44.708166159336,270219.82,661402.06,20,12,65.396
NS76SW_1703,1,0_2,5.72925323872,-9999.0,-9999.0,-9999.0,66.9929962158,146.361606580003,49.6981897469451,270256.1,661401.33,12,8,66.993
NS76SW_1707,1,0_2,5.44670144307,-9999.0,-9999.0,-9999.0,71.5220031738,127.653619861621,49.5395436740493,270435.7,661397.31,20,12,71.522
NS76SW_1708,1,0_2,5.99911939089,-9999.0,-9999.0,-9999.0,60.4309997559,80.309668452917,36.2899325345673,270186.84,661393.44,12,8,60.431
NS76SW_1709,1,0_2,5.64233984937,-9999.0,-9999.0,-9999.0,60.0110015869,120.067287359728,47.5737361529533,270155.55,661394.15,20,12,60.011
NS76SW_1710,1,0_2,5.87122004562,-9999.0,-9999.0,-9999.0,71.9020004272,152.215881796824,60.1784343941168,270409.06,661394.94,44,24,71.902
NS76SW_1711,1,0_2,2.37194504697,-9999.0,-9999.0,-9999.0,67.2264404297,31.280820000784,23.3189070354673,270271.98,661388.96,12,8,67.226
NS76SW_1713,1,0_2,6.00455749345,-9999.0,-9999.0,-9999.0,73.2239990234,191.634836318041,61.1979442331749,270599.76,661392.81,28,16,73.224
NS76SW_1716,1,0_2,5.23771213098,-9999.0,-9999.0,-9999.0,65.9899978638,94.6449337569465,50.5276832716346,270257.06,661387.2,24,14,65.99
NS76SW_1717,1,0_2,6.57590167903,-9999.0,-9999.0,-9999.0,70.5950012207,154.804241405815,51.8043667292759,270469.49,661389.54,12,8,70.595
NS76SW_1718,1,0_2,6.49979077023,-9999.0,-9999.0,-9999.0,67.9000015259,99.4226464748268,39.8991729775531,270280.6,661384.65,12,8,67.9
NS76SW_1719,1,0_2,6.20422569814,-9999.0,-9999.0,-9999.0,72.2509994507,127.207836617057,46.0225577453271,270352.23,661385.42,12,8,72.251
NS76SW_1720,1,0_2,5.81331234953,-9999.0,-9999.0,-9999.0,64.2062911987,139.202819607176,48.4169692926494,270219.6,661385.43,12,8,64.206
NS76SW_1721,1,0_2,5.61859993085,-9999.0,-9999.0,-9999.0,71.3109970093,111.868517855802,45.9423372822373,270429.76,661383.8,20,12,71.311
NS76SW_1723,1,0_2,5.69709923786,-9999.0,-9999.0,-9999.0,69.4150009155,147.198572603944,51.0253295333156,270327.59,661381.62,28,16,69.415
NS76SW_1724,1,0_2,6.14282547581,-9999.0,-9999.0,-9999.0,72.2890014648,192.703500836426,61.0875291751002,270619.75,661381.3,28,16,72.289
NS76SW_1725,1,0_2,5.82388382083,-9999.0,-9999.0,-9999.0,71.7740020752,157.271648278428,55.0572924522687,270376.27,661380.41,28,16,71.774
NS76SW_1727,1,0_2,5.46595004201,-9999.0,-9999.0,-9999.0,58.9490013123,135.878944373611,66.3014695000442,270153.42,661377.46,52,28,58.949
NS76SW_1730,1,0_2,6.25733864331,-9999.0,-9999.0,-9999.0,67.7689971924,131.255917832423,46.0493371226039,270292.89,661374.67,12,8,67.769
NS76SW_1733,1,0_2,3.87620165419,-9999.0,-9999.0,-9999.0,63.1679992676,201.428342370416,92.4473016748788,270213.24,661374.96,68,36,63.168
NS76SW_1735,1,0_2,5.41531040101,-9999.0,-9999.0,-9999.0,58.7750015259,219.996974974608,85.7498962809127,270185.09,661374.88,52,28,58.775
NS76SW_1736,1,0_2,6.02809663944,-9999.0,-9999.0,-9999.0,58.2406692505,76.1680959208532,35.1666889005201,270154.24,661364.55,12,8,58.241
NS76SW_1739,1,0_2,5.9252692296,-9999.0,-9999.0,-9999.0,71.0039978027,343.468411953251,95.9219926506646,270399.18,661367.91,44,24,71.004
NS76SW_1740,1,0_2,2.15231547356,-9999.0,-9999.0,-9999.0,61.4799995422,23.6555100052947,24.4202092851375,270203.43,661358.32,8,6,61.48
NS76SW_1741,1,0_2,6.09884342806,-9999.0,-9999.0,-9999.0,62.3899993896,75.1945967120905,34.9650815706417,270213.94,661359.43,12,8,62.39
NS76SW_1744,1,0_2,1.92132079385,-9999.0,-9999.0,-9999.0,57.3226661682,31.1899875071852,25.6116256434192,270153.88,661358.14,12,8,57.323
NS76SW_1745,1,0_2,3.65643198589,-9999.0,-9999.0,-9999.0,69.3059997559,214.34990245218,63.5370709418303,270530.61,661365.47,12,8,69.306
NS76SW_1747,1,0_2,3.60863648736,-9999.0,-9999.0,-9999.0,69.0569992065,211.071314887455,63.1133301747886,270506.72,661361.62,12,8,69.057
NS76SW_1750,1,0_2,6.04700842894,-9999.0,-9999.0,-9999.0,57.766998291,126.262633752692,47.741522835936,270182.59,661355.77,20,12,57.767
NS76SW_1752,1,0_2,5.97855184549,-9999.0,-9999.0,-9999.0,56.4119987488,76.344312947807,35.1667474637911,270134.67,661351.05,12,8,56.412
NS76SW_1753,1,0_2,6.2986944302,-9999.0,-9999.0,-9999.0,70.1949996948,226.20979602288,72.8984866126658,270454.7,661357.89,36,20,70.195
NS76SW_1754,1,0_2,5.31528027698,-9999.0,-9999.0,-9999.0,56.46900177,106.77754056945,46.6040993032927,270122.69,661351.69,28,16,56.469
NS76SW_1756,1,0_2,5.25522769383,-9999.0,-9999.0,-9999.0,61.9770011902,90.5455826602889,40.796634766402,270209.5,661349.04,20,12,61.977
NS76SW_1757,1,0_2,6.15750714111,-9999.0,-9999.0,-9999.0,70.3870010376,228.746327774564,67.0246580909995,270427.69,661352.96,16,10,70.387
NS76SW_1758,1,0_2,5.06436301272,-9999.0,-9999.0,-9999.0,63.4739990234,347.155960674407,139.468424121067,270258.61,661360.67,76,40,63.474
NS76SW_1760,1,0_2,3.70194406277,-9999.0,-9999.0,-9999.0,69.6620025635,206.929855259811,62.6780236790072,270553.61,661353.45,12,8,69.662
NS76SW_1762,1,0_2,2.83674621582,-9999.0,-9999.0,-9999.0,65.8980026245,24.1555949942058,21.0534665992192,270307.46,661342.54,12,8,65.898
NS76SW_1764,1,0_2,5.37898189034,-9999.0,-9999.0,-9999.0,56.1040000916,163.288850075394,51.146380938783,270147.73,661345.99,12,8,56.104
NS76SW_1765,1,0_2,4.98243865306,-9999.0,-9999.0,-9999.0,55.8100013733,121.983929442469,50.6689439791013,270104.89,661342.23,44,24,55.81
NS76SW_1767,1,0_2,3.68608937403,-9999.0,-9999.0,-9999.0,68.9250030518,216.1665182422,59.7218082242394,270528.76,661344.41,12,8,68.925
NS76SW_1770,1,0_2,5.06940800839,-9999.0,-9999.0,-9999.0,65.6350021362,97.3355757693581,42.6497531686585,270309.71,661335.69,12,8,65.635
NS76SW_1771,1,0_2,6.06823198312,-9999.0,-9999.0,-9999.0,63.1063346863,72.1015843564827,34.2271601648447,270259.4,661334.44,12,8,63.106
NS76SW_1773,1,0_2,3.66329381799,-9999.0,-9999.0,-9999.0,70.1039962769,221.495626653914,64.0776806416076,270579.65,661340.08,12,8,70.104
NS76SW_1776,1,0_2,5.65169768281,-9999.0,-9999.0,-9999.0,56.7529983521,142.808810516558,62.5958695403648,270183.03,661335.9,44,24,56.753
NS76SW_1777,1,0_2,5.91945181395,-9999.0,-9999.0,-9999.0,61.5260009766,78.7487880460923,35.8919260332843,270221.91,661332.21,12,8,61.526
NS76SW_1779,1,0_2,6.39278407031,-9999.0,-9999.0,-9999.0,67.4000015259,250.811016902831,69.0983324048502,270380.97,661332.67,12,8,67.4
NS76SW_1780,1,0_2,5.71669661801,-9999.0,-9999.0,-9999.0,62.033000946,91.4454772331378,42.1605732752204,270232.75,661328.63,20,12,62.033
NS76SW_1781,1,0_2,3.543626808,-9999.0,-9999.0,-9999.0,68.1849975586,374.95086541881,94.2023028111213,270503.68,661331.84,16,10,68.185
NS76SW_1783,1,0_2,4.78567787191,-9999.0,-9999.0,-9999.0,65.7060012817,406.148618765688,172.571286579891,270340.16,661345.43,116,60,65.706
NS76SW_1785,1,0_2,6.42400885248,-9999.0,-9999.0,-9999.0,67.0749969482,262.029598374955,66.9283065124937,270404.47,661325.23,16,10,67.075
NS76SW_1786,1,0_2,3.57937290949,-9999.0,-9999.0,-9999.0,70.56300354,212.936984374787,63.338268009949,270602.43,661328.21,12,8,70.563
NS76SW_1787,1,0_2,5.32725137378,-9999.0,-9999.0,-9999.0,62.396232605,131.28574114195,48.1851840171546,270244.31,661323.31,28,16,62.396
NS76SW_1790,1,0_2,5.47039894263,-9999.0,-9999.0,-9999.0,56.4090003967,152.48417999364,62.6944790476778,270187.07,661320.64,24,14,56.409
NS76SW_1792,1,0_2,6.41434372209,-9999.0,-9999.0,-9999.0,66.90599823,241.15216897125,68.2148768772879,270427.24,661315.95,12,8,66.906
NS76SW_1796,1,0_2,3.66416266026,-9999.0,-9999.0,-9999.0,68.3430023193,301.235803827262,82.4007749006009,270539.19,661314.84,20,12,68.343
NS76SW_1798,1,0_2,4.28601192753,-9999.0,-9999.0,-9999.0,53.8759994507,304.452569197498,118.473380873058,270112.32,661314.82,68,36,53.876
NS76SW_1799,1,0_2,5.47871671831,-9999.0,-9999.0,-9999.0,54.7309989929,98.0621046466489,41.1091929587493,270132.65,661308.32,12,8,54.731
NS76SW_1801,1,0_2,4.12469099597,-9999.0,-9999.0,-9999.0,62.4249992371,294.38080418051,109.791960392381,270319.25,661314.08,84,44,62.425
NS76SW_1802,1,0_2,3.63965105517,-9999.0,-9999.0,-9999.0,70.5989990234,146.647997805461,49.7403183428416,270606.63,661306.61,12,8,70.599
NS76SW_1804,1,0_2,4.94880618271,-9999.0,-9999.0,-9999.0,54.8489990234,253.606166320865,83.1023188891706,270146.89,661301.87,36,20,54.849
NS76SW_1806,1,0_2,4.25891885854,-9999.0,-9999.0,-9999.0,63.8199996948,154.13829716375,51.7844084558005,270367.02,661298.67,20,12,63.82
NS76SW_1807,1,0_2,6.12801443188,-9999.0,-9999.0,-9999.0,55.4300003052,77.2280360766252,35.4134248582237,270194.22,661294.71,12,8,55.43
NS76SW_1809,1,0_2,4.38955141282,-9999.0,-9999.0,-9999.0,67.5820007324,387.69368230447,108.723094951483,270492.04,661299.57,52,28,67.582
NS76SW_1813,1,0_2,5.89485428498,-9999.0,-9999.0,-9999.0,54.5950012207,83.4669291714872,36.9869993023882,270161.49,661286.27,12,8,54.595
NS76SW_1815,1,0_2,5.96147294478,-9999.0,-9999.0,-9999.0,55.1049995422,138.00259843282,60.9890923168495,270207.87,661285.63,28,16,55.105
NS76SW_1816,1,0_2,3.69404070963,-9999.0,-9999.0,-9999.0,70.1100006104,340.143763964702,90.4580152964287,270583.86,661291.69,12,8,70.11
NS76SW_1818,1,0_2,5.11520175603,-9999.0,-9999.0,-9999.0,48.016998291,104.006002645951,44.9209172343214,270078.31,661283.72,28,16,48.017
NS76SW_1819,1,0_2,1.84468736381,-9999.0,-9999.0,-9999.0,55.6679992676,54.5398500071401,29.5699661275532,270241.32,661281.07,12,8,55.668
NS76SW_1820,1,0_2,3.28949484625,-9999.0,-9999.0,-9999.0,62.4510002136,142.370663227141,52.2204378722497,270369.0,661283.25,20,12,62.451
NS76SW_1823,1,0_2,2.23452136878,-9999.0,-9999.0,-9999.0,55.5979995728,42.5758725057778,26.185369516093,270254.68,661277.1,12,8,55.598
NS76SW_1824,1,0_2,5.03996483662,-9999.0,-9999.0,-9999.0,68.091003418,251.559441828598,73.4699057017055,270524.75,661282.84,12,8,68.091
NS76SW_1825,1,0_2,4.89509458263,-9999.0,-9999.0,-9999.0,47.8629989624,289.731884219474,100.488578439652,270107.86,661283.67,64,34,47.863
NS76SW_1826,1,0_2,6.49362906939,-9999.0,-9999.0,-9999.0,54.9604988098,105.10791606811,41.2778276972031,270218.02,661278.31,16,10,54.961
NS76SW_1827,1,0_2,5.19364518745,-9999.0,-9999.0,-9999.0,52.6609992981,104.807067254847,53.6752400690742,270165.93,661276.63,28,16,52.661
NS76SW_1828,1,0_2,4.0489096926,-9999.0,-9999.0,-9999.0,61.2019996643,223.202795871553,93.2599770921402,270330.05,661284.82,68,36,61.202
NS76SW_1829,1,0_2,5.66597984215,-9999.0,-9999.0,-9999.0,63.6069984436,472.692463613367,143.921923537932,270411.3,661280.68,76,40,63.607
NS76SW_1830,1,0_2,6.58222694203,-9999.0,-9999.0,-9999.0,54.9290008545,101.918763578948,40.7061090792183,270231.15,661273.77,16,10,54.929
NS76SW_1834,1,0_2,6.02378600477,-9999.0,-9999.0,-9999.0,47.2596664429,85.8342559011712,37.4598343006496,270126.91,661271.49,12,8,47.26
NS76SW_1838,1,0_2,5.78276005126,-9999.0,-9999.0,-9999.0,54.6990013123,120.824125612314,46.806153610148,270243.59,661269.21,36,20,54.699
NS76SW_1839,1,0_2,3.43864823084,-9999.0,-9999.0,-9999.0,61.2060012817,141.549045213309,52.1280027905109,270374.58,661268.51,20,12,61.206
NS76SW_1841,1,0_2,4.818663705,-9999.0,-9999.0,-9999.0,64.3970031738,339.429720975231,94.8345700316513,270480.25,661270.58,20,12,64.397
NS76SW_1842,1,0_2,6.21117309601,-9999.0,-9999.0,-9999.0,54.8535003662,131.103891557703,50.9005503890377,270259.19,661264.49,28,16,54.853
NS76SW_1843,1,0_2,5.72352101484,-9999.0,-9999.0,-9999.0,47.1160011292,134.667498759233,49.6936408418925,270139.33,661263.0,20,12,47.116
NS76SW_1844,1,0_2,4.61534487108,-9999.0,-9999.0,-9999.0,68.4619979858,334.116373843406,96.1143215085815,270571.85,661266.6,28,16,68.462
NS76SW_1845,1,0_2,5.24762917333,-9999.0,-9999.0,-9999.0,53.7099990845,194.333289768101,82.94391173392,270183.19,661263.4,56,30,53.71
NS76SW_1847,1,0_2,6.31784238606,-9999.0,-9999.0,-9999.0,55.9570007324,250.348401931878,69.1999057844385,270287.99,661259.91,16,10,55.957
NS76SW_1852,1,0_2,6.60991601138,-9999.0,-9999.0,-9999.0,56.4557991028,189.023494532194,55.5253846686381,270309.22,661253.25,12,8,56.456
NS76SW_1853,1,0_2,4.60079049652,-9999.0,-9999.0,-9999.0,59.2869987488,178.383343343959,66.0807964781085,270377.39,661254.33,36,20,59.287
NS76SW_1854,1,0_2,4.62860179075,-9999.0,-9999.0,-9999.0,65.0589981079,237.193998743025,71.0044105657015,270513.51,661254.6,12,8,65.059
NS76SW_1855,1,0_2,6.08474148269,-9999.0,-9999.0,-9999.0,53.3680000305,118.905805710709,46.3180758696742,270200.23,661251.06,20,12,53.368
NS76SW_1861,1,0_2,5.13701464897,-9999.0,-9999.0,-9999.0,43.4550018311,437.760785306265,180.038500440793,270070.5,661261.81,140,72,43.455
NS76SW_1001,1,0_3,2.53279849702,-9999.0,-9999.0,-9999.0,67.4670028687,30.7221224986815,22.4840071279582,270524.19,661978.99,12,8,67.467
NS76SW_1002,1,0_3,6.53140900053,-9999.0,-9999.0,-9999.0,66.1399993896,355.932852857848,105.191730008578,270082.0,661986.26,60,32,66.14
NS76SW_1003,1,0_3,6.01737257108,-9999.0,-9999.0,-9999.0,67.6139984131,92.0162759560603,38.4284652164522,270417.43,661979.55,12,8,67.614
NS76SW_1005,1,0_3,2.74845255228,-9999.0,-9999.0,-9999.0,66.4400024414,34.7885174975407,24.9028948942059,270035.27,661976.21,12,8,66.44
NS76SW_1006,1,0_3,5.24385538409,-9999.0,-9999.0,-9999.0,68.4820022583,123.920711979398,63.6808286779712,270201.46,661979.63,44,24,68.482
NS76SW_1007,1,0_3,5.42186083929,-9999.0,-9999.0,-9999.0,67.9589996338,172.369434708823,53.7869359026973,270395.8,661978.72,20,12,67.959
NS76SW_1008,1,0_3,4.35951309546,-9999.0,-9999.0,-9999.0,67.2819976807,283.300662668649,97.3055288245258,270471.83,661982.11,52,28,67.282
NS76SW_1009,1,0_3,3.12837915001,-9999.0,-9999.0,-9999.0,66.6340026855,39.8575049999118,25.7655709218825,270022.87,661973.96,12,8,66.634
NS76SW_1010,1,0_3,3.55639859983,-9999.0,-9999.0,-9999.0,67.5299987793,255.682117088628,95.2422289227375,270494.22,661981.25,52,28,67.53
NS76SW_1013,1,0_3,6.14461498634,-9999.0,-9999.0,-9999.0,68.7419967651,103.721593995296,40.8027673684347,270237.75,661972.87,12,8,68.742
NS76SW_1015,1,0_3,6.2194696752,-9999.0,-9999.0,-9999.0,67.6969985962,103.372054663842,40.7293924387109,270430.1,661972.71,12,8,67.697
NS76SW_1016,1,0_3,6.32955916904,-9999.0,-9999.0,-9999.0,67.8050003052,111.62228773021,42.9062049226307,270512.06,661970.02,12,8,67.805
NS76SW_1017,1,0_3,6.00252714915,-9999.0,-9999.0,-9999.0,68.1053619385,62.2073866850954,32.5588376343007,270386.66,661967.74,12,8,68.105
NS76SW_1019,1,0_3,5.94542174792,-9999.0,-9999.0,-9999.0,67.2289962769,141.64999781602,48.3454838888358,270010.98,661968.97,12,8,67.229
NS76SW_1021,1,0_3,5.34112192938,-9999.0,-9999.0,-9999.0,68.0739974976,178.925951874511,61.0321272113674,270359.08,661970.18,28,16,68.074
NS76SW_1022,1,0_3,5.91399123512,-9999.0,-9999.0,-9999.0,68.3030014038,148.385377211837,50.7836417769786,270142.36,661967.22,20,12,68.303
NS76SW_1023,1,0_3,5.72553592258,-9999.0,-9999.0,-9999.0,66.8820037842,136.436170343499,47.4276026372167,270046.72,661965.88,12,8,66.882
NS76SW_1024,1,0_3,5.71270355941,-9999.0,-9999.0,-9999.0,68.5189971924,174.558694255148,77.1425331110319,270189.19,661966.49,28,16,68.519
NS76SW_1025,1,0_3,3.72552907914,-9999.0,-9999.0,-9999.0,67.7519989014,116.901329886556,44.926435194554,270525.44,661963.51,20,12,67.752
NS76SW_1027,1,0_3,6.19489055569,-9999.0,-9999.0,-9999.0,68.5640029907,60.2747900292827,31.8799123694733,270154.51,661959.84,12,8,68.564
NS76SW_1029,1,0_3,6.37075008322,-9999.0,-9999.0,-9999.0,67.8489990234,96.8825553934589,39.4165081774981,270535.94,661957.99,12,8,67.849
NS76SW_1030,1,0_3,6.03524007468,-9999.0,-9999.0,-9999.0,68.3539962769,178.808214634907,58.7786484360218,270296.26,661962.39,12,8,68.354
NS76SW_1031,1,0_3,2.25043473925,-9999.0,-9999.0,-9999.0,67.6669998169,31.6249687476908,29.5545655312274,270053.42,661954.05,16,10,67.667
NS76SW_1032,1,0_3,6.033625483,-9999.0,-9999.0,-9999.0,69.0250015259,123.209525176901,64.5840790604847,270215.06,661957.04,24,16,69.025
NS76SW_1033,1,0_3,6.07940190275,-9999.0,-9999.0,-9999.0,68.4560012817,144.38488515725,50.8820356613819,270274.73,661958.06,12,8,68.456
NS76SW_1034,1,0_3,2.14856115564,-9999.0,-9999.0,-9999.0,67.6029968262,23.5190775025575,22.4088090502135,270560.86,661951.24,8,6,67.603
NS76SW_1035,1,0_3,5.96623299339,-9999.0,-9999.0,-9999.0,69.2320022583,62.0178142392815,33.9642998049146,270231.12,661953.45,20,12,69.232
NS76SW_1039,1,0_3,6.16704732166,-9999.0,-9999.0,-9999.0,68.9130020142,111.111317702226,42.2849668406282,270177.53,661951.37,12,8,68.913
NS76SW_1040,1,0_3,5.8839070188,-9999.0,-9999.0,-9999.0,68.4069976807,156.964240095955,53.0078806941418,270343.85,661953.64,20,12,68.407
NS76SW_1041,1,0_3,4.67173574304,-9999.0,-9999.0,-9999.0,67.5260009766,241.63427993279,88.6782571149169,270075.56,661954.24,68,36,67.526
NS76SW_1042,1,0_3,3.6592891878,-9999.0,-9999.0,-9999.0,67.6230010986,117.032336998852,44.546031438997,270547.04,661950.54,12,8,67.623
NS76SW_1043,1,0_3,6.02839575514,-9999.0,-9999.0,-9999.0,68.7419967651,181.463747202837,59.213227097074,270409.4,661951.09,12,8,68.742
NS76SW_1044,1,0_3,6.24047073224,-9999.0,-9999.0,-9999.0,67.9260025024,137.912219563987,47.6697803148178,270039.7,661949.76,12,8,67.926
NS76SW_1045,1,0_3,2.04340721579,-9999.0,-9999.0,-9999.0,68.6210021973,21.2002125032473,21.8896714898201,270281.72,661944.26,8,6,68.621
NS76SW_1050,1,0_3,4.92016554522,-9999.0,-9999.0,-9999.0,68.7559967041,132.186279852642,61.3041640066318,270163.16,661950.83,36,20,68.756
NS76SW_1052,1,0_3,5.56751447458,-9999.0,-9999.0,-9999.0,68.4899978638,215.018839596759,69.1730145313025,270442.27,661948.78,28,16,68.49
NS76SW_1053,1,0_3,6.30962822547,-9999.0,-9999.0,-9999.0,68.3690032959,83.025127193654,36.4668232246783,270295.86,661941.82,12,8,68.369
NS76SW_1054,1,0_3,6.05764095521,-9999.0,-9999.0,-9999.0,68.7480010986,94.6010826391733,40.5084132668195,270491.34,661940.22,20,12,68.748
NS76SW_1055,1,0_3,5.97040490635,-9999.0,-9999.0,-9999.0,66.6920013428,130.229059641993,49.4095684129567,270572.86,661941.74,20,12,66.692
NS76SW_1056,1,0_3,9.29760033646,-9999.0,-9999.0,-9999.0,66.4270019531,4338.8962422701,283.830073051293,270622.38,661975.78,12,8,66.427
NS76SW_1057,1,0_3,5.71013994778,-9999.0,-9999.0,-9999.0,69.2549972534,72.7773928899574,37.4023968588117,270256.33,661938.06,20,12,69.255
NS76SW_1060,1,0_3,6.07988573637,-9999.0,-9999.0,-9999.0,68.2180023193,91.5834393233481,38.4525165129707,270529.28,661935.97,12,8,68.218
NS76SW_1061,1,0_3,2.27708541646,-9999.0,-9999.0,-9999.0,66.766998291,35.3043600032642,24.3333707745239,270609.99,661932.26,12,8,66.767
NS76SW_1062,1,0_3,5.96556298282,-9999.0,-9999.0,-9999.0,67.9990005493,176.610993562343,59.3489765654473,270071.59,661935.84,28,16,67.999
NS76SW_1063,1,0_3,5.8988703126,-9999.0,-9999.0,-9999.0,68.9189987183,123.339200797218,46.8244515336931,270347.75,661933.7,28,16,68.919
NS76SW_1064,1,0_3,6.37644519101,-9999.0,-9999.0,-9999.0,66.6460037231,188.951157124891,60.264676063367,270591.88,661933.34,28,16,66.646
NS76SW_1066,1,0_3,5.2216095449,-9999.0,-9999.0,-9999.0,68.5599975586,433.4338453647,126.228240709435,270133.14,661934.34,64,34,68.56
NS76SW_1067,1,0_3,6.22174908741,-9999.0,-9999.0,-9999.0,69.0270004272,106.098933002157,41.2638892874528,270268.0,661931.17,12,8,69.027
NS76SW_1068,1,0_3,4.92450293594,-9999.0,-9999.0,-9999.0,69.0865020752,234.626286453562,112.877159415071,270203.49,661938.74,80,42,69.087
NS76SW_1069,1,0_3,5.55491077753,-9999.0,-9999.0,-9999.0,66.8929977417,127.745381861166,57.596636308636,270560.83,661932.25,28,16,66.893
NS76SW_1070,1,0_3,6.54733118057,-9999.0,-9999.0,-9999.0,68.4639968872,104.222569011017,41.2311689797933,270518.61,661929.17,12,8,68.464
NS76SW_1072,1,0_3,6.24216377258,-9999.0,-9999.0,-9999.0,68.6529998779,102.633725094925,40.589166353227,270291.06,661928.19,12,8,68.653
NS76SW_1073,1,0_3,5.26295920315,-9999.0,-9999.0,-9999.0,68.5449981689,244.416206872059,71.6123035355035,270326.99,661933.17,36,20,68.545
NS76SW_1074,1,0_3,5.98808372021,-9999.0,-9999.0,-9999.0,69.0899963379,117.030162757339,44.1249672580164,270361.96,661926.64,12,8,69.09
NS76SW_1075,1,0_3,5.54474784196,-9999.0,-9999.0,-9999.0,66.6969985962,147.382574856104,52.9327055923995,270607.15,661922.89,12,8,66.697
NS76SW_1076,1,0_3,5.67949170961,-9999.0,-9999.0,-9999.0,68.5550003052,234.875808743711,67.718791741564,270163.68,661925.74,32,18,68.555
NS76SW_1077,1,0_3,5.39907039915,-9999.0,-9999.0,-9999.0,69.5220031738,145.284772598289,48.6578182306167,270225.84,661923.11,12,8,69.522
NS76SW_1078,1,0_3,5.96002014202,-9999.0,-9999.0,-9999.0,68.9420013428,187.431014690509,59.9091727534228,270444.02,661926.19,12,8,68.942
NS76SW_1081,1,0_3,6.16602556738,-9999.0,-9999.0,-9999.0,69.5459976196,112.842122584528,42.6342216218813,270239.27,661916.62,12,8,69.546
NS76SW_1083,1,0_3,6.28253846231,-9999.0,-9999.0,-9999.0,68.2919998169,174.765075020575,61.670095851938,270187.28,661914.12,28,16,68.292
NS76SW_1084,1,0_3,4.18268545394,-9999.0,-9999.0,-9999.0,68.5370025635,307.886526215294,114.501289001064,270498.62,661918.67,76,40,68.537
NS76SW_1087,1,0_3,5.74647034484,-9999.0,-9999.0,-9999.0,66.7379989624,96.7412316072626,40.8680909726763,270604.87,661908.73,20,12,66.738
NS76SW_1088,1,0_3,6.11545195807,-9999.0,-9999.0,-9999.0,69.3949966431,108.81116414499,41.7757126526033,270253.14,661909.35,12,8,69.395
NS76SW_1089,1,0_3,6.16348525747,-9999.0,-9999.0,-9999.0,68.841003418,106.576630714663,41.3460761182393,270335.49,661909.22,12,8,68.841
NS76SW_1091,1,0_3,5.95351486549,-9999.0,-9999.0,-9999.0,68.4769973755,171.633737033927,54.5110077789925,270120.35,661909.53,28,16,68.477
NS76SW_1093,1,0_3,6.07127656608,-9999.0,-9999.0,-9999.0,68.9160003662,90.1522823965931,38.0622734487036,270446.52,661904.23,12,8,68.916
NS76SW_1094,1,0_3,5.86094159665,-9999.0,-9999.0,-9999.0,68.1630020142,141.597968425154,51.8267477195248,270207.37,661904.22,20,12,68.163
NS76SW_1095,1,0_3,6.19471089224,-9999.0,-9999.0,-9999.0,68.6699981689,113.951169906306,42.8160516972513,270386.9,661902.52,12,8,68.67
NS76SW_1096,1,0_3,5.67435629272,-9999.0,-9999.0,-9999.0,68.8059997559,131.92039226824,45.5933974083897,270410.85,661902.06,16,10,68.806
NS76SW_1097,1,0_3,6.13047865146,-9999.0,-9999.0,-9999.0,68.9459991455,128.068331810524,46.6540778747882,270267.76,661901.69,20,12,68.946
NS76SW_1099,1,0_3,3.12625324295,-9999.0,-9999.0,-9999.0,69.1579971313,26.3831625004121,24.1264840836671,270253.27,661897.57,8,6,69.158
NS76SW_1100,1,0_3,5.4087455987,-9999.0,-9999.0,-9999.0,68.5070037842,132.42212873614,49.6117620976965,270475.67,661901.0,28,16,68.507
NS76SW_1102,1,0_3,6.15877131508,-9999.0,-9999.0,-9999.0,68.9140014648,109.108517521898,41.880315642579,270347.31,661898.53,12,8,68.914
NS76SW_1103,1,0_3,4.34434268145,-9999.0,-9999.0,-9999.0,67.2620010376,516.032224410218,162.035651258164,270535.1,661908.27,76,40,67.262
NS76SW_1104,1,0_3,6.17365479411,-9999.0,-9999.0,-9999.0,68.858001709,104.393373609807,40.9266524660769,270281.97,661896.24,12,8,68.858
NS76SW_1105,1,0_3,6.26555783295,-9999.0,-9999.0,-9999.0,68.3659973145,124.980217362202,45.054468648712,270493.16,661895.96,12,8,68.366
NS76SW_1106,1,0_3,5.55410405568,-9999.0,-9999.0,-9999.0,68.2580032349,89.8158031110251,39.7816409561344,270508.84,661895.17,12,8,68.258
NS76SW_1108,1,0_3,30.1105367226,-9999.0,-9999.0,-9999.0,68.0459976196,674.78428124497,95.4133750398279,270026.98,661902.56,24,14,68.046
NS76SW_1109,1,0_3,6.1868351056,-9999.0,-9999.0,-9999.0,69.06199646,105.773846157706,41.2059083451967,270305.59,661893.09,12,8,69.062
NS76SW_1110,1,0_3,5.01802099839,-9999.0,-9999.0,-9999.0,66.7249984741,145.777439850269,53.5649751387684,270602.18,661894.18,32,18,66.725
NS76SW_1112,1,0_3,5.50041711419,-9999.0,-9999.0,-9999.0,68.233001709,249.334197590071,90.1172611265837,270151.24,661895.55,68,36,68.233
NS76SW_1113,1,0_3,2.90874973862,-9999.0,-9999.0,-9999.0,68.8550033569,56.7354862510238,30.1428993653771,270256.91,661886.59,12,8,68.855
NS76SW_1115,1,0_3,5.61281892598,-9999.0,-9999.0,-9999.0,68.3430023193,182.150950250837,57.681153950339,270104.59,661890.2,28,16,68.343
NS76SW_1118,1,0_3,5.26181023711,-9999.0,-9999.0,-9999.0,68.5796661377,248.136143686884,102.308671668552,270228.96,661894.32,76,40,68.58
NS76SW_1120,1,0_3,5.29285400645,-9999.0,-9999.0,-9999.0,68.2720031738,247.505003157591,84.7122747131235,270172.82,661888.21,44,24,68.272
NS76SW_1122,1,0_3,5.43763945036,-9999.0,-9999.0,-9999.0,68.6480026245,111.773302577732,44.2336016364243,270117.76,661883.86,20,12,68.648
NS76SW_1123,1,0_3,6.10169853009,-9999.0,-9999.0,-9999.0,66.9209976196,331.264278307755,130.156161476935,270579.29,661885.76,76,40,66.921
NS76SW_1124,1,0_3,5.81628171859,-9999.0,-9999.0,-9999.0,67.9029998779,96.3406850055289,40.9865091980136,270188.22,661881.07,20,12,67.903
NS76SW_1126,1,0_3,5.31510643826,-9999.0,-9999.0,-9999.0,68.9459991455,332.750995885059,97.4844934638479,270430.2,661885.41,44,24,68.946
NS76SW_1128,1,0_3,6.046894048,-9999.0,-9999.0,-9999.0,67.5960006714,118.620746407048,45.2979772674351,270538.46,661877.42,20,12,67.596
NS76SW_1130,1,0_3,6.10724884471,-9999.0,-9999.0,-9999.0,68.2610015869,107.760818039848,43.098784875592,270197.4,661876.43,20,12,68.261
NS76SW_1131,1,0_3,5.56670035085,-9999.0,-9999.0,-9999.0,68.8669967651,342.312091351039,115.63566388846,270388.49,661877.9,52,28,68.867
NS76SW_826,1,0_3,3.04004480896,-9999.0,-9999.0,-9999.0,56.6684036255,179.297987033297,56.7432519630327,270388.6,662499.77,12,8,56.668
NS76SW_827,1,0_3,3.47550048188,-9999.0,-9999.0,-9999.0,58.5960006714,273.023154870583,72.8796745020764,270317.19,662489.86,24,14,58.596
NS76SW_828,1,0_3,8.00821214091,-9999.0,-9999.0,-9999.0,58.3479995728,2916.47338855781,226.669217802004,270550.51,662399.56,28,16,58.348
NS76SW_831,1,0_3,6.19956880965,-9999.0,-9999.0,-9999.0,58.5540008545,532.469848030635,100.220551201703,270372.45,662373.69,12,8,58.554
NS76SW_832,1,0_3,2.45379061853,-9999.0,-9999.0,-9999.0,58.6479988098,64.3404206488637,33.2828518845954,270274.08,662358.07,12,8,58.648
NS76SW_834,1,0_3,6.09671523983,-9999.0,-9999.0,-9999.0,58.6570014954,2157.21491049849,294.418327663686,270409.2,662378.83,128,62,58.657
NS76SW_838,1,0_3,7.96381654364,-9999.0,-9999.0,-9999.0,58.908000946,1375.60050836981,193.089554995568,270348.32,662341.08,72,36,58.908
NS76SW_839,1,0_3,8.16638160935,-9999.0,-9999.0,-9999.0,58.6619987488,1209.05915014133,150.010119073279,270285.61,662321.99,36,20,58.662
NS76SW_840,1,0_3,8.27736729761,-9999.0,-9999.0,-9999.0,58.5159988403,3080.37285018727,244.486671190011,270613.05,662321.67,52,28,58.516
NS76SW_842,1,0_3,8.81246066671,-9999.0,-9999.0,-9999.0,58.9650001526,758.936060648633,121.318735540147,270368.39,662276.57,48,26,58.965
NS76SW_844,1,0_3,8.19930770007,-9999.0,-9999.0,-9999.0,58.936000824,1058.29536404394,147.912094019398,270432.23,662268.39,60,32,58.936
NS76SW_846,1,0_3,2.84449284385,-9999.0,-9999.0,-9999.0,58.8250007629,159.04911354752,50.4458871921943,270411.27,662248.07,12,8,58.825
NS76SW_849,1,0_3,8.85165210977,-9999.0,-9999.0,-9999.0,58.7540016174,2135.49628713511,258.47014998634,270334.43,662233.21,112,58,58.754
NS76SW_850,1,0_3,2.64282717705,-9999.0,-9999.0,-9999.0,65.9540023804,43.2091800030008,27.6281217090529,270012.84,662191.16,16,10,65.954
NS76SW_851,1,0_3,5.83132656037,-9999.0,-9999.0,-9999.0,65.5500030518,146.862907541631,50.3795859488171,270001.41,662187.05,24,14,65.55
NS76SW_852,1,0_3,2.749349302,-9999.0,-9999.0,-9999.0,66.6259994507,58.9827599998398,31.2647503998719,270028.78,662182.42,12,8,66.626
NS76SW_854,1,0_3,3.65956671055,-9999.0,-9999.0,-9999.0,66.84400177,264.830088679243,77.2333957657343,270110.63,662182.95,32,18,66.844
NS76SW_855,1,0_3,2.37638868665,-9999.0,-9999.0,-9999.0,66.8619995117,59.8119475511187,31.9971335841753,270132.15,662178.06,12,8,66.862
NS76SW_857,1,0_3,5.92024212349,-9999.0,-9999.0,-9999.0,66.1520004272,134.352338701787,47.2040635683343,270017.37,662177.36,12,8,66.152
NS76SW_858,1,0_3,3.19190846493,-9999.0,-9999.0,-9999.0,67.3020019531,49.0127924971899,28.018681688086,270044.54,662172.64,12,8,67.302
NS76SW_859,1,0_3,8.51507407712,-9999.0,-9999.0,-9999.0,58.861000061,883.980217024754,154.15291820317,270493.12,662191.68,60,32,58.861
NS76SW_862,1,0_3,6.03685974459,-9999.0,-9999.0,-9999.0,66.9189987183,138.230905278834,47.7878391634814,270032.63,662167.54,12,8,66.919
NS76SW_867,1,0_3,4.34312051154,-9999.0,-9999.0,-9999.0,67.3899993896,294.299583867479,97.5072360744416,270057.71,662156.78,36,20,67.39
NS76SW_868,1,0_3,9.73852761802,-9999.0,-9999.0,-9999.0,58.6177406311,3547.50762881481,251.907071208245,270607.85,662187.04,76,40,58.618
NS76SW_869,1,0_3,8.04969794222,-9999.0,-9999.0,-9999.0,58.6380004883,2045.82774076745,246.949212492731,270429.66,662176.09,80,40,58.638
NS76SW_871,1,0_3,6.04481879245,-9999.0,-9999.0,-9999.0,66.1800003052,136.626605267207,47.6378709832716,270008.44,662148.66,12,8,66.18
NS76SW_877,1,0_3,7.8197193423,-9999.0,-9999.0,-9999.0,59.3730010986,504.825111723605,113.861121611801,270344.44,662141.98,60,32,59.373
NS76SW_878,1,0_3,5.50016483716,-9999.0,-9999.0,-9999.0,67.5989990234,148.464150392277,53.6126049942306,270045.58,662126.26,28,16,67.599
NS76SW_881,1,0_3,6.61432942491,-9999.0,-9999.0,-9999.0,67.5500030518,322.078728075788,89.7944249883844,270079.23,662131.99,28,16,67.55
NS76SW_882,1,0_3,6.74674013708,-9999.0,-9999.0,-9999.0,66.6129989624,215.230698372619,63.9785265938849,270013.44,662126.05,20,12,66.613
NS76SW_891,1,0_3,6.0419116878,-9999.0,-9999.0,-9999.0,67.4899978638,131.005166479803,46.5489595952275,270038.7,662108.91,12,8,67.49
NS76SW_893,1,0_3,5.54877401281,-9999.0,-9999.0,-9999.0,66.4717483521,112.420766973294,47.1756908541661,270268.22,662104.25,28,16,66.472
NS76SW_895,1,0_3,3.21567060001,-9999.0,-9999.0,-9999.0,66.68699646,50.6827447029396,28.7099790056632,270003.62,662103.32,12,8,66.687
NS76SW_897,1,0_3,6.23704358782,-9999.0,-9999.0,-9999.0,66.4980010986,137.181117483112,47.0389117673491,270255.05,662095.25,12,8,66.498
NS76SW_898,1,0_3,5.71013430607,-9999.0,-9999.0,-9999.0,66.2929992676,167.728598219398,69.0979847278874,270285.95,662095.35,36,20,66.293
NS76SW_902,1,0_3,5.57064165205,-9999.0,-9999.0,-9999.0,67.138999939,154.984836476051,52.3330127755437,270031.12,662089.92,20,12,67.139
NS76SW_903,1,0_3,3.87918821748,-9999.0,-9999.0,-9999.0,66.7460021973,109.791801883205,45.8664918061144,270243.13,662085.63,28,16,66.746
NS76SW_904,1,0_3,6.60983745021,-9999.0,-9999.0,-9999.0,58.6189994812,1454.25493349451,233.365350453402,270530.57,662106.73,92,48,58.619
NS76SW_908,1,0_3,6.70891678528,-9999.0,-9999.0,-9999.0,67.8909988403,408.753693952621,105.634935216157,270062.71,662092.73,28,16,67.891
NS76SW_909,1,0_3,5.90885413263,-9999.0,-9999.0,-9999.0,67.4319992065,134.660621299343,47.1533745983838,270114.42,662079.21,12,8,67.432
NS76SW_910,1,0_3,5.81366055212,-9999.0,-9999.0,-9999.0,67.7779998779,136.806898393897,47.3884887992729,270086.35,662075.92,12,8,67.778
NS76SW_911,1,0_3,5.65073736721,-9999.0,-9999.0,-9999.0,65.9749984741,329.509352496957,97.2194223035251,270301.37,662079.81,68,36,65.975
NS76SW_912,1,0_3,6.32603711744,-9999.0,-9999.0,-9999.0,65.7900009155,140.28265240452,48.1205413153419,270325.51,662073.08,20,12,65.79
NS76SW_914,1,0_3,5.9705091095,-9999.0,-9999.0,-9999.0,66.736000061,155.249882110381,51.2071513712817,270024.26,662073.88,12,8,66.736
NS76SW_916,1,0_3,5.57782499739,-9999.0,-9999.0,-9999.0,67.3669967651,143.633926650512,48.6698648763023,270130.34,662070.71,12,8,67.367
NS76SW_918,1,0_3,3.76348543911,-9999.0,-9999.0,-9999.0,66.5149993896,114.810791540035,45.3453780340445,270270.93,662068.39,20,12,66.515
NS76SW_919,1,0_3,2.48559622213,-9999.0,-9999.0,-9999.0,68.0110015869,38.2924762468733,24.0465880829372,270081.97,662063.92,16,10,68.011
NS76SW_920,1,0_3,5.19840465082,-9999.0,-9999.0,-9999.0,67.0709991455,168.571185252603,55.2826892886344,270183.46,662067.17,20,12,67.071
NS76SW_922,1,0_3,2.79868014768,-9999.0,-9999.0,-9999.0,67.5039978027,35.1551324942757,23.9754206200693,270128.54,662058.94,12,8,67.504
NS76SW_923,1,0_3,7.96151916689,-9999.0,-9999.0,-9999.0,58.8089981079,1563.16441468498,235.70056517149,270462.53,662079.38,88,46,58.809
NS76SW_925,1,0_3,5.22304825556,-9999.0,-9999.0,-9999.0,67.5510025024,191.990445430367,57.1321340763827,270052.93,662062.69,20,12,67.551
NS76SW_927,1,0_3,2.8996463623,-9999.0,-9999.0,-9999.0,66.8369979858,34.8078375074763,29.9319130300039,270267.63,662056.16,16,10,66.837
NS76SW_928,1,0_3,3.09785860721,-9999.0,-9999.0,-9999.0,67.1600036621,27.3998775022371,21.9303909679545,270169.31,662055.34,12,8,67.16
NS76SW_930,1,0_3,6.15415405365,-9999.0,-9999.0,-9999.0,67.1259994507,84.6840582067663,36.8409300230486,270226.3,662056.84,12,8,67.126
NS76SW_931,1,0_3,3.55438896918,-9999.0,-9999.0,-9999.0,65.0879974365,142.49389692622,64.5631016261595,270351.02,662059.41,28,16,65.088
NS76SW_933,1,0_3,6.06596913381,-9999.0,-9999.0,-9999.0,66.6190032959,140.323001450944,50.0983069236174,270036.82,662054.24,20,12,66.619
NS76SW_939,1,0_3,4.92199164587,-9999.0,-9999.0,-9999.0,67.3229980469,147.317674146556,52.6404169791092,270218.27,662045.37,28,16,67.323
NS76SW_940,1,0_3,4.9330575907,-9999.0,-9999.0,-9999.0,67.1699981689,135.562941837353,49.1610849184862,270173.11,662044.54,20,12,67.17
NS76SW_941,1,0_3,4.96512045532,-9999.0,-9999.0,-9999.0,67.81199646,464.591852929127,115.110988620745,270107.54,662049.02,36,20,67.812
NS76SW_944,1,0_3,5.827949715,-9999.0,-9999.0,-9999.0,65.2080001831,144.771400758728,51.1063007108082,270006.45,662039.86,28,16,65.208
NS76SW_945,1,0_3,5.5555173403,-9999.0,-9999.0,-9999.0,66.0400009155,496.639348686607,149.362567989371,270373.22,662042.4,116,60,66.04
NS76SW_946,1,0_3,6.35668522913,-9999.0,-9999.0,-9999.0,68.1719970703,61.8172289746854,31.7864332713761,270249.95,662034.77,12,8,68.172
NS76SW_948,1,0_3,6.34690912718,-9999.0,-9999.0,-9999.0,66.141998291,120.044369914418,45.8585754634598,270399.47,662031.68,20,12,66.142
NS76SW_949,1,0_3,5.72198379298,-9999.0,-9999.0,-9999.0,66.5889968872,564.147455572373,154.033265283456,270293.93,662044.69,96,50,66.589
NS76SW_952,1,0_3,5.99655231405,-9999.0,-9999.0,-9999.0,67.3099975586,155.898487107712,54.7258714233959,270170.15,662030.52,28,16,67.31
NS76SW_953,1,0_3,6.27914580393,-9999.0,-9999.0,-9999.0,68.233001709,85.090112919059,36.9204730726317,270239.65,662027.59,12,8,68.233
NS76SW_955,1,0_3,6.73939338483,-9999.0,-9999.0,-9999.0,67.0059967041,235.185055976111,68.4348186693962,270080.79,662027.66,20,12,67.006
NS76SW_956,1,0_3,2.96178000314,-9999.0,-9999.0,-9999.0,67.5009994507,42.7905112422454,26.229959869287,270096.35,662021.44,12,8,67.501
NS76SW_957,1,0_3,4.94044120733,-9999.0,-9999.0,-9999.0,67.5400009155,252.712751291004,84.7717586951902,270202.8,662031.17,40,22,67.54
NS76SW_958,1,0_3,6.38815170422,-9999.0,-9999.0,-9999.0,68.3399963379,58.5068707949436,31.3182345167696,270230.65,662022.04,12,8,68.34
NS76SW_960,1,0_3,6.13204721744,-9999.0,-9999.0,-9999.0,65.2819976807,134.288492199786,47.086581805472,270013.81,662023.11,12,8,65.282
NS76SW_962,1,0_3,5.85796420348,-9999.0,-9999.0,-9999.0,66.7009963989,141.004783834429,55.0447770200713,270312.53,662020.63,28,16,66.701
NS76SW_963,1,0_3,5.64417012976,-9999.0,-9999.0,-9999.0,65.9929962158,148.165672687449,51.5421736542689,270054.79,662020.88,24,14,65.993
NS76SW_965,1,0_3,5.20733193534,-9999.0,-9999.0,-9999.0,67.9909973145,92.0891430210331,39.9637667357964,270205.9,662013.94,12,8,67.991
NS76SW_966,1,0_3,2.37993991736,-9999.0,-9999.0,-9999.0,64.9960021973,36.5995580385983,36.8045891450536,270002.41,662010.52,20,14,64.996
NS76SW_969,1,0_3,3.00206572434,-9999.0,-9999.0,-9999.0,66.0299987793,29.3809200004986,22.0312922608848,270453.33,662008.91,12,8,66.03
NS76SW_970,1,0_3,4.90937143911,-9999.0,-9999.0,-9999.0,66.3509979248,261.072323287021,99.6065510350046,270410.64,662016.44,60,32,66.351
NS76SW_971,1,0_3,6.19966092393,-9999.0,-9999.0,-9999.0,66.4840011597,111.523030309667,42.3392557032738,270428.65,662009.31,12,8,66.484
NS76SW_972,1,0_3,5.64780741446,-9999.0,-9999.0,-9999.0,65.4179992676,145.24731788952,51.5955957618669,270020.25,662007.05,20,12,65.418
NS76SW_973,1,0_3,5.73872544243,-9999.0,-9999.0,-9999.0,67.2799987793,136.826948566094,47.5712061199616,270104.53,662007.82,12,8,67.28
NS76SW_974,1,0_3,5.51741084923,-9999.0,-9999.0,-9999.0,67.608001709,191.286209184083,56.4555396048978,270177.52,662007.26,20,12,67.608
NS76SW_975,1,0_3,5.03769730152,-9999.0,-9999.0,-9999.0,66.8150024414,567.11173025795,190.727951630101,270341.84,662011.54,120,62,66.815
NS76SW_976,1,0_3,3.50992191637,-9999.0,-9999.0,-9999.0,66.8460006714,178.423810557637,68.5040806601164,270375.67,662007.37,44,24,66.846
NS76SW_977,1,0_3,5.68703316685,-9999.0,-9999.0,-9999.0,67.7509994507,132.506863950614,49.2716823510252,270161.91,662005.17,28,16,67.751
NS76SW_978,1,0_3,5.22035382158,-9999.0,-9999.0,-9999.0,68.361000061,120.639657585339,49.1976514587488,270271.51,662004.62,28,16,68.361
NS76SW_980,1,0_3,6.08474269976,-9999.0,-9999.0,-9999.0,66.8199996948,120.459807597178,44.1133155474803,270443.01,662002.21,12,8,66.82
NS76SW_981,1,0_3,5.50728656121,-9999.0,-9999.0,-9999.0,66.0690002441,134.57995512521,47.1868100005083,270060.21,662002.99,12,8,66.069
NS76SW_983,1,0_3,2.44963325338,-9999.0,-9999.0,-9999.0,65.5739974976,52.7349488181329,32.374103569522,270012.07,661996.16,20,12,65.574
NS76SW_986,1,0_3,6.19021021411,-9999.0,-9999.0,-9999.0,68.5029983521,116.588301186753,43.8022533169775,270240.76,661995.34,12,8,68.503
NS76SW_987,1,0_3,5.89101928364,-9999.0,-9999.0,-9999.0,67.9309997559,115.699753288043,46.3485633513943,270148.58,661995.08,20,12,67.931
NS76SW_988,1,0_3,2.09093436416,-9999.0,-9999.0,-9999.0,66.8499984741,51.8218837489647,29.1279009533322,270105.44,661989.86,12,8,66.85
NS76SW_989,1,0_3,5.83168659379,-9999.0,-9999.0,-9999.0,68.483001709,119.762622589059,46.4900039887591,270221.9,661991.37,20,12,68.483
NS76SW_990,1,0_3,5.35068659905,-9999.0,-9999.0,-9999.0,66.8830032349,159.694019563171,55.2981139245537,270455.55,661995.33,28,16,66.883
NS76SW_991,1,0_3,2.0821313431,-9999.0,-9999.0,-9999.0,67.2399978638,18.8035537530987,21.0515103890046,270508.82,661986.41,8,6,67.24
NS76SW_993,1,0_3,5.6111553186,-9999.0,-9999.0,-9999.0,65.6910018921,159.268500548182,55.0019000271735,270026.45,661989.56,28,16,65.691
NS76SW_995,1,0_3,6.27904605865,-9999.0,-9999.0,-9999.0,68.3700027466,60.7724075941483,31.8895034562638,270145.21,661986.15,12,8,68.37
NS76SW_998,1,0_3,2.7050453766,-9999.0,-9999.0,-9999.0,66.1859970093,45.7617637466742,28.206569472541,270006.63,661983.86,12,8,66.186
NS76SW_999,1,0_3,5.7873569327,-9999.0,-9999.0,-9999.0,68.4049987793,156.265914137482,56.9605303272916,270285.98,661987.02,28,16,68.405
NS76SW_816,1,0_4,5.68229427488,-9999.0,-9999.0,-9999.0,55.1170005798,267.402668124726,75.0948701054366,270425.87,663043.92,20,12,55.117
NS76SW_818,1,0_4,4.0198386004,-9999.0,-9999.0,-9999.0,57.0830001831,991.199942303635,274.270404601556,270444.44,663012.8,124,64,57.083
NS76SW_821,1,0_4,3.62247516721,-9999.0,-9999.0,-9999.0,55.5489997864,116.853873542683,65.9868060130468,270387.64,662861.26,60,32,55.549
NS76SW_822,1,0_4,2.68185787877,-9999.0,-9999.0,-9999.0,56.4974975586,183.932659537136,76.4104754138087,270357.9,662557.03,28,16,56.498
NS76SW_823,1,0_4,2.46098573218,-9999.0,-9999.0,-9999.0,57.8629989624,58.7261127029228,32.9130962694679,270315.49,662543.64,12,8,57.863
NS76SW_824,1,0_4,3.82845109022,-9999.0,-9999.0,-9999.0,58.4300003052,166.120817936435,54.2220429493285,270348.49,662514.32,28,16,58.43
NS76SW_825,1,0_4,4.74635396014,-9999.0,-9999.0,-9999.0,56.5769996643,122.072293050011,55.647289398503,270366.74,662514.82,36,20,56.577
NS76SW_749,1,0_5,4.33617838236,-9999.0,-9999.0,-9999.0,57.4039993286,493.615943776658,110.409412644839,270417.91,663749.9,20,12,57.404
NS76SW_814,1,0_5,2.81073281424,-9999.0,-9999.0,-9999.0,34.4850006104,91.2285525002203,37.1381042635983,270460.66,663236.44,16,10,34.485
NS76SW_815,1,0_5,3.06646225669,-9999.0,-9999.0,-9999.0,34.7260017395,123.659289283598,52.8405927356967,270364.69,663197.86,28,16,34.726
NS76SW_469,1,0_6,6.04025640682,-9999.0,-9999.0,-9999.0,79.8239974976,249.908827902415,68.433135712387,270006.43,664364.14,12,8,79.824
NS76SW_470,1,0_6,5.50163514003,-9999.0,-9999.0,-9999.0,75.2320022583,260.67865203728,73.6244739112588,270113.06,664354.87,12,8,75.232
NS76SW_471,1,0_6,7.71556361483,-9999.0,-9999.0,-9999.0,76.9950027466,244.29469973268,67.6355540770548,270062.68,664351.16,12,8,76.995
NS76SW_472,1,0_6,7.70579704188,-9999.0,-9999.0,-9999.0,78.7897338867,242.263795548255,67.5839142892181,270036.55,664348.84,12,8,78.79
NS76SW_473,1,0_6,2.82168583961,-9999.0,-9999.0,-9999.0,77.8629989624,40.6829662474729,25.9793842481397,270066.1,664322.4,12,8,77.863
NS76SW_474,1,0_6,5.89296546081,-9999.0,-9999.0,-9999.0,74.8939971924,227.722198294195,67.2047262636311,270126.08,664323.6,12,8,74.894
NS76SW_475,1,0_6,7.33595629591,-9999.0,-9999.0,-9999.0,76.8330001831,248.999760255657,70.3855695981107,270079.46,664327.3,20,12,76.833
NS76SW_476,1,0_6,7.24821061042,-9999.0,-9999.0,-9999.0,79.9280014038,243.087330689299,67.5542848677781,270020.82,664324.07,12,8,79.928
NS76SW_477,1,0_6,2.63691378311,-9999.0,-9999.0,-9999.0,74.2269973755,54.0545570719006,30.9361666134886,270262.25,664314.43,12,8,74.227
NS76SW_479,1,0_6,4.09091976345,-9999.0,-9999.0,-9999.0,74.9029998779,302.247602191504,76.3386026600833,270227.32,664301.63,36,20,74.903
NS76SW_480,1,0_6,5.82413570104,-9999.0,-9999.0,-9999.0,74.93800354,230.351755402639,67.156874243422,270141.62,664301.7,12,8,74.938
NS76SW_481,1,0_6,7.0418037874,-9999.0,-9999.0,-9999.0,79.56300354,258.749813451893,71.9599210777892,270005.59,664299.55,28,16,79.563
NS76SW_482,1,0_6,7.28725806566,-9999.0,-9999.0,-9999.0,76.6480026245,212.819396205979,62.7307136138546,270085.34,664298.68,12,8,76.648
NS76SW_483,1,0_6,4.99622279069,-9999.0,-9999.0,-9999.0,74.8669967651,78.8907090964228,36.231998563717,270161.99,664292.7,12,8,74.867
NS76SW_485,1,0_6,2.25346632262,-9999.0,-9999.0,-9999.0,78.9430007935,22.5221850019148,21.8310666660211,270015.22,664279.01,8,6,78.943
NS76SW_486,1,0_6,7.52351081485,-9999.0,-9999.0,-9999.0,76.9970016479,242.849132745977,67.4966200699298,270064.02,664277.51,12,8,76.997
NS76SW_487,1,0_6,6.34067925186,-9999.0,-9999.0,-9999.0,74.2630004883,186.395512364415,55.1878788558123,270205.17,664271.06,12,8,74.263
NS76SW_489,1,0_6,7.20979156816,-9999.0,-9999.0,-9999.0,77.8389968872,246.151277132761,68.0297863002436,270040.25,664262.29,12,8,77.839
NS76SW_490,1,0_6,7.19755025107,-9999.0,-9999.0,-9999.0,75.0790023804,214.180239345847,62.5475079871012,270122.68,664261.72,12,8,75.079
NS76SW_491,1,0_6,6.32901612564,-9999.0,-9999.0,-9999.0,73.5110015869,188.665391296813,55.5598787207022,270215.84,664257.86,12,8,73.511
NS76SW_492,1,0_6,7.53232815537,-9999.0,-9999.0,-9999.0,76.0410003662,207.921784592112,61.701631831676,270089.75,664257.07,12,8,76.041
NS76SW_493,1,0_6,7.29209482428,-9999.0,-9999.0,-9999.0,77.7990036011,211.418539539945,62.2473972007829,270017.74,664247.14,12,8,77.799
NS76SW_494,1,0_6,7.54142081447,-9999.0,-9999.0,-9999.0,77.0490036011,246.480808766086,67.606989731284,270066.92,664241.64,12,8,77.049
NS76SW_495,1,0_6,6.13960272083,-9999.0,-9999.0,-9999.0,74.1500015259,163.260299881547,55.3362959573425,270176.54,664238.96,20,12,74.15
NS76SW_496,1,0_6,3.61380219908,-9999.0,-9999.0,-9999.0,69.0049972534,750.195084179222,188.479555528363,270475.71,664241.55,100,52,69.005
NS76SW_497,1,0_6,4.23560617136,-9999.0,-9999.0,-9999.0,69.2429962158,57.4776836112217,33.6981222378132,270510.28,664229.68,12,8,69.243
NS76SW_498,1,0_6,3.91275009381,-9999.0,-9999.0,-9999.0,71.0780029297,51.9681750051233,28.9608810195421,270298.72,664227.64,12,8,71.078
NS76SW_499,1,0_6,6.97023960611,-9999.0,-9999.0,-9999.0,75.013999939,238.360466217903,75.3907005949656,270125.55,664233.64,44,24,75.014
NS76SW_500,1,0_6,7.26658999977,-9999.0,-9999.0,-9999.0,77.4840011597,212.145582303281,62.3925517577631,270043.35,664227.45,12,8,77.484
NS76SW_501,1,0_6,6.2000639364,-9999.0,-9999.0,-9999.0,72.6399993896,379.564650694717,99.6353224377058,270235.59,664231.62,28,16,72.64
NS76SW_503,1,0_6,4.78078560095,-9999.0,-9999.0,-9999.0,71.533996582,151.136411255894,52.4096350462042,270281.57,664222.99,24,14,71.534
NS76SW_504,1,0_6,3.47310679848,-9999.0,-9999.0,-9999.0,69.1460037231,147.816929543277,63.5186166422665,270500.34,664221.52,32,18,69.146
NS76SW_505,1,0_6,7.60721567982,-9999.0,-9999.0,-9999.0,72.9420013428,206.261097589577,61.619531344516,270188.34,664219.84,12,8,72.942
NS76SW_507,1,0_6,2.28454385345,-9999.0,-9999.0,-9999.0,76.2649993896,27.7961737564269,22.248851090757,270091.35,664208.25,12,8,76.265
NS76SW_508,1,0_6,2.54277416056,-9999.0,-9999.0,-9999.0,69.2379989624,79.8385425063729,47.241784698315,270487.19,664209.75,28,16,69.238
NS76SW_509,1,0_6,6.32605741371,-9999.0,-9999.0,-9999.0,72.1699981689,193.751326428608,59.8402564346556,270224.27,664213.82,20,12,72.17
NS76SW_510,1,0_6,2.79240892518,-9999.0,-9999.0,-9999.0,70.8970031738,55.4688299975942,30.4806480096548,270312.29,664207.5,12,8,70.897
NS76SW_511,1,0_6,3.95698973712,-9999.0,-9999.0,-9999.0,71.3000030518,119.76971856898,44.1585784993585,270291.46,664207.84,12,8,71.3
NS76SW_512,1,0_6,7.31565581352,-9999.0,-9999.0,-9999.0,75.2300033569,292.816865154202,77.998321032461,270114.65,664205.59,28,16,75.23
NS76SW_513,1,0_6,2.56643254048,-9999.0,-9999.0,-9999.0,71.6139984131,37.8770512534422,24.7182972675618,270222.62,664194.86,12,8,71.614
NS76SW_514,1,0_6,7.30959061491,-9999.0,-9999.0,-9999.0,77.0889968872,210.085326120952,62.0615465919971,270031.08,664200.32,12,8,77.089
NS76SW_515,1,0_6,3.06952667236,-9999.0,-9999.0,-9999.0,70.6607971191,92.1962925059359,39.4485076485641,270322.25,664193.92,16,10,70.661
NS76SW_516,1,0_6,7.64078885501,-9999.0,-9999.0,-9999.0,72.075668335,199.702283011607,60.6181217254301,270201.95,664198.52,12,8,72.076
NS76SW_517,1,0_6,4.28704458872,-9999.0,-9999.0,-9999.0,68.9929962158,31.6626374394695,25.2991153841897,270579.29,664188.37,12,8,68.993
NS76SW_518,1,0_6,6.65190811274,-9999.0,-9999.0,-9999.0,70.861000061,169.592684984859,55.2969743769961,270299.24,664192.72,36,20,70.861
NS76SW_520,1,0_6,7.19450904738,-9999.0,-9999.0,-9999.0,76.0640029907,223.024713266155,68.1664818909054,270096.23,664182.96,28,16,76.064
NS76SW_521,1,0_6,5.02292615643,-9999.0,-9999.0,-9999.0,66.7080001831,178.299371832437,56.2438572862739,270507.25,664175.21,20,12,66.708
NS76SW_522,1,0_6,4.09203962846,-9999.0,-9999.0,-9999.0,68.5393981934,153.752635439625,52.9390326035756,270568.32,664173.9,24,14,68.539
NS76SW_523,1,0_6,4.80051618798,-9999.0,-9999.0,-9999.0,69.7149963379,183.859968632463,58.8027281836043,270321.62,664173.81,20,12,69.715
NS76SW_524,1,0_6,7.08601089509,-9999.0,-9999.0,-9999.0,76.5680007935,244.044632643486,70.2941947140152,270069.53,664171.3,20,12,76.568
NS76SW_526,1,0_6,7.45942063257,-9999.0,-9999.0,-9999.0,71.9189987183,249.128444193071,68.3501709865903,270203.9,664170.99,12,8,71.919
NS76SW_527,1,0_6,6.90729680137,-9999.0,-9999.0,-9999.0,76.6460037231,177.757156760743,56.4291861108472,270044.51,664164.43,12,8,76.646
NS76SW_529,1,0_6,7.03195760178,-9999.0,-9999.0,-9999.0,76.1940002441,182.973174841405,57.00134142469,270006.07,664154.63,12,8,76.194
NS76SW_530,1,0_6,3.60088595797,-9999.0,-9999.0,-9999.0,69.4069976807,172.027665212561,70.8866202180939,270337.7,664149.6,36,20,69.407
NS76SW_531,1,0_6,2.32316606894,-9999.0,-9999.0,-9999.0,69.2539978027,23.9022975015022,20.2380462197996,270352.09,664140.75,12,8,69.254
NS76SW_532,1,0_6,7.49558934678,-9999.0,-9999.0,-9999.0,75.2480010986,212.385110253541,62.2776941938826,270108.14,664141.81,12,8,75.248
NS76SW_534,1,0_6,6.7436808055,-9999.0,-9999.0,-9999.0,75.8860015869,175.816700183692,55.643130340412,270079.18,664141.27,12,8,75.886
NS76SW_536,1,0_6,7.54613860627,-9999.0,-9999.0,-9999.0,74.2750015259,212.077043353631,62.9987963206518,270134.5,664137.85,12,8,74.275
NS76SW_537,1,0_6,7.35576129973,-9999.0,-9999.0,-9999.0,72.2689971924,249.262017068809,68.5572010484568,270187.0,664143.97,12,8,72.269
NS76SW_538,1,0_6,2.19038616678,-9999.0,-9999.0,-9999.0,71.8909988403,29.1925424990354,21.7997287759082,270204.49,664132.2,12,8,71.891
NS76SW_539,1,0_6,7.38114841427,-9999.0,-9999.0,-9999.0,73.3590011597,203.306003785513,61.0599996577113,270161.16,664134.02,12,8,73.359
NS76SW_540,1,0_6,3.48105839512,-9999.0,-9999.0,-9999.0,69.3789978027,148.312550015871,53.1485005468466,270343.03,664130.41,28,16,69.379
NS76SW_541,1,0_6,1.99584315373,-9999.0,-9999.0,-9999.0,71.9810028076,25.9027387505336,25.8248914703282,270201.07,664124.47,8,6,71.981
NS76SW_544,1,0_6,6.53236535698,-9999.0,-9999.0,-9999.0,75.4909973145,291.672676490384,80.5080128664169,270057.69,664124.81,36,20,75.491
NS76SW_547,1,0_6,2.89035077776,-9999.0,-9999.0,-9999.0,70.6500015259,39.1791367173498,26.4395800030061,270245.07,664104.26,12,8,70.65
NS76SW_548,1,0_6,5.02143703199,-9999.0,-9999.0,-9999.0,70.3850021362,3214.0162456615,333.044612064949,270260.82,664141.09,116,60,70.385
NS76SW_552,1,0_6,6.98253180898,-9999.0,-9999.0,-9999.0,75.2760009766,200.457834145783,58.8193383315648,270048.44,664099.42,12,8,75.276
NS76SW_554,1,0_6,6.64746310957,-9999.0,-9999.0,-9999.0,75.4869995117,285.625875407413,78.8154285933458,270016.66,664101.57,28,16,75.487
NS76SW_555,1,0_6,4.33904497033,-9999.0,-9999.0,-9999.0,73.4629974365,449.785500474983,106.034437971248,270104.67,664096.49,28,16,73.463
NS76SW_562,1,0_6,7.11468326275,-9999.0,-9999.0,-9999.0,75.4219970703,164.591226684054,54.3700752615903,270049.82,664075.91,12,8,75.422
NS76SW_563,1,0_6,5.74340203201,-9999.0,-9999.0,-9999.0,67.7939987183,517.345033649845,101.173374648446,270408.53,664077.39,28,16,67.794
NS76SW_564,1,0_6,7.39751125854,-9999.0,-9999.0,-9999.0,75.8909988403,170.401553571969,55.1570546677037,270020.07,664074.04,12,8,75.891
NS76SW_566,1,0_6,3.48015159031,-9999.0,-9999.0,-9999.0,67.4459991455,55.5266249158118,34.0790730580776,270510.48,664067.1,12,8,67.446
NS76SW_567,1,0_6,6.79019867331,-9999.0,-9999.0,-9999.0,70.7779998779,157.978260235767,52.2611979356958,270191.82,664066.89,12,8,70.778
NS76SW_568,1,0_6,6.82829133118,-9999.0,-9999.0,-9999.0,69.8330001831,191.679591830309,58.5396036716318,270216.54,664067.04,12,8,69.833
NS76SW_569,1,0_6,6.75184999663,-9999.0,-9999.0,-9999.0,71.2450027466,160.925143644057,52.6485624196184,270168.48,664065.47,12,8,71.245
NS76SW_571,1,0_6,6.83960244487,-9999.0,-9999.0,-9999.0,72.1029968262,159.713682526981,52.3974174126243,270145.14,664064.04,12,8,72.103
NS76SW_572,1,0_6,6.82653394837,-9999.0,-9999.0,-9999.0,68.9250030518,163.863870815305,53.0225406212548,270243.84,664064.01,12,8,68.925
NS76SW_573,1,0_6,6.84012432278,-9999.0,-9999.0,-9999.0,72.858001709,188.843752344082,58.4423381995876,270120.52,664060.93,12,8,72.858
NS76SW_574,1,0_6,7.11994717268,-9999.0,-9999.0,-9999.0,73.8880004883,188.556618632229,56.8832908335929,270096.44,664059.97,12,8,73.888
NS76SW_575,1,0_6,7.33655099894,-9999.0,-9999.0,-9999.0,75.111000061,194.745361046028,57.959148035269,270071.26,664058.36,12,8,75.111
NS76SW_576,1,0_6,7.03336865793,-9999.0,-9999.0,-9999.0,77.6679992676,191.953647439785,57.5608756477615,270002.47,664054.24,12,8,77.668
NS76SW_578,1,0_6,3.99277933504,-9999.0,-9999.0,-9999.0,67.9560012817,94.5621346417372,41.7748153378692,270332.92,664045.53,20,12,67.956
NS76SW_584,1,0_6,6.65532349203,-9999.0,-9999.0,-9999.0,67.922996521,189.102351923268,56.8626620388639,270261.47,664043.79,12,8,67.923
NS76SW_585,1,0_6,6.85523222866,-9999.0,-9999.0,-9999.0,69.0319976807,193.082403317615,57.5281768703834,270214.28,664035.94,12,8,69.032
NS76SW_586,1,0_6,6.79573711157,-9999.0,-9999.0,-9999.0,69.8629989624,160.723047198946,52.5949645718966,270191.47,664034.98,12,8,69.863
NS76SW_589,1,0_6,6.80627648184,-9999.0,-9999.0,-9999.0,71.7119979858,163.308957003045,52.9097966093818,270144.45,664031.94,12,8,71.712
NS76SW_590,1,0_6,6.79703009808,-9999.0,-9999.0,-9999.0,70.5830001831,199.223857563193,59.9495382243637,270168.01,664031.78,12,8,70.583
NS76SW_592,1,0_6,6.94984096052,-9999.0,-9999.0,-9999.0,72.8420028687,191.140380953769,57.1679276865001,270121.62,664030.12,12,8,72.842
NS76SW_593,1,0_6,6.93482399747,-9999.0,-9999.0,-9999.0,74.0500030518,190.971800589934,57.231517332853,270098.21,664028.7,12,8,74.05
NS76SW_594,1,0_6,7.44023623354,-9999.0,-9999.0,-9999.0,75.0159988403,193.807870123689,57.985965702794,270075.76,664027.35,12,8,75.016
NS76SW_597,1,0_6,5.00235972934,-9999.0,-9999.0,-9999.0,67.4540023804,183.115023354618,60.726777933191,270343.54,664031.04,20,12,67.454
NS76SW_600,1,0_6,6.94557250583,-9999.0,-9999.0,-9999.0,76.53099823,235.675567980842,70.6807737267603,270051.96,664025.18,28,16,76.531
NS76SW_602,1,0_6,7.1021442689,-9999.0,-9999.0,-9999.0,76.8850021362,196.981625134205,58.2720849491712,270003.39,664022.79,12,8,76.885
NS76SW_603,1,0_6,6.83511720855,-9999.0,-9999.0,-9999.0,66.93800354,161.337480883056,52.6449069926884,270272.83,664023.13,12,8,66.938
NS76SW_605,1,0_6,6.82466129514,-9999.0,-9999.0,-9999.0,67.8109970093,191.312960723857,57.0765049796983,270236.88,664023.82,12,8,67.811
NS76SW_606,1,0_6,6.72012615104,-9999.0,-9999.0,-9999.0,76.9309997559,243.777595709173,76.4882762091082,270027.37,664021.67,44,24,76.931
NS76SW_610,1,0_6,3.83459811911,-9999.0,-9999.0,-9999.0,67.6660003662,257.828849927973,70.4590899547598,270388.05,664021.81,44,24,67.666
NS76SW_611,1,0_6,2.26524390549,-9999.0,-9999.0,-9999.0,69.763999939,33.1611299997218,23.6603675220082,270184.47,664012.95,12,8,69.764
NS76SW_614,1,0_6,5.45173923593,-9999.0,-9999.0,-9999.0,66.2679977417,161.821033224593,59.3006591641166,270286.45,664006.51,24,14,66.268
NS76SW_617,1,0_6,6.78940114054,-9999.0,-9999.0,-9999.0,66.9570007324,162.547127277639,52.8426958543938,270248.7,664004.21,12,8,66.957
NS76SW_620,1,0_6,2.51442836708,-9999.0,-9999.0,-9999.0,66.2256698608,22.4537174972427,22.5467047102947,270469.82,663991.46,8,6,66.226
NS76SW_623,1,0_6,6.73596599918,-9999.0,-9999.0,-9999.0,73.3310012817,172.688556277801,54.5907317373523,270127.7,663988.35,12,8,73.331
NS76SW_626,1,0_6,7.06009890844,-9999.0,-9999.0,-9999.0,71.9100036621,159.65070410696,52.4046525917639,270150.93,663982.72,12,8,71.91
NS76SW_628,1,0_6,7.02327613676,-9999.0,-9999.0,-9999.0,67.5350036621,187.003130743883,56.6134997037226,270224.66,663977.98,12,8,67.535
NS76SW_631,1,0_6,3.66019155268,-9999.0,-9999.0,-9999.0,64.0836639404,119.637968539896,47.7752951623161,270415.9,663975.29,28,16,64.084
NS76SW_634,1,0_6,6.84841872161,-9999.0,-9999.0,-9999.0,68.2789993286,160.852719414291,52.5940226038354,270203.68,663968.91,12,8,68.279
NS76SW_636,1,0_6,6.66494830517,-9999.0,-9999.0,-9999.0,70.5699996948,121.01222526205,44.5647316844035,270158.87,663964.89,12,8,70.57
NS76SW_638,1,0_6,7.19250390257,-9999.0,-9999.0,-9999.0,71.9100036621,163.385577187047,52.961332054161,270121.18,663965.1,12,8,71.91
NS76SW_642,1,0_6,6.9529852429,-9999.0,-9999.0,-9999.0,68.6750030518,190.975710433366,57.0996507512401,270183.1,663959.55,12,8,68.675
NS76SW_644,1,0_6,4.93930994238,-9999.0,-9999.0,-9999.0,60.8320007324,773.596737999735,130.859584343068,270473.16,663967.46,36,20,60.832
NS76SW_649,1,0_6,6.88710388833,-9999.0,-9999.0,-9999.0,69.8180007935,119.651124420588,44.2480341941987,270133.06,663949.63,12,8,69.818
NS76SW_655,1,0_6,7.20881000944,-9999.0,-9999.0,-9999.0,67.9739990234,271.105543807643,74.7426785929181,270014.91,663940.37,12,8,67.974
NS76SW_658,1,0_6,7.20627292316,-9999.0,-9999.0,-9999.0,67.5390014648,265.962111775719,74.0311793049553,270050.85,663932.57,12,8,67.539
NS76SW_659,1,0_6,6.45912765671,-9999.0,-9999.0,-9999.0,67.6800003052,235.351222821411,68.8927106313493,270079.83,663932.24,28,16,67.68
NS76SW_661,1,0_6,7.05163008858,-9999.0,-9999.0,-9999.0,67.8600006104,162.245844956627,52.8840507066506,270118.56,663929.21,12,8,67.86
NS76SW_670,1,0_6,2.11058095296,-9999.0,-9999.0,-9999.0,60.3779983521,29.7413100020374,22.4023700545499,270486.13,663904.35,12,8,60.378
NS76SW_680,1,0_6,6.06546262764,-9999.0,-9999.0,-9999.0,67.5459976196,237.481229074264,67.4915596020086,270003.22,663893.05,16,10,67.546
NS76SW_693,1,0_6,4.96538882229,-9999.0,-9999.0,-9999.0,58.8079986572,3523.18915451786,328.626277274796,270459.04,663910.86,60,32,58.808
NS76SW_723,1,0_6,7.06407114877,-9999.0,-9999.0,-9999.0,54.7750015259,480.973473664659,115.264567973253,270333.68,663801.89,36,20,54.775
NS76SW_735,1,0_6,4.68174234458,-9999.0,-9999.0,-9999.0,57.3779983521,510.330229581014,116.474207857442,270513.46,663784.94,20,12,57.378
NS76SW_10,1,0_7,5.31015742849,-9999.0,-9999.0,-9999.0,73.0589981079,301.72074892437,89.3593476885294,270458.36,664980.51,52,28,73.059
NS76SW_100,1,0_7,6.2701767042,-9999.0,-9999.0,-9999.0,74.3180007935,105.154703942032,41.1828605328567,270152.98,664849.89,12,8,74.318
NS76SW_101,1,0_7,5.04494520965,-9999.0,-9999.0,-9999.0,72.7300033569,152.077475533742,58.1345105806424,270552.8,664845.36,36,20,72.73
NS76SW_102,1,0_7,5.88628499762,-9999.0,-9999.0,-9999.0,74.3150024414,99.5003272605531,39.9002203820026,270193.39,664843.76,12,8,74.315
NS76SW_103,1,0_7,5.5686130261,-9999.0,-9999.0,-9999.0,73.2269973755,184.78075173672,61.827086836847,270380.29,664843.74,36,20,73.227
NS76SW_104,1,0_7,5.76585133206,-9999.0,-9999.0,-9999.0,72.6529998779,99.9053697002479,40.9791962958826,270488.84,664840.68,12,8,72.653
NS76SW_106,1,0_7,5.39663117867,-9999.0,-9999.0,-9999.0,74.2220001221,244.360397065197,79.2516247974929,270136.49,664841.52,36,20,74.222
NS76SW_107,1,0_7,5.88976525125,-9999.0,-9999.0,-9999.0,73.0380020142,170.702378324974,56.7575713659456,270337.45,664837.5,20,12,73.038
NS76SW_108,1,0_7,5.50104873364,-9999.0,-9999.0,-9999.0,74.7509994507,134.129571188068,49.0611445541404,270178.58,664833.06,20,12,74.751
NS76SW_109,1,0_7,5.20888498667,-9999.0,-9999.0,-9999.0,73.9869995117,170.064698302501,58.1362187439849,270301.24,664832.97,28,16,73.987
NS76SW_11,1,0_7,5.67453153679,-9999.0,-9999.0,-9999.0,73.0090026855,108.819422714808,43.0349945110704,270381.05,664976.12,20,12,73.009
NS76SW_110,1,0_7,6.34179989538,-9999.0,-9999.0,-9999.0,74.6340026855,99.7247139658795,39.9512815971279,270119.63,664831.11,12,8,74.634
NS76SW_111,1,0_7,5.6170986461,-9999.0,-9999.0,-9999.0,72.547996521,112.892608417309,42.75349604894,270545.47,664830.0,12,8,72.548
NS76SW_113,1,0_7,5.34556971198,-9999.0,-9999.0,-9999.0,73.952003479,155.843780413966,66.551860705584,270284.12,664828.83,28,16,73.952
NS76SW_114,1,0_7,5.57563018799,-9999.0,-9999.0,-9999.0,71.9189987183,107.677584850001,42.5774266515139,270609.57,664825.31,12,8,71.919
NS76SW_115,1,0_7,5.28250735759,-9999.0,-9999.0,-9999.0,71.7789993286,445.294296484044,152.289072157091,270580.36,664841.37,100,52,71.779
NS76SW_116,1,0_7,5.8809832793,-9999.0,-9999.0,-9999.0,73.1699981689,161.866606684639,54.3393902742876,270423.73,664825.08,36,20,73.17
NS76SW_117,1,0_7,5.77929623609,-9999.0,-9999.0,-9999.0,73.1480026245,155.015539665679,50.8582654130044,270440.18,664824.74,20,12,73.148
NS76SW_118,1,0_7,6.45129789155,-9999.0,-9999.0,-9999.0,72.3759994507,124.170045085127,44.6330205466469,270095.84,664825.71,12,8,72.376
NS76SW_119,1,0_7,6.14411456015,-9999.0,-9999.0,-9999.0,74.6119995117,160.664664005946,51.1694888962893,270229.63,664823.81,12,8,74.612
NS76SW_12,1,0_7,5.7632101904,-9999.0,-9999.0,-9999.0,73.0709991455,101.828133560858,41.6586739808052,270369.61,664970.24,20,12,73.071
NS76SW_120,1,0_7,5.19007895185,-9999.0,-9999.0,-9999.0,73.0869979858,229.885677535344,72.1885317959025,270406.58,664829.05,36,20,73.087
NS76SW_121,1,0_7,4.87201841833,-9999.0,-9999.0,-9999.0,73.0120010376,166.493018152325,57.0833971280515,270472.47,664824.13,20,12,73.012
NS76SW_122,1,0_7,6.5730911757,-9999.0,-9999.0,-9999.0,74.9260025024,138.722034256655,47.3463503543654,270212.46,664821.0,12,8,74.926
NS76SW_123,1,0_7,5.46116310673,-9999.0,-9999.0,-9999.0,73.3030014038,370.001445811559,118.16591596069,270380.47,664825.3,68,36,73.303
NS76SW_124,1,0_7,5.01241949151,-9999.0,-9999.0,-9999.0,73.0719985962,363.491148429314,114.767064883748,270457.51,664833.89,48,26,73.072
NS76SW_125,1,0_7,5.16955961906,-9999.0,-9999.0,-9999.0,71.9020004272,145.38534145238,52.2869133862402,270622.43,664821.96,20,12,71.902
NS76SW_126,1,0_7,6.67008548185,-9999.0,-9999.0,-9999.0,74.4739990234,173.499393879355,53.1285352245034,270247.75,664821.26,12,8,74.474
NS76SW_127,1,0_7,6.73787654425,-9999.0,-9999.0,-9999.0,74.2710037231,171.927627252154,52.9303260331914,270265.92,664821.04,12,8,74.271
NS76SW_129,1,0_7,2.97172655918,-9999.0,-9999.0,-9999.0,74.3669967651,53.4489149907206,29.9750071625263,270123.65,664817.81,12,8,74.367
NS76SW_13,1,0_7,5.33502115281,-9999.0,-9999.0,-9999.0,72.9909973145,204.189294309715,67.7837772536422,270510.36,664972.36,36,20,72.991
NS76SW_130,1,0_7,5.60376924681,-9999.0,-9999.0,-9999.0,73.2030029297,159.855840142002,52.1130118617399,270356.23,664819.32,20,12,73.203
NS76SW_131,1,0_7,6.49454310341,-9999.0,-9999.0,-9999.0,74.0179977417,140.244107400468,47.588403883967,270312.48,664819.63,12,8,74.018
NS76SW_132,1,0_7,5.82594281933,-9999.0,-9999.0,-9999.0,72.6129989624,101.16365987152,41.4364637563111,270539.06,664816.96,20,12,72.613
NS76SW_133,1,0_7,6.23093620368,-9999.0,-9999.0,-9999.0,74.6849975586,118.536512217322,43.6498958676947,270145.95,664815.94,12,8,74.685
NS76SW_134,1,0_7,6.67063461887,-9999.0,-9999.0,-9999.0,74.8359985352,139.842052535905,47.5631273687984,270196.55,664816.31,12,8,74.836
NS76SW_135,1,0_7,5.34174056059,-9999.0,-9999.0,-9999.0,73.3679962158,210.077808278379,68.2059163937889,270338.32,664817.64,36,20,73.368
NS76SW_136,1,0_7,5.66764436327,-9999.0,-9999.0,-9999.0,72.8840026855,115.86896499087,44.2936947422817,270484.86,664814.75,20,12,72.884
NS76SW_137,1,0_7,5.31073345457,-9999.0,-9999.0,-9999.0,72.202003479,143.631629659643,50.7877740862427,270569.73,664815.63,20,12,72.202
NS76SW_138,1,0_7,5.59281721327,-9999.0,-9999.0,-9999.0,72.8939971924,116.92864583383,45.3433348442515,270497.68,664812.11,20,12,72.894
NS76SW_139,1,0_7,6.37914755816,-9999.0,-9999.0,-9999.0,72.6930007935,128.075659741117,45.329751500034,270103.74,664811.72,12,8,72.693
NS76SW_14,1,0_7,5.1020260692,-9999.0,-9999.0,-9999.0,72.797996521,155.728555087597,53.4213846594074,270438.58,664970.29,20,12,72.798
NS76SW_140,1,0_7,4.99272141981,-9999.0,-9999.0,-9999.0,72.8059997559,160.146358691015,55.0377397322535,270513.34,664811.58,20,12,72.806
NS76SW_141,1,0_7,5.72982912931,-9999.0,-9999.0,-9999.0,74.96900177,161.718253088751,51.350430607943,270181.0,664810.65,12,8,74.969
NS76SW_142,1,0_7,7.54541507721,-9999.0,-9999.0,-9999.0,72.1129989624,104.597365328843,41.0806925369063,270076.84,664808.74,12,8,72.113
NS76SW_144,1,0_7,5.91944763261,-9999.0,-9999.0,-9999.0,72.1439971924,101.864643507699,41.8992717682785,270564.65,664804.08,20,12,72.144
NS76SW_145,1,0_7,5.67160638569,-9999.0,-9999.0,-9999.0,72.0279998779,147.990053417928,49.8622716926066,270604.42,664804.4,20,12,72.028
NS76SW_146,1,0_7,6.1645277117,-9999.0,-9999.0,-9999.0,74.0289993286,165.411568396955,51.8895993604071,270316.43,664803.34,12,8,74.029
NS76SW_147,1,0_7,6.09675802331,-9999.0,-9999.0,-9999.0,71.8929977417,144.686022393802,50.6803404365116,270064.72,664803.03,28,16,71.893
NS76SW_148,1,0_7,6.17647168694,-9999.0,-9999.0,-9999.0,74.93800354,167.56336898365,58.6751482877703,270149.41,664801.86,20,12,74.938
NS76SW_149,1,0_7,6.46522643735,-9999.0,-9999.0,-9999.0,72.9069976807,124.456359600877,44.6957247479374,270109.27,664796.17,12,8,72.907
NS76SW_15,1,0_7,5.30974183497,-9999.0,-9999.0,-9999.0,73.1949996948,366.116523614027,116.081333679639,270547.21,664973.92,68,36,73.195
NS76SW_150,1,0_7,5.59995924406,-9999.0,-9999.0,-9999.0,72.7490005493,123.116602988343,47.2495079884588,270421.17,664795.7,20,12,72.749
NS76SW_151,1,0_7,5.52556175409,-9999.0,-9999.0,-9999.0,72.7429962158,111.602210301948,43.033269899735,270407.77,664793.3,12,8,72.743
NS76SW_152,1,0_7,5.55655313138,-9999.0,-9999.0,-9999.0,72.7259979248,225.014748445575,85.1774950405958,270440.07,664794.68,44,24,72.726
NS76SW_153,1,0_7,5.67266705432,-9999.0,-9999.0,-9999.0,72.34400177,113.921939810035,42.8622304105864,270559.09,664792.5,12,8,72.344
NS76SW_154,1,0_7,5.79404220756,-9999.0,-9999.0,-9999.0,72.0599975586,112.604217107795,42.963348950456,270595.28,664792.78,12,8,72.06
NS76SW_155,1,0_7,6.36000923191,-9999.0,-9999.0,-9999.0,72.0419998169,172.42046947121,52.6671424436851,270052.2,664793.29,12,8,72.042
NS76SW_156,1,0_7,5.86899293386,-9999.0,-9999.0,-9999.0,72.6740036011,109.110009573959,41.792448241085,270395.52,664791.6,12,8,72.674
NS76SW_157,1,0_7,5.2566239987,-9999.0,-9999.0,-9999.0,72.7549972534,155.155985687611,50.0122391196776,270461.91,664792.89,12,8,72.755
NS76SW_158,1,0_7,5.76021746489,-9999.0,-9999.0,-9999.0,72.7919998169,108.2719396572,41.6259838413864,270382.3,664790.68,12,8,72.792
NS76SW_159,1,0_7,5.82066228438,-9999.0,-9999.0,-9999.0,72.3789978027,101.968173311322,41.484172420435,270512.88,664789.01,20,12,72.379
NS76SW_16,1,0_7,5.58070296233,-9999.0,-9999.0,-9999.0,73.1900024414,115.304600674968,43.1215352828116,270358.55,664965.58,12,8,73.19
NS76SW_160,1,0_7,6.73799666663,-9999.0,-9999.0,-9999.0,74.8219985962,171.213266804665,52.7409206130235,270221.41,664789.37,12,8,74.822
NS76SW_162,1,0_7,5.94399880891,-9999.0,-9999.0,-9999.0,72.9160003662,103.903406120717,40.785084103576,270368.76,664787.77,12,8,72.916
NS76SW_163,1,0_7,6.20013198146,-9999.0,-9999.0,-9999.0,74.5749969482,163.743255999999,58.1791094225165,270238.74,664788.63,20,12,74.575
NS76SW_164,1,0_7,6.14784152691,-9999.0,-9999.0,-9999.0,74.3059997559,326.049215338685,118.371926105316,270280.36,664789.93,52,28,74.306
NS76SW_165,1,0_7,6.5198584172,-9999.0,-9999.0,-9999.0,75.0690002441,141.089049285034,47.7134419832739,270203.24,664786.54,12,8,75.069
NS76SW_167,1,0_7,6.28807105923,-9999.0,-9999.0,-9999.0,71.9110031128,105.586433439828,41.220342339679,270039.6,664785.71,12,8,71.911
NS76SW_168,1,0_7,5.61269393334,-9999.0,-9999.0,-9999.0,72.5609970093,149.99330695511,49.2577999813222,270475.6,664785.56,12,8,72.561
NS76SW_169,1,0_7,5.32204355074,-9999.0,-9999.0,-9999.0,74.0429992676,157.58070154906,54.9303831522341,270311.17,664785.34,20,12,74.043
NS76SW_170,1,0_7,5.89417902227,-9999.0,-9999.0,-9999.0,74.3690032959,162.694700574333,54.0982730801045,270255.09,664784.36,20,12,74.369
NS76SW_171,1,0_7,5.19956514787,-9999.0,-9999.0,-9999.0,72.2379989624,151.663410829925,53.515905191962,270543.09,664783.8,20,12,72.238
NS76SW_172,1,0_7,6.15040546587,-9999.0,-9999.0,-9999.0,75.013999939,201.296902388858,60.9427876694927,270152.69,664784.45,28,16,75.014
NS76SW_173,1,0_7,5.83222504382,-9999.0,-9999.0,-9999.0,73.0820007324,113.624726414043,42.6520036455801,270356.58,664781.98,12,8,73.082
NS76SW_174,1,0_7,6.47088321311,-9999.0,-9999.0,-9999.0,73.138999939,123.324074999662,44.4722481288579,270116.66,664781.77,12,8,73.139
NS76SW_175,1,0_7,5.79881927164,-9999.0,-9999.0,-9999.0,71.9260025024,97.7594262829262,41.1596420375704,270591.26,664781.25,20,12,71.926
NS76SW_176,1,0_7,5.87884726633,-9999.0,-9999.0,-9999.0,75.0289993286,148.613109933592,49.1893026366609,270187.99,664781.12,16,10,75.029
NS76SW_177,1,0_7,5.14675817075,-9999.0,-9999.0,-9999.0,72.4960021973,147.14011512836,52.5243479658376,270489.93,664779.76,20,12,72.496
NS76SW_179,1,0_7,6.48657029559,-9999.0,-9999.0,-9999.0,71.8840026855,162.411361284869,53.1090712848216,270026.58,664778.98,20,12,71.884
NS76SW_18,1,0_7,5.20924715668,-9999.0,-9999.0,-9999.0,73.3290023804,127.978249042143,50.1750667007715,270346.42,664960.99,28,16,73.329
NS76SW_180,1,0_7,5.75920664692,-9999.0,-9999.0,-9999.0,72.1360015869,123.574878492293,48.0291985285413,270511.75,664776.15,20,12,72.136
NS76SW_182,1,0_7,6.28011900803,-9999.0,-9999.0,-9999.0,73.2480010986,112.237767753681,42.4165672888628,270345.05,664775.59,12,8,73.248
NS76SW_184,1,0_7,6.57295225836,-9999.0,-9999.0,-9999.0,72.6090011597,158.938435713764,52.5389481212362,270080.35,664774.0,20,12,72.609
NS76SW_185,1,0_7,6.50026501281,-9999.0,-9999.0,-9999.0,71.763999939,160.598185927248,52.6811416398813,270012.67,664772.0,20,12,71.764
NS76SW_186,1,0_7,7.4841944946,-9999.0,-9999.0,-9999.0,73.2850036621,104.981890137531,41.1359269282049,270126.47,664770.82,12,8,73.285
NS76SW_188,1,0_7,5.85199289495,-9999.0,-9999.0,-9999.0,73.6660003662,140.312764671099,47.6183615412055,270332.1,664768.72,12,8,73.666
NS76SW_189,1,0_7,6.31696657147,-9999.0,-9999.0,-9999.0,72.4150009155,102.296737103846,40.598966230803,270067.35,664767.36,12,8,72.415
NS76SW_19,1,0_7,5.51030640202,-9999.0,-9999.0,-9999.0,72.5540008545,300.411408341691,96.6262153236974,270485.68,664964.26,36,20,72.554
NS76SW_190,1,0_7,6.05674439641,-9999.0,-9999.0,-9999.0,75.0360031128,171.055730319685,56.6249471238574,270159.55,664767.89,28,16,75.036
NS76SW_191,1,0_7,5.75708395536,-9999.0,-9999.0,-9999.0,71.90599823,108.550585598469,41.9087534625044,270600.44,664766.59,12,8,71.906
NS76SW_193,1,0_7,5.84487441838,-9999.0,-9999.0,-9999.0,73.2519989014,176.788496246391,57.9160330999183,270424.27,664764.89,20,12,73.252
NS76SW_196,1,0_7,5.05712225666,-9999.0,-9999.0,-9999.0,72.9390029907,148.638033575529,52.9779563534319,270448.45,664762.93,20,12,72.939
NS76SW_198,1,0_7,7.43000640869,-9999.0,-9999.0,-9999.0,72.3359985352,104.416805253616,41.0447284335797,270056.4,664761.34,12,8,72.336
NS76SW_199,1,0_7,5.92757178919,-9999.0,-9999.0,-9999.0,73.3199996948,168.243170988151,56.5169507516301,270392.35,664761.96,20,12,73.32
NS76SW_20,1,0_7,6.01741884561,-9999.0,-9999.0,-9999.0,72.7929992676,112.441163079994,42.4340998996626,270416.53,664957.78,12,8,72.793
NS76SW_200,1,0_7,5.89595127458,-9999.0,-9999.0,-9999.0,73.8379974365,137.444646022508,47.0990856267812,270318.39,664761.21,12,8,73.838
NS76SW_201,1,0_7,5.2780847265,-9999.0,-9999.0,-9999.0,71.9430007935,128.562455264447,50.4095118411214,270571.58,664761.14,20,12,71.943
NS76SW_203,1,0_7,6.24332835904,-9999.0,-9999.0,-9999.0,74.0759963989,115.368205734882,42.982989227093,270300.97,664757.66,12,8,74.076
NS76SW_204,1,0_7,5.82408190747,-9999.0,-9999.0,-9999.0,71.9680023193,100.436714283807,40.732615663402,270609.66,664756.16,12,8,71.968
NS76SW_205,1,0_7,6.20172967678,-9999.0,-9999.0,-9999.0,74.5532531738,106.000851703359,41.3715163980095,270287.65,664756.54,12,8,74.553
NS76SW_206,1,0_7,7.43396434457,-9999.0,-9999.0,-9999.0,72.2580032349,107.677143310839,41.6085700235011,270046.23,664755.86,12,8,72.258
NS76SW_207,1,0_7,5.96387389272,-9999.0,-9999.0,-9999.0,75.341003418,98.909585357047,39.7815239934002,270249.7,664754.29,12,8,75.341
NS76SW_208,1,0_7,5.95350906176,-9999.0,-9999.0,-9999.0,74.7762832642,201.651618129458,82.3595510233917,270268.91,664755.31,28,16,74.776
NS76SW_209,1,0_7,4.87329975356,-9999.0,-9999.0,-9999.0,73.3740005493,183.30901196794,61.8115638953837,270373.85,664756.01,28,16,73.374
NS76SW_21,1,0_7,5.70731728701,-9999.0,-9999.0,-9999.0,73.5719985962,105.5137756573,42.3854368948682,270335.42,664954.0,20,12,73.572
NS76SW_210,1,0_7,5.46056400571,-9999.0,-9999.0,-9999.0,75.6620025635,116.400316639484,44.9534003459842,270236.76,664755.11,20,12,75.662
NS76SW_211,1,0_7,7.30441172306,-9999.0,-9999.0,-9999.0,74.0299987793,110.773485972773,43.1611477932929,270138.67,664753.98,20,12,74.03
NS76SW_212,1,0_7,6.22409024997,-9999.0,-9999.0,-9999.0,75.9479980469,107.961887587894,41.7176924731294,270212.09,664752.71,12,8,75.948
NS76SW_213,1,0_7,6.20138812636,-9999.0,-9999.0,-9999.0,75.9919967651,107.67041829219,41.7210912907734,270224.33,664753.09,12,8,75.992
NS76SW_214,1,0_7,6.12652126198,-9999.0,-9999.0,-9999.0,75.7129974365,121.232861194412,44.0428748796766,270199.19,664751.66,12,8,75.713
NS76SW_216,1,0_7,5.62065725642,-9999.0,-9999.0,-9999.0,72.2409973145,228.518024595777,84.2304077890056,270554.56,664753.11,40,22,72.241
NS76SW_217,1,0_7,5.79396493272,-9999.0,-9999.0,-9999.0,73.2580032349,164.046041922574,53.7708338278534,270084.23,664751.03,20,12,73.258
NS76SW_218,1,0_7,6.10197506002,-9999.0,-9999.0,-9999.0,75.3880004883,196.21901999293,63.4753685842599,270167.52,664752.07,28,16,75.388
NS76SW_219,1,0_7,5.68140115129,-9999.0,-9999.0,-9999.0,72.5199966431,146.635426342502,48.6646736242296,270532.96,664749.37,12,8,72.52
NS76SW_22,1,0_7,5.72907708161,-9999.0,-9999.0,-9999.0,72.8379974365,141.150458394569,47.7096298257818,270403.28,664952.01,12,8,72.838
NS76SW_220,1,0_7,4.90055302616,-9999.0,-9999.0,-9999.0,73.327003479,203.115091326404,69.3004446915701,270425.42,664750.59,36,20,73.327
NS76SW_221,1,0_7,6.33272947906,-9999.0,-9999.0,-9999.0,72.0970001221,121.735639080055,44.195019462328,270035.05,664749.47,12,8,72.097
NS76SW_222,1,0_7,5.58143377363,-9999.0,-9999.0,-9999.0,72.4960021973,210.103034822023,88.6198676834543,270467.67,664753.39,60,32,72.496
NS76SW_223,1,0_7,5.55440834852,-9999.0,-9999.0,-9999.0,72.6809997559,108.353487140016,43.2441820262028,270494.17,664748.06,20,12,72.681
NS76SW_224,1,0_7,5.76545400871,-9999.0,-9999.0,-9999.0,72.7570037842,226.363870400131,87.2879030814753,270512.74,664748.45,28,16,72.757
NS76SW_226,1,0_7,6.29516337874,-9999.0,-9999.0,-9999.0,73.8389968872,112.242967416294,42.4213810065397,270128.21,664746.84,12,8,73.839
NS76SW_228,1,0_7,6.50742567321,-9999.0,-9999.0,-9999.0,71.9800033569,167.998862352855,51.977013447109,270022.26,664742.1,12,8,71.98
NS76SW_229,1,0_7,6.40273432384,-9999.0,-9999.0,-9999.0,73.7730026245,134.986155714604,46.5376577112346,270115.91,664740.58,12,8,73.773
NS76SW_230,1,0_7,5.72180185284,-9999.0,-9999.0,-9999.0,72.2679977417,147.178080928736,48.825506594776,270580.44,664740.45,12,8,72.268
NS76SW_231,1,0_7,6.07657584962,-9999.0,-9999.0,-9999.0,73.1969985962,111.762835777001,42.3092658451169,270458.37,664736.14,12,8,73.197
NS76SW_233,1,0_7,6.07774956146,-9999.0,-9999.0,-9999.0,76.2279968262,164.490334765787,58.3189567009427,270174.99,664736.58,20,12,76.228
NS76SW_234,1,0_7,6.21851911293,-9999.0,-9999.0,-9999.0,73.9769973755,162.306210357387,58.1599318575823,270334.44,664732.46,20,12,73.977
NS76SW_235,1,0_7,5.71960203751,-9999.0,-9999.0,-9999.0,73.0149993896,119.764281194375,46.5563304980454,270509.51,664727.51,20,12,73.015
NS76SW_236,1,0_7,5.32689283435,-9999.0,-9999.0,-9999.0,74.2001419067,162.380916744559,55.3576097660258,270319.09,664729.55,20,12,74.2
NS76SW_237,1,0_7,6.21137195868,-9999.0,-9999.0,-9999.0,74.0370025635,105.008036272362,41.1434079973556,270349.21,664727.74,12,8,74.037
NS76SW_238,1,0_7,5.73577907168,-9999.0,-9999.0,-9999.0,73.9250030518,371.027571308119,123.487325567386,270373.0,664731.27,64,34,73.925
NS76SW_239,1,0_7,6.71467273671,-9999.0,-9999.0,-9999.0,74.6569976807,123.44727288367,44.4459547740798,270304.3,664726.24,12,8,74.657
NS76SW_24,1,0_7,5.08964878089,-9999.0,-9999.0,-9999.0,72.4240036011,150.433924851942,53.2031244930787,270466.57,664950.85,20,12,72.424
NS76SW_240,1,0_7,3.31162125437,-9999.0,-9999.0,-9999.0,74.763999939,49.0680487482642,28.0399250904169,270113.65,664724.02,12,8,74.764
NS76SW_241,1,0_7,5.78501452169,-9999.0,-9999.0,-9999.0,76.2409973145,131.087202718626,47.6850690306119,270153.13,664727.66,20,12,76.241
NS76SW_242,1,0_7,5.99592462849,-9999.0,-9999.0,-9999.0,75.6039962769,98.6351381517562,39.7261007246975,270265.42,664724.81,12,8,75.604
NS76SW_243,1,0_7,6.0258637017,-9999.0,-9999.0,-9999.0,75.0989990234,108.850059896116,41.9229658402951,270277.87,664725.22,12,8,75.099
NS76SW_244,1,0_7,5.71653540426,-9999.0,-9999.0,-9999.0,72.3570022583,112.205633856233,42.556420369749,270583.38,664725.11,12,8,72.357
NS76SW_245,1,0_7,6.58136661021,-9999.0,-9999.0,-9999.0,73.983001709,175.557504976884,54.1236262080368,270398.08,664725.95,20,12,73.983
NS76SW_246,1,0_7,5.1777899054,-9999.0,-9999.0,-9999.0,73.8860015869,222.856601958625,72.2414111883383,270434.54,664728.49,36,20,73.886
NS76SW_248,1,0_7,5.91208198453,-9999.0,-9999.0,-9999.0,76.3249969482,106.722520137882,41.3473768431157,270239.2,664723.54,12,8,76.325
NS76SW_249,1,0_7,6.25486670792,-9999.0,-9999.0,-9999.0,75.827003479,112.635859726655,42.4995654412986,270252.6,664723.99,12,8,75.827
NS76SW_25,1,0_7,5.64931170245,-9999.0,-9999.0,-9999.0,73.0510025024,164.211097462876,56.51598160721,270561.75,664951.05,36,20,73.051
NS76SW_250,1,0_7,5.65228756394,-9999.0,-9999.0,-9999.0,72.3330001831,362.305844827482,138.401826982102,270619.06,664725.97,80,42,72.333
NS76SW_252,1,0_7,6.17262621949,-9999.0,-9999.0,-9999.0,75.6320037842,105.645054448196,41.1137627893065,270130.74,664724.04,12,8,75.632
NS76SW_253,1,0_7,6.4061802697,-9999.0,-9999.0,-9999.0,72.7030029297,116.593032309429,43.3316166368227,270031.08,664723.07,12,8,72.703
NS76SW_254,1,0_7,6.16038931981,-9999.0,-9999.0,-9999.0,76.702003479,108.332221762975,41.8317655559543,270226.73,664722.41,12,8,76.702
NS76SW_255,1,0_7,5.40269936369,-9999.0,-9999.0,-9999.0,74.8799972534,126.964186309786,49.3480149437852,270291.57,664723.81,20,12,74.88
NS76SW_256,1,0_7,6.4285507647,-9999.0,-9999.0,-9999.0,73.8990020752,176.826366895911,53.3122999387593,270414.7,664723.31,12,8,73.899
NS76SW_257,1,0_7,6.46457535366,-9999.0,-9999.0,-9999.0,73.0439987183,293.850941468261,76.0518280657903,270061.9,664727.06,12,8,73.044
NS76SW_259,1,0_7,6.15896947583,-9999.0,-9999.0,-9999.0,76.8399963379,117.575440028132,43.3765418038045,270213.64,664720.97,12,8,76.84
NS76SW_26,1,0_7,5.82527369669,-9999.0,-9999.0,-9999.0,72.9339981079,112.991436453982,44.3838738015991,270390.68,664944.12,20,12,72.934
NS76SW_260,1,0_7,5.0669613178,-9999.0,-9999.0,-9999.0,74.0469970703,151.989446630478,53.7967356906629,270447.67,664722.13,20,12,74.047
NS76SW_262,1,0_7,5.55144748264,-9999.0,-9999.0,-9999.0,73.7559967041,116.085742860881,43.2185823124706,270460.81,664714.93,12,8,73.756
NS76SW_263,1,0_7,5.2790727927,-9999.0,-9999.0,-9999.0,76.8929977417,157.787012394485,55.3198002078042,270198.84,664715.51,20,12,76.893
NS76SW_265,1,0_7,5.71887254914,-9999.0,-9999.0,-9999.0,76.297996521,129.650139718208,48.6191493848272,270137.69,664713.84,20,12,76.298
NS76SW_266,1,0_7,5.63874672784,-9999.0,-9999.0,-9999.0,73.8850021362,115.522355448023,43.145484743628,270472.92,664712.55,12,8,73.885
NS76SW_268,1,0_7,6.27096231634,-9999.0,-9999.0,-9999.0,73.1009979248,112.666626340712,42.4883584328516,270037.28,664712.04,12,8,73.101
NS76SW_269,1,0_7,5.72788287504,-9999.0,-9999.0,-9999.0,73.6470031738,107.859415238927,44.1767332120848,270485.63,664710.28,28,16,73.647
NS76SW_27,1,0_7,5.44103515677,-9999.0,-9999.0,-9999.0,72.4580001831,150.335788473918,52.7849710714939,270451.51,664945.63,20,12,72.458
NS76SW_270,1,0_7,5.04306004367,-9999.0,-9999.0,-9999.0,72.4869995117,148.256576661377,52.7927544340691,270589.3,664711.3,20,12,72.487
NS76SW_272,1,0_7,4.00621150231,-9999.0,-9999.0,-9999.0,72.1709976196,213.501213177937,60.9886649066717,270547.46,664712.82,20,12,72.171
NS76SW_273,1,0_7,5.64512357712,-9999.0,-9999.0,-9999.0,73.138999939,145.073113753605,48.350160086305,270500.36,664709.16,12,8,73.139
NS76SW_275,1,0_7,6.39763296847,-9999.0,-9999.0,-9999.0,72.4300003052,150.841320157561,47.6773750107177,270003.63,664709.46,16,10,72.43
NS76SW_276,1,0_7,6.24303263834,-9999.0,-9999.0,-9999.0,76.9260025024,111.832910241006,42.3276420460482,270187.13,664708.31,12,8,76.926
NS76SW_277,1,0_7,4.56450841482,-9999.0,-9999.0,-9999.0,73.0260009766,186.228935160319,62.0480935962978,270515.65,664710.52,28,16,73.026
NS76SW_28,1,0_7,5.82269174081,-9999.0,-9999.0,-9999.0,73.4639968872,211.780594672103,82.9463394022347,270319.21,664945.61,52,28,73.464
NS76SW_281,1,0_7,2.25902090147,-9999.0,-9999.0,-9999.0,76.90599823,71.3761839550931,39.7838033781316,270355.77,664703.88,36,20,76.906
NS76SW_282,1,0_7,4.1022249759,-9999.0,-9999.0,-9999.0,76.6350021362,99.8331451324555,40.2373509994833,270382.91,664702.71,20,12,76.635
NS76SW_283,1,0_7,2.49288273862,-9999.0,-9999.0,-9999.0,76.8479995728,75.7336462514566,40.8934883445815,270335.22,664701.86,16,10,76.848
NS76SW_284,1,0_7,2.33340596707,-9999.0,-9999.0,-9999.0,80.2900009155,28.9198799939969,21.9054930120038,270249.55,664698.82,12,8,80.29
NS76SW_285,1,0_7,3.12926901082,-9999.0,-9999.0,-9999.0,77.2723312378,118.134022502689,50.0328159857434,270306.06,664701.49,24,14,77.272
NS76SW_287,1,0_7,5.99644721906,-9999.0,-9999.0,-9999.0,77.0319976807,125.572353600734,48.8709905416889,270174.82,664702.02,20,12,77.032
NS76SW_289,1,0_7,2.53181117355,-9999.0,-9999.0,-9999.0,72.3330001831,41.9586299957957,29.1890918857093,270615.14,664696.31,12,8,72.333
NS76SW_29,1,0_7,5.16711117891,-9999.0,-9999.0,-9999.0,73.0696487427,644.806935284395,213.892994574457,270597.05,664959.0,116,58,73.07
NS76SW_290,1,0_7,3.29444193637,-9999.0,-9999.0,-9999.0,76.5790023804,182.509466649106,72.2861510430104,270423.24,664696.07,36,20,76.579
NS76SW_291,1,0_7,6.2544955095,-9999.0,-9999.0,-9999.0,73.2779998779,121.948021895174,44.2313087454078,270008.55,664695.88,12,8,73.278
NS76SW_292,1,0_7,5.98361993694,-9999.0,-9999.0,-9999.0,76.8479995728,141.95859782509,47.8687344892644,270161.37,664696.35,12,8,76.848
NS76SW_294,1,0_7,2.40795090619,-9999.0,-9999.0,-9999.0,72.0849990845,61.1912849998991,37.1127584166757,270598.77,664694.59,16,10,72.085
NS76SW_295,1,0_7,2.51158396403,-9999.0,-9999.0,-9999.0,79.7080001831,37.9453274960437,25.6815198248268,270271.42,664690.42,12,8,79.708
NS76SW_297,1,0_7,2.7393343099,-9999.0,-9999.0,-9999.0,74.7289962769,19.5637950036531,18.0229249651647,270480.56,664687.95,12,8,74.729
NS76SW_298,1,0_7,2.44546311901,-9999.0,-9999.0,-9999.0,75.766998291,32.7552899975253,23.5009892354106,270459.3,664688.06,12,8,75.767
NS76SW_299,1,0_7,2.83174401821,-9999.0,-9999.0,-9999.0,75.418838501,47.317379994936,27.5353549938571,270473.68,664687.95,12,8,75.419
NS76SW_3,1,0_7,4.90561594128,-9999.0,-9999.0,-9999.0,73.3489990234,184.215076138008,58.3677686299378,270554.21,664998.24,44,24,73.349
NS76SW_30,1,0_7,5.69153525787,-9999.0,-9999.0,-9999.0,73.5279998779,100.98151266831,41.6513274931538,270302.54,664936.15,20,12,73.528
NS76SW_301,1,0_7,6.26183320822,-9999.0,-9999.0,-9999.0,76.6610031128,113.601448285461,42.6610873814761,270148.72,664689.19,12,8,76.661
NS76SW_302,1,0_7,2.55922327815,-9999.0,-9999.0,-9999.0,72.5680007935,38.0068049964621,24.9334696069621,270541.01,664685.55,12,8,72.568
NS76SW_303,1,0_7,3.1675046804,-9999.0,-9999.0,-9999.0,73.7663726807,54.1471274969596,31.0605901647789,270503.66,664685.89,12,8,73.766
NS76SW_304,1,0_7,2.36541380041,-9999.0,-9999.0,-9999.0,72.25,43.8818737454274,27.3465517945015,270587.6,664684.76,12,8,72.25
NS76SW_305,1,0_7,2.70230083305,-9999.0,-9999.0,-9999.0,80.6740036011,31.0828387509587,22.6551398036566,270222.12,664683.56,12,8,80.674
NS76SW_306,1,0_7,3.43631485029,-9999.0,-9999.0,-9999.0,74.0319976807,94.4794341182328,43.6733238654107,270491.57,664685.23,20,12,74.032
NS76SW_307,1,0_7,7.37074666892,-9999.0,-9999.0,-9999.0,73.7099990845,107.172468946531,41.5403448407395,270010.28,664682.76,12,8,73.71
NS76SW_308,1,0_7,5.90863084187,-9999.0,-9999.0,-9999.0,76.4670028687,141.185987680631,47.7919353086891,270136.29,664681.54,12,8,76.467
NS76SW_309,1,0_7,4.05608754205,-9999.0,-9999.0,-9999.0,76.8980026245,189.526118802541,55.2471817651274,270348.9,664680.53,20,12,76.898
NS76SW_31,1,0_7,5.42770242926,-9999.0,-9999.0,-9999.0,73.0839996338,159.499879336745,54.0232484544123,270377.7,664937.4,20,12,73.084
NS76SW_310,1,0_7,3.27579043128,-9999.0,-9999.0,-9999.0,76.0469970703,90.1809250682503,38.1902675930603,270116.5,664678.37,12,8,76.047
NS76SW_311,1,0_7,4.2790065833,-9999.0,-9999.0,-9999.0,77.18800354,191.691094646555,55.5694298045452,270331.97,664680.59,12,8,77.188
NS76SW_312,1,0_7,3.95735090793,-9999.0,-9999.0,-9999.0,76.21900177,222.01743784221,84.2328697208978,270372.37,664683.11,44,24,76.219
NS76SW_313,1,0_7,5.02562350929,-9999.0,-9999.0,-9999.0,76.06199646,215.060603289081,64.2624849626618,270390.86,664680.31,28,16,76.062
NS76SW_315,1,0_7,3.73290353529,-9999.0,-9999.0,-9999.0,77.4789962769,240.465183539084,78.4488735778339,270316.5,664684.35,32,18,77.479
NS76SW_318,1,0_7,4.11715995927,-9999.0,-9999.0,-9999.0,77.9339981079,200.427397798708,56.6734578563249,270299.05,664677.71,16,10,77.934
NS76SW_319,1,0_7,3.88975038908,-9999.0,-9999.0,-9999.0,76.0899963379,110.741819987414,42.2229980387781,270407.52,664674.84,12,8,76.09
NS76SW_32,1,0_7,5.54980349637,-9999.0,-9999.0,-9999.0,73.0510025024,192.303262507634,59.0608591821927,270530.31,664936.31,28,16,73.051
NS76SW_320,1,0_7,3.95150914685,-9999.0,-9999.0,-9999.0,72.1360015869,145.985809799228,51.1180805527888,270609.45,664676.4,20,12,72.136
NS76SW_321,1,0_7,6.1354010809,-9999.0,-9999.0,-9999.0,74.2720031738,107.068713497945,42.862224508634,270073.2,664675.74,20,12,74.272
NS76SW_322,1,0_7,7.45933557326,-9999.0,-9999.0,-9999.0,75.4120025635,105.99694504643,41.3297933584362,270094.41,664674.58,12,8,75.412
NS76SW_324,1,0_7,4.57707993256,-9999.0,-9999.0,-9999.0,78.0650024414,182.45345160611,54.2553180952682,270282.67,664674.15,12,8,78.065
NS76SW_325,1,0_7,3.74593559384,-9999.0,-9999.0,-9999.0,72.0699996948,181.296317764667,56.6132150752929,270594.75,664673.77,20,12,72.07
NS76SW_326,1,0_7,6.34924518906,-9999.0,-9999.0,-9999.0,78.5189971924,141.978930012221,48.8945083620736,270265.69,664672.03,20,12,78.519
NS76SW_327,1,0_7,6.80035018921,-9999.0,-9999.0,-9999.0,76.1240005493,169.891560305705,55.5378220160529,270428.08,664672.87,28,16,76.124
NS76SW_328,1,0_7,6.22987846706,-9999.0,-9999.0,-9999.0,74.1910018921,123.168770130017,44.5547224598359,270015.72,664671.3,12,8,74.191
NS76SW_329,1,0_7,3.93624198064,-9999.0,-9999.0,-9999.0,72.2570037842,207.830159237686,62.6165966300645,270580.41,664673.93,20,12,72.257
NS76SW_330,1,0_7,2.59878671905,-9999.0,-9999.0,-9999.0,79.4029998779,25.984087499842,24.1681206051834,270184.1,664668.52,8,6,79.403
NS76SW_331,1,0_7,1.87557492711,-9999.0,-9999.0,-9999.0,79.4280014038,62.578185982578,31.9363087674704,270203.05,664670.08,12,8,79.428
NS76SW_332,1,0_7,6.25638383272,-9999.0,-9999.0,-9999.0,74.0059967041,119.207467406664,43.7522358497358,270061.34,664670.51,12,8,74.006
NS76SW_333,1,0_7,4.38419074908,-9999.0,-9999.0,-9999.0,76.3379974365,187.502132854735,55.9609389519725,270448.38,664668.53,20,12,76.338
NS76SW_334,1,0_7,5.08702208704,-9999.0,-9999.0,-9999.0,78.7419967651,358.304679612022,94.8748402614889,270242.43,664670.06,36,20,78.742
NS76SW_335,1,0_7,4.59338992452,-9999.0,-9999.0,-9999.0,72.4479980469,206.254294548918,57.8470485251035,270566.32,664666.91,12,8,72.448
NS76SW_336,1,0_7,6.43555324044,-9999.0,-9999.0,-9999.0,74.2080001831,131.424267316895,45.8954845621004,270048.59,664664.7,12,8,74.208
NS76SW_337,1,0_7,4.51038832539,-9999.0,-9999.0,-9999.0,75.8939971924,184.182240258186,57.2759455787992,270465.06,664664.75,20,12,75.894
NS76SW_338,1,0_7,4.49729985651,-9999.0,-9999.0,-9999.0,72.5869979858,200.612905673337,61.0416423451423,270551.01,664664.4,20,12,72.587
NS76SW_339,1,0_7,2.64923374393,-9999.0,-9999.0,-9999.0,77.8592453003,103.017055322179,40.8808936080185,270148.95,664661.49,12,8,77.859
NS76SW_34,1,0_7,5.75923979252,-9999.0,-9999.0,-9999.0,73.4570007324,101.049376628554,40.2105255556351,270291.37,664930.86,12,8,73.457
NS76SW_340,1,0_7,4.06639871167,-9999.0,-9999.0,-9999.0,75.4300003052,200.106929000174,60.1500871100305,270480.72,664663.57,20,12,75.43
NS76SW_341,1,0_7,4.13121475878,-9999.0,-9999.0,-9999.0,78.8262481689,193.396704390099,59.7170841090447,270218.22,664662.84,36,20,78.826
NS76SW_342,1,0_7,6.27327897233,-9999.0,-9999.0,-9999.0,74.6490020752,112.757634883255,42.5303216326766,270023.01,664660.48,12,8,74.649
NS76SW_343,1,0_7,4.06717360224,-9999.0,-9999.0,-9999.0,74.5270004272,192.741324255143,61.0127465476364,270497.62,664662.22,28,16,74.527
NS76SW_344,1,0_7,4.31278790926,-9999.0,-9999.0,-9999.0,73.9580001831,183.586468555579,54.3616310320522,270515.42,664660.16,12,8,73.958
NS76SW_345,1,0_7,4.42562613757,-9999.0,-9999.0,-9999.0,78.5540008545,147.931220356697,57.0074196096254,270200.43,664656.72,28,16,78.554
NS76SW_348,1,0_7,5.81704310816,-9999.0,-9999.0,-9999.0,75.5329971313,114.970758892752,45.1503225613504,270028.59,664649.15,28,16,75.533
NS76SW_349,1,0_7,3.825656275,-9999.0,-9999.0,-9999.0,78.3160018921,325.769480878796,125.239850201032,270173.87,664658.0,56,30,78.316
NS76SW_35,1,0_7,5.00353587894,-9999.0,-9999.0,-9999.0,72.966003418,259.566444282542,81.2422149989565,270579.13,664933.89,36,20,72.966
NS76SW_350,1,0_7,4.0354280004,-9999.0,-9999.0,-9999.0,78.2369995117,201.518961733952,61.8841056444258,270169.2,664643.96,28,16,78.237
NS76SW_351,1,0_7,3.44309862696,-9999.0,-9999.0,-9999.0,78.7173309326,51.8507774934419,28.8578607288684,270098.77,664633.87,12,8,78.717
NS76SW_352,1,0_7,2.83161750207,-9999.0,-9999.0,-9999.0,78.8040008545,37.1369823649747,25.65433361683,270087.96,664631.83,12,8,78.804
NS76SW_354,1,0_7,2.85996648037,-9999.0,-9999.0,-9999.0,79.0699996948,68.4231824505956,33.6926485010252,270083.72,664621.18,12,8,79.07
NS76SW_355,1,0_7,7.35626318232,-9999.0,-9999.0,-9999.0,78.138999939,718.977205034505,119.272806055421,270128.09,664631.38,28,16,78.139
NS76SW_356,1,0_7,5.8325753212,-9999.0,-9999.0,-9999.0,79.7149963379,156.328729132113,53.0763300017725,270102.18,664612.1,28,16,79.715
NS76SW_359,1,0_7,4.08944789625,-9999.0,-9999.0,-9999.0,79.7229995728,222.760655749786,69.7395092609152,270080.86,664604.95,28,16,79.723
NS76SW_36,1,0_7,5.05945374794,-9999.0,-9999.0,-9999.0,72.4649963379,149.579465745977,53.1832320568235,270429.52,664930.63,20,12,72.465
NS76SW_360,1,0_7,4.11062413811,-9999.0,-9999.0,-9999.0,79.2720031738,195.974454305091,60.3672469870211,270062.78,664598.07,28,16,79.272
NS76SW_361,1,0_7,8.63176437427,-9999.0,-9999.0,-9999.0,78.0930023193,1042.36084351658,200.344747911898,270028.01,664611.14,92,48,78.093
NS76SW_38,1,0_7,5.5229351083,-9999.0,-9999.0,-9999.0,72.5650024414,130.545491896854,48.6124883277104,270417.43,664925.66,20,12,72.565
NS76SW_380,1,0_7,6.32521745702,-9999.0,-9999.0,-9999.0,77.1399993896,77.4534136322439,35.2136141621837,270005.11,664537.88,12,8,77.14
NS76SW_381,1,0_7,6.78665533145,-9999.0,-9999.0,-9999.0,70.9550018311,37.0990501972093,43.825382147138,270521.0,664539.15,40,24,70.955
NS76SW_383,1,0_7,5.12638738019,-9999.0,-9999.0,-9999.0,70.8040008545,291.835930930775,87.6175666032143,270558.36,664542.54,44,24,70.804
NS76SW_388,1,0_7,6.38496287607,-9999.0,-9999.0,-9999.0,77.0790023804,74.2730761565603,34.6462927977069,270014.6,664528.2,12,8,77.079
NS76SW_389,1,0_7,2.42164677446,-9999.0,-9999.0,-9999.0,70.0459976196,24.5325374965496,21.1341651168349,270459.41,664525.65,12,8,70.046
NS76SW_39,1,0_7,6.5235401856,-9999.0,-9999.0,-9999.0,73.4010009766,109.833467463525,42.1029553055047,270280.4,664924.84,12,8,73.401
NS76SW_4,1,0_7,5.44631788184,-9999.0,-9999.0,-9999.0,72.9479980469,160.039305941352,57.7853484590541,270521.13,664997.12,48,26,72.948
NS76SW_40,1,0_7,3.71514972159,-9999.0,-9999.0,-9999.0,73.96900177,340.899674338541,102.038650011596,270031.69,664929.07,52,28,73.969
NS76SW_402,1,0_7,6.29908871238,-9999.0,-9999.0,-9999.0,77.0820007324,78.9066933759658,39.2957889995539,270020.58,664517.54,20,12,77.082
NS76SW_403,1,0_7,3.98943180219,-9999.0,-9999.0,-9999.0,70.0680007935,726.742403809275,184.619680583193,270492.95,664526.56,76,40,70.068
NS76SW_409,1,0_7,2.58878873189,-9999.0,-9999.0,-9999.0,77.4408569336,79.6088566483965,39.6156603790167,270005.84,664504.54,28,16,77.441
NS76SW_41,1,0_7,5.15465045485,-9999.0,-9999.0,-9999.0,73.2620010376,329.083830012875,98.8862226493696,270357.14,664926.56,60,32,73.262
NS76SW_42,1,0_7,5.76506374584,-9999.0,-9999.0,-9999.0,73.4589996338,112.811320586419,42.4850689366389,270268.99,664919.41,12,8,73.459
NS76SW_422,1,0_7,4.45678058348,-9999.0,-9999.0,-9999.0,71.1456832886,218.630863590887,125.097662507911,270563.45,664496.98,84,44,71.146
NS76SW_43,1,0_7,5.57072843824,-9999.0,-9999.0,-9999.0,72.827003479,114.051711134785,42.8658284678188,270407.17,664918.42,12,8,72.827
NS76SW_432,1,0_7,5.07374743767,-9999.0,-9999.0,-9999.0,69.4810028076,700.738896503011,106.501894087886,270462.66,664490.96,12,8,69.481
NS76SW_438,1,0_7,6.01392421482,-9999.0,-9999.0,-9999.0,77.5149993896,267.381778561554,87.9892126215344,270020.11,664471.54,44,24,77.515
NS76SW_44,1,0_7,5.00253044066,-9999.0,-9999.0,-9999.0,73.6669998169,160.132416837509,55.1593902524123,270333.15,664918.27,20,12,73.667
NS76SW_443,1,0_7,6.00690470562,-9999.0,-9999.0,-9999.0,76.827003479,228.775769684059,67.4186990216969,270047.99,664457.49,12,8,76.827
NS76SW_45,1,0_7,5.79366415331,-9999.0,-9999.0,-9999.0,72.4670028687,117.279571208824,48.1261871386299,270476.19,664917.32,28,16,72.467
NS76SW_451,1,0_7,2.3252482823,-9999.0,-9999.0,-9999.0,76.077003479,81.2647104244277,44.7249347792621,270075.4,664431.97,20,12,76.077
NS76SW_452,1,0_7,6.09464220115,-9999.0,-9999.0,-9999.0,77.8300018311,247.992118556341,68.1708134310377,270020.88,664435.84,12,8,77.83
NS76SW_453,1,0_7,4.80875951502,-9999.0,-9999.0,-9999.0,70.2649993896,3055.53194920295,239.97475187046,270497.52,664464.87,28,16,70.265
NS76SW_46,1,0_7,5.11694807165,-9999.0,-9999.0,-9999.0,72.6119995117,232.230696657457,75.1291596051337,270614.7,664917.99,36,20,72.612
NS76SW_460,1,0_7,5.85839012007,-9999.0,-9999.0,-9999.0,77.1529998779,224.620593137185,66.4143175920249,270039.93,664415.06,12,8,77.153
NS76SW_466,1,0_7,5.81352093345,-9999.0,-9999.0,-9999.0,70.3430023193,458.906134200702,88.9561205678859,270491.39,664398.82,12,8,70.343
NS76SW_467,1,0_7,5.51492098107,-9999.0,-9999.0,-9999.0,75.8619995117,300.644658291956,82.3382949779543,270079.78,664400.33,28,16,75.862
NS76SW_468,1,0_7,5.40006223548,-9999.0,-9999.0,-9999.0,75.5469970703,281.7235894493,79.0203671350382,270098.5,664376.25,20,12,75.547
NS76SW_47,1,0_7,5.73393802643,-9999.0,-9999.0,-9999.0,73.5039978027,102.156554849794,40.4331407443205,270257.13,664914.07,12,8,73.504
NS76SW_48,1,0_7,5.80241123755,-9999.0,-9999.0,-9999.0,72.7419967651,101.597442408367,41.540308688447,270510.24,664913.63,20,12,72.742
NS76SW_49,1,0_7,5.80081340386,-9999.0,-9999.0,-9999.0,72.841003418,100.014919735016,41.2544815231313,270395.59,664912.6,20,12,72.841
NS76SW_5,1,0_7,5.80543645814,-9999.0,-9999.0,-9999.0,72.8150024414,114.080954019801,43.215181637779,270417.71,664995.09,12,8,72.815
NS76SW_51,1,0_7,6.64057204303,-9999.0,-9999.0,-9999.0,73.7040023804,108.23553387867,41.8692270654064,270245.46,664908.49,12,8,73.704
NS76SW_52,1,0_7,5.18414756731,-9999.0,-9999.0,-9999.0,72.5049972534,139.066914574744,54.3981965543532,270463.84,664910.56,28,16,72.505
NS76SW_53,1,0_7,6.49607650017,-9999.0,-9999.0,-9999.0,73.81199646,111.158871057506,42.416284155798,270301.32,664906.16,12,8,73.812
NS76SW_54,1,0_7,5.66477108636,-9999.0,-9999.0,-9999.0,72.8229980469,115.723217028485,43.2366604159406,270385.39,664906.42,12,8,72.823
NS76SW_55,1,0_7,5.72243005082,-9999.0,-9999.0,-9999.0,72.5810012817,104.149397433319,41.7346534664947,270452.67,664905.09,12,8,72.581
NS76SW_56,1,0_7,5.75442213401,-9999.0,-9999.0,-9999.0,72.7419967651,100.214336623409,41.7929604729173,270516.33,664902.52,20,12,72.742
NS76SW_58,1,0_7,5.9122202795,-9999.0,-9999.0,-9999.0,72.2760009766,166.460342429295,59.2773982943735,270613.03,664902.53,36,20,72.276
NS76SW_59,1,0_7,5.79246266683,-9999.0,-9999.0,-9999.0,72.7170028687,117.044032996116,44.6079735864106,270373.23,664901.88,20,12,72.717
NS76SW_6,1,0_7,5.0252906573,-9999.0,-9999.0,-9999.0,73.5490036011,147.68364071882,58.0627913752037,270484.62,664991.59,36,20,73.549
NS76SW_60,1,0_7,5.46333342096,-9999.0,-9999.0,-9999.0,72.6549987793,134.080859705479,48.8772390886204,270360.14,664898.14,20,12,72.655
NS76SW_61,1,0_7,5.2302653273,-9999.0,-9999.0,-9999.0,72.6600036621,117.088717410955,49.5576517062354,270441.94,664899.45,28,16,72.66
NS76SW_62,1,0_7,6.50961670204,-9999.0,-9999.0,-9999.0,73.5240020752,111.476491079536,42.4154158559706,270306.53,664895.25,12,8,73.524
NS76SW_63,1,0_7,5.25221329966,-9999.0,-9999.0,-9999.0,72.65599823,158.693262154634,51.1340356654205,270345.64,664896.39,20,12,72.656
NS76SW_64,1,0_7,5.778579156,-9999.0,-9999.0,-9999.0,72.7032470703,104.469495357179,42.1184512510976,270488.74,664893.91,20,12,72.703
NS76SW_65,1,0_7,5.88662316866,-9999.0,-9999.0,-9999.0,72.7289962769,112.510894588565,42.4473239214522,270330.96,664892.17,12,8,72.729
NS76SW_66,1,0_7,5.39808911616,-9999.0,-9999.0,-9999.0,72.8759994507,128.374005182114,51.8974526593158,270524.26,664892.26,28,16,72.876
NS76SW_67,1,0_7,5.35138611979,-9999.0,-9999.0,-9999.0,73.8710021973,157.976978438677,56.1941950611196,270236.94,664892.73,28,16,73.871
NS76SW_68,1,0_7,5.32977471267,-9999.0,-9999.0,-9999.0,74.0042495728,157.53200419882,54.9149515300773,270222.66,664890.98,20,12,74.004
NS76SW_69,1,0_7,5.82501029968,-9999.0,-9999.0,-9999.0,72.7379989624,101.174782289041,42.2756991904967,270478.76,664888.21,20,12,72.738
NS76SW_71,1,0_7,5.94939106401,-9999.0,-9999.0,-9999.0,74.0865478516,105.031372072591,40.9976779225719,270207.79,664886.62,12,8,74.087
NS76SW_72,1,0_7,5.32633788087,-9999.0,-9999.0,-9999.0,72.6380004883,700.261479007346,220.821273715062,270555.42,664906.77,124,64,72.638
NS76SW_73,1,0_7,3.01765914758,-9999.0,-9999.0,-9999.0,73.452003479,49.2917699940262,28.158177652111,270296.1,664883.55,12,8,73.452
NS76SW_74,1,0_7,4.01971925254,-9999.0,-9999.0,-9999.0,74.2259979248,148.991763500596,52.0546559040098,270078.57,664884.69,28,16,74.226
NS76SW_75,1,0_7,6.23362208499,-9999.0,-9999.0,-9999.0,73.3789978027,100.522435484419,40.1155131922394,270311.68,664883.87,12,8,73.379
NS76SW_76,1,0_7,5.79714352376,-9999.0,-9999.0,-9999.0,72.8239974976,113.392864898428,42.7879023015053,270533.66,664884.28,12,8,72.824
NS76SW_77,1,0_7,4.99572407971,-9999.0,-9999.0,-9999.0,72.9359970093,191.990284936215,67.1130787181001,270400.94,664880.25,28,16,72.936
NS76SW_78,1,0_7,5.87020972821,-9999.0,-9999.0,-9999.0,74.125,108.660469086688,42.4010639335102,270196.13,664879.95,20,12,74.125
NS76SW_79,1,0_7,5.22526039006,-9999.0,-9999.0,-9999.0,72.8170013428,425.513969996648,134.664542343498,270436.09,664886.32,76,40,72.817
NS76SW_8,1,0_7,5.45179371687,-9999.0,-9999.0,-9999.0,72.7649993896,281.348564918312,85.4437554121976,270399.25,664985.85,36,20,72.765
NS76SW_80,1,0_7,6.02302768698,-9999.0,-9999.0,-9999.0,74.2580032349,99.7787394488254,39.9557622841165,270184.92,664873.61,12,8,74.258
NS76SW_81,1,0_7,5.19853005462,-9999.0,-9999.0,-9999.0,72.5800018311,167.165209465415,52.313320253514,270576.03,664871.88,16,10,72.58
NS76SW_82,1,0_7,5.06455535627,-9999.0,-9999.0,-9999.0,72.6969985962,148.603169826758,52.5950715149697,270538.92,664871.1,20,12,72.697
NS76SW_84,1,0_7,6.01145216029,-9999.0,-9999.0,-9999.0,74.4130020142,108.09589266848,41.603663837473,270173.9,664866.94,12,8,74.413
NS76SW_85,1,0_7,5.34013705509,-9999.0,-9999.0,-9999.0,72.6999969482,158.718877066388,54.5515986014456,270380.24,664867.66,20,12,72.7
NS76SW_86,1,0_7,5.21696502038,-9999.0,-9999.0,-9999.0,72.7730026245,158.373579144346,51.3628822472307,270364.65,664865.69,20,12,72.773
NS76SW_87,1,0_7,5.81233117086,-9999.0,-9999.0,-9999.0,73.7590026855,127.245983907715,48.9549050313623,270162.24,664861.01,20,12,73.759
NS76SW_88,1,0_7,5.13354006121,-9999.0,-9999.0,-9999.0,72.9300003052,163.738822289864,52.162769454599,270336.48,664859.79,20,12,72.93
NS76SW_89,1,0_7,6.55349302179,-9999.0,-9999.0,-9999.0,72.8830032349,109.391193784983,42.0810475698432,270322.58,664859.06,12,8,72.883
NS76SW_9,1,0_7,5.05115098757,-9999.0,-9999.0,-9999.0,73.7630004883,228.410502654562,73.7999167761497,270573.5,664984.38,36,20,73.763
NS76SW_90,1,0_7,5.09693208681,-9999.0,-9999.0,-9999.0,72.8550033569,303.681321669678,107.878294343172,270472.74,664868.27,44,24,72.855
NS76SW_91,1,0_7,5.98308166193,-9999.0,-9999.0,-9999.0,72.9359970093,100.721125358971,40.1471525290174,270310.34,664857.04,12,8,72.936
NS76SW_92,1,0_7,6.26054803147,-9999.0,-9999.0,-9999.0,73.638999939,313.869720639239,98.8713565072214,270243.27,664858.05,44,24,73.639
NS76SW_93,1,0_7,5.22097709563,-9999.0,-9999.0,-9999.0,72.733001709,145.924930234699,52.1885528518072,270543.95,664857.22,20,12,72.733
NS76SW_94,1,0_7,5.21161891559,-9999.0,-9999.0,-9999.0,74.1839981079,167.338631109842,59.3510101335315,270218.17,664858.53,36,20,74.184
NS76SW_95,1,0_7,5.8921152569,-9999.0,-9999.0,-9999.0,73.1149978638,110.879441836271,42.1268209748941,270297.57,664854.9,12,8,73.115
NS76SW_96,1,0_7,4.87231737851,-9999.0,-9999.0,-9999.0,72.875,252.7482394569,77.6605232266885,270449.27,664857.62,36,20,72.875
NS76SW_97,1,0_7,5.59415810725,-9999.0,-9999.0,-9999.0,73.3700027466,331.815607298553,98.8396025075239,270275.0,664853.48,44,24,73.37
NS76SW_98,1,0_7,5.19056563209,-9999.0,-9999.0,-9999.0,72.8450012207,338.517832355811,105.165435859318,270409.91,664860.39,44,24,72.845
NS76SW_99,1,0_7,6.27262866444,-9999.0,-9999.0,-9999.0,74.233001709,114.449989865529,42.8264071672975,270204.64,664850.27,12,8,74.233
NS76SW_2,1,0_8,5.42542384221,-9999.0,-9999.0,-9999.0,73.0670013428,203.13853494233,62.0965364454096,270504.47,665002.33,32,18,73.067
NS76SW_2252,1,1_0,3.81899193838,-9999.0,-9999.0,-9999.0,50.2789993286,39.3169630077374,33.9259376128107,271143.66,660618.78,28,16,50.279
NS76SW_2253,1,1_0,6.32435864697,-9999.0,-9999.0,-9999.0,52.6360015869,130.822023772484,50.3640577130805,271186.0,660621.16,20,12,52.636
NS76SW_2255,1,1_0,5.94933276706,-9999.0,-9999.0,-9999.0,53.7299995422,107.063879809088,43.0830235775873,271205.66,660617.69,20,12,53.73
NS76SW_2257,1,1_0,3.86200856553,-9999.0,-9999.0,-9999.0,53.9420013428,98.0618728391726,40.5631162954123,271219.95,660611.7,12,8,53.942
NS76SW_2261,1,1_0,6.88241690104,-9999.0,-9999.0,-9999.0,49.5379981995,250.430039164901,71.6152042262152,271148.24,660606.75,36,20,49.538
NS76SW_2264,1,1_0,3.71451196438,-9999.0,-9999.0,-9999.0,53.7109985352,147.199941211424,48.4737521040738,271237.38,660604.97,12,8,53.711
NS76SW_2266,1,1_0,5.98540414376,-9999.0,-9999.0,-9999.0,49.6739997864,357.847853161344,137.503139586183,271172.95,660592.96,76,40,49.674
NS76SW_2267,1,1_0,3.28035490016,-9999.0,-9999.0,-9999.0,47.9469985962,76.234652597957,34.951038879082,271140.39,660577.65,12,8,47.947
NS76SW_2268,1,1_0,3.75085024087,-9999.0,-9999.0,-9999.0,52.2799987793,131.255230937587,48.1149503627332,271241.57,660576.29,20,12,52.28
NS76SW_2269,1,1_0,6.11461562696,-9999.0,-9999.0,-9999.0,50.9319992065,93.3969693105766,41.9021760384669,271207.39,660572.53,20,12,50.932
NS76SW_2270,1,1_0,5.93950549316,-9999.0,-9999.0,-9999.0,51.4962005615,96.8424086221046,42.5741919333906,271218.1,660571.47,20,12,51.496
NS76SW_2271,1,1_0,6.73281642263,-9999.0,-9999.0,-9999.0,48.6949996948,133.127807944049,47.3988731674602,271162.22,660569.42,12,8,48.695
NS76SW_2272,1,1_0,3.19958178942,-9999.0,-9999.0,-9999.0,47.6399993896,136.715251882553,50.200514507072,271133.47,660567.42,28,16,47.64
NS76SW_2273,1,1_0,5.2297323425,-9999.0,-9999.0,-9999.0,51.7560005188,126.675496552617,49.7628247026048,271229.75,660567.12,20,12,51.756
NS76SW_2276,1,1_0,5.78958208675,-9999.0,-9999.0,-9999.0,48.5830001831,102.529947282723,45.0877459910128,271156.57,660558.2,28,16,48.583
NS76SW_2279,1,1_0,6.16208039159,-9999.0,-9999.0,-9999.0,47.4869995117,94.5682483299416,41.8151117634786,271152.19,660549.2,20,12,47.487
NS76SW_2281,1,1_0,2.48559259485,-9999.0,-9999.0,-9999.0,38.6749992371,31.4787375007955,25.6658507585169,270626.44,660544.84,8,6,38.675
NS76SW_2282,1,1_0,5.92651241615,-9999.0,-9999.0,-9999.0,50.3300018311,144.8686345488,53.8709393993181,271216.51,660549.4,36,20,50.33
NS76SW_2284,1,1_0,6.29819036925,-9999.0,-9999.0,-9999.0,46.4799995422,92.7362552747431,41.4350323881672,271143.0,660540.11,20,12,46.48
NS76SW_2287,1,1_0,3.89865112305,-9999.0,-9999.0,-9999.0,48.3930015564,95.9534116870668,40.1034444127831,271185.25,660537.3,12,8,48.393
NS76SW_2290,1,1_0,5.67585183624,-9999.0,-9999.0,-9999.0,45.8489990234,104.588621255038,44.2515523860698,271137.72,660531.07,20,12,45.849
NS76SW_2292,1,1_0,2.49437513733,-9999.0,-9999.0,-9999.0,38.3520011902,66.5593591474407,33.3270529868133,270646.35,660527.42,12,8,38.352
NS76SW_2294,1,1_0,6.30479038123,-9999.0,-9999.0,-9999.0,45.2400016785,92.5593336840807,41.3564335393229,271127.87,660523.13,20,12,45.24
NS76SW_2295,1,1_0,3.58512045591,-9999.0,-9999.0,-9999.0,49.2630004883,172.609692930725,64.3365657745654,271199.49,660524.5,36,20,49.263
NS76SW_2297,1,1_0,6.17194013317,-9999.0,-9999.0,-9999.0,44.7999992371,100.047847032167,40.7727133060503,271123.11,660512.36,12,8,44.8
NS76SW_2303,1,1_0,2.43809236375,-9999.0,-9999.0,-9999.0,38.1430015564,169.122018863659,67.4641314879407,270660.02,660511.42,12,8,38.143
NS76SW_2306,1,1_0,3.08567423254,-9999.0,-9999.0,-9999.0,38.7319984436,36.6979312497424,25.7536552859591,270723.76,660499.76,12,8,38.732
NS76SW_2309,1,1_0,6.13190569983,-9999.0,-9999.0,-9999.0,46.53099823,343.375426710441,113.229638555627,271171.97,660512.45,60,32,46.531
NS76SW_2312,1,1_0,6.53029168773,-9999.0,-9999.0,-9999.0,44.4510002136,123.341024476235,45.0188641932051,271125.31,660497.08,12,8,44.451
NS76SW_2313,1,1_0,2.47399570809,-9999.0,-9999.0,-9999.0,37.8339996338,119.076709249519,49.1209371405829,270676.92,660493.74,12,8,37.834
NS76SW_2315,1,1_0,6.20918343284,-9999.0,-9999.0,-9999.0,45.8230018616,99.7926673012649,42.5542976268374,271160.43,660488.96,20,12,45.823
NS76SW_2320,1,1_0,5.53129229414,-9999.0,-9999.0,-9999.0,45.2350006104,113.152792485424,42.2826702865774,271142.46,660486.11,16,10,45.235
NS76SW_2323,1,1_0,2.82692548207,-9999.0,-9999.0,-9999.0,37.2719993591,73.386174362622,39.7267584965493,270657.32,660479.85,12,8,37.272
NS76SW_2328,1,1_0,2.97998115313,-9999.0,-9999.0,-9999.0,37.516998291,335.623273006852,104.404995696891,270702.1,660481.3,68,36,37.517
NS76SW_2338,1,1_0,3.9229180757,-9999.0,-9999.0,-9999.0,38.0719985962,151.653726610114,50.6391331605121,270742.83,660465.4,12,8,38.072
NS76SW_2339,1,1_0,3.92741459034,-9999.0,-9999.0,-9999.0,38.0750007629,139.874569526938,75.5244400937933,270755.74,660466.16,28,16,38.075
NS76SW_2343,1,1_0,3.70059627957,-9999.0,-9999.0,-9999.0,41.1069984436,59.6128274954617,30.9156640724072,271054.0,660454.27,12,8,41.107
NS76SW_2344,1,1_0,2.45474911644,-9999.0,-9999.0,-9999.0,37.9410018921,27.9031275016653,25.826986124022,270728.7,660450.0,16,10,37.941
NS76SW_2346,1,1_0,3.99111003295,-9999.0,-9999.0,-9999.0,37.9840011597,93.4402164864412,61.2155211975936,270740.01,660455.04,28,16,37.984
NS76SW_2347,1,1_0,3.92493408712,-9999.0,-9999.0,-9999.0,38.013999939,197.355871393227,60.4107877462788,270752.16,660452.51,28,16,38.014
NS76SW_2348,1,1_0,4.02906950258,-9999.0,-9999.0,-9999.0,37.9017486572,35.9251216157333,31.6266802697588,270740.3,660447.34,12,8,37.902
NS76SW_2353,1,1_0,5.73983582956,-9999.0,-9999.0,-9999.0,39.5069999695,358.987533814935,101.547921933646,271033.44,660447.6,44,24,39.507
NS76SW_2369,1,1_0,4.01890252265,-9999.0,-9999.0,-9999.0,37.3969993591,223.83058403313,68.1233510001769,270795.83,660422.37,48,26,37.397
NS76SW_2370,1,1_0,3.83168390555,-9999.0,-9999.0,-9999.0,37.7560005188,33.6242032541449,31.2905303773383,270781.68,660418.42,12,8,37.756
NS76SW_2378,1,1_0,3.92832920207,-9999.0,-9999.0,-9999.0,37.8209991455,371.728113641745,90.4401132890939,270761.91,660414.82,48,26,37.821
NS76SW_2387,1,1_0,5.77418207924,-9999.0,-9999.0,-9999.0,36.688999176,488.609357306053,110.765002261221,270646.38,660406.22,52,28,36.689
NS76SW_2389,1,1_0,7.01791029386,-9999.0,-9999.0,-9999.0,36.5410003662,2826.55601985117,272.291413750176,270668.28,660432.45,80,42,36.541
NS76SW_2394,1,1_0,2.6276797533,-9999.0,-9999.0,-9999.0,37.2790985107,46.7676241643154,27.7426401067707,270661.91,660392.45,12,8,37.279
NS76SW_2400,1,1_0,6.22966148291,-9999.0,-9999.0,-9999.0,37.2550010681,114.171086994453,42.7412404664181,270652.29,660389.55,12,8,37.255
NS76SW_2404,1,1_0,4.00585309838,-9999.0,-9999.0,-9999.0,39.8619995117,468.951662607674,145.569938667175,270997.29,660397.11,72,38,39.862
NS76SW_2406,1,1_0,5.30388515099,-9999.0,-9999.0,-9999.0,39.5810012817,294.777694597646,78.9079848926868,270968.45,660391.5,32,18,39.581
NS76SW_2411,1,1_0,7.13608363407,-9999.0,-9999.0,-9999.0,40.3989982605,311.575912261958,88.4488099979636,270930.17,660389.84,36,20,40.399
NS76SW_2413,1,1_0,2.71029597789,-9999.0,-9999.0,-9999.0,40.0909996033,28.6957799966733,22.0989216545215,270986.02,660377.06,12,8,40.091
NS76SW_2420,1,1_0,4.93492269516,-9999.0,-9999.0,-9999.0,36.3660011292,127.387289038732,59.4576247920858,270656.11,660375.03,28,16,36.366
NS76SW_2421,1,1_0,3.73581624547,-9999.0,-9999.0,-9999.0,40.2579994202,62.8168785178994,33.6081211594617,270934.61,660371.53,20,12,40.258
NS76SW_2434,1,1_0,3.84869461857,-9999.0,-9999.0,-9999.0,40.361000061,226.88994969524,64.9399544177411,270966.8,660361.29,12,8,40.361
NS76SW_2448,1,1_0,2.55240644607,-9999.0,-9999.0,-9999.0,37.4280014038,29.7837375001247,23.7748095021332,270802.4,660335.96,12,8,37.428
NS76SW_2453,1,1_0,3.22959422206,-9999.0,-9999.0,-9999.0,37.7980003357,28.7404402006215,21.452166268865,270626.34,660331.09,12,8,37.798
NS76SW_2468,1,1_0,7.45701347499,-9999.0,-9999.0,-9999.0,38.1380004883,1553.89140277043,158.304518699072,270877.92,660337.57,12,8,38.138
NS76SW_2478,1,1_0,4.17714285549,-9999.0,-9999.0,-9999.0,38.3429985046,75.6175894119539,38.7977781790748,270705.94,660303.9,12,8,38.343
NS76SW_2481,1,1_0,2.81128152212,-9999.0,-9999.0,-9999.0,37.797000885,1137.61284177855,219.171248799744,270662.03,660323.47,116,60,37.797
NS76SW_2483,1,1_0,5.50948799258,-9999.0,-9999.0,-9999.0,37.4410018921,723.903813824026,137.777238621053,270798.05,660316.35,52,28,37.441
NS76SW_2484,1,1_0,4.92992116249,-9999.0,-9999.0,-9999.0,37.3400001526,124.784236203897,49.4844601364806,270768.46,660301.45,28,16,37.34
NS76SW_2490,1,1_0,2.66981345338,-9999.0,-9999.0,-9999.0,37.3590011597,39.5714754861356,28.9254854078811,270773.62,660289.8,12,8,37.359
NS76SW_2493,1,1_0,4.40526084682,-9999.0,-9999.0,-9999.0,38.3860015869,237.445981666756,60.2012494521087,270704.58,660288.19,20,12,38.386
NS76SW_2503,1,1_0,6.79708694873,-9999.0,-9999.0,-9999.0,38.0929985046,1552.93346818657,179.987328187564,270843.56,660296.82,44,24,38.093
NS76SW_2507,1,1_0,2.68581530817,-9999.0,-9999.0,-9999.0,37.5620002747,98.5618829215407,39.7177762678816,270786.97,660263.91,12,8,37.562
NS76SW_2514,1,1_0,2.74853124374,-9999.0,-9999.0,-9999.0,37.5530014038,98.8767661825744,39.8262628283948,270777.2,660259.35,12,8,37.553
NS76SW_2523,1,1_0,7.0359815573,-9999.0,-9999.0,-9999.0,39.016998291,1396.37645372059,161.825722744031,270920.91,660271.2,36,20,39.017
NS76SW_2532,1,1_0,3.91873043776,-9999.0,-9999.0,-9999.0,39.6969985962,33.7331694788541,28.2399063787368,270970.7,660229.11,12,8,39.697
NS76SW_2563,1,1_0,6.76823053912,-9999.0,-9999.0,-9999.0,38.1829986572,3559.62401669894,354.213385915361,270885.83,660208.72,108,56,38.183
NS76SW_2575,1,1_0,6.91572150394,-9999.0,-9999.0,-9999.0,39.6990013123,4916.20911018628,356.038402252344,271019.01,660211.07,76,40,39.699
NS76SW_2588,1,1_0,6.62149829577,-9999.0,-9999.0,-9999.0,38.1730003357,262.308187732661,78.1871385349824,270851.73,660155.54,36,20,38.173
NS76SW_2589,1,1_0,6.08513891102,-9999.0,-9999.0,-9999.0,38.9659996033,541.630401918271,108.191951111831,270933.37,660163.88,20,12,38.966
NS76SW_2599,1,1_0,7.57595751645,-9999.0,-9999.0,-9999.0,37.5429992676,5863.94268968239,372.494430988311,270744.92,660192.34,60,32,37.543
NS76SW_2615,1,1_0,6.13215979482,-9999.0,-9999.0,-9999.0,38.016998291,257.651579755561,68.8290950306815,270852.3,660123.13,20,12,38.017
NS76SW_2627,1,1_0,8.2188781568,-9999.0,-9999.0,-9999.0,38.5060005188,1524.618357915,190.041390995006,271026.99,660123.15,68,36,38.506
NS76SW_2635,1,1_0,6.51626909913,-9999.0,-9999.0,-9999.0,38.3969993591,243.457578373281,65.266355831698,270853.24,660099.01,32,18,38.397
NS76SW_2639,1,1_0,2.46519627291,-9999.0,-9999.0,-9999.0,38.8819999695,28.6439775025919,22.4182070373482,270874.04,660090.9,12,8,38.882
NS76SW_2649,1,1_0,4.870873909,-9999.0,-9999.0,-9999.0,38.8759994507,207.790247929709,63.1101806692263,270858.62,660076.93,44,24,38.876
NS76SW_2659,1,1_0,7.20456248309,-9999.0,-9999.0,-9999.0,36.6669998169,5503.89233293662,310.854301735392,270772.55,660087.57,60,32,36.667
NS76SW_2662,1,1_0,3.8329743917,-9999.0,-9999.0,-9999.0,39.1430015564,30.9302424120978,27.9750657243666,270951.35,660036.64,12,8,39.143
NS76SW_2668,1,1_0,6.11630871898,-9999.0,-9999.0,-9999.0,38.6689987183,1744.25589472166,220.284924542195,270894.04,660051.39,76,40,38.669
NS76SW_1856,1,1_1,2.11731201468,-9999.0,-9999.0,-9999.0,74.1959991455,27.2831512493948,21.2814673967502,270911.82,661246.91,12,8,74.196
NS76SW_1859,1,1_1,7.1776567837,-9999.0,-9999.0,-9999.0,71.1350021362,163.861732239248,54.3771784853446,271113.86,661247.06,12,8,71.135
NS76SW_1862,1,1_1,2.28480552372,-9999.0,-9999.0,-9999.0,72.4339981079,81.2801718842654,40.2728486068435,270780.16,661243.42,12,8,72.434
NS76SW_1866,1,1_1,6.52724013556,-9999.0,-9999.0,-9999.0,73.8639984131,244.291420388411,68.5665397395882,270889.78,661244.81,12,8,73.864
NS76SW_1867,1,1_1,4.53999246066,-9999.0,-9999.0,-9999.0,69.5800018311,76.7013439740983,35.1738238488921,271207.56,661239.81,12,8,69.58
NS76SW_1870,1,1_1,7.14519488866,-9999.0,-9999.0,-9999.0,73.0559997559,282.473591469725,75.9257490766416,271049.18,661242.99,12,8,73.056
NS76SW_1872,1,1_1,6.83638109819,-9999.0,-9999.0,-9999.0,70.0459976196,163.09444239604,54.2130256115981,271169.33,661239.26,12,8,70.046
NS76SW_1879,1,1_1,7.15577253041,-9999.0,-9999.0,-9999.0,71.6579971313,195.13971879196,60.2453617271206,271077.6,661232.14,12,8,71.658
NS76SW_1880,1,1_1,6.42332322098,-9999.0,-9999.0,-9999.0,74.2570037842,305.903405556683,77.964730868276,270912.48,661230.78,20,12,74.257
NS76SW_1886,1,1_1,6.05060899628,-9999.0,-9999.0,-9999.0,70.8980026245,83.5210730101338,37.072833685935,271246.23,661220.87,12,8,70.898
NS76SW_1888,1,1_1,7.28485590775,-9999.0,-9999.0,-9999.0,70.3870010376,162.105606648432,54.1763167624439,271100.12,661220.62,12,8,70.387
NS76SW_1890,1,1_1,5.0326434356,-9999.0,-9999.0,-9999.0,74.2320022583,404.737143181095,82.5224276167736,270933.15,661226.3,12,8,74.232
NS76SW_1897,1,1_1,11.7433034978,-9999.0,-9999.0,-9999.0,71.1600036621,695.025057190149,157.078259341557,270764.95,661221.82,72,38,71.16
NS76SW_1899,1,1_1,4.93142628079,-9999.0,-9999.0,-9999.0,68.6269989014,390.140896347581,105.419471907269,270678.44,661223.04,12,8,68.627
NS76SW_1900,1,1_1,6.94628229786,-9999.0,-9999.0,-9999.0,69.9950027466,282.944770205595,75.9284330902511,271183.87,661210.97,12,8,69.995
NS76SW_1902,1,1_1,2.47919809002,-9999.0,-9999.0,-9999.0,72.9049987793,37.6854150065642,24.7519237357014,270996.63,661204.12,12,8,72.905
NS76SW_1904,1,1_1,6.60993029659,-9999.0,-9999.0,-9999.0,70.3880004883,134.224221373285,46.7198949541137,271220.0,661207.05,12,8,70.388
NS76SW_1907,1,1_1,4.20716547269,-9999.0,-9999.0,-9999.0,74.0019989014,352.554071584597,92.4494779231884,270948.69,661209.68,44,24,74.002
NS76SW_1911,1,1_1,6.63981637071,-9999.0,-9999.0,-9999.0,70.547996521,133.361034557985,46.6419967079846,271235.59,661197.96,12,8,70.548
NS76SW_1916,1,1_1,7.07421524933,-9999.0,-9999.0,-9999.0,73.1309967041,187.275868846614,58.9352669379979,270968.64,661191.51,12,8,73.131
NS76SW_1919,1,1_1,7.06712146873,-9999.0,-9999.0,-9999.0,68.9879989624,199.680576475755,58.9928909430841,271111.32,661192.41,12,8,68.988
NS76SW_1922,1,1_1,7.2638530062,-9999.0,-9999.0,-9999.0,71.8720016479,233.159315368145,69.7797858473056,270996.06,661185.46,28,16,71.872
NS76SW_1927,1,1_1,6.57575894825,-9999.0,-9999.0,-9999.0,70.1549987793,135.160553870246,46.9411469790945,271208.86,661184.23,12,8,70.155
NS76SW_1929,1,1_1,7.12515031246,-9999.0,-9999.0,-9999.0,69.3280029297,233.917392921183,69.7837920682949,271167.05,661183.72,28,16,69.328
NS76SW_1932,1,1_1,5.07827483283,-9999.0,-9999.0,-9999.0,72.0609970093,22.3109175020322,26.0465291456151,270898.68,661175.55,8,6,72.061
NS76SW_1935,1,1_1,2.29608038825,-9999.0,-9999.0,-9999.0,70.1330032349,52.1408085836728,31.9678001291949,270829.06,661174.03,20,12,70.133
NS76SW_1936,1,1_1,7.07226011215,-9999.0,-9999.0,-9999.0,68.8420028687,197.59655479079,58.325329401344,271139.17,661178.44,12,8,68.842
NS76SW_1937,1,1_1,7.3318477039,-9999.0,-9999.0,-9999.0,70.5199966431,243.361261939263,71.479295131289,271022.82,661177.72,36,20,70.52
NS76SW_1941,1,1_1,2.34189386344,-9999.0,-9999.0,-9999.0,67.8339996338,99.2664912429012,44.9824115880366,270742.64,661170.04,12,8,67.834
NS76SW_1944,1,1_1,6.37482959299,-9999.0,-9999.0,-9999.0,72.1949996948,416.067572859026,107.56618038478,270924.27,661175.3,28,16,72.195
NS76SW_1947,1,1_1,3.53423406207,-9999.0,-9999.0,-9999.0,70.9560012817,51.5457072923529,30.5891857383945,270899.45,661164.57,20,12,70.956
NS76SW_1948,1,1_1,6.55651819616,-9999.0,-9999.0,-9999.0,70.172996521,134.144748200294,46.7204053163501,271202.16,661167.71,12,8,70.173
NS76SW_1949,1,1_1,6.95724677417,-9999.0,-9999.0,-9999.0,68.6709976196,237.875878003154,71.0014462558923,271099.21,661171.19,28,16,68.671
NS76SW_1951,1,1_1,11.966713013,-9999.0,-9999.0,-9999.0,67.3089981079,700.900151358923,159.178274940071,270670.44,661175.4,84,44,67.309
NS76SW_1952,1,1_1,4.97263539665,-9999.0,-9999.0,-9999.0,68.0199966431,401.432204628006,105.710393788559,270771.92,661176.26,12,8,68.02
NS76SW_1956,1,1_1,7.19503871758,-9999.0,-9999.0,-9999.0,69.7060012817,228.547166066363,69.532758306798,271043.98,661160.33,28,16,69.706
NS76SW_1959,1,1_1,7.03646993791,-9999.0,-9999.0,-9999.0,68.3980026245,243.339050924886,70.9335023745607,271129.47,661156.64,28,16,68.398
NS76SW_1960,1,1_1,6.47755148508,-9999.0,-9999.0,-9999.0,70.0530014038,136.408503675034,47.1612893440149,271195.43,661151.04,12,8,70.053
NS76SW_1961,1,1_1,3.4675739444,-9999.0,-9999.0,-9999.0,71.859664917,253.55012626826,79.389292590928,270959.28,661156.99,36,20,71.86
NS76SW_1963,1,1_1,6.99114318966,-9999.0,-9999.0,-9999.0,68.6330032349,199.160514970733,58.7996489813851,271089.14,661148.89,12,8,68.633
NS76SW_1966,1,1_1,6.99760438958,-9999.0,-9999.0,-9999.0,69.0419998169,200.333254826056,58.9586519985428,271064.08,661142.46,12,8,69.042
NS76SW_1970,1,1_1,11.8940879998,-9999.0,-9999.0,-9999.0,66.3280029297,708.201300879488,161.906931839462,270727.7,661146.6,92,48,66.328
NS76SW_1971,1,1_1,3.58968851037,-9999.0,-9999.0,-9999.0,70.3420028687,218.771098042431,63.2477665774904,270957.41,661136.99,20,12,70.342
NS76SW_1973,1,1_1,6.5649627858,-9999.0,-9999.0,-9999.0,70.1520004272,135.528205832772,46.9260155130132,271188.8,661134.6,12,8,70.152
NS76SW_1974,1,1_1,7.04838330877,-9999.0,-9999.0,-9999.0,68.3830032349,199.543429602476,58.6410352646996,271116.91,661134.58,12,8,68.383
NS76SW_1975,1,1_1,11.7929102936,-9999.0,-9999.0,-9999.0,67.7310028076,936.742932849342,199.032365493652,270831.85,661144.27,92,48,67.731
NS76SW_1977,1,1_1,6.79749460234,-9999.0,-9999.0,-9999.0,68.8570022583,344.816010623493,97.9630957650086,270892.97,661129.26,12,8,68.857
NS76SW_1979,1,1_1,2.49051377336,-9999.0,-9999.0,-9999.0,69.3970031738,45.8269612474673,27.4138043583582,270934.16,661115.47,12,8,69.397
NS76SW_1980,1,1_1,4.89830883208,-9999.0,-9999.0,-9999.0,65.108001709,406.881367163977,105.995247108681,270783.04,661129.46,12,8,65.108
NS76SW_1983,1,1_1,2.57560120242,-9999.0,-9999.0,-9999.0,68.3629989624,67.4201617941896,37.3254329109359,270949.84,661109.69,12,8,68.363
NS76SW_1985,1,1_1,7.18665625789,-9999.0,-9999.0,-9999.0,68.3949966431,204.21943463083,63.9241093265788,271126.24,661110.09,28,16,68.395
NS76SW_1990,1,1_1,4.05602521865,-9999.0,-9999.0,-9999.0,70.0260009766,310.266846350545,76.75486963948,271221.13,661106.12,12,8,70.026
NS76SW_1992,1,1_1,2.20587992872,-9999.0,-9999.0,-9999.0,63.8050003052,60.967876252428,32.4830641349091,270797.21,661096.48,12,8,63.805
NS76SW_1993,1,1_1,6.80133817901,-9999.0,-9999.0,-9999.0,66.9010009766,343.406482403664,98.0688880414973,270880.26,661103.83,12,8,66.901
NS76SW_1995,1,1_1,4.27125276056,-9999.0,-9999.0,-9999.0,68.3460006714,557.197681759632,143.158959875232,271068.43,661101.63,60,32,68.346
NS76SW_1996,1,1_1,4.2468794047,-9999.0,-9999.0,-9999.0,68.3000030518,770.781805256775,215.894620245031,271162.99,661104.73,76,40,68.3
NS76SW_1998,1,1_1,4.91742928495,-9999.0,-9999.0,-9999.0,64.2070007324,395.681256189651,105.201773406249,270840.04,661100.76,12,8,64.207
NS76SW_1999,1,1_1,7.0301539368,-9999.0,-9999.0,-9999.0,68.391998291,2111.1599990139,294.233198877555,271005.6,661112.48,76,40,68.392
NS76SW_2000,1,1_1,4.52242018631,-9999.0,-9999.0,-9999.0,60.21900177,204.761775084768,63.2460761914168,270696.19,661086.13,12,8,60.219
NS76SW_2002,1,1_1,6.08272390907,-9999.0,-9999.0,-9999.0,68.5540008545,119.040475221812,45.6468192511771,271073.92,661080.27,20,12,68.554
NS76SW_2005,1,1_1,6.79248060838,-9999.0,-9999.0,-9999.0,64.783996582,346.91255321041,98.4211727120702,270867.54,661078.39,12,8,64.784
NS76SW_2006,1,1_1,6.82140439207,-9999.0,-9999.0,-9999.0,70.3529968262,180.004393464645,55.8634208450024,271197.66,661072.67,12,8,70.353
NS76SW_2007,1,1_1,5.59571815476,-9999.0,-9999.0,-9999.0,68.9469985962,139.593716498618,55.7504798144567,271119.98,661069.57,28,16,68.947
NS76SW_2008,1,1_1,4.52283930386,-9999.0,-9999.0,-9999.0,60.2080001831,595.057818554567,147.718966936669,270730.06,661092.64,12,8,60.208
NS76SW_2010,1,1_1,5.32584989302,-9999.0,-9999.0,-9999.0,68.5780029297,149.20254709793,60.3041078557441,271101.8,661066.3,44,24,68.578
NS76SW_2012,1,1_1,6.3212637996,-9999.0,-9999.0,-9999.0,68.06300354,116.791410347233,45.7663174244037,271064.52,661061.86,20,12,68.063
NS76SW_2013,1,1_1,6.58092606117,-9999.0,-9999.0,-9999.0,70.18800354,184.183572301854,56.8825242789171,271217.69,661061.34,12,8,70.188
NS76SW_2014,1,1_1,6.33934582239,-9999.0,-9999.0,-9999.0,69.1439971924,134.750970974913,49.9581741534376,271139.72,661059.57,12,8,69.144
NS76SW_2015,1,1_1,4.59436002936,-9999.0,-9999.0,-9999.0,65.8949966431,173.320985352681,62.9497495582579,270912.86,661060.93,36,20,65.895
NS76SW_2016,1,1_1,4.45807769471,-9999.0,-9999.0,-9999.0,60.2400016785,208.998735642003,63.7130011302165,270748.6,661059.82,12,8,60.24
NS76SW_2017,1,1_1,11.797822718,-9999.0,-9999.0,-9999.0,62.4949989319,936.416819609239,205.240922747427,270793.22,661067.92,120,62,62.495
NS76SW_2018,1,1_1,6.15326363468,-9999.0,-9999.0,-9999.0,69.2099990845,124.977625193173,49.2966714223192,271157.82,661048.17,20,12,69.21
NS76SW_2019,1,1_1,6.25095348946,-9999.0,-9999.0,-9999.0,68.138999939,118.765872275452,45.7921412992029,271090.94,661048.82,20,12,68.139
NS76SW_2020,1,1_1,6.64401106016,-9999.0,-9999.0,-9999.0,63.1539993286,343.233317146269,98.2444952470561,270854.87,661052.98,12,8,63.154
NS76SW_2022,1,1_1,2.23753199556,-9999.0,-9999.0,-9999.0,60.0629997253,59.0445937472056,42.6294844528214,270763.43,661043.77,20,12,60.063
NS76SW_2026,1,1_1,6.03746066128,-9999.0,-9999.0,-9999.0,67.7129974365,174.312991551879,57.9717611892279,271055.32,661043.08,20,12,67.713
NS76SW_2027,1,1_1,5.9749125921,-9999.0,-9999.0,-9999.0,69.4440002441,124.145939552593,51.8333437266979,271176.21,661039.01,28,16,69.444
NS76SW_2028,1,1_1,2.31934201586,-9999.0,-9999.0,-9999.0,69.3669967651,49.6146049210879,29.2241550981048,271160.39,661032.43,16,10,69.367
NS76SW_2029,1,1_1,11.9514993296,-9999.0,-9999.0,-9999.0,59.3786659241,677.739688002283,154.462392623817,270698.41,661045.5,56,30,59.379
NS76SW_2032,1,1_1,4.14325305352,-9999.0,-9999.0,-9999.0,68.2630004883,672.224823662264,145.827978406583,271009.93,661045.7,68,36,68.263
NS76SW_2033,1,1_1,6.19930443521,-9999.0,-9999.0,-9999.0,69.736000061,124.402374146235,48.889055122993,271194.68,661029.16,20,12,69.736
NS76SW_2035,1,1_1,6.4745425415,-9999.0,-9999.0,-9999.0,67.8759994507,130.981853886702,48.9946117663643,271081.19,661030.8,12,8,67.876
NS76SW_2036,1,1_1,4.5553024734,-9999.0,-9999.0,-9999.0,60.577999115,201.231444154415,62.8827040930119,270805.35,661031.46,12,8,60.578
NS76SW_2037,1,1_1,2.68314229043,-9999.0,-9999.0,-9999.0,69.18800354,57.0220673056678,32.3348606780103,271155.98,661021.39,20,12,69.188
NS76SW_2038,1,1_1,6.25132828443,-9999.0,-9999.0,-9999.0,67.537361145,116.744644190936,45.7447594777616,271044.65,661023.48,20,12,67.537
NS76SW_2039,1,1_1,6.72494640477,-9999.0,-9999.0,-9999.0,61.9459991455,344.400888093369,98.1917793573216,270842.17,661027.54,12,8,61.946
NS76SW_2041,1,1_1,6.50344488525,-9999.0,-9999.0,-9999.0,69.9879989624,128.435936167099,48.782613326854,271214.1,661020.96,12,8,69.988
NS76SW_2043,1,1_1,2.09635178761,-9999.0,-9999.0,-9999.0,67.8793487549,27.7443524993056,30.8847766062178,271091.56,661014.37,24,14,67.879
NS76SW_2044,1,1_1,3.35059272921,-9999.0,-9999.0,-9999.0,68.5090026855,153.909582758632,50.2432894665403,270994.1,661017.55,20,12,68.509
NS76SW_2045,1,1_1,2.44088052244,-9999.0,-9999.0,-9999.0,69.8040008545,54.150393749209,33.7111790679317,271199.15,661011.04,8,6,69.804
NS76SW_2046,1,1_1,4.50083730696,-9999.0,-9999.0,-9999.0,68.8229980469,230.52937747048,67.4173273334519,271136.38,661013.44,28,16,68.823
NS76SW_2047,1,1_1,6.1665684676,-9999.0,-9999.0,-9999.0,70.1200027466,121.93617733518,51.2714770022998,271232.92,661011.39,28,16,70.12
NS76SW_2048,1,1_1,5.50767092608,-9999.0,-9999.0,-9999.0,67.6230010986,142.936068749425,49.4387141258327,271071.99,661011.6,24,14,67.623
NS76SW_2050,1,1_1,2.37781151136,-9999.0,-9999.0,-9999.0,66.6930007935,27.0554925013267,24.0268768576251,271019.84,661003.54,8,6,66.693
NS76SW_2051,1,1_1,6.21870306665,-9999.0,-9999.0,-9999.0,67.3420028687,117.192459882728,46.3203886457174,271032.42,661006.79,20,12,67.342
NS76SW_2052,1,1_1,5.6990060102,-9999.0,-9999.0,-9999.0,68.516998291,131.117757707896,51.7779069769696,271113.09,661004.48,28,16,68.517
NS76SW_2053,1,1_1,11.8600769594,-9999.0,-9999.0,-9999.0,59.1590003967,683.357184903356,153.998115310205,270753.45,661012.35,68,36,59.159
NS76SW_2056,1,1_1,6.32785950071,-9999.0,-9999.0,-9999.0,67.4250030518,109.743276316485,43.9420361159682,271063.17,660993.39,12,8,67.425
NS76SW_2057,1,1_1,5.81859931638,-9999.0,-9999.0,-9999.0,68.6920013428,130.349426018608,50.7688866014868,271140.69,660990.56,36,20,68.692
NS76SW_2059,1,1_1,4.85323405812,-9999.0,-9999.0,-9999.0,69.7559967041,268.089058374785,80.4284631380346,271195.92,660988.2,44,24,69.756
NS76SW_2060,1,1_1,11.6448186523,-9999.0,-9999.0,-9999.0,59.0900001526,446.778697147616,112.415815926856,270803.6,660992.44,44,24,59.09
NS76SW_2061,1,1_1,6.17717268349,-9999.0,-9999.0,-9999.0,68.4400024414,117.508829625913,47.0867552994153,271104.8,660986.21,28,16,68.44
NS76SW_2062,1,1_1,6.05507427207,-9999.0,-9999.0,-9999.0,69.4049987793,118.065217789537,45.7465258256342,271172.31,660983.41,20,12,69.405
NS76SW_2063,1,1_1,3.87159050475,-9999.0,-9999.0,-9999.0,66.5220031738,243.933296238427,73.4516539740822,271019.36,660987.07,36,20,66.522
NS76SW_2064,1,1_1,6.24341219869,-9999.0,-9999.0,-9999.0,67.3356018066,118.616281399901,47.0677847338239,271071.36,660975.94,28,16,67.336
NS76SW_2065,1,1_1,4.25377231981,-9999.0,-9999.0,-9999.0,68.7269973755,247.287009032798,87.6987742684295,271137.75,660972.94,52,28,68.727
NS76SW_2066,1,1_1,6.28244231881,-9999.0,-9999.0,-9999.0,67.6940002441,136.772795505877,49.9787233746644,271092.56,660969.0,12,8,67.694
NS76SW_2067,1,1_1,6.15596405711,-9999.0,-9999.0,-9999.0,70.8929977417,269.078462723346,77.484502431874,271241.32,660976.07,28,16,70.893
NS76SW_2068,1,1_1,5.98239210378,-9999.0,-9999.0,-9999.0,69.81199646,120.943623381855,46.2167616294235,271204.97,660968.29,20,12,69.812
NS76SW_2069,1,1_1,5.36051062382,-9999.0,-9999.0,-9999.0,69.138999939,167.860496063183,55.1927932765191,271162.85,660966.4,36,20,69.139
NS76SW_2070,1,1_1,6.32137626033,-9999.0,-9999.0,-9999.0,65.4020004272,120.088422078665,45.9845597559717,271010.96,660962.61,20,12,65.402
NS76SW_2071,1,1_1,2.31775379909,-9999.0,-9999.0,-9999.0,68.8939971924,38.5293937518895,37.8156949922308,271151.84,660960.52,16,10,68.894
NS76SW_2072,1,1_1,6.35481550429,-9999.0,-9999.0,-9999.0,68.3701705933,117.040393397633,45.6012679271639,271124.04,660952.3,20,12,68.37
NS76SW_2073,1,1_1,5.40908264949,-9999.0,-9999.0,-9999.0,66.4209976196,152.991184859568,55.7933948009126,271057.55,660950.29,28,16,66.421
NS76SW_2074,1,1_1,5.7587419084,-9999.0,-9999.0,-9999.0,69.4589996338,133.8574299339,50.8493761691016,271199.13,660950.05,36,20,69.459
NS76SW_2075,1,1_1,5.92616837227,-9999.0,-9999.0,-9999.0,68.949005127,133.132154136716,52.1069645962934,271156.98,660946.97,20,12,68.949
NS76SW_2076,1,1_1,6.25023625424,-9999.0,-9999.0,-9999.0,64.0970001221,120.752501637853,47.4459364308781,271003.38,660943.59,28,16,64.097
NS76SW_2077,1,1_1,6.27786319024,-9999.0,-9999.0,-9999.0,65.1039962769,118.15205555478,45.8678711533863,271036.46,660942.72,20,12,65.104
NS76SW_2078,1,1_1,2.12357460739,-9999.0,-9999.0,-9999.0,62.9959983826,33.0478312503669,23.1728442066735,270986.04,660937.95,12,8,62.996
NS76SW_2079,1,1_1,2.41737265954,-9999.0,-9999.0,-9999.0,69.483001709,34.03496625936,23.79861098694,271203.87,660938.44,12,8,69.483
NS76SW_2080,1,1_1,6.69125894471,-9999.0,-9999.0,-9999.0,70.4990005493,210.074582417692,63.069332448683,271239.48,660941.66,28,16,70.499
NS76SW_2081,1,1_1,6.3374702095,-9999.0,-9999.0,-9999.0,66.9692306519,119.366168766984,51.0801298919982,271075.64,660940.94,28,16,66.969
NS76SW_2082,1,1_1,6.23952597215,-9999.0,-9999.0,-9999.0,68.5960006714,132.256203668892,49.8619437437118,271140.04,660939.05,20,12,68.596
NS76SW_2083,1,1_1,2.62557474772,-9999.0,-9999.0,-9999.0,68.7647094727,20.2063912548621,21.611722731421,271154.26,660934.2,8,6,68.765
NS76SW_2084,1,1_1,5.65487723414,-9999.0,-9999.0,-9999.0,69.202003479,136.003223805939,55.746687741585,271186.47,660933.35,36,20,69.202
NS76SW_2085,1,1_1,5.7805383752,-9999.0,-9999.0,-9999.0,67.1610031128,157.734357028361,55.4722292532839,271093.78,660930.74,36,20,67.161
NS76SW_2087,1,1_1,5.99401274662,-9999.0,-9999.0,-9999.0,62.7509994507,170.600309607946,55.3132972188069,270993.83,660924.44,20,12,62.751
NS76SW_2088,1,1_1,5.65537626873,-9999.0,-9999.0,-9999.0,63.5789985657,167.745528862289,68.5302645441416,271029.42,660922.34,36,20,63.579
NS76SW_2089,1,1_1,2.00692386072,-9999.0,-9999.0,-9999.0,69.0210037231,27.2020499962044,21.9527844773182,271193.6,660915.9,12,8,69.021
NS76SW_2090,1,1_1,4.11680652088,-9999.0,-9999.0,-9999.0,70.1039962769,193.922741618891,57.0197560692963,271221.89,660922.51,12,8,70.104
NS76SW_2091,1,1_1,5.67723428635,-9999.0,-9999.0,-9999.0,67.3368759155,153.754222234664,61.0839860790041,271112.23,660920.52,36,20,67.337
NS76SW_2092,1,1_1,6.15225289976,-9999.0,-9999.0,-9999.0,68.6569976807,119.631195270744,50.7317240505593,271176.55,660915.48,28,16,68.657
NS76SW_2093,1,1_1,6.1742204868,-9999.0,-9999.0,-9999.0,67.7249984741,120.456784118003,48.252721402992,271129.91,660913.23,20,12,67.725
NS76SW_2095,1,1_1,2.65230016579,-9999.0,-9999.0,-9999.0,57.6990661621,59.8567687468866,31.8853306994997,270857.33,660906.34,12,8,57.699
NS76SW_2097,1,1_1,2.28250728241,-9999.0,-9999.0,-9999.0,68.452003479,19.6155562517066,17.8226943854489,271184.53,660897.75,12,8,68.452
NS76SW_2098,1,1_1,5.26543405232,-9999.0,-9999.0,-9999.0,60.7400016785,191.134356685164,63.7608445466097,270982.9,660903.49,52,28,60.74
NS76SW_2099,1,1_1,5.86986442848,-9999.0,-9999.0,-9999.0,62.0229988098,160.30011190209,57.8107081394017,271013.23,660898.6,36,20,62.023
NS76SW_2100,1,1_1,5.27711885678,-9999.0,-9999.0,-9999.0,67.9580001831,167.64483970543,63.2947943053952,271168.82,660895.23,36,20,67.958
NS76SW_2101,1,1_1,3.84137041284,-9999.0,-9999.0,-9999.0,69.1179962158,282.38393992733,79.6363007597042,271212.61,660899.51,44,24,69.118
NS76SW_2102,1,1_1,6.28450547314,-9999.0,-9999.0,-9999.0,66.858001709,134.296763684282,49.759575119635,271135.69,660892.22,20,12,66.858
NS76SW_2103,1,1_1,2.90562321981,-9999.0,-9999.0,-9999.0,59.4300003052,41.1826312499302,26.0678003446184,270953.74,660887.55,12,8,59.43
NS76SW_2104,1,1_1,2.51291718548,-9999.0,-9999.0,-9999.0,51.841999054,148.348591704295,51.0604729180419,270748.78,660890.28,28,16,51.842
NS76SW_2105,1,1_1,2.91327498941,-9999.0,-9999.0,-9999.0,61.3790016174,61.4686304461802,33.5628074386633,271021.25,660883.37,12,8,61.379
NS76SW_2106,1,1_1,5.76390989621,-9999.0,-9999.0,-9999.0,60.25,161.655982504219,56.7871515811182,270971.71,660887.21,28,16,60.25
NS76SW_2107,1,1_1,2.4198603375,-9999.0,-9999.0,-9999.0,68.2939987183,65.293154996234,36.1174868891958,271184.14,660884.14,20,12,68.294
NS76SW_2109,1,1_1,3.05251113462,-9999.0,-9999.0,-9999.0,64.8417205811,37.5971512519105,25.4531476461107,271110.23,660873.67,12,8,64.842
NS76SW_2110,1,1_1,6.52474372472,-9999.0,-9999.0,-9999.0,67.2488021851,132.427600176227,50.0650371999143,271159.43,660877.25,20,12,67.249
NS76SW_2111,1,1_1,6.26509692396,-9999.0,-9999.0,-9999.0,65.8088378906,119.314466683246,47.117009626972,271126.02,660874.71,28,16,65.809
NS76SW_2112,1,1_1,5.61690946441,-9999.0,-9999.0,-9999.0,60.3819999695,150.02908078041,53.4726298195243,271002.94,660875.82,20,12,60.382
NS76SW_2113,1,1_1,4.15688942235,-9999.0,-9999.0,-9999.0,67.8619995117,203.97605839755,61.9371189524696,271204.03,660875.59,28,16,67.862
NS76SW_2114,1,1_1,4.34151826873,-9999.0,-9999.0,-9999.0,54.2159996033,511.201638514665,113.371132556421,270828.21,660878.12,28,16,54.216
NS76SW_2115,1,1_1,2.71280688918,-9999.0,-9999.0,-9999.0,52.40599823,371.868731432614,139.959333728876,270775.85,660872.07,68,36,52.406
NS76SW_2117,1,1_1,4.26927255531,-9999.0,-9999.0,-9999.0,58.9560012817,188.582801594106,60.287822159958,270959.04,660865.87,12,8,58.956
NS76SW_2118,1,1_1,6.18198578267,-9999.0,-9999.0,-9999.0,59.891998291,121.19390836877,47.8633234970669,271008.06,660857.96,28,16,59.892
NS76SW_2120,1,1_1,6.4413748398,-9999.0,-9999.0,-9999.0,64.5989990234,117.240043040085,45.6710844003974,271117.92,660856.43,20,12,64.599
NS76SW_2121,1,1_1,6.07961670526,-9999.0,-9999.0,-9999.0,66.0,132.436342367083,56.6946526923789,271150.3,660858.05,32,18,66.0
NS76SW_2122,1,1_1,3.8733268161,-9999.0,-9999.0,-9999.0,53.3619995117,225.604780687803,84.4702776717261,270813.63,660858.63,44,24,53.362
NS76SW_2123,1,1_1,4.09765140195,-9999.0,-9999.0,-9999.0,66.827003479,202.785337218677,58.9218075539253,271194.2,660855.84,20,12,66.827
NS76SW_2124,1,1_1,6.67100943386,-9999.0,-9999.0,-9999.0,67.9219970703,128.079574311325,45.5758407377771,271236.93,660850.84,12,8,67.922
NS76SW_2125,1,1_1,5.99545367656,-9999.0,-9999.0,-9999.0,60.0800018311,127.324938504431,54.5891840647676,271025.37,660848.54,32,18,60.08
NS76SW_2126,1,1_1,4.4372396899,-9999.0,-9999.0,-9999.0,54.8359985352,153.159524935698,53.106384333763,270872.44,660846.24,20,12,54.836
NS76SW_2127,1,1_1,5.46510513181,-9999.0,-9999.0,-9999.0,60.5660018921,156.507187721423,54.4103782778221,271045.39,660842.03,20,12,60.566
NS76SW_2128,1,1_1,2.20286568828,-9999.0,-9999.0,-9999.0,65.5146636963,24.7143225025576,23.342343063204,271156.8,660839.4,8,6,65.515
NS76SW_2129,1,1_1,6.41350487789,-9999.0,-9999.0,-9999.0,57.7070007324,130.306904431708,49.0493772453258,270949.32,660842.62,12,8,57.707
NS76SW_2130,1,1_1,7.24641305122,-9999.0,-9999.0,-9999.0,53.03099823,37.1232112515586,24.7766288778467,270820.11,660835.5,12,8,53.031
NS76SW_2131,1,1_1,6.19243316,-9999.0,-9999.0,-9999.0,64.9260025024,121.906678849682,48.5836955446563,271143.31,660837.89,20,12,64.926
NS76SW_2132,1,1_1,4.40727325543,-9999.0,-9999.0,-9999.0,54.8950004578,149.464688702698,51.9368710822726,270889.89,660835.37,20,12,54.895
NS76SW_2133,1,1_1,6.64460593263,-9999.0,-9999.0,-9999.0,63.3769989014,132.332820372504,49.441013481276,271109.62,660837.19,12,8,63.377
NS76SW_2134,1,1_1,4.10436910444,-9999.0,-9999.0,-9999.0,65.8850021362,201.532733382432,58.0221714377034,271185.87,660838.16,12,8,65.885
NS76SW_2135,1,1_1,6.72995287731,-9999.0,-9999.0,-9999.0,67.2089996338,126.533863692783,45.3103490298235,271230.14,660835.78,12,8,67.209
NS76SW_2136,1,1_1,5.78408524086,-9999.0,-9999.0,-9999.0,60.7249984741,138.982670726641,57.2151599140992,271066.66,660833.61,36,20,60.725
NS76SW_2138,1,1_1,6.08153665477,-9999.0,-9999.0,-9999.0,48.1549987793,202.013509402877,60.4415694934807,270722.04,660835.71,28,16,48.155
NS76SW_2140,1,1_1,5.74640922334,-9999.0,-9999.0,-9999.0,58.8409996033,139.954900997246,54.9435748242496,270995.08,660830.25,28,16,58.841
NS76SW_2141,1,1_1,2.51831925336,-9999.0,-9999.0,-9999.0,64.4609985352,24.8149575039178,23.3994977579235,271153.01,660825.11,8,6,64.461
NS76SW_2142,1,1_1,2.49884673706,-9999.0,-9999.0,-9999.0,61.3129997253,121.684751258828,54.077707262192,271085.81,660827.89,36,20,61.313
NS76SW_2143,1,1_1,2.56399539067,-9999.0,-9999.0,-9999.0,55.5880012512,34.1649825037423,25.0760073700141,270924.96,660822.6,12,8,55.588
NS76SW_2145,1,1_1,5.81610180224,-9999.0,-9999.0,-9999.0,48.1679992676,267.956250108412,70.4542542310452,270740.98,660827.4,28,16,48.168
NS76SW_2146,1,1_1,4.91833602802,-9999.0,-9999.0,-9999.0,56.1769981384,194.510183597817,82.2347045709666,270938.56,660826.88,52,28,56.177
NS76SW_2147,1,1_1,6.29576616772,-9999.0,-9999.0,-9999.0,59.0359992981,123.222618828581,48.9517133121447,271013.04,660822.25,20,12,59.036
NS76SW_2149,1,1_1,6.32270386022,-9999.0,-9999.0,-9999.0,65.2819976807,138.487063947573,52.0721226012904,271174.85,660822.88,28,16,65.282
NS76SW_2150,1,1_1,5.96362070345,-9999.0,-9999.0,-9999.0,57.2789993286,131.239550706328,53.3567490681871,270976.21,660822.95,28,16,57.279
NS76SW_2151,1,1_1,5.82271898125,-9999.0,-9999.0,-9999.0,61.8040008545,130.405322599391,49.2785905594793,271097.67,660819.98,28,16,61.804
NS76SW_2152,1,1_1,6.66623479305,-9999.0,-9999.0,-9999.0,66.452003479,145.175895629325,48.9316657604992,271222.9,660819.9,12,8,66.452
NS76SW_2154,1,1_1,6.48385256529,-9999.0,-9999.0,-9999.0,63.6409988403,116.279588200144,45.3953366755776,271136.21,660818.24,20,12,63.641
NS76SW_2155,1,1_1,6.0368101481,-9999.0,-9999.0,-9999.0,59.8069992065,155.819109254088,56.023522327062,271064.96,660811.42,20,12,59.807
NS76SW_2156,1,1_1,5.73296003429,-9999.0,-9999.0,-9999.0,58.96900177,143.285848561046,54.4252977458102,271030.08,660809.27,28,16,58.969
NS76SW_2157,1,1_1,2.48148012161,-9999.0,-9999.0,-9999.0,63.21900177,29.7739125011243,25.5270406950362,271139.2,660802.91,8,6,63.219
NS76SW_2158,1,1_1,3.85156455549,-9999.0,-9999.0,-9999.0,52.7719993591,267.364287006877,77.9990347064403,270850.0,660812.94,44,24,52.772
NS76SW_2159,1,1_1,6.33068752698,-9999.0,-9999.0,-9999.0,54.9889984131,121.884057866404,46.4812460772163,270933.76,660806.3,20,12,54.989
NS76SW_2160,1,1_1,6.28279662697,-9999.0,-9999.0,-9999.0,63.6209983826,141.859105879143,52.6365879239668,271168.19,660806.56,28,16,63.621
NS76SW_2161,1,1_1,5.80784315603,-9999.0,-9999.0,-9999.0,55.9620018005,141.238069068394,51.1709097764466,270966.49,660805.6,20,12,55.962
NS76SW_2162,1,1_1,6.72767918956,-9999.0,-9999.0,-9999.0,65.4240036011,126.153471840446,45.2884219982569,271215.18,660804.51,12,8,65.424
NS76SW_2163,1,1_1,6.03117940836,-9999.0,-9999.0,-9999.0,60.8069992065,127.747486977314,47.2813726310088,271089.63,660801.99,20,12,60.807
NS76SW_2164,1,1_1,5.6975590485,-9999.0,-9999.0,-9999.0,59.1730003357,146.300679080261,53.3444026242703,271048.3,660798.57,20,12,59.173
NS76SW_2165,1,1_1,6.30544637421,-9999.0,-9999.0,-9999.0,62.6780014038,125.249056793849,46.7742353829559,271128.2,660800.57,20,12,62.678
NS76SW_2166,1,1_1,5.39879131779,-9999.0,-9999.0,-9999.0,48.1209983826,270.105772176375,74.6250600265064,270747.66,660802.79,28,16,48.121
NS76SW_2167,1,1_1,2.38666694752,-9999.0,-9999.0,-9999.0,59.6689987183,37.9774008126867,25.5697670018621,271074.99,660793.94,12,8,59.669
NS76SW_2171,1,1_1,4.14328813271,-9999.0,-9999.0,-9999.0,47.8349990845,220.493639702079,65.9455539796736,270719.35,660794.4,36,20,47.835
NS76SW_2172,1,1_1,6.38833046336,-9999.0,-9999.0,-9999.0,53.8699989319,131.325573881221,48.0672784197499,270925.27,660788.55,12,8,53.87
NS76SW_2173,1,1_1,2.36190976415,-9999.0,-9999.0,-9999.0,52.7159996033,32.8331175036211,26.7086898426737,270899.5,660784.12,8,6,52.716
NS76SW_2174,1,1_1,4.08767229557,-9999.0,-9999.0,-9999.0,62.7060012817,201.284330887786,58.0883810628768,271158.83,660788.85,12,8,62.706
NS76SW_2175,1,1_1,6.27069706464,-9999.0,-9999.0,-9999.0,54.4379997253,140.899198504564,54.2217210052961,270956.37,660786.7,28,16,54.438
NS76SW_2176,1,1_1,4.14340586515,-9999.0,-9999.0,-9999.0,63.9049987793,203.678173509251,58.5412682125941,271205.04,660788.19,12,8,63.905
NS76SW_2177,1,1_1,2.05338598668,-9999.0,-9999.0,-9999.0,58.3823356628,24.4608300058604,23.2734431868765,271065.82,660779.62,8,6,58.382
NS76SW_2179,1,1_1,6.08416999672,-9999.0,-9999.0,-9999.0,61.1539993286,123.925929736064,49.25163960007,271117.67,660783.04,20,12,61.154
NS76SW_2180,1,1_1,4.11106487171,-9999.0,-9999.0,-9999.0,48.0970001221,207.282127364767,61.2221913029116,270737.48,660783.79,28,16,48.097
NS76SW_2181,1,1_1,5.89739562275,-9999.0,-9999.0,-9999.0,59.1749992371,158.079978743647,55.5317935802628,271082.69,660781.61,20,12,59.175
NS76SW_2184,1,1_1,6.00317129028,-9999.0,-9999.0,-9999.0,52.5929985046,127.549922996422,51.985121553175,270916.21,660771.69,36,20,52.593
NS76SW_2187,1,1_1,6.24228802571,-9999.0,-9999.0,-9999.0,63.0769996643,147.514058133583,53.6742696749489,271197.39,660768.71,28,16,63.077
NS76SW_2188,1,1_1,6.31983506908,-9999.0,-9999.0,-9999.0,53.188999176,123.523090332764,46.4819553741642,270946.75,660766.79,20,12,53.189
NS76SW_2190,1,1_1,6.14119064908,-9999.0,-9999.0,-9999.0,57.6040000916,123.609926770872,46.9158366672112,271075.68,660764.04,20,12,57.604
NS76SW_2191,1,1_1,6.04349625578,-9999.0,-9999.0,-9999.0,59.0120010376,127.940751558895,51.6891514735783,271107.77,660764.69,28,16,59.012
NS76SW_2192,1,1_1,4.11358099736,-9999.0,-9999.0,-9999.0,61.6199989319,200.104295306447,58.4270017043349,271146.94,660764.66,20,12,61.62
NS76SW_2193,1,1_1,6.57092071473,-9999.0,-9999.0,-9999.0,62.1049995422,127.673554916614,45.4808535028562,271190.31,660754.16,12,8,62.105
NS76SW_2194,1,1_1,6.51997955017,-9999.0,-9999.0,-9999.0,51.672000885,152.001745551565,51.8805207074961,270906.93,660753.04,12,8,51.672
NS76SW_2195,1,1_1,6.04543525867,-9999.0,-9999.0,-9999.0,51.9550018311,128.289008591444,51.6565905814857,270937.8,660748.35,36,20,51.955
NS76SW_2198,1,1_1,6.29428165794,-9999.0,-9999.0,-9999.0,55.40599823,121.976463627431,46.4023821240139,271067.14,660745.54,20,12,55.406
NS76SW_2199,1,1_1,2.25229724248,-9999.0,-9999.0,-9999.0,54.0540008545,29.0400787533112,24.8840858110617,271045.19,660741.11,8,6,54.054
NS76SW_2200,1,1_1,6.29351768352,-9999.0,-9999.0,-9999.0,57.2989997864,140.003677500356,50.8658644434726,271098.71,660745.16,20,12,57.299
NS76SW_2203,1,1_1,6.18693708551,-9999.0,-9999.0,-9999.0,50.9990005493,118.698780208941,47.0963512892091,270892.58,660736.8,28,16,50.999
NS76SW_2205,1,1_1,4.15332657602,-9999.0,-9999.0,-9999.0,60.061000824,201.970758630971,58.0863986359963,271180.14,660739.01,12,8,60.061
NS76SW_2206,1,1_1,2.52465871485,-9999.0,-9999.0,-9999.0,53.3149986267,24.8408400002816,22.8397256512225,271039.58,660728.29,8,6,53.315
NS76SW_2208,1,1_1,6.71887290846,-9999.0,-9999.0,-9999.0,57.4179992676,216.077248189738,65.9277238466934,271135.56,660732.79,36,20,57.418
NS76SW_2209,1,1_1,6.38050757843,-9999.0,-9999.0,-9999.0,51.0130004883,132.850886795314,49.3070554748157,270940.94,660727.14,20,12,51.013
NS76SW_2210,1,1_1,6.82472266828,-9999.0,-9999.0,-9999.0,51.3959999084,211.754483604211,62.8254199129187,270992.8,660725.16,12,8,51.396
NS76SW_2211,1,1_1,6.03922936608,-9999.0,-9999.0,-9999.0,53.7579994202,171.623915094486,58.7752638225112,271057.49,660726.48,28,16,53.758
NS76SW_2212,1,1_1,6.18850382363,-9999.0,-9999.0,-9999.0,55.236000061,116.985624552135,47.356900554633,271090.08,660725.69,16,10,55.236
NS76SW_2213,1,1_1,6.73372907272,-9999.0,-9999.0,-9999.0,50.966999054,218.772539654576,66.7195160962015,270965.85,660723.4,36,20,50.967
NS76SW_2214,1,1_1,6.68992836461,-9999.0,-9999.0,-9999.0,58.6259994507,130.645235498892,46.009982011931,271170.81,660723.79,12,8,58.626
NS76SW_2217,1,1_1,6.63370885684,-9999.0,-9999.0,-9999.0,51.5740013123,225.290781315413,67.3949746371818,271017.44,660714.95,28,16,51.574
NS76SW_2218,1,1_1,6.25191983785,-9999.0,-9999.0,-9999.0,51.9189987183,130.48373684757,48.2821784416731,271042.18,660710.26,20,12,51.919
NS76SW_2219,1,1_1,4.10534618573,-9999.0,-9999.0,-9999.0,55.6090011597,197.273446010282,57.5574792909378,271123.35,660712.61,12,8,55.609
NS76SW_2220,1,1_1,6.75497664199,-9999.0,-9999.0,-9999.0,57.1020011902,127.560071603208,45.5125576392855,271164.06,660710.31,12,8,57.102
NS76SW_2222,1,1_1,5.31930991931,-9999.0,-9999.0,-9999.0,50.1832504272,33.5151862463338,27.2888517022419,270981.99,660703.01,8,6,50.183
NS76SW_2223,1,1_1,7.55091863031,-9999.0,-9999.0,-9999.0,61.8079986572,189.224599911977,56.9539386904422,271230.06,660707.29,12,8,61.808
NS76SW_2224,1,1_1,5.84919659897,-9999.0,-9999.0,-9999.0,53.5149993896,136.998869960965,50.2152902978115,271085.71,660704.37,28,16,53.515
NS76SW_2229,1,1_1,4.87519093464,-9999.0,-9999.0,-9999.0,46.4990005493,886.427157127646,179.52155852206,270768.27,660712.21,96,50,46.499
NS76SW_2230,1,1_1,6.55062788886,-9999.0,-9999.0,-9999.0,56.1240005493,131.300396336747,46.1574242591554,271157.07,660696.58,12,8,56.124
NS76SW_2231,1,1_1,6.59339498267,-9999.0,-9999.0,-9999.0,53.8050003052,189.607931213556,57.8009465416378,271111.46,660689.85,12,8,53.805
NS76SW_2236,1,1_1,6.28800161435,-9999.0,-9999.0,-9999.0,56.7060012817,1112.45166375159,216.737991055468,271193.64,660700.58,92,48,56.706
NS76SW_2237,1,1_1,6.67701693392,-9999.0,-9999.0,-9999.0,54.4900016785,187.456843459478,57.1735047189446,271151.0,660674.55,12,8,54.49
NS76SW_2238,1,1_1,2.94344718742,-9999.0,-9999.0,-9999.0,54.9230003357,92.5962858656239,39.3966324100364,271167.82,660666.45,12,8,54.923
NS76SW_2239,1,1_1,6.87385325354,-9999.0,-9999.0,-9999.0,55.9869995117,125.207291577669,45.1638545429252,271204.73,660656.4,12,8,55.987
NS76SW_2243,1,1_1,7.34125572004,-9999.0,-9999.0,-9999.0,56.7280006409,192.514362071192,57.5381622634023,271223.75,660649.82,12,8,56.728
NS76SW_2246,1,1_1,2.6314348374,-9999.0,-9999.0,-9999.0,52.111000061,38.575173750514,31.8952437309256,271159.01,660639.9,16,10,52.111
NS76SW_1132,1,1_2,4.09845283796,-9999.0,-9999.0,-9999.0,60.8629989624,136.278211320419,49.0352282819705,271202.45,661872.07,20,12,60.863
NS76SW_1142,1,1_2,6.59581222439,-9999.0,-9999.0,-9999.0,62.7019996643,204.598339149308,63.5897232997357,271053.74,661864.65,12,8,62.702
NS76SW_1147,1,1_2,6.61534633564,-9999.0,-9999.0,-9999.0,62.0449981689,202.744479964378,63.8479639590109,271156.0,661852.09,12,8,62.045
NS76SW_1151,1,1_2,6.91314052949,-9999.0,-9999.0,-9999.0,61.8720016479,231.135173638866,69.0178039774301,270895.33,661850.25,20,12,61.872
NS76SW_1152,1,1_2,6.21052965236,-9999.0,-9999.0,-9999.0,61.8510017395,265.868023776466,79.2739940998636,270983.69,661858.71,28,16,61.851
NS76SW_1154,1,1_2,6.68333360862,-9999.0,-9999.0,-9999.0,62.1209983826,238.977302958294,72.1953604552617,271126.76,661852.18,12,8,62.121
NS76SW_1156,1,1_2,6.41848764349,-9999.0,-9999.0,-9999.0,62.0769996643,205.214678514039,66.868782415383,271184.68,661843.2,12,8,62.077
NS76SW_1157,1,1_2,6.45009276258,-9999.0,-9999.0,-9999.0,63.033000946,310.17515580622,86.0448609698075,271095.47,661853.46,12,8,63.033
NS76SW_1159,1,1_2,2.66051509924,-9999.0,-9999.0,-9999.0,63.3250007629,47.0349074998032,29.210849573051,271080.74,661839.86,12,8,63.325
NS76SW_1161,1,1_2,6.12352910499,-9999.0,-9999.0,-9999.0,61.8660011292,566.873168892335,126.44583110272,271225.23,661841.53,28,16,61.866
NS76SW_1162,1,1_2,6.37947114683,-9999.0,-9999.0,-9999.0,62.7569999695,134.222035787142,48.384704685093,271060.6,661841.52,20,12,62.757
NS76SW_1165,1,1_2,6.97226781056,-9999.0,-9999.0,-9999.0,61.6570014954,336.834889873243,92.2786141679991,270931.8,661839.15,12,8,61.657
NS76SW_1166,1,1_2,6.78106612988,-9999.0,-9999.0,-9999.0,61.6349983215,228.192688346669,68.3860272472114,270967.04,661836.56,12,8,61.635
NS76SW_1172,1,1_2,2.32933316617,-9999.0,-9999.0,-9999.0,63.4129981995,50.7207740475634,30.3093965655889,271190.48,661827.13,12,8,63.413
NS76SW_1188,1,1_2,6.57770225515,-9999.0,-9999.0,-9999.0,62.7589988708,205.412390178706,63.4272542265837,271075.82,661823.7,12,8,62.759
NS76SW_1199,1,1_2,9.72287665973,-9999.0,-9999.0,-9999.0,66.5650024414,3000.93786522581,243.03612185111,270667.9,661841.24,28,16,66.565
NS76SW_1200,1,1_2,7.07796825823,-9999.0,-9999.0,-9999.0,61.8460006714,452.10382187644,120.016245645019,270904.39,661816.13,28,16,61.846
NS76SW_1208,1,1_2,6.58971633536,-9999.0,-9999.0,-9999.0,62.9550018311,207.755974417256,63.7580028834341,271099.61,661808.98,12,8,62.955
NS76SW_1209,1,1_2,6.94302372574,-9999.0,-9999.0,-9999.0,61.358001709,219.684958021458,67.1902632157598,270974.62,661807.67,12,8,61.358
NS76SW_1211,1,1_2,6.71261804188,-9999.0,-9999.0,-9999.0,63.5750007629,202.273424419559,63.363394048253,271127.16,661803.34,12,8,63.575
NS76SW_1213,1,1_2,6.81372614355,-9999.0,-9999.0,-9999.0,61.5069999695,228.598710309537,68.3286148854369,270944.5,661805.31,12,8,61.507
NS76SW_1215,1,1_2,5.93891450097,-9999.0,-9999.0,-9999.0,64.2620010376,352.154468288374,105.60230016539,271162.18,661805.51,20,12,64.262
NS76SW_1217,1,1_2,6.53008962085,-9999.0,-9999.0,-9999.0,64.8399963379,519.638546618018,143.979822031488,271217.84,661801.48,12,8,64.84
NS76SW_1224,1,1_2,5.92992731446,-9999.0,-9999.0,-9999.0,69.3850021362,90.8843972832529,38.7638688072474,270635.63,661796.42,12,8,69.385
NS76SW_1225,1,1_2,7.11077443467,-9999.0,-9999.0,-9999.0,63.013999939,337.813648652987,92.4403926221057,270866.37,661807.71,12,8,63.014
NS76SW_1230,1,1_2,6.06157424269,-9999.0,-9999.0,-9999.0,68.4100036621,123.592052350699,44.6953448381664,270657.19,661792.5,12,8,68.41
NS76SW_1237,1,1_2,6.37726328903,-9999.0,-9999.0,-9999.0,61.5369987488,369.357159808804,109.696567849618,271008.17,661799.28,28,16,61.537
NS76SW_1240,1,1_2,8.65758633725,-9999.0,-9999.0,-9999.0,66.4000015259,4177.34456178349,313.80721912332,270791.79,661826.01,48,26,66.4
NS76SW_1245,1,1_2,6.21562369796,-9999.0,-9999.0,-9999.0,68.5159988403,122.82605979672,44.4669141323053,270650.58,661780.5,12,8,68.516
NS76SW_1248,1,1_2,7.16469903657,-9999.0,-9999.0,-9999.0,63.2179985046,346.956180333949,93.7545394243277,270888.21,661780.49,12,8,63.218
NS76SW_1254,1,1_2,6.15346122393,-9999.0,-9999.0,-9999.0,68.9779968262,100.675881694559,40.1385578963209,270625.44,661770.17,12,8,68.978
NS76SW_1255,1,1_2,5.9035555551,-9999.0,-9999.0,-9999.0,68.3430023193,114.081433452604,42.7545062220057,270675.11,661770.97,12,8,68.343
NS76SW_1256,1,1_2,5.836592306,-9999.0,-9999.0,-9999.0,68.1849975586,102.624632424545,40.6066809444414,270689.3,661769.17,12,8,68.185
NS76SW_1257,1,1_2,6.84471559202,-9999.0,-9999.0,-9999.0,61.6230010986,225.716906698735,67.7463769782634,270996.16,661771.93,12,8,61.623
NS76SW_1260,1,1_2,7.23224305057,-9999.0,-9999.0,-9999.0,61.9319992065,333.230432162773,92.3059383142652,270928.6,661768.69,12,8,61.932
NS76SW_1261,1,1_2,5.96611162651,-9999.0,-9999.0,-9999.0,61.9440002441,311.437949037826,92.7499417242237,270963.76,661766.36,36,20,61.944
NS76SW_1265,1,1_2,5.93762787827,-9999.0,-9999.0,-9999.0,68.125,112.965151477391,43.9940874802992,270700.58,661761.95,20,12,68.125
NS76SW_1267,1,1_2,4.08447048582,-9999.0,-9999.0,-9999.0,62.1291999817,151.561163865315,52.9470738315376,271048.44,661759.49,24,14,62.129
NS76SW_1269,1,1_2,6.09540466309,-9999.0,-9999.0,-9999.0,67.6289978027,103.529055666903,40.7462427774452,270712.26,661756.93,12,8,67.629
NS76SW_1271,1,1_2,6.14038581555,-9999.0,-9999.0,-9999.0,68.8769989014,101.07223906846,40.2560438519766,270635.1,661755.97,12,8,68.877
NS76SW_1272,1,1_2,4.09254727863,-9999.0,-9999.0,-9999.0,61.9500007629,158.264440950622,58.5263132029066,271025.6,661754.05,36,20,61.95
NS76SW_1275,1,1_2,6.76585589398,-9999.0,-9999.0,-9999.0,64.3809967041,348.297046381395,101.408751852379,270871.65,661754.29,32,18,64.381
NS76SW_1276,1,1_2,5.96144737889,-9999.0,-9999.0,-9999.0,68.7109985352,107.064662077203,41.4259105966523,270645.26,661750.16,12,8,68.711
NS76SW_1277,1,1_2,4.13483691345,-9999.0,-9999.0,-9999.0,62.3260002136,141.782271178647,49.3950054837712,271067.11,661749.51,12,8,62.326
NS76SW_1283,1,1_2,4.34116891446,-9999.0,-9999.0,-9999.0,62.141998291,140.301836156789,49.383236644729,271009.05,661744.65,12,8,62.142
NS76SW_1285,1,1_2,4.18927823267,-9999.0,-9999.0,-9999.0,62.5789985657,141.565472527224,49.4773600044609,271086.71,661742.36,12,8,62.579
NS76SW_1287,1,1_2,5.43805935935,-9999.0,-9999.0,-9999.0,68.1620025635,247.937179649666,95.1898823539517,270666.78,661742.4,52,28,68.162
NS76SW_1288,1,1_2,6.01879538926,-9999.0,-9999.0,-9999.0,68.0459976196,103.338766105398,40.6649256844834,270684.66,661739.21,12,8,68.046
NS76SW_1289,1,1_2,4.45663683633,-9999.0,-9999.0,-9999.0,62.9129981995,140.111454462465,49.261343755155,271107.62,661738.29,12,8,62.913
NS76SW_1291,1,1_2,4.33747288207,-9999.0,-9999.0,-9999.0,63.4309997559,151.034025828839,51.2923236262957,271128.58,661737.22,12,8,63.431
NS76SW_1292,1,1_2,4.31574793643,-9999.0,-9999.0,-9999.0,62.9790000916,143.608139506134,50.066105640789,270933.68,661736.34,12,8,62.979
NS76SW_1293,1,1_2,6.55823623594,-9999.0,-9999.0,-9999.0,65.3509979248,247.976452325927,74.7196971709595,271195.44,661735.8,12,8,65.351
NS76SW_1295,1,1_2,6.81426327119,-9999.0,-9999.0,-9999.0,66.9869995117,305.28013442891,88.7283923813996,271232.07,661734.92,12,8,66.987
NS76SW_1297,1,1_2,4.25681315279,-9999.0,-9999.0,-9999.0,62.313999176,140.102047052496,49.3081355349092,270972.07,661734.07,12,8,62.314
NS76SW_1299,1,1_2,4.36420270746,-9999.0,-9999.0,-9999.0,62.5880012512,139.456502928109,49.1738490689936,270952.89,661733.7,12,8,62.588
NS76SW_1300,1,1_2,4.01995473633,-9999.0,-9999.0,-9999.0,62.1599998474,158.553880449927,56.7776485244252,270991.14,661736.16,28,16,62.16
NS76SW_1305,1,1_2,3.14623765688,-9999.0,-9999.0,-9999.0,69.0049972534,39.0037724958805,25.740636554004,270675.57,661727.4,12,8,69.005
NS76SW_1310,1,1_2,5.99261936671,-9999.0,-9999.0,-9999.0,71.1579971313,90.1954562013222,38.5905487110563,270634.88,661725.36,12,8,71.158
NS76SW_1314,1,1_2,6.20119496601,-9999.0,-9999.0,-9999.0,68.2429962158,124.944611945435,44.7722642552022,270707.9,661724.64,12,8,68.243
NS76SW_1315,1,1_2,3.43985514854,-9999.0,-9999.0,-9999.0,63.4550018311,20.3138775037539,30.1388928528512,270936.91,661718.81,20,12,63.455
NS76SW_1316,1,1_2,6.87129943412,-9999.0,-9999.0,-9999.0,66.0660018921,340.439706269036,92.7472743078738,270844.32,661734.66,12,8,66.066
NS76SW_1317,1,1_2,5.9599583015,-9999.0,-9999.0,-9999.0,69.6070022583,94.2916494445896,39.2073554165089,270669.5,661720.41,12,8,69.607
NS76SW_1318,1,1_2,6.98372618466,-9999.0,-9999.0,-9999.0,62.7449989319,222.450465696581,67.6887588386308,271015.75,661718.68,12,8,62.745
NS76SW_1319,1,1_2,5.3661436563,-9999.0,-9999.0,-9999.0,71.06300354,140.172313673344,65.6647492341597,270644.1,661719.69,28,16,71.063
NS76SW_1323,1,1_2,7.06165482207,-9999.0,-9999.0,-9999.0,63.7480010986,222.037978077158,67.4455364172591,270916.04,661719.52,12,8,63.748
NS76SW_1325,1,1_2,6.88019742688,-9999.0,-9999.0,-9999.0,64.5070037842,338.815575336937,92.5048838703502,270886.31,661723.44,12,8,64.507
NS76SW_1326,1,1_2,6.58732559916,-9999.0,-9999.0,-9999.0,64.7220001221,245.088868979948,74.3142662348204,271171.63,661718.81,12,8,64.722
NS76SW_1328,1,1_2,6.14171780082,-9999.0,-9999.0,-9999.0,70.0820007324,104.862904252486,40.9822398556878,270663.59,661709.83,12,8,70.082
NS76SW_1333,1,1_2,6.58745198589,-9999.0,-9999.0,-9999.0,64.1669998169,250.627453956165,75.4296802746244,271142.43,661713.11,16,10,64.167
NS76SW_1334,1,1_2,6.22955482135,-9999.0,-9999.0,-9999.0,69.0019989014,124.56091398499,44.741635180977,270697.44,661704.86,12,8,69.002
NS76SW_1336,1,1_2,6.59706604665,-9999.0,-9999.0,-9999.0,65.8430023193,248.101259549959,74.7731353784659,271195.31,661700.55,12,8,65.843
NS76SW_1340,1,1_2,6.93462377382,-9999.0,-9999.0,-9999.0,62.9869995117,578.078456046677,148.246066832382,271060.5,661709.28,20,12,62.987
NS76SW_1341,1,1_2,6.94730197514,-9999.0,-9999.0,-9999.0,63.2719993591,243.165808562817,73.1132850273429,270990.61,661703.51,20,12,63.272
NS76SW_1344,1,1_2,6.97445000065,-9999.0,-9999.0,-9999.0,68.18699646,224.091292415006,67.5912203932971,270834.34,661702.11,12,8,68.187
NS76SW_1349,1,1_2,6.10553007596,-9999.0,-9999.0,-9999.0,69.2870025635,112.718906853932,42.483720297883,270705.54,661689.54,12,8,69.287
NS76SW_1350,1,1_2,5.10145575013,-9999.0,-9999.0,-9999.0,69.2959976196,128.793940834895,61.7622359452516,270686.79,661688.13,28,16,69.296
NS76SW_1353,1,1_2,6.16029790976,-9999.0,-9999.0,-9999.0,69.797996521,240.932351713933,68.2386467982296,270754.36,661690.29,20,12,69.798
NS76SW_1354,1,1_2,6.97753130438,-9999.0,-9999.0,-9999.0,65.7450027466,225.214714480292,67.8294953576014,270906.77,661690.86,12,8,65.745
NS76SW_1359,1,1_2,6.1851004206,-9999.0,-9999.0,-9999.0,69.8600006104,122.226624235503,44.3730111301365,270720.07,661681.44,12,8,69.86
NS76SW_1367,1,1_2,6.94954373484,-9999.0,-9999.0,-9999.0,64.0749969482,227.669828023209,67.9250080015314,271092.52,661678.46,12,8,64.075
NS76SW_1368,1,1_2,4.04715429034,-9999.0,-9999.0,-9999.0,70.5059967041,82.625186954496,55.0185323096521,270793.32,661675.14,28,14,70.506
NS76SW_1371,1,1_2,6.31557565875,-9999.0,-9999.0,-9999.0,70.388999939,115.159644669257,42.9557121494453,270735.4,661674.21,12,8,70.389
NS76SW_1372,1,1_2,6.62282191936,-9999.0,-9999.0,-9999.0,67.5599975586,245.808042932284,74.8870784806919,271218.42,661682.44,12,8,67.56
NS76SW_1375,1,1_2,6.82449028168,-9999.0,-9999.0,-9999.0,67.0569992065,341.533515031206,92.8458038173386,270873.77,661684.97,12,8,67.057
NS76SW_1377,1,1_2,2.91717805967,-9999.0,-9999.0,-9999.0,70.8399963379,25.6751962467752,23.7008184203311,270672.36,661668.71,8,6,70.84
NS76SW_1378,1,1_2,6.62868997808,-9999.0,-9999.0,-9999.0,65.3300018311,250.891082263429,74.7623537905834,271142.13,661678.71,12,8,65.33
NS76SW_1385,1,1_2,6.45294935738,-9999.0,-9999.0,-9999.0,66.6999969482,248.276937887564,74.8050540481969,271194.73,661665.71,12,8,66.7
NS76SW_1394,1,1_2,7.25285723137,-9999.0,-9999.0,-9999.0,65.2220001221,339.268035737066,92.6869640782163,270971.7,661668.58,12,8,65.222
NS76SW_1400,1,1_2,6.71604887144,-9999.0,-9999.0,-9999.0,67.8830032349,476.10492543182,125.879237070832,270932.86,661662.08,28,16,67.883
NS76SW_1403,1,1_2,6.64089878652,-9999.0,-9999.0,-9999.0,69.1470031738,224.672232124205,67.8759837242464,270882.86,661654.63,12,8,69.147
NS76SW_1408,1,1_2,6.62096892571,-9999.0,-9999.0,-9999.0,66.5660018921,200.984271975647,66.969866544619,271170.78,661653.61,28,16,66.566
NS76SW_1416,1,1_2,4.23175743022,-9999.0,-9999.0,-9999.0,69.466003418,144.899309126816,49.9754508770805,270903.8,661643.57,12,8,69.466
NS76SW_1418,1,1_2,6.82073687335,-9999.0,-9999.0,-9999.0,65.2379989624,231.874750352688,68.2114136623949,271094.43,661648.18,12,8,65.238
NS76SW_1419,1,1_2,6.6104094315,-9999.0,-9999.0,-9999.0,67.9909973145,243.325331340835,74.3722724326803,271194.21,661638.0,12,8,67.991
NS76SW_1421,1,1_2,6.53133833143,-9999.0,-9999.0,-9999.0,66.388999939,241.263325680205,73.8269759108601,271141.47,661644.19,12,8,66.389
NS76SW_1424,1,1_2,4.19392875389,-9999.0,-9999.0,-9999.0,69.4909973145,144.157782167503,49.9114691954396,270920.62,661634.72,12,8,69.491
NS76SW_1425,1,1_2,6.8161804491,-9999.0,-9999.0,-9999.0,71.1818008423,224.851052235106,67.9034581500676,270858.37,661635.67,12,8,71.182
NS76SW_1429,1,1_2,6.19138605856,-9999.0,-9999.0,-9999.0,71.2929992676,115.384856579861,43.9755110693434,270782.22,661628.77,12,8,71.293
NS76SW_1430,1,1_2,2.11808505811,-9999.0,-9999.0,-9999.0,67.8470001221,21.2909775022976,21.8092618416357,271129.91,661627.35,8,6,67.847
NS76SW_1432,1,1_2,6.47613123301,-9999.0,-9999.0,-9999.0,71.1930007935,112.084760965547,43.5118171864826,270801.85,661628.01,12,8,71.193
NS76SW_1437,1,1_2,6.56670318874,-9999.0,-9999.0,-9999.0,70.9810028076,117.246770211596,44.5719080864132,270763.18,661624.93,12,8,70.981
NS76SW_1439,1,1_2,4.13305004113,-9999.0,-9999.0,-9999.0,69.5329971313,142.728160912551,49.695657286055,270937.53,661625.87,12,8,69.533
NS76SW_1441,1,1_2,2.61212292002,-9999.0,-9999.0,-9999.0,70.1920013428,68.5892065080452,33.1336442308289,270906.33,661622.64,12,8,70.192
NS76SW_1444,1,1_2,6.75718247665,-9999.0,-9999.0,-9999.0,70.2559967041,230.635241607364,70.0602689828629,270883.94,661622.66,28,16,70.256
NS76SW_1449,1,1_2,2.3393352448,-9999.0,-9999.0,-9999.0,70.9950027466,33.3012375055829,23.4793231042031,270761.39,661615.01,12,8,70.995
NS76SW_1450,1,1_2,6.52722123923,-9999.0,-9999.0,-9999.0,70.8479995728,247.246564556568,75.1090937708144,270826.46,661619.19,12,8,70.848
NS76SW_1451,1,1_2,4.10527541233,-9999.0,-9999.0,-9999.0,69.4599990845,140.735567997113,49.3828411999762,270954.31,661617.13,12,8,69.46
NS76SW_1453,1,1_2,5.83138230348,-9999.0,-9999.0,-9999.0,70.9550018311,147.148501396353,52.4654025543649,270747.29,661615.51,20,12,70.955
NS76SW_1457,1,1_2,6.45551118245,-9999.0,-9999.0,-9999.0,68.9639968872,246.628008043913,74.573935531688,271217.56,661620.24,12,8,68.964
NS76SW_1459,1,1_2,2.29708159476,-9999.0,-9999.0,-9999.0,68.9499969482,41.0430900050205,25.7087939209954,271122.55,661606.5,12,8,68.95
NS76SW_1463,1,1_2,2.40616020367,-9999.0,-9999.0,-9999.0,70.6660003662,38.0097787571904,30.1663821651794,270774.4,661605.52,16,10,70.666
NS76SW_1464,1,1_2,4.12831119817,-9999.0,-9999.0,-9999.0,69.4209976196,148.312467480047,50.3195839764559,270971.11,661608.32,12,8,69.421
NS76SW_1467,1,1_2,2.30436608958,-9999.0,-9999.0,-9999.0,70.9681015015,24.2271562493406,23.1483229392855,270761.28,661600.76,8,6,70.968
NS76SW_1468,1,1_2,6.39249788759,-9999.0,-9999.0,-9999.0,69.1529998779,239.595476260434,74.0246718569561,271193.64,661602.99,12,8,69.153
NS76SW_1469,1,1_2,6.41447016761,-9999.0,-9999.0,-9999.0,69.2570037842,253.835536752564,76.0490261973594,270912.16,661607.72,12,8,69.257
NS76SW_1473,1,1_2,6.88529783966,-9999.0,-9999.0,-9999.0,67.5469970703,342.672379980102,92.7122658062469,271076.02,661613.66,12,8,67.547
NS76SW_1475,1,1_2,6.3897970494,-9999.0,-9999.0,-9999.0,68.216003418,245.049401964745,74.5129466007336,271141.12,661609.72,12,8,68.216
NS76SW_1478,1,1_2,2.27044411826,-9999.0,-9999.0,-9999.0,67.858001709,263.135160418465,103.305165988679,271094.94,661607.8,60,32,67.858
NS76SW_1480,1,1_2,2.1992139183,-9999.0,-9999.0,-9999.0,67.4189987183,260.877960570718,96.3837946042065,271113.77,661612.0,12,8,67.419
NS76SW_1483,1,1_2,5.49230750064,-9999.0,-9999.0,-9999.0,70.5650024414,156.084834830868,56.2107774666192,270731.15,661598.04,20,12,70.565
NS76SW_1485,1,1_2,2.8018209776,-9999.0,-9999.0,-9999.0,70.4029998779,112.224093359229,42.4369197833414,270788.3,661591.72,12,8,70.403
NS76SW_1489,1,1_2,4.2303926776,-9999.0,-9999.0,-9999.0,69.2760009766,145.457627508759,49.9109274755928,270980.46,661591.37,12,8,69.276
NS76SW_1492,1,1_2,5.90737883913,-9999.0,-9999.0,-9999.0,69.9879989624,268.730451958134,80.9146770977011,270837.79,661592.83,20,12,69.988
NS76SW_1494,1,1_2,2.61918226201,-9999.0,-9999.0,-9999.0,69.9739990234,28.5791174998744,24.6553031247382,270812.36,661577.7,8,6,69.974
NS76SW_1495,1,1_2,6.28491305601,-9999.0,-9999.0,-9999.0,68.9039993286,377.883181056414,105.006290917791,270949.16,661588.82,12,8,68.904
NS76SW_1496,1,1_2,2.54975999196,-9999.0,-9999.0,-9999.0,69.8909988403,124.884670159336,54.7629473977184,271217.78,661581.25,28,16,69.891
NS76SW_1498,1,1_2,6.99383775133,-9999.0,-9999.0,-9999.0,69.3730010986,232.602857795558,72.8753394776486,271083.4,661582.62,28,16,69.373
NS76SW_1499,1,1_2,6.50968416557,-9999.0,-9999.0,-9999.0,69.2149963379,244.472577987492,74.5279211442607,270899.31,661581.94,12,8,69.215
NS76SW_1500,1,1_2,4.17899211978,-9999.0,-9999.0,-9999.0,69.7779998779,147.712872887148,50.650531464931,271026.24,661579.4,16,10,69.778
NS76SW_1501,1,1_2,6.50465388197,-9999.0,-9999.0,-9999.0,69.4199981689,242.280687327765,73.9567698170229,271169.76,661586.01,12,8,69.42
NS76SW_1504,1,1_2,6.32249818025,-9999.0,-9999.0,-9999.0,70.7460021973,247.611814738952,74.7747702072268,270750.14,661579.67,12,8,70.746
NS76SW_1505,1,1_2,4.27103454188,-9999.0,-9999.0,-9999.0,69.4280014038,135.551125880868,48.4875133355379,271006.68,661577.76,12,8,69.428
NS76SW_1506,1,1_2,5.56271645694,-9999.0,-9999.0,-9999.0,70.8949966431,4767.31292351573,508.867753953179,270642.89,661616.21,156,80,70.895
NS76SW_1507,1,1_2,5.38024006554,-9999.0,-9999.0,-9999.0,69.7740020752,155.074405829117,56.4067605891673,271140.63,661578.76,20,12,69.774
NS76SW_1511,1,1_2,6.77754639454,-9999.0,-9999.0,-9999.0,70.0459976196,256.274211342965,76.2400340908486,271118.02,661570.01,12,8,70.046
NS76SW_1515,1,1_2,4.30067481165,-9999.0,-9999.0,-9999.0,70.28099823,139.427459817285,49.254024943193,271043.94,661570.07,12,8,70.281
NS76SW_1516,1,1_2,6.40111827451,-9999.0,-9999.0,-9999.0,70.1470031738,243.597897386979,74.2432616978757,271196.39,661567.97,12,8,70.147
NS76SW_1517,1,1_2,6.67720285285,-9999.0,-9999.0,-9999.0,69.5569992065,260.585561827178,76.2062040943066,270870.25,661577.14,12,8,69.557
NS76SW_1518,1,1_2,6.31573849333,-9999.0,-9999.0,-9999.0,69.3290023804,251.482538094201,75.0331220515884,271234.14,661567.33,12,8,69.329
NS76SW_1521,1,1_2,6.16321542879,-9999.0,-9999.0,-9999.0,70.3899993896,263.992589156045,81.8645022908864,270780.96,661565.45,28,16,70.39
NS76SW_1523,1,1_2,4.24950756345,-9999.0,-9999.0,-9999.0,70.6839981079,141.399407159687,49.599319071873,271061.66,661560.82,12,8,70.684
NS76SW_1524,1,1_2,6.19449473018,-9999.0,-9999.0,-9999.0,69.5210037231,299.248310225944,82.9700135457897,270844.99,661563.88,20,12,69.521
NS76SW_1529,1,1_2,4.34327555046,-9999.0,-9999.0,-9999.0,70.9530029297,140.080322635619,49.2361054753176,271079.26,661551.62,12,8,70.953
NS76SW_1530,1,1_2,6.1155564645,-9999.0,-9999.0,-9999.0,69.0640029907,258.271412045244,76.0076606920423,270912.09,661555.56,12,8,69.064
NS76SW_1533,1,1_2,6.18000428096,-9999.0,-9999.0,-9999.0,69.71900177,284.396601038335,84.3632385211596,270811.46,661547.99,28,16,69.719
NS76SW_1534,1,1_2,2.39609866672,-9999.0,-9999.0,-9999.0,69.3700027466,27.5850524999936,24.4276132897992,270865.68,661541.44,8,6,69.37
NS76SW_1535,1,1_2,6.23816623125,-9999.0,-9999.0,-9999.0,69.4110031128,381.625854324732,105.231775872507,271022.58,661551.4,20,12,69.411
NS76SW_1537,1,1_2,2.46653146819,-9999.0,-9999.0,-9999.0,69.9620056152,34.7458724911589,24.3885734629963,271209.24,661540.57,12,8,69.962
NS76SW_1538,1,1_2,6.56831905274,-9999.0,-9999.0,-9999.0,71.0469970703,245.245416116629,74.2928569006602,271117.77,661541.23,12,8,71.047
NS76SW_1542,1,1_2,6.42478788094,-9999.0,-9999.0,-9999.0,69.0609970093,250.371678195523,74.8470984848234,270972.69,661544.42,12,8,69.061
NS76SW_1543,1,1_2,6.4727329585,-9999.0,-9999.0,-9999.0,70.5557022095,243.784504086357,74.5736150770803,270721.8,661543.67,12,8,70.556
NS76SW_1544,1,1_2,6.82780014421,-9999.0,-9999.0,-9999.0,68.361000061,251.228018351352,74.8057572832219,271233.72,661538.89,12,8,68.361
NS76SW_1550,1,1_2,6.23839475956,-9999.0,-9999.0,-9999.0,68.9960021973,251.451640033575,75.3242822624046,270943.98,661539.51,12,8,68.996
NS76SW_1551,1,1_2,2.50242305147,-9999.0,-9999.0,-9999.0,69.1500015259,21.5964525012881,21.3375661042795,270979.18,661527.07,8,6,69.15
NS76SW_1552,1,1_2,6.29954674381,-9999.0,-9999.0,-9999.0,71.3150024414,111.354641892975,43.1688235346627,271140.36,661530.94,12,8,71.315
NS76SW_1554,1,1_2,5.95670692221,-9999.0,-9999.0,-9999.0,69.4469985962,298.769969669611,100.372038969115,270843.56,661537.93,28,16,69.447
NS76SW_1555,1,1_2,6.46501054764,-9999.0,-9999.0,-9999.0,70.2860031128,242.838518047735,74.4624954178742,271059.28,661532.51,12,8,70.286
NS76SW_1556,1,1_2,6.63580082337,-9999.0,-9999.0,-9999.0,69.6978759766,112.223025595465,43.4659474478878,271209.63,661528.72,12,8,69.698
NS76SW_1559,1,1_2,2.42365071311,-9999.0,-9999.0,-9999.0,71.0599975586,21.2329049976506,21.1091613766416,270712.05,661521.45,8,6,71.06
NS76SW_1560,1,1_2,6.49279419135,-9999.0,-9999.0,-9999.0,70.9209976196,245.031855589032,74.1963481537103,270692.4,661531.93,12,8,70.921
NS76SW_1561,1,1_2,6.29083757731,-9999.0,-9999.0,-9999.0,69.1139984131,249.876784866429,74.7900535717528,270917.58,661527.04,12,8,69.114
NS76SW_1564,1,1_2,6.36424379689,-9999.0,-9999.0,-9999.0,70.4873352051,114.849095510402,44.1380728630078,271084.18,661519.87,12,8,70.487
NS76SW_1572,1,1_2,6.43771866878,-9999.0,-9999.0,-9999.0,69.1279983521,254.749613038845,78.655795924462,270873.86,661515.92,28,16,69.128
NS76SW_1573,1,1_2,6.40435807522,-9999.0,-9999.0,-9999.0,71.3050003052,110.392431060323,43.2098929566573,271140.07,661512.51,12,8,71.305
NS76SW_1575,1,1_2,2.56183076241,-9999.0,-9999.0,-9999.0,70.4400024414,20.6222512505274,23.0443794212233,271120.03,661506.64,8,6,70.44
NS76SW_1576,1,1_2,6.74501341078,-9999.0,-9999.0,-9999.0,69.8379974365,115.929976431485,43.8473570418961,271209.2,661510.67,12,8,69.838
NS76SW_1577,1,1_2,6.33580750958,-9999.0,-9999.0,-9999.0,68.9629974365,271.13619353217,80.6506472165528,270986.21,661519.42,12,8,68.963
NS76SW_1581,1,1_2,6.4231898439,-9999.0,-9999.0,-9999.0,69.8820037842,274.849617396319,81.3266901264373,270786.95,661510.07,12,8,69.882
NS76SW_1582,1,1_2,6.26788393323,-9999.0,-9999.0,-9999.0,71.1949996948,242.852252153704,74.2197670890173,270728.83,661512.86,12,8,71.195
NS76SW_1586,1,1_2,2.46215817487,-9999.0,-9999.0,-9999.0,68.9580001831,70.786136557257,35.5013011602999,270966.38,661501.42,20,12,68.958
NS76SW_1587,1,1_2,5.85868143574,-9999.0,-9999.0,-9999.0,69.2210006714,294.109153254415,89.4397444187145,271044.04,661507.55,44,24,69.221
NS76SW_1590,1,1_2,2.08681722121,-9999.0,-9999.0,-9999.0,71.6200027466,25.9353824984222,23.5179020056099,270704.65,661498.09,8,6,71.62
NS76SW_1591,1,1_2,6.48595486759,-9999.0,-9999.0,-9999.0,69.8710021973,114.418614563643,43.7905258988966,271093.14,661501.12,12,8,69.871
NS76SW_1593,1,1_2,2.86037645046,-9999.0,-9999.0,-9999.0,67.4680023193,126.817357682452,73.671394318562,271227.83,661499.97,44,24,67.468
NS76SW_1598,1,1_2,6.22869968122,-9999.0,-9999.0,-9999.0,69.0989990234,249.448810788402,75.0315848604011,271017.24,661501.72,12,8,69.099
NS76SW_1599,1,1_2,6.75020950832,-9999.0,-9999.0,-9999.0,70.6380004883,115.069040293538,43.9400176378264,271139.78,661494.11,12,8,70.638
NS76SW_1601,1,1_2,6.33320481576,-9999.0,-9999.0,-9999.0,68.9840011597,403.226018870635,112.204702260291,270912.91,661497.42,28,16,68.984
NS76SW_1603,1,1_2,6.89672090983,-9999.0,-9999.0,-9999.0,70.3160018921,251.218168972435,75.2593145544095,270761.13,661496.25,12,8,70.316
NS76SW_1606,1,1_2,5.63199647778,-9999.0,-9999.0,-9999.0,68.908996582,176.832644245495,66.2750150559642,271211.49,661490.86,36,20,68.909
NS76SW_1607,1,1_2,5.73607182829,-9999.0,-9999.0,-9999.0,69.0059967041,300.590233568882,90.3080826617494,270989.16,661489.97,28,16,69.006
NS76SW_1611,1,1_2,6.75861851428,-9999.0,-9999.0,-9999.0,70.2630004883,376.4651556783,105.223919039065,271173.98,661482.79,16,10,70.263
NS76SW_1612,1,1_2,5.29470657042,-9999.0,-9999.0,-9999.0,71.6910018921,355.735360786654,99.0724784930652,270674.15,661495.5,32,18,71.691
NS76SW_1613,1,1_2,6.40403716725,-9999.0,-9999.0,-9999.0,71.1200027466,247.027659906825,74.4958203458593,270734.35,661483.65,12,8,71.12
NS76SW_1616,1,1_2,2.54461415609,-9999.0,-9999.0,-9999.0,72.15599823,26.6171924980818,23.5229547772244,270704.17,661475.62,8,6,72.156
NS76SW_1620,1,1_2,7.99461182681,-9999.0,-9999.0,-9999.0,68.9980010986,26.5785299964148,23.5258972706972,271115.75,661471.72,8,6,68.998
NS76SW_1623,1,1_2,6.51162405805,-9999.0,-9999.0,-9999.0,69.3700027466,247.333575797064,75.0252128501768,270853.94,661475.38,12,8,69.37
NS76SW_1626,1,1_2,6.37435916262,-9999.0,-9999.0,-9999.0,69.8300018311,244.764757344799,74.4760721022343,270793.71,661479.62,12,8,69.83
NS76SW_1627,1,1_2,5.91028538683,-9999.0,-9999.0,-9999.0,68.8339996338,288.780762940025,83.7867545720171,270952.5,661475.66,12,8,68.834
NS76SW_1631,1,1_2,6.39446374885,-9999.0,-9999.0,-9999.0,69.7460021973,254.474949776231,75.0758849079655,271063.76,661475.36,12,8,69.746
NS76SW_1632,1,1_2,6.62901904366,-9999.0,-9999.0,-9999.0,69.5110015869,247.60483077064,75.1119526831339,271092.84,661474.87,12,8,69.511
NS76SW_1639,1,1_2,2.29039491253,-9999.0,-9999.0,-9999.0,70.0059967041,23.7659887447499,22.9680116715684,271092.71,661456.39,8,6,70.006
NS76SW_1640,1,1_2,6.35290816383,-9999.0,-9999.0,-9999.0,68.9869995117,260.791175777352,75.1714155707753,270987.93,661462.22,12,8,68.987
NS76SW_1643,1,1_2,6.58528050451,-9999.0,-9999.0,-9999.0,72.2720031738,385.440058884597,106.544955284733,270690.5,661465.21,12,8,72.272
NS76SW_1648,1,1_2,6.41838178217,-9999.0,-9999.0,-9999.0,69.3219985962,423.934899228236,129.228940803085,271033.56,661455.53,36,20,69.322
NS76SW_1650,1,1_2,6.33646004782,-9999.0,-9999.0,-9999.0,69.65599823,258.595279943217,75.4120458203411,270826.18,661462.86,12,8,69.656
NS76SW_1651,1,1_2,6.61209373778,-9999.0,-9999.0,-9999.0,68.8330001831,386.349796675858,110.657617398529,271124.87,661453.83,28,16,68.833
NS76SW_1652,1,1_2,6.51136882659,-9999.0,-9999.0,-9999.0,67.2099990845,373.270742464381,105.033841848048,271174.49,661451.77,12,8,67.21
NS76SW_1653,1,1_2,6.3537338226,-9999.0,-9999.0,-9999.0,65.8389968872,394.641381917482,105.981840318607,271223.58,661451.04,12,8,65.839
NS76SW_1658,1,1_2,2.35573709422,-9999.0,-9999.0,-9999.0,71.1829986572,22.3304700017616,19.2986805400742,270765.92,661444.35,12,8,71.183
NS76SW_1659,1,1_2,6.4087331496,-9999.0,-9999.0,-9999.0,69.9609985352,244.140489834122,74.5623535710535,270799.03,661450.29,12,8,69.961
NS76SW_1662,1,1_2,6.12099425442,-9999.0,-9999.0,-9999.0,71.8362884521,322.960873886565,98.0244313497572,270730.13,661445.5,44,24,71.836
NS76SW_1667,1,1_2,2.79062012703,-9999.0,-9999.0,-9999.0,69.9850006104,86.50636499559,51.0468241158982,270794.71,661429.87,32,18,69.985
NS76SW_1676,1,1_2,6.07333481422,-9999.0,-9999.0,-9999.0,70.922996521,342.840255196082,93.5681930456472,270765.14,661428.11,28,16,70.923
NS76SW_1678,1,1_2,6.72051629305,-9999.0,-9999.0,-9999.0,68.9909973145,537.904901062708,134.556390451638,270942.9,661431.0,28,16,68.991
NS76SW_1687,1,1_2,6.22759491761,-9999.0,-9999.0,-9999.0,73.5329971313,232.856948222652,71.1380793297177,270641.19,661414.13,28,16,73.533
NS76SW_1689,1,1_2,7.13881418992,-9999.0,-9999.0,-9999.0,69.2559967041,482.846688513149,121.797026018784,271000.78,661411.99,12,8,69.256
NS76SW_1691,1,1_2,6.02668890788,-9999.0,-9999.0,-9999.0,71.6600036621,488.654946960087,125.779909420232,270721.5,661417.03,48,26,71.66
NS76SW_1694,1,1_2,7.1399024419,-9999.0,-9999.0,-9999.0,69.6480026245,480.521316846129,121.929555083989,271117.22,661405.31,12,8,69.648
NS76SW_1695,1,1_2,6.84279419039,-9999.0,-9999.0,-9999.0,70.7080001831,507.530319687084,128.702276675751,271060.08,661406.49,28,16,70.708
NS76SW_1696,1,1_2,7.09212622609,-9999.0,-9999.0,-9999.0,65.0491256714,398.890788263511,106.276833545993,271227.4,661404.98,12,8,65.049
NS76SW_1699,1,1_2,7.1884016539,-9999.0,-9999.0,-9999.0,66.8820037842,492.703716440451,125.434807272103,271174.25,661403.74,20,12,66.882
NS76SW_1702,1,1_2,2.28207505268,-9999.0,-9999.0,-9999.0,69.1510009766,27.2862824976145,22.2714803613357,270905.54,661395.79,12,8,69.151
NS76SW_1704,1,1_2,6.29679215804,-9999.0,-9999.0,-9999.0,69.3499984741,650.641652779778,172.76146292402,270851.22,661426.86,28,16,69.35
NS76SW_1705,1,1_2,5.77071020891,-9999.0,-9999.0,-9999.0,72.7374038696,319.517969103423,110.372273914228,270683.31,661409.7,44,24,72.737
NS76SW_1706,1,1_2,6.42424655322,-9999.0,-9999.0,-9999.0,69.9850006104,449.778155587921,124.149032216413,270804.63,661404.95,36,20,69.985
NS76SW_1712,1,1_2,2.58372858068,-9999.0,-9999.0,-9999.0,72.1849975586,27.403139999033,23.9374973093309,270726.04,661387.8,8,6,72.185
NS76SW_1714,1,1_2,2.28014062375,-9999.0,-9999.0,-9999.0,71.6763458252,26.5005674979751,22.9786996288614,271098.17,661384.12,12,8,71.676
NS76SW_1715,1,1_2,6.31159365579,-9999.0,-9999.0,-9999.0,70.6029968262,369.416782842491,96.9565829350207,270765.42,661393.87,12,8,70.603
NS76SW_1722,1,1_2,6.7372125602,-9999.0,-9999.0,-9999.0,69.2201004028,678.517388499664,167.841823694807,270890.25,661406.98,44,24,69.22
NS76SW_1726,1,1_2,6.52716257681,-9999.0,-9999.0,-9999.0,69.5,328.279527776847,95.9058418462669,270950.24,661382.72,52,28,69.5
NS76SW_1728,1,1_2,6.59191509526,-9999.0,-9999.0,-9999.0,72.53099823,246.194174763212,74.6562691919224,270666.93,661384.42,12,8,72.531
NS76SW_1729,1,1_2,2.28373986322,-9999.0,-9999.0,-9999.0,71.7443313599,23.5808212496306,21.4742047151355,271100.46,661372.42,16,10,71.744
NS76SW_1731,1,1_2,6.46577720125,-9999.0,-9999.0,-9999.0,69.9729995728,246.799867669593,74.6805922469581,270799.49,661377.17,12,8,69.973
NS76SW_1732,1,1_2,2.55228792826,-9999.0,-9999.0,-9999.0,69.5559997559,31.5665250011953,22.8684308391737,270875.32,661367.92,12,8,69.556
NS76SW_1734,1,1_2,2.36855830916,-9999.0,-9999.0,-9999.0,66.263999939,23.8273387517089,23.3907945161189,271218.72,661367.59,8,6,66.264
NS76SW_1737,1,1_2,6.69670640177,-9999.0,-9999.0,-9999.0,69.46900177,308.638892108141,89.4782008835417,270921.43,661372.82,32,18,69.469
NS76SW_1738,1,1_2,2.17831598479,-9999.0,-9999.0,-9999.0,67.2713317871,31.3772540753681,27.4598208748043,271199.1,661361.47,12,8,67.271
NS76SW_1742,1,1_2,6.49800245674,-9999.0,-9999.0,-9999.0,71.5130004883,246.617125535567,68.6674371192237,271116.28,661363.74,12,8,71.513
NS76SW_1743,1,1_2,7.31130356438,-9999.0,-9999.0,-9999.0,65.5250015259,135.09438080541,47.7968384255881,271234.35,661359.37,12,8,65.525
NS76SW_1746,1,1_2,6.37740436475,-9999.0,-9999.0,-9999.0,71.6829986572,504.726200516394,122.248113426624,270739.65,661367.89,12,8,71.683
NS76SW_1748,1,1_2,6.53866815777,-9999.0,-9999.0,-9999.0,72.3330001831,117.129549251445,44.4137515975404,270669.08,661358.76,12,8,72.333
NS76SW_1749,1,1_2,7.37144888135,-9999.0,-9999.0,-9999.0,69.6050033569,267.498738748217,76.2214246225482,270891.79,661360.57,12,8,69.605
NS76SW_1751,1,1_2,7.06085652024,-9999.0,-9999.0,-9999.0,66.4499969482,139.935521752641,48.1111532410023,271212.71,661354.14,12,8,66.45
NS76SW_1755,1,1_2,6.49423599647,-9999.0,-9999.0,-9999.0,72.0500030518,240.395600637946,67.7912758480934,271089.13,661356.51,12,8,72.05
NS76SW_1759,1,1_2,6.19420243988,-9999.0,-9999.0,-9999.0,72.3799972534,350.473683552762,95.6344780731912,270696.67,661360.2,28,16,72.38
NS76SW_1761,1,1_2,6.67121476947,-9999.0,-9999.0,-9999.0,70.5260009766,246.920434463004,68.8075355968023,271141.04,661350.64,12,8,70.526
NS76SW_1763,1,1_2,7.09741270336,-9999.0,-9999.0,-9999.0,70.4759979248,293.105146897848,81.6953802970358,270955.96,661353.89,20,12,70.476
NS76SW_1766,1,1_2,2.54859922996,-9999.0,-9999.0,-9999.0,70.2770004272,147.558625321459,60.1600290764102,270779.77,661347.52,12,8,70.277
NS76SW_1768,1,1_2,6.13282526254,-9999.0,-9999.0,-9999.0,69.9219970703,278.021306581697,85.4452709786465,270810.73,661349.16,36,20,69.922
NS76SW_1769,1,1_2,7.11103145253,-9999.0,-9999.0,-9999.0,67.875,140.279674758153,48.6119846445597,271193.64,661342.11,12,8,67.875
NS76SW_1772,1,1_2,2.82780865112,-9999.0,-9999.0,-9999.0,71.2399978638,47.7396712463209,27.2346751209596,270764.53,661333.91,16,10,71.24
NS76SW_1774,1,1_2,2.66541034072,-9999.0,-9999.0,-9999.0,68.7880020142,34.1546549991834,23.7857714987336,271184.14,661332.15,12,8,68.788
NS76SW_1775,1,1_2,6.80143127281,-9999.0,-9999.0,-9999.0,69.5986633301,245.857176950927,68.7179844260185,271166.12,661337.38,12,8,69.599
NS76SW_1778,1,1_2,7.25947474897,-9999.0,-9999.0,-9999.0,66.2649993896,137.833508485671,48.1798344555477,271235.11,661330.5,12,8,66.265
NS76SW_1782,1,1_2,6.51240519537,-9999.0,-9999.0,-9999.0,72.4160003662,245.113618672144,68.6743379299218,271098.67,661329.52,12,8,72.416
NS76SW_1788,1,1_2,6.04347220585,-9999.0,-9999.0,-9999.0,66.8379974365,193.143915770437,67.1041720340459,271217.41,661321.94,36,20,66.838
NS76SW_1789,1,1_2,7.0678631672,-9999.0,-9999.0,-9999.0,69.9759979248,540.705898541308,160.215959961874,270866.77,661329.92,36,20,69.976
NS76SW_1791,1,1_2,5.76403055649,-9999.0,-9999.0,-9999.0,71.8280029297,178.426312494756,57.3104351794762,270749.74,661318.99,28,16,71.828
NS76SW_1793,1,1_2,6.63119249107,-9999.0,-9999.0,-9999.0,70.9280014038,248.946815936295,69.0224732572029,271123.37,661316.62,12,8,70.928
NS76SW_1794,1,1_2,6.96373006143,-9999.0,-9999.0,-9999.0,70.5240020752,250.987394117479,75.7579154567113,270795.77,661319.36,12,8,70.524
NS76SW_1795,1,1_2,6.93181083208,-9999.0,-9999.0,-9999.0,72.5569992065,426.440229183518,128.682803201788,270971.65,661319.41,40,22,72.557
NS76SW_1797,1,1_2,2.44165868537,-9999.0,-9999.0,-9999.0,67.2220001221,44.3849887505135,26.7848839349395,271220.91,661307.36,12,8,67.222
NS76SW_1800,1,1_2,5.44289639727,-9999.0,-9999.0,-9999.0,71.7850036621,204.394203756042,70.312489104927,270770.77,661310.06,36,20,71.785
NS76SW_1803,1,1_2,6.54023799896,-9999.0,-9999.0,-9999.0,70.4010009766,246.56024223637,68.9128618330258,271148.39,661303.48,12,8,70.401
NS76SW_1805,1,1_2,6.6949677234,-9999.0,-9999.0,-9999.0,71.8180007935,297.000565963379,88.6885943850765,270889.07,661307.65,28,16,71.818
NS76SW_1808,1,1_2,7.10856409392,-9999.0,-9999.0,-9999.0,73.358001709,263.109859640826,75.8206202949363,270950.24,661299.28,12,8,73.358
NS76SW_1810,1,1_2,7.30911616123,-9999.0,-9999.0,-9999.0,71.1190032959,266.255028954893,75.9775291165032,270835.22,661298.7,12,8,71.119
NS76SW_1811,1,1_2,7.31414967449,-9999.0,-9999.0,-9999.0,67.9990005493,275.967832515853,76.6372527611152,271197.67,661298.25,12,8,67.999
NS76SW_1812,1,1_2,7.16644252032,-9999.0,-9999.0,-9999.0,68.3653335571,132.33054411284,47.2250499071349,271242.73,661286.1,12,8,68.365
NS76SW_1814,1,1_2,6.69650533276,-9999.0,-9999.0,-9999.0,74.5690002441,141.648118213352,49.110980050672,270973.25,661287.36,12,8,74.569
NS76SW_1817,1,1_2,6.76140284884,-9999.0,-9999.0,-9999.0,74.6999969482,192.468845082481,59.6150216650436,271037.91,661286.51,12,8,74.7
NS76SW_1821,1,1_2,3.53433610817,-9999.0,-9999.0,-9999.0,70.2129974365,53.4687720885484,29.6245978579722,271158.28,661281.24,12,8,70.213
NS76SW_1822,1,1_2,6.86017472352,-9999.0,-9999.0,-9999.0,73.1464996338,266.253951063631,75.9773810334266,270920.96,661288.65,12,8,73.147
NS76SW_1831,1,1_2,2.84896281849,-9999.0,-9999.0,-9999.0,68.8000030518,43.0340325030806,26.7933148125464,271208.95,661271.4,12,8,68.8
NS76SW_1832,1,1_2,7.01087441369,-9999.0,-9999.0,-9999.0,72.6449966431,284.13555289936,77.3275287003026,270893.71,661277.53,12,8,72.645
NS76SW_1833,1,1_2,7.47203149051,-9999.0,-9999.0,-9999.0,69.0810012817,134.785287238254,47.7906193727635,271185.68,661275.11,12,8,69.081
NS76SW_1835,1,1_2,6.85591229723,-9999.0,-9999.0,-9999.0,74.8929977417,271.607557291501,76.3952441421543,270996.42,661275.39,12,8,74.893
NS76SW_1836,1,1_2,7.20860462348,-9999.0,-9999.0,-9999.0,73.483001709,274.941447798616,75.0690729178703,271066.23,661275.56,12,8,73.483
NS76SW_1837,1,1_2,6.84362964526,-9999.0,-9999.0,-9999.0,68.6029968262,137.841110692764,48.3162453319921,271224.25,661272.51,12,8,68.603
NS76SW_1840,1,1_2,6.86721309959,-9999.0,-9999.0,-9999.0,72.7450027466,240.705538146972,67.9936434031767,270840.73,661270.33,12,8,72.745
NS76SW_1848,1,1_2,6.85268534206,-9999.0,-9999.0,-9999.0,74.5410003662,189.914266011295,59.1985325057775,271024.17,661259.85,12,8,74.541
NS76SW_1849,1,1_2,6.96088489628,-9999.0,-9999.0,-9999.0,72.3089981079,194.643771258565,59.9844695458113,271091.39,661258.76,12,8,72.309
NS76SW_1850,1,1_2,6.71879362449,-9999.0,-9999.0,-9999.0,73.2409973145,240.985187461483,68.0306179808378,270865.17,661257.62,12,8,73.241
NS76SW_1851,1,1_2,6.81364995155,-9999.0,-9999.0,-9999.0,69.2460021973,141.225490662897,48.9425109378074,271215.44,661254.69,12,8,69.246
NS76SW_1857,1,1_2,6.67823507164,-9999.0,-9999.0,-9999.0,70.4000015259,249.445651311127,75.9040942089824,271141.46,661253.99,44,24,70.4
NS76SW_1865,1,1_2,7.23572454475,-9999.0,-9999.0,-9999.0,69.7419967651,1391.91879532152,151.157402965608,270634.09,661262.08,12,8,69.742
NS76SW_1869,1,1_2,11.6462015095,-9999.0,-9999.0,-9999.0,71.2860031128,695.641839700135,155.739139698144,270707.71,661250.46,72,38,71.286
NS76SW_1000,1,1_3,6.3949898413,-9999.0,-9999.0,-9999.0,61.7420005798,206.322680072901,63.6019276405648,270965.23,661983.11,12,8,61.742
NS76SW_1004,1,1_3,5.74715440058,-9999.0,-9999.0,-9999.0,59.5426673889,266.755887640172,89.232992567508,271205.91,661981.54,44,24,59.543
NS76SW_1011,1,1_3,6.32228852593,-9999.0,-9999.0,-9999.0,66.4209976196,1054.57049959369,137.077515289084,270727.06,661992.53,36,20,66.421
NS76SW_1012,1,1_3,6.57003813677,-9999.0,-9999.0,-9999.0,61.7270011902,195.06692938238,62.6598876289533,270992.25,661975.5,12,8,61.727
NS76SW_1014,1,1_3,6.85096382638,-9999.0,-9999.0,-9999.0,62.5279998779,198.727148039303,62.7472883476299,271079.55,661978.65,12,8,62.528
NS76SW_1018,1,1_3,6.62250854146,-9999.0,-9999.0,-9999.0,61.9570007324,202.545142677715,63.2966209802354,271121.53,661974.56,12,8,61.957
NS76SW_1020,1,1_3,2.36749770221,-9999.0,-9999.0,-9999.0,62.0676651001,24.4219274986844,22.559250406127,271088.6,661963.8,12,8,62.068
NS76SW_1026,1,1_3,6.56141739371,-9999.0,-9999.0,-9999.0,62.1069984436,202.648875543199,63.4523561024195,270930.31,661962.26,12,8,62.107
NS76SW_1028,1,1_3,6.68587030053,-9999.0,-9999.0,-9999.0,60.7239990234,197.417346131814,62.7162363712373,271168.71,661961.51,12,8,60.724
NS76SW_1036,1,1_3,6.54657659099,-9999.0,-9999.0,-9999.0,61.8950004578,201.519257287022,63.3516519405578,270957.37,661954.72,12,8,61.895
NS76SW_1037,1,1_3,6.10060269969,-9999.0,-9999.0,-9999.0,60.0870018005,143.821105767256,53.4532166882055,271192.87,661953.37,28,16,60.087
NS76SW_1038,1,1_3,2.53765898484,-9999.0,-9999.0,-9999.0,59.7130012512,22.4475974964131,22.8896198015646,271204.91,661949.62,8,6,59.713
NS76SW_1046,1,1_3,4.15833609868,-9999.0,-9999.0,-9999.0,61.0069999695,131.42719898068,47.6330205671945,271144.36,661949.76,12,8,61.007
NS76SW_1047,1,1_3,8.0645748994,-9999.0,-9999.0,-9999.0,66.2819976807,1704.99475686294,182.130640037421,270777.05,661971.1,36,20,66.282
NS76SW_1048,1,1_3,6.4876583132,-9999.0,-9999.0,-9999.0,58.8876686096,327.517007791557,98.5445589655897,271233.51,661957.9,28,16,58.888
NS76SW_1049,1,1_3,6.84688450963,-9999.0,-9999.0,-9999.0,62.0089988708,201.515042848312,63.2501058815901,271071.23,661952.74,12,8,62.009
NS76SW_1051,1,1_3,6.59264601894,-9999.0,-9999.0,-9999.0,61.8429985046,202.103739375563,63.32917739383,270984.33,661947.15,12,8,61.843
NS76SW_1058,1,1_3,6.72425357661,-9999.0,-9999.0,-9999.0,61.2420005798,240.386842457701,72.2254918944261,271112.4,661945.96,16,10,61.242
NS76SW_1059,1,1_3,6.52829527126,-9999.0,-9999.0,-9999.0,62.4370002747,234.323590121105,73.4156382142081,270908.2,661945.26,28,16,62.437
NS76SW_1065,1,1_3,6.6607671345,-9999.0,-9999.0,-9999.0,61.8260002136,103.831546328756,41.2722549185445,271064.54,661932.19,12,8,61.826
NS76SW_1071,1,1_3,6.68864346486,-9999.0,-9999.0,-9999.0,59.4770011902,207.714458763082,67.3272359988199,271211.73,661934.62,12,8,59.477
NS76SW_1079,1,1_3,6.71517066643,-9999.0,-9999.0,-9999.0,62.1780014038,281.429754936204,82.4644689850778,270915.58,661922.82,28,16,62.178
NS76SW_1080,1,1_3,6.59703441581,-9999.0,-9999.0,-9999.0,62.3909988403,230.037501104436,68.059989263865,270947.32,661920.58,12,8,62.391
NS76SW_1082,1,1_3,6.77723420092,-9999.0,-9999.0,-9999.0,61.7410011292,226.150496864862,67.955672119656,270990.53,661922.16,12,8,61.741
NS76SW_1085,1,1_3,3.32203948755,-9999.0,-9999.0,-9999.0,61.4620018005,36.1621462430483,24.2037661280156,271085.37,661911.0,12,8,61.462
NS76SW_1086,1,1_3,6.61665625081,-9999.0,-9999.0,-9999.0,61.8409996033,111.378493530206,42.5899404818344,271058.89,661913.62,12,8,61.841
NS76SW_1090,1,1_3,6.58767314374,-9999.0,-9999.0,-9999.0,61.1749992371,198.282936472997,62.8682867691998,271110.17,661914.21,12,8,61.175
NS76SW_1092,1,1_3,2.49075111389,-9999.0,-9999.0,-9999.0,66.4720001221,50.6691337526746,28.6396215716066,270795.82,661904.02,12,8,66.472
NS76SW_1098,1,1_3,1.96064125408,-9999.0,-9999.0,-9999.0,61.9020004272,22.2397875002624,19.4293998790442,270895.13,661898.1,12,8,61.902
NS76SW_1101,1,1_3,4.05826662298,-9999.0,-9999.0,-9999.0,66.5199966431,65.7923787161555,41.7024935997579,270659.85,661897.67,28,16,66.52
NS76SW_1107,1,1_3,4.61676504098,-9999.0,-9999.0,-9999.0,66.5049972534,35.6812312479718,44.5873868459533,270657.23,661893.34,16,10,66.505
NS76SW_1111,1,1_3,6.94306969562,-9999.0,-9999.0,-9999.0,61.7519989014,223.423132133541,67.6655494568594,270909.5,661893.9,12,8,61.752
NS76SW_1114,1,1_3,6.81384828117,-9999.0,-9999.0,-9999.0,62.2369995117,225.136929663919,67.7863063032534,270956.18,661895.14,12,8,62.237
NS76SW_1116,1,1_3,7.25249740739,-9999.0,-9999.0,-9999.0,59.033000946,316.397735894837,115.53020993189,271246.94,661907.23,12,8,59.033
NS76SW_1117,1,1_3,6.72279974837,-9999.0,-9999.0,-9999.0,62.1199989319,199.40234078408,62.9528526301231,271053.72,661892.36,12,8,62.12
NS76SW_1119,1,1_3,6.15010903338,-9999.0,-9999.0,-9999.0,62.2070007324,258.495095762623,78.3622823267456,270980.78,661892.14,20,12,62.207
NS76SW_1121,1,1_3,6.81648740266,-9999.0,-9999.0,-9999.0,59.4760017395,313.350090965654,93.4212191408365,271219.08,661897.86,12,8,59.476
NS76SW_1125,1,1_3,11.7040184172,-9999.0,-9999.0,-9999.0,65.4489974976,2397.57897211831,208.283575031635,270719.76,661911.19,36,20,65.449
NS76SW_1127,1,1_3,6.76987270359,-9999.0,-9999.0,-9999.0,61.7280006409,240.003530663139,72.2488220600004,271102.61,661883.74,12,8,61.728
NS76SW_1129,1,1_3,3.11386609077,-9999.0,-9999.0,-9999.0,62.483001709,56.1831976317515,30.1587774684825,271070.16,661875.36,12,8,62.483
NS76SW_1136,1,1_3,6.85453630325,-9999.0,-9999.0,-9999.0,61.6529998779,224.459352568097,67.7067700075734,270887.07,661876.46,12,8,61.653
NS76SW_829,1,1_3,3.92335589727,-9999.0,-9999.0,-9999.0,58.7490005493,23.2559925005719,22.16135506643,270625.49,662360.96,8,6,58.749
NS76SW_830,1,1_3,6.1273830697,-9999.0,-9999.0,-9999.0,58.6590003967,2280.82676092377,248.608057631298,270863.61,662392.14,116,60,58.659
NS76SW_833,1,1_3,7.97258113294,-9999.0,-9999.0,-9999.0,58.4879989624,3722.33000795065,276.022824624084,270962.65,662393.43,68,36,58.488
NS76SW_835,1,1_3,3.77620449334,-9999.0,-9999.0,-9999.0,58.5929985046,788.758495425759,116.568473390891,270644.99,662348.1,28,16,58.593
NS76SW_836,1,1_3,4.68422747673,-9999.0,-9999.0,-9999.0,59.1590003967,100.943631208241,45.5020629387491,270964.26,662326.56,20,12,59.159
NS76SW_837,1,1_3,8.95527624147,-9999.0,-9999.0,-9999.0,54.9290008545,5531.65078232202,369.211624323101,270758.42,662368.09,128,66,54.929
NS76SW_841,1,1_3,3.61687400621,-9999.0,-9999.0,-9999.0,63.7519989014,89.4533192408668,39.843354353077,271053.77,662271.06,12,8,63.752
NS76SW_843,1,1_3,2.59485566382,-9999.0,-9999.0,-9999.0,56.6339988708,82.8969287316013,41.8576082855905,270812.34,662256.19,20,12,56.634
NS76SW_845,1,1_3,6.59567420768,-9999.0,-9999.0,-9999.0,62.8540000916,170.327318524679,53.0651831813035,271023.22,662255.76,12,8,62.854
NS76SW_847,1,1_3,4.26620068351,-9999.0,-9999.0,-9999.0,62.7750015259,492.143862175949,100.218161986878,271046.7,662245.03,20,12,62.775
NS76SW_848,1,1_3,9.15647245961,-9999.0,-9999.0,-9999.0,58.3619995117,3001.03973078518,274.88891277796,270919.46,662267.97,36,20,58.362
NS76SW_853,1,1_3,6.74759730924,-9999.0,-9999.0,-9999.0,60.5359992981,224.003845387475,67.5015711271974,270999.16,662184.49,12,8,60.536
NS76SW_856,1,1_3,6.52349274388,-9999.0,-9999.0,-9999.0,60.6510009766,202.794329008065,63.4130568879855,271027.56,662179.39,12,8,60.651
NS76SW_860,1,1_3,6.61055837053,-9999.0,-9999.0,-9999.0,60.5299987793,229.275055435008,70.2876047725766,271053.6,662171.75,20,12,60.53
NS76SW_861,1,1_3,2.32886147013,-9999.0,-9999.0,-9999.0,60.6339988708,28.1112712543078,28.1323604202708,271038.54,662166.04,16,10,60.634
NS76SW_863,1,1_3,3.00803263982,-9999.0,-9999.0,-9999.0,61.4099998474,27.3969375018772,23.2066161269368,271004.51,662163.07,12,8,61.41
NS76SW_864,1,1_3,6.57792023023,-9999.0,-9999.0,-9999.0,60.7430000305,241.743681333242,74.2094644676987,270975.1,662168.17,28,16,60.743
NS76SW_865,1,1_3,8.63058605877,-9999.0,-9999.0,-9999.0,57.4350013733,3118.10331197687,296.084786198389,270697.61,662195.53,188,96,57.435
NS76SW_866,1,1_3,8.50378367834,-9999.0,-9999.0,-9999.0,58.158000946,2999.00718033509,304.235062983913,270911.77,662192.06,88,46,58.158
NS76SW_870,1,1_3,2.41479591851,-9999.0,-9999.0,-9999.0,61.4540023804,91.6372875036378,47.8466115773566,271039.49,662150.47,24,14,61.454
NS76SW_872,1,1_3,11.2184527699,-9999.0,-9999.0,-9999.0,56.6129989624,4390.45144415827,311.12644217085,270813.71,662178.16,60,32,56.613
NS76SW_873,1,1_3,6.78397482231,-9999.0,-9999.0,-9999.0,59.3769989014,326.657657816275,90.2146792240787,271153.48,662141.45,20,12,59.377
NS76SW_874,1,1_3,5.58452323079,-9999.0,-9999.0,-9999.0,61.2579994202,229.330691935106,70.2132672042554,271061.27,662142.52,12,8,61.258
NS76SW_875,1,1_3,6.8750495779,-9999.0,-9999.0,-9999.0,61.6660003662,220.520001185783,67.3783929337807,270966.54,662139.81,12,8,61.666
NS76SW_876,1,1_3,6.90962050756,-9999.0,-9999.0,-9999.0,64.0469970703,123.779328314883,45.8821195496942,271019.02,662130.51,12,8,64.047
NS76SW_879,1,1_3,7.69194188125,-9999.0,-9999.0,-9999.0,59.1769981384,1477.33054085616,161.538363029899,270763.05,662147.57,16,10,59.177
NS76SW_884,1,1_3,6.81772076424,-9999.0,-9999.0,-9999.0,64.0520019531,196.548167713335,62.6105664657122,271039.85,662120.94,12,8,64.052
NS76SW_885,1,1_3,6.63582056746,-9999.0,-9999.0,-9999.0,60.5900001526,202.440319017855,63.3428885501528,271126.38,662125.42,12,8,60.59
NS76SW_886,1,1_3,6.06759761916,-9999.0,-9999.0,-9999.0,58.2260017395,394.809364723042,109.307680567593,271195.83,662125.55,28,16,58.226
NS76SW_887,1,1_3,4.92944937886,-9999.0,-9999.0,-9999.0,57.3600006104,261.144268349571,70.2882693795666,271233.69,662116.44,12,8,57.36
NS76SW_888,1,1_3,2.74590511204,-9999.0,-9999.0,-9999.0,59.4609985352,83.9951244637614,39.0711743666772,271162.47,662114.47,12,8,59.461
NS76SW_889,1,1_3,2.81269316122,-9999.0,-9999.0,-9999.0,59.263999939,77.8671966361711,39.2528509214757,270778.56,662112.04,20,12,59.264
NS76SW_890,1,1_3,6.54864103773,-9999.0,-9999.0,-9999.0,64.3030548096,207.797978775783,63.7705082684106,270998.81,662119.12,12,8,64.303
NS76SW_892,1,1_3,6.73275103804,-9999.0,-9999.0,-9999.0,62.7299995422,226.120494588529,68.0031888978236,270957.98,662111.4,12,8,62.73
NS76SW_894,1,1_3,6.56170541097,-9999.0,-9999.0,-9999.0,65.1669998169,126.461059031819,46.2104993103198,271007.55,662096.53,12,8,65.167
NS76SW_896,1,1_3,2.74489819093,-9999.0,-9999.0,-9999.0,60.5499992371,77.8940399950069,44.1354068931028,271144.37,662096.66,20,12,60.55
NS76SW_899,1,1_3,6.56273767326,-9999.0,-9999.0,-9999.0,65.4199981689,203.020873292807,63.5081884393009,271030.23,662093.02,12,8,65.42
NS76SW_900,1,1_3,6.95177475388,-9999.0,-9999.0,-9999.0,61.6180000305,217.255123075466,67.2235150831534,271117.73,662098.26,12,8,61.618
NS76SW_901,1,1_3,6.75327191267,-9999.0,-9999.0,-9999.0,58.8479995728,200.538405427701,62.9221899238487,271181.32,662089.33,12,8,58.848
NS76SW_905,1,1_3,6.76040644555,-9999.0,-9999.0,-9999.0,57.7859992981,201.326832024183,63.8530511177468,271208.91,662080.99,12,8,57.786
NS76SW_906,1,1_3,7.82629669416,-9999.0,-9999.0,-9999.0,58.9510002136,1632.28705855783,176.897433889963,270688.62,662097.84,20,12,58.951
NS76SW_907,1,1_3,2.63243484497,-9999.0,-9999.0,-9999.0,62.341999054,29.8225837492999,22.4233925129169,271127.85,662076.07,12,8,62.342
NS76SW_913,1,1_3,6.68682452017,-9999.0,-9999.0,-9999.0,60.563999176,198.682938149323,62.9700740222613,271154.38,662077.52,12,8,60.564
NS76SW_915,1,1_3,6.37527653174,-9999.0,-9999.0,-9999.0,56.8069992065,246.144734834004,78.903509698977,271237.25,662072.04,24,14,56.807
NS76SW_917,1,1_3,6.60483244087,-9999.0,-9999.0,-9999.0,63.2529983521,240.700809629026,73.5032402609826,270948.12,662077.46,28,16,63.253
NS76SW_921,1,1_3,6.92167311372,-9999.0,-9999.0,-9999.0,63.3190002441,195.083705670598,62.5554901402043,271108.87,662070.62,12,8,63.319
NS76SW_924,1,1_3,6.64521178885,-9999.0,-9999.0,-9999.0,65.0260009766,126.272235966553,46.1531386613903,270995.47,662060.42,12,8,65.026
NS76SW_926,1,1_3,9.19353124879,-9999.0,-9999.0,-9999.0,59.8019981384,2632.99554504654,220.632065224495,270878.55,662091.34,40,22,59.802
NS76SW_929,1,1_3,5.15284901415,-9999.0,-9999.0,-9999.0,65.6039962769,235.310923632424,70.5643735472983,271036.53,662065.72,12,8,65.604
NS76SW_932,1,1_3,4.97595817997,-9999.0,-9999.0,-9999.0,59.5530014038,1256.40054251046,181.351583046515,270795.72,662079.71,80,42,59.553
NS76SW_934,1,1_3,6.80862707562,-9999.0,-9999.0,-9999.0,58.3499984741,238.64745645911,72.1281836998389,271197.98,662053.39,12,8,58.35
NS76SW_935,1,1_3,2.33845012499,-9999.0,-9999.0,-9999.0,58.0480003357,29.2284224985534,22.2392025921156,271215.08,662048.92,12,8,58.048
NS76SW_936,1,1_3,6.56698586214,-9999.0,-9999.0,-9999.0,64.8180007935,202.559353713079,63.3094058256161,271015.85,662049.52,12,8,64.818
NS76SW_937,1,1_3,6.67975973237,-9999.0,-9999.0,-9999.0,64.4680023193,121.758881754859,45.4411861089661,271101.87,662048.66,12,8,64.468
NS76SW_938,1,1_3,3.11179768064,-9999.0,-9999.0,-9999.0,59.9070014954,85.3073945941814,37.4494872505455,270802.42,662044.43,16,10,59.907
NS76SW_942,1,1_3,6.84974359123,-9999.0,-9999.0,-9999.0,63.9970016479,202.975094714257,63.799240913516,270974.85,662047.65,12,8,63.997
NS76SW_943,1,1_3,6.62819482368,-9999.0,-9999.0,-9999.0,62.6489982605,235.590419351801,69.440247423152,270938.89,662047.97,12,8,62.649
NS76SW_947,1,1_3,6.42956091729,-9999.0,-9999.0,-9999.0,66.408996582,1015.24752661149,127.451832013448,270649.23,662049.69,12,8,66.409
NS76SW_950,1,1_3,6.03075052461,-9999.0,-9999.0,-9999.0,61.6759986877,492.884967084826,150.632363857739,271131.08,662043.14,44,24,61.676
NS76SW_951,1,1_3,6.82750284508,-9999.0,-9999.0,-9999.0,60.2760009766,244.112422367126,72.2542461529829,271172.33,662036.91,12,8,60.276
NS76SW_954,1,1_3,6.68104649912,-9999.0,-9999.0,-9999.0,63.6879997253,129.948606944017,47.4086034222381,270984.51,662026.69,16,10,63.688
NS76SW_959,1,1_3,6.78028114555,-9999.0,-9999.0,-9999.0,58.436000824,196.957006137627,62.6912861846702,271208.41,662028.82,12,8,58.436
NS76SW_961,1,1_3,6.62752019094,-9999.0,-9999.0,-9999.0,63.4560012817,204.851756438125,63.5187149896342,271007.23,662021.74,12,8,63.456
NS76SW_964,1,1_3,2.38398821167,-9999.0,-9999.0,-9999.0,60.3559989929,66.4616309638313,33.6271390691681,271182.52,662016.0,12,8,60.356
NS76SW_967,1,1_3,6.8603389897,-9999.0,-9999.0,-9999.0,62.3180007935,227.789666833186,68.0770115126121,270929.94,662018.32,12,8,62.318
NS76SW_979,1,1_3,6.60190086194,-9999.0,-9999.0,-9999.0,61.3170013428,230.610632442489,69.1445665418233,271163.57,662009.51,12,8,61.317
NS76SW_982,1,1_3,5.24499461627,-9999.0,-9999.0,-9999.0,62.5999984741,227.745911921317,70.0259909985585,271112.75,662001.73,12,8,62.6
NS76SW_984,1,1_3,6.66611364024,-9999.0,-9999.0,-9999.0,58.7569999695,323.234302691352,89.7831073514112,271222.4,662001.49,12,8,58.757
NS76SW_985,1,1_3,6.64525035209,-9999.0,-9999.0,-9999.0,63.1839981079,124.017391121637,45.8232240876175,271086.51,662000.31,12,8,63.184
NS76SW_992,1,1_3,6.7216521518,-9999.0,-9999.0,-9999.0,61.9129981995,202.758589765949,63.5130705627315,270938.26,661990.61,12,8,61.913
NS76SW_994,1,1_3,6.84764289112,-9999.0,-9999.0,-9999.0,60.7480010986,198.223536669217,62.7252089518224,271177.48,661988.83,12,8,60.748
NS76SW_996,1,1_3,6.02162113812,-9999.0,-9999.0,-9999.0,66.2990036011,1180.56730508907,156.335430636099,270708.63,662009.68,28,16,66.299
NS76SW_997,1,1_3,5.47136351218,-9999.0,-9999.0,-9999.0,61.9480018616,230.284507285356,70.1721037754337,271013.8,661994.51,12,8,61.948
NS76SW_747,1,1_5,6.70742154515,-9999.0,-9999.0,-9999.0,79.591003418,160.140707799226,58.5726190556995,271244.32,663749.65,36,20,79.591
NS76SW_751,1,1_5,6.5826723294,-9999.0,-9999.0,-9999.0,65.4950027466,267.15195282435,81.4430874916032,271069.67,663745.22,32,18,65.495
NS76SW_752,1,1_5,6.38315646523,-9999.0,-9999.0,-9999.0,60.9313316345,270.243537227641,90.0182204451139,270985.58,663746.67,52,28,60.931
NS76SW_753,1,1_5,6.20042040977,-9999.0,-9999.0,-9999.0,58.2480010986,169.820229093156,54.9739163047457,270930.29,663740.7,12,8,58.248
NS76SW_754,1,1_5,6.03647166617,-9999.0,-9999.0,-9999.0,70.4389953613,393.829748131116,133.466554934672,271157.56,663743.38,64,34,70.439
NS76SW_755,1,1_5,5.63441028463,-9999.0,-9999.0,-9999.0,56.2989997864,190.006615148199,60.192346774915,270867.79,663737.64,20,12,56.299
NS76SW_756,1,1_5,2.45808169527,-9999.0,-9999.0,-9999.0,58.2924995422,57.6216620433561,31.1376319276756,270930.39,663730.2,20,12,58.292
NS76SW_757,1,1_5,6.02150699516,-9999.0,-9999.0,-9999.0,58.2879981995,164.593157499198,54.9371553799424,270951.74,663730.83,20,12,58.288
NS76SW_758,1,1_5,6.43541926146,-9999.0,-9999.0,-9999.0,61.5519981384,262.366233138813,79.7093521110694,271016.99,663732.35,20,12,61.552
NS76SW_759,1,1_5,6.04290461126,-9999.0,-9999.0,-9999.0,56.6529998779,165.422722224022,54.9267879984234,270888.23,663726.99,12,8,56.653
NS76SW_760,1,1_5,6.39109997498,-9999.0,-9999.0,-9999.0,72.3339996338,332.315318081716,93.7110368009131,271196.47,663723.38,24,14,72.334
NS76SW_761,1,1_5,6.49463560204,-9999.0,-9999.0,-9999.0,67.6449966431,334.997673236178,93.5959636316844,271121.8,663721.77,12,8,67.645
NS76SW_762,1,1_5,6.2090655741,-9999.0,-9999.0,-9999.0,62.0410003662,261.987734403267,88.1383323992672,271052.21,663717.35,28,16,62.041
NS76SW_763,1,1_5,6.66111900212,-9999.0,-9999.0,-9999.0,75.0048370361,115.9144199495,44.2572698536423,271224.42,663710.61,12,8,75.005
NS76SW_764,1,1_5,6.49350877242,-9999.0,-9999.0,-9999.0,57.8019981384,160.404737305296,54.1380689724548,270966.47,663712.54,12,8,57.802
NS76SW_765,1,1_5,3.26344003029,-9999.0,-9999.0,-9999.0,52.8320007324,51.5852314820429,29.9838020304072,270837.16,663704.64,12,8,52.832
NS76SW_766,1,1_5,6.51535403344,-9999.0,-9999.0,-9999.0,56.9980010986,472.987740817801,126.953036654612,270931.94,663706.2,48,26,56.998
NS76SW_767,1,1_5,6.57515140948,-9999.0,-9999.0,-9999.0,59.0110015869,163.643786217622,54.9368988392347,271020.04,663698.53,12,8,59.011
NS76SW_768,1,1_5,6.67842640527,-9999.0,-9999.0,-9999.0,67.9599990845,334.917653435784,93.2881780688727,271160.54,663703.24,12,8,67.96
NS76SW_769,1,1_5,6.33690291878,-9999.0,-9999.0,-9999.0,58.3209991455,166.283372371811,55.0992319318586,270996.95,663698.32,12,8,58.321
NS76SW_770,1,1_5,6.3349122618,-9999.0,-9999.0,-9999.0,63.8600006104,238.542601595252,76.0705992977018,271094.92,663698.0,28,16,63.86
NS76SW_771,1,1_5,1.97327627263,-9999.0,-9999.0,-9999.0,73.3830032349,21.3494324971992,21.3011580502246,271218.39,663687.6,8,6,73.383
NS76SW_772,1,1_5,2.23116609785,-9999.0,-9999.0,-9999.0,59.1279983521,21.4763512506499,21.7168947288914,271030.08,663683.14,8,6,59.128
NS76SW_773,1,1_5,2.2466990153,-9999.0,-9999.0,-9999.0,66.013999939,24.5618175001546,24.5844983888221,271151.8,663680.85,8,6,66.014
NS76SW_774,1,1_5,6.27915803896,-9999.0,-9999.0,-9999.0,64.986000061,225.739495653055,69.1975265017082,271121.79,663685.35,12,8,64.986
NS76SW_775,1,1_5,6.32883604047,-9999.0,-9999.0,-9999.0,70.1190032959,375.448444497261,107.569781799967,271201.81,663684.01,52,28,70.119
NS76SW_776,1,1_5,5.91088040799,-9999.0,-9999.0,-9999.0,65.0889968872,127.830618916406,49.096852654309,271143.51,663674.68,20,12,65.089
NS76SW_777,1,1_5,6.97210918329,-9999.0,-9999.0,-9999.0,59.2480010986,442.885954678932,119.767351229396,271056.23,663680.89,12,8,59.248
NS76SW_778,1,1_5,2.77603062716,-9999.0,-9999.0,-9999.0,68.2259979248,46.7396474944899,27.5411543171656,271184.29,663668.4,12,8,68.226
NS76SW_779,1,1_5,7.0984111398,-9999.0,-9999.0,-9999.0,60.1469459534,154.821388278407,52.3400701354175,271091.73,663664.24,20,12,60.147
NS76SW_780,1,1_5,6.4674249085,-9999.0,-9999.0,-9999.0,65.361000061,234.169521858793,69.8149720997909,271164.36,663665.17,20,12,65.361
NS76SW_781,1,1_5,2.84144676338,-9999.0,-9999.0,-9999.0,58.7367515564,33.4339200049724,26.4264130106616,271081.34,663658.01,8,6,58.737
NS76SW_782,1,1_5,7.11538657947,-9999.0,-9999.0,-9999.0,60.9169998169,150.630155281061,51.0534798683584,271111.89,663654.52,12,8,60.917
NS76SW_784,1,1_5,9.31367769649,-9999.0,-9999.0,-9999.0,57.1459999084,719.075147940605,156.577502689152,271023.61,663663.12,12,8,57.146
NS76SW_785,1,1_5,2.7342701407,-9999.0,-9999.0,-9999.0,58.6841087341,47.6226450010474,31.5533327794031,271099.08,663648.22,8,6,58.684
NS76SW_786,1,1_5,6.47643406051,-9999.0,-9999.0,-9999.0,66.5999984741,232.873149314136,73.9498433478873,271191.22,663652.25,28,16,66.6
NS76SW_787,1,1_5,9.30694159875,-9999.0,-9999.0,-9999.0,56.8989982605,255.698689400702,71.8329330836251,271068.32,663642.53,20,12,56.899
NS76SW_788,1,1_5,7.03688238005,-9999.0,-9999.0,-9999.0,61.3199996948,484.563162633915,128.622304733045,271145.95,663638.56,20,12,61.32
NS76SW_789,1,1_5,9.32462972774,-9999.0,-9999.0,-9999.0,56.9840011597,711.673886880126,156.487522902503,271113.25,663621.35,16,10,56.984
NS76SW_790,1,1_5,8.71624521998,-9999.0,-9999.0,-9999.0,52.6850013733,3648.51663339108,249.687597115975,270883.05,663639.82,36,20,52.685
NS76SW_791,1,1_5,8.59567255187,-9999.0,-9999.0,-9999.0,58.8149986267,550.000537839081,162.436856858261,271168.49,663607.76,68,36,58.815
NS76SW_793,1,1_5,5.00057507476,-9999.0,-9999.0,-9999.0,51.9290008545,770.972933080157,132.881354530031,270693.96,663585.86,84,44,51.929
NS76SW_795,1,1_5,3.79525481173,-9999.0,-9999.0,-9999.0,50.6220016479,396.018149958516,97.1337291697192,270785.24,663532.71,52,28,50.622
NS76SW_796,1,1_5,4.58192749631,-9999.0,-9999.0,-9999.0,49.3639984131,320.986169871926,77.6098784834085,270837.85,663517.19,36,20,49.364
NS76SW_797,1,1_5,5.71022920553,-9999.0,-9999.0,-9999.0,49.2400016785,484.427306864199,88.0511551785224,270864.74,663509.38,12,8,49.24
NS76SW_799,1,1_5,2.72564114015,-9999.0,-9999.0,-9999.0,49.1930007935,67.2504281021344,35.4466188117597,271109.6,663479.58,20,12,49.193
NS76SW_800,1,1_5,9.26527822974,-9999.0,-9999.0,-9999.0,49.8289985657,7668.43378446457,463.848647281789,270997.94,663508.94,180,90,49.829
NS76SW_478,1,1_6,8.34243867723,-9999.0,-9999.0,-9999.0,71.6650009155,147.527816252279,64.8764484686312,270688.88,664319.1,32,18,71.665
NS76SW_484,1,1_6,11.3479068203,-9999.0,-9999.0,-9999.0,71.3679962158,8181.07354424543,437.265872133847,270764.25,664340.37,132,66,71.368
NS76SW_502,1,1_6,10.2668409255,-9999.0,-9999.0,-9999.0,71.5869979858,6323.13311533473,334.76249153607,270814.55,664268.18,28,16,71.587
NS76SW_506,1,1_6,11.514038557,-9999.0,-9999.0,-9999.0,68.739692688,785.173929721634,113.550148763908,270704.35,664225.52,12,8,68.74
NS76SW_525,1,1_6,7.01653934055,-9999.0,-9999.0,-9999.0,67.7659988403,334.401426132103,86.6862552311589,270707.37,664173.79,36,20,67.766
NS76SW_528,1,1_6,6.27789551357,-9999.0,-9999.0,-9999.0,86.9120025635,172.174144383994,77.5071166189778,271243.93,664165.45,60,32,86.912
NS76SW_533,1,1_6,10.3719944057,-9999.0,-9999.0,-9999.0,66.6470031738,2235.41480292218,226.64808884345,270643.28,664168.71,52,28,66.647
NS76SW_545,1,1_6,7.35443425298,-9999.0,-9999.0,-9999.0,87.4449996948,406.281780822172,126.753358914704,271227.37,664118.86,52,28,87.445
NS76SW_546,1,1_6,7.48334237687,-9999.0,-9999.0,-9999.0,89.4840011597,144.425817112606,50.4075403116838,271193.32,664116.64,12,8,89.484
NS76SW_550,1,1_6,6.8121441244,-9999.0,-9999.0,-9999.0,91.1360015869,554.33887511809,155.907688221665,271148.28,664103.1,80,42,91.136
NS76SW_551,1,1_6,2.09895733149,-9999.0,-9999.0,-9999.0,89.5120010376,27.5882062480398,23.9464347208408,271214.6,664094.96,12,8,89.512
NS76SW_553,1,1_6,2.81100668132,-9999.0,-9999.0,-9999.0,88.1800003052,116.545562141885,57.639458860627,271233.5,664097.05,28,16,88.18
NS76SW_556,1,1_6,2.43100354785,-9999.0,-9999.0,-9999.0,91.533996582,88.2236830623316,38.6200176659345,271121.22,664083.73,20,12,91.534
NS76SW_557,1,1_6,6.53070269286,-9999.0,-9999.0,-9999.0,87.7040023804,744.475544209579,204.848407444986,271073.2,664087.23,76,40,87.704
NS76SW_558,1,1_6,7.4137882177,-9999.0,-9999.0,-9999.0,88.5400009155,142.563950084994,49.4601832896965,271222.9,664079.59,20,12,88.54
NS76SW_559,1,1_6,7.92984758344,-9999.0,-9999.0,-9999.0,87.1777420044,131.585918980372,46.2168502953802,271243.48,664078.93,12,8,87.178
NS76SW_560,1,1_6,2.16624746884,-9999.0,-9999.0,-9999.0,89.7531967163,44.5926975040161,26.5599146622351,271158.1,664077.56,16,10,89.753
NS76SW_565,1,1_6,7.55536146567,-9999.0,-9999.0,-9999.0,88.7630004883,442.38377663817,117.525120342543,271185.31,664073.36,44,24,88.763
NS76SW_570,1,1_6,6.83312926608,-9999.0,-9999.0,-9999.0,80.9680023193,545.141371023861,155.921583542622,270991.14,664069.8,24,14,80.968
NS76SW_577,1,1_6,7.34715932712,-9999.0,-9999.0,-9999.0,88.2429962158,463.764998370879,136.131560389981,271134.93,664056.57,68,36,88.243
NS76SW_579,1,1_6,7.20346666104,-9999.0,-9999.0,-9999.0,72.9749984741,745.936715201153,199.879076800951,270909.16,664052.25,64,34,72.975
NS76SW_580,1,1_6,2.30528203061,-9999.0,-9999.0,-9999.0,78.8020019531,26.5486883832015,25.3272398037406,270936.91,664041.62,20,12,78.802
NS76SW_581,1,1_6,2.52988849987,-9999.0,-9999.0,-9999.0,85.1949996948,25.961092502666,23.8099058952105,270996.76,664038.15,8,6,85.195
NS76SW_582,1,1_6,6.66635897121,-9999.0,-9999.0,-9999.0,86.1989974976,424.864223831211,116.507238792484,271226.57,664041.68,36,20,86.199
NS76SW_583,1,1_6,7.48430902339,-9999.0,-9999.0,-9999.0,72.5920028687,142.508578169731,50.0481387126638,270853.07,664039.59,12,8,72.592
NS76SW_587,1,1_6,7.30430121809,-9999.0,-9999.0,-9999.0,71.4670028687,143.836061512335,50.4310699160669,270830.96,664034.1,12,8,71.467
NS76SW_588,1,1_6,6.52543288405,-9999.0,-9999.0,-9999.0,85.4319992065,192.030083270438,64.3862583596479,271191.31,664036.35,28,16,85.432
NS76SW_591,1,1_6,7.38304573227,-9999.0,-9999.0,-9999.0,85.6809997559,306.088452253287,84.8605665623756,271157.36,664034.25,12,8,85.681
NS76SW_595,1,1_6,7.64367674426,-9999.0,-9999.0,-9999.0,69.4710006714,142.872023205497,50.0552773730577,270809.19,664027.33,12,8,69.471
NS76SW_596,1,1_6,6.78261468424,-9999.0,-9999.0,-9999.0,82.59400177,135.480319509978,48.7314874594071,270980.5,664026.0,12,8,82.594
NS76SW_599,1,1_6,2.05702734893,-9999.0,-9999.0,-9999.0,86.0350036621,57.5992425028883,34.636619389465,271012.37,664023.71,8,6,86.035
NS76SW_601,1,1_6,7.08412332959,-9999.0,-9999.0,-9999.0,77.7460021973,354.24481056754,99.867648558143,270944.81,664025.87,12,8,77.746
NS76SW_604,1,1_6,2.62829640706,-9999.0,-9999.0,-9999.0,70.6090011597,42.7259335052655,26.9986091986768,270820.61,664018.87,12,8,70.609
NS76SW_607,1,1_6,6.86804096758,-9999.0,-9999.0,-9999.0,84.6949996948,122.49973234656,45.8912190008939,270998.79,664019.32,12,8,84.695
NS76SW_608,1,1_6,7.29385406601,-9999.0,-9999.0,-9999.0,87.0439987183,148.350879074943,50.7309930044705,271131.35,664020.66,12,8,87.044
NS76SW_609,1,1_6,7.39894197398,-9999.0,-9999.0,-9999.0,67.9250030518,149.872849362027,50.2660112709994,270791.04,664018.56,12,8,67.925
NS76SW_612,1,1_6,7.25177483404,-9999.0,-9999.0,-9999.0,73.6520004272,354.091982836643,99.5876817266234,270897.75,664015.61,12,8,73.652
NS76SW_613,1,1_6,6.72632538209,-9999.0,-9999.0,-9999.0,85.638999939,104.911017349621,41.7728883178291,271016.08,664007.57,12,8,85.639
NS76SW_615,1,1_6,7.15151582417,-9999.0,-9999.0,-9999.0,90.4280014038,485.127718941565,135.353744996522,271089.02,664021.12,32,18,90.428
NS76SW_616,1,1_6,6.8264839911,-9999.0,-9999.0,-9999.0,70.4209976196,353.562238991221,99.9504805802323,270850.82,664005.51,16,10,70.421
NS76SW_618,1,1_6,6.83737182617,-9999.0,-9999.0,-9999.0,68.3679962158,108.983521783103,42.5693836439238,270816.86,663997.16,12,8,68.368
NS76SW_619,1,1_6,5.99303137347,-9999.0,-9999.0,-9999.0,65.4430007935,369.237250707207,106.939947858744,270764.68,664004.14,52,28,65.443
NS76SW_621,1,1_6,7.06321007676,-9999.0,-9999.0,-9999.0,75.1549987793,147.782855173093,50.7981001065855,270916.11,663988.42,12,8,75.155
NS76SW_622,1,1_6,6.77939055307,-9999.0,-9999.0,-9999.0,66.3929977417,108.45353329188,42.6428927440169,270798.04,663988.71,12,8,66.393
NS76SW_624,1,1_6,6.44361469275,-9999.0,-9999.0,-9999.0,85.5979995728,451.43196545732,138.423119496394,271057.58,663984.96,76,40,85.598
NS76SW_625,1,1_6,6.82473104797,-9999.0,-9999.0,-9999.0,64.5189971924,168.778402998216,57.5181491778791,270742.93,663982.77,28,16,64.519
NS76SW_627,1,1_6,6.98321814217,-9999.0,-9999.0,-9999.0,71.4010009766,147.683912392922,50.6381230633895,270871.97,663979.03,12,8,71.401
NS76SW_629,1,1_6,5.74096334548,-9999.0,-9999.0,-9999.0,64.4884414673,155.160945827773,61.902053975538,270778.03,663976.63,36,20,64.488
NS76SW_630,1,1_6,6.90060180292,-9999.0,-9999.0,-9999.0,87.2539978027,401.481784079543,118.885857188093,271114.19,663990.81,52,28,87.254
NS76SW_632,1,1_6,4.22680147737,-9999.0,-9999.0,-9999.0,80.3430023193,294.317482604829,115.441430997635,270975.31,663980.61,56,32,80.343
NS76SW_633,1,1_6,3.92651676379,-9999.0,-9999.0,-9999.0,81.5067520142,147.016583699686,52.9697542667527,271003.64,663969.52,28,16,81.507
NS76SW_635,1,1_6,6.76018335257,-9999.0,-9999.0,-9999.0,63.3880004883,163.881869760619,52.5333193810418,270730.8,663967.65,12,8,63.388
NS76SW_637,1,1_6,6.68670527,-9999.0,-9999.0,-9999.0,66.1900024414,232.842832005717,70.8650768723961,270820.96,663965.68,12,8,66.19
NS76SW_639,1,1_6,6.89574528826,-9999.0,-9999.0,-9999.0,69.4029312134,201.816207163603,64.7068919916765,270852.49,663965.46,12,8,69.403
NS76SW_641,1,1_6,6.94992302985,-9999.0,-9999.0,-9999.0,77.6640014648,353.155911722379,99.6081802908163,270945.5,663972.06,12,8,77.664
NS76SW_645,1,1_6,2.8058035778,-9999.0,-9999.0,-9999.0,62.2470016479,46.1183036057925,27.9014524644799,270748.35,663949.29,12,8,62.247
NS76SW_646,1,1_6,6.30214191649,-9999.0,-9999.0,-9999.0,62.3499984741,224.404831813176,75.2267787718828,270763.54,663956.38,28,16,62.35
NS76SW_647,1,1_6,6.97936840911,-9999.0,-9999.0,-9999.0,82.9140014648,229.509071525507,70.5971673087232,271047.45,663950.14,12,8,82.914
NS76SW_648,1,1_6,7.16739877393,-9999.0,-9999.0,-9999.0,85.3669967651,150.59113266584,51.1235313637227,271076.92,663950.68,12,8,85.367
NS76SW_650,1,1_6,7.13347691109,-9999.0,-9999.0,-9999.0,62.0468025208,158.242478403171,51.8620732800232,270721.75,663950.4,12,8,62.047
NS76SW_651,1,1_6,6.72656479062,-9999.0,-9999.0,-9999.0,63.8730010986,108.992925820818,42.4518557953484,270799.56,663944.89,12,8,63.873
NS76SW_652,1,1_6,6.84355542512,-9999.0,-9999.0,-9999.0,72.3140029907,500.154854793962,141.363739097007,270903.73,663961.97,36,20,72.314
NS76SW_653,1,1_6,2.61698412539,-9999.0,-9999.0,-9999.0,78.6320037842,20.9662987498771,22.0308895912183,270987.34,663935.1,8,6,78.632
NS76SW_654,1,1_6,6.76440040686,-9999.0,-9999.0,-9999.0,78.9749984741,218.695774096794,68.2962425802604,271007.3,663939.67,12,8,78.975
NS76SW_656,1,1_6,2.50653850909,-9999.0,-9999.0,-9999.0,84.0899963379,50.7924375014263,28.8488495727006,271069.61,663933.34,12,8,84.09
NS76SW_657,1,1_6,2.35258700397,-9999.0,-9999.0,-9999.0,71.0220031738,22.0481287534254,22.4086245322756,270904.7,663932.06,8,6,71.022
NS76SW_660,1,1_6,6.822324657,-9999.0,-9999.0,-9999.0,86.5703277588,338.485817706867,95.33005243824,271113.91,663946.09,12,8,86.57
NS76SW_662,1,1_6,7.29262837728,-9999.0,-9999.0,-9999.0,60.9136657715,158.18437113303,51.8749228767669,270717.25,663931.69,12,8,60.914
NS76SW_663,1,1_6,4.96315448011,-9999.0,-9999.0,-9999.0,61.4280014038,188.683625138556,62.4052069654479,270750.31,663932.63,36,20,61.428
NS76SW_664,1,1_6,6.99967946163,-9999.0,-9999.0,-9999.0,84.0130004883,152.571756465735,51.390505222537,271085.9,663931.18,12,8,84.013
NS76SW_665,1,1_6,6.90911126705,-9999.0,-9999.0,-9999.0,68.6689987183,385.583777815614,106.84853129626,270876.9,663936.51,28,16,68.669
NS76SW_666,1,1_6,6.62265144948,-9999.0,-9999.0,-9999.0,74.375,112.551431316803,43.4729537549513,270954.46,663921.36,12,8,74.375
NS76SW_667,1,1_6,6.67382027471,-9999.0,-9999.0,-9999.0,76.7574996948,116.747635807426,44.1969646693435,270986.37,663919.22,12,8,76.757
NS76SW_668,1,1_6,6.76256123871,-9999.0,-9999.0,-9999.0,63.2179985046,380.866981692324,104.440104894259,270823.46,663923.39,28,16,63.218
NS76SW_669,1,1_6,6.05030382942,-9999.0,-9999.0,-9999.0,65.7320022583,133.619699995584,46.0947332755694,270870.49,663911.47,16,10,65.732
NS76SW_671,1,1_6,6.9164919222,-9999.0,-9999.0,-9999.0,80.0800018311,343.812497478453,94.5919274669437,271050.41,663918.97,12,8,80.08
NS76SW_672,1,1_6,6.84471168341,-9999.0,-9999.0,-9999.0,81.5080032349,221.425501756628,69.607750650764,271084.9,663907.24,12,8,81.508
NS76SW_673,1,1_6,6.73243046971,-9999.0,-9999.0,-9999.0,85.0149993896,232.885174531246,70.308947275432,271126.26,663911.12,12,8,85.015
NS76SW_674,1,1_6,6.627763627,-9999.0,-9999.0,-9999.0,63.4770011902,109.810515999102,42.5177540553475,270847.52,663902.25,12,8,63.477
NS76SW_675,1,1_6,6.34409212799,-9999.0,-9999.0,-9999.0,68.1279983521,113.821644461477,43.6488433247847,270911.04,663900.86,12,8,68.128
NS76SW_676,1,1_6,6.55288215803,-9999.0,-9999.0,-9999.0,60.3740005493,251.05243063906,73.7969162547835,270748.82,663905.04,12,8,60.374
NS76SW_677,1,1_6,2.37315898471,-9999.0,-9999.0,-9999.0,74.5530014038,21.063779998033,22.0667658729525,270977.14,663890.62,8,6,74.553
NS76SW_678,1,1_6,2.31694965148,-9999.0,-9999.0,-9999.0,60.138999939,27.0589650034557,23.7691409529863,270735.35,663888.82,8,6,60.139
NS76SW_679,1,1_6,6.1234035565,-9999.0,-9999.0,-9999.0,59.3870010376,344.916149420987,96.7911231225264,270714.13,663901.8,28,16,59.387
NS76SW_681,1,1_6,6.07114946535,-9999.0,-9999.0,-9999.0,71.2210006714,363.384955493053,101.820372234598,270950.62,663893.97,20,12,71.221
NS76SW_682,1,1_6,6.50899528735,-9999.0,-9999.0,-9999.0,75.3860015869,429.946864530033,116.715502292387,271010.61,663890.92,12,8,75.386
NS76SW_683,1,1_6,2.0669253988,-9999.0,-9999.0,-9999.0,85.7570037842,30.1148774958684,25.0266265884852,271179.16,663875.4,8,6,85.757
NS76SW_684,1,1_6,2.6576203377,-9999.0,-9999.0,-9999.0,77.6520004272,25.1298750036441,20.4133362514047,271064.31,663874.5,12,8,77.652
NS76SW_685,1,1_6,6.95072251575,-9999.0,-9999.0,-9999.0,78.6539993286,278.036945048512,80.9173670484918,271092.07,663881.82,12,8,78.654
NS76SW_687,1,1_6,6.5274183085,-9999.0,-9999.0,-9999.0,62.6699981689,120.200069749915,44.9982409994938,270870.23,663876.86,12,8,62.67
NS76SW_688,1,1_6,6.54674710479,-9999.0,-9999.0,-9999.0,59.4770011902,110.691984148781,42.5557983755531,270750.06,663876.39,12,8,59.477
NS76SW_689,1,1_6,6.33422428503,-9999.0,-9999.0,-9999.0,84.40599823,355.226863206616,101.234891079031,271148.04,663880.51,28,16,84.406
NS76SW_690,1,1_6,6.45420757324,-9999.0,-9999.0,-9999.0,85.4280014038,357.117152723878,101.080737120383,271202.14,663877.22,20,12,85.428
NS76SW_691,1,1_6,6.48531531114,-9999.0,-9999.0,-9999.0,65.3499984741,337.845237444656,96.0999069712629,270907.72,663877.72,28,16,65.35
NS76SW_692,1,1_6,7.35824922041,-9999.0,-9999.0,-9999.0,81.2620010376,141.66954509013,49.7776445824057,271117.69,663868.41,12,8,81.262
NS76SW_694,1,1_6,6.54951686058,-9999.0,-9999.0,-9999.0,84.3720016479,152.856926478586,51.4423674865499,271174.7,663859.61,12,8,84.372
NS76SW_695,1,1_6,6.16924437117,-9999.0,-9999.0,-9999.0,65.1350021362,114.924034743288,43.8916026584764,270929.07,663856.44,12,8,65.135
NS76SW_696,1,1_6,6.32129440127,-9999.0,-9999.0,-9999.0,71.5820007324,328.458973422896,92.5092592525723,270983.11,663863.07,12,8,71.582
NS76SW_697,1,1_6,7.25872055365,-9999.0,-9999.0,-9999.0,85.0110015869,432.648880969071,107.147336940615,271227.28,663861.03,36,20,85.011
NS76SW_698,1,1_6,6.01206064532,-9999.0,-9999.0,-9999.0,60.1669998169,118.842016849423,45.7226670090239,270832.7,663849.61,20,12,60.167
NS76SW_699,1,1_6,6.10499598146,-9999.0,-9999.0,-9999.0,58.0530014038,338.874618768016,96.4340889546743,270719.87,663860.86,28,16,58.053
NS76SW_700,1,1_6,2.42093842418,-9999.0,-9999.0,-9999.0,59.7779998779,36.1946025057352,24.4449840137402,270823.66,663841.87,12,8,59.778
NS76SW_701,1,1_6,6.69235081077,-9999.0,-9999.0,-9999.0,58.3489990234,247.684373352882,73.5082983612281,270761.4,663850.33,12,8,58.349
NS76SW_702,1,1_6,6.65330852995,-9999.0,-9999.0,-9999.0,81.1088790894,286.11893404524,81.6326030822553,271136.94,663847.03,12,8,81.109
NS76SW_703,1,1_6,6.35627480465,-9999.0,-9999.0,-9999.0,75.5419998169,572.614850299087,147.672013305846,271082.24,663849.31,28,16,75.542
NS76SW_704,1,1_6,2.20516204834,-9999.0,-9999.0,-9999.0,57.9140014648,74.9522486353182,37.8626758785292,270691.75,663838.29,12,8,57.914
NS76SW_705,1,1_6,6.30300232636,-9999.0,-9999.0,-9999.0,71.93800354,135.037523645376,54.2712175039755,271028.81,663838.31,28,16,71.938
NS76SW_706,1,1_6,2.31189317194,-9999.0,-9999.0,-9999.0,59.4650001526,36.4380674978188,28.4866886547462,270820.82,663833.62,8,6,59.465
NS76SW_707,1,1_6,6.10340230964,-9999.0,-9999.0,-9999.0,65.2699966431,344.017364340855,93.9730633453794,270953.3,663838.87,20,12,65.27
NS76SW_708,1,1_6,6.59037002563,-9999.0,-9999.0,-9999.0,80.6320037842,156.653758749722,55.1529296707684,271161.09,663828.37,28,16,80.632
NS76SW_709,1,1_6,6.82531795488,-9999.0,-9999.0,-9999.0,82.6439971924,361.243230600197,92.5678863047588,271210.63,663831.36,12,8,82.644
NS76SW_710,1,1_6,6.82899330236,-9999.0,-9999.0,-9999.0,71.901260376,242.246330950368,73.5073748998513,271055.41,663825.19,12,8,71.901
NS76SW_711,1,1_6,2.46957758586,-9999.0,-9999.0,-9999.0,79.3669967651,39.7114650000807,26.6252911572495,271147.31,663821.02,12,8,79.367
NS76SW_712,1,1_6,3.60959945679,-9999.0,-9999.0,-9999.0,63.5690002441,38.9387812520405,25.7117004347757,270948.86,663818.21,12,8,63.569
NS76SW_713,1,1_6,2.35907295191,-9999.0,-9999.0,-9999.0,57.3289985657,106.565173271343,48.4501295666831,270701.85,663818.29,12,8,57.329
NS76SW_714,1,1_6,6.23109200964,-9999.0,-9999.0,-9999.0,56.3969993591,338.043749212224,98.1259824043323,270739.08,663822.39,36,20,56.397
NS76SW_715,1,1_6,6.19249874855,-9999.0,-9999.0,-9999.0,59.0589981079,439.269707233771,117.825661218868,270845.68,663818.47,12,8,59.059
NS76SW_716,1,1_6,5.94222267908,-9999.0,-9999.0,-9999.0,61.5340003967,939.844176556902,254.206062689063,270901.91,663834.28,56,32,61.534
NS76SW_717,1,1_6,6.87706906121,-9999.0,-9999.0,-9999.0,80.3150024414,345.970568979647,99.2579303826759,271188.1,663812.6,36,20,80.315
NS76SW_718,1,1_6,6.33290671938,-9999.0,-9999.0,-9999.0,72.5019989014,273.48779066762,87.4545010872038,271089.85,663808.81,36,20,72.502
NS76SW_720,1,1_6,5.93080745063,-9999.0,-9999.0,-9999.0,58.1300010681,148.656167172264,51.9905872561146,270808.59,663804.89,20,12,58.13
NS76SW_721,1,1_6,6.85450959844,-9999.0,-9999.0,-9999.0,66.3460006714,374.198026923169,102.61321538461,271011.24,663808.87,36,20,66.346
NS76SW_722,1,1_6,6.43803638497,-9999.0,-9999.0,-9999.0,73.0070037842,132.41560429143,48.0640182960351,271115.63,663796.86,20,12,73.007
NS76SW_724,1,1_6,2.47574310303,-9999.0,-9999.0,-9999.0,57.5419998169,31.3231950000287,23.4551000118275,270665.31,663791.47,12,8,57.542
NS76SW_725,1,1_6,2.70627916509,-9999.0,-9999.0,-9999.0,57.2340011597,33.6031085591228,23.2155223208058,270803.48,663789.07,12,8,57.234
NS76SW_726,1,1_6,6.57313239826,-9999.0,-9999.0,-9999.0,68.3970031738,123.920055298972,46.7175190371264,271047.33,663791.46,12,8,68.397
NS76SW_727,1,1_6,3.04346196244,-9999.0,-9999.0,-9999.0,57.0110015869,26.3577299996298,23.6259263506583,270788.65,663786.45,8,6,57.011
NS76SW_728,1,1_6,6.13690863431,-9999.0,-9999.0,-9999.0,56.2430000305,350.575691739467,97.0651417758497,270780.84,663799.17,28,16,56.243
NS76SW_729,1,1_6,2.06631844731,-9999.0,-9999.0,-9999.0,79.4710006714,32.9348031363814,24.834166740675,271201.2,663783.53,20,12,79.471
NS76SW_730,1,1_6,6.95500475927,-9999.0,-9999.0,-9999.0,63.1819992065,243.266986918833,73.437489880898,270979.09,663787.69,12,8,63.182
NS76SW_731,1,1_6,6.65545708131,-9999.0,-9999.0,-9999.0,81.7539978027,341.172166351296,94.4401018240086,271225.08,663790.43,20,12,81.754
NS76SW_732,1,1_6,6.19666117336,-9999.0,-9999.0,-9999.0,57.59400177,376.783417487066,112.349230379379,270834.64,663789.75,60,32,57.594
NS76SW_733,1,1_6,5.64481174297,-9999.0,-9999.0,-9999.0,59.2243347168,560.644599762378,151.275280381914,270895.73,663794.97,44,24,59.224
NS76SW_734,1,1_6,6.49994923552,-9999.0,-9999.0,-9999.0,73.7850036621,230.614622776493,70.0076715263975,271153.78,663780.65,28,16,73.785
NS76SW_736,1,1_6,6.67144012451,-9999.0,-9999.0,-9999.0,75.0839996338,114.852002306826,43.7440979993054,271175.96,663770.36,12,8,75.084
NS76SW_738,1,1_6,6.04688232324,-9999.0,-9999.0,-9999.0,55.533000946,165.607975250809,55.1352328499712,270796.84,663768.63,20,12,55.533
NS76SW_739,1,1_6,6.72361327457,-9999.0,-9999.0,-9999.0,68.3600006104,375.951019027448,105.087300378001,271082.84,663774.15,28,16,68.36
NS76SW_740,1,1_6,2.71437740326,-9999.0,-9999.0,-9999.0,66.7770004272,21.3104624975285,19.4194700375118,271058.55,663760.95,12,8,66.777
NS76SW_741,1,1_6,6.71597977636,-9999.0,-9999.0,-9999.0,60.1619987488,246.604722344676,73.9301964143615,270954.57,663761.83,12,8,60.162
NS76SW_742,1,1_6,6.6796889622,-9999.0,-9999.0,-9999.0,65.0199966431,474.593985400146,125.279026232556,271024.85,663766.29,12,8,65.02
NS76SW_743,1,1_6,6.39364535468,-9999.0,-9999.0,-9999.0,70.1930007935,112.681500100455,43.6016360726407,271130.05,663754.86,12,8,70.193
NS76SW_744,1,1_6,2.85963802495,-9999.0,-9999.0,-9999.0,56.8380012512,31.2549075019759,22.5154501680448,270864.21,663750.97,12,8,56.838
NS76SW_745,1,1_6,5.91265008129,-9999.0,-9999.0,-9999.0,57.3600006104,570.472456279573,171.907493324882,270880.07,663761.94,104,54,57.36
NS76SW_746,1,1_6,6.5066973107,-9999.0,-9999.0,-9999.0,76.1760025024,450.159328739108,117.525225307963,271209.06,663754.91,12,8,76.176
NS76SW_748,1,1_6,6.55730441974,-9999.0,-9999.0,-9999.0,55.4539985657,479.475790823646,125.467666057497,270832.62,663752.71,40,22,55.454
NS76SW_750,1,1_6,6.88925520849,-9999.0,-9999.0,-9999.0,56.1100006104,1040.47565647627,136.683569789975,270700.63,663756.92,28,16,56.11
NS76SW_105,1,1_7,5.782569738,-9999.0,-9999.0,-9999.0,72.0680007935,1003.28635028498,218.401607240952,270715.35,664864.89,196,100,72.068
NS76SW_112,1,1_7,6.87463545507,-9999.0,-9999.0,-9999.0,72.5550003052,123.464797059146,44.742318837996,270742.29,664830.51,12,8,72.555
NS76SW_128,1,1_7,7.00309971026,-9999.0,-9999.0,-9999.0,72.2030029297,74.5383268989415,34.9738094606398,270749.6,664819.48,12,8,72.203
NS76SW_143,1,1_7,6.39996865331,-9999.0,-9999.0,-9999.0,72.2770004272,99.2239607756259,39.8460651122655,270754.99,664808.87,12,8,72.277
NS76SW_161,1,1_7,6.21171589387,-9999.0,-9999.0,-9999.0,72.1119995117,201.635932844326,60.4024734929759,270761.78,664793.48,16,10,72.112
NS76SW_166,1,1_7,6.31333652116,-9999.0,-9999.0,-9999.0,72.8199996948,206.27463753839,65.4521848389933,270798.22,664789.54,36,20,72.82
NS76SW_17,1,1_7,5.48939307091,-9999.0,-9999.0,-9999.0,73.1370010376,195.192459475183,64.7954937506086,270638.23,664966.5,36,20,73.137
NS76SW_178,1,1_7,6.50085085419,-9999.0,-9999.0,-9999.0,72.1289978027,93.1837661966237,38.6128556021946,270770.54,664777.97,12,8,72.129
NS76SW_181,1,1_7,5.45420649763,-9999.0,-9999.0,-9999.0,71.7567138672,420.622566239808,129.06190520977,270630.61,664789.23,68,36,71.757
NS76SW_183,1,1_7,6.34077984983,-9999.0,-9999.0,-9999.0,72.6579971313,94.71783923441,38.9292394083563,270803.25,664773.96,12,8,72.658
NS76SW_187,1,1_7,6.48357140528,-9999.0,-9999.0,-9999.0,72.077003479,93.3943493161638,38.8004044996592,270773.42,664767.51,12,8,72.077
NS76SW_195,1,1_7,5.27350460087,-9999.0,-9999.0,-9999.0,71.922996521,114.631209760122,51.5672365865716,270635.04,664765.23,36,20,71.923
NS76SW_202,1,1_7,6.40729060088,-9999.0,-9999.0,-9999.0,72.56199646,126.682343553203,45.3277961883695,270803.61,664759.09,12,8,72.562
NS76SW_215,1,1_7,6.48100901435,-9999.0,-9999.0,-9999.0,71.9479980469,139.002229877613,47.57327381828,270775.14,664752.97,12,8,71.948
NS76SW_225,1,1_7,5.06069522434,-9999.0,-9999.0,-9999.0,71.81300354,123.622014388903,49.5357683922431,270648.96,664749.29,36,20,71.813
NS76SW_227,1,1_7,6.4468297638,-9999.0,-9999.0,-9999.0,72.3939971924,99.1490457639016,39.8702036853984,270804.99,664744.82,12,8,72.394
NS76SW_23,1,1_7,5.86208113735,-9999.0,-9999.0,-9999.0,73.3990020752,153.896523557162,50.5906617584092,270632.82,664950.75,20,12,73.399
NS76SW_232,1,1_7,6.46144031748,-9999.0,-9999.0,-9999.0,72.2119979858,92.2120786250247,38.5385411906511,270808.17,664734.88,12,8,72.212
NS76SW_251,1,1_7,6.48801276301,-9999.0,-9999.0,-9999.0,72.016998291,75.515888091447,35.196665665347,270806.48,664722.51,12,8,72.017
NS76SW_258,1,1_7,5.99556732934,-9999.0,-9999.0,-9999.0,71.9290008545,265.060064365632,94.7678908272176,270654.29,664730.06,52,28,71.929
NS76SW_261,1,1_7,6.10284476205,-9999.0,-9999.0,-9999.0,72.0149993896,317.457288512323,81.5230109994522,270929.46,664725.57,36,20,72.015
NS76SW_264,1,1_7,3.4968146872,-9999.0,-9999.0,-9999.0,71.8775482178,50.0100899999788,31.5866126975035,270681.5,664711.54,12,8,71.877
NS76SW_271,1,1_7,5.87002685118,-9999.0,-9999.0,-9999.0,72.3619995117,228.440047989595,82.3404082201526,270832.19,664713.31,44,24,72.362
NS76SW_274,1,1_7,5.96118618289,-9999.0,-9999.0,-9999.0,72.1959991455,250.660532276279,82.6041427503378,270857.74,664710.29,28,16,72.196
NS76SW_278,1,1_7,3.95277719053,-9999.0,-9999.0,-9999.0,72.5693359375,101.934109261348,40.5403527683476,270665.87,664706.92,12,8,72.569
NS76SW_279,1,1_7,6.74399695167,-9999.0,-9999.0,-9999.0,72.0790023804,95.676185635014,39.4197699916768,270816.37,664706.57,12,8,72.079
NS76SW_280,1,1_7,6.4242815919,-9999.0,-9999.0,-9999.0,72.0510025024,93.0177312547342,38.5786510531138,270937.29,664706.57,12,8,72.051
NS76SW_286,1,1_7,6.11553940761,-9999.0,-9999.0,-9999.0,71.6910018921,448.683524792492,133.930591565678,270893.17,664701.9,48,28,71.691
NS76SW_288,1,1_7,6.24581414651,-9999.0,-9999.0,-9999.0,70.9769973755,474.883156434961,164.056535870421,270780.27,664717.79,64,34,70.977
NS76SW_293,1,1_7,2.15488486454,-9999.0,-9999.0,-9999.0,72.5970001221,38.4869399958214,27.2209963895622,270632.18,664693.69,12,8,72.597
NS76SW_296,1,1_7,6.49460348821,-9999.0,-9999.0,-9999.0,71.2399978638,97.8101166188108,39.5622650163081,270791.63,664691.57,12,8,71.24
NS76SW_300,1,1_7,6.40000841739,-9999.0,-9999.0,-9999.0,71.7880020142,139.702531453541,47.668779442481,270938.38,664690.86,12,8,71.788
NS76SW_314,1,1_7,4.68121867277,-9999.0,-9999.0,-9999.0,71.2789993286,150.021037481459,51.5818134624114,270680.05,664679.97,20,12,71.279
NS76SW_316,1,1_7,3.45731398544,-9999.0,-9999.0,-9999.0,72.1060028076,245.608785378776,89.1800172576629,270643.44,664684.99,44,24,72.106
NS76SW_317,1,1_7,4.96613346031,-9999.0,-9999.0,-9999.0,71.6829986572,256.659559050333,76.3496468835031,270661.27,664681.24,36,20,71.683
NS76SW_323,1,1_7,4.10885139865,-9999.0,-9999.0,-9999.0,72.2799987793,185.676278174285,59.761624749265,270626.63,664676.61,20,12,72.28
NS76SW_33,1,1_7,5.96381887185,-9999.0,-9999.0,-9999.0,73.2679977417,168.187302722192,56.4628770697864,270625.6,664935.36,20,12,73.268
NS76SW_346,1,1_7,6.31623854992,-9999.0,-9999.0,-9999.0,71.21900177,322.530522760773,96.7321409596335,270942.63,664665.31,48,26,71.219
NS76SW_347,1,1_7,3.41293413286,-9999.0,-9999.0,-9999.0,71.0749969482,68.0900822007985,33.162015657259,270957.48,664650.77,12,8,71.075
NS76SW_362,1,1_7,6.20237328945,-9999.0,-9999.0,-9999.0,73.2316665649,98.6882376719693,39.7424624409638,270790.36,664590.56,12,8,73.232
NS76SW_363,1,1_7,5.85044232147,-9999.0,-9999.0,-9999.0,73.5970001221,215.913444009535,86.2041157485655,270809.53,664589.62,44,24,73.597
NS76SW_364,1,1_7,6.10951643328,-9999.0,-9999.0,-9999.0,73.65599823,152.594272049671,50.2913896938925,270828.7,664587.04,12,8,73.656
NS76SW_365,1,1_7,5.95992032598,-9999.0,-9999.0,-9999.0,73.5199966431,92.406595170584,43.0605479319704,270844.61,664585.02,28,16,73.52
NS76SW_366,1,1_7,3.35784165519,-9999.0,-9999.0,-9999.0,73.2699966431,36.2169974938466,25.191939328525,270784.04,664581.22,12,8,73.27
NS76SW_367,1,1_7,6.20176851297,-9999.0,-9999.0,-9999.0,73.7910003662,120.966131243482,44.1237517166035,270855.5,664575.51,12,8,73.791
NS76SW_368,1,1_7,5.60828884688,-9999.0,-9999.0,-9999.0,73.0979995728,233.849074743611,93.8928571641612,270875.41,664576.66,52,28,73.098
NS76SW_369,1,1_7,4.60565312703,-9999.0,-9999.0,-9999.0,74.9140014648,42.3468945846246,29.3071554026726,271007.41,664563.37,12,8,74.914
NS76SW_370,1,1_7,6.12603041856,-9999.0,-9999.0,-9999.0,73.93800354,154.948837500352,50.6855311119906,270792.36,664567.89,12,8,73.938
NS76SW_371,1,1_7,3.54216239988,-9999.0,-9999.0,-9999.0,73.8619995117,32.5667924938608,23.6942103590103,270883.2,664557.75,12,8,73.862
NS76SW_372,1,1_7,6.17376556872,-9999.0,-9999.0,-9999.0,74.0579986572,82.2953563778926,36.5939820581404,270832.06,664559.06,12,8,74.058
NS76SW_373,1,1_7,5.54982922961,-9999.0,-9999.0,-9999.0,73.0670013428,230.765329848192,100.197109405435,270900.79,664565.07,52,28,73.067
NS76SW_374,1,1_7,5.95749050877,-9999.0,-9999.0,-9999.0,74.34400177,88.5868134956195,38.2207697630218,270817.68,664556.85,12,8,74.344
NS76SW_375,1,1_7,2.32792816162,-9999.0,-9999.0,-9999.0,75.1790008545,23.3730749975474,20.4999090990038,271002.43,664549.69,12,8,75.179
NS76SW_376,1,1_7,2.26994050439,-9999.0,-9999.0,-9999.0,75.1470031738,38.9969099933929,25.9183208226485,271012.91,664551.07,12,8,75.147
NS76SW_377,1,1_7,6.21781261978,-9999.0,-9999.0,-9999.0,74.3759994507,120.977192760892,44.146186938557,270791.36,664550.85,12,8,74.376
NS76SW_378,1,1_7,3.11974520432,-9999.0,-9999.0,-9999.0,74.18800354,38.7081787509202,25.6470082439733,270825.0,664547.51,12,8,74.188
NS76SW_379,1,1_7,5.37507018054,-9999.0,-9999.0,-9999.0,74.1750030518,120.736874753705,60.5978960503747,270844.91,664548.04,28,16,74.175
NS76SW_382,1,1_7,6.07615159516,-9999.0,-9999.0,-9999.0,74.3840026855,95.906977854521,39.6037254333652,270847.34,664535.96,12,8,74.384
NS76SW_384,1,1_7,5.6258550063,-9999.0,-9999.0,-9999.0,74.452003479,98.2679288826126,42.1300163148977,270873.15,664536.07,20,12,74.452
NS76SW_385,1,1_7,6.18891255534,-9999.0,-9999.0,-9999.0,74.4629974365,110.534421674818,42.0678483857684,270789.01,664534.56,12,8,74.463
NS76SW_386,1,1_7,6.20788037723,-9999.0,-9999.0,-9999.0,74.2939987183,110.872320505301,42.1364780707237,270885.49,664534.09,12,8,74.294
NS76SW_387,1,1_7,5.2395708586,-9999.0,-9999.0,-9999.0,74.5899963379,124.390238022061,62.33078863747,270823.17,664534.84,28,16,74.59
NS76SW_390,1,1_7,5.90954060184,-9999.0,-9999.0,-9999.0,76.0049972534,100.701707762077,40.2763007263363,271014.99,664526.77,12,8,76.005
NS76SW_391,1,1_7,6.02644045159,-9999.0,-9999.0,-9999.0,74.1995010376,109.613302442993,41.9485647651202,270898.2,664527.11,12,8,74.2
NS76SW_392,1,1_7,6.14543338658,-9999.0,-9999.0,-9999.0,75.2559967041,100.765597152668,40.1989919751917,270977.77,664524.86,12,8,75.256
NS76SW_393,1,1_7,5.85503887177,-9999.0,-9999.0,-9999.0,74.7310028076,102.348283880465,40.5534032877795,270846.05,664524.37,12,8,74.731
NS76SW_394,1,1_7,6.01496887207,-9999.0,-9999.0,-9999.0,76.1808319092,239.170855392368,64.8904789746354,271037.46,664525.94,20,12,76.181
NS76SW_395,1,1_7,5.98852962678,-9999.0,-9999.0,-9999.0,74.4680023193,89.5627010312194,38.3892896009833,270787.03,664521.9,12,8,74.468
NS76SW_396,1,1_7,3.29026671017,-9999.0,-9999.0,-9999.0,74.6930007935,35.8078650011914,24.7126388005369,270879.15,664520.55,12,8,74.693
NS76SW_397,1,1_7,6.25003011855,-9999.0,-9999.0,-9999.0,74.6240005493,120.634907434743,44.0716451783323,270817.4,664521.34,12,8,74.624
NS76SW_398,1,1_7,6.11569752879,-9999.0,-9999.0,-9999.0,74.1179962158,98.9786937152409,39.8242363523058,270910.28,664518.71,12,8,74.118
NS76SW_399,1,1_7,6.06945020202,-9999.0,-9999.0,-9999.0,76.0350036621,92.8897333445651,39.2565324620179,271006.93,664517.29,12,8,76.035
NS76SW_400,1,1_7,6.22869589413,-9999.0,-9999.0,-9999.0,77.9329986572,109.621844175352,42.4279537702137,271067.0,664517.79,20,12,77.933
NS76SW_401,1,1_7,4.68428625179,-9999.0,-9999.0,-9999.0,73.8560028076,166.722975719347,56.7092883697071,270926.77,664517.71,28,16,73.856
NS76SW_404,1,1_7,6.16440199845,-9999.0,-9999.0,-9999.0,74.9329986572,103.417251952465,40.7047645142878,270843.86,664511.7,12,8,74.933
NS76SW_405,1,1_7,6.22081030569,-9999.0,-9999.0,-9999.0,76.1750030518,112.910102105524,42.5087361804796,270978.1,664509.17,12,8,76.175
NS76SW_406,1,1_7,6.12578371256,-9999.0,-9999.0,-9999.0,74.1989974976,105.091745456373,41.0562311954062,270784.9,664507.91,12,8,74.199
NS76SW_407,1,1_7,6.16641780308,-9999.0,-9999.0,-9999.0,75.1279983521,151.625395702841,50.2213201364529,270873.95,664509.6,12,8,75.128
NS76SW_408,1,1_7,6.02737022465,-9999.0,-9999.0,-9999.0,78.0729980469,90.0330531164347,38.6924026231637,271033.78,664506.82,12,8,78.073
NS76SW_410,1,1_7,6.00669949675,-9999.0,-9999.0,-9999.0,74.5650024414,111.501402913852,43.8188226586906,270815.16,664504.87,20,12,74.565
NS76SW_411,1,1_7,5.82553797265,-9999.0,-9999.0,-9999.0,78.6159973145,105.589505050661,41.1261429139143,271064.63,664502.17,12,8,78.616
NS76SW_412,1,1_7,3.47719198115,-9999.0,-9999.0,-9999.0,75.8909988403,34.5834149998203,24.6824461984562,270912.08,664499.55,12,8,75.891
NS76SW_413,1,1_7,3.48707929508,-9999.0,-9999.0,-9999.0,77.4420013428,34.0771462479761,24.3425589897663,270976.06,664498.91,12,8,77.442
NS76SW_414,1,1_7,6.15136305547,-9999.0,-9999.0,-9999.0,76.6320037842,147.65591124553,49.7902014401783,271005.16,664502.59,12,8,76.632
NS76SW_415,1,1_7,6.22709452832,-9999.0,-9999.0,-9999.0,75.9010009766,98.0310629824205,39.6095879680388,270899.59,664495.5,12,8,75.901
NS76SW_416,1,1_7,6.13742238534,-9999.0,-9999.0,-9999.0,75.3199996948,155.009611419269,50.7628161900231,270841.85,664496.1,12,8,75.32
NS76SW_417,1,1_7,5.89482855252,-9999.0,-9999.0,-9999.0,75.3970031738,112.516212248505,43.8743980637266,270870.36,664492.91,20,12,75.397
NS76SW_418,1,1_7,6.13578225462,-9999.0,-9999.0,-9999.0,77.5709991455,154.351251863019,50.7189957963269,270951.68,664490.32,12,8,77.571
NS76SW_419,1,1_7,6.29208258267,-9999.0,-9999.0,-9999.0,76.8779983521,109.713660204358,41.9220704581889,270934.98,664489.33,12,8,76.878
NS76SW_420,1,1_7,6.11030623135,-9999.0,-9999.0,-9999.0,76.7149963379,98.1092949535539,39.6833579076256,270921.43,664489.01,12,8,76.715
NS76SW_421,1,1_7,5.90495890036,-9999.0,-9999.0,-9999.0,77.8320007324,92.802364068694,38.8059908885988,271003.02,664487.83,12,8,77.832
NS76SW_423,1,1_7,6.1765439644,-9999.0,-9999.0,-9999.0,79.9589996338,89.530052070008,38.0620183159329,271056.51,664485.97,12,8,79.959
NS76SW_424,1,1_7,3.40383170633,-9999.0,-9999.0,-9999.0,80.9749984741,34.3987050011459,24.4366030292483,271063.79,664484.25,12,8,80.975
NS76SW_425,1,1_7,6.07015562894,-9999.0,-9999.0,-9999.0,77.766998291,182.810576593254,62.840780542664,270970.83,664486.08,28,16,77.767
NS76SW_426,1,1_7,5.87875538488,-9999.0,-9999.0,-9999.0,79.0820007324,220.6301353683,86.3613254373492,271031.74,664488.96,36,20,79.082
NS76SW_427,1,1_7,6.00983884965,-9999.0,-9999.0,-9999.0,81.0599975586,88.5681335134872,38.1959193083301,271071.36,664483.05,12,8,81.06
NS76SW_428,1,1_7,6.21338546792,-9999.0,-9999.0,-9999.0,81.283996582,103.909539559177,40.8034025804851,271083.36,664482.49,12,8,81.284
NS76SW_429,1,1_7,3.43867954895,-9999.0,-9999.0,-9999.0,81.5839996338,34.9767674991225,24.5912407250123,271104.49,664480.69,12,8,81.584
NS76SW_430,1,1_7,5.27737542105,-9999.0,-9999.0,-9999.0,75.6470031738,118.902133933411,60.1743584825504,270873.67,664480.89,28,16,75.647
NS76SW_431,1,1_7,5.9823729932,-9999.0,-9999.0,-9999.0,81.6449966431,100.991120099832,40.2809508852797,271096.19,664480.71,12,8,81.645
NS76SW_433,1,1_7,6.23780337685,-9999.0,-9999.0,-9999.0,76.4359970093,119.942329520521,43.9351502441651,270897.66,664481.1,12,8,76.436
NS76SW_434,1,1_7,6.25374897911,-9999.0,-9999.0,-9999.0,81.7239990234,98.4509482158908,39.6915866548379,271113.03,664477.07,12,8,81.724
NS76SW_435,1,1_7,3.52535166059,-9999.0,-9999.0,-9999.0,80.1813354492,36.857063633821,25.8838155140308,271022.28,664473.86,12,8,80.181
NS76SW_436,1,1_7,6.23002069303,-9999.0,-9999.0,-9999.0,78.8840026855,106.158800534752,41.3884663117404,271004.83,664474.84,12,8,78.884
NS76SW_437,1,1_7,5.92818815955,-9999.0,-9999.0,-9999.0,81.8939971924,123.613378591626,44.516561900475,271114.9,664465.05,12,8,81.894
NS76SW_439,1,1_7,6.20001401821,-9999.0,-9999.0,-9999.0,77.5820007324,120.654510824833,44.0759916082188,270931.83,664460.59,12,8,77.582
NS76SW_440,1,1_7,6.09491183673,-9999.0,-9999.0,-9999.0,81.8259963989,100.896020810663,40.2801644674816,271061.24,664459.86,12,8,81.826
NS76SW_441,1,1_7,6.16278946258,-9999.0,-9999.0,-9999.0,77.5849990845,153.337746908684,50.5072773103804,270948.65,664459.12,12,8,77.585
NS76SW_442,1,1_7,6.25053101653,-9999.0,-9999.0,-9999.0,79.3450012207,107.936946116835,41.5732401719038,270970.58,664458.49,12,8,79.345
NS76SW_444,1,1_7,6.12240953366,-9999.0,-9999.0,-9999.0,81.1009979248,187.725406880545,78.6180124118666,271031.1,664461.95,36,20,81.101
NS76SW_445,1,1_7,5.5638339367,-9999.0,-9999.0,-9999.0,79.608001709,231.110833528988,88.5188040488278,271003.38,664455.45,44,24,79.608
NS76SW_446,1,1_7,6.41924223379,-9999.0,-9999.0,-9999.0,81.9290008545,119.498916596196,43.8619510991757,271087.28,664450.09,12,8,81.929
NS76SW_447,1,1_7,6.22257173241,-9999.0,-9999.0,-9999.0,82.4580001831,103.676203504817,40.7820879235435,271058.83,664447.24,12,8,82.458
NS76SW_448,1,1_7,4.88464583982,-9999.0,-9999.0,-9999.0,80.5759963989,164.02040386783,78.1000297712894,271021.39,664445.71,44,24,80.576
NS76SW_449,1,1_7,6.24843672105,-9999.0,-9999.0,-9999.0,80.6460037231,107.878126369491,41.5587043074247,270971.24,664442.12,12,8,80.646
NS76SW_450,1,1_7,6.27467732394,-9999.0,-9999.0,-9999.0,82.952003479,101.493916949757,40.3003541974593,271057.41,664434.32,12,8,82.952
NS76SW_454,1,1_7,6.23508858681,-9999.0,-9999.0,-9999.0,81.2679977417,97.6932958589611,39.5390815521036,270970.56,664428.3,12,8,81.268
NS76SW_455,1,1_7,6.19953831905,-9999.0,-9999.0,-9999.0,81.3659973145,120.502889959593,44.0354214919615,270992.84,664426.12,12,8,81.366
NS76SW_456,1,1_7,5.30310643489,-9999.0,-9999.0,-9999.0,82.3280029297,270.196459232303,94.7302496119588,271081.44,664430.19,52,28,82.328
NS76SW_457,1,1_7,3.27306266453,-9999.0,-9999.0,-9999.0,81.608001709,34.7494499980273,24.5271108652887,270981.04,664420.87,12,8,81.608
NS76SW_458,1,1_7,5.97482081378,-9999.0,-9999.0,-9999.0,82.2350006104,575.219986192582,120.08557262504,271109.88,664436.15,44,24,82.235
NS76SW_459,1,1_7,6.08136508757,-9999.0,-9999.0,-9999.0,82.1679992676,227.768215854326,61.0514019524413,271131.21,664423.72,20,12,82.168
NS76SW_461,1,1_7,6.04826130253,-9999.0,-9999.0,-9999.0,82.5371704102,323.226070813804,111.159422524933,271019.3,664416.49,52,28,82.537
NS76SW_462,1,1_7,6.24508180052,-9999.0,-9999.0,-9999.0,83.3550033569,99.5972177923293,39.9511498778349,271045.45,664407.71,12,8,83.355
NS76SW_463,1,1_7,6.10003788389,-9999.0,-9999.0,-9999.0,83.0899963379,110.302106829198,43.5368018318017,271058.78,664407.03,20,12,83.09
NS76SW_464,1,1_7,5.82187706262,-9999.0,-9999.0,-9999.0,82.9250030518,106.203428924637,41.231078532385,271071.54,664403.25,12,8,82.925
NS76SW_465,1,1_7,6.08952790611,-9999.0,-9999.0,-9999.0,82.7819976807,151.097445803714,50.2104903833743,271084.57,664398.07,12,8,82.782
NS76SW_7,1,1_7,5.00156027105,-9999.0,-9999.0,-9999.0,72.9619979858,232.047531779393,72.8727265063311,270639.49,664985.59,28,16,72.962
NS76SW_70,1,1_7,5.88959206682,-9999.0,-9999.0,-9999.0,72.81199646,582.629975123158,111.440368760449,270723.83,664898.7,64,34,72.812
NS76SW_83,1,1_7,3.17317102122,-9999.0,-9999.0,-9999.0,74.1269989014,24.3114225000839,20.3389117502482,270810.56,664865.06,12,8,74.127
