uid,lod,cell,height,height_max,height_min,height_pct90,ground_z,footprint_area,footprint_length,centre_e,centre_n,n_triangles,n_vertices,zmin_odn
NS47SE_904,1,7_-1,11.631942084,-9999.0,-9999.0,-9999.0,6.21700000763,841.72022557271,165.534253723853,249797.72,669995.59,40,22,6.217
NS47SE_850,1,7_0,2.50346610361,-9999.0,-9999.0,-9999.0,13.0349998474,42.6242625035496,27.4887459596158,249569.27,670548.97,16,10,13.035
NS47SE_851,1,7_0,3.65779824257,-9999.0,-9999.0,-9999.0,13.3299999237,122.591423448838,46.7524833491344,249594.08,670541.4,28,16,13.33
NS47SE_852,1,7_0,2.69618741559,-9999.0,-9999.0,-9999.0,10.5600004196,35.8790512453589,24.437046872477,249997.07,670495.01,12,8,10.56
NS47SE_854,1,7_0,7.59223018857,-9999.0,-9999.0,-9999.0,12.875,2257.95792028814,323.605655946901,249577.82,670508.11,136,70,12.875
NS47SE_855,1,7_0,8.10871794556,-9999.0,-9999.0,-9999.0,10.6049995422,1806.44686701675,220.954060804492,249692.75,670491.2,96,50,10.605
NS47SE_856,1,7_0,5.0180354249,-9999.0,-9999.0,-9999.0,8.70300006866,745.484504642817,113.054733101418,249966.46,670436.96,28,16,8.703
NS47SE_857,1,7_0,9.4206096485,-9999.0,-9999.0,-9999.0,10.4750003815,576.953680689278,111.920133818074,249560.72,670420.79,20,12,10.475
NS47SE_860,1,7_0,6.41951809904,-9999.0,-9999.0,-9999.0,8.84300041199,394.474200289827,93.1499632347837,249801.55,670376.96,40,22,8.843
NS47SE_862,1,7_0,4.75713742773,-9999.0,-9999.0,-9999.0,9.83399963379,80.4321080851886,35.8736414540138,249833.25,670347.66,12,8,9.834
NS47SE_863,1,7_0,9.5071411176,-9999.0,-9999.0,-9999.0,7.03433322906,425.46830830745,89.7137646223186,249555.9,670325.76,12,8,7.034
NS47SE_865,1,7_0,3.92962758821,-9999.0,-9999.0,-9999.0,6.01300001144,310.692578427681,93.11912229941,249540.18,670304.36,12,8,6.013
NS47SE_866,1,7_0,4.05443158488,-9999.0,-9999.0,-9999.0,8.1280002594,33.9307014562142,32.1080456167173,249736.96,670296.82,12,8,8.128
NS47SE_867,1,7_0,7.78152238137,-9999.0,-9999.0,-9999.0,9.72700023651,1047.06481929375,209.794655437193,249877.84,670293.05,108,56,9.727
NS47SE_868,1,7_0,6.20709266839,-9999.0,-9999.0,-9999.0,5.61499977112,233.215643605384,61.2993659280443,249568.96,670228.22,12,8,5.615
NS47SE_870,1,7_0,6.88519378708,-9999.0,-9999.0,-9999.0,7.01499986649,2928.35312623999,466.334332024992,249652.18,670250.16,176,88,7.015
NS47SE_871,1,7_0,5.35390348751,-9999.0,-9999.0,-9999.0,5.49399995804,235.423394499978,64.916635209193,249570.55,670210.72,28,16,5.494
NS47SE_872,1,7_0,3.17255985503,-9999.0,-9999.0,-9999.0,6.61600017548,53.0983837501312,29.5213845455322,249626.52,670203.41,12,8,6.616
NS47SE_873,1,7_0,6.42234181624,-9999.0,-9999.0,-9999.0,8.99300003052,674.583295428371,146.202056330416,249931.45,670218.72,60,32,8.993
NS47SE_874,1,7_0,5.90483997621,-9999.0,-9999.0,-9999.0,9.04500007629,305.024422147121,142.06725684377,249981.52,670197.66,84,44,9.045
NS47SE_875,1,7_0,2.80752489388,-9999.0,-9999.0,-9999.0,6.52199983597,82.1394589160983,42.0061221603118,249629.43,670185.73,28,16,6.522
NS47SE_877,1,7_0,8.31747812914,-9999.0,-9999.0,-9999.0,6.38999986649,494.043438518044,116.743068918853,249612.82,670192.22,44,24,6.39
NS47SE_878,1,7_0,5.99118375094,-9999.0,-9999.0,-9999.0,6.73600006104,253.685190206103,77.0253632347398,249658.86,670181.62,36,20,6.736
NS47SE_879,1,7_0,4.86289799272,-9999.0,-9999.0,-9999.0,7.28299999237,310.759547372676,80.546758938825,249839.09,670184.04,12,8,7.283
NS47SE_880,1,7_0,7.39518128578,-9999.0,-9999.0,-9999.0,7.03499984741,747.347343198365,134.210171078698,249721.04,670182.86,56,30,7.035
NS47SE_881,1,7_0,3.92380438698,-9999.0,-9999.0,-9999.0,8.24100017548,93.9500100036411,52.6580720572686,249924.43,670172.36,28,16,8.241
NS47SE_883,1,7_0,7.96310463817,-9999.0,-9999.0,-9999.0,6.83399963379,12295.0280376903,1007.50283030986,249782.62,670253.39,332,162,6.834
NS47SE_885,1,7_0,11.0065033417,-9999.0,-9999.0,-9999.0,3.41199994087,688.57836135527,165.290595463312,249516.82,670165.55,68,36,3.412
NS47SE_886,1,7_0,7.64353398978,-9999.0,-9999.0,-9999.0,6.78599977493,1196.2103004609,259.829424000951,249644.06,670158.28,140,72,6.786
NS47SE_887,1,7_0,3.3195238999,-9999.0,-9999.0,-9999.0,8.9969997406,38.8216462534029,26.3191858137637,249937.66,670131.56,12,8,8.997
NS47SE_889,1,7_0,4.43864271871,-9999.0,-9999.0,-9999.0,10.3999996185,86.268684757056,41.6231472436335,249779.83,670124.88,28,16,10.4
NS47SE_890,1,7_0,6.84166732883,-9999.0,-9999.0,-9999.0,6.44500017166,424.397001318829,99.2039799057758,249654.87,670125.98,36,20,6.445
NS47SE_891,1,7_0,5.37110666639,-9999.0,-9999.0,-9999.0,7.46799993515,98.1946232934424,39.7968035542138,249835.32,670105.27,12,8,7.468
NS47SE_892,1,7_0,5.22289496408,-9999.0,-9999.0,-9999.0,12.1590003967,40.1894887026806,36.8557798853072,249787.27,670102.67,20,12,12.159
NS47SE_893,1,7_0,11.1268582174,-9999.0,-9999.0,-9999.0,6.28700017929,569.927610131018,121.677983167652,249726.47,670114.54,44,24,6.287
NS47SE_894,1,7_0,9.51161221123,-9999.0,-9999.0,-9999.0,5.13000011444,3869.43918083547,400.247141952083,249551.49,670120.01,156,78,5.13
NS47SE_895,1,7_0,7.88385446385,-9999.0,-9999.0,-9999.0,6.07999992371,2095.50585928447,357.035794380875,249703.16,670120.99,160,82,6.08
NS47SE_896,1,7_0,11.5844360828,-9999.0,-9999.0,-9999.0,5.26399993896,851.133300556832,166.098373429995,249625.4,670088.13,68,36,5.264
NS47SE_898,1,7_0,10.7954726955,-9999.0,-9999.0,-9999.0,5.95399999619,1041.61359232579,210.59878819898,249752.51,670081.3,92,48,5.954
NS47SE_900,1,7_0,6.81288182394,-9999.0,-9999.0,-9999.0,5.92999982834,1237.79814798377,198.061175127908,249778.52,670040.41,48,26,5.93
NS47SE_902,1,7_0,5.28331898983,-9999.0,-9999.0,-9999.0,5.27199983597,148.825526618476,49.3749165143218,249623.64,670010.62,12,8,5.272
NS47SE_903,1,7_0,9.48785834316,-9999.0,-9999.0,-9999.0,4.81300020218,1482.71787348546,238.128840110891,249680.65,670025.95,60,32,4.813
NS47SE_909,1,7_0,6.79542729019,-9999.0,-9999.0,-9999.0,9.6920003891,49001.51159209,2560.34022134028,249882.3,670571.62,648,328,9.692
NS47SE_738,1,7_1,6.58906042537,-9999.0,-9999.0,-9999.0,42.1020011902,239.573382610205,66.1394169860702,249902.93,671246.81,12,8,42.102
NS47SE_739,1,7_1,3.25761863745,-9999.0,-9999.0,-9999.0,48.9189987183,54.9881420021099,29.9599588291427,249508.88,671237.34,12,8,48.919
NS47SE_740,1,7_1,5.87874145814,-9999.0,-9999.0,-9999.0,37.9490013123,196.903635633094,57.7107532991912,249989.44,671240.31,32,18,37.949
NS47SE_741,1,7_1,40.0929241465,-9999.0,-9999.0,-9999.0,52.0149993896,438.556636200368,85.0787435972546,249616.18,671241.39,12,8,52.015
NS47SE_742,1,7_1,9.47455012678,-9999.0,-9999.0,-9999.0,46.7579994202,404.550931321609,111.103351993823,249758.85,671238.96,44,24,46.758
NS47SE_744,1,7_1,6.26699571938,-9999.0,-9999.0,-9999.0,38.5600013733,300.395965585393,88.1394046597038,249968.35,671230.49,44,24,38.56
NS47SE_745,1,7_1,8.40237306778,-9999.0,-9999.0,-9999.0,43.1199989319,872.506701735674,156.447540642537,249833.36,671244.8,60,32,43.12
NS47SE_746,1,7_1,9.63255601082,-9999.0,-9999.0,-9999.0,44.6500015259,415.462284944115,106.294530934643,249796.77,671225.98,44,24,44.65
NS47SE_747,1,7_1,6.50064780077,-9999.0,-9999.0,-9999.0,39.5419998169,257.166196006789,69.5136845765194,249940.45,671220.84,24,14,39.542
NS47SE_748,1,7_1,2.41175254699,-9999.0,-9999.0,-9999.0,38.2150001526,35.2982624992494,27.1460623315285,249976.05,671211.71,8,6,38.215
NS47SE_749,1,7_1,6.57381159309,-9999.0,-9999.0,-9999.0,40.5340003967,258.949383966604,69.6678380802342,249911.38,671212.7,20,12,40.534
NS47SE_750,1,7_1,2.78107614986,-9999.0,-9999.0,-9999.0,50.2449989319,46.2360224951937,27.8495978055238,249631.3,671202.49,12,8,50.245
NS47SE_751,1,7_1,39.8218238554,-9999.0,-9999.0,-9999.0,50.2459983826,442.360800230134,85.450210436228,249528.16,671211.45,12,8,50.246
NS47SE_752,1,7_1,5.53728243356,-9999.0,-9999.0,-9999.0,41.2439994812,388.261494731775,142.558124088555,249880.98,671214.3,116,60,41.244
NS47SE_753,1,7_1,6.07984170368,-9999.0,-9999.0,-9999.0,43.4599990845,301.435034339605,93.6344026642939,249810.86,671195.93,44,24,43.46
NS47SE_754,1,7_1,2.7786540344,-9999.0,-9999.0,-9999.0,39.1910018921,61.7270721885347,31.9139374399828,249932.12,671183.25,12,8,39.191
NS47SE_755,1,7_1,39.9082637115,-9999.0,-9999.0,-9999.0,50.202999115,442.631897711388,85.4396884505291,249600.22,671190.17,12,8,50.203
NS47SE_756,1,7_1,9.195290896,-9999.0,-9999.0,-9999.0,47.6370010376,413.035834599158,110.694075809678,249705.18,671186.84,44,24,47.637
NS47SE_757,1,7_1,9.50488113627,-9999.0,-9999.0,-9999.0,35.9749984741,208.689039445536,60.9752427277414,249988.28,671181.63,28,16,35.975
NS47SE_758,1,7_1,9.25680265473,-9999.0,-9999.0,-9999.0,49.1940002441,422.371359937135,111.684328378803,249651.4,671179.4,44,24,49.194
NS47SE_759,1,7_1,9.26419797306,-9999.0,-9999.0,-9999.0,46.2929992676,406.713823028861,111.847289614843,249741.75,671183.74,44,24,46.293
NS47SE_760,1,7_1,2.57210731506,-9999.0,-9999.0,-9999.0,39.8499984741,49.0645274991108,36.8466920760135,249910.51,671174.36,20,12,39.85
NS47SE_761,1,7_1,4.71948212669,-9999.0,-9999.0,-9999.0,48.0569992065,267.085770363791,77.424408741052,249682.73,671165.42,12,8,48.057
NS47SE_762,1,7_1,5.85845313773,-9999.0,-9999.0,-9999.0,44.4910011292,440.294874124376,107.133250190576,249791.06,671171.59,36,20,44.491
NS47SE_763,1,7_1,6.03355182241,-9999.0,-9999.0,-9999.0,44.7900009155,304.766909521755,89.9122491361189,249762.99,671159.25,44,24,44.79
NS47SE_764,1,7_1,7.11910625994,-9999.0,-9999.0,-9999.0,37.1479988098,1278.16356063777,254.898420664846,249934.9,671164.83,116,60,37.148
NS47SE_765,1,7_1,10.5258868942,-9999.0,-9999.0,-9999.0,40.9679985046,377.565248225794,106.171631500935,249836.41,671148.64,44,24,40.968
NS47SE_767,1,7_1,12.2374570175,-9999.0,-9999.0,-9999.0,40.263999939,1041.36846126258,189.614289680342,249853.11,671170.17,44,24,40.264
NS47SE_769,1,7_1,7.45798625728,-9999.0,-9999.0,-9999.0,45.6139984131,718.123047969432,152.427541035363,249569.07,671141.18,84,44,45.614
NS47SE_770,1,7_1,5.48574411552,-9999.0,-9999.0,-9999.0,36.7179985046,241.229187070245,72.7368617206351,249978.21,671136.42,36,20,36.718
NS47SE_771,1,7_1,5.7104413762,-9999.0,-9999.0,-9999.0,37.3289985657,271.992515913727,95.7073547206293,249962.56,671131.88,52,28,37.329
NS47SE_772,1,7_1,2.53609117898,-9999.0,-9999.0,-9999.0,41.5839996338,25.9743674978053,21.3844931974581,249798.19,671120.51,12,8,41.584
NS47SE_773,1,7_1,2.74789550407,-9999.0,-9999.0,-9999.0,35.1230010986,128.950585803567,50.7378477109841,249994.19,671119.54,20,12,35.123
NS47SE_774,1,7_1,5.8938455607,-9999.0,-9999.0,-9999.0,38.7350006104,193.824980432546,60.0594057406683,249852.59,671117.36,12,8,38.735
NS47SE_775,1,7_1,9.36565134767,-9999.0,-9999.0,-9999.0,44.625,666.118644362046,154.642877707151,249643.18,671126.28,44,24,44.625
NS47SE_776,1,7_1,9.95268677199,-9999.0,-9999.0,-9999.0,41.7779998779,723.923286237609,175.149050225636,249707.07,671118.51,32,18,41.778
NS47SE_777,1,7_1,10.2610320949,-9999.0,-9999.0,-9999.0,40.9599990845,618.027135666188,151.08300875071,249773.2,671114.06,52,28,40.96
NS47SE_778,1,7_1,7.07372329763,-9999.0,-9999.0,-9999.0,35.8800010681,853.22494477764,163.903281230358,249918.09,671106.26,52,28,35.88
NS47SE_779,1,7_1,2.5850335009,-9999.0,-9999.0,-9999.0,39.2630004883,141.182923291444,56.3644790860204,249795.35,671099.62,12,8,39.263
NS47SE_780,1,7_1,6.86877229085,-9999.0,-9999.0,-9999.0,33.8310012817,139.061872473175,47.479884262775,249960.25,671093.83,12,8,33.831
NS47SE_781,1,7_1,31.7164920104,-9999.0,-9999.0,-9999.0,37.2410011292,432.522662123469,84.6677608223719,249825.02,671097.17,20,12,37.241
NS47SE_782,1,7_1,7.63836178075,-9999.0,-9999.0,-9999.0,32.1870002747,161.865401475463,56.3223171421054,249980.04,671091.12,28,16,32.187
NS47SE_783,1,7_1,6.64521374111,-9999.0,-9999.0,-9999.0,31.5799999237,211.809835604989,63.3077571024463,249997.0,671087.74,28,16,31.58
NS47SE_784,1,7_1,6.09771145588,-9999.0,-9999.0,-9999.0,38.8790016174,421.955440402845,108.340879288823,249549.77,671094.96,44,24,38.879
NS47SE_785,1,7_1,12.8645512336,-9999.0,-9999.0,-9999.0,39.0180015564,1280.13857287063,270.781029420011,249676.81,671090.54,76,40,39.018
NS47SE_786,1,7_1,11.9395072663,-9999.0,-9999.0,-9999.0,36.8343315125,481.440684860103,113.783734133765,249771.62,671077.6,36,20,36.834
NS47SE_788,1,7_1,6.02715990589,-9999.0,-9999.0,-9999.0,38.9850006104,817.284132311603,161.911476599539,249587.72,671095.45,32,18,38.985
NS47SE_789,1,7_1,6.79067122612,-9999.0,-9999.0,-9999.0,38.6180000305,132.475591992154,47.0779208233231,249661.46,671068.54,12,8,38.618
NS47SE_790,1,7_1,5.79744216155,-9999.0,-9999.0,-9999.0,34.9534988403,143.918506674861,48.7887338824639,249802.35,671064.17,12,8,34.953
NS47SE_791,1,7_1,3.57330625721,-9999.0,-9999.0,-9999.0,38.2010002136,161.793277167673,56.0817687286395,249678.04,671062.24,28,16,38.201
NS47SE_792,1,7_1,6.70547556046,-9999.0,-9999.0,-9999.0,30.6909999847,596.527777735804,155.119683456818,249941.77,671064.06,76,40,30.691
NS47SE_793,1,7_1,6.95979243377,-9999.0,-9999.0,-9999.0,30.3990001678,241.816484411595,75.6763538393047,249979.53,671057.61,36,20,30.399
NS47SE_794,1,7_1,5.231445123,-9999.0,-9999.0,-9999.0,32.4269981384,249.762376042466,74.4933899302732,249841.09,671061.19,36,20,32.427
NS47SE_795,1,7_1,6.8728752193,-9999.0,-9999.0,-9999.0,37.1360015869,345.736244237206,79.9176908359887,249622.13,671051.27,12,8,37.136
NS47SE_796,1,7_1,8.02646137819,-9999.0,-9999.0,-9999.0,35.6170005798,463.887201219899,130.660252653455,249704.51,671054.51,52,28,35.617
NS47SE_797,1,7_1,7.64390592552,-9999.0,-9999.0,-9999.0,34.1150016785,640.991193490848,148.470183086953,249550.43,671051.75,28,16,34.115
NS47SE_798,1,7_1,6.27946699455,-9999.0,-9999.0,-9999.0,31.6970005035,731.60095484501,154.696739577753,249889.57,671056.07,44,24,31.697
NS47SE_799,1,7_1,7.06966383502,-9999.0,-9999.0,-9999.0,35.7519989014,381.113755692361,85.2737872233582,249660.7,671042.88,16,10,35.752
NS47SE_801,1,7_1,7.18835311303,-9999.0,-9999.0,-9999.0,29.2670001984,140.172800725411,50.895813927078,249824.18,671022.68,20,12,29.267
NS47SE_802,1,7_1,13.3994491691,-9999.0,-9999.0,-9999.0,32.5900001526,1185.00506709608,218.722388859006,249764.96,671029.4,44,24,32.59
NS47SE_803,1,7_1,6.03966641831,-9999.0,-9999.0,-9999.0,28.3260002136,1104.3946621152,218.858457608882,249941.52,671024.29,108,56,28.326
NS47SE_804,1,7_1,7.94257161368,-9999.0,-9999.0,-9999.0,32.0890007019,396.828847289547,104.123024597902,249622.52,671020.2,36,20,32.089
NS47SE_806,1,7_1,8.01859438074,-9999.0,-9999.0,-9999.0,30.7980003357,407.32242447893,105.560922873741,249656.1,671003.66,44,24,30.798
NS47SE_807,1,7_1,5.86738323865,-9999.0,-9999.0,-9999.0,27.6459999084,405.560476998484,102.857863025137,249879.56,670997.15,36,20,27.646
NS47SE_808,1,7_1,9.04385240261,-9999.0,-9999.0,-9999.0,28.6399993896,216.713070803485,68.649283312358,249768.59,670988.74,28,16,28.64
NS47SE_809,1,7_1,8.60796170538,-9999.0,-9999.0,-9999.0,26.9729995728,699.863638130524,169.909629941624,249708.96,670992.59,52,28,26.973
NS47SE_810,1,7_1,6.63061601456,-9999.0,-9999.0,-9999.0,26.642999649,678.505854081902,144.356590492542,249918.38,670992.6,64,34,26.643
NS47SE_811,1,7_1,10.6676873611,-9999.0,-9999.0,-9999.0,24.5579986572,491.584740639544,94.2334305976574,249566.07,670986.63,48,26,24.558
NS47SE_812,1,7_1,5.32028390688,-9999.0,-9999.0,-9999.0,26.2520008087,561.911142783083,145.532584101517,249975.03,670984.11,16,10,26.252
NS47SE_813,1,7_1,2.96072299829,-9999.0,-9999.0,-9999.0,26.2800006866,142.227651449338,61.5624689826751,249948.44,670974.44,36,20,26.28
NS47SE_814,1,7_1,7.97877669286,-9999.0,-9999.0,-9999.0,24.1669998169,764.942911220465,192.098927003574,249811.03,670989.13,64,34,24.167
NS47SE_815,1,7_1,2.92889076471,-9999.0,-9999.0,-9999.0,25.7250003815,33.6093975058191,31.4177575636088,249908.84,670965.11,16,10,25.725
NS47SE_816,1,7_1,2.91209675063,-9999.0,-9999.0,-9999.0,25.202999115,267.209642267912,124.094683593221,249986.1,670965.66,96,50,25.203
NS47SE_817,1,7_1,3.20874904312,-9999.0,-9999.0,-9999.0,25.7399997711,33.2489925007423,23.08621946187,249971.3,670956.19,12,8,25.74
NS47SE_818,1,7_1,11.6200724304,-9999.0,-9999.0,-9999.0,25.9920005798,573.901066390996,122.791796606231,249664.4,670964.54,12,8,25.992
NS47SE_819,1,7_1,5.73290370361,-9999.0,-9999.0,-9999.0,23.9610004425,699.630341491977,151.168241639552,249880.05,670963.62,72,38,23.961
NS47SE_820,1,7_1,5.13229246267,-9999.0,-9999.0,-9999.0,24.1350002289,171.665754724642,56.5117402509568,249905.07,670952.12,28,16,24.135
NS47SE_821,1,7_1,3.52433381984,-9999.0,-9999.0,-9999.0,24.3826675415,158.749399020392,69.7078499462132,249920.06,670949.04,44,24,24.383
NS47SE_822,1,7_1,4.07595417607,-9999.0,-9999.0,-9999.0,24.8269996643,141.15414498075,47.7047327106889,249935.52,670945.46,12,8,24.827
NS47SE_823,1,7_1,5.00000118156,-9999.0,-9999.0,-9999.0,23.5939998627,374.084164447361,118.260619281902,249957.85,670940.82,84,44,23.594
NS47SE_824,1,7_1,5.25858077457,-9999.0,-9999.0,-9999.0,24.5340003967,300.140966904537,71.6717490933789,249981.58,670942.44,12,8,24.534
NS47SE_825,1,7_1,9.35557209856,-9999.0,-9999.0,-9999.0,25.4150009155,957.387088953795,172.779743899312,249732.47,670943.02,28,16,25.415
NS47SE_826,1,7_1,9.92546567254,-9999.0,-9999.0,-9999.0,18.8010005951,199.536104993074,66.8978415442463,249895.14,670911.3,40,22,18.801
NS47SE_827,1,7_1,9.60675645043,-9999.0,-9999.0,-9999.0,18.311000824,364.440489994746,78.4835254187147,249853.38,670910.91,20,12,18.311
NS47SE_828,1,7_1,12.2528426043,-9999.0,-9999.0,-9999.0,20.9330005646,1213.74132966218,189.500148337423,249793.37,670908.76,36,20,20.933
NS47SE_829,1,7_1,13.0711230084,-9999.0,-9999.0,-9999.0,17.3380756378,457.189673278874,119.504707989847,249916.32,670898.81,60,32,17.338
NS47SE_830,1,7_1,9.66018736054,-9999.0,-9999.0,-9999.0,18.1119995117,353.710780225851,104.152475849908,249947.21,670887.76,52,28,18.112
NS47SE_831,1,7_1,6.56866002083,-9999.0,-9999.0,-9999.0,16.2566661835,172.769479719446,56.4525619262906,249874.42,670876.76,20,12,16.257
NS47SE_832,1,7_1,13.3024360228,-9999.0,-9999.0,-9999.0,16.8630008698,451.737080343138,116.010851352247,249980.35,670884.94,84,44,16.863
NS47SE_833,1,7_1,9.23475579005,-9999.0,-9999.0,-9999.0,15.6809997559,185.197322451477,68.7599664321686,249902.5,670868.18,52,28,15.681
NS47SE_835,1,7_1,7.25060651236,-9999.0,-9999.0,-9999.0,14.0620002747,135.722272559756,50.0681212946851,249799.44,670844.72,20,12,14.062
NS47SE_836,1,7_1,10.5914662511,-9999.0,-9999.0,-9999.0,13.2779998779,1133.71686826967,167.338219236155,249601.57,670850.27,60,32,13.278
NS47SE_837,1,7_1,3.99721212083,-9999.0,-9999.0,-9999.0,14.1219997406,445.503204389457,107.680374965716,249737.43,670840.18,28,16,14.122
NS47SE_838,1,7_1,8.55405248868,-9999.0,-9999.0,-9999.0,14.3839998245,462.241908139612,117.372852443428,249920.77,670844.67,76,40,14.384
NS47SE_839,1,7_1,6.58720088799,-9999.0,-9999.0,-9999.0,15.4969997406,1042.34286963541,302.803984574634,249869.09,670860.44,136,70,15.497
NS47SE_840,1,7_1,7.74805335149,-9999.0,-9999.0,-9999.0,14.732000351,724.044273348631,174.0798771186,249968.37,670835.82,68,36,14.732
NS47SE_841,1,7_1,7.85412934389,-9999.0,-9999.0,-9999.0,14.4090003967,300.271975256881,83.9617124092824,249995.75,670817.66,36,20,14.409
NS47SE_842,1,7_1,4.11417587346,-9999.0,-9999.0,-9999.0,14.154999733,628.039297310158,101.796121580903,249716.01,670810.04,24,14,14.155
NS47SE_843,1,7_1,10.1743728234,-9999.0,-9999.0,-9999.0,13.6470003128,2427.75271714129,318.801515789177,249666.94,670844.99,64,34,13.647
NS47SE_844,1,7_1,4.07779784566,-9999.0,-9999.0,-9999.0,13.7019996643,440.562800719304,105.603767675236,249703.57,670775.77,28,16,13.702
NS47SE_846,1,7_1,4.14670794379,-9999.0,-9999.0,-9999.0,14.1700000763,1812.70492890707,216.771804765182,249756.21,670791.59,20,12,14.17
NS47SE_847,1,7_1,14.1368251071,-9999.0,-9999.0,-9999.0,12.8140001297,1000.79622453263,168.666938994025,249725.97,670719.06,68,36,12.814
NS47SE_848,1,7_1,14.126922758,-9999.0,-9999.0,-9999.0,12.843000412,892.877065633866,179.684456246558,249711.63,670654.05,68,36,12.843
NS47SE_533,1,7_2,6.91706581252,-9999.0,-9999.0,-9999.0,63.0979995728,213.298654632466,62.3978750095046,249575.9,671870.17,12,8,63.098
NS47SE_534,1,7_2,6.72273732889,-9999.0,-9999.0,-9999.0,56.1220016479,172.318222675367,57.6141185412299,249679.82,671861.56,28,16,56.122
NS47SE_535,1,7_2,7.15848411205,-9999.0,-9999.0,-9999.0,63.1679992676,260.430408112422,71.4471609832131,249600.34,671856.82,12,8,63.168
NS47SE_537,1,7_2,5.61832413086,-9999.0,-9999.0,-9999.0,51.7879981995,87.9539375929148,39.4986753769688,249873.21,671849.17,20,12,51.788
NS47SE_538,1,7_2,6.99712789231,-9999.0,-9999.0,-9999.0,55.2140007019,209.883068688606,62.1590447946301,249710.78,671853.56,12,8,55.214
NS47SE_539,1,7_2,7.12837492509,-9999.0,-9999.0,-9999.0,62.4399986267,208.374691915612,61.8197709618767,249626.6,671847.67,12,8,62.44
NS47SE_540,1,7_2,6.92636241328,-9999.0,-9999.0,-9999.0,51.8740005493,206.884340529491,61.7421026247231,249748.26,671850.41,12,8,51.874
NS47SE_541,1,7_2,7.10500055678,-9999.0,-9999.0,-9999.0,61.1710014343,216.47892795465,62.5094782859757,249651.63,671842.16,12,8,61.171
NS47SE_542,1,7_2,6.28902694268,-9999.0,-9999.0,-9999.0,58.3349990845,125.207000113729,45.2242305474301,249678.09,671841.71,12,8,58.335
NS47SE_543,1,7_2,7.00111704493,-9999.0,-9999.0,-9999.0,65.1230010986,332.301501331703,89.4116220388013,249532.81,671841.85,20,12,65.123
NS47SE_544,1,7_2,5.38682716245,-9999.0,-9999.0,-9999.0,51.9329986572,158.006349992894,52.7387901216933,249875.13,671834.61,20,12,51.933
NS47SE_545,1,7_2,6.93731192246,-9999.0,-9999.0,-9999.0,64.9489974976,211.230927005194,61.9547409048434,249562.97,671831.96,12,8,64.949
NS47SE_546,1,7_2,5.31226793011,-9999.0,-9999.0,-9999.0,52.3689994812,130.044892778472,50.5339109968869,249815.27,671831.03,36,20,52.369
NS47SE_547,1,7_2,5.16494532994,-9999.0,-9999.0,-9999.0,52.2239990234,280.731637047195,102.883805426368,249841.66,671835.63,56,32,52.224
NS47SE_548,1,7_2,7.11168253069,-9999.0,-9999.0,-9999.0,64.3310012817,263.300407577225,71.5451611672648,249590.19,671826.9,12,8,64.331
NS47SE_549,1,7_2,6.86638615682,-9999.0,-9999.0,-9999.0,63.7319984436,218.673900188203,62.7884357971179,249616.52,671817.9,12,8,63.732
NS47SE_550,1,7_2,5.78434618745,-9999.0,-9999.0,-9999.0,52.388999939,161.656087602548,53.5176069336166,249806.67,671817.73,28,16,52.389
NS47SE_551,1,7_2,7.05105802287,-9999.0,-9999.0,-9999.0,62.591999054,210.998090583017,62.3093859958203,249641.46,671812.91,12,8,62.592
NS47SE_552,1,7_2,6.3150347179,-9999.0,-9999.0,-9999.0,60.7840003967,133.164300117329,46.6773483447836,249663.26,671811.19,12,8,60.784
NS47SE_553,1,7_2,5.79974860182,-9999.0,-9999.0,-9999.0,52.1819992065,202.15384261338,66.6768042621245,249880.42,671815.77,36,20,52.182
NS47SE_554,1,7_2,6.72634870924,-9999.0,-9999.0,-9999.0,56.3040008545,348.008453271553,94.9038463510745,249710.54,671820.48,28,16,56.304
NS47SE_555,1,7_2,5.43136688446,-9999.0,-9999.0,-9999.0,52.4609985352,186.33157545642,82.9229969126406,249847.38,671812.02,52,28,52.461
NS47SE_556,1,7_2,7.02496830712,-9999.0,-9999.0,-9999.0,52.9560012817,323.393726633289,88.2569035097647,249747.06,671817.66,12,8,52.956
NS47SE_558,1,7_2,6.49212940583,-9999.0,-9999.0,-9999.0,59.5820007324,123.960956070353,44.9834757278667,249677.16,671798.29,12,8,59.582
NS47SE_559,1,7_2,5.44620934171,-9999.0,-9999.0,-9999.0,52.8100013733,208.724542475717,71.6136717261971,249818.25,671799.2,44,24,52.81
NS47SE_560,1,7_2,5.11847922585,-9999.0,-9999.0,-9999.0,52.6780014038,229.367707836149,72.7887717263751,249888.51,671797.17,52,28,52.678
NS47SE_561,1,7_2,5.7897404839,-9999.0,-9999.0,-9999.0,53.1279983521,86.6629779368589,38.5524025527754,249861.85,671791.96,20,12,53.128
NS47SE_562,1,7_2,6.176300752,-9999.0,-9999.0,-9999.0,53.0970001221,112.243785807151,42.4869780417201,249838.12,671788.37,12,8,53.097
NS47SE_563,1,7_2,7.10665564137,-9999.0,-9999.0,-9999.0,60.3349990845,264.514488948089,71.6980001998427,249526.61,671790.32,12,8,60.335
NS47SE_564,1,7_2,5.71204876275,-9999.0,-9999.0,-9999.0,53.1040000916,69.4026400468355,34.2249068977708,249853.38,671787.73,12,8,53.104
NS47SE_565,1,7_2,6.78285030379,-9999.0,-9999.0,-9999.0,60.4799995422,219.122909140542,63.401116663401,249554.02,671782.69,20,12,60.48
NS47SE_566,1,7_2,7.04003655705,-9999.0,-9999.0,-9999.0,60.6220016479,279.311890066798,72.9362756495342,249581.59,671780.81,12,8,60.622
NS47SE_567,1,7_2,6.92964219227,-9999.0,-9999.0,-9999.0,53.2659988403,206.230250286793,61.5091550397652,249750.51,671784.94,12,8,53.266
NS47SE_568,1,7_2,7.27011293377,-9999.0,-9999.0,-9999.0,57.3450012207,254.18943791559,70.5954401278941,249707.28,671785.8,12,8,57.345
NS47SE_569,1,7_2,6.78593826745,-9999.0,-9999.0,-9999.0,60.5830001831,215.95052551309,62.6309163190099,249608.85,671776.99,12,8,60.583
NS47SE_570,1,7_2,7.05338889508,-9999.0,-9999.0,-9999.0,58.6669998169,155.396963536179,52.8720015484264,249674.18,671778.38,12,8,58.667
NS47SE_571,1,7_2,5.43653136938,-9999.0,-9999.0,-9999.0,53.2659988403,117.951362228314,47.5827869965306,249892.73,671772.56,28,16,53.266
NS47SE_572,1,7_2,5.52465181212,-9999.0,-9999.0,-9999.0,52.7290000916,369.607405087826,125.230982168967,249916.38,671777.98,72,38,52.729
NS47SE_573,1,7_2,5.99712030633,-9999.0,-9999.0,-9999.0,53.4729995728,221.420021247614,63.9874863505566,249800.24,671771.03,24,14,53.473
NS47SE_574,1,7_2,5.56551434804,-9999.0,-9999.0,-9999.0,53.4990005493,84.8096851352903,38.398965737399,249865.18,671764.79,20,12,53.499
NS47SE_575,1,7_2,4.92891043947,-9999.0,-9999.0,-9999.0,53.0600013733,117.283486219936,45.4159350752959,249937.41,671759.93,20,12,53.06
NS47SE_576,1,7_2,5.54453898789,-9999.0,-9999.0,-9999.0,53.3870010376,169.914178283609,53.8818698534494,249744.93,671762.05,20,12,53.387
NS47SE_577,1,7_2,7.0476678474,-9999.0,-9999.0,-9999.0,57.4199981689,215.50912602356,62.6939931640556,249631.69,671757.67,12,8,57.42
NS47SE_578,1,7_2,6.19451997375,-9999.0,-9999.0,-9999.0,56.813999176,130.086851293052,45.9919297608156,249673.05,671758.54,12,8,56.814
NS47SE_579,1,7_2,6.60474900505,-9999.0,-9999.0,-9999.0,55.9070014954,152.996874753492,52.2934773761826,249704.46,671759.87,12,8,55.907
NS47SE_580,1,7_2,6.19340490946,-9999.0,-9999.0,-9999.0,53.5820007324,105.266683009969,41.0536733041698,249847.37,671755.14,12,8,53.582
NS47SE_581,1,7_2,5.33443872943,-9999.0,-9999.0,-9999.0,53.5760002136,305.01735750595,110.149352186901,249824.51,671758.54,68,36,53.576
NS47SE_582,1,7_2,5.49535426599,-9999.0,-9999.0,-9999.0,56.0569992065,193.879455219129,69.1269399621098,249655.99,671750.2,36,20,56.057
NS47SE_583,1,7_2,4.58691025649,-9999.0,-9999.0,-9999.0,53.5149993896,117.10182984709,60.6496199097615,249906.71,671748.49,36,20,53.515
NS47SE_584,1,7_2,5.21172718659,-9999.0,-9999.0,-9999.0,53.0299987793,112.047769751564,45.6389701313202,249936.06,671745.75,28,16,53.03
NS47SE_585,1,7_2,6.18701966789,-9999.0,-9999.0,-9999.0,53.891998291,131.284256239344,53.3028548272939,249715.52,671743.24,24,14,53.892
NS47SE_586,1,7_2,6.57204284892,-9999.0,-9999.0,-9999.0,53.6030006409,175.157628277561,63.350812825987,249737.77,671746.24,44,24,53.603
NS47SE_587,1,7_2,6.20472267411,-9999.0,-9999.0,-9999.0,53.6609992981,196.822684323879,60.7663746443519,249869.72,671747.32,12,8,53.661
NS47SE_588,1,7_2,5.500896259,-9999.0,-9999.0,-9999.0,53.686000824,270.90841136818,81.3116452689525,249795.74,671746.37,48,26,53.686
NS47SE_589,1,7_2,6.10173549505,-9999.0,-9999.0,-9999.0,53.2299995422,100.314044690377,40.0749047500745,249925.22,671739.73,12,8,53.23
NS47SE_590,1,7_2,5.44331092077,-9999.0,-9999.0,-9999.0,53.0069999695,117.638112847468,46.6684773483751,249961.26,671737.76,20,12,53.007
NS47SE_591,1,7_2,6.26811210314,-9999.0,-9999.0,-9999.0,53.7179985046,109.64534991815,41.9944563847137,249906.07,671736.34,12,8,53.718
NS47SE_592,1,7_2,5.88897445067,-9999.0,-9999.0,-9999.0,53.7089996338,108.83988197041,46.3513126770406,249810.62,671732.7,28,16,53.709
NS47SE_593,1,7_2,6.1231977316,-9999.0,-9999.0,-9999.0,53.7350006104,98.2361496942066,39.6477771290739,249822.99,671730.54,12,8,53.735
NS47SE_594,1,7_2,5.42532515456,-9999.0,-9999.0,-9999.0,53.9850006104,90.2725443210044,38.412497273033,249792.3,671728.52,12,8,53.985
NS47SE_595,1,7_2,6.26560142553,-9999.0,-9999.0,-9999.0,53.3880004883,111.327739108683,42.3230354050941,249948.42,671726.25,12,8,53.388
NS47SE_596,1,7_2,5.67618701723,-9999.0,-9999.0,-9999.0,53.7630004883,183.152167632732,72.7220474813884,249838.18,671726.26,44,24,53.763
NS47SE_597,1,7_2,6.7035659387,-9999.0,-9999.0,-9999.0,55.9570007324,210.669928860095,62.0280155119679,249619.05,671720.81,12,8,55.957
NS47SE_598,1,7_2,6.19261793341,-9999.0,-9999.0,-9999.0,53.8940010071,111.587434426867,42.4217597125399,249910.89,671720.76,12,8,53.894
NS47SE_599,1,7_2,5.89540586852,-9999.0,-9999.0,-9999.0,53.9599990845,336.710850343937,111.800852757752,249870.62,671720.67,36,20,53.96
NS47SE_600,1,7_2,5.54160693387,-9999.0,-9999.0,-9999.0,52.7939987183,259.101736092501,100.485769888639,249977.63,671724.55,72,36,52.794
NS47SE_601,1,7_2,7.1593232197,-9999.0,-9999.0,-9999.0,55.8339996338,260.522290165649,71.4486752550563,249646.09,671712.11,12,8,55.834
NS47SE_602,1,7_2,6.08914724661,-9999.0,-9999.0,-9999.0,52.9350013733,99.903062261586,40.0045441568275,249989.26,671707.97,12,8,52.935
NS47SE_603,1,7_2,5.92518600695,-9999.0,-9999.0,-9999.0,53.513999939,169.052964932372,59.1036680239078,249941.51,671707.89,28,16,53.514
NS47SE_604,1,7_2,4.48565177011,-9999.0,-9999.0,-9999.0,53.6349983215,125.075382026837,63.4984408450656,249917.45,671707.55,36,20,53.635
NS47SE_605,1,7_2,2.99925870977,-9999.0,-9999.0,-9999.0,52.4490013123,31.089359995296,22.7543677990418,249993.54,671697.79,12,8,52.449
NS47SE_606,1,7_2,5.83688231732,-9999.0,-9999.0,-9999.0,54.6749992371,101.742926599142,41.2560574252028,249779.5,671698.39,16,10,54.675
NS47SE_607,1,7_2,5.43704061736,-9999.0,-9999.0,-9999.0,54.2550010681,97.0121550086222,39.0545862014568,249889.25,671695.5,16,10,54.255
NS47SE_608,1,7_2,6.1286975447,-9999.0,-9999.0,-9999.0,54.3149986267,539.442885510701,138.239621905323,249818.97,671696.99,60,32,54.315
NS47SE_609,1,7_2,5.84482675393,-9999.0,-9999.0,-9999.0,53.0900001526,124.770229536319,47.3301600644756,249981.87,671693.6,20,12,53.09
NS47SE_610,1,7_2,5.79515426038,-9999.0,-9999.0,-9999.0,53.8600006104,155.228912379764,55.2273129538452,249927.74,671693.51,28,16,53.86
NS47SE_611,1,7_2,7.01234160823,-9999.0,-9999.0,-9999.0,56.7099990845,296.940137277238,82.7109693071695,249675.19,671695.54,12,8,56.71
NS47SE_612,1,7_2,6.04181340056,-9999.0,-9999.0,-9999.0,54.7490005493,82.1313039993873,36.4883731961911,249849.76,671689.16,12,8,54.749
NS47SE_613,1,7_2,6.08941928924,-9999.0,-9999.0,-9999.0,54.7547492981,83.0507860813398,36.6131059599492,249859.37,671688.15,12,8,54.755
NS47SE_614,1,7_2,6.49348426036,-9999.0,-9999.0,-9999.0,55.7430000305,108.376524430474,41.69862012687,249778.77,671687.32,12,8,55.743
NS47SE_615,1,7_2,5.22787915676,-9999.0,-9999.0,-9999.0,54.658000946,112.881364015749,45.7340368436489,249869.09,671686.76,28,16,54.658
NS47SE_616,1,7_2,5.82497536492,-9999.0,-9999.0,-9999.0,53.3699989319,153.683466096681,54.826268535578,249965.08,671687.05,28,16,53.37
NS47SE_617,1,7_2,6.83222690923,-9999.0,-9999.0,-9999.0,55.3507499695,296.819662013922,85.9107618196354,249707.04,671686.86,36,20,55.351
NS47SE_618,1,7_2,5.84220698952,-9999.0,-9999.0,-9999.0,54.3429985046,155.683192795296,55.1921968595169,249894.32,671682.78,28,16,54.343
NS47SE_619,1,7_2,5.87446480076,-9999.0,-9999.0,-9999.0,53.7910003662,70.7625728930794,34.5513102312718,249944.34,671674.41,12,8,53.791
NS47SE_620,1,7_2,5.396579763,-9999.0,-9999.0,-9999.0,52.922000885,201.267276788577,87.9263037255601,249990.7,671671.69,36,22,52.922
NS47SE_621,1,7_2,6.24114583925,-9999.0,-9999.0,-9999.0,53.7789993286,112.932921249095,42.5765285308703,249956.91,671666.36,12,8,53.779
NS47SE_622,1,7_2,5.83878973436,-9999.0,-9999.0,-9999.0,55.7919998169,171.933257175029,61.3693180675636,249728.75,671669.0,20,12,55.792
NS47SE_623,1,7_2,5.87808444683,-9999.0,-9999.0,-9999.0,53.84400177,68.0227435000023,33.8619306010569,249971.26,671662.42,12,8,53.844
NS47SE_624,1,7_2,5.45089574528,-9999.0,-9999.0,-9999.0,55.0810012817,103.933789222024,42.9485478175273,249906.43,671662.0,28,16,55.081
NS47SE_625,1,7_2,5.6776589432,-9999.0,-9999.0,-9999.0,53.4129981995,82.8462983137579,37.9029995369877,249988.63,671656.57,20,12,53.413
NS47SE_626,1,7_2,6.02096372153,-9999.0,-9999.0,-9999.0,60.2074432373,298.316480825042,92.1293225783704,249824.83,671655.16,36,20,60.207
NS47SE_627,1,7_2,5.39965641987,-9999.0,-9999.0,-9999.0,55.0740013123,106.896620142752,45.941661546804,249914.32,671654.71,28,16,55.074
NS47SE_628,1,7_2,5.900076782,-9999.0,-9999.0,-9999.0,58.5589981079,175.3515222191,60.0046231352638,249851.2,671655.22,28,16,58.559
NS47SE_629,1,7_2,6.32465680924,-9999.0,-9999.0,-9999.0,61.0149993896,135.748447236117,47.8055786862117,249797.15,671653.01,12,8,61.015
NS47SE_630,1,7_2,6.02312402558,-9999.0,-9999.0,-9999.0,64.7919998169,339.619689204749,93.0079293717722,249648.26,671650.85,28,16,64.792
NS47SE_631,1,7_2,6.2851612638,-9999.0,-9999.0,-9999.0,60.0359992981,142.38438235055,53.0681087025728,249777.58,671649.75,20,12,60.036
NS47SE_632,1,7_2,5.82735276999,-9999.0,-9999.0,-9999.0,55.0519981384,197.526138998471,82.9990058033393,249928.4,671646.53,40,22,55.052
NS47SE_633,1,7_2,6.2584144451,-9999.0,-9999.0,-9999.0,54.9589996338,110.275415764476,42.111822570774,249946.25,671641.16,12,8,54.959
NS47SE_634,1,7_2,4.21232850422,-9999.0,-9999.0,-9999.0,63.2630004883,67.4525555452806,33.1237693550423,249682.49,671638.69,12,8,63.263
NS47SE_635,1,7_2,6.85694568645,-9999.0,-9999.0,-9999.0,65.7470016479,450.091823843782,112.565761445748,249614.09,671649.39,44,24,65.747
NS47SE_636,1,7_2,6.96871043935,-9999.0,-9999.0,-9999.0,62.8779983521,262.80731601861,71.5643172928787,249701.87,671637.47,12,8,62.878
NS47SE_637,1,7_2,5.7620337388,-9999.0,-9999.0,-9999.0,57.8731994629,187.434016617087,75.4883806946634,249730.17,671642.29,52,28,57.873
NS47SE_638,1,7_2,5.67412097781,-9999.0,-9999.0,-9999.0,54.8349990845,159.068032395371,55.9233488335607,249966.71,671633.78,28,16,54.835
NS47SE_639,1,7_2,5.93127288296,-9999.0,-9999.0,-9999.0,54.0480003357,226.166117754487,90.2007338810934,249988.65,671630.77,44,24,54.048
NS47SE_640,1,7_2,6.24108853661,-9999.0,-9999.0,-9999.0,66.1520004272,222.81181905474,66.4026542347711,249629.87,671626.84,12,8,66.152
NS47SE_641,1,7_2,5.36004305165,-9999.0,-9999.0,-9999.0,61.7249984741,176.707786195845,59.1112466540071,249835.9,671621.32,20,12,61.725
NS47SE_642,1,7_2,6.00619038193,-9999.0,-9999.0,-9999.0,61.5569992065,139.375018164999,56.3198049499671,249814.17,671621.06,28,16,61.557
NS47SE_643,1,7_2,6.26794221748,-9999.0,-9999.0,-9999.0,57.5800018311,130.552483295811,51.3882992950355,249914.01,671615.98,12,8,57.58
NS47SE_644,1,7_2,5.9147936616,-9999.0,-9999.0,-9999.0,56.8079986572,143.99802750498,55.9547494106219,249935.06,671612.1,24,14,56.808
NS47SE_645,1,7_2,2.5016012845,-9999.0,-9999.0,-9999.0,60.0540008545,23.4898424985217,22.7286743140363,249801.46,671607.9,8,6,60.054
NS47SE_646,1,7_2,6.04759955046,-9999.0,-9999.0,-9999.0,65.6200027466,168.914700943521,54.8259133163612,249649.62,671609.74,12,8,65.62
NS47SE_647,1,7_2,6.80432378219,-9999.0,-9999.0,-9999.0,59.7050018311,137.587319644955,48.574591112916,249787.47,671611.61,12,8,59.705
NS47SE_648,1,7_2,6.70988739419,-9999.0,-9999.0,-9999.0,58.9138565063,135.559275034209,50.3803492122088,249892.2,671611.21,28,16,58.914
NS47SE_649,1,7_2,6.17603104886,-9999.0,-9999.0,-9999.0,61.1949996948,206.217206037078,65.7769650947018,249858.86,671613.13,12,8,61.195
NS47SE_650,1,7_2,5.99335661022,-9999.0,-9999.0,-9999.0,66.8320007324,278.371060093,77.7535042207208,249606.55,671610.84,12,8,66.832
NS47SE_651,1,7_2,6.02683612646,-9999.0,-9999.0,-9999.0,66.1679992676,168.206624236236,54.8468836656159,249630.22,671598.22,12,8,66.168
NS47SE_652,1,7_2,6.13775958352,-9999.0,-9999.0,-9999.0,60.8950004578,138.071509467629,48.8583124395106,249889.36,671589.15,12,8,60.895
NS47SE_653,1,7_2,6.00178823126,-9999.0,-9999.0,-9999.0,65.5879974365,171.357107663354,55.4708451277071,249646.25,671583.51,12,8,65.588
NS47SE_654,1,7_2,6.98939273526,-9999.0,-9999.0,-9999.0,59.8699989319,208.969507292568,63.5119820467617,249856.85,671587.33,12,8,59.87
NS47SE_655,1,7_2,6.90345278873,-9999.0,-9999.0,-9999.0,60.0629997253,204.877660663257,63.294940960553,249931.66,671581.54,12,8,60.063
NS47SE_657,1,7_2,6.96583364039,-9999.0,-9999.0,-9999.0,56.9199981689,206.548539642977,66.5689838612586,249978.51,671580.15,12,8,56.92
NS47SE_658,1,7_2,6.1923441763,-9999.0,-9999.0,-9999.0,58.513999939,161.632791308184,58.2064564571289,249830.62,671578.95,20,12,58.514
NS47SE_659,1,7_2,5.23258257949,-9999.0,-9999.0,-9999.0,58.5065002441,189.234195863622,72.1447897312103,249953.35,671583.66,36,20,58.507
NS47SE_660,1,7_2,3.54344993224,-9999.0,-9999.0,-9999.0,66.9739990234,918.802986837027,126.538792377279,249697.35,671590.5,52,26,66.974
NS47SE_661,1,7_2,6.1785912109,-9999.0,-9999.0,-9999.0,60.2490005493,135.699131919731,48.4775291021246,249909.25,671578.42,12,8,60.249
NS47SE_662,1,7_2,5.97625007586,-9999.0,-9999.0,-9999.0,66.4179992676,229.24565562024,66.820250620885,249608.1,671579.94,12,8,66.418
NS47SE_663,1,7_2,6.77689931986,-9999.0,-9999.0,-9999.0,59.0699996948,327.007586383538,90.1822009276686,249797.24,671582.16,12,8,59.07
NS47SE_664,1,7_2,3.03986658732,-9999.0,-9999.0,-9999.0,57.4749984741,22.3107974995085,22.9382887551865,249884.92,671558.17,8,6,57.475
NS47SE_665,1,7_2,2.45978890396,-9999.0,-9999.0,-9999.0,56.4809989929,25.717755000012,23.175379927968,249985.36,671555.29,8,6,56.481
NS47SE_666,1,7_2,6.69496279068,-9999.0,-9999.0,-9999.0,58.4659996033,139.776798292526,48.8122433042196,249803.43,671551.09,12,8,58.466
NS47SE_667,1,7_2,4.5736089246,-9999.0,-9999.0,-9999.0,60.4420013428,285.857323380738,80.3681064674492,249607.85,671546.69,52,28,60.442
NS47SE_668,1,7_2,6.97206957715,-9999.0,-9999.0,-9999.0,54.5209999084,181.66266631207,58.9521982904265,249974.81,671538.6,12,8,54.521
NS47SE_669,1,7_2,6.92005683027,-9999.0,-9999.0,-9999.0,55.2270011902,273.784581894959,80.6496209790543,249947.0,671539.68,28,16,55.227
NS47SE_670,1,7_2,6.89403301924,-9999.0,-9999.0,-9999.0,55.9379997253,181.663183518245,58.9510589660407,249850.28,671537.81,12,8,55.938
NS47SE_671,1,7_2,6.88180160883,-9999.0,-9999.0,-9999.0,55.547000885,273.644979384849,77.1257455097114,249877.15,671538.52,12,8,55.547
NS47SE_672,1,7_2,6.50722528085,-9999.0,-9999.0,-9999.0,55.2249984741,335.968118387219,90.8385370276251,249911.61,671535.97,12,8,55.225
NS47SE_673,1,7_2,5.76401840041,-9999.0,-9999.0,-9999.0,57.3600006104,186.509638797285,71.5182102981327,249811.05,671528.01,36,20,57.36
NS47SE_674,1,7_2,5.82114592403,-9999.0,-9999.0,-9999.0,59.0730018616,1388.96374464072,252.438614198771,249663.99,671540.07,48,26,59.073
NS47SE_675,1,7_2,8.98876991159,-9999.0,-9999.0,-9999.0,56.5680007935,950.800432514103,190.75814100218,249744.47,671539.81,84,44,56.568
NS47SE_676,1,7_2,6.09276940491,-9999.0,-9999.0,-9999.0,52.763999939,300.801772492819,88.7520180883612,249994.6,671522.92,44,24,52.764
NS47SE_677,1,7_2,6.68170454386,-9999.0,-9999.0,-9999.0,55.983001709,251.207440919934,73.6105321766582,249832.98,671520.67,12,8,55.983
NS47SE_678,1,7_2,6.49658044439,-9999.0,-9999.0,-9999.0,55.0709991455,159.041455987982,52.4439318092419,249815.24,671501.83,12,8,55.071
NS47SE_679,1,7_2,6.51444304617,-9999.0,-9999.0,-9999.0,53.3660011292,194.703733663986,60.7507162836541,249933.94,671501.32,12,8,53.366
NS47SE_680,1,7_2,6.30715074465,-9999.0,-9999.0,-9999.0,53.6650009155,204.190765707907,61.7963510113681,249890.53,671500.76,12,8,53.665
NS47SE_681,1,7_2,6.83591475882,-9999.0,-9999.0,-9999.0,52.4640007019,281.160994641113,77.0139835220118,249962.84,671498.09,12,8,52.464
NS47SE_682,1,7_2,6.97414458908,-9999.0,-9999.0,-9999.0,54.2159996033,261.395116034009,74.6876295167686,249861.05,671496.77,12,8,54.216
NS47SE_683,1,7_2,6.21489099209,-9999.0,-9999.0,-9999.0,53.077999115,256.989753801452,87.0048017018322,249912.78,671485.99,12,8,53.078
NS47SE_684,1,7_2,2.55425453186,-9999.0,-9999.0,-9999.0,53.7989997864,21.0312750016593,23.6995707165579,249845.32,671481.67,8,6,53.799
NS47SE_686,1,7_2,6.51109194367,-9999.0,-9999.0,-9999.0,49.6769981384,269.617427158785,81.8536939434129,249976.32,671464.03,12,8,49.677
NS47SE_687,1,7_2,6.14478313347,-9999.0,-9999.0,-9999.0,51.0060005188,539.915838823663,160.600685188766,249844.71,671466.21,60,34,51.006
NS47SE_688,1,7_2,6.4360777348,-9999.0,-9999.0,-9999.0,50.9790000916,220.832285001641,66.0213764682856,249886.41,671462.01,20,12,50.979
NS47SE_689,1,7_2,6.43002198494,-9999.0,-9999.0,-9999.0,50.6290016174,512.3273581079,148.462601666938,249928.59,671461.82,44,24,50.629
NS47SE_690,1,7_2,9.52592462194,-9999.0,-9999.0,-9999.0,54.2840003967,483.299777879035,111.613959336637,249584.92,671456.07,28,16,54.284
NS47SE_691,1,7_2,4.82456300482,-9999.0,-9999.0,-9999.0,51.1679992676,2856.62265843063,420.753314014921,249745.35,671476.04,192,96,51.168
NS47SE_692,1,7_2,9.39262782776,-9999.0,-9999.0,-9999.0,50.9000015259,229.553987389584,71.1463470490447,249510.64,671450.01,36,20,50.9
NS47SE_693,1,7_2,9.55166405572,-9999.0,-9999.0,-9999.0,54.3699989319,309.456589868206,77.6812101127188,249615.4,671453.0,28,16,54.37
NS47SE_694,1,7_2,9.71697568778,-9999.0,-9999.0,-9999.0,52.2919998169,422.108373216687,111.715089972688,249532.88,671437.83,52,28,52.292
NS47SE_695,1,7_2,6.62301930488,-9999.0,-9999.0,-9999.0,54.8380012512,172.871134114522,54.7914058263943,249565.89,671412.49,28,16,54.838
NS47SE_697,1,7_2,5.78610062372,-9999.0,-9999.0,-9999.0,53.6100006104,189.924338288102,59.2007466849969,249530.87,671404.39,12,8,53.61
NS47SE_698,1,7_2,3.46002380821,-9999.0,-9999.0,-9999.0,50.5019989014,250.150366686265,68.0453628967602,249778.14,671403.06,28,16,50.502
NS47SE_699,1,7_2,6.40358817017,-9999.0,-9999.0,-9999.0,43.0629997253,206.302284929188,59.4447876043241,249971.2,671394.07,12,8,43.063
NS47SE_700,1,7_2,6.35920710891,-9999.0,-9999.0,-9999.0,43.9900016785,221.149119484729,62.9478178927697,249934.76,671385.49,12,8,43.99
NS47SE_701,1,7_2,6.40212972571,-9999.0,-9999.0,-9999.0,54.2509994507,345.712172405569,88.8485111431329,249565.9,671384.78,28,16,54.251
NS47SE_702,1,7_2,5.16380128553,-9999.0,-9999.0,-9999.0,44.40599823,166.917301934989,71.0280167819844,249913.07,671373.83,44,24,44.406
NS47SE_703,1,7_2,6.54801747107,-9999.0,-9999.0,-9999.0,45.6319999695,194.415060052764,57.4990500628549,249889.49,671373.75,12,8,45.632
NS47SE_704,1,7_2,4.69337961922,-9999.0,-9999.0,-9999.0,54.3129997253,2376.93911386785,257.264563087338,249647.27,671381.6,52,28,54.313
NS47SE_705,1,7_2,6.33327034777,-9999.0,-9999.0,-9999.0,40.9939994812,195.824418478241,57.450663717833,249979.87,671363.3,16,10,40.994
NS47SE_706,1,7_2,7.84216529061,-9999.0,-9999.0,-9999.0,48.2550010681,1248.76852094888,172.221549467965,249787.18,671375.7,68,36,48.255
NS47SE_707,1,7_2,6.45748343835,-9999.0,-9999.0,-9999.0,43.3540000916,251.955723566187,68.6084839804328,249939.5,671360.47,12,8,43.354
NS47SE_708,1,7_2,40.0540305997,-9999.0,-9999.0,-9999.0,50.1650009155,429.683544435544,84.3001361323295,249508.89,671364.56,12,8,50.165
NS47SE_709,1,7_2,6.70220959414,-9999.0,-9999.0,-9999.0,53.7869987488,160.107399105347,50.8428859038686,249561.46,671356.27,12,8,53.787
NS47SE_710,1,7_2,6.12438172222,-9999.0,-9999.0,-9999.0,44.033000946,183.412441192756,55.9960840329848,249903.94,671345.91,12,8,44.033
NS47SE_711,1,7_2,6.04983393107,-9999.0,-9999.0,-9999.0,40.1100006104,135.099190228824,46.6131709381249,249986.31,671341.84,12,8,40.11
NS47SE_712,1,7_2,5.82232620446,-9999.0,-9999.0,-9999.0,42.2509994507,212.609660932072,63.5314563719014,249940.46,671334.99,20,12,42.251
NS47SE_713,1,7_2,3.84677651681,-9999.0,-9999.0,-9999.0,54.1769981384,470.377327118897,92.7218522052606,249655.72,671337.24,32,18,54.177
NS47SE_714,1,7_2,9.76519064362,-9999.0,-9999.0,-9999.0,45.8680000305,958.525579372358,167.942260765376,249856.95,671348.58,36,20,45.868
NS47SE_715,1,7_2,6.48841391669,-9999.0,-9999.0,-9999.0,39.5099983215,132.865429471432,46.3899402308358,249991.55,671324.66,12,8,39.51
NS47SE_716,1,7_2,5.94785615162,-9999.0,-9999.0,-9999.0,43.4959983826,207.741704625762,61.394261782302,249909.49,671326.22,16,10,43.496
NS47SE_717,1,7_2,6.09817602106,-9999.0,-9999.0,-9999.0,40.6819992065,132.284414761557,46.1660884762403,249969.1,671317.99,12,8,40.682
NS47SE_718,1,7_2,9.25701594829,-9999.0,-9999.0,-9999.0,47.8899993896,428.603441077944,106.916988713573,249790.12,671324.67,52,28,47.89
NS47SE_719,1,7_2,6.31013946533,-9999.0,-9999.0,-9999.0,41.5870018005,179.002414624062,54.7429625681177,249949.5,671312.52,16,10,41.587
NS47SE_720,1,7_2,39.9163431963,-9999.0,-9999.0,-9999.0,53.7919998169,439.097239485452,85.1342924279129,249585.23,671316.22,12,8,53.792
NS47SE_721,1,7_2,6.37917751029,-9999.0,-9999.0,-9999.0,42.938999176,174.271591580135,54.3868860800458,249915.45,671306.25,12,8,42.939
NS47SE_722,1,7_2,6.24493933327,-9999.0,-9999.0,-9999.0,46.5989990234,300.439546214623,94.6473706049255,249811.25,671300.9,44,24,46.599
NS47SE_723,1,7_2,9.66261380027,-9999.0,-9999.0,-9999.0,49.7490005493,392.955081119303,110.364981117364,249739.81,671302.19,44,24,49.749
NS47SE_725,1,7_2,6.27715894154,-9999.0,-9999.0,-9999.0,45.2080001831,76.3185449925104,41.5142809748875,249860.67,671293.69,24,14,45.208
NS47SE_726,1,7_2,39.9199531826,-9999.0,-9999.0,-9999.0,49.2089996338,275.018562252899,72.0859561471083,249505.49,671298.56,12,8,49.209
NS47SE_727,1,7_2,6.39449543311,-9999.0,-9999.0,-9999.0,43.3499984741,198.258366515031,57.896390325346,249896.52,671290.8,12,8,43.35
NS47SE_728,1,7_2,6.38177820766,-9999.0,-9999.0,-9999.0,40.3810005188,266.887499967512,70.1126325829725,249963.31,671290.26,12,8,40.381
NS47SE_729,1,7_2,39.9042237473,-9999.0,-9999.0,-9999.0,53.3470001221,432.560096767934,84.4866481794989,249637.5,671293.87,12,8,53.347
NS47SE_730,1,7_2,5.84421242831,-9999.0,-9999.0,-9999.0,41.4589996338,401.183619332867,135.59579918894,249929.22,671276.44,84,44,41.459
NS47SE_731,1,7_2,5.02100072671,-9999.0,-9999.0,-9999.0,48.9938545227,190.516155749491,82.570197064051,249741.1,671266.3,52,28,48.994
NS47SE_732,1,7_2,5.47855232554,-9999.0,-9999.0,-9999.0,38.1769981384,134.73163117628,50.7289704079508,249970.84,671265.4,28,16,38.177
NS47SE_733,1,7_2,3.46590053718,-9999.0,-9999.0,-9999.0,49.5880012512,271.692203288231,68.3908640275618,249532.97,671256.74,12,8,49.588
NS47SE_734,1,7_2,5.76025266959,-9999.0,-9999.0,-9999.0,43.5999984741,363.125540091209,142.855944768477,249868.29,671266.56,112,58,43.6
NS47SE_735,1,7_2,6.48213809225,-9999.0,-9999.0,-9999.0,39.8170013428,192.648669937203,57.2180104999602,249929.52,671250.37,12,8,39.817
NS47SE_736,1,7_2,9.53124066184,-9999.0,-9999.0,-9999.0,51.2929992676,402.190639229205,110.893102165693,249673.39,671253.75,44,24,51.293
NS47SE_737,1,7_2,9.44759877013,-9999.0,-9999.0,-9999.0,49.8269996643,398.240163181654,110.735817156161,249710.05,671250.87,44,24,49.827
NS47SE_353,1,7_3,4.07058876129,-9999.0,-9999.0,-9999.0,58.7900009155,148.711071574744,48.9889353749444,249991.87,672498.0,12,8,58.79
NS47SE_354,1,7_3,3.24302880612,-9999.0,-9999.0,-9999.0,62.6160011292,44.576520000415,26.7670021285735,249910.64,672493.2,12,8,62.616
NS47SE_355,1,7_3,2.41274632634,-9999.0,-9999.0,-9999.0,68.4540023804,21.5056049981774,21.2466913107359,249800.78,672486.45,8,6,68.454
NS47SE_356,1,7_3,2.3930530309,-9999.0,-9999.0,-9999.0,69.736000061,300.561934484784,124.305502114485,249743.14,672489.25,16,10,69.736
NS47SE_357,1,7_3,5.78124832403,-9999.0,-9999.0,-9999.0,61.7709999084,159.16656478582,52.7086107592225,249930.11,672484.95,20,12,61.771
NS47SE_361,1,7_3,6.31703528215,-9999.0,-9999.0,-9999.0,68.875,363.858245251679,112.205480442398,249791.52,672493.23,60,32,68.875
NS47SE_362,1,7_3,6.8146525286,-9999.0,-9999.0,-9999.0,67.3300018311,263.243207218729,75.5408483653954,249818.8,672484.67,28,16,67.33
NS47SE_363,1,7_3,5.8894310267,-9999.0,-9999.0,-9999.0,68.9881439209,259.665604768716,80.65829260909,249764.89,672474.41,44,24,68.988
NS47SE_364,1,7_3,7.04796333235,-9999.0,-9999.0,-9999.0,66.1320037842,245.981310023204,71.4146441357636,249844.2,672473.19,12,8,66.132
NS47SE_365,1,7_3,6.21968839905,-9999.0,-9999.0,-9999.0,61.5760002136,118.528056053646,45.1692167417093,249540.81,672468.06,12,8,61.576
NS47SE_366,1,7_3,3.7503497071,-9999.0,-9999.0,-9999.0,58.3569984436,284.299039976298,79.5987221133711,249992.72,672470.58,20,12,58.357
NS47SE_367,1,7_3,6.94978662091,-9999.0,-9999.0,-9999.0,64.297996521,254.557688023891,72.4495897186629,249891.24,672472.01,12,8,64.298
NS47SE_368,1,7_3,6.13707185542,-9999.0,-9999.0,-9999.0,66.9889984131,436.999889392419,125.876799943913,249682.4,672475.95,64,34,66.989
NS47SE_369,1,7_3,6.17870495573,-9999.0,-9999.0,-9999.0,61.1279983521,121.007732577137,45.6027326040736,249558.81,672460.71,12,8,61.128
NS47SE_370,1,7_3,6.91955597685,-9999.0,-9999.0,-9999.0,65.1959991455,142.358148982996,49.1096119294599,249863.37,672461.64,12,8,65.196
NS47SE_371,1,7_3,2.66871592624,-9999.0,-9999.0,-9999.0,58.7140007019,31.8263099996364,23.0465460973684,249989.84,672453.64,12,8,58.714
NS47SE_372,1,7_3,6.33227204759,-9999.0,-9999.0,-9999.0,60.3230018616,116.44049854343,44.7165632003276,249576.83,672454.42,12,8,60.323
NS47SE_373,1,7_3,6.11386869387,-9999.0,-9999.0,-9999.0,67.6429977417,100.13034269742,40.8762470353132,249743.65,672454.35,12,8,67.643
NS47SE_374,1,7_3,1.95539896253,-9999.0,-9999.0,-9999.0,60.6150016785,38.0943225003193,24.8065070251039,249647.43,672446.02,12,8,60.615
NS47SE_375,1,7_3,5.85807509355,-9999.0,-9999.0,-9999.0,61.34400177,129.945500922179,47.5189889194683,249661.56,672448.48,12,8,61.344
NS47SE_376,1,7_3,6.59935379028,-9999.0,-9999.0,-9999.0,66.283996582,240.10926674187,73.8017076949913,249771.01,672446.66,20,12,66.284
NS47SE_377,1,7_3,5.78144351041,-9999.0,-9999.0,-9999.0,59.702999115,144.821871798641,58.4233229198754,249634.25,672445.06,44,24,59.703
NS47SE_378,1,7_3,5.38167614442,-9999.0,-9999.0,-9999.0,59.4199981689,319.082361754956,105.48428872053,249604.34,672446.18,44,24,59.42
NS47SE_379,1,7_3,7.08638367375,-9999.0,-9999.0,-9999.0,65.2819976807,252.141302469209,72.7029302669634,249823.47,672443.29,12,8,65.282
NS47SE_380,1,7_3,6.79211100936,-9999.0,-9999.0,-9999.0,65.3170013428,130.879131178169,47.8241973400395,249797.88,672437.74,12,8,65.317
NS47SE_382,1,7_3,5.94447785469,-9999.0,-9999.0,-9999.0,64.6380004883,188.232143394784,58.8973053975425,249862.95,672440.07,28,16,64.638
NS47SE_383,1,7_3,6.78891925699,-9999.0,-9999.0,-9999.0,63.5569992065,256.848132786563,72.7254859372624,249897.03,672441.69,12,8,63.557
NS47SE_384,1,7_3,6.15051257315,-9999.0,-9999.0,-9999.0,64.3430023193,175.951935127348,56.8761808877623,249845.71,672433.77,20,12,64.343
NS47SE_385,1,7_3,6.68202166586,-9999.0,-9999.0,-9999.0,62.2879981995,90.4984775527003,38.2629887594557,249694.07,672430.6,16,10,62.288
NS47SE_386,1,7_3,6.6954223286,-9999.0,-9999.0,-9999.0,62.4370002747,85.6001864289067,37.2242837471569,249705.39,672429.94,12,8,62.437
NS47SE_387,1,7_3,6.46467163241,-9999.0,-9999.0,-9999.0,62.3100013733,100.007724783765,40.8789618412295,249719.41,672428.83,12,8,62.31
NS47SE_388,1,7_3,6.50106558451,-9999.0,-9999.0,-9999.0,61.9700012207,106.155629789079,41.7868566060794,249736.5,672423.52,12,8,61.97
NS47SE_389,1,7_3,4.64599698586,-9999.0,-9999.0,-9999.0,60.5950012207,793.783452571136,168.373801272348,249934.0,672443.55,84,44,60.595
NS47SE_391,1,7_3,6.33290271177,-9999.0,-9999.0,-9999.0,61.6430015564,139.123092495911,48.9201518365518,249755.04,672418.5,12,8,61.643
NS47SE_392,1,7_3,6.69689673895,-9999.0,-9999.0,-9999.0,61.4519996643,102.766979765779,41.1614619544427,249770.61,672413.57,12,8,61.452
NS47SE_393,1,7_3,12.1420179212,-9999.0,-9999.0,-9999.0,55.8450012207,263.1620675956,83.2279032491431,249660.24,672416.66,44,24,55.845
NS47SE_395,1,7_3,6.13482620316,-9999.0,-9999.0,-9999.0,61.5970001221,202.521169706039,64.6757785704478,249895.1,672412.31,44,24,61.597
NS47SE_396,1,7_3,6.62929007825,-9999.0,-9999.0,-9999.0,61.0260009766,207.776764383341,64.821934937992,249789.82,672407.4,20,12,61.026
NS47SE_397,1,7_3,2.61166161376,-9999.0,-9999.0,-9999.0,60.6209983826,40.1793637496876,25.7388661482244,249915.62,672402.04,12,8,60.621
NS47SE_398,1,7_3,5.20296735048,-9999.0,-9999.0,-9999.0,55.7540016174,308.716847684431,89.3132704447663,249699.3,672404.77,36,20,55.754
NS47SE_399,1,7_3,7.18433839333,-9999.0,-9999.0,-9999.0,61.3759994507,260.694514165051,74.2899983019384,249871.65,672403.09,16,10,61.376
NS47SE_400,1,7_3,7.19225122064,-9999.0,-9999.0,-9999.0,61.1679992676,128.410653627528,47.1006970465231,249844.78,672401.36,12,8,61.168
NS47SE_401,1,7_3,2.42360822166,-9999.0,-9999.0,-9999.0,59.2863349915,20.4469499946468,18.1717563638614,249777.27,672397.5,12,8,59.286
NS47SE_402,1,7_3,7.26861850313,-9999.0,-9999.0,-9999.0,60.6349983215,261.014576764188,74.2197451286828,249816.97,672401.41,16,10,60.635
NS47SE_403,1,7_3,6.56443853323,-9999.0,-9999.0,-9999.0,50.0950012207,180.648879358828,55.5085081112123,249520.76,672403.61,16,10,50.095
NS47SE_404,1,7_3,5.63571000563,-9999.0,-9999.0,-9999.0,55.938999176,118.874645254075,46.2738634412786,249726.18,672398.31,20,12,55.939
NS47SE_405,1,7_3,5.71073820605,-9999.0,-9999.0,-9999.0,55.8199996948,134.952359814652,49.4360378227485,249745.94,672392.82,28,16,55.82
NS47SE_406,1,7_3,2.68632808653,-9999.0,-9999.0,-9999.0,59.9016685486,30.1996687548535,22.0134464682874,249908.6,672390.11,12,8,59.902
NS47SE_407,1,7_3,6.0971071797,-9999.0,-9999.0,-9999.0,55.8180007935,103.657202886157,41.5245059277177,249761.35,672387.99,12,8,55.818
NS47SE_410,1,7_3,5.9320465471,-9999.0,-9999.0,-9999.0,55.5149993896,124.564410554709,46.0671870321633,249782.01,672381.41,12,8,55.515
NS47SE_411,1,7_3,6.30765713122,-9999.0,-9999.0,-9999.0,48.608001709,216.658083356552,63.1070537185591,249538.88,672380.78,28,16,48.608
NS47SE_412,1,7_3,6.5094915213,-9999.0,-9999.0,-9999.0,47.9790000916,298.731144079215,77.9818370077859,249580.04,672379.16,20,12,47.979
NS47SE_413,1,7_3,3.42712131379,-9999.0,-9999.0,-9999.0,55.2050018311,133.175773730408,48.2947108866395,249998.88,672371.27,24,14,55.205
NS47SE_414,1,7_3,6.7798793326,-9999.0,-9999.0,-9999.0,55.7540016174,419.50901622012,144.773497465358,249938.02,672381.52,52,28,55.754
NS47SE_415,1,7_3,6.16050297088,-9999.0,-9999.0,-9999.0,53.2550010681,304.550795593966,93.0143967563101,249815.99,672364.22,12,8,53.255
NS47SE_416,1,7_3,4.31610317374,-9999.0,-9999.0,-9999.0,47.141998291,203.867761492324,58.976184927401,249606.03,672363.77,12,8,47.142
NS47SE_417,1,7_3,6.02264189615,-9999.0,-9999.0,-9999.0,54.6710014343,290.706363830685,92.4400994727585,249902.96,672357.62,12,8,54.671
NS47SE_418,1,7_3,4.37804793868,-9999.0,-9999.0,-9999.0,47.7659988403,221.149912650836,66.6239219954389,249558.83,672358.96,28,16,47.766
NS47SE_419,1,7_3,6.10820672162,-9999.0,-9999.0,-9999.0,53.5060005188,294.68945329597,98.1531130151768,249858.99,672355.32,28,16,53.506
NS47SE_420,1,7_3,5.35676868262,-9999.0,-9999.0,-9999.0,48.71900177,196.394561740563,61.3075860413514,249512.89,672354.39,28,16,48.719
NS47SE_421,1,7_3,4.18947611864,-9999.0,-9999.0,-9999.0,46.8289985657,217.96698933736,61.7459262852515,249628.18,672352.09,20,12,46.829
NS47SE_423,1,7_3,3.53764271736,-9999.0,-9999.0,-9999.0,53.1500015259,185.118709428206,68.0391203466492,249986.38,672349.79,24,14,53.15
NS47SE_424,1,7_3,4.5384396108,-9999.0,-9999.0,-9999.0,47.6959991455,234.89404144138,67.2506650793193,249577.96,672346.53,20,12,47.696
NS47SE_425,1,7_3,3.95209358891,-9999.0,-9999.0,-9999.0,46.7309989929,140.653199041858,49.5687373936372,249641.9,672342.65,28,16,46.731
NS47SE_426,1,7_3,5.9069788928,-9999.0,-9999.0,-9999.0,47.6220016479,155.587880279009,51.887063804458,249526.93,672337.39,12,8,47.622
NS47SE_427,1,7_3,6.15467792898,-9999.0,-9999.0,-9999.0,47.2299995422,275.383282587995,74.4860474382281,249699.64,672339.41,28,16,47.23
NS47SE_428,1,7_3,6.27505329997,-9999.0,-9999.0,-9999.0,47.2089996338,218.683900358703,62.8707573637583,249737.02,672335.78,24,14,47.209
NS47SE_429,1,7_3,3.15559597379,-9999.0,-9999.0,-9999.0,49.172000885,639.758514906031,163.125882194669,249820.36,672335.87,68,36,49.172
NS47SE_430,1,7_3,4.28540834968,-9999.0,-9999.0,-9999.0,46.986000061,210.363334269041,60.1538426182205,249757.88,672328.45,20,12,46.986
NS47SE_431,1,7_3,5.62582231061,-9999.0,-9999.0,-9999.0,46.7569999695,150.063529894489,52.7946976189268,249548.04,672324.31,28,16,46.757
NS47SE_432,1,7_3,6.22041261262,-9999.0,-9999.0,-9999.0,46.75,188.467362231203,58.497938347706,249613.42,672318.59,20,12,46.75
NS47SE_433,1,7_3,6.1395742203,-9999.0,-9999.0,-9999.0,46.4309997559,448.906210994675,111.467707968769,249691.35,672315.52,60,32,46.431
NS47SE_434,1,7_3,4.05373985679,-9999.0,-9999.0,-9999.0,46.9959983826,228.121541623894,65.5174333292824,249763.27,672305.43,28,16,46.996
NS47SE_435,1,7_3,6.3485753234,-9999.0,-9999.0,-9999.0,46.3660011292,180.136447733563,59.5674715807181,249638.48,672303.39,36,20,46.366
NS47SE_436,1,7_3,6.36987327226,-9999.0,-9999.0,-9999.0,46.811000824,176.893885887924,55.0493354821437,249721.12,672301.76,16,10,46.811
NS47SE_437,1,7_3,6.20414364711,-9999.0,-9999.0,-9999.0,46.9259986877,280.987139298694,76.912548991712,249588.73,672304.95,28,16,46.926
NS47SE_438,1,7_3,3.85430599984,-9999.0,-9999.0,-9999.0,52.9269981384,394.388520713069,114.345025184943,249989.07,672300.04,52,28,52.927
NS47SE_439,1,7_3,6.49021005521,-9999.0,-9999.0,-9999.0,51.4329986572,117.299017048826,46.9260939894453,249911.02,672285.28,28,16,51.433
NS47SE_440,1,7_3,2.75033669038,-9999.0,-9999.0,-9999.0,47.8370018005,45.7457399961442,27.1384679842424,249770.93,672279.64,12,8,47.837
NS47SE_441,1,7_3,6.5707786184,-9999.0,-9999.0,-9999.0,51.1759986877,112.952738013678,44.8195145045553,249893.16,672281.61,28,16,51.176
NS47SE_442,1,7_3,4.9496287256,-9999.0,-9999.0,-9999.0,52.466999054,171.453461251063,61.8791418385245,249948.61,672283.91,28,16,52.467
NS47SE_443,1,7_3,4.44543110458,-9999.0,-9999.0,-9999.0,46.4290008545,205.66335330385,59.1787086724947,249668.87,672284.96,12,8,46.429
NS47SE_444,1,7_3,5.53553414941,-9999.0,-9999.0,-9999.0,46.3219985962,422.387809034948,116.664214207963,249625.92,672287.41,92,48,46.322
NS47SE_445,1,7_3,6.65242602416,-9999.0,-9999.0,-9999.0,49.186000824,128.200773190516,46.8661613034788,249835.34,672278.85,12,8,49.186
NS47SE_446,1,7_3,4.85781096824,-9999.0,-9999.0,-9999.0,51.7709999084,169.274115971108,73.863178737836,249928.02,672283.06,36,20,51.771
NS47SE_447,1,7_3,5.99666048786,-9999.0,-9999.0,-9999.0,50.9150009155,66.5691112514171,33.2129086626138,249876.99,672278.59,16,10,50.915
NS47SE_448,1,7_3,2.60102254694,-9999.0,-9999.0,-9999.0,46.46900177,23.5904024992386,21.6613125864703,249660.03,672274.46,12,8,46.469
NS47SE_449,1,7_3,4.12837698739,-9999.0,-9999.0,-9999.0,46.8940010071,277.307735217498,92.3391516866008,249753.2,672281.48,44,24,46.894
NS47SE_450,1,7_3,3.69650518437,-9999.0,-9999.0,-9999.0,54.2980003357,151.919913154136,52.2158639748299,249985.71,672270.59,20,12,54.298
NS47SE_451,1,7_3,4.29844975892,-9999.0,-9999.0,-9999.0,46.5709991455,207.377886585985,59.629492817445,249691.24,672270.62,12,8,46.571
NS47SE_452,1,7_3,4.16607027818,-9999.0,-9999.0,-9999.0,46.5089988708,123.051020005052,44.4029932846077,249738.61,672267.66,12,8,46.509
NS47SE_453,1,7_3,2.19235980403,-9999.0,-9999.0,-9999.0,50.7000007629,60.7434579722259,34.0222721406066,249849.8,672263.89,12,8,50.7
NS47SE_454,1,7_3,6.7407283821,-9999.0,-9999.0,-9999.0,48.8300018311,127.57010590737,46.7974681733761,249816.55,672268.27,12,8,48.83
NS47SE_456,1,7_3,6.0695286764,-9999.0,-9999.0,-9999.0,54.6409988403,114.256053727673,47.7318771519941,249946.63,672264.0,20,12,54.641
NS47SE_457,1,7_3,2.50835687974,-9999.0,-9999.0,-9999.0,54.7849998474,21.8271824974141,21.3641045504582,249931.36,672251.17,8,6,54.785
NS47SE_458,1,7_3,6.24509092905,-9999.0,-9999.0,-9999.0,46.2200012207,266.304012043177,71.6998245254966,249655.89,672256.39,24,14,46.22
NS47SE_459,1,7_3,6.43353000509,-9999.0,-9999.0,-9999.0,54.1619987488,74.3569751826455,34.6143045912236,249906.89,672243.26,12,8,54.162
NS47SE_460,1,7_3,6.50038628138,-9999.0,-9999.0,-9999.0,55.2630004883,163.895903024035,52.967431417812,249942.71,672245.87,12,8,55.263
NS47SE_461,1,7_3,5.41464284917,-9999.0,-9999.0,-9999.0,53.6759986877,165.101416836866,52.8772660251454,249892.4,672243.26,20,12,53.676
NS47SE_462,1,7_3,6.23489092191,-9999.0,-9999.0,-9999.0,54.5289993286,123.067126176502,47.5412190046546,249921.99,672242.77,20,12,54.529
NS47SE_463,1,7_3,7.15750012306,-9999.0,-9999.0,-9999.0,49.6699981689,302.788410333296,71.5516609844506,249850.55,672243.09,12,8,49.67
NS47SE_464,1,7_3,4.38321645031,-9999.0,-9999.0,-9999.0,50.547000885,93.2258239011873,38.623687378033,249865.52,672215.25,12,8,50.547
NS47SE_465,1,7_3,6.54966747761,-9999.0,-9999.0,-9999.0,54.9239997864,112.336908224372,43.1948949591386,249918.67,672209.85,12,8,54.924
NS47SE_466,1,7_3,5.96884541741,-9999.0,-9999.0,-9999.0,47.9440002441,1317.51387646066,164.75436403491,249816.79,672223.06,36,20,47.944
NS47SE_467,1,7_3,6.83495227733,-9999.0,-9999.0,-9999.0,53.3709983826,120.009244739062,44.3432149489445,249889.94,672204.22,12,8,53.371
NS47SE_468,1,7_3,6.24033671788,-9999.0,-9999.0,-9999.0,54.1879997253,83.4630192960954,36.739969702655,249903.36,672204.04,12,8,54.188
NS47SE_469,1,7_3,6.62002721119,-9999.0,-9999.0,-9999.0,55.9259986877,162.319843389848,63.6007842582304,249937.93,672202.03,36,20,55.926
NS47SE_470,1,7_3,3.42994852533,-9999.0,-9999.0,-9999.0,55.4449996948,983.663779108018,310.961773021269,249982.29,672224.05,192,98,55.445
NS47SE_471,1,7_3,7.15660182937,-9999.0,-9999.0,-9999.0,57.5250015259,121.141824019687,44.4703633591665,249939.0,672179.32,12,8,57.525
NS47SE_472,1,7_3,4.16850350219,-9999.0,-9999.0,-9999.0,48.4129981995,275.525384319402,85.3016483362425,249810.83,672177.75,28,16,48.413
NS47SE_473,1,7_3,4.85966240697,-9999.0,-9999.0,-9999.0,50.5690002441,147.105478521933,50.8317658305482,249827.49,672169.35,20,12,50.569
NS47SE_474,1,7_3,6.48922132228,-9999.0,-9999.0,-9999.0,51.2458000183,142.885766171339,50.6913621456632,249843.53,672167.66,20,12,51.246
NS47SE_475,1,7_3,6.8880246424,-9999.0,-9999.0,-9999.0,52.1870002747,114.955158254008,43.8037804874247,249861.37,672164.64,12,8,52.187
NS47SE_476,1,7_3,6.77117558671,-9999.0,-9999.0,-9999.0,53.22133255,71.7754884064899,33.9792173398036,249874.89,672163.65,12,8,53.221
NS47SE_478,1,7_3,7.10930375553,-9999.0,-9999.0,-9999.0,54.3629989624,139.954924767149,47.8093108781022,249889.9,672162.34,12,8,54.363
NS47SE_479,1,7_3,7.09473136942,-9999.0,-9999.0,-9999.0,55.5289993286,145.001054007873,48.60637036857,249907.94,672160.56,12,8,55.529
NS47SE_480,1,7_3,6.63634560804,-9999.0,-9999.0,-9999.0,57.608001709,149.526571203793,51.7363885953125,249934.0,672160.62,28,16,57.608
NS47SE_481,1,7_3,3.98828049888,-9999.0,-9999.0,-9999.0,59.3909988403,465.625055865672,142.230535861549,249982.17,672160.8,72,38,59.391
NS47SE_482,1,7_3,3.17813722477,-9999.0,-9999.0,-9999.0,50.4700012207,55.9628737524561,29.9569670957119,249819.17,672134.74,12,8,50.47
NS47SE_483,1,7_3,3.96942792382,-9999.0,-9999.0,-9999.0,51.3520011902,240.738150264476,65.6625404328336,249832.9,672129.98,28,16,51.352
NS47SE_484,1,7_3,5.97233098429,-9999.0,-9999.0,-9999.0,55.4939994812,246.304798983759,70.163201605062,249915.08,672126.44,20,12,55.494
NS47SE_485,1,7_3,3.96468666695,-9999.0,-9999.0,-9999.0,53.3040008545,194.08478078878,64.1391602382344,249878.74,672126.02,20,12,53.304
NS47SE_486,1,7_3,3.24797547169,-9999.0,-9999.0,-9999.0,60.3583335876,48.8762699975883,27.9724492483724,249984.68,672117.07,12,8,60.358
NS47SE_487,1,7_3,4.03052375017,-9999.0,-9999.0,-9999.0,59.0149993896,236.01456882159,68.8433137584262,249966.3,672119.98,20,12,59.015
NS47SE_488,1,7_3,5.86806809522,-9999.0,-9999.0,-9999.0,55.6170005798,257.008548341356,71.8605295561072,249941.35,672104.45,36,20,55.617
NS47SE_489,1,7_3,4.52290825993,-9999.0,-9999.0,-9999.0,51.733001709,525.509165822833,186.465076349652,249858.52,672112.85,100,50,51.733
NS47SE_490,1,7_3,3.43499041879,-9999.0,-9999.0,-9999.0,55.5429992676,48.7984312488621,28.033473384203,249939.09,672086.36,12,8,55.543
NS47SE_491,1,7_3,6.35092758233,-9999.0,-9999.0,-9999.0,53.7540016174,438.753021659569,104.997255377782,249911.24,672089.64,12,8,53.754
NS47SE_492,1,7_3,6.1189869036,-9999.0,-9999.0,-9999.0,52.5740013123,223.943078410963,65.8613070326828,249872.96,672077.85,28,16,52.574
NS47SE_493,1,7_3,6.85380012595,-9999.0,-9999.0,-9999.0,44.5999984741,214.327321064099,62.2531537817691,249681.38,672035.44,12,8,44.6
NS47SE_494,1,7_3,6.8370793876,-9999.0,-9999.0,-9999.0,48.7869987488,209.161120108402,62.0212574398831,249555.45,672034.89,12,8,48.787
NS47SE_495,1,7_3,7.02055667714,-9999.0,-9999.0,-9999.0,46.2700004578,258.665972339684,71.0090160443242,249583.1,672035.27,12,8,46.27
NS47SE_496,1,7_3,6.92580188001,-9999.0,-9999.0,-9999.0,44.5089988708,324.363247757769,88.0652178380836,249617.53,672035.74,12,8,44.509
NS47SE_498,1,7_3,7.06339931488,-9999.0,-9999.0,-9999.0,51.5050010681,265.959814972902,71.7995825551225,249527.54,672032.68,12,8,51.505
NS47SE_499,1,7_3,7.12722976852,-9999.0,-9999.0,-9999.0,44.4939994812,258.590670629396,71.0240618440163,249651.34,672031.44,12,8,44.494
NS47SE_500,1,7_3,6.38006325383,-9999.0,-9999.0,-9999.0,45.9679985046,161.786697327384,53.9832243376211,249707.1,672030.45,28,16,45.968
NS47SE_502,1,7_3,5.81291191713,-9999.0,-9999.0,-9999.0,48.6669998169,156.307565594685,56.0607129889548,249694.02,672007.2,28,16,48.667
NS47SE_504,1,7_3,2.5047211436,-9999.0,-9999.0,-9999.0,55.7739982605,29.6632837515356,22.1743042298935,249557.13,671998.99,12,8,55.774
NS47SE_505,1,7_3,5.69471421147,-9999.0,-9999.0,-9999.0,48.0250015259,697.53100001851,138.064997810853,249729.93,671994.48,60,32,48.025
NS47SE_506,1,7_3,6.92372494299,-9999.0,-9999.0,-9999.0,49.6279983521,267.761983051764,71.9870722604698,249680.67,671988.3,32,18,49.628
NS47SE_508,1,7_3,7.17776377083,-9999.0,-9999.0,-9999.0,60.0149993896,257.885215152694,71.1859613250268,249525.73,671971.31,12,8,60.015
NS47SE_509,1,7_3,7.0662865073,-9999.0,-9999.0,-9999.0,50.4760017395,210.110088033276,62.0680799140807,249709.1,671975.61,12,8,50.476
NS47SE_510,1,7_3,6.9908608488,-9999.0,-9999.0,-9999.0,59.0480003357,211.822814999507,62.2337786842359,249553.36,671967.6,12,8,59.048
NS47SE_511,1,7_3,7.08194876517,-9999.0,-9999.0,-9999.0,57.2039985657,261.787636913101,71.496732043504,249580.73,671967.79,12,8,57.204
NS47SE_512,1,7_3,6.56678587815,-9999.0,-9999.0,-9999.0,49.6570014954,124.733909696729,45.2086324262034,249735.64,671969.36,12,8,49.657
NS47SE_513,1,7_3,6.79959535079,-9999.0,-9999.0,-9999.0,56.0190010071,208.682669780281,61.6875146010086,249608.28,671966.31,12,8,56.019
NS47SE_514,1,7_3,6.91121353372,-9999.0,-9999.0,-9999.0,51.78099823,207.377485412458,61.594165186798,249659.23,671968.72,12,8,51.781
NS47SE_515,1,7_3,5.38735711352,-9999.0,-9999.0,-9999.0,53.5530014038,168.861356786299,57.447085599361,249633.62,671964.26,12,8,53.553
NS47SE_516,1,7_3,6.59247414387,-9999.0,-9999.0,-9999.0,57.3510017395,138.626992489859,52.6588712581046,249606.9,671937.82,12,8,57.351
NS47SE_517,1,7_3,7.07425836679,-9999.0,-9999.0,-9999.0,50.2400016785,258.353208189888,71.0214056838079,249737.34,671945.98,12,8,50.24
NS47SE_518,1,7_3,7.12638605857,-9999.0,-9999.0,-9999.0,60.1650009155,209.304958945481,62.0812153159749,249552.54,671937.67,12,8,60.165
NS47SE_520,1,7_3,7.25509655774,-9999.0,-9999.0,-9999.0,60.9879989624,257.204320682726,71.0377527024513,249524.7,671935.24,12,8,60.988
NS47SE_521,1,7_3,7.19058483109,-9999.0,-9999.0,-9999.0,59.0349998474,271.452075256452,72.0364429398318,249580.01,671936.1,12,8,59.035
NS47SE_522,1,7_3,6.89965452222,-9999.0,-9999.0,-9999.0,51.7050018311,332.463601290827,89.4015761943231,249699.36,671943.61,20,12,51.705
NS47SE_523,1,7_3,6.6359593085,-9999.0,-9999.0,-9999.0,57.1920013428,143.101908506186,53.1109026101078,249617.45,671920.65,12,8,57.192
NS47SE_524,1,7_3,7.14224917217,-9999.0,-9999.0,-9999.0,52.8860015869,208.416595006321,61.7594484434345,249700.8,671909.59,12,8,52.886
NS47SE_525,1,7_3,6.86787865352,-9999.0,-9999.0,-9999.0,50.9580001831,337.193629358062,90.3277575366986,249738.1,671911.32,20,12,50.958
NS47SE_526,1,7_3,6.91387357186,-9999.0,-9999.0,-9999.0,63.2840003967,212.3634805952,62.4374464738118,249514.73,671891.19,12,8,63.284
NS47SE_527,1,7_3,6.1732131289,-9999.0,-9999.0,-9999.0,56.4760017395,151.44470036197,57.8072775088684,249658.07,671890.57,28,16,56.476
NS47SE_528,1,7_3,7.05546002934,-9999.0,-9999.0,-9999.0,58.3689994812,328.316454025317,91.7847070677391,249628.87,671893.28,28,16,58.369
NS47SE_529,1,7_3,6.34468871579,-9999.0,-9999.0,-9999.0,55.2770004272,142.814515221637,54.7063760369747,249677.82,671884.9,28,16,55.277
NS47SE_530,1,7_3,6.83289739559,-9999.0,-9999.0,-9999.0,63.21900177,334.336075035013,91.1462838397575,249545.97,671882.36,28,16,63.219
NS47SE_531,1,7_3,7.24135956207,-9999.0,-9999.0,-9999.0,53.9650001526,259.931727201013,71.0821273853711,249708.05,671881.91,12,8,53.965
NS47SE_532,1,7_3,7.01087289865,-9999.0,-9999.0,-9999.0,51.5699996948,259.908883232812,71.0959178482819,249744.74,671877.43,12,8,51.57
NS47SE_908,1,7_3,5.3642067238,-9999.0,-9999.0,-9999.0,50.0489997864,1377.05996768646,184.842515059464,249949.0,672039.8,112,58,50.049
NS47SE_207,1,7_4,5.73950163523,-9999.0,-9999.0,-9999.0,77.5449981689,113.307238784801,44.1766875463528,249651.61,673123.42,12,8,77.545
NS47SE_208,1,7_4,2.19511586065,-9999.0,-9999.0,-9999.0,77.0319976807,30.5272950030663,22.5705506078439,249708.68,673120.2,12,8,77.032
NS47SE_210,1,7_4,2.47205359141,-9999.0,-9999.0,-9999.0,75.6060028076,32.5799024968712,27.4716602226133,249714.1,673117.27,8,6,75.606
NS47SE_212,1,7_4,5.08859836465,-9999.0,-9999.0,-9999.0,75.966003418,104.485151391334,43.5498431684106,249695.03,673116.27,20,12,75.966
NS47SE_213,1,7_4,5.27731247348,-9999.0,-9999.0,-9999.0,77.1309967041,97.8573683305589,40.8778777782426,249654.77,673114.12,12,8,77.131
NS47SE_214,1,7_4,6.74518769067,-9999.0,-9999.0,-9999.0,74.81199646,112.663887458196,42.6829119350564,249721.19,673107.24,12,8,74.812
NS47SE_215,1,7_4,5.90802811158,-9999.0,-9999.0,-9999.0,80.6380004883,224.188550099192,68.168134288465,249951.28,673114.55,24,14,80.638
NS47SE_216,1,7_4,2.11597307593,-9999.0,-9999.0,-9999.0,76.0110015869,29.6900099991138,22.4416710484421,249647.82,673103.62,12,8,76.011
NS47SE_217,1,7_4,5.41338009535,-9999.0,-9999.0,-9999.0,75.8779983521,92.6473769563615,39.855044111055,249663.29,673104.13,12,8,75.878
NS47SE_218,1,7_4,5.63718483665,-9999.0,-9999.0,-9999.0,74.7969970703,90.8250476488319,39.3349429152144,249695.85,673105.78,20,12,74.797
NS47SE_219,1,7_4,5.73236371992,-9999.0,-9999.0,-9999.0,78.4100036621,244.867298181382,73.3455522446712,249932.63,673095.11,28,16,78.41
NS47SE_220,1,7_4,5.90344713065,-9999.0,-9999.0,-9999.0,73.8539962769,134.172216826666,49.2960236086383,249676.43,673076.42,20,12,73.854
NS47SE_221,1,7_4,5.02792664955,-9999.0,-9999.0,-9999.0,73.9869995117,498.292812212706,141.368722278325,249759.55,673078.89,76,40,73.987
NS47SE_222,1,7_4,6.42727139392,-9999.0,-9999.0,-9999.0,73.9700012207,117.644702047407,43.7242476181728,249661.39,673075.71,12,8,73.97
NS47SE_223,1,7_4,4.74150752162,-9999.0,-9999.0,-9999.0,73.8399963379,145.712112247737,51.1226263992072,249724.66,673076.05,20,12,73.84
NS47SE_224,1,7_4,2.90045832921,-9999.0,-9999.0,-9999.0,74.1370010376,36.6199237457701,24.895499947957,249766.14,673068.94,12,8,74.137
NS47SE_225,1,7_4,4.60949032705,-9999.0,-9999.0,-9999.0,79.8069992065,183.876606173516,59.1591610164143,249973.82,673070.77,28,16,79.807
NS47SE_226,1,7_4,2.23340193048,-9999.0,-9999.0,-9999.0,73.7860031128,23.207523751047,24.593945273053,249734.3,673065.34,8,6,73.786
NS47SE_227,1,7_4,4.07677760171,-9999.0,-9999.0,-9999.0,73.7220001221,435.129337376279,150.447608211075,249699.09,673070.86,80,40,73.722
NS47SE_228,1,7_4,2.55409363495,-9999.0,-9999.0,-9999.0,74.0350036621,24.4412774978511,21.9460115294942,249753.61,673062.34,12,8,74.035
NS47SE_229,1,7_4,4.76689314148,-9999.0,-9999.0,-9999.0,77.3109970093,276.439830009525,94.0909281542875,249941.94,673066.66,52,28,77.311
NS47SE_230,1,7_4,5.62616798182,-9999.0,-9999.0,-9999.0,76.0469970703,555.774476012777,138.798348451711,249888.71,673081.12,36,20,76.047
NS47SE_231,1,7_4,7.05933523728,-9999.0,-9999.0,-9999.0,75.7570037842,201.41139311178,60.5612614541445,249920.64,673050.22,12,8,75.757
NS47SE_232,1,7_4,5.57262442837,-9999.0,-9999.0,-9999.0,71.3359985352,508.094442613774,152.233287042098,249771.87,673049.62,88,46,71.336
NS47SE_233,1,7_4,4.9596035865,-9999.0,-9999.0,-9999.0,69.7149963379,169.03681860907,53.7925610121735,249716.82,673041.41,20,12,69.715
NS47SE_234,1,7_4,4.87006796895,-9999.0,-9999.0,-9999.0,77.0869979858,213.034348446162,66.3598231205218,249965.64,673042.66,28,16,77.087
NS47SE_235,1,7_4,4.4803414445,-9999.0,-9999.0,-9999.0,69.9509963989,172.271805451147,74.744729032263,249734.31,673039.46,44,24,69.951
NS47SE_236,1,7_4,6.93314743958,-9999.0,-9999.0,-9999.0,74.966003418,325.550725615677,98.5681153024287,249932.61,673028.19,36,20,74.966
NS47SE_237,1,7_4,5.99432893817,-9999.0,-9999.0,-9999.0,71.3489990234,92.8481536454867,40.6888980813547,249771.6,673012.62,20,12,71.349
NS47SE_238,1,7_4,7.33038159483,-9999.0,-9999.0,-9999.0,71.6230010986,250.959758888202,69.9503227440055,249796.32,673011.94,28,16,71.623
NS47SE_239,1,7_4,5.70819344772,-9999.0,-9999.0,-9999.0,67.8330001831,202.331308328621,62.3983690055746,249711.49,673011.11,36,20,67.833
NS47SE_240,1,7_4,5.63128334653,-9999.0,-9999.0,-9999.0,71.6193389893,118.236544151797,49.1054316978156,249879.19,673009.56,28,16,71.619
NS47SE_241,1,7_4,5.42760225345,-9999.0,-9999.0,-9999.0,69.6460037231,331.027112966259,113.515907829324,249750.58,673007.89,76,40,69.646
NS47SE_242,1,7_4,7.11818898812,-9999.0,-9999.0,-9999.0,72.3929977417,270.06915757527,85.5574782366112,249906.98,673007.49,28,16,72.393
NS47SE_243,1,7_4,7.46095006133,-9999.0,-9999.0,-9999.0,74.1119995117,193.411280193055,59.7024193458065,249952.85,673008.21,12,8,74.112
NS47SE_244,1,7_4,5.74575349717,-9999.0,-9999.0,-9999.0,67.4319992065,106.713826405773,43.0897468494305,249703.46,672999.02,20,12,67.432
NS47SE_245,1,7_4,7.57088095259,-9999.0,-9999.0,-9999.0,72.5439987183,207.142053769461,61.6972686427925,249932.7,672995.81,12,8,72.544
NS47SE_246,1,7_4,5.56700156651,-9999.0,-9999.0,-9999.0,69.4449996948,179.456330220372,72.4107009975093,249797.13,672990.82,44,24,69.445
NS47SE_247,1,7_4,5.26572404214,-9999.0,-9999.0,-9999.0,66.8249969482,254.325805757433,76.5721744289182,249736.89,672986.2,52,28,66.825
NS47SE_248,1,7_4,5.74647156493,-9999.0,-9999.0,-9999.0,68.3519973755,217.968320279245,66.3690673237177,249763.37,672980.86,28,16,68.352
NS47SE_249,1,7_4,3.99120225952,-9999.0,-9999.0,-9999.0,65.2659988403,321.011346648053,80.3448948212549,249654.35,672979.27,44,24,65.266
NS47SE_250,1,7_4,5.90068100783,-9999.0,-9999.0,-9999.0,68.4710006714,188.528267249087,68.8947792866631,249806.03,672963.86,48,26,68.471
NS47SE_251,1,7_4,5.15024530237,-9999.0,-9999.0,-9999.0,66.2310028076,114.597463540625,51.1269463479273,249715.86,672964.62,28,16,66.231
NS47SE_252,1,7_4,4.9998056925,-9999.0,-9999.0,-9999.0,69.7229995728,327.146954988535,105.103594280497,249838.23,672972.19,68,36,69.723
NS47SE_253,1,7_4,4.51077977194,-9999.0,-9999.0,-9999.0,68.8840026855,278.098656800753,80.6686325762854,249629.31,672956.25,44,24,68.884
NS47SE_254,1,7_4,4.64229857403,-9999.0,-9999.0,-9999.0,66.2009963989,150.057405133383,53.0909159269046,249730.2,672956.52,28,16,66.201
NS47SE_255,1,7_4,5.7319757243,-9999.0,-9999.0,-9999.0,67.7649993896,200.197806896284,65.7691701117308,249780.71,672956.91,52,28,67.765
NS47SE_258,1,7_4,5.64325130965,-9999.0,-9999.0,-9999.0,66.3099975586,168.976779518656,55.3013889240591,249744.03,672948.96,20,12,66.31
NS47SE_259,1,7_4,5.28908399854,-9999.0,-9999.0,-9999.0,57.6969985962,110.053998483329,43.7526773127856,249671.21,672945.32,20,12,57.697
NS47SE_260,1,7_4,3.77351907466,-9999.0,-9999.0,-9999.0,67.9069976807,519.499189388874,134.814257690665,249548.78,672949.87,68,36,67.907
NS47SE_261,1,7_4,4.87815342066,-9999.0,-9999.0,-9999.0,69.8600006104,250.482813485888,76.2980062337897,249860.24,672948.48,44,24,69.86
NS47SE_262,1,7_4,5.02973000248,-9999.0,-9999.0,-9999.0,67.5579986572,317.764379990592,78.4900650124554,249579.63,672941.77,28,16,67.558
NS47SE_263,1,7_4,6.67279749331,-9999.0,-9999.0,-9999.0,65.3870010376,152.649973736223,53.0911866415816,249817.8,672933.63,36,20,65.387
NS47SE_264,1,7_4,5.80101109606,-9999.0,-9999.0,-9999.0,66.7033309937,163.188915055342,53.9874182206529,249786.29,672933.74,20,12,66.703
NS47SE_265,1,7_4,2.98237632843,-9999.0,-9999.0,-9999.0,67.2570037842,41.8222724984243,25.927323682866,249529.07,672923.51,12,8,67.257
NS47SE_266,1,7_4,5.38079552454,-9999.0,-9999.0,-9999.0,61.1819992065,148.312600814201,50.1807583694469,249649.34,672928.31,20,12,61.182
NS47SE_267,1,7_4,6.09226912641,-9999.0,-9999.0,-9999.0,66.0100021362,198.649676327038,60.3247850780805,249768.63,672926.1,12,8,66.01
NS47SE_268,1,7_4,4.64280090855,-9999.0,-9999.0,-9999.0,64.5820007324,151.111536240747,51.1503973855095,249850.87,672925.42,20,12,64.582
NS47SE_269,1,7_4,2.82630468152,-9999.0,-9999.0,-9999.0,64.8999938965,53.6940304308583,31.2113090053431,249867.66,672918.67,20,12,64.9
NS47SE_270,1,7_4,3.95969588156,-9999.0,-9999.0,-9999.0,63.7120018005,134.059874960834,46.8443305475155,249825.74,672914.31,12,8,63.712
NS47SE_271,1,7_4,5.48217361397,-9999.0,-9999.0,-9999.0,63.6920013428,147.610461778648,51.5397148370952,249538.53,672912.49,20,12,63.692
NS47SE_272,1,7_4,3.85813732725,-9999.0,-9999.0,-9999.0,58.7739982605,85.5542803621479,37.0788355303456,249650.49,672910.2,12,8,58.774
NS47SE_273,1,7_4,4.99719961022,-9999.0,-9999.0,-9999.0,61.1749992371,237.199793202193,65.4774033640666,249575.37,672911.91,20,12,61.175
NS47SE_274,1,7_4,3.80407115741,-9999.0,-9999.0,-9999.0,56.1990013123,81.1406783309185,40.4230286429317,249659.44,672906.73,12,8,56.199
NS47SE_275,1,7_4,4.70960191168,-9999.0,-9999.0,-9999.0,63.6780014038,130.731981405788,47.9415093568567,249860.64,672901.66,20,12,63.678
NS47SE_276,1,7_4,5.45402874993,-9999.0,-9999.0,-9999.0,60.6529998779,216.282740783508,68.6348372985075,249509.99,672903.19,36,20,60.653
NS47SE_277,1,7_4,5.34378799185,-9999.0,-9999.0,-9999.0,58.5480003357,755.879147630904,143.856051602154,249708.03,672902.88,36,20,58.548
NS47SE_278,1,7_4,1.93058998108,-9999.0,-9999.0,-9999.0,65.9049987793,26.1431324964835,21.4075329374611,249906.72,672889.84,12,8,65.905
NS47SE_279,1,7_4,2.97040490562,-9999.0,-9999.0,-9999.0,63.6879997253,299.536585946945,69.2288539151805,249820.18,672890.17,16,10,63.688
NS47SE_280,1,7_4,9.48390524533,-9999.0,-9999.0,-9999.0,57.2509994507,579.289730614626,128.366865994734,249627.67,672893.82,44,24,57.251
NS47SE_281,1,7_4,4.00406831946,-9999.0,-9999.0,-9999.0,64.3799972534,457.701654773798,135.777667496854,249886.2,672888.05,80,42,64.38
NS47SE_282,1,7_4,4.93916397033,-9999.0,-9999.0,-9999.0,55.4430007935,320.842651429111,75.9237242818297,249667.16,672879.43,28,16,55.443
NS47SE_284,1,7_4,4.84029723565,-9999.0,-9999.0,-9999.0,58.5260009766,690.539867971963,135.11978014525,249700.52,672873.41,32,18,58.526
NS47SE_285,1,7_4,3.63217617539,-9999.0,-9999.0,-9999.0,56.2900009155,130.671694316446,48.8695496486807,249588.53,672859.85,28,16,56.29
NS47SE_286,1,7_4,8.14071873431,-9999.0,-9999.0,-9999.0,62.1619987488,401.193531149466,96.9083018221814,249763.25,672860.17,68,36,62.162
NS47SE_287,1,7_4,7.12421033465,-9999.0,-9999.0,-9999.0,63.1450004578,174.059351528663,56.6710917954704,249789.0,672848.33,36,20,63.145
NS47SE_288,1,7_4,4.12926734924,-9999.0,-9999.0,-9999.0,55.0449981689,444.482715687392,93.0954842925703,249620.71,672847.48,20,12,55.045
NS47SE_289,1,7_4,8.0397213903,-9999.0,-9999.0,-9999.0,61.8860015869,390.544621910057,83.9880447412419,249844.3,672820.36,24,14,61.886
NS47SE_290,1,7_4,6.19634201831,-9999.0,-9999.0,-9999.0,65.5810012817,295.677621223811,76.8741766074261,249983.73,672819.71,20,12,65.581
NS47SE_291,1,7_4,9.21625659125,-9999.0,-9999.0,-9999.0,60.4939994812,521.359191761545,118.240911218076,249704.17,672812.85,56,30,60.494
NS47SE_292,1,7_4,6.05683885903,-9999.0,-9999.0,-9999.0,63.8040008545,373.577053736904,109.656752245672,249817.53,672805.12,60,32,63.804
NS47SE_293,1,7_4,8.57483337529,-9999.0,-9999.0,-9999.0,64.0410003662,494.649749991243,107.016654097481,249752.28,672801.62,36,20,64.041
NS47SE_294,1,7_4,6.35047869097,-9999.0,-9999.0,-9999.0,64.6529998779,174.159425644706,56.0260875693607,249781.77,672794.93,28,16,64.653
NS47SE_296,1,7_4,2.59234701923,-9999.0,-9999.0,-9999.0,66.9889984131,178.276601296077,58.6690504136902,249840.33,672782.31,12,8,66.989
NS47SE_297,1,7_4,4.12414485931,-9999.0,-9999.0,-9999.0,66.3389968872,157.333301082143,51.1065335970267,249864.96,672769.14,20,12,66.339
NS47SE_298,1,7_4,3.81719618028,-9999.0,-9999.0,-9999.0,66.3519973755,389.047709271684,122.527429193987,249857.04,672736.91,80,42,66.352
NS47SE_299,1,7_4,2.56493938928,-9999.0,-9999.0,-9999.0,67.0650024414,45.1841399975489,28.687426912095,249850.49,672723.26,20,12,67.065
NS47SE_301,1,7_4,4.14138980378,-9999.0,-9999.0,-9999.0,69.5540008545,271.423299943962,72.255814991323,249799.29,672722.44,12,8,69.554
NS47SE_302,1,7_4,3.86961213038,-9999.0,-9999.0,-9999.0,66.5199966431,180.824461207559,59.2167807274222,249870.66,672711.5,28,16,66.52
NS47SE_303,1,7_4,2.73944544388,-9999.0,-9999.0,-9999.0,68.3909988403,31.0079700001697,23.246864551558,249858.2,672691.12,12,8,68.391
NS47SE_304,1,7_4,5.11668150984,-9999.0,-9999.0,-9999.0,66.5419998169,293.070692065652,73.9038906226524,249876.05,672692.38,28,16,66.542
NS47SE_305,1,7_4,4.91787598397,-9999.0,-9999.0,-9999.0,65.3339996338,1418.53287356306,204.310916614487,249969.05,672706.25,64,32,65.334
NS47SE_306,1,7_4,3.59670913429,-9999.0,-9999.0,-9999.0,67.7040023804,104.75511141474,43.843642787516,249866.2,672679.06,20,12,67.704
NS47SE_307,1,7_4,4.64608637492,-9999.0,-9999.0,-9999.0,63.2719993591,211.772137609864,70.3036406822294,249992.2,672666.96,36,20,63.272
NS47SE_308,1,7_4,4.41565676016,-9999.0,-9999.0,-9999.0,66.702003479,403.678018537837,107.588281312391,249883.02,672664.63,44,24,66.702
NS47SE_309,1,7_4,6.112929745,-9999.0,-9999.0,-9999.0,81.1399993896,461.877319940427,127.170637290431,249648.28,672652.9,28,16,81.14
NS47SE_310,1,7_4,2.01399037717,-9999.0,-9999.0,-9999.0,79.5930023193,136.567272688415,57.1624575080901,249665.39,672644.98,12,8,79.593
NS47SE_311,1,7_4,4.55428059671,-9999.0,-9999.0,-9999.0,63.2130012512,713.938641427168,109.47159084998,249970.59,672655.24,12,8,63.213
NS47SE_312,1,7_4,6.28260067247,-9999.0,-9999.0,-9999.0,78.4420013428,325.16103536386,92.4300627190908,249651.85,672612.78,12,8,78.442
NS47SE_313,1,7_4,10.4237408095,-9999.0,-9999.0,-9999.0,63.0730018616,587.320140630071,120.010687117314,249912.66,672622.31,56,30,63.073
NS47SE_314,1,7_4,5.17472006754,-9999.0,-9999.0,-9999.0,78.2109985352,349.536600668805,111.984008908868,249604.83,672618.84,52,28,78.211
NS47SE_316,1,7_4,5.50148377169,-9999.0,-9999.0,-9999.0,77.8359985352,301.003166611562,111.775817222276,249580.47,672610.98,68,36,77.836
NS47SE_317,1,7_4,6.4969041315,-9999.0,-9999.0,-9999.0,76.9990005493,265.971720722095,80.4639975544145,249681.93,672605.61,20,12,76.999
NS47SE_318,1,7_4,4.00152471605,-9999.0,-9999.0,-9999.0,58.6240005493,227.67353487621,67.6671055536929,249992.97,672594.73,20,12,58.624
NS47SE_319,1,7_4,5.72208107292,-9999.0,-9999.0,-9999.0,76.7760009766,320.67603996782,117.898955800061,249558.5,672603.68,56,30,76.776
NS47SE_320,1,7_4,3.56306056319,-9999.0,-9999.0,-9999.0,59.2869987488,117.799056792157,48.2863870952281,249971.9,672592.82,20,12,59.287
NS47SE_321,1,7_4,4.47453465373,-9999.0,-9999.0,-9999.0,72.8229980469,2828.84776812702,522.773223064082,249757.49,672625.28,188,94,72.823
NS47SE_323,1,7_4,4.43622765397,-9999.0,-9999.0,-9999.0,62.405330658,781.254659695472,168.164933831943,249918.77,672585.79,60,32,62.405
NS47SE_324,1,7_4,6.52200476566,-9999.0,-9999.0,-9999.0,77.56199646,307.644516935755,90.338840120537,249602.73,672577.71,12,8,77.562
NS47SE_325,1,7_4,6.57259118822,-9999.0,-9999.0,-9999.0,77.2649993896,231.025228120903,72.0605682162179,249631.9,672572.64,12,8,77.265
NS47SE_326,1,7_4,6.24749200414,-9999.0,-9999.0,-9999.0,75.8150024414,244.46342020101,77.6624349636824,249670.22,672562.8,28,16,75.815
NS47SE_327,1,7_4,3.45871702762,-9999.0,-9999.0,-9999.0,59.1829986572,119.77088887795,48.5164933652609,249977.99,672558.72,20,12,59.183
NS47SE_328,1,7_4,6.64329210191,-9999.0,-9999.0,-9999.0,74.4010009766,157.750951358574,55.3697423863307,249554.19,672562.33,12,8,74.401
NS47SE_329,1,7_4,3.97310097978,-9999.0,-9999.0,-9999.0,58.2599983215,245.902369324894,74.8187560966739,249995.56,672560.95,28,16,58.26
NS47SE_330,1,7_4,13.2057525686,-9999.0,-9999.0,-9999.0,72.7320022583,228.873538575118,61.7368945185481,249742.86,672556.58,12,8,72.732
NS47SE_331,1,7_4,6.63109366247,-9999.0,-9999.0,-9999.0,75.0640029907,164.13717055449,56.268283351987,249584.06,672556.42,12,8,75.064
NS47SE_332,1,7_4,5.07681883653,-9999.0,-9999.0,-9999.0,66.8820037842,285.123483126416,81.0178029925552,249837.05,672552.75,44,24,66.882
NS47SE_333,1,7_4,6.19737916883,-9999.0,-9999.0,-9999.0,75.4909973145,243.141241428963,76.4735246627154,249609.41,672552.99,28,16,75.491
NS47SE_334,1,7_4,13.2592607115,-9999.0,-9999.0,-9999.0,70.4960021973,235.684022189814,62.1546180381446,249775.89,672552.45,12,8,70.496
NS47SE_335,1,7_4,2.91842237264,-9999.0,-9999.0,-9999.0,62.9160003662,90.0292138688058,45.300984432947,249904.25,672547.08,20,12,62.916
NS47SE_336,1,7_4,6.15955125885,-9999.0,-9999.0,-9999.0,69.0059967041,481.974291667076,153.764891739899,249529.79,672558.71,64,34,69.006
NS47SE_337,1,7_4,6.85366343538,-9999.0,-9999.0,-9999.0,72.9309997559,158.470597234627,54.8954269944484,249562.22,672542.96,12,8,72.931
NS47SE_338,1,7_4,6.19500757562,-9999.0,-9999.0,-9999.0,75.4779968262,360.063002497472,111.841199819404,249643.62,672542.36,36,20,75.478
NS47SE_339,1,7_4,5.13098814296,-9999.0,-9999.0,-9999.0,62.1279983521,178.088967556497,54.2401959180015,249921.2,672539.29,12,8,62.128
NS47SE_340,1,7_4,6.10168099102,-9999.0,-9999.0,-9999.0,74.4530029297,352.12874857778,105.723862258209,249682.44,672541.07,36,20,74.453
NS47SE_342,1,7_4,4.09497078761,-9999.0,-9999.0,-9999.0,59.111000061,149.311614234692,49.0181492528251,249984.86,672528.22,12,8,59.111
NS47SE_343,1,7_4,5.93031833483,-9999.0,-9999.0,-9999.0,70.9710006714,187.950976787704,64.2629139531706,249555.53,672525.93,28,16,70.971
NS47SE_344,1,7_4,6.39142291889,-9999.0,-9999.0,-9999.0,69.0459976196,355.670825174867,103.266291417212,249802.94,672537.24,28,16,69.046
NS47SE_345,1,7_4,13.3868320757,-9999.0,-9999.0,-9999.0,70.8404388428,232.756045471329,61.7087952909889,249757.89,672524.81,12,8,70.84
NS47SE_346,1,7_4,7.03414755249,-9999.0,-9999.0,-9999.0,65.9960021973,253.669232714446,72.520120104009,249850.09,672529.63,12,8,65.996
NS47SE_347,1,7_4,6.46365768602,-9999.0,-9999.0,-9999.0,64.4319992065,353.851690832368,107.781137561874,249880.21,672532.31,32,18,64.432
NS47SE_348,1,7_4,5.79695534206,-9999.0,-9999.0,-9999.0,61.8359985352,149.603651847779,51.8668551299108,249924.76,672520.39,20,12,61.836
NS47SE_349,1,7_4,12.4397661356,-9999.0,-9999.0,-9999.0,65.4800033569,268.341765842219,83.5244728810578,249516.44,672513.99,44,24,65.48
NS47SE_350,1,7_4,13.3853105841,-9999.0,-9999.0,-9999.0,71.9160003662,234.888484639867,61.9933423175708,249629.16,672509.29,12,8,71.916
NS47SE_351,1,7_4,7.24079987005,-9999.0,-9999.0,-9999.0,66.1849975586,249.767333197615,71.7390205810768,249837.48,672505.42,12,8,66.185
NS47SE_352,1,7_4,5.15888922399,-9999.0,-9999.0,-9999.0,61.8030014038,178.911709040074,55.7069997284508,249926.06,672502.16,20,12,61.803
NS47SE_358,1,7_4,6.51686345465,-9999.0,-9999.0,-9999.0,68.5220031738,526.206165732034,149.936933499943,249704.05,672501.62,36,20,68.522
NS47SE_10,1,7_5,5.29922431305,-9999.0,-9999.0,-9999.0,103.596000671,161.961761152715,69.3400997643565,249844.27,673482.15,28,16,103.596
NS47SE_100,1,7_5,4.53847218152,-9999.0,-9999.0,-9999.0,85.2139968872,167.239642990556,52.6100037869563,249550.85,673321.69,20,12,85.214
NS47SE_101,1,7_5,3.40610630527,-9999.0,-9999.0,-9999.0,89.8600006104,171.438755765615,56.4611326135455,249849.0,673319.18,28,16,89.86
NS47SE_102,1,7_5,4.24706045735,-9999.0,-9999.0,-9999.0,90.7799987793,161.119261543563,57.8515095533374,249707.0,673316.11,20,12,90.78
NS47SE_103,1,7_5,5.23599850845,-9999.0,-9999.0,-9999.0,83.9680023193,119.114327593363,43.7531456817754,249536.73,673314.9,12,8,83.968
NS47SE_104,1,7_5,6.44796076,-9999.0,-9999.0,-9999.0,91.7200012207,121.533330847937,45.6551629597647,249954.81,673313.81,12,8,91.72
NS47SE_105,1,7_5,6.74700402862,-9999.0,-9999.0,-9999.0,90.9919967651,104.583802774536,41.914228472987,249814.22,673312.83,20,12,90.992
NS47SE_106,1,7_5,6.3494772142,-9999.0,-9999.0,-9999.0,90.7220001221,97.8083631995516,39.6335590856964,249801.54,673306.5,12,8,90.722
NS47SE_107,1,7_5,4.1245560476,-9999.0,-9999.0,-9999.0,90.6959991455,181.721659351278,61.2245537904027,249721.76,673308.08,28,16,90.696
NS47SE_108,1,7_5,6.19185794737,-9999.0,-9999.0,-9999.0,90.5149993896,105.762963247241,42.2047613771137,249788.48,673304.07,20,12,90.515
NS47SE_109,1,7_5,4.35875123375,-9999.0,-9999.0,-9999.0,82.625,299.287837476878,123.386171910554,249510.68,673314.37,68,36,82.625
NS47SE_11,1,7_5,5.42883331248,-9999.0,-9999.0,-9999.0,103.448997498,156.747675129549,68.5191863500115,249870.98,673481.04,28,16,103.449
NS47SE_110,1,7_5,6.22783926667,-9999.0,-9999.0,-9999.0,89.0230026245,125.56299080371,49.336275414636,249629.54,673304.53,28,16,89.023
NS47SE_111,1,7_5,4.73123542083,-9999.0,-9999.0,-9999.0,89.6999969482,277.319985710007,99.5004018730244,249669.77,673308.75,44,24,89.7
NS47SE_112,1,7_5,2.18125808338,-9999.0,-9999.0,-9999.0,90.1380004883,33.4959374924,23.2381393864893,249678.44,673296.52,12,8,90.138
NS47SE_113,1,7_5,4.81271371448,-9999.0,-9999.0,-9999.0,87.5599975586,200.745081486036,62.2087158643226,249605.05,673300.09,20,12,87.56
NS47SE_114,1,7_5,4.60539105233,-9999.0,-9999.0,-9999.0,86.8669967651,181.703006566054,55.394626303086,249586.7,673296.55,20,12,86.867
NS47SE_115,1,7_5,6.28141667427,-9999.0,-9999.0,-9999.0,85.4199981689,110.61283284949,42.4123452698955,249568.86,673293.82,12,8,85.42
NS47SE_116,1,7_5,6.86274092353,-9999.0,-9999.0,-9999.0,89.9349975586,225.628137057976,66.1984199242204,249935.67,673300.01,12,8,89.935
NS47SE_118,1,7_5,5.00663515299,-9999.0,-9999.0,-9999.0,84.3639984131,120.070917306164,46.526872291181,249552.02,673287.88,20,12,84.364
NS47SE_119,1,7_5,3.62482468466,-9999.0,-9999.0,-9999.0,89.9029998779,190.318467988084,81.0246218890294,249726.16,673288.53,44,26,89.903
NS47SE_12,1,7_5,4.9323144569,-9999.0,-9999.0,-9999.0,97.8509979248,188.08670865808,59.6234440821615,249570.4,673479.06,28,16,97.851
NS47SE_120,1,7_5,4.87674494211,-9999.0,-9999.0,-9999.0,89.7689971924,271.026101032822,95.9014661500788,249775.44,673290.35,44,24,89.769
NS47SE_121,1,7_5,6.00924901046,-9999.0,-9999.0,-9999.0,89.1279983521,124.105966462197,48.5056977125642,249664.78,673285.15,28,16,89.128
NS47SE_122,1,7_5,2.5676055416,-9999.0,-9999.0,-9999.0,89.5859985352,31.4885924974618,23.3483786247222,249678.48,673281.0,12,8,89.586
NS47SE_123,1,7_5,5.50420745971,-9999.0,-9999.0,-9999.0,88.3320007324,195.692482403047,70.9890156234653,249626.84,673286.41,36,20,88.332
NS47SE_124,1,7_5,2.54922309289,-9999.0,-9999.0,-9999.0,87.1169967651,40.9220423190878,26.8713490592914,249595.69,673280.7,12,8,87.117
NS47SE_125,1,7_5,6.35938703558,-9999.0,-9999.0,-9999.0,82.8700027466,114.341449518222,42.9811204553492,249537.08,673281.45,12,8,82.87
NS47SE_126,1,7_5,2.53776111025,-9999.0,-9999.0,-9999.0,86.2310028076,47.5579799978498,28.4753884557727,249581.01,673278.41,12,8,86.231
NS47SE_127,1,7_5,2.60821918019,-9999.0,-9999.0,-9999.0,88.9599990845,62.2673228877113,34.1619892633845,249910.89,673276.21,20,12,88.96
NS47SE_128,1,7_5,6.18232787899,-9999.0,-9999.0,-9999.0,89.4069976807,128.660021785087,47.1025227999889,249929.77,673276.86,20,12,89.407
NS47SE_129,1,7_5,2.34811471362,-9999.0,-9999.0,-9999.0,87.7559967041,32.3425762534251,29.0430259867862,249613.29,673272.11,16,10,87.756
NS47SE_13,1,7_5,4.92114868776,-9999.0,-9999.0,-9999.0,96.3769989014,194.07580191058,59.501304640166,249556.9,673471.24,36,20,96.377
NS47SE_130,1,7_5,4.80096271929,-9999.0,-9999.0,-9999.0,81.9179992676,107.338375132272,58.7329573884988,249525.11,673273.07,36,20,81.918
NS47SE_131,1,7_5,4.42342996073,-9999.0,-9999.0,-9999.0,89.3450012207,188.50473298695,55.7075945969062,249729.99,673271.17,20,12,89.345
NS47SE_132,1,7_5,5.84274009264,-9999.0,-9999.0,-9999.0,87.9710006714,139.529402599686,50.9859860427001,249663.04,673267.59,20,12,87.971
NS47SE_133,1,7_5,6.36727029685,-9999.0,-9999.0,-9999.0,87.8659973145,114.117464273701,42.947926083671,249628.74,673267.14,12,8,87.866
NS47SE_134,1,7_5,2.39371864163,-9999.0,-9999.0,-9999.0,89.2200012207,24.4674000003157,20.7224628641957,249718.86,673263.3,12,8,89.22
NS47SE_135,1,7_5,2.13998923924,-9999.0,-9999.0,-9999.0,83.2409973145,28.6436850015248,22.0247905968465,249540.54,673261.5,12,8,83.241
NS47SE_136,1,7_5,4.52979493222,-9999.0,-9999.0,-9999.0,88.2860031128,154.367409851902,55.170943453563,249791.01,673261.16,28,16,88.286
NS47SE_137,1,7_5,2.24740081787,-9999.0,-9999.0,-9999.0,88.3929977417,24.9026025014482,20.7462676375636,249722.28,673254.04,12,8,88.393
NS47SE_138,1,7_5,6.22280758944,-9999.0,-9999.0,-9999.0,86.8949966431,69.8359964963963,33.6408762363382,249660.96,673254.22,12,8,86.895
NS47SE_139,1,7_5,3.10916025902,-9999.0,-9999.0,-9999.0,83.9270019531,200.777706934384,65.2998921920779,249556.47,673258.08,28,16,83.927
NS47SE_14,1,7_5,6.37158625835,-9999.0,-9999.0,-9999.0,103.391998291,78.2197556048406,35.4770316528189,249873.4,673465.65,12,8,103.392
NS47SE_140,1,7_5,3.42795156396,-9999.0,-9999.0,-9999.0,87.8300018311,140.226583022669,51.8938520553228,249733.66,673249.68,28,16,87.83
NS47SE_141,1,7_5,4.12779094862,-9999.0,-9999.0,-9999.0,87.5100021362,166.781142515805,57.3547460643907,249775.16,673250.23,28,16,87.51
NS47SE_142,1,7_5,5.87238827634,-9999.0,-9999.0,-9999.0,86.2649993896,71.7342460476521,34.0787436614918,249663.0,673243.87,12,8,86.265
NS47SE_143,1,7_5,2.56007390552,-9999.0,-9999.0,-9999.0,86.5360031128,37.8801494605387,25.8247464025164,249674.36,673241.49,12,8,86.536
NS47SE_145,1,7_5,6.32048785177,-9999.0,-9999.0,-9999.0,87.841003418,126.20934750258,46.3717338587628,249923.12,673239.28,12,8,87.841
NS47SE_146,1,7_5,2.27643027426,-9999.0,-9999.0,-9999.0,85.3239974976,30.8877074993646,22.6440509545143,249705.76,673232.92,12,8,85.324
NS47SE_147,1,7_5,6.08853830901,-9999.0,-9999.0,-9999.0,85.2050018311,72.4980450020328,34.2404804479621,249664.9,673233.22,12,8,85.205
NS47SE_148,1,7_5,2.74440683637,-9999.0,-9999.0,-9999.0,85.047996521,38.4447824974118,32.6692250307331,249679.67,673230.52,8,6,85.048
NS47SE_149,1,7_5,4.85519456487,-9999.0,-9999.0,-9999.0,83.2689971924,227.276702336512,71.183335087097,249568.23,673237.6,36,20,83.269
NS47SE_15,1,7_5,6.18241302089,-9999.0,-9999.0,-9999.0,104.002998352,104.69125287645,40.9607956879325,249840.43,673466.81,12,8,104.003
NS47SE_150,1,7_5,4.78810035164,-9999.0,-9999.0,-9999.0,85.9130020142,215.573211526748,67.0371133105947,249778.35,673234.29,36,20,85.913
NS47SE_151,1,7_5,4.06400999382,-9999.0,-9999.0,-9999.0,86.0120010376,105.74739757843,41.3085902130603,249740.34,673230.0,12,8,86.012
NS47SE_152,1,7_5,4.6982632384,-9999.0,-9999.0,-9999.0,82.111000061,193.857420834212,59.992998564282,249803.72,673230.38,28,16,82.111
NS47SE_153,1,7_5,3.61271552639,-9999.0,-9999.0,-9999.0,85.1910018921,224.639866906814,69.7425567021092,249721.51,673227.21,28,16,85.191
NS47SE_154,1,7_5,6.04218543724,-9999.0,-9999.0,-9999.0,84.3560028076,68.8682034354172,33.4272494813644,249666.82,673223.08,12,8,84.356
NS47SE_155,1,7_5,2.69023085132,-9999.0,-9999.0,-9999.0,82.81199646,49.9706850048273,28.3388540074082,249792.73,673221.6,12,8,82.812
NS47SE_156,1,7_5,4.01048555756,-9999.0,-9999.0,-9999.0,83.608001709,665.5397866269,218.814004324835,249628.6,673237.2,116,60,83.608
NS47SE_157,1,7_5,5.58008777679,-9999.0,-9999.0,-9999.0,84.2470016479,170.189878298965,82.7099371432646,249698.16,673222.65,48,26,84.247
NS47SE_158,1,7_5,6.23081919882,-9999.0,-9999.0,-9999.0,83.5049972534,75.5996671443506,34.9017931864465,249671.19,673212.96,12,8,83.505
NS47SE_159,1,7_5,5.2445685682,-9999.0,-9999.0,-9999.0,80.297996521,208.014963741694,61.3512608040571,249581.42,673213.65,32,18,80.298
NS47SE_16,1,7_5,3.70916067144,-9999.0,-9999.0,-9999.0,103.434997559,73.866217831736,35.7191418880462,249757.81,673459.42,12,8,103.435
NS47SE_160,1,7_5,8.29935292139,-9999.0,-9999.0,-9999.0,87.6360015869,840.676783826399,189.937432436688,249969.29,673243.84,80,42,87.636
NS47SE_161,1,7_5,6.71155851479,-9999.0,-9999.0,-9999.0,80.8349990845,311.160513016131,83.371058205749,249833.47,673214.67,36,20,80.835
NS47SE_162,1,7_5,6.66231403224,-9999.0,-9999.0,-9999.0,85.6340026855,233.448784844762,65.647243761198,249923.13,673215.1,24,14,85.634
NS47SE_163,1,7_5,4.53857592201,-9999.0,-9999.0,-9999.0,82.0879974365,206.186361495895,75.616868856766,249636.89,673206.65,52,28,82.088
NS47SE_164,1,7_5,4.09410107991,-9999.0,-9999.0,-9999.0,80.5609970093,109.862315189825,45.0438837327549,249822.76,673199.59,20,12,80.561
NS47SE_165,1,7_5,6.26230665566,-9999.0,-9999.0,-9999.0,84.0100021362,121.614009372677,45.5979243425309,249904.52,673198.93,12,8,84.01
NS47SE_166,1,7_5,5.18376361826,-9999.0,-9999.0,-9999.0,80.7679977417,140.960548135331,56.187855879576,249617.7,673198.47,36,20,80.768
NS47SE_167,1,7_5,4.92920613801,-9999.0,-9999.0,-9999.0,79.9960021973,214.04858620093,65.3689589488611,249597.14,673200.04,32,18,79.996
NS47SE_168,1,7_5,5.98981066887,-9999.0,-9999.0,-9999.0,78.9010009766,220.291500525477,61.4350720035753,249790.37,673198.54,28,16,78.901
NS47SE_169,1,7_5,3.78088539962,-9999.0,-9999.0,-9999.0,78.9599990845,235.902509061093,68.4542155500097,249539.69,673198.88,20,12,78.96
NS47SE_17,1,7_5,6.19429188584,-9999.0,-9999.0,-9999.0,100.119003296,261.067969584792,80.7253135294669,249618.67,673463.32,28,16,100.119
NS47SE_170,1,7_5,6.48969487456,-9999.0,-9999.0,-9999.0,82.6689987183,123.04776079929,45.8035157293296,249886.91,673192.01,12,8,82.669
NS47SE_171,1,7_5,5.31398380728,-9999.0,-9999.0,-9999.0,82.3690032959,115.594372537581,43.1327754490462,249699.85,673190.7,12,8,82.369
NS47SE_172,1,7_5,6.17382269578,-9999.0,-9999.0,-9999.0,81.7350006104,124.334408374736,46.6035663396741,249683.91,673186.03,20,12,81.735
NS47SE_173,1,7_5,2.54827549946,-9999.0,-9999.0,-9999.0,82.0950012207,42.3322537491993,26.0959440742083,249714.38,673183.57,12,8,82.095
NS47SE_175,1,7_5,3.71294878656,-9999.0,-9999.0,-9999.0,82.4899978638,270.138686233103,81.7623909692372,249751.96,673184.85,32,18,82.49
NS47SE_176,1,7_5,3.74688925394,-9999.0,-9999.0,-9999.0,82.4769973755,146.831508457087,50.3842191902692,249726.2,673183.73,20,12,82.477
NS47SE_177,1,7_5,5.62126602153,-9999.0,-9999.0,-9999.0,86.4509963989,210.803486100754,81.6325428426001,249982.55,673186.85,36,20,86.451
NS47SE_178,1,7_5,2.30400309843,-9999.0,-9999.0,-9999.0,82.452003479,35.7140062593398,24.4137509520424,249875.15,673180.46,12,8,82.452
NS47SE_179,1,7_5,4.8908438542,-9999.0,-9999.0,-9999.0,81.3909988403,132.806886432617,50.7682004325889,249669.44,673179.35,36,20,81.391
NS47SE_18,1,7_5,5.67828612253,-9999.0,-9999.0,-9999.0,103.343002319,100.937256828228,44.401229297965,249875.28,673454.2,20,12,103.343
NS47SE_180,1,7_5,5.03867835241,-9999.0,-9999.0,-9999.0,76.5439987183,157.900477801436,51.3230201222554,249570.1,673178.91,20,12,76.544
NS47SE_181,1,7_5,5.9019195076,-9999.0,-9999.0,-9999.0,80.8799972534,137.133675795828,51.625260472461,249652.8,673174.92,28,16,80.88
NS47SE_182,1,7_5,3.05725214341,-9999.0,-9999.0,-9999.0,82.0830001831,43.4821312494537,26.4074454099348,249744.64,673167.6,12,8,82.083
NS47SE_183,1,7_5,4.76317756151,-9999.0,-9999.0,-9999.0,80.216003418,146.41576294699,54.5488567570158,249638.15,673171.1,28,16,80.216
NS47SE_184,1,7_5,5.8274140097,-9999.0,-9999.0,-9999.0,83.3089981079,195.316367957986,64.7656794851695,249938.51,673174.31,36,20,83.309
NS47SE_185,1,7_5,6.34741909662,-9999.0,-9999.0,-9999.0,83.06199646,131.021253861879,47.3088336538235,249904.84,673167.6,12,8,83.062
NS47SE_186,1,7_5,2.78150624562,-9999.0,-9999.0,-9999.0,78.341003418,86.1929740921265,38.2769573247514,249786.97,673165.12,12,8,78.341
NS47SE_187,1,7_5,3.81961180284,-9999.0,-9999.0,-9999.0,78.6910018921,250.167423022326,71.9875572369345,249591.8,673166.94,20,12,78.691
NS47SE_188,1,7_5,5.4797887425,-9999.0,-9999.0,-9999.0,79.2429962158,90.2184712499216,43.1141250832354,249626.53,673164.42,28,16,79.243
NS47SE_189,1,7_5,5.34025408863,-9999.0,-9999.0,-9999.0,81.8899993896,171.831668924617,53.7241204662291,249764.86,673163.61,20,12,81.89
NS47SE_19,1,7_5,5.38972658484,-9999.0,-9999.0,-9999.0,95.1009979248,153.610381128234,49.6186753801331,249544.31,673457.1,12,8,95.101
NS47SE_190,1,7_5,2.47845625542,-9999.0,-9999.0,-9999.0,79.7080001831,37.4317950028477,24.9756853583139,249706.78,673159.27,12,8,79.708
NS47SE_191,1,7_5,2.74275915358,-9999.0,-9999.0,-9999.0,79.1549987793,49.7274000031887,32.0695690270728,249621.28,673155.79,16,10,79.155
NS47SE_192,1,7_5,2.87449097633,-9999.0,-9999.0,-9999.0,80.0070037842,42.865417494367,26.756469187527,249649.16,673155.49,12,8,80.007
NS47SE_193,1,7_5,6.62466417296,-9999.0,-9999.0,-9999.0,81.888999939,213.186250111151,62.2916914964917,249879.64,673156.8,12,8,81.889
NS47SE_194,1,7_5,4.74163050247,-9999.0,-9999.0,-9999.0,78.2259979248,152.094008891372,52.9236707170895,249611.57,673156.4,20,12,78.226
NS47SE_195,1,7_5,6.02641137787,-9999.0,-9999.0,-9999.0,82.0510025024,187.418531154326,62.749642249229,249945.88,673146.97,28,16,82.051
NS47SE_196,1,7_5,3.96820639147,-9999.0,-9999.0,-9999.0,78.6370010376,346.442769429019,90.0578240234176,249802.84,673153.71,44,24,78.637
NS47SE_197,1,7_5,4.71000415257,-9999.0,-9999.0,-9999.0,78.4589996338,144.689794484719,53.1863220544506,249691.63,673145.52,28,16,78.459
NS47SE_198,1,7_5,2.86547439358,-9999.0,-9999.0,-9999.0,78.5459976196,54.5986124962291,29.5821133955109,249598.26,673141.12,12,8,78.546
NS47SE_199,1,7_5,6.05390327999,-9999.0,-9999.0,-9999.0,78.46900177,70.8720959222919,33.8964362007397,249708.74,673141.74,12,8,78.469
NS47SE_20,1,7_5,6.13278196368,-9999.0,-9999.0,-9999.0,104.011001587,107.352925145203,42.348258655717,249841.88,673453.17,20,12,104.011
NS47SE_200,1,7_5,6.18631250395,-9999.0,-9999.0,-9999.0,78.2210006714,70.144374792706,33.7047357970675,249678.12,673140.47,12,8,78.221
NS47SE_201,1,7_5,4.79267146765,-9999.0,-9999.0,-9999.0,77.9759979248,139.481743429052,47.797433325483,249665.65,673138.57,20,12,77.976
NS47SE_202,1,7_5,3.60228709237,-9999.0,-9999.0,-9999.0,78.1796340942,157.458819988546,56.8759362152591,249560.37,673135.8,20,12,78.18
NS47SE_203,1,7_5,2.42740055965,-9999.0,-9999.0,-9999.0,78.047996521,34.6516199989329,23.6596748923574,249650.18,673132.87,12,8,78.048
NS47SE_204,1,7_5,3.8336475105,-9999.0,-9999.0,-9999.0,77.5759963989,233.340651697658,66.4381812920713,249771.14,673135.83,28,16,77.576
NS47SE_205,1,7_5,3.90672712609,-9999.0,-9999.0,-9999.0,77.3970031738,241.213395986557,82.3828931492015,249716.82,673133.38,36,20,77.397
NS47SE_206,1,7_5,4.46982130321,-9999.0,-9999.0,-9999.0,76.8050003052,265.13658944195,81.0044011991848,249743.99,673130.54,28,16,76.805
NS47SE_209,1,7_5,6.32267080623,-9999.0,-9999.0,-9999.0,77.2689971924,574.548225685007,136.470739017952,249896.74,673128.9,12,8,77.269
NS47SE_21,1,7_5,4.04625736676,-9999.0,-9999.0,-9999.0,101.551002502,580.608043773243,142.179570235094,249685.76,673464.12,68,36,101.551
NS47SE_22,1,7_5,6.1862362665,-9999.0,-9999.0,-9999.0,97.9270019531,133.01263603873,47.970285362956,249587.43,673450.94,20,12,97.927
NS47SE_23,1,7_5,6.40049135851,-9999.0,-9999.0,-9999.0,104.399002075,93.875107626991,38.8150160240737,249822.95,673447.46,12,8,104.399
NS47SE_24,1,7_5,5.6155268646,-9999.0,-9999.0,-9999.0,102.945999146,246.652921756265,92.0771198385943,249804.08,673444.84,52,28,102.946
NS47SE_25,1,7_5,4.50249135639,-9999.0,-9999.0,-9999.0,98.9810028076,234.575132047956,88.5739266798141,249638.11,673448.03,52,28,98.981
NS47SE_26,1,7_5,6.47613024578,-9999.0,-9999.0,-9999.0,102.65599823,93.704966847513,38.7995926362607,249786.95,673441.35,12,8,102.656
NS47SE_27,1,7_5,2.73386977023,-9999.0,-9999.0,-9999.0,96.8339996338,41.1273487476232,29.9689917449924,249585.88,673439.29,20,12,96.834
NS47SE_28,1,7_5,5.01270048768,-9999.0,-9999.0,-9999.0,93.2109985352,188.972516889214,62.3812179506744,249534.55,673442.15,40,22,93.211
NS47SE_29,1,7_5,5.72736977728,-9999.0,-9999.0,-9999.0,100.93699646,156.885473199621,51.9106044962108,249773.26,673439.62,20,12,100.937
NS47SE_30,1,7_5,6.65304408755,-9999.0,-9999.0,-9999.0,97.6800003052,115.823678092121,43.2247969155751,249600.03,673438.67,12,8,97.68
NS47SE_31,1,7_5,6.08296566369,-9999.0,-9999.0,-9999.0,103.694999695,139.198702501433,46.3908142960869,249873.05,673438.72,16,10,103.695
NS47SE_32,1,7_5,5.60040179862,-9999.0,-9999.0,-9999.0,100.768997192,160.020054790206,55.3775700882894,249759.31,673438.15,28,16,100.769
NS47SE_33,1,7_5,4.77146910996,-9999.0,-9999.0,-9999.0,101.073997498,311.481832196997,94.3699393854732,249742.1,673443.97,44,24,101.074
NS47SE_34,1,7_5,3.51124056421,-9999.0,-9999.0,-9999.0,103.771003723,51.1690274949978,28.7028987018913,249859.02,673434.75,12,8,103.771
NS47SE_35,1,7_5,3.79042659228,-9999.0,-9999.0,-9999.0,99.6490020752,161.682726564734,56.2887505356439,249696.86,673434.31,28,16,99.649
NS47SE_36,1,7_5,5.6518804035,-9999.0,-9999.0,-9999.0,97.7620010376,139.5544223304,48.1805579763622,249645.2,673429.91,20,12,97.762
NS47SE_37,1,7_5,5.70012133394,-9999.0,-9999.0,-9999.0,96.2119979858,156.179744136793,51.8276087161373,249610.98,673424.76,20,12,96.212
NS47SE_39,1,7_5,5.67007334639,-9999.0,-9999.0,-9999.0,103.376998901,143.343636945233,51.907678319202,249846.96,673418.71,20,12,103.377
NS47SE_40,1,7_5,6.44066782984,-9999.0,-9999.0,-9999.0,92.8030014038,110.075470148687,42.2814514153213,249557.97,673418.14,12,8,92.803
NS47SE_41,1,7_5,7.04133224487,-9999.0,-9999.0,-9999.0,102.504997253,77.8551954089491,35.3412824717074,249820.33,673413.3,12,8,102.505
NS47SE_42,1,7_5,4.65774381648,-9999.0,-9999.0,-9999.0,96.5240020752,145.109910116298,49.2897197255469,249649.75,673414.23,20,12,96.524
NS47SE_43,1,7_5,6.87688825021,-9999.0,-9999.0,-9999.0,101.998001099,81.2945642113016,36.4807861139443,249808.35,673412.35,12,8,101.998
NS47SE_44,1,7_5,5.80165573962,-9999.0,-9999.0,-9999.0,102.542999268,111.538098469595,43.2383281588691,249832.21,673413.13,12,8,102.543
NS47SE_45,1,7_5,6.44849176592,-9999.0,-9999.0,-9999.0,95.5759963989,122.014842328056,44.3962941481455,249618.45,673410.96,12,8,95.576
NS47SE_46,1,7_5,6.32030940465,-9999.0,-9999.0,-9999.0,101.260002136,93.6667425033845,45.2711888376605,249796.41,673407.94,24,14,101.26
NS47SE_47,1,7_5,4.69778358979,-9999.0,-9999.0,-9999.0,90.3659973145,148.37839887557,52.1670953844282,249518.94,673405.03,28,16,90.366
NS47SE_48,1,7_5,6.04341090844,-9999.0,-9999.0,-9999.0,100.589996338,260.866654930952,107.564844206813,249776.5,673407.95,52,28,100.59
NS47SE_49,1,7_5,4.87834441833,-9999.0,-9999.0,-9999.0,92.0599975586,181.634495492427,66.3584736458011,249568.39,673406.91,36,20,92.06
NS47SE_50,1,7_5,6.14956730201,-9999.0,-9999.0,-9999.0,94.7129974365,73.0314494960226,34.4108093728825,249622.99,673398.64,12,8,94.713
NS47SE_51,1,7_5,4.50588043531,-9999.0,-9999.0,-9999.0,95.516998291,151.499335560569,64.030356885042,249655.91,673400.5,36,20,95.517
NS47SE_52,1,7_5,6.18744395942,-9999.0,-9999.0,-9999.0,97.6800003052,139.537441783056,49.9050478855251,249747.04,673398.38,28,16,97.68
NS47SE_53,1,7_5,3.65465618046,-9999.0,-9999.0,-9999.0,95.9769973755,389.193711535203,127.455838669542,249694.73,673406.01,84,44,95.977
NS47SE_54,1,7_5,5.49414295661,-9999.0,-9999.0,-9999.0,90.2730026245,133.250494796592,50.5899460934018,249534.71,673397.13,28,16,90.273
NS47SE_55,1,7_5,3.33930664062,-9999.0,-9999.0,-9999.0,97.8870010376,55.206236245832,29.8201084717021,249758.33,673389.41,12,8,97.887
NS47SE_56,1,7_5,6.03935832782,-9999.0,-9999.0,-9999.0,94.0869979858,80.4366141549329,36.0335788858116,249625.71,673388.27,12,8,94.087
NS47SE_57,1,7_5,5.41260453362,-9999.0,-9999.0,-9999.0,95.2310028076,160.474103689144,54.1946311307162,249706.9,673385.17,28,16,95.231
NS47SE_58,1,7_5,6.45817009539,-9999.0,-9999.0,-9999.0,89.3880004883,122.643476493762,44.4617377944243,249547.51,673383.04,16,10,89.388
NS47SE_59,1,7_5,5.08662485259,-9999.0,-9999.0,-9999.0,90.2870025635,287.343422874449,91.8742394517968,249580.26,673383.83,52,28,90.287
NS47SE_6,1,7_5,5.24380083658,-9999.0,-9999.0,-9999.0,99.0120010376,115.295880810603,43.0655233265116,249583.43,673488.79,12,8,99.012
NS47SE_60,1,7_5,5.87961331008,-9999.0,-9999.0,-9999.0,94.7730026245,355.586222030452,128.114545531076,249787.27,673377.22,80,42,94.773
NS47SE_61,1,7_5,5.95679138471,-9999.0,-9999.0,-9999.0,94.9120025635,140.833056252644,49.7586339602052,249753.05,673367.76,28,16,94.912
NS47SE_62,1,7_5,4.77791225446,-9999.0,-9999.0,-9999.0,92.2279968262,237.086817646803,99.3698375173646,249625.56,673371.23,52,28,92.228
NS47SE_63,1,7_5,6.00929999398,-9999.0,-9999.0,-9999.0,88.141998291,133.48017468653,51.7996319954533,249555.62,673367.96,28,16,88.142
NS47SE_64,1,7_5,2.22601785233,-9999.0,-9999.0,-9999.0,90.4199981689,20.7847200045959,22.7506955653329,249604.07,673363.27,8,6,90.42
NS47SE_65,1,7_5,5.63289213325,-9999.0,-9999.0,-9999.0,89.3219985962,86.1434273830943,38.9109679082933,249587.32,673362.61,20,12,89.322
NS47SE_66,1,7_5,6.20419353485,-9999.0,-9999.0,-9999.0,93.3529968262,104.930975143198,41.997181469039,249829.47,673363.91,20,12,93.353
NS47SE_67,1,7_5,4.05179194824,-9999.0,-9999.0,-9999.0,93.013999939,417.19065699272,151.939113392911,249663.34,673376.81,76,40,93.014
NS47SE_68,1,7_5,3.4820569296,-9999.0,-9999.0,-9999.0,94.8499984741,57.8663239733251,30.4295211231763,249766.86,673359.56,12,8,94.85
NS47SE_69,1,7_5,2.36767678891,-9999.0,-9999.0,-9999.0,92.1600036621,29.1208087490655,25.9061450916165,249853.91,673355.59,8,6,92.16
NS47SE_7,1,7_5,3.5365270409,-9999.0,-9999.0,-9999.0,103.297996521,244.815605803215,92.6975839878947,249644.81,673487.43,44,24,103.298
NS47SE_70,1,7_5,3.69702672434,-9999.0,-9999.0,-9999.0,91.1455001831,151.834915280233,68.6739415778955,249625.6,673355.48,36,20,91.145
NS47SE_71,1,7_5,4.05943787871,-9999.0,-9999.0,-9999.0,92.9899978638,226.489259241917,86.8694088108169,249707.29,673361.4,44,24,92.99
NS47SE_72,1,7_5,4.87963551741,-9999.0,-9999.0,-9999.0,92.0370025635,134.566209875911,46.4038965490734,249665.25,673351.24,12,8,92.037
NS47SE_73,1,7_5,4.87089165097,-9999.0,-9999.0,-9999.0,87.2649993896,133.324498849255,49.0723960083674,249557.35,673350.11,20,12,87.265
NS47SE_74,1,7_5,6.26690451464,-9999.0,-9999.0,-9999.0,92.2730026245,104.538706895161,47.2253810465738,249832.91,673350.45,20,12,92.273
NS47SE_75,1,7_5,4.90574651854,-9999.0,-9999.0,-9999.0,88.6019973755,138.689978696104,49.5981590577909,249590.69,673347.66,20,12,88.602
NS47SE_77,1,7_5,3.13243237466,-9999.0,-9999.0,-9999.0,91.2789993286,61.366950858226,31.3714512968944,249770.13,673344.6,12,8,91.279
NS47SE_78,1,7_5,2.04266239569,-9999.0,-9999.0,-9999.0,89.5090026855,34.340486239228,27.3876684765957,249604.33,673343.06,20,12,89.509
NS47SE_79,1,7_5,4.07800510644,-9999.0,-9999.0,-9999.0,91.0130004883,91.5608252692967,38.9379446240845,249634.4,673344.45,12,8,91.013
NS47SE_8,1,7_5,3.04114668804,-9999.0,-9999.0,-9999.0,105.973999023,151.218287587183,54.882128135135,249732.69,673485.53,36,20,105.974
NS47SE_80,1,7_5,6.24615393259,-9999.0,-9999.0,-9999.0,91.0250015259,93.0844022774326,41.5294687175105,249805.98,673344.67,20,12,91.025
NS47SE_81,1,7_5,4.78952300171,-9999.0,-9999.0,-9999.0,92.1220016479,207.229724973685,59.1086170800703,249713.36,673343.77,12,8,92.122
NS47SE_82,1,7_5,5.77471640078,-9999.0,-9999.0,-9999.0,90.5240020752,136.524408728598,47.5090858722953,249878.7,673340.92,12,8,90.524
NS47SE_83,1,7_5,4.41561160617,-9999.0,-9999.0,-9999.0,90.6149978638,106.651171473491,41.9323496575478,249863.84,673337.79,12,8,90.615
NS47SE_84,1,7_5,6.42994894375,-9999.0,-9999.0,-9999.0,91.0989990234,96.5084393239998,39.3409037427925,249795.18,673338.67,12,8,91.099
NS47SE_85,1,7_5,6.3179290695,-9999.0,-9999.0,-9999.0,91.2580032349,105.910823366144,41.8841074890103,249835.12,673337.46,20,12,91.258
NS47SE_86,1,7_5,2.9744599708,-9999.0,-9999.0,-9999.0,92.1790008545,68.3420215996029,33.2968206319569,249694.88,673334.42,12,8,92.179
NS47SE_87,1,7_5,2.71366496839,-9999.0,-9999.0,-9999.0,89.7539978027,28.6372312552228,24.8495590685419,249612.88,673333.05,8,6,89.754
NS47SE_88,1,7_5,2.12970916748,-9999.0,-9999.0,-9999.0,91.6179962158,29.4978449983266,26.2296110689408,249706.28,673330.39,8,6,91.618
NS47SE_89,1,7_5,6.2338469575,-9999.0,-9999.0,-9999.0,90.68699646,104.078961797864,41.8190347832051,249782.3,673334.24,20,12,90.687
NS47SE_9,1,7_5,5.11607333592,-9999.0,-9999.0,-9999.0,102.217002869,103.361711707706,40.6667882027006,249628.03,673482.15,12,8,102.217
NS47SE_90,1,7_5,6.25111063091,-9999.0,-9999.0,-9999.0,94.2630004883,124.530717135193,48.0190559674197,249992.69,673333.2,28,16,94.263
NS47SE_91,1,7_5,5.65642963651,-9999.0,-9999.0,-9999.0,90.0199966431,170.553947295353,55.6559185699904,249635.09,673332.55,28,16,90.02
NS47SE_92,1,7_5,5.86779391191,-9999.0,-9999.0,-9999.0,88.3050003052,135.17249295475,48.7453466865747,249593.84,673332.86,20,12,88.305
NS47SE_94,1,7_5,5.17000742476,-9999.0,-9999.0,-9999.0,92.0889968872,199.579936242897,60.066067400311,249761.84,673331.55,28,16,92.089
NS47SE_95,1,7_5,3.40718330493,-9999.0,-9999.0,-9999.0,91.1179962158,323.463350090036,120.347197725987,249673.73,673336.26,68,36,91.118
NS47SE_96,1,7_5,5.56120941679,-9999.0,-9999.0,-9999.0,86.3529968262,80.2306830630814,35.8624321736723,249565.31,673326.22,12,8,86.353
NS47SE_97,1,7_5,3.31322710747,-9999.0,-9999.0,-9999.0,90.3170013428,103.460088577255,47.8201308282627,249883.13,673327.38,24,14,90.317
NS47SE_98,1,7_5,2.37418109179,-9999.0,-9999.0,-9999.0,91.1539993286,33.3301949977078,24.493532979079,249681.99,673322.1,12,8,91.154
NS47SE_99,1,7_5,5.77771889898,-9999.0,-9999.0,-9999.0,93.0,150.373820629111,54.611624870123,249973.6,673324.79,28,16,93.0
