uid,lod,cell,height,height_max,height_min,height_pct90,ground_z,footprint_area,footprint_length,centre_e,centre_n,n_triangles,n_vertices,zmin_odn
NS66NE_4445,1,0_-1,2.82197685847,-9999.0,-9999.0,-9999.0,41.1747589111,77.1629206581432,39.981313224387,265113.96,664999.78,20,12,41.175
NS66NE_4446,1,0_-1,5.2693211395,-9999.0,-9999.0,-9999.0,42.6290016174,240.735179972343,62.0758135595243,265167.05,664998.99,12,8,42.629
NS66NE_4447,1,0_-1,10.3848943559,-9999.0,-9999.0,-9999.0,43.0509986877,2349.67728543816,456.212321002814,265254.11,664999.53,44,24,43.051
NS66NE_3759,1,0_0,4.78963653199,-9999.0,-9999.0,-9999.0,76.0790023804,41.1597377761967,26.6369392927325,265427.22,665619.45,12,8,76.079
NS66NE_3811,1,0_0,7.99022308945,-9999.0,-9999.0,-9999.0,75.3394317627,8549.90456990052,653.577289140672,265477.41,665590.64,152,78,75.339
NS66NE_3840,1,0_0,7.48530842482,-9999.0,-9999.0,-9999.0,72.577003479,270.124126528905,74.3173357566219,265125.43,665556.09,28,16,72.577
NS66NE_3844,1,0_0,7.39106216944,-9999.0,-9999.0,-9999.0,72.5989990234,265.509964928935,73.8061658756531,265158.46,665554.92,28,16,72.599
NS66NE_3849,1,0_0,4.00819616859,-9999.0,-9999.0,-9999.0,73.2519989014,180.407322116256,58.1424034798513,265278.6,665544.81,20,12,73.252
NS66NE_3852,1,0_0,13.1835450394,-9999.0,-9999.0,-9999.0,73.2620010376,1015.93066028621,210.939513520513,265068.4,665557.12,36,20,73.262
NS66NE_3884,1,0_0,3.37304508443,-9999.0,-9999.0,-9999.0,76.2129974365,74.9405823162683,35.7994154519302,265005.64,665520.67,12,8,76.213
NS66NE_3890,1,0_0,8.37204905476,-9999.0,-9999.0,-9999.0,72.6650009155,1334.60924879524,173.306963430788,265189.93,665547.04,20,12,72.665
NS66NE_3893,1,0_0,7.43334618393,-9999.0,-9999.0,-9999.0,72.31300354,268.255087152971,73.788304757262,265124.39,665525.1,28,16,72.313
NS66NE_3898,1,0_0,7.39793299357,-9999.0,-9999.0,-9999.0,72.2760009766,271.185041911855,74.4333272352608,265156.72,665524.01,28,16,72.276
NS66NE_3934,1,0_0,7.37069002225,-9999.0,-9999.0,-9999.0,71.7630004883,258.891246896543,73.2056219231382,265122.79,665494.15,28,16,71.763
NS66NE_3935,1,0_0,6.26205340514,-9999.0,-9999.0,-9999.0,72.7269973755,1104.88973357651,144.453546510682,265312.21,665500.73,28,16,72.727
NS66NE_3939,1,0_0,7.67471923087,-9999.0,-9999.0,-9999.0,71.3059997559,263.211285887229,73.9728536534305,265155.57,665492.95,28,16,71.306
NS66NE_3956,1,0_0,6.17623976501,-9999.0,-9999.0,-9999.0,71.7689971924,3194.71566736889,278.088594018108,265378.57,665494.16,52,28,71.769
NS66NE_3958,1,0_0,6.42623400286,-9999.0,-9999.0,-9999.0,70.9560012817,4726.37745039256,305.87394096304,265577.84,665492.35,44,24,70.956
NS66NE_3978,1,0_0,7.48092351147,-9999.0,-9999.0,-9999.0,71.2409973145,269.961000405781,74.9260080490378,265121.31,665463.11,28,16,71.241
NS66NE_3982,1,0_0,7.70007516056,-9999.0,-9999.0,-9999.0,69.9840011597,269.706889293396,73.4543217973842,265154.32,665461.95,20,12,69.984
NS66NE_3989,1,0_0,7.98281984931,-9999.0,-9999.0,-9999.0,71.6839981079,668.382224707416,152.4232753967,265080.58,665462.55,36,20,71.684
NS66NE_3994,1,0_0,2.57481739309,-9999.0,-9999.0,-9999.0,69.7300033569,53.8715437509594,29.6324104119716,265150.82,665443.01,12,8,69.73
NS66NE_4014,1,0_0,9.73665708251,-9999.0,-9999.0,-9999.0,69.8529968262,1297.4146626626,260.189192376391,265059.46,665418.94,12,8,69.853
NS66NE_4020,1,0_0,2.44112780102,-9999.0,-9999.0,-9999.0,68.4250030518,165.466954201965,66.0721442917756,265618.0,665413.22,28,16,68.425
NS66NE_4035,1,0_0,13.05091715,-9999.0,-9999.0,-9999.0,66.9160003662,678.007507484745,150.539621655662,265073.67,665384.11,28,16,66.916
NS66NE_4036,1,0_0,7.35656962025,-9999.0,-9999.0,-9999.0,64.9499969482,9013.52521813589,871.508975075252,265469.0,665402.61,172,88,64.95
NS66NE_4038,1,0_0,7.62745429863,-9999.0,-9999.0,-9999.0,66.7119979858,2259.89682213348,291.759952957461,265168.93,665399.18,84,42,66.712
NS66NE_4094,1,0_0,6.13217471508,-9999.0,-9999.0,-9999.0,56.5870018005,135.279269292132,48.6921896045526,265074.5,665288.07,12,8,56.587
NS66NE_4095,1,0_0,6.12436133669,-9999.0,-9999.0,-9999.0,58.0830001831,132.593044926921,48.0534939554746,265016.71,665287.74,12,8,58.083
NS66NE_4096,1,0_0,6.20591158167,-9999.0,-9999.0,-9999.0,56.6500015259,154.448893021847,58.0174166362326,265054.92,665290.4,28,16,56.65
NS66NE_4102,1,0_0,5.78578352101,-9999.0,-9999.0,-9999.0,56.8370018005,170.168438415364,74.3920234516341,265033.09,665284.04,28,16,56.837
NS66NE_4105,1,0_0,6.13234049384,-9999.0,-9999.0,-9999.0,55.4020004272,137.96770267599,49.0152824295137,265095.98,665281.05,12,8,55.402
NS66NE_4110,1,0_0,6.00224240385,-9999.0,-9999.0,-9999.0,52.7610015869,136.164621088894,48.5789060695698,265209.78,665266.12,12,8,52.761
NS66NE_4111,1,0_0,6.00982062204,-9999.0,-9999.0,-9999.0,52.7309989929,134.896396586693,48.4090586562501,265229.65,665265.75,12,8,52.731
NS66NE_4112,1,0_0,6.04026661279,-9999.0,-9999.0,-9999.0,52.0060005188,135.338015287113,48.5102539119206,265273.26,665265.04,12,8,52.006
NS66NE_4113,1,0_0,6.28101352538,-9999.0,-9999.0,-9999.0,51.9280014038,134.865859295021,48.4036357165685,265293.05,665264.81,12,8,51.928
NS66NE_4116,1,0_0,5.96408178606,-9999.0,-9999.0,-9999.0,52.4029998779,139.951878953463,49.7194971149175,265253.0,665265.06,20,12,52.403
NS66NE_4117,1,0_0,6.12632008069,-9999.0,-9999.0,-9999.0,53.03099823,133.307315840572,48.2219468293302,265353.27,665263.71,12,8,53.031
NS66NE_4120,1,0_0,5.97317369705,-9999.0,-9999.0,-9999.0,54.091999054,137.169270257882,48.8142530821801,265398.49,665262.9,12,8,54.092
NS66NE_4121,1,0_0,6.09123226388,-9999.0,-9999.0,-9999.0,53.6300010681,138.752835578132,49.0543506390554,265375.82,665263.27,12,8,53.63
NS66NE_4123,1,0_0,6.13299738662,-9999.0,-9999.0,-9999.0,54.841999054,134.167432111436,48.4168442713057,265443.75,665262.17,12,8,54.842
NS66NE_4125,1,0_0,6.26973499415,-9999.0,-9999.0,-9999.0,54.5569992065,134.507811037098,48.3208781789363,265421.24,665262.3,12,8,54.557
NS66NE_4131,1,0_0,5.66813564638,-9999.0,-9999.0,-9999.0,52.6150016785,147.846802657248,50.5724568377394,265186.35,665260.85,20,12,52.615
NS66NE_4132,1,0_0,6.05554610423,-9999.0,-9999.0,-9999.0,53.547000885,133.749979068838,48.176464873847,265099.45,665260.46,12,8,53.547
NS66NE_4134,1,0_0,6.14473583134,-9999.0,-9999.0,-9999.0,53.5660018921,133.291247434044,48.2026610305296,265052.26,665256.54,12,8,53.566
NS66NE_4136,1,0_0,2.5977796307,-9999.0,-9999.0,-9999.0,52.2569999695,36.3860775009545,26.1634523755506,265205.12,665252.02,12,8,52.257
NS66NE_4138,1,0_0,6.23656223438,-9999.0,-9999.0,-9999.0,54.6539993286,136.375491006509,48.6709899281702,265466.13,665255.72,12,8,54.654
NS66NE_4140,1,0_0,2.15780205455,-9999.0,-9999.0,-9999.0,51.0769996643,30.836280001652,22.4433864042424,265260.44,665247.26,12,8,51.077
NS66NE_4141,1,0_0,6.33786804083,-9999.0,-9999.0,-9999.0,50.8190002441,134.547964368358,48.3884558879273,265308.4,665251.84,12,8,50.819
NS66NE_4142,1,0_0,6.36960893981,-9999.0,-9999.0,-9999.0,50.716999054,134.853458252135,48.3108425095377,265336.37,665250.15,12,8,50.717
NS66NE_4143,1,0_0,2.15376452037,-9999.0,-9999.0,-9999.0,53.4339981079,32.115468748236,26.5429637053289,265456.06,665241.79,8,6,53.434
NS66NE_4144,1,0_0,6.24375969605,-9999.0,-9999.0,-9999.0,53.0390014648,133.444239739607,48.3278803319156,265004.34,665245.91,12,8,53.039
NS66NE_4146,1,0_0,6.10599419512,-9999.0,-9999.0,-9999.0,52.7280006409,142.649150794943,53.2712309340048,265033.76,665244.99,20,12,52.728
NS66NE_4150,1,0_0,6.21745892651,-9999.0,-9999.0,-9999.0,50.6500015259,136.035533687233,48.6699528069896,265229.24,665237.17,12,8,50.65
NS66NE_4151,1,0_0,6.06337944394,-9999.0,-9999.0,-9999.0,50.4589996338,134.077545516425,48.3404352757266,265252.34,665236.8,12,8,50.459
NS66NE_4154,1,0_0,6.19637220985,-9999.0,-9999.0,-9999.0,51.9440002441,134.363634872669,48.3557099072732,265097.99,665239.97,12,8,51.944
NS66NE_4155,1,0_0,6.0928842143,-9999.0,-9999.0,-9999.0,52.0359992981,136.876140097138,52.3023491063466,265069.49,665240.58,20,12,52.036
NS66NE_4156,1,0_0,6.07356822621,-9999.0,-9999.0,-9999.0,49.8686676025,139.165899618798,49.034365493966,265272.37,665236.5,12,8,49.869
NS66NE_4158,1,0_0,6.32055328919,-9999.0,-9999.0,-9999.0,49.4589996338,134.849875160289,48.4589196108546,265292.24,665236.14,12,8,49.459
NS66NE_4160,1,0_0,5.99085674033,-9999.0,-9999.0,-9999.0,48.8170013428,133.859637880321,48.2233728630174,265351.34,665235.09,12,8,48.817
NS66NE_4161,1,0_0,6.20828034496,-9999.0,-9999.0,-9999.0,48.9659996033,136.405067065096,48.6970736549735,265371.65,665234.68,12,8,48.966
NS66NE_4162,1,0_0,6.08312062451,-9999.0,-9999.0,-9999.0,49.1660003662,138.4636460245,49.0405095822318,265391.89,665234.42,12,8,49.166
NS66NE_4163,1,0_0,6.07620553116,-9999.0,-9999.0,-9999.0,49.6669998169,138.692111742075,49.1601689974906,265412.15,665234.14,12,8,49.667
NS66NE_4164,1,0_0,6.11995428176,-9999.0,-9999.0,-9999.0,51.0299987793,135.119694820344,48.4242122265216,265180.01,665236.99,12,8,51.03
NS66NE_4165,1,0_0,2.27999316321,-9999.0,-9999.0,-9999.0,51.1380004883,21.6290700022156,21.9190238823,265089.51,665228.7,8,6,51.138
NS66NE_4166,1,0_0,6.14686510435,-9999.0,-9999.0,-9999.0,52.7610015869,139.809479359921,49.3549157680028,265471.35,665233.41,12,8,52.761
NS66NE_4170,1,0_0,6.25307601668,-9999.0,-9999.0,-9999.0,50.1679992676,136.427362534886,48.7570000055011,265212.9,665226.82,12,8,50.168
NS66NE_4173,1,0_0,2.20549590012,-9999.0,-9999.0,-9999.0,50.3930015564,32.4177337488159,28.8085513814846,265190.25,665221.76,16,10,50.393
NS66NE_4176,1,0_0,5.90236800584,-9999.0,-9999.0,-9999.0,50.7960014343,145.699786740275,51.0006062057267,265035.84,665224.31,12,8,50.796
NS66NE_4177,1,0_0,5.68097629847,-9999.0,-9999.0,-9999.0,49.4039993286,198.392061965829,64.7784394634631,265430.57,665225.6,28,16,49.404
NS66NE_4178,1,0_0,2.19310914902,-9999.0,-9999.0,-9999.0,49.9996643066,24.3374024999837,22.8553005914561,265012.76,665217.11,8,6,50.0
NS66NE_4179,1,0_0,6.15889167434,-9999.0,-9999.0,-9999.0,50.5859985352,142.57000100871,49.420520964299,265063.95,665221.56,12,8,50.586
NS66NE_4180,1,0_0,6.08997211385,-9999.0,-9999.0,-9999.0,49.952999115,140.582044624399,49.8548183056124,265178.87,665217.34,20,12,49.953
NS66NE_4182,1,0_0,5.22788006442,-9999.0,-9999.0,-9999.0,49.9150009155,193.901937503651,75.8951199169251,265092.08,665218.0,36,20,49.915
NS66NE_4185,1,0_0,6.42469714596,-9999.0,-9999.0,-9999.0,48.4269981384,135.534714743792,48.5407623454498,265320.61,665208.52,12,8,48.427
NS66NE_4186,1,0_0,6.16155825528,-9999.0,-9999.0,-9999.0,51.3160018921,138.463793038034,49.0173080454591,265471.06,665211.71,12,8,51.316
NS66NE_4188,1,0_0,6.17163539965,-9999.0,-9999.0,-9999.0,48.5449981689,134.653281196984,48.3609177499653,265300.76,665206.76,12,8,48.545
NS66NE_4191,1,0_0,6.20732693222,-9999.0,-9999.0,-9999.0,49.1920013428,137.250236582213,48.8683254985493,265212.23,665207.92,12,8,49.192
NS66NE_4193,1,0_0,6.22939423683,-9999.0,-9999.0,-9999.0,47.5069999695,138.10045372315,48.7556475477529,265339.87,665205.13,12,8,47.507
NS66NE_4195,1,0_0,6.18877107813,-9999.0,-9999.0,-9999.0,48.313999176,138.892420240746,48.9941640531159,265427.62,665204.64,12,8,48.314
NS66NE_4196,1,0_0,6.26564549493,-9999.0,-9999.0,-9999.0,48.7719993591,135.564271834852,48.3405363512123,265034.36,665203.37,12,8,48.772
NS66NE_4198,1,0_0,2.14709923973,-9999.0,-9999.0,-9999.0,48.7280006409,22.0772325029784,21.9515526707547,265198.5,665196.04,8,6,48.728
NS66NE_4199,1,0_0,6.29187744485,-9999.0,-9999.0,-9999.0,48.8709983826,134.521201523227,48.3840115133722,265062.39,665201.16,12,8,48.871
NS66NE_4201,1,0_0,6.13110741573,-9999.0,-9999.0,-9999.0,48.3180007935,134.889692212601,48.3489755502488,265281.94,665199.86,12,8,48.318
NS66NE_4202,1,0_0,6.13322755204,-9999.0,-9999.0,-9999.0,48.9970016479,134.401923610825,48.3951368164636,265095.07,665198.92,12,8,48.997
NS66NE_4205,1,0_0,6.16327651919,-9999.0,-9999.0,-9999.0,48.8518180847,131.799458995274,47.8595581098993,265177.09,665197.61,12,8,48.852
NS66NE_4206,1,0_0,5.62011533649,-9999.0,-9999.0,-9999.0,46.5260009766,182.143295935443,58.1591831738508,265356.39,665197.42,20,12,46.526
NS66NE_4210,1,0_0,5.96205278335,-9999.0,-9999.0,-9999.0,47.5660018921,134.743499021907,48.3479319175232,265014.79,665190.75,12,8,47.566
NS66NE_4211,1,0_0,6.15493142672,-9999.0,-9999.0,-9999.0,50.0149993896,136.543452024632,48.5807216598681,265470.91,665189.7,12,8,50.015
NS66NE_4213,1,0_0,5.70674072242,-9999.0,-9999.0,-9999.0,48.0620002747,168.11145653595,60.9846691412048,265210.67,665189.56,36,20,48.062
NS66NE_4214,1,0_0,5.56600841362,-9999.0,-9999.0,-9999.0,48.0349998474,171.999124410219,57.0650044109508,265267.1,665188.67,20,12,48.035
NS66NE_4219,1,0_0,6.12248577403,-9999.0,-9999.0,-9999.0,47.1129989624,139.604912561568,49.2506125643971,265425.38,665185.95,12,8,47.113
NS66NE_4220,1,0_0,6.43569278542,-9999.0,-9999.0,-9999.0,45.6990013123,138.702135178872,49.0411896287595,265373.12,665184.92,12,8,45.699
NS66NE_4222,1,0_0,2.72148138412,-9999.0,-9999.0,-9999.0,48.1699981689,50.1071287469136,29.4304443066076,265454.97,665176.76,12,8,48.17
NS66NE_4223,1,0_0,6.31050596757,-9999.0,-9999.0,-9999.0,47.2449989319,145.352395019603,49.748004969439,265061.28,665180.77,12,8,47.245
NS66NE_4224,1,0_0,2.32464649113,-9999.0,-9999.0,-9999.0,47.3709983826,32.3688375029723,23.1874616378006,265196.98,665175.97,12,8,47.371
NS66NE_4226,1,0_0,6.16889585897,-9999.0,-9999.0,-9999.0,47.5,134.314980879425,48.3446397969265,265093.83,665178.47,12,8,47.5
NS66NE_4227,1,0_0,6.30395193229,-9999.0,-9999.0,-9999.0,47.5839996338,134.612753791529,48.2041457348422,265175.96,665177.96,12,8,47.584
NS66NE_4228,1,0_0,6.12834616268,-9999.0,-9999.0,-9999.0,47.2369995117,136.453735195583,48.5355962996095,265319.24,665174.62,12,8,47.237
NS66NE_4233,1,0_0,6.14451529139,-9999.0,-9999.0,-9999.0,47.2820014954,141.33907216561,49.3961157544221,265252.59,665173.22,12,8,47.282
NS66NE_4235,1,0_0,5.96998922355,-9999.0,-9999.0,-9999.0,47.2490005493,141.618707940889,54.5789585011357,265300.94,665170.86,20,12,47.249
NS66NE_4236,1,0_0,5.25804258276,-9999.0,-9999.0,-9999.0,46.9749984741,184.661687035482,59.2514951481131,265210.77,665170.74,20,12,46.975
NS66NE_4237,1,0_0,6.15526604834,-9999.0,-9999.0,-9999.0,46.5530014038,133.240520668807,48.1186838595438,265338.46,665169.43,12,8,46.553
NS66NE_4239,1,0_0,5.9810406238,-9999.0,-9999.0,-9999.0,46.6940002441,138.593422939786,48.9888968599816,265076.54,665165.89,12,8,46.694
NS66NE_4240,1,0_0,6.27083701455,-9999.0,-9999.0,-9999.0,44.8600006104,137.181583933059,48.8158260646964,265384.9,665169.02,12,8,44.86
NS66NE_4241,1,0_0,6.22760509377,-9999.0,-9999.0,-9999.0,48.5550003052,135.883040114146,48.5916425533026,265470.68,665168.04,12,8,48.555
NS66NE_4242,1,0_0,5.44421339515,-9999.0,-9999.0,-9999.0,45.7620010376,178.531405296287,60.6164076539356,265427.8,665167.1,20,12,45.762
NS66NE_4244,1,0_0,2.25489338335,-9999.0,-9999.0,-9999.0,46.7099990845,47.2201725006268,33.3513572445741,265443.76,665162.96,16,10,46.71
NS66NE_4252,1,0_0,6.26290709067,-9999.0,-9999.0,-9999.0,46.783000946,131.004081644826,47.7805560754513,265174.43,665158.44,12,8,46.783
NS66NE_4253,1,0_0,6.11379846174,-9999.0,-9999.0,-9999.0,46.5890007019,135.907719816694,48.5872205235532,265283.9,665158.74,12,8,46.589
NS66NE_4254,1,0_0,6.12553566605,-9999.0,-9999.0,-9999.0,45.4480018616,136.284815725096,48.5800602731147,265353.27,665156.01,12,8,45.448
NS66NE_4259,1,0_0,6.18186784015,-9999.0,-9999.0,-9999.0,46.1800003052,135.108899175501,48.4580719382673,265210.69,665151.07,12,8,46.18
NS66NE_4260,1,0_0,6.05357810013,-9999.0,-9999.0,-9999.0,46.6049995422,133.363195736688,48.1554610230411,265021.92,665146.87,12,8,46.605
NS66NE_4261,1,0_0,6.27421401695,-9999.0,-9999.0,-9999.0,44.7599983215,139.133716950341,48.9799758972109,265425.4,665148.52,12,8,44.76
NS66NE_4262,1,0_0,6.10748349537,-9999.0,-9999.0,-9999.0,45.7989997864,135.332034773102,48.6275298765343,265191.72,665143.54,12,8,45.799
NS66NE_4266,1,0_0,5.61709618016,-9999.0,-9999.0,-9999.0,45.3149986267,337.232677256975,122.048939554667,265257.06,665148.23,68,36,45.315
NS66NE_4268,1,0_0,6.13559351432,-9999.0,-9999.0,-9999.0,44.4710006714,136.112699271616,48.6278381951225,265368.34,665139.02,12,8,44.471
NS66NE_4269,1,0_0,5.18917577512,-9999.0,-9999.0,-9999.0,44.1150016785,167.675096131001,59.0137552961961,265388.5,665145.01,20,12,44.115
NS66NE_4270,1,0_0,5.90987119756,-9999.0,-9999.0,-9999.0,46.7550010681,149.26536731024,53.1275472965527,265466.47,665142.98,28,16,46.755
NS66NE_4272,1,0_0,6.17947260539,-9999.0,-9999.0,-9999.0,45.1749992371,137.081609086879,48.7743994671721,265444.04,665136.79,12,8,45.175
NS66NE_4276,1,0_0,6.02848782872,-9999.0,-9999.0,-9999.0,45.9710006714,135.204434919581,48.4753384643617,265061.1,665132.17,12,8,45.971
NS66NE_4285,1,0_0,5.97766318688,-9999.0,-9999.0,-9999.0,45.6349983215,137.423155372299,48.7229441172156,265080.3,665126.38,12,8,45.635
NS66NE_4292,1,0_0,6.07179610641,-9999.0,-9999.0,-9999.0,45.6170005798,139.040223107242,49.357206231052,265100.16,665122.05,12,8,45.617
NS66NE_4293,1,0_0,2.63304852891,-9999.0,-9999.0,-9999.0,45.7490005493,24.7629375020126,23.0911258892799,265069.5,665119.09,8,6,45.749
NS66NE_4298,1,0_0,6.12294495985,-9999.0,-9999.0,-9999.0,45.1049995422,136.139263047624,48.4604567919202,265159.4,665115.75,12,8,45.105
NS66NE_4299,1,0_0,6.09806407582,-9999.0,-9999.0,-9999.0,44.9659996033,138.674987218096,49.2166374115948,265179.8,665115.17,12,8,44.966
NS66NE_4301,1,0_0,6.09399031159,-9999.0,-9999.0,-9999.0,44.7420005798,136.957508754879,48.9302810405813,265257.81,665113.18,12,8,44.742
NS66NE_4303,1,0_0,5.74045253622,-9999.0,-9999.0,-9999.0,46.341999054,117.972197311681,44.3660749712762,265029.96,665115.51,12,8,46.342
NS66NE_4304,1,0_0,6.15941714529,-9999.0,-9999.0,-9999.0,44.6069984436,137.24480451708,48.8289375103082,265277.29,665112.67,12,8,44.607
NS66NE_4306,1,0_0,6.04966307141,-9999.0,-9999.0,-9999.0,43.5900001526,134.192427885965,48.2448180466548,265352.98,665110.65,12,8,43.59
NS66NE_4308,1,0_0,6.0885805372,-9999.0,-9999.0,-9999.0,43.3650016785,136.25012272758,48.6476757417164,265372.0,665110.14,12,8,43.365
NS66NE_4309,1,0_0,6.25797783701,-9999.0,-9999.0,-9999.0,44.1870002747,133.020620134286,48.0944337232768,265435.34,665108.51,12,8,44.187
NS66NE_4312,1,0_0,5.98024703304,-9999.0,-9999.0,-9999.0,44.8559989929,136.853404139736,48.7407737168576,265455.77,665107.99,12,8,44.856
NS66NE_4313,1,0_0,6.11655571082,-9999.0,-9999.0,-9999.0,43.1539993286,137.181159090314,49.0536200562571,265392.51,665106.6,12,8,43.154
NS66NE_4314,1,0_0,6.00959271801,-9999.0,-9999.0,-9999.0,43.4020004272,136.634562687973,48.796268958635,265411.15,665106.11,12,8,43.402
NS66NE_4317,1,0_0,6.01570742765,-9999.0,-9999.0,-9999.0,44.3959999084,140.393586375811,49.3284219265817,265298.37,665108.02,12,8,44.396
NS66NE_4321,1,0_0,6.10951489121,-9999.0,-9999.0,-9999.0,43.6879997253,135.993079799327,48.5722366207739,265334.36,665107.01,12,8,43.688
NS66NE_4323,1,0_0,5.88115495875,-9999.0,-9999.0,-9999.0,44.9090003967,139.526963325074,49.0063784802729,265217.27,665102.4,12,8,44.909
NS66NE_4324,1,0_0,6.1614528144,-9999.0,-9999.0,-9999.0,44.8050003052,137.719574547006,48.7060133054861,265198.63,665102.59,12,8,44.805
NS66NE_4326,1,0_0,5.95690168377,-9999.0,-9999.0,-9999.0,44.7220001221,141.485604157249,49.2236171251048,265240.29,665101.5,12,8,44.722
NS66NE_4329,1,0_0,3.72667852053,-9999.0,-9999.0,-9999.0,45.5359992981,182.151364084283,58.5792924166402,265061.04,665103.71,12,8,45.536
NS66NE_4331,1,0_0,5.81190512284,-9999.0,-9999.0,-9999.0,45.8899993896,116.272397543837,44.1092558515472,265029.87,665099.04,12,8,45.89
NS66NE_4332,1,0_0,2.47434079765,-9999.0,-9999.0,-9999.0,45.2700004578,52.1529412535314,33.7493884865917,265078.9,665093.21,12,8,45.27
NS66NE_4335,1,0_0,2.11517574047,-9999.0,-9999.0,-9999.0,43.9039993286,32.1576337559699,28.2767800710586,265282.76,665091.94,8,6,43.904
NS66NE_4337,1,0_0,2.62034383573,-9999.0,-9999.0,-9999.0,44.6739997864,39.6073387576146,26.2011297362008,265225.63,665092.2,12,8,44.674
NS66NE_4344,1,0_0,5.65481114847,-9999.0,-9999.0,-9999.0,44.8030014038,119.518092227306,44.6859938660082,265113.48,665089.01,12,8,44.803
NS66NE_4346,1,0_0,6.16733750085,-9999.0,-9999.0,-9999.0,44.0890007019,135.099900570539,48.5205001001483,265469.78,665089.16,12,8,44.089
NS66NE_4353,1,0_0,3.55218122861,-9999.0,-9999.0,-9999.0,44.5519981384,127.631094669392,54.1617046437769,265226.69,665076.6,12,8,44.552
NS66NE_4354,1,0_0,2.50000371252,-9999.0,-9999.0,-9999.0,44.1629981995,32.2975762504286,26.0108743190794,265242.15,665076.34,8,6,44.163
NS66NE_4355,1,0_0,5.01453779903,-9999.0,-9999.0,-9999.0,44.6879997253,159.099223813284,58.360137965368,265034.73,665081.67,28,16,44.688
NS66NE_4356,1,0_0,6.11674748265,-9999.0,-9999.0,-9999.0,43.9370002747,131.542148890581,47.9255361245342,265257.25,665077.03,12,8,43.937
NS66NE_4358,1,0_0,6.06608254772,-9999.0,-9999.0,-9999.0,43.7060012817,136.733764438992,48.6947746810858,265276.53,665076.45,12,8,43.706
NS66NE_4359,1,0_0,5.97008447719,-9999.0,-9999.0,-9999.0,43.8400001526,134.688892746748,48.5248038534756,265297.36,665079.97,12,8,43.84
NS66NE_4360,1,0_0,5.93816028497,-9999.0,-9999.0,-9999.0,42.1879997253,140.003929042897,49.1624809638832,265392.76,665075.87,12,8,42.188
NS66NE_4361,1,0_0,6.16130919785,-9999.0,-9999.0,-9999.0,42.8979988098,136.487784848815,48.5481083806914,265333.64,665078.59,12,8,42.898
NS66NE_4362,1,0_0,6.0575309172,-9999.0,-9999.0,-9999.0,42.2109985352,137.29943533726,48.7802085785415,265412.18,665075.38,12,8,42.211
NS66NE_4364,1,0_0,6.15499294888,-9999.0,-9999.0,-9999.0,42.7659988403,133.777383387652,48.3278947198364,265353.75,665074.07,12,8,42.766
NS66NE_4367,1,0_0,6.04721390389,-9999.0,-9999.0,-9999.0,42.4020004272,138.039818212643,48.8913538839653,265373.2,665073.37,12,8,42.402
NS66NE_4369,1,0_0,6.13459771403,-9999.0,-9999.0,-9999.0,42.4140014648,136.954890222691,48.8117884332111,265435.43,665071.71,12,8,42.414
NS66NE_4371,1,0_0,5.97360808496,-9999.0,-9999.0,-9999.0,42.7130012512,132.740910628579,48.0246035639333,265455.23,665071.01,12,8,42.713
NS66NE_4374,1,0_0,3.70314870011,-9999.0,-9999.0,-9999.0,44.3310012817,233.766144100711,67.9594047699568,265064.77,665078.26,16,10,44.331
NS66NE_4375,1,0_0,5.00710857183,-9999.0,-9999.0,-9999.0,44.2900009155,157.858687439639,53.414322948945,265107.1,665069.64,12,8,44.29
NS66NE_4377,1,0_0,4.16855802573,-9999.0,-9999.0,-9999.0,44.3199996948,132.431849056,46.0362273248726,265195.74,665070.73,12,8,44.32
NS66NE_4379,1,0_0,3.72656834884,-9999.0,-9999.0,-9999.0,44.0250015259,181.437747806407,61.2791071512923,265085.07,665066.95,28,16,44.025
NS66NE_4389,1,0_0,6.98044350194,-9999.0,-9999.0,-9999.0,44.7340011597,489.792250132953,113.132135801546,265152.61,665072.86,44,24,44.734
NS66NE_4391,1,0_0,5.8246676464,-9999.0,-9999.0,-9999.0,44.0559997559,115.963685670384,43.9772784501235,265006.72,665058.64,12,8,44.056
NS66NE_4392,1,0_0,3.62864335159,-9999.0,-9999.0,-9999.0,43.7760009766,184.802052122565,62.7392934904519,265029.85,665059.57,28,16,43.776
NS66NE_4409,1,0_0,5.84297834715,-9999.0,-9999.0,-9999.0,42.6949996948,116.49532663178,44.1338808022073,265100.22,665040.06,12,8,42.695
NS66NE_4415,1,0_0,5.77110424491,-9999.0,-9999.0,-9999.0,42.4850006104,124.682021879559,45.7844364694272,265084.24,665037.75,20,12,42.485
NS66NE_4417,1,0_0,6.72314474247,-9999.0,-9999.0,-9999.0,44.0680007935,154.290573321055,50.227435789328,265157.06,665037.21,24,14,44.068
NS66NE_4420,1,0_0,5.01423769832,-9999.0,-9999.0,-9999.0,43.0130004883,172.653373838489,62.828929876938,265122.69,665036.14,44,24,43.013
NS66NE_4422,1,0_0,3.77125713772,-9999.0,-9999.0,-9999.0,42.1240005493,173.089420720743,57.4658669568611,265033.94,665030.42,12,8,42.124
NS66NE_4424,1,0_0,3.38105219568,-9999.0,-9999.0,-9999.0,44.1590003967,90.71651014971,38.7378129056106,265187.31,665029.1,20,12,44.159
NS66NE_4428,1,0_0,5.28352032568,-9999.0,-9999.0,-9999.0,42.1010017395,138.714106668262,51.5023222040401,265011.69,665024.33,20,12,42.101
NS66NE_4433,1,0_0,5.98882600631,-9999.0,-9999.0,-9999.0,43.2560005188,201.386149961067,59.216493126859,265162.45,665019.14,28,16,43.256
NS66NE_4435,1,0_0,5.66475424003,-9999.0,-9999.0,-9999.0,41.186000824,118.022877235551,45.4017389022905,265076.54,665017.25,20,12,41.186
NS66NE_4436,1,0_0,2.23128753238,-9999.0,-9999.0,-9999.0,43.013999939,20.3655900031752,22.1079647986467,265175.18,665011.91,8,6,43.014
NS66NE_4439,1,0_0,9.7401349425,-9999.0,-9999.0,-9999.0,42.3009986877,1330.98611757588,194.4260755464,265521.44,665039.38,60,32,42.301
NS66NE_4440,1,0_0,6.89984741466,-9999.0,-9999.0,-9999.0,41.9939994812,230.619065265388,74.2199438153148,265125.97,665014.16,52,28,41.994
NS66NE_4443,1,0_0,3.74890635969,-9999.0,-9999.0,-9999.0,41.0489997864,171.285244359708,55.7876345199264,265049.47,665008.96,20,12,41.049
NS66NE_4444,1,0_0,5.86424019703,-9999.0,-9999.0,-9999.0,40.5270004272,106.815056483923,42.0764376668815,265079.66,665000.98,12,8,40.527
NS66NE_4448,1,0_0,10.3316744515,-9999.0,-9999.0,-9999.0,42.7410011292,1902.06374529639,376.0080309641,265333.48,665005.67,48,26,42.741
NS66NE_4449,1,0_0,7.12543336959,-9999.0,-9999.0,-9999.0,41.9650001526,272.227140273255,79.1909715070163,265395.72,665005.2,20,12,41.965
NS66NE_3187,1,0_1,9.29957898595,-9999.0,-9999.0,-9999.0,79.8769989014,609.267354239722,157.784485422611,265443.35,666236.17,12,8,79.877
NS66NE_3190,1,0_1,9.23489152551,-9999.0,-9999.0,-9999.0,79.9749984741,463.813565745336,123.187659848004,265378.9,666229.48,12,8,79.975
NS66NE_3196,1,0_1,6.07706211272,-9999.0,-9999.0,-9999.0,79.9140014648,545.071040411603,114.739841068643,265321.75,666232.97,12,8,79.914
NS66NE_3200,1,0_1,10.0773845525,-9999.0,-9999.0,-9999.0,79.6510009766,1296.52330408044,262.892282783084,265580.73,666246.75,36,20,79.651
NS66NE_3408,1,0_1,3.59755750399,-9999.0,-9999.0,-9999.0,88.1309967041,355.06361895023,76.4320027227602,265398.0,666005.08,12,8,88.131
NS66NE_3412,1,0_1,3.55737402357,-9999.0,-9999.0,-9999.0,88.0130004883,347.010343412112,76.0713735342339,265431.01,666006.0,20,12,88.013
NS66NE_3413,1,0_1,6.6578567089,-9999.0,-9999.0,-9999.0,78.2200012207,147.749405360235,51.0130448134079,265125.03,666001.26,12,8,78.22
NS66NE_3416,1,0_1,3.43900808652,-9999.0,-9999.0,-9999.0,83.716003418,359.558967325214,98.3592345345458,265253.62,665999.43,36,20,83.716
NS66NE_3418,1,0_1,3.53067732446,-9999.0,-9999.0,-9999.0,83.7559967041,65.6582995682435,44.5113472303014,265295.2,665994.48,28,16,83.756
NS66NE_3421,1,0_1,4.46807673242,-9999.0,-9999.0,-9999.0,83.7040023804,80.6743128129717,41.8240024154372,265281.71,665993.18,28,16,83.704
NS66NE_3424,1,0_1,7.24327808352,-9999.0,-9999.0,-9999.0,78.3720016479,247.219988598803,68.2782279207519,265101.92,665994.97,12,8,78.372
NS66NE_3430,1,0_1,6.69090130549,-9999.0,-9999.0,-9999.0,78.2880020142,166.50775472445,54.765210877315,265079.01,665987.66,20,12,78.288
NS66NE_3435,1,0_1,6.9956898123,-9999.0,-9999.0,-9999.0,78.3079986572,148.330068842158,51.1213492893101,265059.88,665981.38,12,8,78.308
NS66NE_3439,1,0_1,5.13836504863,-9999.0,-9999.0,-9999.0,83.9150009155,52.270469983814,29.0715999957174,265296.51,665973.75,12,8,83.915
NS66NE_3440,1,0_1,3.51910217826,-9999.0,-9999.0,-9999.0,88.3799972534,341.970273038321,74.8051221251796,265430.82,665980.74,12,8,88.38
NS66NE_3443,1,0_1,7.32480142189,-9999.0,-9999.0,-9999.0,78.6859970093,242.212173566164,68.2622138205206,265036.88,665975.02,12,8,78.686
NS66NE_3445,1,0_1,6.82651797917,-9999.0,-9999.0,-9999.0,78.8840026855,147.4384486394,50.8990574169699,265013.92,665967.43,12,8,78.884
NS66NE_3447,1,0_1,7.1625980353,-9999.0,-9999.0,-9999.0,78.2929992676,238.761930299983,67.3661531562271,265109.98,665965.97,12,8,78.293
NS66NE_3449,1,0_1,4.93435333134,-9999.0,-9999.0,-9999.0,83.9680023193,66.8372603073431,35.4964460158299,265295.96,665961.6,20,12,83.968
NS66NE_3452,1,0_1,6.72887036554,-9999.0,-9999.0,-9999.0,78.3369979858,146.612111283124,50.778433138684,265086.71,665959.59,12,8,78.337
NS66NE_3453,1,0_1,6.9903530006,-9999.0,-9999.0,-9999.0,79.0,156.300184215669,52.5409589849822,265132.03,665961.0,12,8,79.0
NS66NE_3457,1,0_1,3.73932052173,-9999.0,-9999.0,-9999.0,83.8519973755,219.620228937936,93.5246463585671,265239.8,665969.92,36,20,83.852
NS66NE_3459,1,0_1,3.47047111145,-9999.0,-9999.0,-9999.0,88.7679977417,351.038807598531,75.7413143189184,265430.53,665955.86,12,8,88.768
NS66NE_3460,1,0_1,5.96235202365,-9999.0,-9999.0,-9999.0,78.591003418,172.521832536331,56.8673369453831,265067.27,665952.25,20,12,78.591
NS66NE_3462,1,0_1,6.53845350331,-9999.0,-9999.0,-9999.0,78.7990036011,146.409894430364,50.7328394412851,265046.96,665947.52,12,8,78.799
NS66NE_3463,1,0_1,3.61922819536,-9999.0,-9999.0,-9999.0,89.3316650391,183.100583577836,55.7652777637587,265501.85,665946.19,12,8,89.332
NS66NE_3464,1,0_1,2.45827475361,-9999.0,-9999.0,-9999.0,93.5780029297,45.0183135134005,30.5066432887408,265578.75,665944.5,20,12,93.578
NS66NE_3467,1,0_1,3.31693429077,-9999.0,-9999.0,-9999.0,83.9359970093,497.716910526553,116.302886007218,265280.17,665956.94,44,24,83.936
NS66NE_3468,1,0_1,3.49367893968,-9999.0,-9999.0,-9999.0,83.9570007324,136.580790241842,53.6044544915483,265297.01,665945.02,12,8,83.957
NS66NE_3469,1,0_1,7.10980170955,-9999.0,-9999.0,-9999.0,79.763999939,149.675480324222,51.2495828428391,265139.6,665941.67,12,8,79.764
NS66NE_3472,1,0_1,3.78124176347,-9999.0,-9999.0,-9999.0,83.9319992065,792.514565430014,190.455225909657,265258.46,665954.89,92,48,83.932
NS66NE_3473,1,0_1,7.06832761581,-9999.0,-9999.0,-9999.0,79.3499984741,236.476090348636,67.1830148247959,265015.38,665937.37,12,8,79.35
NS66NE_3478,1,0_1,10.1896320116,-9999.0,-9999.0,-9999.0,80.2929992676,228.516929234198,63.225021651241,265094.05,665928.77,12,8,80.293
NS66NE_3479,1,0_1,3.55021359023,-9999.0,-9999.0,-9999.0,83.888999939,117.315747600019,48.721031329784,265312.93,665927.46,12,8,83.889
NS66NE_3480,1,0_1,4.17212124384,-9999.0,-9999.0,-9999.0,83.7819976807,430.692988331231,145.083769004132,265269.04,665922.41,36,20,83.782
NS66NE_3484,1,0_1,7.13164953634,-9999.0,-9999.0,-9999.0,81.0960006714,148.116098576211,50.9739228749834,265146.96,665922.84,12,8,81.096
NS66NE_3489,1,0_1,4.87360223949,-9999.0,-9999.0,-9999.0,80.1620025635,361.021277754363,88.5796366027326,265078.9,665917.45,20,12,80.162
NS66NE_3492,1,0_1,6.72226383658,-9999.0,-9999.0,-9999.0,82.6360015869,148.837241824809,51.2043882858484,265154.39,665903.72,12,8,82.636
NS66NE_3493,1,0_1,10.0194851003,-9999.0,-9999.0,-9999.0,80.9970016479,440.721606604344,100.793242697055,265119.56,665912.44,12,8,80.997
NS66NE_3495,1,0_1,7.12775867603,-9999.0,-9999.0,-9999.0,81.327003479,237.704958672872,67.4432497265354,265062.45,665899.57,12,8,81.327
NS66NE_3496,1,0_1,6.63646259602,-9999.0,-9999.0,-9999.0,80.6039962769,147.232824825364,50.8754908088526,265012.93,665899.76,12,8,80.604
NS66NE_3499,1,0_1,7.28739101003,-9999.0,-9999.0,-9999.0,81.0090026855,237.969482490221,67.3812682948385,265036.2,665891.12,12,8,81.009
NS66NE_3504,1,0_1,7.02306219463,-9999.0,-9999.0,-9999.0,83.3489990234,242.848681723014,67.588242012413,265127.21,665877.96,12,8,83.349
NS66NE_3505,1,0_1,7.02407616295,-9999.0,-9999.0,-9999.0,84.0920028687,240.506372609573,67.5869385936373,265163.31,665877.73,12,8,84.092
NS66NE_3506,1,0_1,9.34316800575,-9999.0,-9999.0,-9999.0,92.5709991455,3264.31604967186,254.773808567356,265578.44,665900.92,48,26,92.571
NS66NE_3507,1,0_1,5.74781492504,-9999.0,-9999.0,-9999.0,88.4469985962,3627.03480154771,268.560125163528,265410.97,665899.31,44,24,88.447
NS66NE_3512,1,0_1,11.1070287546,-9999.0,-9999.0,-9999.0,81.6790008545,612.729994930522,134.101456239177,265059.46,665864.47,28,16,81.679
NS66NE_3515,1,0_1,6.60733316081,-9999.0,-9999.0,-9999.0,84.1600036621,149.727420148266,51.2365005882091,265169.47,665855.14,12,8,84.16
NS66NE_3517,1,0_1,5.53263801735,-9999.0,-9999.0,-9999.0,89.6029968262,3242.3629804098,307.205800882823,265498.38,665879.89,108,56,89.603
NS66NE_3520,1,0_1,2.56891990727,-9999.0,-9999.0,-9999.0,93.4250030518,90.7128312671646,41.0056204213624,265550.16,665849.43,28,16,93.425
NS66NE_3525,1,0_1,7.39361514075,-9999.0,-9999.0,-9999.0,83.6940002441,238.036470740523,67.2746001120613,265137.35,665852.01,12,8,83.694
NS66NE_3527,1,0_1,6.56819219847,-9999.0,-9999.0,-9999.0,84.8280029297,149.954742769992,51.2193560784779,265157.58,665836.01,12,8,84.828
NS66NE_3532,1,0_1,10.4857656073,-9999.0,-9999.0,-9999.0,83.3880004883,896.333893661765,182.352618140754,265086.11,665847.01,40,22,83.388
NS66NE_3534,1,0_1,13.3486642722,-9999.0,-9999.0,-9999.0,81.2180023193,667.212936417886,141.499926178078,265013.91,665827.83,12,8,81.218
NS66NE_3572,1,0_1,12.4024811125,-9999.0,-9999.0,-9999.0,84.2109985352,1178.59483909071,238.588911544782,265017.54,665789.3,36,20,84.211
NS66NE_3577,1,0_1,7.70159235122,-9999.0,-9999.0,-9999.0,88.4779968262,822.974611681474,116.289870499606,265366.76,665783.12,12,8,88.478
NS66NE_3584,1,0_1,26.3020252284,-9999.0,-9999.0,-9999.0,86.8300018311,560.686318525697,94.7154960293831,265162.04,665775.86,12,8,86.83
NS66NE_3603,1,0_1,7.86070036986,-9999.0,-9999.0,-9999.0,87.1470031738,426.772888830968,83.7938722447813,265366.75,665754.22,12,8,87.147
NS66NE_3604,1,0_1,7.44285172762,-9999.0,-9999.0,-9999.0,87.3369979858,369.813217786337,76.9246652583002,265415.12,665753.27,12,8,87.337
NS66NE_3608,1,0_1,8.15456795415,-9999.0,-9999.0,-9999.0,87.7379989624,2459.33528657871,218.419477397646,265435.0,665769.76,36,20,87.738
NS66NE_3610,1,0_1,6.15584160941,-9999.0,-9999.0,-9999.0,87.6569976807,3400.05126478959,263.708448269979,265541.98,665766.79,36,20,87.657
NS66NE_3644,1,0_1,2.53527160645,-9999.0,-9999.0,-9999.0,85.1230010986,33.5279999990938,24.8212823496937,265277.33,665719.54,12,8,85.123
NS66NE_3646,1,0_1,4.31965010415,-9999.0,-9999.0,-9999.0,84.1220016479,74.6263583194018,34.7028425320696,265012.16,665720.87,12,8,84.122
NS66NE_3653,1,0_1,6.18012059268,-9999.0,-9999.0,-9999.0,82.8939971924,4898.76996410135,499.547522270604,265291.67,665753.92,108,56,82.894
NS66NE_3688,1,0_1,4.49110464589,-9999.0,-9999.0,-9999.0,81.31199646,160.823508381912,51.4705022250731,265262.99,665688.36,12,8,81.312
NS66NE_3717,1,0_1,7.28675274365,-9999.0,-9999.0,-9999.0,82.6279983521,1035.70381408905,128.72946848654,265564.02,665680.03,12,8,82.628
NS66NE_3719,1,0_1,6.46980577437,-9999.0,-9999.0,-9999.0,79.6600036621,2134.31568330616,191.668890816613,265367.48,665690.41,20,12,79.66
NS66NE_3722,1,0_1,5.45124690823,-9999.0,-9999.0,-9999.0,82.6360015869,2440.64512997008,215.115056453888,265512.37,665688.72,44,24,82.636
NS66NE_3768,1,0_1,8.4844771344,-9999.0,-9999.0,-9999.0,77.2929992676,2316.41685575517,257.145646367163,265101.27,665632.84,52,28,77.293
NS66NE_2438,1,0_2,5.89605382696,-9999.0,-9999.0,-9999.0,101.278999329,1081.76976473717,201.866341316546,265276.45,666867.96,12,8,101.279
NS66NE_2447,1,0_2,6.09454288255,-9999.0,-9999.0,-9999.0,102.88999939,283.533859986393,78.0435049568555,265526.45,666851.47,20,12,102.89
NS66NE_2448,1,0_2,6.03345946006,-9999.0,-9999.0,-9999.0,96.4800033569,520.045028124913,115.093924029075,265170.72,666868.09,12,8,96.48
NS66NE_2451,1,0_2,5.82626238666,-9999.0,-9999.0,-9999.0,102.927001953,130.736423802438,52.0275087045478,265562.3,666850.27,28,16,102.927
NS66NE_2453,1,0_2,6.02345481695,-9999.0,-9999.0,-9999.0,102.842002869,283.099038773386,94.5648882771451,265494.98,666849.42,52,28,102.842
NS66NE_2454,1,0_2,6.15640184873,-9999.0,-9999.0,-9999.0,102.465995789,310.758317975177,98.4043517700798,265456.73,666855.26,60,32,102.466
NS66NE_2458,1,0_2,4.73803337771,-9999.0,-9999.0,-9999.0,102.659446716,215.300123566921,73.8622930270785,265578.59,666847.57,36,20,102.659
NS66NE_2460,1,0_2,5.92264011928,-9999.0,-9999.0,-9999.0,103.970001221,627.523608434743,132.265285995793,265362.9,666844.97,12,8,103.97
NS66NE_2466,1,0_2,6.08693928938,-9999.0,-9999.0,-9999.0,101.693000793,247.130120240598,72.2993604849637,265600.19,666842.56,32,18,101.693
NS66NE_2471,1,0_2,9.19180310379,-9999.0,-9999.0,-9999.0,102.542999268,320.038800796913,89.7250297950924,265424.13,666841.52,12,8,102.543
NS66NE_2472,1,0_2,6.01259510009,-9999.0,-9999.0,-9999.0,101.68800354,440.341620943214,97.8416062508218,265212.65,666839.91,12,8,101.688
NS66NE_2474,1,0_2,6.68366123941,-9999.0,-9999.0,-9999.0,101.041999817,108.692203277962,41.7663968661461,265555.14,666827.46,12,8,101.042
NS66NE_2477,1,0_2,6.48005133016,-9999.0,-9999.0,-9999.0,100.624000549,117.541860155137,44.8274074949557,265483.66,666826.08,20,12,100.624
NS66NE_2481,1,0_2,9.12293695202,-9999.0,-9999.0,-9999.0,104.464996338,470.22455662648,113.509188828022,265290.22,666827.01,44,24,104.465
NS66NE_2482,1,0_2,6.31596023578,-9999.0,-9999.0,-9999.0,100.294998169,220.056991708536,68.5894127721587,265458.75,666827.98,36,20,100.295
NS66NE_2483,1,0_2,6.07614576905,-9999.0,-9999.0,-9999.0,100.379997253,172.880085736343,54.4637128900446,265531.02,666825.6,20,12,100.38
NS66NE_2490,1,0_2,5.92336053608,-9999.0,-9999.0,-9999.0,100.677001953,123.94066380392,46.6576441451015,265598.75,666821.26,20,12,100.677
NS66NE_2492,1,0_2,9.48276621696,-9999.0,-9999.0,-9999.0,95.1930007935,666.269695665429,148.355899932897,265072.74,666842.81,56,30,95.193
NS66NE_2495,1,0_2,1.86304578279,-9999.0,-9999.0,-9999.0,100.127998352,24.8311199983501,20.8854423497896,265520.53,666813.6,12,8,100.128
NS66NE_2496,1,0_2,9.57161433579,-9999.0,-9999.0,-9999.0,93.0019989014,666.750302169181,149.231471795074,265025.39,666839.02,44,24,93.002
NS66NE_2499,1,0_2,6.00781146055,-9999.0,-9999.0,-9999.0,99.7959976196,387.468835793917,90.8193265655636,265171.46,666818.62,12,8,99.796
NS66NE_2505,1,0_2,6.4517521209,-9999.0,-9999.0,-9999.0,99.8010025024,111.226779071629,42.2424967665931,265621.07,666809.16,12,8,99.801
NS66NE_2508,1,0_2,6.27111146109,-9999.0,-9999.0,-9999.0,99.1910018921,108.260971852848,41.6812923945374,265530.46,666807.17,12,8,99.191
NS66NE_2509,1,0_2,6.54705374581,-9999.0,-9999.0,-9999.0,99.5759963989,263.624400780091,78.3891796822624,265574.14,666814.55,36,20,99.576
NS66NE_2510,1,0_2,9.49937437578,-9999.0,-9999.0,-9999.0,96.5749969482,693.129949374914,158.538817398795,265116.9,666828.08,60,32,96.575
NS66NE_2511,1,0_2,6.42206320669,-9999.0,-9999.0,-9999.0,99.3339996338,131.751495250998,48.9499056722649,265600.63,666805.03,28,16,99.334
NS66NE_2514,1,0_2,6.21338955836,-9999.0,-9999.0,-9999.0,99.5579986572,307.904379941897,108.854533879843,265504.02,666810.82,60,32,99.558
NS66NE_2516,1,0_2,2.8247956496,-9999.0,-9999.0,-9999.0,100.679000854,22.697534997303,21.851325167703,265437.72,666795.56,8,6,100.679
NS66NE_2517,1,0_2,6.10732063429,-9999.0,-9999.0,-9999.0,98.5110015869,220.920217246935,66.5029864448615,265460.1,666802.32,32,18,98.511
NS66NE_2522,1,0_2,9.3173624426,-9999.0,-9999.0,-9999.0,105.763999939,467.381778322689,113.743316231459,265318.25,666803.59,44,24,105.764
NS66NE_2524,1,0_2,6.15413347997,-9999.0,-9999.0,-9999.0,97.5220031738,143.085247218173,53.8955082320135,265530.45,666788.23,44,24,97.522
NS66NE_2525,1,0_2,6.90367366035,-9999.0,-9999.0,-9999.0,97.9175033569,110.190477202484,42.0604910927148,265554.57,666786.26,12,8,97.918
NS66NE_2529,1,0_2,9.23554335677,-9999.0,-9999.0,-9999.0,106.694999695,469.505965122515,113.899542946245,265286.23,666785.9,44,24,106.695
NS66NE_2530,1,0_2,6.47481367537,-9999.0,-9999.0,-9999.0,97.7949981689,206.109515144555,66.0007209741471,265573.65,666788.88,32,18,97.795
NS66NE_2531,1,0_2,6.36449649482,-9999.0,-9999.0,-9999.0,97.7900009155,130.419852590748,46.2366775341085,265459.51,666782.06,20,12,97.79
NS66NE_2534,1,0_2,6.31417537206,-9999.0,-9999.0,-9999.0,97.4270019531,92.3875971559429,40.4750082795715,265483.14,666780.99,20,12,97.427
NS66NE_2538,1,0_2,6.16379891872,-9999.0,-9999.0,-9999.0,104.185997009,251.452713233359,65.9951856180583,265219.42,666785.19,12,8,104.186
NS66NE_2540,1,0_2,6.48412824187,-9999.0,-9999.0,-9999.0,97.1330032349,228.929375810692,67.9370005640347,265599.96,666783.45,28,16,97.133
NS66NE_2544,1,0_2,6.27997150118,-9999.0,-9999.0,-9999.0,97.9290008545,198.739411647686,63.6731286871877,265503.64,666779.43,28,16,97.929
NS66NE_2552,1,0_2,5.77774160594,-9999.0,-9999.0,-9999.0,96.4729995728,128.892899241093,48.0138626040131,265530.03,666771.68,24,14,96.473
NS66NE_2554,1,0_2,6.07671889675,-9999.0,-9999.0,-9999.0,104.195999146,699.054917373934,142.877906335334,265350.77,666789.19,12,8,104.196
NS66NE_2562,1,0_2,6.19250063935,-9999.0,-9999.0,-9999.0,101.281997681,527.589999537615,113.652207226313,265187.95,666765.11,12,8,101.282
NS66NE_2566,1,0_2,5.98676930014,-9999.0,-9999.0,-9999.0,102.583000183,740.604510219046,150.672300036362,265387.74,666787.69,20,12,102.583
NS66NE_2567,1,0_2,5.73555356221,-9999.0,-9999.0,-9999.0,96.7369995117,797.651530132405,124.463381846571,265080.6,666772.59,12,8,96.737
NS66NE_2570,1,0_2,9.28316555553,-9999.0,-9999.0,-9999.0,101.361000061,623.970755420991,158.638219029037,265423.91,666785.19,12,8,101.361
NS66NE_2575,1,0_2,6.0902021213,-9999.0,-9999.0,-9999.0,94.9810028076,490.706110114115,126.444226210332,265508.32,666752.06,60,32,94.981
NS66NE_2576,1,0_2,6.01608793075,-9999.0,-9999.0,-9999.0,94.71900177,520.759940112941,132.614648823692,265573.99,666751.12,44,24,94.719
NS66NE_2577,1,0_2,9.172129191,-9999.0,-9999.0,-9999.0,106.527999878,465.492172557325,113.485070655952,265251.89,666764.36,44,24,106.528
NS66NE_2581,1,0_2,6.33031666762,-9999.0,-9999.0,-9999.0,97.1989974976,212.840409827441,63.0286805259595,265456.12,666752.59,12,8,97.199
NS66NE_2589,1,0_2,6.08375389641,-9999.0,-9999.0,-9999.0,98.9710006714,495.209615610079,110.173640768319,265136.98,666757.73,36,20,98.971
NS66NE_2597,1,0_2,9.19067247142,-9999.0,-9999.0,-9999.0,107.069999695,459.919862945327,112.166874522095,265281.9,666737.36,44,24,107.07
NS66NE_2613,1,0_2,6.14192044442,-9999.0,-9999.0,-9999.0,95.8830032349,75.3086704820366,34.728231819542,265500.63,666723.0,12,8,95.883
NS66NE_2614,1,0_2,6.38718794073,-9999.0,-9999.0,-9999.0,96.2935028076,117.956000776644,44.0525653862587,265485.32,666722.38,12,8,96.293
NS66NE_2615,1,0_2,7.03439910382,-9999.0,-9999.0,-9999.0,94.9042816162,63.5438305436767,32.3937607134517,265534.28,666722.44,12,8,94.904
NS66NE_2616,1,0_2,3.4963445095,-9999.0,-9999.0,-9999.0,94.8939971924,39.0298275013626,25.1503719432064,265523.67,666720.0,12,8,94.894
NS66NE_2641,1,0_2,6.01431443397,-9999.0,-9999.0,-9999.0,102.442001343,656.272681222454,133.884108184908,265387.46,666723.58,12,8,102.442
NS66NE_2645,1,0_2,6.03756722998,-9999.0,-9999.0,-9999.0,103.408996582,760.137742798132,161.130536746402,265200.53,666716.39,28,16,103.409
NS66NE_2646,1,0_2,9.17566373325,-9999.0,-9999.0,-9999.0,107.742996216,467.847235366142,113.55084702011,265310.02,666714.15,44,24,107.743
NS66NE_2650,1,0_2,6.59303872342,-9999.0,-9999.0,-9999.0,97.4649963379,290.074890022508,104.694008030045,265463.76,666709.22,44,24,97.465
NS66NE_2651,1,0_2,6.09489385081,-9999.0,-9999.0,-9999.0,104.663002014,753.571479512642,153.539958329065,265344.49,666721.86,12,8,104.663
NS66NE_2655,1,0_2,9.27192261212,-9999.0,-9999.0,-9999.0,107.819999695,687.434278169352,157.038173081835,265268.78,666696.91,60,32,107.82
NS66NE_2660,1,0_2,6.0722892186,-9999.0,-9999.0,-9999.0,101.304000854,538.309924583666,114.567636935059,265127.5,666703.75,20,12,101.304
NS66NE_2662,1,0_2,6.98006260931,-9999.0,-9999.0,-9999.0,96.8909988403,177.027541802706,56.1498685748252,265497.74,666684.84,12,8,96.891
NS66NE_2668,1,0_2,6.00065402038,-9999.0,-9999.0,-9999.0,103.911003113,578.842445509806,124.128212216232,265176.44,666692.89,12,8,103.911
NS66NE_2670,1,0_2,6.90747740865,-9999.0,-9999.0,-9999.0,98.2180023193,135.425427155969,47.6884492647315,265464.9,666682.26,12,8,98.218
NS66NE_2694,1,0_2,6.92512518004,-9999.0,-9999.0,-9999.0,98.6240005493,172.996484998008,55.9150601935928,265463.1,666663.62,12,8,98.624
NS66NE_2696,1,0_2,6.01565296649,-9999.0,-9999.0,-9999.0,104.016998291,580.767346836149,123.769932606524,265359.45,666662.59,12,8,104.017
NS66NE_2699,1,0_2,6.13597695508,-9999.0,-9999.0,-9999.0,106.759002686,534.87731775629,113.887906238522,265222.27,666665.92,12,8,106.759
NS66NE_2716,1,0_2,5.52563179073,-9999.0,-9999.0,-9999.0,98.6470031738,913.238533541903,172.403226770907,265104.9,666659.33,88,44,98.647
NS66NE_2728,1,0_2,6.27592528357,-9999.0,-9999.0,-9999.0,102.130996704,941.827847749041,183.846751504308,265171.11,666654.63,28,16,102.131
NS66NE_2737,1,0_2,6.09533495828,-9999.0,-9999.0,-9999.0,107.754997253,535.208264602255,114.07495987644,265265.63,666639.96,12,8,107.755
NS66NE_2740,1,0_2,8.09056365154,-9999.0,-9999.0,-9999.0,99.1050033569,674.479922547042,145.54354275052,265591.74,666634.5,28,16,99.105
NS66NE_2745,1,0_2,5.92642575668,-9999.0,-9999.0,-9999.0,104.641998291,583.858779904287,124.693367996201,265367.79,666628.58,20,12,104.642
NS66NE_2761,1,0_2,9.31527204487,-9999.0,-9999.0,-9999.0,109.480003357,448.247831653236,123.197473887387,265315.89,666633.67,12,8,109.48
NS66NE_2772,1,0_2,6.18041657553,-9999.0,-9999.0,-9999.0,100.305000305,854.546759076254,167.863513226919,265159.17,666624.55,28,16,100.305
NS66NE_2777,1,0_2,8.33345529066,-9999.0,-9999.0,-9999.0,98.858001709,1059.75842405088,223.651748650012,265512.73,666612.84,52,28,98.858
NS66NE_2795,1,0_2,3.93878869139,-9999.0,-9999.0,-9999.0,98.0550003052,659.483823599568,179.675634401316,265602.0,666597.46,60,32,98.055
NS66NE_2798,1,0_2,6.06722151914,-9999.0,-9999.0,-9999.0,104.531997681,953.706692857845,183.36790684885,265243.91,666611.72,24,14,104.532
NS66NE_2801,1,0_2,6.42550821541,-9999.0,-9999.0,-9999.0,98.2409973145,125.58404892473,44.9855754639067,265557.32,666587.59,12,8,98.241
NS66NE_2805,1,0_2,6.41809287978,-9999.0,-9999.0,-9999.0,98.5250015259,125.72436433914,45.0411685185493,265540.95,666584.1,12,8,98.525
NS66NE_2813,1,0_2,6.13821973009,-9999.0,-9999.0,-9999.0,98.6940002441,141.675976551563,48.613906045027,265523.79,666581.6,20,12,98.694
NS66NE_2819,1,0_2,14.7189176976,-9999.0,-9999.0,-9999.0,108.945999146,486.983084001953,81.2584513170675,265335.8,666585.05,24,14,108.946
NS66NE_2820,1,0_2,6.20474343962,-9999.0,-9999.0,-9999.0,100.448997498,469.949453934918,168.758728477176,265439.87,666597.3,76,42,100.449
NS66NE_2821,1,0_2,6.43729275615,-9999.0,-9999.0,-9999.0,99.077003479,123.740340846792,44.7022319006905,265507.05,666576.58,12,8,99.077
NS66NE_2826,1,0_2,6.35762562196,-9999.0,-9999.0,-9999.0,99.3600006104,127.798803327931,45.4137609880932,265490.77,666573.02,12,8,99.36
NS66NE_2827,1,0_2,6.45306163552,-9999.0,-9999.0,-9999.0,96.5439987183,116.354884645987,43.3173117455707,265618.18,666573.71,12,8,96.544
NS66NE_2829,1,0_2,6.13143126624,-9999.0,-9999.0,-9999.0,100.193000793,700.978965418976,143.332142968109,265218.54,666586.89,12,8,100.193
NS66NE_2831,1,0_2,6.40759181976,-9999.0,-9999.0,-9999.0,99.6959991455,82.2071819756933,36.6337567723732,265476.21,666570.9,12,8,99.696
NS66NE_2834,1,0_2,6.52427345733,-9999.0,-9999.0,-9999.0,96.6679992676,133.165322902646,46.5194782482949,265601.19,666569.68,12,8,96.668
NS66NE_2841,1,0_2,6.36063978407,-9999.0,-9999.0,-9999.0,96.8320007324,110.102989677864,42.4090852660872,265584.46,666564.55,20,12,96.832
NS66NE_2843,1,0_2,6.26969539805,-9999.0,-9999.0,-9999.0,100.291427612,128.361486921161,47.1132220872724,265447.0,666564.05,20,12,100.291
NS66NE_2846,1,0_2,6.41070475091,-9999.0,-9999.0,-9999.0,96.9619979858,108.80403427514,41.8106154561924,265568.29,666560.96,12,8,96.962
NS66NE_2849,1,0_2,6.38878933377,-9999.0,-9999.0,-9999.0,97.0690002441,176.956759767032,57.7331855753686,265549.26,666558.9,12,8,97.069
NS66NE_2856,1,0_2,5.91363418102,-9999.0,-9999.0,-9999.0,97.4469985962,173.568183124404,55.7265838689024,265528.72,666554.78,20,12,97.447
NS66NE_2862,1,0_2,6.31808365093,-9999.0,-9999.0,-9999.0,95.9499969482,71.0255296952318,34.2446734694351,265614.84,666548.32,12,8,95.95
NS66NE_2863,1,0_2,6.28924616592,-9999.0,-9999.0,-9999.0,97.5790023804,108.609005919376,41.7713618303227,265511.86,666548.27,12,8,97.579
NS66NE_2868,1,0_2,5.9370424718,-9999.0,-9999.0,-9999.0,98.3280029297,81.9881836706005,36.2931995344861,265481.48,666544.11,12,8,98.328
NS66NE_2869,1,0_2,6.35746714872,-9999.0,-9999.0,-9999.0,97.8099975586,113.422605192289,42.6429543001257,265495.7,666544.65,12,8,97.81
NS66NE_2871,1,0_2,6.07779379511,-9999.0,-9999.0,-9999.0,100.244003296,592.275419603349,124.386500926883,265266.75,666555.69,12,8,100.244
NS66NE_2872,1,0_2,37.2476881637,-9999.0,-9999.0,-9999.0,105.666000366,828.750443469523,104.841848079546,265354.23,666553.29,28,16,105.666
NS66NE_2873,1,0_2,6.1652245291,-9999.0,-9999.0,-9999.0,97.8020019531,946.547964296691,184.025400325967,265190.32,666561.79,28,16,97.802
NS66NE_2876,1,0_2,6.16481167964,-9999.0,-9999.0,-9999.0,99.4749984741,216.384504143011,64.73551151093,265451.38,666545.12,16,10,99.475
NS66NE_2882,1,0_2,5.63399448395,-9999.0,-9999.0,-9999.0,95.2620010376,113.553404204416,45.7467634085909,265618.92,666534.6,28,16,95.262
NS66NE_2888,1,0_2,6.17304111949,-9999.0,-9999.0,-9999.0,99.1374969482,73.9989843508179,34.5311873004119,265454.71,666528.75,12,8,99.138
NS66NE_2891,1,0_2,3.18443402852,-9999.0,-9999.0,-9999.0,105.212997437,36.7399462449861,24.3094755165469,265372.46,666526.27,12,8,105.213
NS66NE_2894,1,0_2,6.039518871,-9999.0,-9999.0,-9999.0,96.7529983521,96.9928049560283,42.1568123331094,265520.35,666524.61,20,12,96.753
NS66NE_2899,1,0_2,6.29103718267,-9999.0,-9999.0,-9999.0,94.3730010986,117.211567955055,43.4685160123895,265622.84,666518.53,12,8,94.373
NS66NE_2909,1,0_2,6.29254623225,-9999.0,-9999.0,-9999.0,97.0569992065,212.981648978131,81.1904923265796,265491.96,666512.26,36,20,97.057
NS66NE_2911,1,0_2,6.16066738846,-9999.0,-9999.0,-9999.0,95.7109985352,192.507836169586,59.5621593490939,265521.48,666507.49,12,8,95.711
NS66NE_2913,1,0_2,6.09257325504,-9999.0,-9999.0,-9999.0,93.2600021362,903.936670459598,173.429410709008,265189.26,666515.6,16,10,93.26
NS66NE_2914,1,0_2,6.0965851855,-9999.0,-9999.0,-9999.0,96.9209976196,779.822011732421,165.62127237156,265254.72,666519.53,36,20,96.921
NS66NE_2921,1,0_2,4.00030926426,-9999.0,-9999.0,-9999.0,86.7890014648,109.306003437517,49.0896561140177,265096.51,666494.04,12,8,86.789
NS66NE_2923,1,0_2,5.89943337204,-9999.0,-9999.0,-9999.0,90.8420028687,548.609206706631,116.544802215375,265132.3,666508.63,12,8,90.842
NS66NE_2924,1,0_2,3.42373170119,-9999.0,-9999.0,-9999.0,103.742996216,65.5997525929316,32.4501448651734,265375.56,666489.49,12,8,103.743
NS66NE_2929,1,0_2,6.05827932908,-9999.0,-9999.0,-9999.0,95.3590011597,216.947030313059,66.1089619285291,265497.12,666489.16,20,12,95.359
NS66NE_2933,1,0_2,6.1490092558,-9999.0,-9999.0,-9999.0,94.6809997559,190.129052352183,59.1848989901171,265526.56,666484.93,12,8,94.681
NS66NE_2936,1,0_2,6.01789682758,-9999.0,-9999.0,-9999.0,95.7030029297,512.216599111635,171.160894888591,265462.51,666497.67,88,46,95.703
NS66NE_2943,1,0_2,6.0679020257,-9999.0,-9999.0,-9999.0,94.8909988403,80.4767084564495,35.9592805754222,265500.6,666472.52,12,8,94.891
NS66NE_2945,1,0_2,6.06973845314,-9999.0,-9999.0,-9999.0,94.2119979858,100.666529605608,42.5195092949679,265533.14,666468.61,20,12,94.212
NS66NE_2949,1,0_2,6.48227840413,-9999.0,-9999.0,-9999.0,94.233001709,93.6159288512579,38.7034594803229,265503.17,666461.47,12,8,94.233
NS66NE_2951,1,0_2,3.20399631598,-9999.0,-9999.0,-9999.0,89.0130004883,43.9918799938687,27.532164558435,265006.41,666460.09,12,8,89.013
NS66NE_2954,1,0_2,6.05849067155,-9999.0,-9999.0,-9999.0,88.4680023193,541.862452433149,114.528807697299,265152.04,666467.55,12,8,88.468
NS66NE_2955,1,0_2,6.05512932638,-9999.0,-9999.0,-9999.0,92.9449996948,133.833175511218,46.4307707831854,265609.86,666459.3,12,8,92.945
NS66NE_2960,1,0_2,5.9436553685,-9999.0,-9999.0,-9999.0,96.8450012207,431.798740969118,98.9072937474745,265295.86,666470.21,12,8,96.845
NS66NE_2962,1,0_2,6.08387572264,-9999.0,-9999.0,-9999.0,89.8980026245,539.814132979738,114.681128399889,265202.4,666464.74,12,8,89.898
NS66NE_2965,1,0_2,6.27528398079,-9999.0,-9999.0,-9999.0,93.18699646,117.461370924349,43.5011694645323,265593.07,666455.12,12,8,93.187
NS66NE_2967,1,0_2,6.09902246052,-9999.0,-9999.0,-9999.0,92.9280014038,524.886024062145,113.663153739697,265252.68,666461.08,12,8,92.928
NS66NE_2968,1,0_2,5.71417328437,-9999.0,-9999.0,-9999.0,93.4349975586,111.118135012295,46.8130042520541,265576.77,666452.26,28,16,93.435
NS66NE_2969,1,0_2,9.10472350269,-9999.0,-9999.0,-9999.0,85.2220001221,2048.36903681251,249.468524232756,265080.3,666486.46,64,34,85.222
NS66NE_2972,1,0_2,5.73296839804,-9999.0,-9999.0,-9999.0,93.7369995117,110.0977235344,46.8394814637987,265560.91,666448.66,28,16,93.737
NS66NE_2976,1,0_2,4.08070184166,-9999.0,-9999.0,-9999.0,97.2210006714,215.619223487591,62.046971195592,265354.37,666445.65,20,12,97.221
NS66NE_2977,1,0_2,6.18764912964,-9999.0,-9999.0,-9999.0,94.0609970093,129.524817602461,45.8108096048756,265544.24,666444.86,12,8,94.061
NS66NE_2978,1,0_2,6.39655095881,-9999.0,-9999.0,-9999.0,94.1350021362,133.164527330965,46.5193479385463,265526.82,666440.87,12,8,94.135
NS66NE_2981,1,0_2,6.27172975803,-9999.0,-9999.0,-9999.0,94.1579971313,112.15452702617,42.5508235501587,265510.02,666436.18,12,8,94.158
NS66NE_2989,1,0_2,6.24682809688,-9999.0,-9999.0,-9999.0,90.4680023193,222.676794462786,64.8565178877035,265621.27,666429.9,16,10,90.468
NS66NE_2990,1,0_2,5.95720598439,-9999.0,-9999.0,-9999.0,92.8990020752,484.208942013797,143.776174271412,265474.6,666446.29,76,40,92.899
NS66NE_2993,1,0_2,6.3734229753,-9999.0,-9999.0,-9999.0,90.28099823,245.224971370676,68.3028443768811,265594.26,666423.73,12,8,90.281
NS66NE_2997,1,0_2,6.06221398591,-9999.0,-9999.0,-9999.0,87.3629989624,525.57582614945,113.354365246309,265150.1,666423.32,12,8,87.363
NS66NE_2998,1,0_2,6.24822671011,-9999.0,-9999.0,-9999.0,93.4150009155,466.789134255471,158.757940187689,265437.92,666421.56,68,36,93.415
NS66NE_3002,1,0_2,5.90572481186,-9999.0,-9999.0,-9999.0,90.5537872314,239.060172025283,72.5039784520605,265565.66,666417.27,32,18,90.554
NS66NE_3004,1,0_2,6.01216889887,-9999.0,-9999.0,-9999.0,89.9130020142,528.719460645672,113.824606190672,265199.41,666419.77,12,8,89.913
NS66NE_3007,1,0_2,6.36472166502,-9999.0,-9999.0,-9999.0,93.8730010986,191.337232095056,63.4860421871862,265399.96,666414.61,20,12,93.873
NS66NE_3009,1,0_2,5.92613934503,-9999.0,-9999.0,-9999.0,92.9940032959,527.707903307313,115.964983431658,265249.28,666416.61,12,8,92.994
NS66NE_3010,1,0_2,6.00883135063,-9999.0,-9999.0,-9999.0,95.0380020142,433.750332295275,99.2516692946956,265298.83,666425.02,12,8,95.038
NS66NE_3012,1,0_2,6.27039512951,-9999.0,-9999.0,-9999.0,90.8470001221,224.433565950976,65.1191109693607,265537.84,666411.36,12,8,90.847
NS66NE_3014,1,0_2,6.10272476617,-9999.0,-9999.0,-9999.0,94.2870025635,130.504788325244,46.2538545072047,265383.1,666407.87,12,8,94.287
NS66NE_3015,1,0_2,6.18128305552,-9999.0,-9999.0,-9999.0,94.5059967041,76.2715646752463,35.0078366669053,265371.24,666405.96,12,8,94.506
NS66NE_3016,1,0_2,6.30313489608,-9999.0,-9999.0,-9999.0,91.0719985962,132.646532811996,46.6166913640577,265516.09,666405.84,16,10,91.072
NS66NE_3020,1,0_2,6.13772608958,-9999.0,-9999.0,-9999.0,94.5260009766,74.980126075682,34.6986104425134,265362.2,666403.91,12,8,94.526
NS66NE_3024,1,0_2,6.04707936887,-9999.0,-9999.0,-9999.0,94.8300018311,83.7942999826813,36.6826201203066,265352.61,666401.74,12,8,94.83
NS66NE_3037,1,0_2,6.40099099032,-9999.0,-9999.0,-9999.0,92.31199646,83.5038337116233,36.5823480748017,265454.49,666390.84,12,8,92.312
NS66NE_3044,1,0_2,3.83642559447,-9999.0,-9999.0,-9999.0,88.9189987183,1021.29181571121,171.528343259517,265022.26,666407.88,44,24,88.919
NS66NE_3047,1,0_2,6.09894686612,-9999.0,-9999.0,-9999.0,92.9869995117,84.0996654365829,36.7411252559408,265418.21,666381.79,12,8,92.987
NS66NE_3051,1,0_2,6.45395799117,-9999.0,-9999.0,-9999.0,93.2099990845,67.4990188810957,33.2417728958144,265393.84,666377.27,12,8,93.21
NS66NE_3053,1,0_2,5.71922579291,-9999.0,-9999.0,-9999.0,88.8679962158,145.241738369842,50.6661374689014,265608.47,666380.37,20,12,88.868
NS66NE_3056,1,0_2,6.11136878716,-9999.0,-9999.0,-9999.0,89.5289993286,286.071579887104,106.516979215929,265491.86,666385.81,52,28,89.529
NS66NE_3058,1,0_2,6.31910533151,-9999.0,-9999.0,-9999.0,89.516998291,136.341318037417,47.0441688818411,265582.08,666375.49,12,8,89.517
NS66NE_3062,1,0_2,6.01299480527,-9999.0,-9999.0,-9999.0,87.31300354,543.44875829108,114.943585466917,265145.98,666379.86,12,8,87.313
NS66NE_3063,1,0_2,6.1586631445,-9999.0,-9999.0,-9999.0,93.516998291,197.285575231977,61.5507399993365,265376.8,666371.08,28,16,93.517
NS66NE_3065,1,0_2,6.08873948344,-9999.0,-9999.0,-9999.0,92.4909973145,113.387117643316,42.7524294900794,265420.82,666369.51,12,8,92.491
NS66NE_3066,1,0_2,6.33923805421,-9999.0,-9999.0,-9999.0,90.6829986572,182.511179866631,58.1309912139129,265458.73,666373.29,12,8,90.683
NS66NE_3067,1,0_2,6.39035730715,-9999.0,-9999.0,-9999.0,89.5009994507,138.46087561635,47.4151490148843,265555.54,666369.07,12,8,89.501
NS66NE_3068,1,0_2,6.05911105883,-9999.0,-9999.0,-9999.0,89.6949996948,529.424216953979,114.070195716456,265196.42,666376.01,12,8,89.695
NS66NE_3069,1,0_2,6.27624589411,-9999.0,-9999.0,-9999.0,93.9339981079,130.209269240827,46.3869934829606,265358.95,666367.84,12,8,93.934
NS66NE_3070,1,0_2,5.94419252532,-9999.0,-9999.0,-9999.0,92.9980010986,436.205666059274,99.2114093080142,265301.92,666379.57,12,8,92.998
NS66NE_3071,1,0_2,6.38410970169,-9999.0,-9999.0,-9999.0,94.03099823,67.8729278625633,33.4701738193946,265345.49,666365.85,12,8,94.031
NS66NE_3072,1,0_2,6.20949387004,-9999.0,-9999.0,-9999.0,88.8140029907,135.213477804872,46.7919147094126,265613.3,666365.55,12,8,88.814
NS66NE_3075,1,0_2,6.20213282394,-9999.0,-9999.0,-9999.0,91.4919967651,526.579360635556,113.687444105933,265246.74,666372.15,12,8,91.492
NS66NE_3079,1,0_2,6.50897912233,-9999.0,-9999.0,-9999.0,88.9309997559,124.811764381455,44.8700184743698,265586.47,666358.63,12,8,88.931
NS66NE_3084,1,0_2,6.23336184809,-9999.0,-9999.0,-9999.0,87.6159973145,222.232699534322,64.5704406280244,265526.83,666358.19,12,8,87.616
NS66NE_3086,1,0_2,6.28598897277,-9999.0,-9999.0,-9999.0,88.6039962769,125.123278023532,45.2698437659651,265464.07,666352.31,12,8,88.604
NS66NE_3087,1,0_2,6.38351668362,-9999.0,-9999.0,-9999.0,89.1041717529,123.922163408329,44.673178657568,265559.24,666351.97,12,8,89.104
NS66NE_3090,1,0_2,6.22606831589,-9999.0,-9999.0,-9999.0,89.7590026855,84.1427982872818,36.7004773390561,265360.89,666347.72,12,8,89.759
NS66NE_3092,1,0_2,5.87763058631,-9999.0,-9999.0,-9999.0,88.9990005493,166.794796508645,56.1665447475642,265429.0,666351.94,28,16,88.999
NS66NE_3093,1,0_2,5.99969995159,-9999.0,-9999.0,-9999.0,88.5059967041,113.634189918623,42.7408588968224,265616.14,666348.78,12,8,88.506
NS66NE_3094,1,0_2,6.15879696337,-9999.0,-9999.0,-9999.0,87.7880020142,218.090384020741,71.8051482490027,265497.47,666353.69,28,16,87.788
NS66NE_3095,1,0_2,6.2405975989,-9999.0,-9999.0,-9999.0,89.3140029907,158.289702415688,51.9416011113717,265392.55,666348.3,12,8,89.314
NS66NE_3096,1,0_2,6.49912419039,-9999.0,-9999.0,-9999.0,88.81300354,80.1886909292807,36.179585676613,265586.8,666343.76,12,8,88.813
NS66NE_3102,1,0_2,6.3526184034,-9999.0,-9999.0,-9999.0,88.06199646,83.421440911003,36.5617802091418,265467.7,666339.79,12,8,88.062
NS66NE_3103,1,0_2,6.40811769319,-9999.0,-9999.0,-9999.0,88.6070022583,67.9567557045518,33.4408546224927,265432.19,666337.97,12,8,88.607
NS66NE_3104,1,0_2,6.63253851195,-9999.0,-9999.0,-9999.0,88.3339996338,77.432037628778,35.6484813389916,265562.76,666337.97,12,8,88.334
NS66NE_3108,1,0_2,2.58022873074,-9999.0,-9999.0,-9999.0,87.1910018921,56.1966187544147,34.4842054760776,265547.18,666336.94,8,6,87.191
NS66NE_3111,1,0_2,6.15832352724,-9999.0,-9999.0,-9999.0,86.7210006714,147.317587129307,52.2704254793185,265529.55,666335.22,28,16,86.721
NS66NE_3115,1,0_2,9.23723695611,-9999.0,-9999.0,-9999.0,88.6790008545,619.100577410904,158.356902666516,265240.52,666328.76,12,8,88.679
NS66NE_3116,1,0_2,6.17290872354,-9999.0,-9999.0,-9999.0,88.5749969482,83.8279424336608,36.6650717498766,265353.78,666322.57,12,8,88.575
NS66NE_3119,1,0_2,6.24313076922,-9999.0,-9999.0,-9999.0,85.6340026855,129.831179764225,45.8900071852863,265535.25,666319.09,12,8,85.634
NS66NE_3120,1,0_2,6.33133187238,-9999.0,-9999.0,-9999.0,88.4029998779,201.337529057946,69.3446718804001,265372.92,666317.7,36,20,88.403
NS66NE_3122,1,0_2,9.31801026223,-9999.0,-9999.0,-9999.0,86.2350006104,469.575533025684,123.797432075977,265309.35,666319.05,12,8,86.235
NS66NE_3124,1,0_2,6.53440145236,-9999.0,-9999.0,-9999.0,87.077003479,137.854183005407,47.3414245053329,265561.26,666317.14,12,8,87.077
NS66NE_3125,1,0_2,6.23791985871,-9999.0,-9999.0,-9999.0,88.1399993896,95.2361985794114,41.9698630974761,265390.4,666315.46,20,12,88.14
NS66NE_3126,1,0_2,6.03901813288,-9999.0,-9999.0,-9999.0,87.3659973145,79.4227985688988,35.7046325469773,265483.85,666313.57,12,8,87.366
NS66NE_3127,1,0_2,6.00731320895,-9999.0,-9999.0,-9999.0,87.5220031738,85.8468741084616,37.0982218823313,265473.96,666312.19,12,8,87.522
NS66NE_3128,1,0_2,6.29652975308,-9999.0,-9999.0,-9999.0,87.8659973145,153.548733105591,52.7678887914701,265405.63,666312.39,20,12,87.866
NS66NE_3129,1,0_2,6.28710271474,-9999.0,-9999.0,-9999.0,87.8740005493,95.2045191006833,39.0313896167124,265440.09,666310.82,12,8,87.874
NS66NE_3130,1,0_2,6.42869322891,-9999.0,-9999.0,-9999.0,87.5970001221,196.367408053574,80.6102428203073,265457.64,666311.5,28,16,87.597
NS66NE_3131,1,0_2,6.63524994669,-9999.0,-9999.0,-9999.0,87.6510009766,100.928507665035,40.2036058264362,265428.69,666311.14,12,8,87.651
NS66NE_3132,1,0_2,6.47202477311,-9999.0,-9999.0,-9999.0,87.7699966431,68.6564776491905,33.6272744235997,265418.89,666310.56,12,8,87.77
NS66NE_3134,1,0_2,6.54857788086,-9999.0,-9999.0,-9999.0,85.2519989014,75.5651810044623,35.1051480684812,265538.6,666304.37,12,8,85.252
NS66NE_3140,1,0_2,6.23975804077,-9999.0,-9999.0,-9999.0,84.7060012817,302.385804256823,81.7420022567102,265505.22,666309.79,20,12,84.706
NS66NE_3146,1,0_2,6.03797571499,-9999.0,-9999.0,-9999.0,86.2659988403,593.047047246495,123.874529741216,265192.07,666293.4,12,8,86.266
NS66NE_3162,1,0_2,6.05021310299,-9999.0,-9999.0,-9999.0,84.9020004272,472.216881392176,104.133784685363,265257.64,666278.19,12,8,84.902
NS66NE_3164,1,0_2,6.12092154734,-9999.0,-9999.0,-9999.0,81.5419998169,757.759614729389,153.974553661352,265382.85,666272.21,12,8,81.542
NS66NE_3171,1,0_2,6.11379253924,-9999.0,-9999.0,-9999.0,83.9879989624,355.278154191286,84.6844907836319,265219.76,666261.41,12,8,83.988
NS66NE_3185,1,0_2,6.00185303461,-9999.0,-9999.0,-9999.0,81.7200012207,1148.36347838649,221.327948295619,265292.14,666257.94,16,10,81.72
NS66NE_2227,1,0_3,6.15285342311,-9999.0,-9999.0,-9999.0,89.0189971924,1040.57201068263,206.567529198405,265062.5,667261.32,44,24,89.019
NS66NE_2232,1,0_3,9.27971933365,-9999.0,-9999.0,-9999.0,87.9540023804,317.156637631425,89.2278494947636,265237.39,667221.58,12,8,87.954
NS66NE_2234,1,0_3,6.05504006049,-9999.0,-9999.0,-9999.0,88.5589981079,966.992993222582,185.553123551827,265148.36,667233.34,12,8,88.559
NS66NE_2241,1,0_3,9.16028369945,-9999.0,-9999.0,-9999.0,87.8759994507,317.913881762978,92.7147033445296,265252.65,667191.48,24,14,87.876
NS66NE_2243,1,0_3,9.5644432938,-9999.0,-9999.0,-9999.0,89.1259994507,440.033510006842,122.71624310918,265209.83,667193.01,12,8,89.126
NS66NE_2252,1,0_3,9.33481098733,-9999.0,-9999.0,-9999.0,88.8000030518,298.265360148902,88.3105056319234,265242.76,667149.84,12,8,88.8
NS66NE_2258,1,0_3,4.89842635245,-9999.0,-9999.0,-9999.0,93.3830032349,2139.47235125761,350.486837866623,265121.19,667151.91,124,62,93.383
NS66NE_2263,1,0_3,9.31001783921,-9999.0,-9999.0,-9999.0,89.7070007324,467.70696494617,124.301608747974,265194.97,667124.59,12,8,89.707
NS66NE_2264,1,0_3,9.40106701482,-9999.0,-9999.0,-9999.0,88.1470031738,296.798393970787,88.1510065954849,265233.34,667107.37,12,8,88.147
NS66NE_2266,1,0_3,9.09858548641,-9999.0,-9999.0,-9999.0,95.4420013428,466.42965411183,114.000315677765,265035.47,667091.21,44,24,95.442
NS66NE_2269,1,0_3,9.45040035892,-9999.0,-9999.0,-9999.0,88.1949996948,311.43779831278,89.1729069318631,265207.7,667087.0,16,10,88.195
NS66NE_2278,1,0_3,6.65352723372,-9999.0,-9999.0,-9999.0,91.638999939,314.07924726368,86.4921014760284,265121.95,667070.98,12,8,91.639
NS66NE_2308,1,0_3,9.22484167849,-9999.0,-9999.0,-9999.0,95.7089996338,678.963820868892,157.134330628541,265015.33,667052.87,60,32,95.709
NS66NE_2312,1,0_3,6.10451684666,-9999.0,-9999.0,-9999.0,89.0049972534,768.956873353993,153.959153399015,265389.91,667022.79,20,12,89.005
NS66NE_2319,1,0_3,9.20148865566,-9999.0,-9999.0,-9999.0,94.9110031128,902.001471838771,196.402176606669,265055.88,667043.66,68,36,94.911
NS66NE_2323,1,0_3,6.68546282896,-9999.0,-9999.0,-9999.0,90.6809997559,622.532306509716,150.267508542195,265143.66,667032.71,12,8,90.681
NS66NE_2324,1,0_3,6.74934211819,-9999.0,-9999.0,-9999.0,92.6660003662,618.092394238354,150.997872067039,265097.45,667029.69,12,8,92.666
NS66NE_2325,1,0_3,7.88062159501,-9999.0,-9999.0,-9999.0,89.202003479,1522.67129995783,254.534143831142,265211.54,667013.1,52,28,89.202
NS66NE_2328,1,0_3,5.94861902403,-9999.0,-9999.0,-9999.0,89.7730026245,795.030098734533,167.169556007855,265322.32,667002.99,52,28,89.773
NS66NE_2335,1,0_3,6.14291969256,-9999.0,-9999.0,-9999.0,90.8339996338,575.67634809359,121.630574678609,265265.61,666977.38,12,8,90.834
NS66NE_2346,1,0_3,6.07300060075,-9999.0,-9999.0,-9999.0,93.8460006714,479.203671666838,107.103561634824,265324.27,666957.55,20,12,93.846
NS66NE_2347,1,0_3,6.06802908025,-9999.0,-9999.0,-9999.0,90.9810028076,734.109593401954,145.975446709348,265200.51,666963.49,12,8,90.981
NS66NE_2355,1,0_3,5.9928263128,-9999.0,-9999.0,-9999.0,93.8069992065,490.788259457126,106.046172417525,265280.69,666942.11,12,8,93.807
NS66NE_2356,1,0_3,6.57564028562,-9999.0,-9999.0,-9999.0,93.2570037842,611.271780982413,150.459715370611,265090.59,666962.51,12,8,93.257
NS66NE_2359,1,0_3,9.56379473568,-9999.0,-9999.0,-9999.0,93.8109970093,437.210786936305,109.355699861415,265001.74,666945.56,44,24,93.811
NS66NE_2360,1,0_3,6.22287401569,-9999.0,-9999.0,-9999.0,97.4749984741,634.264069964235,137.524936832653,265384.23,666934.74,28,16,97.475
NS66NE_2362,1,0_3,9.43321944396,-9999.0,-9999.0,-9999.0,93.8880004883,899.03494321311,199.688634098672,265051.23,666961.76,76,40,93.888
NS66NE_2369,1,0_3,6.65512824629,-9999.0,-9999.0,-9999.0,91.7030029297,613.338402557996,150.500285237174,265135.16,666950.23,12,8,91.703
NS66NE_2371,1,0_3,6.14332452071,-9999.0,-9999.0,-9999.0,98.2310028076,440.8072085752,97.6905338460411,265333.77,666923.92,12,8,98.231
NS66NE_2372,1,0_3,6.62289862733,-9999.0,-9999.0,-9999.0,94.2880020142,314.03362770082,86.3164656195303,265106.09,666916.91,12,8,94.288
NS66NE_2374,1,0_3,5.99309104451,-9999.0,-9999.0,-9999.0,93.8759994507,534.691892143259,114.268413014605,265185.75,666916.99,12,8,93.876
NS66NE_2376,1,0_3,9.26122571293,-9999.0,-9999.0,-9999.0,93.6689987183,462.849850034145,113.911050948756,265023.44,666916.31,44,24,93.669
NS66NE_2392,1,0_3,6.00217862813,-9999.0,-9999.0,-9999.0,96.6480026245,925.740900467973,181.002895180748,265273.46,666903.98,28,16,96.648
NS66NE_2393,1,0_3,6.05696331902,-9999.0,-9999.0,-9999.0,101.276000977,587.478124556435,122.224405820509,265392.02,666896.56,12,8,101.276
NS66NE_2407,1,0_3,5.98349785886,-9999.0,-9999.0,-9999.0,101.211997986,448.653293455135,98.5907409837587,265343.84,666888.87,12,8,101.212
NS66NE_2409,1,0_3,9.69117340335,-9999.0,-9999.0,-9999.0,92.4420013428,439.199428468929,105.679489694121,265002.79,666881.84,28,16,92.442
NS66NE_2422,1,0_3,9.32959565441,-9999.0,-9999.0,-9999.0,95.1070022583,457.690397331546,113.456901346698,265108.58,666875.77,52,28,95.107
NS66NE_1181,1,0_4,2.91084011717,-9999.0,-9999.0,-9999.0,83.28099823,44.1813079682093,30.5428826554106,265389.68,668122.76,12,8,83.281
NS66NE_1186,1,0_4,4.31330550418,-9999.0,-9999.0,-9999.0,95.9940032959,139.201096520591,50.5731785954968,265102.96,668123.31,28,16,95.994
NS66NE_1189,1,0_4,2.28683403449,-9999.0,-9999.0,-9999.0,83.4820022583,31.8230700024558,23.0047678457502,265380.19,668118.94,12,8,83.482
NS66NE_1194,1,0_4,6.20490531921,-9999.0,-9999.0,-9999.0,84.1149978638,163.138786591552,51.9253427428906,265484.42,668122.57,12,8,84.115
NS66NE_1201,1,0_4,2.49894884317,-9999.0,-9999.0,-9999.0,94.2450027466,51.9745987480206,28.920053745795,265208.16,668115.79,12,8,94.245
NS66NE_1210,1,0_4,5.22680758463,-9999.0,-9999.0,-9999.0,95.0660018921,252.529617789149,68.5744751433835,265048.29,668119.08,36,20,95.066
NS66NE_1214,1,0_4,2.21873632291,-9999.0,-9999.0,-9999.0,95.1905059814,23.3697750011235,22.1248898488281,265026.07,668109.15,8,6,95.191
NS66NE_1227,1,0_4,2.85832893735,-9999.0,-9999.0,-9999.0,92.827003479,56.1054824944082,30.0816191488389,265227.51,668108.02,12,8,92.827
NS66NE_1230,1,0_4,4.79524599173,-9999.0,-9999.0,-9999.0,89.625,409.257699192736,144.622002677389,265281.85,668117.55,68,36,89.625
NS66NE_1237,1,0_4,6.09022560799,-9999.0,-9999.0,-9999.0,83.4950027466,100.014848161548,42.1372882842005,265510.44,668106.46,20,12,83.495
NS66NE_1238,1,0_4,3.22135585394,-9999.0,-9999.0,-9999.0,92.9798736572,85.5695224768624,40.6144230493865,265195.22,668106.24,20,12,92.98
NS66NE_1245,1,0_4,4.3015183307,-9999.0,-9999.0,-9999.0,83.5699996948,217.046800043405,72.0441927948427,265361.44,668110.95,28,16,83.57
NS66NE_1248,1,0_4,2.56837616715,-9999.0,-9999.0,-9999.0,83.0019989014,56.035864192781,33.1495829129886,265404.82,668100.96,12,8,83.002
NS66NE_1253,1,0_4,2.41427257393,-9999.0,-9999.0,-9999.0,94.033996582,83.8604665963346,42.6740584029798,265031.32,668099.69,20,12,94.034
NS66NE_1261,1,0_4,2.49674571644,-9999.0,-9999.0,-9999.0,83.1813354492,34.8043912578543,27.309876365541,265394.81,668094.26,12,8,83.181
NS66NE_1264,1,0_4,6.10139087268,-9999.0,-9999.0,-9999.0,83.8135986328,113.834935064078,42.7016541051115,265496.65,668098.01,12,8,83.814
NS66NE_1267,1,0_4,4.46234143476,-9999.0,-9999.0,-9999.0,89.9469985962,263.097193647747,73.9950731916602,265257.89,668100.24,36,20,89.947
NS66NE_1284,1,0_4,6.23243319683,-9999.0,-9999.0,-9999.0,84.0096435547,79.8781987216201,35.9948849321746,265486.28,668088.52,12,8,84.01
NS66NE_1288,1,0_4,4.47077832663,-9999.0,-9999.0,-9999.0,92.8960037231,231.317155345221,73.3765666828387,265057.59,668091.92,28,16,92.896
NS66NE_1289,1,0_4,2.53347293751,-9999.0,-9999.0,-9999.0,91.1520004272,39.880214999594,25.4064340523488,265191.98,668085.3,12,8,91.152
NS66NE_1303,1,0_4,4.17245408794,-9999.0,-9999.0,-9999.0,89.6809997559,277.018079944632,75.894356907676,265237.54,668087.07,44,24,89.681
NS66NE_1308,1,0_4,2.51599765564,-9999.0,-9999.0,-9999.0,83.2829971313,43.10818499736,26.4515388465364,265373.46,668078.4,12,8,83.283
NS66NE_1312,1,0_4,4.61795464951,-9999.0,-9999.0,-9999.0,93.4800033569,274.667054845702,77.6170091904112,265007.13,668083.05,36,20,93.48
NS66NE_1313,1,0_4,4.89024483905,-9999.0,-9999.0,-9999.0,91.3190002441,775.250193128309,252.042734172944,265145.23,668098.71,152,78,91.319
NS66NE_1316,1,0_4,4.51291157553,-9999.0,-9999.0,-9999.0,85.4779968262,777.352877647219,141.60686202528,265329.31,668090.97,72,38,85.478
NS66NE_1324,1,0_4,4.23857946821,-9999.0,-9999.0,-9999.0,91.4800033569,254.393831021796,73.6332087618825,265101.68,668079.27,32,18,91.48
NS66NE_1327,1,0_4,9.60994729907,-9999.0,-9999.0,-9999.0,86.4179992676,167.609039590771,53.8814734179465,265298.98,668075.59,12,8,86.418
NS66NE_1329,1,0_4,2.23085199275,-9999.0,-9999.0,-9999.0,91.4134979248,37.6881449953505,24.7706625488924,265086.22,668071.31,12,8,91.413
NS66NE_1339,1,0_4,4.34763450403,-9999.0,-9999.0,-9999.0,89.1770019531,269.255891611963,70.361913779414,265217.66,668072.29,28,16,89.177
NS66NE_1348,1,0_4,2.89035594531,-9999.0,-9999.0,-9999.0,91.75,46.280950160351,28.5890651917365,265042.2,668061.15,12,8,91.75
NS66NE_1351,1,0_4,9.72122182861,-9999.0,-9999.0,-9999.0,86.5189971924,166.194994574184,53.7185707271532,265281.84,668064.62,12,8,86.519
NS66NE_1363,1,0_4,5.40111283695,-9999.0,-9999.0,-9999.0,88.7440032959,175.689884295719,64.570881638266,265199.74,668062.08,28,16,88.744
NS66NE_1370,1,0_4,5.85284967581,-9999.0,-9999.0,-9999.0,86.689666748,93.0502498142063,39.0244230172777,265369.02,668055.56,12,8,86.69
NS66NE_1372,1,0_4,4.86582824677,-9999.0,-9999.0,-9999.0,89.7149963379,258.865234443927,74.2802662794642,265115.61,668060.28,44,24,89.715
NS66NE_1376,1,0_4,6.37219598967,-9999.0,-9999.0,-9999.0,90.5059967041,309.016798560547,102.515271876696,265071.32,668059.48,48,26,90.506
NS66NE_1383,1,0_4,2.2106540783,-9999.0,-9999.0,-9999.0,90.0559997559,22.0640699994816,21.976473770982,265090.2,668048.7,8,6,90.056
NS66NE_1384,1,0_4,9.70134791972,-9999.0,-9999.0,-9999.0,86.3460006714,167.735375967279,53.8021915533976,265264.71,668053.54,12,8,86.346
NS66NE_1387,1,0_4,3.18911539245,-9999.0,-9999.0,-9999.0,89.0360031128,56.3231549975814,30.1777416343003,265158.34,668049.04,12,8,89.036
NS66NE_1388,1,0_4,4.55129603016,-9999.0,-9999.0,-9999.0,88.4140014648,225.430194747045,78.0263323382955,265184.97,668053.99,36,20,88.414
NS66NE_1393,1,0_4,3.14826096583,-9999.0,-9999.0,-9999.0,90.9560012817,68.6932977748046,34.5754344497747,265051.11,668048.27,12,8,90.956
NS66NE_1400,1,0_4,6.11319632228,-9999.0,-9999.0,-9999.0,86.7050018311,100.000619604759,40.0064375634511,265325.95,668045.79,12,8,86.705
NS66NE_1407,1,0_4,3.26764718333,-9999.0,-9999.0,-9999.0,86.6630020142,42.6439049971048,28.3877749522257,265336.37,668040.71,12,8,86.663
NS66NE_1410,1,0_4,5.84986979621,-9999.0,-9999.0,-9999.0,86.9820022583,113.661592456412,44.0157226786218,265376.78,668042.69,20,12,86.982
NS66NE_1416,1,0_4,9.85876968739,-9999.0,-9999.0,-9999.0,85.7249984741,167.829135864861,54.0131568590112,265247.62,668042.62,12,8,85.725
NS66NE_1421,1,0_4,4.24293149288,-9999.0,-9999.0,-9999.0,90.9400024414,550.673543074067,123.727493381214,265020.63,668053.13,52,28,90.94
NS66NE_1423,1,0_4,2.50760927422,-9999.0,-9999.0,-9999.0,88.4759979248,56.5011974948134,29.9361780616844,265114.8,668037.52,16,10,88.476
NS66NE_1429,1,0_4,4.40777282141,-9999.0,-9999.0,-9999.0,87.091003418,272.562291827753,72.8589650589503,265172.12,668041.88,36,20,87.091
NS66NE_1432,1,0_4,5.89293835768,-9999.0,-9999.0,-9999.0,86.8479995728,102.461919039708,40.5563521242247,265315.86,668036.53,12,8,86.848
NS66NE_1440,1,0_4,6.07676725677,-9999.0,-9999.0,-9999.0,86.986000061,101.859820127331,40.4218941105512,265334.18,668031.0,12,8,86.986
NS66NE_1442,1,0_4,10.2424074985,-9999.0,-9999.0,-9999.0,85.0080032349,166.933423190041,53.6736910750051,265230.59,668031.67,12,8,85.008
NS66NE_1443,1,0_4,5.50018759644,-9999.0,-9999.0,-9999.0,86.8820037842,151.15151463223,53.2580202204029,265355.28,668031.65,28,16,86.882
NS66NE_1452,1,0_4,6.19450960031,-9999.0,-9999.0,-9999.0,87.0049972534,112.786806106055,42.5239800233698,265303.74,668025.04,12,8,87.005
NS66NE_1458,1,0_4,2.93576322997,-9999.0,-9999.0,-9999.0,89.5029983521,61.0350937510023,32.6553473420522,265052.1,668020.01,16,10,89.503
NS66NE_1464,1,0_4,4.42461455496,-9999.0,-9999.0,-9999.0,89.8550033569,265.81095065555,79.0591092913847,265034.42,668023.97,36,20,89.855
NS66NE_1467,1,0_4,4.09584937961,-9999.0,-9999.0,-9999.0,86.8629989624,266.281577010087,78.6414625089981,265142.84,668022.03,44,24,86.863
NS66NE_1469,1,0_4,5.92526946869,-9999.0,-9999.0,-9999.0,87.2099990845,100.793525641694,40.1659791910665,265337.43,668017.61,12,8,87.21
NS66NE_1471,1,0_4,6.07522607305,-9999.0,-9999.0,-9999.0,87.0930023193,158.690915898852,51.5691426542613,265210.54,668018.17,12,8,87.093
NS66NE_1472,1,0_4,6.03665874728,-9999.0,-9999.0,-9999.0,86.7659988403,156.108802406507,51.0441210560922,265287.07,668018.85,12,8,86.766
NS66NE_1476,1,0_4,5.97841781912,-9999.0,-9999.0,-9999.0,86.983001709,218.528688850769,64.8879481469919,265394.3,668017.85,20,12,86.983
NS66NE_1484,1,0_4,4.2983750417,-9999.0,-9999.0,-9999.0,87.1320037842,206.299492570979,67.2369358426953,265124.73,668014.37,28,16,87.132
NS66NE_1485,1,0_4,5.93583167731,-9999.0,-9999.0,-9999.0,86.4710006714,93.1958121032243,38.9496296587559,265274.6,668010.6,12,8,86.471
NS66NE_1492,1,0_4,5.22125392174,-9999.0,-9999.0,-9999.0,87.1409988403,143.507139922143,52.5109204153506,265375.35,668008.29,28,16,87.141
NS66NE_1502,1,0_4,6.01414242968,-9999.0,-9999.0,-9999.0,86.908996582,105.22092734623,41.8748009779455,265262.35,668003.04,20,12,86.909
NS66NE_1504,1,0_4,4.51091764562,-9999.0,-9999.0,-9999.0,87.1940002441,218.936833367775,86.0022638741989,265110.46,668005.77,48,26,87.194
NS66NE_1505,1,0_4,2.22303184303,-9999.0,-9999.0,-9999.0,88.1380004883,116.364524450784,44.9659460857816,265077.61,668001.58,28,16,88.138
NS66NE_1511,1,0_4,5.9938128086,-9999.0,-9999.0,-9999.0,87.0469970703,91.9413697638501,38.5586254941103,265401.75,667999.89,12,8,87.047
NS66NE_1513,1,0_4,4.09611019543,-9999.0,-9999.0,-9999.0,89.2289962769,286.12905308682,74.3995796461432,265041.98,668004.57,36,20,89.229
NS66NE_1515,1,0_4,6.06761440011,-9999.0,-9999.0,-9999.0,86.8740005493,261.012160807947,92.3439111314774,265188.52,668003.62,44,24,86.874
NS66NE_1518,1,0_4,5.79229646906,-9999.0,-9999.0,-9999.0,87.2750015259,101.614058247172,40.3302490566283,265358.11,667997.06,12,8,87.275
NS66NE_1521,1,0_4,6.01968226115,-9999.0,-9999.0,-9999.0,87.5810012817,154.0955977297,50.6044706889354,265316.68,667997.98,12,8,87.581
NS66NE_1525,1,0_4,6.1669218993,-9999.0,-9999.0,-9999.0,87.125,112.917763889104,42.5590489427682,265249.42,667994.33,12,8,87.125
NS66NE_1544,1,0_4,6.09333455532,-9999.0,-9999.0,-9999.0,87.3899993896,100.227711102242,40.0517325887191,265295.93,667990.2,12,8,87.39
NS66NE_1547,1,0_4,5.73392286321,-9999.0,-9999.0,-9999.0,86.9869995117,117.086457423388,44.6538096178098,265410.98,667990.22,20,12,86.987
NS66NE_1551,1,0_4,3.84724522147,-9999.0,-9999.0,-9999.0,87.59400177,294.096079250204,86.6154094411263,265096.97,667994.06,40,22,87.594
NS66NE_1556,1,0_4,6.10642881605,-9999.0,-9999.0,-9999.0,87.2850036621,117.641567391003,43.4654463969595,265369.95,667987.61,12,8,87.285
NS66NE_1558,1,0_4,6.16041833312,-9999.0,-9999.0,-9999.0,87.6070022583,100.63843568699,40.148386372898,265331.75,667986.51,12,8,87.607
NS66NE_1559,1,0_4,5.87026503092,-9999.0,-9999.0,-9999.0,87.5749969482,111.149192772771,42.1830537420865,265230.34,667986.43,12,8,87.575
NS66NE_1577,1,0_4,3.49673537643,-9999.0,-9999.0,-9999.0,87.9899978638,175.094234691197,54.1017724913556,265077.45,667982.29,12,8,87.99
NS66NE_1582,1,0_4,6.03357213974,-9999.0,-9999.0,-9999.0,87.0070037842,106.58044602141,41.3039405668357,265381.11,667978.82,12,8,87.007
NS66NE_1587,1,0_4,4.50452618974,-9999.0,-9999.0,-9999.0,88.9530029297,239.389551975032,72.7736084555171,265010.28,667982.82,40,22,88.953
NS66NE_1588,1,0_4,6.04798413907,-9999.0,-9999.0,-9999.0,87.516998291,156.0074969103,50.9806448173925,265283.47,667979.04,12,8,87.517
NS66NE_1589,1,0_4,4.37291275947,-9999.0,-9999.0,-9999.0,85.8389968872,345.893751012816,81.0368198487184,265162.19,667982.7,16,10,85.839
NS66NE_1598,1,0_4,6.12359909297,-9999.0,-9999.0,-9999.0,87.5429992676,113.157379393247,42.6074540414332,265344.32,667974.75,12,8,87.543
NS66NE_1601,1,0_4,5.97332862116,-9999.0,-9999.0,-9999.0,87.6409988403,103.777039504811,40.7945718638762,265267.27,667973.61,12,8,87.641
NS66NE_1609,1,0_4,5.91494416149,-9999.0,-9999.0,-9999.0,87.5449981689,115.290873502024,43.0022603545581,265209.13,667969.54,12,8,87.545
NS66NE_1611,1,0_4,2.11482089328,-9999.0,-9999.0,-9999.0,88.2789993286,28.8030862445229,24.5871041087679,265010.9,667965.6,8,6,88.279
NS66NE_1612,1,0_4,4.00432263993,-9999.0,-9999.0,-9999.0,85.5289993286,75.012225728406,35.7720279809294,265185.51,667967.93,20,12,85.529
NS66NE_1613,1,0_4,6.01957248416,-9999.0,-9999.0,-9999.0,87.5510025024,156.63154711298,51.0370993286679,265318.14,667970.47,12,8,87.551
NS66NE_1617,1,0_4,5.87807177167,-9999.0,-9999.0,-9999.0,86.9219970703,112.809256689797,42.5324487726949,265387.59,667967.04,12,8,86.922
NS66NE_1619,1,0_4,5.88010603898,-9999.0,-9999.0,-9999.0,87.716003418,111.801623002338,42.3342590355902,265255.57,667967.17,12,8,87.716
NS66NE_1625,1,0_4,4.21007873789,-9999.0,-9999.0,-9999.0,87.2959976196,275.157714698912,90.1202541192665,265060.96,667969.68,44,24,87.296
NS66NE_1626,1,0_4,4.35218670753,-9999.0,-9999.0,-9999.0,85.9889984131,320.209642927483,76.5371294799926,265139.77,667968.1,48,26,85.989
NS66NE_1627,1,0_4,6.04047604331,-9999.0,-9999.0,-9999.0,87.2429962158,100.710285160584,40.1509349868347,265357.95,667964.64,12,8,87.243
NS66NE_1641,1,0_4,5.93673433116,-9999.0,-9999.0,-9999.0,87.5159988403,90.423709845572,38.6056717794332,265307.2,667960.37,12,8,87.516
NS66NE_1646,1,0_4,6.16360819499,-9999.0,-9999.0,-9999.0,87.9110031128,113.975900750434,42.7562753444358,265244.62,667958.89,12,8,87.911
NS66NE_1647,1,0_4,6.08601985883,-9999.0,-9999.0,-9999.0,87.5989990234,100.778791031963,40.1607440016899,265284.54,667958.32,12,8,87.599
NS66NE_1658,1,0_4,6.1031899572,-9999.0,-9999.0,-9999.0,86.7450027466,103.366199031842,40.7122176525116,265395.1,667955.61,12,8,86.745
NS66NE_1667,1,0_4,6.08754914382,-9999.0,-9999.0,-9999.0,87.4189987183,105.885354283463,41.195485111093,265332.85,667953.24,12,8,87.419
NS66NE_1674,1,0_4,6.20620913119,-9999.0,-9999.0,-9999.0,87.1500015259,111.92556184194,42.3708002788763,265193.13,667950.3,12,8,87.15
NS66NE_1679,1,0_4,3.78974857585,-9999.0,-9999.0,-9999.0,85.3209991455,104.129921183947,56.7947916725799,265157.51,667949.01,44,24,85.321
NS66NE_1685,1,0_4,5.9485226625,-9999.0,-9999.0,-9999.0,87.4960021973,116.960466014593,43.3117008152894,265292.48,667946.21,12,8,87.496
NS66NE_1686,1,0_4,6.05850458145,-9999.0,-9999.0,-9999.0,87.3789978027,117.095134298275,43.3378371446912,265364.18,667945.97,12,8,87.379
NS66NE_1690,1,0_4,6.07501440144,-9999.0,-9999.0,-9999.0,87.9879989624,154.560386769001,50.6933828679405,265232.51,667945.72,12,8,87.988
NS66NE_1691,1,0_4,6.0621115143,-9999.0,-9999.0,-9999.0,87.6500015259,100.968621676239,40.2115096925804,265262.56,667943.96,12,8,87.65
NS66NE_1696,1,0_4,6.13718216581,-9999.0,-9999.0,-9999.0,87.0319976807,96.564270841467,39.3129401667991,265179.79,667941.56,12,8,87.032
NS66NE_1697,1,0_4,5.86229642232,-9999.0,-9999.0,-9999.0,87.40599823,102.572186279525,40.6273586858794,265350.43,667942.07,12,8,87.406
NS66NE_1699,1,0_4,4.20707803769,-9999.0,-9999.0,-9999.0,85.4629974365,354.661082183468,100.293742775337,265125.92,667949.34,44,24,85.463
NS66NE_1703,1,0_4,5.92091276121,-9999.0,-9999.0,-9999.0,87.8219985962,91.4096099227163,38.7962665149219,265219.5,667938.71,12,8,87.822
NS66NE_1704,1,0_4,5.88688002787,-9999.0,-9999.0,-9999.0,86.46900177,116.131854751212,44.1651567316055,265396.81,667939.58,20,12,86.469
NS66NE_1714,1,0_4,5.90409145499,-9999.0,-9999.0,-9999.0,86.8389968872,101.330837793753,40.3635885340043,265168.58,667935.07,12,8,86.839
NS66NE_1715,1,0_4,5.16744605139,-9999.0,-9999.0,-9999.0,87.2789993286,136.323746044516,65.3640984959719,265335.85,667935.33,28,16,87.279
NS66NE_1721,1,0_4,4.36351663963,-9999.0,-9999.0,-9999.0,86.0370025635,465.104348177629,143.336321742486,265017.85,667941.34,68,36,86.037
NS66NE_1724,1,0_4,5.94384685745,-9999.0,-9999.0,-9999.0,87.7340011597,118.95107036065,43.6845050032048,265270.55,667931.7,12,8,87.734
NS66NE_1730,1,0_4,6.01793805738,-9999.0,-9999.0,-9999.0,87.5709991455,104.761512379139,41.0002318012023,265202.07,667928.89,12,8,87.571
NS66NE_1738,1,0_4,6.22553135799,-9999.0,-9999.0,-9999.0,86.9420013428,98.4813789779817,39.6971500495246,265159.11,667926.09,12,8,86.942
NS66NE_1741,1,0_4,6.00216519103,-9999.0,-9999.0,-9999.0,87.0240020752,161.382720446042,51.9826961521977,265304.99,667926.09,12,8,87.024
NS66NE_1753,1,0_4,5.97545703226,-9999.0,-9999.0,-9999.0,87.5469970703,157.069160202695,51.1997802350348,265247.43,667923.37,12,8,87.547
NS66NE_1764,1,0_4,6.21244255377,-9999.0,-9999.0,-9999.0,87.266998291,99.9425779131258,39.9970389900238,265289.5,667916.47,12,8,87.267
NS66NE_1767,1,0_4,2.85927851513,-9999.0,-9999.0,-9999.0,87.2939987183,54.007106250152,29.9843177810277,265165.31,667914.41,12,8,87.294
NS66NE_1775,1,0_4,5.91166215376,-9999.0,-9999.0,-9999.0,87.5680007935,112.116160048341,43.7452169009944,265209.85,667915.26,20,12,87.568
NS66NE_1777,1,0_4,6.22634852118,-9999.0,-9999.0,-9999.0,87.2239990234,97.8490616622551,39.575987973783,265179.26,667914.32,12,8,87.224
NS66NE_1786,1,0_4,6.02309900598,-9999.0,-9999.0,-9999.0,87.4240036011,99.7636276628262,39.9660374369959,265321.39,667911.34,12,8,87.424
NS66NE_1790,1,0_4,5.95753877132,-9999.0,-9999.0,-9999.0,87.5759963989,117.144167064899,43.3230783846641,265234.71,667911.09,12,8,87.576
NS66NE_1802,1,0_4,5.77288859,-9999.0,-9999.0,-9999.0,87.4120025635,110.535038433543,42.0895304956451,265270.68,667905.97,12,8,87.412
NS66NE_1813,1,0_4,6.06356055306,-9999.0,-9999.0,-9999.0,87.1839981079,113.931725912738,42.7516063755254,265186.72,667902.67,12,8,87.184
NS66NE_1814,1,0_4,5.79966298816,-9999.0,-9999.0,-9999.0,87.361000061,105.47422582098,41.1994438844991,265331.88,667901.87,12,8,87.361
NS66NE_1842,1,0_4,5.9414608739,-9999.0,-9999.0,-9999.0,87.3539962769,90.390437643053,38.559513816111,265278.66,667894.29,12,8,87.354
NS66NE_1851,1,0_4,6.03658397047,-9999.0,-9999.0,-9999.0,87.4400024414,100.562634876753,40.1151152898147,265306.53,667892.12,12,8,87.44
NS66NE_1860,1,0_4,6.08072681395,-9999.0,-9999.0,-9999.0,87.2340011597,154.975470005065,50.7744434649057,265341.55,667889.89,12,8,87.234
NS66NE_1874,1,0_4,5.9444883368,-9999.0,-9999.0,-9999.0,87.3089981079,112.821528461055,43.9522313484288,265286.4,667884.18,20,12,87.309
NS66NE_1891,1,0_4,5.81972263636,-9999.0,-9999.0,-9999.0,87.0469970703,117.647695972306,43.4061665116302,265353.4,667878.51,12,8,87.047
NS66NE_1902,1,0_4,6.07314355489,-9999.0,-9999.0,-9999.0,87.3339996338,154.344824351497,50.5920225561791,265324.98,667875.75,12,8,87.334
NS66NE_1912,1,0_4,6.04326034011,-9999.0,-9999.0,-9999.0,87.0429992676,116.335526377289,43.209147151956,265365.44,667869.81,12,8,87.043
NS66NE_1920,1,0_4,5.36860489229,-9999.0,-9999.0,-9999.0,87.3779983521,137.32445912381,63.1454812288068,265314.28,667866.94,28,16,87.378
NS66NE_1938,1,0_4,6.07935142998,-9999.0,-9999.0,-9999.0,87.1179962158,101.661662919012,40.342570857472,265345.69,667857.28,12,8,87.118
NS66NE_1940,1,0_4,5.94650841649,-9999.0,-9999.0,-9999.0,87.2710037231,164.795997698136,52.370125490483,265284.89,667857.94,12,8,87.271
NS66NE_1957,1,0_4,5.23594335422,-9999.0,-9999.0,-9999.0,86.9540023804,143.116340702335,64.9599963922523,265330.73,667851.46,28,16,86.954
NS66NE_1968,1,0_4,6.03007890692,-9999.0,-9999.0,-9999.0,87.0240020752,102.74876153536,40.5502790497906,265321.19,667843.16,12,8,87.024
NS66NE_1990,1,0_4,5.24815527236,-9999.0,-9999.0,-9999.0,87.0419998169,250.13116214175,96.5771996300173,265301.72,667838.61,52,28,87.042
NS66NE_1000,1,0_5,4.32979534735,-9999.0,-9999.0,-9999.0,96.7089996338,203.837949100917,65.8878095426904,265091.6,668211.49,28,16,96.709
NS66NE_1001,1,0_5,5.65759726468,-9999.0,-9999.0,-9999.0,89.2249984741,311.773941454132,89.2198318609409,265211.33,668218.77,44,24,89.225
NS66NE_1003,1,0_5,5.03960334408,-9999.0,-9999.0,-9999.0,85.5059967041,462.610654997734,126.754821288227,265350.62,668213.59,76,40,85.506
NS66NE_1010,1,0_5,5.67699992329,-9999.0,-9999.0,-9999.0,88.1279983521,174.976308588706,66.6513610582812,265253.18,668208.61,44,24,88.128
NS66NE_1011,1,0_5,5.28245289146,-9999.0,-9999.0,-9999.0,83.263999939,204.590174244954,59.0793980366743,265404.9,668208.26,20,12,83.264
NS66NE_1014,1,0_5,3.84094546058,-9999.0,-9999.0,-9999.0,98.9079971313,178.94662964222,71.2147375410517,265055.48,668203.42,36,20,98.908
NS66NE_1016,1,0_5,3.00661363724,-9999.0,-9999.0,-9999.0,94.2395019531,63.1077224417724,32.4169140238326,265155.87,668200.43,20,12,94.24
NS66NE_1019,1,0_5,4.83023609559,-9999.0,-9999.0,-9999.0,90.6620025635,124.876751258939,48.8081206620483,265184.1,668200.72,28,16,90.662
NS66NE_1020,1,0_5,2.22662663224,-9999.0,-9999.0,-9999.0,85.4800033569,54.6246449974716,31.5973932525901,265333.17,668197.24,12,8,85.48
NS66NE_1029,1,0_5,5.29840215724,-9999.0,-9999.0,-9999.0,91.2528381348,99.5231249947841,52.7075145972308,265224.35,668198.7,28,16,91.253
NS66NE_1030,1,0_5,5.88976642384,-9999.0,-9999.0,-9999.0,99.3140029907,133.091905323035,46.6225284555952,265014.38,668197.99,12,8,99.314
NS66NE_1031,1,0_5,2.31573067131,-9999.0,-9999.0,-9999.0,99.1823348999,26.2371749973701,23.7157324673294,265074.25,668193.6,8,6,99.182
NS66NE_1032,1,0_5,4.74209016072,-9999.0,-9999.0,-9999.0,94.4940032959,213.745287925827,69.9492508218642,265140.59,668200.53,28,16,94.494
NS66NE_1038,1,0_5,6.3551594074,-9999.0,-9999.0,-9999.0,86.2900009155,134.292426953295,47.7872731762473,265303.6,668195.37,20,12,86.29
NS66NE_1039,1,0_5,5.85002980607,-9999.0,-9999.0,-9999.0,86.0130004883,184.875907966419,69.4963116067878,265320.31,668198.72,44,24,86.013
NS66NE_1048,1,0_5,4.09317411535,-9999.0,-9999.0,-9999.0,99.2529983521,149.525767264324,53.4511972992669,265057.71,668190.99,20,12,99.253
NS66NE_1057,1,0_5,6.18593103658,-9999.0,-9999.0,-9999.0,87.4240036011,132.639990875849,47.7624864124291,265286.28,668187.85,20,12,87.424
NS66NE_1061,1,0_5,2.08599983774,-9999.0,-9999.0,-9999.0,87.4641952515,33.3365399946528,25.0625656176477,265299.72,668182.16,12,8,87.464
NS66NE_1063,1,0_5,5.36397487478,-9999.0,-9999.0,-9999.0,95.9609985352,211.780089417043,58.9361367879405,265147.8,668185.22,16,10,95.961
NS66NE_1066,1,0_5,4.12407121381,-9999.0,-9999.0,-9999.0,97.5960006714,318.757632105218,101.519345812572,265100.81,668189.03,60,32,97.596
NS66NE_1067,1,0_5,5.93007433578,-9999.0,-9999.0,-9999.0,88.8310012817,130.52334998382,46.2554267401707,265268.92,668180.98,16,10,88.831
NS66NE_1068,1,0_5,2.06083656649,-9999.0,-9999.0,-9999.0,88.3369979858,55.7839349970575,34.0526598574983,265282.83,668175.56,16,10,88.337
NS66NE_1077,1,0_5,2.38950891495,-9999.0,-9999.0,-9999.0,89.8700027466,24.4281524959259,23.5776952229998,265262.41,668170.12,8,6,89.87
NS66NE_1079,1,0_5,4.34140608376,-9999.0,-9999.0,-9999.0,83.6300048828,906.450574579032,121.311264933937,265370.12,668185.99,12,8,83.63
NS66NE_1081,1,0_5,5.57726176386,-9999.0,-9999.0,-9999.0,90.7829971313,148.097542591605,54.4524476412269,265252.01,668173.25,36,20,90.783
NS66NE_1091,1,0_5,5.33083101498,-9999.0,-9999.0,-9999.0,93.9810028076,338.235112518533,104.164153678565,265182.07,668174.15,44,24,93.981
NS66NE_1092,1,0_5,3.88403648629,-9999.0,-9999.0,-9999.0,99.3369979858,328.127438216849,82.3555814997995,265065.62,668172.59,28,16,99.337
NS66NE_1093,1,0_5,4.68034971952,-9999.0,-9999.0,-9999.0,99.0390014648,337.210733816267,96.8480380869477,265022.97,668174.48,52,28,99.039
NS66NE_1094,1,0_5,4.53289170765,-9999.0,-9999.0,-9999.0,98.7630004883,265.459963369935,71.2451348899084,265111.68,668169.59,28,16,98.763
NS66NE_1097,1,0_5,5.31678836878,-9999.0,-9999.0,-9999.0,92.59400177,165.111080135081,52.8790809424446,265235.43,668164.88,20,12,92.594
NS66NE_1099,1,0_5,2.16560860836,-9999.0,-9999.0,-9999.0,92.6119995117,21.4342087534775,22.0400011625193,265247.49,668159.55,8,6,92.612
NS66NE_1100,1,0_5,6.11567969071,-9999.0,-9999.0,-9999.0,83.1549987793,157.444076816378,51.2654162508984,265515.25,668163.52,12,8,83.155
NS66NE_1106,1,0_5,4.183892701,-9999.0,-9999.0,-9999.0,97.5989990234,193.296183979545,61.5732620921907,265156.06,668160.47,36,20,97.599
NS66NE_1116,1,0_5,2.54520139441,-9999.0,-9999.0,-9999.0,99.2340011597,32.5862699967914,29.2108633566753,265114.02,668151.04,16,10,99.234
NS66NE_1123,1,0_5,3.96802303575,-9999.0,-9999.0,-9999.0,98.2259979248,139.539079374009,49.3561450182487,265033.42,668153.38,20,12,98.226
NS66NE_1125,1,0_5,4.07944872364,-9999.0,-9999.0,-9999.0,98.4440002441,124.320950582689,47.2150550665768,265073.29,668152.12,20,12,98.444
NS66NE_1128,1,0_5,4.50323511404,-9999.0,-9999.0,-9999.0,94.3170013428,316.83249311536,108.588135998539,265213.65,668152.77,60,32,94.317
NS66NE_1138,1,0_5,6.21496857269,-9999.0,-9999.0,-9999.0,83.2389984131,160.288432335588,51.6646714495171,265525.34,668147.77,12,8,83.239
NS66NE_1142,1,0_5,4.36637044871,-9999.0,-9999.0,-9999.0,86.5960006714,318.718100651555,92.4966495096121,265323.44,668152.17,36,20,86.596
NS66NE_1143,1,0_5,3.73902442306,-9999.0,-9999.0,-9999.0,88.2060012817,265.46904954599,94.8502608369142,265307.54,668149.76,68,36,88.206
NS66NE_1144,1,0_5,4.77895395188,-9999.0,-9999.0,-9999.0,96.3880004883,106.620974763273,43.354843820628,265196.03,668141.9,28,16,96.388
NS66NE_1147,1,0_5,6.07065138616,-9999.0,-9999.0,-9999.0,83.4540023804,152.507410573669,50.4436309727762,265501.41,668140.69,12,8,83.454
NS66NE_1152,1,0_5,6.17428529705,-9999.0,-9999.0,-9999.0,84.2099990845,156.0961015367,51.0027034511943,265474.34,668138.31,12,8,84.21
NS66NE_1156,1,0_5,2.16763807177,-9999.0,-9999.0,-9999.0,92.3949966431,36.3084562492227,24.2775111186009,265258.86,668132.06,12,8,92.395
NS66NE_1158,1,0_5,5.11500223478,-9999.0,-9999.0,-9999.0,96.5039978027,124.035858873631,47.2368167550117,265184.89,668134.24,24,14,96.504
NS66NE_1162,1,0_5,5.98831195044,-9999.0,-9999.0,-9999.0,96.4789962769,194.853275135173,67.7055779008343,265039.76,668135.79,28,16,96.479
NS66NE_1164,1,0_5,4.4631733718,-9999.0,-9999.0,-9999.0,96.8180007935,303.575837014803,86.5818590889821,265120.49,668136.5,52,28,96.818
NS66NE_1166,1,0_5,3.4708338586,-9999.0,-9999.0,-9999.0,96.5699996948,55.7942909562988,31.0218388702589,265016.71,668127.02,12,8,96.57
NS66NE_1169,1,0_5,4.11099884239,-9999.0,-9999.0,-9999.0,88.9329986572,234.390026572617,84.1543754156095,265295.88,668135.36,36,20,88.933
NS66NE_1173,1,0_5,5.44519400089,-9999.0,-9999.0,-9999.0,96.4530029297,107.961317909278,43.4082466027952,265171.71,668125.96,28,16,96.453
NS66NE_1187,1,0_5,6.15925678899,-9999.0,-9999.0,-9999.0,83.2220001221,418.157027457839,110.485478452859,265415.28,668135.43,36,20,83.222
NS66NE_1211,1,0_5,4.20695299166,-9999.0,-9999.0,-9999.0,95.0490036011,401.403334154663,137.119483100976,265085.25,668127.48,76,40,95.049
NS66NE_349,1,0_5,3.67001083601,-9999.0,-9999.0,-9999.0,86.0429992676,130.122067200846,66.7037229739126,265601.1,668670.33,36,20,86.043
NS66NE_543,1,0_5,2.49923077978,-9999.0,-9999.0,-9999.0,91.9349975586,49.7274974998954,28.2131633825703,265624.41,668504.4,12,8,91.935
NS66NE_578,1,0_5,2.45566884359,-9999.0,-9999.0,-9999.0,88.56300354,22.028527502995,21.9148560445854,265533.22,668477.96,8,6,88.563
NS66NE_582,1,0_5,2.73687736434,-9999.0,-9999.0,-9999.0,88.7050018311,28.796433750315,28.9881603092612,265548.27,668474.89,20,12,88.705
NS66NE_596,1,0_5,6.62118253578,-9999.0,-9999.0,-9999.0,88.266998291,167.801217971976,57.3295890058886,265537.67,668466.75,28,16,88.267
NS66NE_599,1,0_5,5.39483909499,-9999.0,-9999.0,-9999.0,85.3470993042,546.643955661806,130.856158050141,265498.13,668469.44,68,36,85.347
NS66NE_607,1,0_5,5.13988921565,-9999.0,-9999.0,-9999.0,89.3960037231,997.094538167746,286.410730697309,265592.35,668463.79,136,70,89.396
NS66NE_639,1,0_5,5.16595450876,-9999.0,-9999.0,-9999.0,81.5240020752,265.193625863152,76.5194743769874,265477.17,668426.88,36,20,81.524
NS66NE_644,1,0_5,3.52123647077,-9999.0,-9999.0,-9999.0,82.1620025635,233.925209785787,79.5380282401129,265497.87,668422.07,44,24,82.162
NS66NE_651,1,0_5,3.39072092985,-9999.0,-9999.0,-9999.0,81.3929977417,80.3783111391071,36.491447810113,265458.03,668408.89,12,8,81.393
NS66NE_656,1,0_5,7.03651664102,-9999.0,-9999.0,-9999.0,85.8339996338,171.778566376599,54.8629227981949,265610.24,668408.69,28,16,85.834
NS66NE_661,1,0_5,3.94065616167,-9999.0,-9999.0,-9999.0,83.5999984741,259.451317112806,75.2669393170376,265544.92,668401.98,36,20,83.6
NS66NE_662,1,0_5,5.04973713229,-9999.0,-9999.0,-9999.0,84.6399993896,550.963065744897,176.104495837317,265581.33,668407.65,112,58,84.64
NS66NE_664,1,0_5,2.18011495229,-9999.0,-9999.0,-9999.0,85.763999939,22.3595137525291,23.2850605418004,265603.0,668396.14,8,6,85.764
NS66NE_667,1,0_5,3.61231357569,-9999.0,-9999.0,-9999.0,83.3099975586,184.590774486871,60.2554659185323,265522.86,668401.8,20,12,83.31
NS66NE_670,1,0_5,2.49189011201,-9999.0,-9999.0,-9999.0,85.7600021362,75.3601799972919,41.6719468720803,265619.63,668395.76,20,12,85.76
NS66NE_679,1,0_5,2.56066973616,-9999.0,-9999.0,-9999.0,83.5999984741,42.3779699979158,26.0793110701474,265514.04,668384.89,12,8,83.6
NS66NE_680,1,0_5,2.92292782995,-9999.0,-9999.0,-9999.0,84.766998291,78.6467250687162,36.7242246769708,265558.35,668386.63,20,12,84.767
NS66NE_683,1,0_5,4.1753927615,-9999.0,-9999.0,-9999.0,81.672996521,565.742705271847,122.344717517847,265484.89,668392.72,44,24,81.673
NS66NE_715,1,0_5,3.24632921654,-9999.0,-9999.0,-9999.0,85.5950012207,126.169891226876,47.6956583970819,265536.26,668357.0,28,16,85.595
NS66NE_718,1,0_5,9.36162129476,-9999.0,-9999.0,-9999.0,83.8430023193,210.579884047251,58.4772692764514,265584.08,668352.94,12,8,83.843
NS66NE_719,1,0_5,2.11651607226,-9999.0,-9999.0,-9999.0,83.2193374634,47.4671325019537,27.6412433884433,265361.31,668348.32,12,8,83.219
NS66NE_720,1,0_5,5.3481418644,-9999.0,-9999.0,-9999.0,83.3830032349,144.368732239413,48.5023474775267,265477.44,668352.43,12,8,83.383
NS66NE_728,1,0_5,9.32589086356,-9999.0,-9999.0,-9999.0,83.8099975586,209.939108386567,58.3541288197732,265565.04,668350.95,12,8,83.81
NS66NE_738,1,0_5,2.99110386289,-9999.0,-9999.0,-9999.0,85.3960037231,44.0700449980971,26.7109260619768,265141.36,668340.64,12,8,85.396
NS66NE_741,1,0_5,6.4024203686,-9999.0,-9999.0,-9999.0,82.8949966431,133.72205297548,46.7778581673002,265372.07,668340.19,12,8,82.895
NS66NE_745,1,0_5,6.49343136058,-9999.0,-9999.0,-9999.0,83.1719970703,131.625385424873,46.3839461595214,265354.03,668336.57,12,8,83.172
NS66NE_748,1,0_5,3.91094819376,-9999.0,-9999.0,-9999.0,82.966003418,156.299913758013,51.8066333555203,265502.58,668334.79,24,14,82.966
NS66NE_750,1,0_5,6.23649348295,-9999.0,-9999.0,-9999.0,83.3330001831,145.100709524303,52.3270454468691,265336.01,668333.79,28,16,83.333
NS66NE_751,1,0_5,5.20577768213,-9999.0,-9999.0,-9999.0,82.5059967041,471.172684082652,167.335669515295,265407.52,668338.29,96,52,82.506
NS66NE_756,1,0_5,4.70964178351,-9999.0,-9999.0,-9999.0,81.4410018921,222.463826644399,78.5849773227499,265459.01,668336.54,44,24,81.441
NS66NE_758,1,0_5,6.13157684093,-9999.0,-9999.0,-9999.0,84.4976654053,174.252355794827,68.429897966185,265536.18,668331.8,28,16,84.498
NS66NE_770,1,0_5,5.81976431762,-9999.0,-9999.0,-9999.0,86.2099990845,352.168522890531,126.610175471616,265117.72,668322.29,68,36,86.21
NS66NE_771,1,0_5,5.46067832399,-9999.0,-9999.0,-9999.0,85.8430023193,180.477343770104,68.6277568624881,265149.81,668323.2,28,16,85.843
NS66NE_772,1,0_5,3.28073646512,-9999.0,-9999.0,-9999.0,82.6620025635,118.590904481141,43.8333333598134,265496.33,668320.39,12,8,82.662
NS66NE_773,1,0_5,5.54821891105,-9999.0,-9999.0,-9999.0,82.5029983521,163.505036127461,52.9349695919503,265430.59,668320.84,20,12,82.503
NS66NE_775,1,0_5,8.97618166529,-9999.0,-9999.0,-9999.0,83.1197280884,209.747200026261,58.3415569245107,265554.42,668319.51,12,8,83.12
NS66NE_776,1,0_5,6.86170853928,-9999.0,-9999.0,-9999.0,88.0660018921,129.878216279943,46.165479625037,265093.27,668313.99,12,8,88.066
NS66NE_785,1,0_5,5.93570048869,-9999.0,-9999.0,-9999.0,89.2239990234,159.815323801175,51.2327443139082,265001.52,668312.55,20,12,89.224
NS66NE_788,1,0_5,5.45083662437,-9999.0,-9999.0,-9999.0,89.2350006104,190.443108703151,58.5130897370108,265021.24,668311.52,20,12,89.235
NS66NE_789,1,0_5,6.49921714089,-9999.0,-9999.0,-9999.0,89.2699966431,138.980011210568,52.4996458228032,265056.68,668310.98,28,16,89.27
NS66NE_790,1,0_5,6.52994459023,-9999.0,-9999.0,-9999.0,88.7740020752,126.184639237264,45.534518754609,265074.98,668309.85,12,8,88.774
NS66NE_793,1,0_5,6.10309093705,-9999.0,-9999.0,-9999.0,88.8830032349,218.955294584047,75.3094288906873,265041.06,668312.46,36,20,88.883
NS66NE_794,1,0_5,6.02777054146,-9999.0,-9999.0,-9999.0,83.3460006714,141.537958232391,48.3534874419879,265395.26,668311.05,12,8,83.346
NS66NE_807,1,0_5,6.33180327782,-9999.0,-9999.0,-9999.0,83.1549987793,133.458745751176,46.7617306016247,265437.27,668303.76,12,8,83.155
NS66NE_808,1,0_5,5.28573791946,-9999.0,-9999.0,-9999.0,83.8379974365,180.461666126409,65.8112040360235,265372.25,668305.55,44,24,83.838
NS66NE_811,1,0_5,5.81817564552,-9999.0,-9999.0,-9999.0,82.6039962769,167.925273233927,64.1902069036246,265498.25,668301.27,36,20,82.604
NS66NE_813,1,0_5,5.77333230479,-9999.0,-9999.0,-9999.0,84.2990036011,206.800558401332,62.7286331297795,265351.76,668302.73,32,18,84.299
NS66NE_814,1,0_5,5.78124463117,-9999.0,-9999.0,-9999.0,84.283996582,82.470911200481,36.5504738711642,265400.96,668296.82,12,8,84.284
NS66NE_818,1,0_5,9.2513628475,-9999.0,-9999.0,-9999.0,82.841003418,227.644360696257,60.1473937636337,265528.69,668299.28,16,10,82.841
NS66NE_828,1,0_5,5.80036684396,-9999.0,-9999.0,-9999.0,86.6190032959,148.347865905068,52.5663402370253,265137.11,668289.55,20,12,86.619
NS66NE_831,1,0_5,9.88330494947,-9999.0,-9999.0,-9999.0,83.0110015869,1571.8283254942,276.5941906127,265614.34,668321.81,60,32,83.011
NS66NE_835,1,0_5,2.36053662422,-9999.0,-9999.0,-9999.0,86.408996582,23.6260687477963,22.4578347324552,265152.75,668282.02,8,6,86.409
NS66NE_839,1,0_5,5.39899355494,-9999.0,-9999.0,-9999.0,82.2539978027,174.757102332256,59.8948884052124,265500.83,668286.52,36,20,82.254
NS66NE_840,1,0_5,5.48523047536,-9999.0,-9999.0,-9999.0,87.9810028076,152.329174482301,53.6510768567863,265122.1,668284.22,20,12,87.981
NS66NE_842,1,0_5,6.85711936868,-9999.0,-9999.0,-9999.0,89.6940002441,118.578161413223,44.3025801459403,265103.54,668281.95,12,8,89.694
NS66NE_843,1,0_5,5.48642890347,-9999.0,-9999.0,-9999.0,84.7580032349,180.441331752035,76.7851332845899,265442.24,668286.6,40,24,84.758
NS66NE_845,1,0_5,9.30472234417,-9999.0,-9999.0,-9999.0,82.5080032349,220.037517732242,59.7262206267268,265548.56,668285.57,12,8,82.508
NS66NE_846,1,0_5,6.27173632176,-9999.0,-9999.0,-9999.0,84.9000015259,133.899903062134,46.7742324862069,265407.07,668283.58,12,8,84.9
NS66NE_848,1,0_5,5.02232286082,-9999.0,-9999.0,-9999.0,85.6999969482,196.768387506783,78.6082788928522,265303.27,668283.79,44,24,85.7
NS66NE_851,1,0_5,5.17628047473,-9999.0,-9999.0,-9999.0,91.4209976196,401.023887651815,115.468173309184,265022.52,668280.33,68,36,91.421
NS66NE_861,1,0_5,5.61672338721,-9999.0,-9999.0,-9999.0,92.2450027466,152.925993190824,53.8143061646787,265055.4,668276.07,20,12,92.245
NS66NE_862,1,0_5,1.95161220006,-9999.0,-9999.0,-9999.0,87.6330032349,23.0090100049355,23.3530664458444,265353.06,668271.82,8,6,87.633
NS66NE_863,1,0_5,2.23598533953,-9999.0,-9999.0,-9999.0,85.2730026245,21.3270487513728,22.2863241689647,265453.72,668272.54,8,6,85.273
NS66NE_864,1,0_5,4.04632366686,-9999.0,-9999.0,-9999.0,83.091003418,568.173521691211,100.578172739811,265469.07,668287.27,20,12,83.091
NS66NE_866,1,0_5,5.33622376399,-9999.0,-9999.0,-9999.0,85.1350021362,332.24410485867,106.667345601193,265336.01,668285.04,60,32,85.135
NS66NE_867,1,0_5,2.30360602052,-9999.0,-9999.0,-9999.0,83.1725006104,38.308514995953,24.8139281286185,265502.52,668271.3,12,8,83.172
NS66NE_881,1,0_5,5.39992360151,-9999.0,-9999.0,-9999.0,85.3759994507,159.273107379438,59.5578636077523,265269.55,668266.96,36,20,85.376
NS66NE_882,1,0_5,2.00534236324,-9999.0,-9999.0,-9999.0,86.1490020752,31.6642275006714,28.5643107009064,265283.41,668261.89,16,10,86.149
NS66NE_883,1,0_5,2.3384604454,-9999.0,-9999.0,-9999.0,86.841003418,24.2918250001967,23.2289620904068,265148.57,668259.49,8,6,86.841
NS66NE_886,1,0_5,4.27024864929,-9999.0,-9999.0,-9999.0,86.4530029297,254.927881011143,107.505032128321,265305.08,668263.88,84,44,86.453
NS66NE_888,1,0_5,4.79794968955,-9999.0,-9999.0,-9999.0,86.5140991211,449.543069845792,122.435673360133,265376.6,668265.25,92,48,86.514
NS66NE_895,1,0_5,5.97524902987,-9999.0,-9999.0,-9999.0,82.2890014648,446.631909884677,119.999710199368,265527.8,668260.79,32,18,82.289
NS66NE_896,1,0_5,5.31339322283,-9999.0,-9999.0,-9999.0,83.2259979248,240.059034216817,67.0127622939772,265589.84,668256.58,28,16,83.226
NS66NE_900,1,0_5,5.21406570589,-9999.0,-9999.0,-9999.0,83.8089981079,150.320415124668,52.6358110824509,265480.21,668252.91,28,16,83.809
NS66NE_902,1,0_5,2.23780281479,-9999.0,-9999.0,-9999.0,87.1660003662,43.3909082777649,27.7586122930241,265308.39,668247.57,12,8,87.166
NS66NE_903,1,0_5,5.74703256707,-9999.0,-9999.0,-9999.0,87.2440032959,139.395943729064,47.5954844972236,265353.03,668252.61,12,8,87.244
NS66NE_906,1,0_5,5.66136499862,-9999.0,-9999.0,-9999.0,85.388999939,146.14643851403,52.7771143386037,265236.58,668251.13,28,16,85.389
NS66NE_912,1,0_5,6.1668397447,-9999.0,-9999.0,-9999.0,92.2129974365,166.20670570739,58.1221558139298,265111.3,668251.16,36,20,92.213
NS66NE_913,1,0_5,2.69256342838,-9999.0,-9999.0,-9999.0,92.6959991455,24.5875200023804,20.5873998197876,265126.19,668244.26,12,8,92.696
NS66NE_914,1,0_5,5.15659515261,-9999.0,-9999.0,-9999.0,96.6480026245,196.681320580048,62.9592071579424,265005.84,668249.53,36,20,96.648
NS66NE_917,1,0_5,2.03140300709,-9999.0,-9999.0,-9999.0,84.0159988403,25.5097912531308,23.2310842411075,265448.46,668242.69,8,6,84.016
NS66NE_923,1,0_5,6.0361380954,-9999.0,-9999.0,-9999.0,87.5239257812,154.494307398773,52.5633914918801,265199.99,668244.91,28,16,87.524
NS66NE_924,1,0_5,5.22618883655,-9999.0,-9999.0,-9999.0,86.0559997559,170.848006891381,58.1182113110489,265275.33,668245.93,28,16,86.056
NS66NE_925,1,0_5,2.53229785298,-9999.0,-9999.0,-9999.0,88.2080001831,56.38427625326,29.5721464469475,265213.42,668239.8,16,10,88.208
NS66NE_926,1,0_5,5.1237374508,-9999.0,-9999.0,-9999.0,85.5569992065,531.736882207449,189.322387842203,265423.74,668254.47,92,48,85.557
NS66NE_927,1,0_5,1.89567357113,-9999.0,-9999.0,-9999.0,86.2235870361,27.94572375394,24.637306644809,265231.88,668238.22,16,10,86.224
NS66NE_928,1,0_5,4.98654412406,-9999.0,-9999.0,-9999.0,83.7279968262,266.059380890962,81.1394819159805,265465.1,668245.96,44,24,83.728
NS66NE_929,1,0_5,4.95516030925,-9999.0,-9999.0,-9999.0,92.9240036011,375.380516768661,111.851824093922,265074.13,668253.13,56,30,92.924
NS66NE_931,1,0_5,2.09349317381,-9999.0,-9999.0,-9999.0,86.6750030518,43.9888837528775,26.5409616825649,265292.72,668238.41,12,8,86.675
NS66NE_932,1,0_5,5.93166442989,-9999.0,-9999.0,-9999.0,87.0199966431,134.606197435071,47.5969571835914,265321.28,668241.78,20,12,87.02
NS66NE_941,1,0_5,5.04230586916,-9999.0,-9999.0,-9999.0,97.7509994507,197.23085566697,65.70886188499,265026.4,668236.91,44,24,97.751
NS66NE_944,1,0_5,6.44429524222,-9999.0,-9999.0,-9999.0,85.7149963379,126.623812951419,45.3965244653549,265388.15,668233.52,12,8,85.715
NS66NE_947,1,0_5,2.38266559357,-9999.0,-9999.0,-9999.0,85.0599975586,48.2659387440793,27.8392532194434,265401.28,668230.09,12,8,85.06
NS66NE_948,1,0_5,2.98038601345,-9999.0,-9999.0,-9999.0,98.0199966431,48.0965024990195,28.2566098249496,265056.47,668229.64,12,8,98.02
NS66NE_950,1,0_5,5.74691524645,-9999.0,-9999.0,-9999.0,86.8570022583,142.301274712375,51.9629984890143,265305.29,668232.24,28,16,86.857
NS66NE_951,1,0_5,1.94511070804,-9999.0,-9999.0,-9999.0,83.7710037231,20.3396737489992,21.8696405059821,265418.02,668226.97,8,6,83.771
NS66NE_954,1,0_5,6.36122266728,-9999.0,-9999.0,-9999.0,93.7779998779,155.072948940043,51.7383781883168,265121.62,668231.51,12,8,93.778
NS66NE_956,1,0_5,5.54223695137,-9999.0,-9999.0,-9999.0,83.8649978638,182.241021141434,62.2463258005081,265444.25,668230.95,36,20,83.865
NS66NE_965,1,0_5,5.25609389028,-9999.0,-9999.0,-9999.0,85.8740005493,213.106027211804,67.5356370235527,265247.8,668231.79,36,20,85.874
NS66NE_967,1,0_5,6.04144989073,-9999.0,-9999.0,-9999.0,86.4260025024,133.310938673445,46.7420674353362,265287.49,668225.87,12,8,86.426
NS66NE_968,1,0_5,4.34768256567,-9999.0,-9999.0,-9999.0,95.7109985352,136.334332741144,49.4569581054696,265087.13,668225.81,28,16,95.711
NS66NE_970,1,0_5,6.43997496961,-9999.0,-9999.0,-9999.0,85.6340026855,131.775521551971,46.6230279218038,265372.25,668225.08,16,10,85.634
NS66NE_971,1,0_5,4.30155009167,-9999.0,-9999.0,-9999.0,82.9069976807,481.535604926509,88.010651084088,265568.28,668231.76,12,8,82.907
NS66NE_976,1,0_5,2.36833429581,-9999.0,-9999.0,-9999.0,84.5419998169,50.2724662513418,28.8319810074351,265386.45,668219.66,12,8,84.542
NS66NE_979,1,0_5,4.42819032215,-9999.0,-9999.0,-9999.0,83.517616272,104.421337969558,44.7698463698598,265424.12,668219.56,20,12,83.518
NS66NE_986,1,0_5,5.34689054097,-9999.0,-9999.0,-9999.0,98.5719985962,228.919228754846,72.8522989385148,265043.09,668219.29,44,24,98.572
NS66NE_987,1,0_5,3.06883507344,-9999.0,-9999.0,-9999.0,91.716003418,33.2325450000794,24.0532250265825,265159.35,668212.76,12,8,91.716
NS66NE_989,1,0_5,5.32864516053,-9999.0,-9999.0,-9999.0,86.4739990234,722.530249553196,194.35805096606,265166.66,668243.81,108,56,86.474
NS66NE_991,1,0_5,5.65692326096,-9999.0,-9999.0,-9999.0,94.6330032349,194.590471437589,58.3842415047008,265130.49,668216.84,28,16,94.633
NS66NE_997,1,0_5,5.11758488959,-9999.0,-9999.0,-9999.0,98.2819976807,184.785593141146,62.2902580620386,265004.36,668213.23,36,20,98.282
NS66NE_3,1,0_7,3.78924024598,-9999.0,-9999.0,-9999.0,81.7689971924,31.6308803734674,27.941871619341,265237.22,669673.0,12,8,81.769
NS66NE_4451,1,1_-1,6.08610470565,-9999.0,-9999.0,-9999.0,53.108001709,639.721757344318,127.424573314412,265968.23,664999.06,32,18,53.108
NS66NE_3783,1,1_0,4.89539086089,-9999.0,-9999.0,-9999.0,78.0609970093,395.043087563336,84.2340618434784,265740.98,665590.57,12,8,78.061
NS66NE_3784,1,1_0,4.9073335517,-9999.0,-9999.0,-9999.0,76.8065032959,1089.83837969273,165.038603620674,265678.82,665593.92,28,16,76.806
NS66NE_3807,1,1_0,6.97940237428,-9999.0,-9999.0,-9999.0,93.216003418,8434.96766048559,414.0824101733,266171.83,665609.17,92,48,93.216
NS66NE_3808,1,1_0,4.11859651293,-9999.0,-9999.0,-9999.0,93.2009963989,77.8041900605825,39.7093157209866,266176.33,665565.67,24,14,93.201
NS66NE_3809,1,1_0,5.30258622369,-9999.0,-9999.0,-9999.0,82.0410003662,1265.41744511162,161.255018234526,265860.53,665578.44,60,32,82.041
NS66NE_3810,1,1_0,8.99544117185,-9999.0,-9999.0,-9999.0,95.2679977417,4506.28031324448,303.149370763207,265985.24,665616.46,24,14,95.268
NS66NE_3818,1,1_0,2.69738172361,-9999.0,-9999.0,-9999.0,76.9540023804,99.3466456503304,46.0712371195269,265754.2,665561.98,20,12,76.954
NS66NE_3880,1,1_0,5.65564423863,-9999.0,-9999.0,-9999.0,81.3190002441,2736.70849984524,275.581832037409,265885.35,665537.12,52,28,81.319
NS66NE_3887,1,1_0,5.2133210688,-9999.0,-9999.0,-9999.0,81.2149963379,939.390689257477,153.567941784495,265805.25,665538.72,52,28,81.215
NS66NE_3894,1,1_0,6.82374522687,-9999.0,-9999.0,-9999.0,73.2210006714,4826.03661112319,353.018204175724,265704.92,665534.07,100,52,73.221
NS66NE_3905,1,1_0,2.53535446167,-9999.0,-9999.0,-9999.0,81.2870025635,102.56280734719,41.6099675276147,265925.79,665509.27,12,8,81.287
NS66NE_3969,1,1_0,5.47348475537,-9999.0,-9999.0,-9999.0,70.28099823,2407.46300111835,204.961885187338,265666.66,665478.73,52,28,70.281
NS66NE_3990,1,1_0,6.17747894999,-9999.0,-9999.0,-9999.0,83.1959991455,2421.99702994467,221.126589719599,266176.3,665465.64,44,24,83.196
NS66NE_3992,1,1_0,3.01913314991,-9999.0,-9999.0,-9999.0,82.4589996338,22.7169862517779,19.0935113941354,265980.85,665443.95,12,8,82.459
NS66NE_4000,1,1_0,10.2279813423,-9999.0,-9999.0,-9999.0,81.8769989014,4081.40189573368,267.971402383928,266083.64,665467.97,36,20,81.877
NS66NE_4003,1,1_0,7.85795855157,-9999.0,-9999.0,-9999.0,82.5260009766,4973.60848101844,326.045703796221,266012.21,665471.03,44,24,82.526
NS66NE_4033,1,1_0,5.83110575228,-9999.0,-9999.0,-9999.0,70.0510025024,4435.20844728959,391.889125403342,265816.67,665439.55,76,40,70.051
NS66NE_4034,1,1_0,5.96019033559,-9999.0,-9999.0,-9999.0,71.2570037842,4491.02801295265,423.077563606831,265896.67,665438.7,88,46,71.257
NS66NE_4042,1,1_0,10.9507300543,-9999.0,-9999.0,-9999.0,65.6529998779,5094.70593541674,303.483993577767,265719.06,665398.36,52,28,65.653
NS66NE_4058,1,1_0,10.2914998378,-9999.0,-9999.0,-9999.0,75.1790008545,639.259649416736,152.732873572432,266116.04,665361.54,44,24,75.179
NS66NE_4060,1,1_0,9.94506309182,-9999.0,-9999.0,-9999.0,73.1699981689,634.476376431407,152.565533505143,266044.08,665351.83,44,24,73.17
NS66NE_4076,1,1_0,9.67676345975,-9999.0,-9999.0,-9999.0,68.9570007324,618.263778433545,143.344502779962,265892.27,665327.17,28,16,68.957
NS66NE_4080,1,1_0,3.9112805901,-9999.0,-9999.0,-9999.0,66.3539962769,474.920725452794,99.2783636352791,265828.19,665317.46,32,18,66.354
NS66NE_4084,1,1_0,10.1098069039,-9999.0,-9999.0,-9999.0,71.3909988403,462.622990520136,107.924658211785,266069.44,665324.21,12,8,71.391
NS66NE_4086,1,1_0,9.91381837474,-9999.0,-9999.0,-9999.0,69.3560028076,1257.61084913046,311.624576746982,265958.69,665327.39,76,40,69.356
NS66NE_4088,1,1_0,10.0750683822,-9999.0,-9999.0,-9999.0,70.6119995117,466.060531269088,107.926572910776,266031.67,665315.53,12,8,70.612
NS66NE_4103,1,1_0,9.98563484776,-9999.0,-9999.0,-9999.0,70.4810028076,636.778265264662,152.444016312183,266057.13,665287.69,44,24,70.481
NS66NE_4108,1,1_0,9.64508000364,-9999.0,-9999.0,-9999.0,70.4850006104,1311.80200054545,290.654797579413,266126.66,665304.18,76,40,70.485
NS66NE_4152,1,1_0,7.98035333473,-9999.0,-9999.0,-9999.0,63.9819984436,759.670641978131,162.677187962995,265824.82,665250.92,68,36,63.982
NS66NE_4171,1,1_0,10.3189756544,-9999.0,-9999.0,-9999.0,64.8993301392,634.133452654484,154.064180140937,266190.27,665246.24,52,28,64.899
NS66NE_4187,1,1_0,10.155170429,-9999.0,-9999.0,-9999.0,61.3470001221,413.385604572698,97.8043412201343,266208.82,665214.47,12,8,61.347
NS66NE_4200,1,1_0,12.8782241757,-9999.0,-9999.0,-9999.0,63.3959999084,611.63028479145,136.407092371226,265911.87,665208.88,36,20,63.396
NS66NE_4203,1,1_0,6.65606909667,-9999.0,-9999.0,-9999.0,61.7550010681,193.368426055171,56.6070115540532,265807.81,665197.87,12,8,61.755
NS66NE_4207,1,1_0,13.1615543817,-9999.0,-9999.0,-9999.0,64.4629974365,831.2266106731,169.257903830342,265969.97,665203.7,24,14,64.463
NS66NE_4212,1,1_0,6.67830181122,-9999.0,-9999.0,-9999.0,61.3330001831,471.890172366763,105.113416454157,265833.67,665202.54,12,8,61.333
NS66NE_4234,1,1_0,6.39755517386,-9999.0,-9999.0,-9999.0,60.1710014343,181.974348095262,56.0435970456465,265807.77,665170.31,12,8,60.171
NS66NE_4246,1,1_0,13.2133343111,-9999.0,-9999.0,-9999.0,60.5820007324,592.082933809746,135.064477737504,266023.1,665177.11,36,20,60.582
NS66NE_4249,1,1_0,6.47928355861,-9999.0,-9999.0,-9999.0,59.5369987488,239.432975797341,68.4913651337011,265828.83,665164.8,28,16,59.537
NS66NE_4258,1,1_0,13.0176294743,-9999.0,-9999.0,-9999.0,58.8250007629,718.766968189453,142.303341715906,265955.78,665157.34,12,8,58.825
NS66NE_4264,1,1_0,4.95951974987,-9999.0,-9999.0,-9999.0,59.5820007324,289.576208327188,100.974706672568,265789.13,665154.69,60,32,59.582
NS66NE_4288,1,1_0,6.47809017735,-9999.0,-9999.0,-9999.0,58.7719993591,156.463701007703,51.0290292046028,265786.54,665126.57,12,8,58.772
NS66NE_4294,1,1_0,6.22868495312,-9999.0,-9999.0,-9999.0,58.34400177,132.27041696451,46.0874137315121,266166.47,665122.18,12,8,58.344
NS66NE_4302,1,1_0,6.19786608762,-9999.0,-9999.0,-9999.0,58.0060005188,107.858128647738,41.5787754067673,266180.27,665115.64,12,8,58.006
NS66NE_4315,1,1_0,6.33457788516,-9999.0,-9999.0,-9999.0,58.0419998169,131.319597868692,45.946715398262,266194.01,665108.87,12,8,58.042
NS66NE_4318,1,1_0,6.4382341732,-9999.0,-9999.0,-9999.0,57.9199981689,151.914433950772,50.4090842676601,265783.41,665107.01,12,8,57.92
NS66NE_4328,1,1_0,6.22584995517,-9999.0,-9999.0,-9999.0,57.6990013123,113.208774222625,43.9099630524168,266207.89,665102.25,20,12,57.699
NS66NE_4343,1,1_0,7.69119365301,-9999.0,-9999.0,-9999.0,56.9210014343,841.463155407414,192.352827826711,265814.69,665113.2,44,24,56.921
NS66NE_4347,1,1_0,5.91636836681,-9999.0,-9999.0,-9999.0,56.7589988708,220.800675243198,66.6782715262555,266153.16,665091.78,36,20,56.759
NS66NE_4349,1,1_0,10.2965370064,-9999.0,-9999.0,-9999.0,56.5569992065,1466.53220878863,292.913696056187,265865.63,665136.48,36,20,56.557
NS66NE_4365,1,1_0,6.21964801442,-9999.0,-9999.0,-9999.0,55.6679992676,161.959622308061,58.0965849388531,266141.58,665077.45,28,16,55.668
NS66NE_4366,1,1_0,6.13416095389,-9999.0,-9999.0,-9999.0,57.3499984741,163.002969270974,57.7372456478321,266194.16,665077.45,28,16,57.35
NS66NE_4376,1,1_0,13.1734270608,-9999.0,-9999.0,-9999.0,54.0830001831,1117.88772799024,217.78104899369,265907.06,665112.08,24,14,54.083
NS66NE_4381,1,1_0,4.89128456116,-9999.0,-9999.0,-9999.0,56.5540008545,334.833858747813,107.313473379516,265778.15,665077.61,60,32,56.554
NS66NE_4384,1,1_0,6.01437428823,-9999.0,-9999.0,-9999.0,56.9399986267,214.909641613304,62.1729163539588,266163.85,665066.59,20,12,56.94
NS66NE_4387,1,1_0,6.04591410375,-9999.0,-9999.0,-9999.0,56.8549995422,139.586412942766,47.6335200256017,266188.58,665063.37,16,10,56.855
NS66NE_4388,1,1_0,12.8812027508,-9999.0,-9999.0,-9999.0,52.0,1485.03324593283,312.298799423436,266075.45,665109.13,160,82,52.0
NS66NE_4390,1,1_0,6.21971336281,-9999.0,-9999.0,-9999.0,54.9010009766,164.141085555914,52.9456781256715,266135.12,665062.78,12,8,54.901
NS66NE_4393,1,1_0,6.491246171,-9999.0,-9999.0,-9999.0,56.5929985046,207.92069791167,61.0513960448709,265792.95,665058.81,12,8,56.593
NS66NE_4396,1,1_0,12.2882991856,-9999.0,-9999.0,-9999.0,54.5760002136,582.912032291109,132.648716091819,265871.44,665061.54,44,24,54.576
NS66NE_4399,1,1_0,6.43685275673,-9999.0,-9999.0,-9999.0,55.5740013123,246.028298387331,68.1992486201077,265816.34,665055.67,12,8,55.574
NS66NE_4400,1,1_0,13.2216368625,-9999.0,-9999.0,-9999.0,54.061000824,1108.84598559708,220.941879220559,265973.27,665091.52,24,14,54.061
NS66NE_4403,1,1_0,6.22303484325,-9999.0,-9999.0,-9999.0,56.3880004883,174.415290034623,54.8467096635892,266182.11,665047.61,12,8,56.388
NS66NE_4405,1,1_0,9.85986029131,-9999.0,-9999.0,-9999.0,53.6150016785,1408.83908978138,266.379466469021,266113.53,665091.45,76,40,53.615
NS66NE_4412,1,1_0,12.8308835636,-9999.0,-9999.0,-9999.0,50.7560005188,1448.84510288987,296.46395176489,266020.63,665092.76,80,42,50.756
NS66NE_4416,1,1_0,6.26322927392,-9999.0,-9999.0,-9999.0,54.5120010376,293.51595203292,76.2730652399315,266129.46,665043.56,20,12,54.512
NS66NE_4418,1,1_0,5.69819647537,-9999.0,-9999.0,-9999.0,55.2980003357,276.615503646527,73.9699298931581,266155.13,665039.22,20,12,55.298
NS66NE_4427,1,1_0,5.90882892945,-9999.0,-9999.0,-9999.0,55.8160018921,130.366073096803,50.4842131647941,266173.83,665027.46,28,16,55.816
NS66NE_4429,1,1_0,12.2649090144,-9999.0,-9999.0,-9999.0,52.4739990234,600.314149991496,137.378657697718,265976.41,665031.13,44,24,52.474
NS66NE_4438,1,1_0,3.60135401212,-9999.0,-9999.0,-9999.0,51.3349990845,74.4964387747367,34.6022983186674,266035.11,665013.13,12,8,51.335
NS66NE_4450,1,1_0,5.04237361305,-9999.0,-9999.0,-9999.0,54.4150009155,1677.06172944559,169.371377214772,265910.18,665005.43,36,20,54.415
NS66NE_3179,1,1_1,9.83059264255,-9999.0,-9999.0,-9999.0,86.0289993286,425.919322554814,106.207219995256,265914.08,666249.41,32,18,86.029
NS66NE_3181,1,1_1,9.80110999684,-9999.0,-9999.0,-9999.0,84.8639984131,420.342532890839,102.301890581266,265866.45,666247.91,20,12,84.864
NS66NE_3182,1,1_1,9.89495385973,-9999.0,-9999.0,-9999.0,83.8629989624,418.577104806924,102.23647845183,265818.29,666246.23,20,12,83.863
NS66NE_3204,1,1_1,9.93888537171,-9999.0,-9999.0,-9999.0,79.09375,1197.25939173186,266.857367608071,265626.03,666222.09,52,28,79.094
NS66NE_3206,1,1_1,3.5213563478,-9999.0,-9999.0,-9999.0,89.0189971924,85.3695916091902,39.2664684367672,266178.31,666211.29,12,8,89.019
NS66NE_3428,1,1_1,3.62704092801,-9999.0,-9999.0,-9999.0,89.0869979858,215.538533551051,77.5516915197793,265656.53,665999.47,28,16,89.087
NS66NE_3454,1,1_1,2.94393287737,-9999.0,-9999.0,-9999.0,89.1920013428,50.0102343447344,30.6910727328009,265732.54,665953.97,12,8,89.192
NS66NE_3461,1,1_1,10.8965986238,-9999.0,-9999.0,-9999.0,88.0849990845,10363.7962647638,608.71112185155,265749.97,665990.12,236,120,88.085
NS66NE_3485,1,1_1,8.21355793393,-9999.0,-9999.0,-9999.0,86.1220016479,3961.2943050578,271.624621967052,266008.07,665937.31,60,32,86.122
NS66NE_3488,1,1_1,7.12032862433,-9999.0,-9999.0,-9999.0,85.7900009155,997.090284812077,126.878934500007,266143.83,665920.99,12,8,85.79
NS66NE_3494,1,1_1,5.26327917311,-9999.0,-9999.0,-9999.0,85.8590011597,156.956432391782,50.4371597416616,266201.49,665897.85,12,8,85.859
NS66NE_3514,1,1_1,11.9660105169,-9999.0,-9999.0,-9999.0,93.9769973755,3138.88953539811,224.246614775428,265827.84,665877.15,12,8,93.977
NS66NE_3530,1,1_1,6.55588503466,-9999.0,-9999.0,-9999.0,88.8140029907,1073.95558897214,135.195161113588,266237.99,665844.79,32,18,88.814
NS66NE_3535,1,1_1,4.14963049176,-9999.0,-9999.0,-9999.0,89.9459991455,362.43474879658,93.2540579015757,266154.54,665835.9,36,20,89.946
NS66NE_3539,1,1_1,5.92263260855,-9999.0,-9999.0,-9999.0,90.9179992676,1500.28816149636,277.947560861665,266037.7,665831.97,144,74,90.918
NS66NE_3541,1,1_1,6.2675517959,-9999.0,-9999.0,-9999.0,89.0049972534,1094.75381521704,139.584882235836,266179.1,665824.78,36,20,89.005
NS66NE_3542,1,1_1,3.73377276912,-9999.0,-9999.0,-9999.0,88.861000061,69.1761320329659,34.179475499023,266245.33,665809.12,12,8,88.861
NS66NE_3553,1,1_1,5.10664499226,-9999.0,-9999.0,-9999.0,92.9820022583,726.236736899937,111.9419357865,265954.68,665797.67,12,8,92.982
NS66NE_3559,1,1_1,5.9935947765,-9999.0,-9999.0,-9999.0,94.4619979858,472.5897828738,109.758140898691,265669.87,665789.87,60,32,94.462
NS66NE_3573,1,1_1,5.92534237566,-9999.0,-9999.0,-9999.0,97.6494979858,376.901865111221,94.3380249995776,265786.59,665781.6,44,24,97.65
NS66NE_3575,1,1_1,5.9644304526,-9999.0,-9999.0,-9999.0,97.8789978027,740.505252560872,163.652661511321,265723.65,665782.09,76,40,97.879
NS66NE_3595,1,1_1,2.78048415139,-9999.0,-9999.0,-9999.0,90.6129989624,143.587169720126,60.9659625239313,266156.75,665758.98,36,20,90.613
NS66NE_3601,1,1_1,3.9363665388,-9999.0,-9999.0,-9999.0,89.6760025024,1162.72042442325,144.562137043038,266229.05,665760.45,28,16,89.676
NS66NE_3607,1,1_1,5.96313983936,-9999.0,-9999.0,-9999.0,94.7600021362,367.28268676039,87.5585958998406,265664.73,665752.68,28,16,94.76
NS66NE_3623,1,1_1,6.03344891526,-9999.0,-9999.0,-9999.0,97.6770019531,1439.77102394659,274.694541192276,265747.15,665741.86,116,60,97.677
NS66NE_3627,1,1_1,1.5486016141,-9999.0,-9999.0,-9999.0,90.9499969482,149.494690225937,48.7420756909039,266101.75,665735.58,16,10,90.95
NS66NE_3637,1,1_1,6.44622939372,-9999.0,-9999.0,-9999.0,90.8470001221,2836.15013400693,310.810343259911,266094.81,665748.41,84,44,90.847
NS66NE_3642,1,1_1,3.96092741314,-9999.0,-9999.0,-9999.0,89.6539993286,607.860153945687,133.102119614519,266231.28,665729.92,60,32,89.654
NS66NE_3658,1,1_1,5.93525481307,-9999.0,-9999.0,-9999.0,94.6350021362,362.655131641797,93.9878922953499,265666.35,665715.86,44,24,94.635
NS66NE_3679,1,1_1,6.02530289757,-9999.0,-9999.0,-9999.0,94.8010025024,456.700442734574,103.141507953076,265732.18,665700.36,28,16,94.801
NS66NE_3689,1,1_1,4.26199443146,-9999.0,-9999.0,-9999.0,95.3109970093,602.711570951371,101.305373047011,266029.04,665693.27,20,12,95.311
NS66NE_3698,1,1_1,5.7652464861,-9999.0,-9999.0,-9999.0,94.4879989624,478.755526136428,112.307643678139,265688.17,665688.9,44,24,94.488
NS66NE_3706,1,1_1,6.03166632489,-9999.0,-9999.0,-9999.0,94.7080001831,603.427245345278,128.296094782866,265767.38,665677.67,44,24,94.708
NS66NE_3716,1,1_1,7.58508019589,-9999.0,-9999.0,-9999.0,97.7919998169,2312.65412721925,297.056225997717,265865.59,665697.42,60,32,97.792
NS66NE_4463,1,1_1,5.27789929524,-9999.0,-9999.0,-9999.0,90.5983352661,153.650992478803,53.3932241592879,266173.59,665730.38,12,8,90.598
NS66NE_2413,1,1_2,2.36430083203,-9999.0,-9999.0,-9999.0,99.1210021973,31.4140762514793,22.7694146022556,265744.25,666874.99,12,8,99.121
NS66NE_2415,1,1_2,2.46104288101,-9999.0,-9999.0,-9999.0,90.0709991455,42.1210499981351,26.4394147919894,266088.51,666873.97,12,8,90.071
NS66NE_2416,1,1_2,2.59307147435,-9999.0,-9999.0,-9999.0,91.408996582,35.9673825074022,24.3403429549496,265862.55,666872.36,12,8,91.409
NS66NE_2419,1,1_2,6.28082623785,-9999.0,-9999.0,-9999.0,94.5589981079,133.128624517629,49.160177332866,265814.26,666872.26,28,16,94.559
NS66NE_2423,1,1_2,6.16900220634,-9999.0,-9999.0,-9999.0,89.875,160.154885323531,52.4847098833817,265875.27,666872.85,20,12,89.875
NS66NE_2424,1,1_2,6.56061839846,-9999.0,-9999.0,-9999.0,89.6770019531,114.335714480924,43.0097636624136,266023.43,666868.35,12,8,89.677
NS66NE_2426,1,1_2,6.45184940968,-9999.0,-9999.0,-9999.0,103.81199646,130.814913183286,48.4228322432435,265627.62,666867.37,28,16,103.812
NS66NE_2427,1,1_2,2.61515003443,-9999.0,-9999.0,-9999.0,91.3899993896,35.629526245226,31.6044395278844,266113.04,666862.99,16,10,91.39
NS66NE_2428,1,1_2,6.19255274942,-9999.0,-9999.0,-9999.0,94.138999939,130.568041454128,48.4752740504402,265844.95,666864.91,28,16,94.139
NS66NE_2430,1,1_2,6.45518524523,-9999.0,-9999.0,-9999.0,97.1159973145,133.507952821173,48.9094638856588,265787.74,666862.43,28,16,97.116
NS66NE_2431,1,1_2,5.80480907534,-9999.0,-9999.0,-9999.0,89.5250015259,115.498580643311,46.9294745761663,265932.97,666863.3,20,12,89.525
NS66NE_2432,1,1_2,6.45651793726,-9999.0,-9999.0,-9999.0,89.4449996948,100.81977834202,40.2038216941732,265948.09,666861.67,12,8,89.445
NS66NE_2434,1,1_2,6.5176604716,-9999.0,-9999.0,-9999.0,89.5350036621,118.631396455227,43.7402693121314,265963.22,666858.64,12,8,89.535
NS66NE_2435,1,1_2,2.78076734997,-9999.0,-9999.0,-9999.0,95.1520004272,22.2166950030145,18.9787667300283,266198.22,666855.56,12,8,95.152
NS66NE_2436,1,1_2,2.66476766549,-9999.0,-9999.0,-9999.0,94.0260009766,65.8704734047133,32.9200387185114,265854.78,666856.11,12,8,94.026
NS66NE_2437,1,1_2,6.52751029041,-9999.0,-9999.0,-9999.0,89.7249984741,104.676687100985,40.9248403850203,265918.1,666858.86,12,8,89.725
NS66NE_2439,1,1_2,6.39505497724,-9999.0,-9999.0,-9999.0,95.266998291,115.551442367206,43.035939052362,265817.85,666857.42,12,8,95.267
NS66NE_2440,1,1_2,6.09585145574,-9999.0,-9999.0,-9999.0,90.2766647339,165.078632902521,55.1163287502127,265883.27,666859.05,28,16,90.277
NS66NE_2443,1,1_2,5.18749536075,-9999.0,-9999.0,-9999.0,89.4919967651,334.439699498546,111.128003028236,265986.7,666858.72,60,32,89.492
NS66NE_2444,1,1_2,6.10505599831,-9999.0,-9999.0,-9999.0,98.9570007324,134.653659846888,49.1946167932455,265762.03,666854.08,28,16,98.957
NS66NE_2449,1,1_2,6.25003244791,-9999.0,-9999.0,-9999.0,90.0029983521,108.457319776424,42.3917687736379,266022.26,666851.66,12,8,90.003
NS66NE_2450,1,1_2,3.11915344238,-9999.0,-9999.0,-9999.0,90.6679992676,28.0657874955626,25.6537906250821,266033.52,666848.32,8,6,90.668
NS66NE_2455,1,1_2,6.21515596386,-9999.0,-9999.0,-9999.0,94.5439987183,134.791843862082,48.9763775965494,265846.72,666847.4,28,16,94.544
NS66NE_2457,1,1_2,4.59295137857,-9999.0,-9999.0,-9999.0,96.0439987183,268.246432172829,114.793181580606,265797.95,666851.07,72,38,96.044
NS66NE_2459,1,1_2,6.15336969097,-9999.0,-9999.0,-9999.0,102.862998962,248.171525506738,77.3893501869974,265632.53,666849.12,44,24,102.863
NS66NE_2461,1,1_2,6.32129417097,-9999.0,-9999.0,-9999.0,91.6650009155,726.406947925301,181.386472188145,266075.68,666844.22,44,24,91.665
NS66NE_2462,1,1_2,5.46547580377,-9999.0,-9999.0,-9999.0,90.5370025635,163.426768831736,59.9581401995871,265888.56,666842.81,28,16,90.537
NS66NE_2463,1,1_2,6.07171841325,-9999.0,-9999.0,-9999.0,99.2679977417,133.179398176473,48.7870623140615,265766.46,666839.62,28,16,99.268
NS66NE_2464,1,1_2,6.42244572793,-9999.0,-9999.0,-9999.0,92.8980026245,427.531311458908,109.663767288546,266141.03,666840.32,12,8,92.898
NS66NE_2467,1,1_2,6.21424195056,-9999.0,-9999.0,-9999.0,95.5744018555,178.068690784424,56.8639576499815,265835.67,666835.91,24,14,95.574
NS66NE_2469,1,1_2,5.60664750206,-9999.0,-9999.0,-9999.0,93.2480010986,550.482606646868,142.765782714382,266190.02,666835.79,44,24,93.248
NS66NE_2470,1,1_2,5.83240555554,-9999.0,-9999.0,-9999.0,92.0790023804,169.261399026984,64.1812313855787,265872.72,666834.82,36,20,92.079
NS66NE_2473,1,1_2,6.11819602421,-9999.0,-9999.0,-9999.0,90.3679962158,74.0936908333034,34.4487697820597,265983.79,666827.85,12,8,90.368
NS66NE_2475,1,1_2,6.29402265504,-9999.0,-9999.0,-9999.0,101.513244629,163.753265821656,56.4000938950848,265629.64,666828.17,28,16,101.513
NS66NE_2476,1,1_2,6.29978008721,-9999.0,-9999.0,-9999.0,96.6669998169,132.619757713576,47.4448856859962,265818.3,666829.05,20,12,96.667
NS66NE_2478,1,1_2,6.27661751338,-9999.0,-9999.0,-9999.0,94.4260025024,425.008706950341,109.966525512459,266240.74,666827.47,12,8,94.426
NS66NE_2480,1,1_2,6.38330450176,-9999.0,-9999.0,-9999.0,90.5299987793,123.386225890884,44.8270042275715,265998.5,666824.83,12,8,90.53
NS66NE_2484,1,1_2,6.40943107955,-9999.0,-9999.0,-9999.0,92.8639984131,139.39321096285,54.7177911159967,265861.59,666825.42,36,20,92.864
NS66NE_2485,1,1_2,6.47745869214,-9999.0,-9999.0,-9999.0,90.7173309326,122.021190282898,44.6198816568633,266015.12,666822.71,12,8,90.717
NS66NE_2486,1,1_2,6.06042148195,-9999.0,-9999.0,-9999.0,97.5500030518,125.082807838068,48.0974051081362,265804.62,666822.98,20,12,97.55
NS66NE_2487,1,1_2,6.34524694543,-9999.0,-9999.0,-9999.0,90.1893310547,231.242938549457,72.7358188905396,265918.97,666825.67,36,20,90.189
NS66NE_2488,1,1_2,6.11754905826,-9999.0,-9999.0,-9999.0,90.8700027466,79.3909235746674,36.4644279046077,266030.42,666821.47,20,12,90.87
NS66NE_2493,1,1_2,6.39852796643,-9999.0,-9999.0,-9999.0,99.1740036011,156.867624981425,55.1163198286158,265772.9,666822.68,28,16,99.174
NS66NE_2500,1,1_2,5.23805442633,-9999.0,-9999.0,-9999.0,98.5070037842,164.223930706951,56.2617223759205,265787.63,666816.55,28,16,98.507
NS66NE_2501,1,1_2,6.41208202169,-9999.0,-9999.0,-9999.0,93.5159988403,112.551937889475,42.5459500046076,265849.2,666815.08,12,8,93.516
NS66NE_2503,1,1_2,5.62661025871,-9999.0,-9999.0,-9999.0,100.207000732,333.471516754384,99.7955393322146,265747.32,666819.71,92,48,100.207
NS66NE_2512,1,1_2,5.87738848291,-9999.0,-9999.0,-9999.0,92.46900177,107.934220211975,41.5608244471936,266110.72,666804.66,12,8,92.469
NS66NE_2513,1,1_2,6.57644826511,-9999.0,-9999.0,-9999.0,91.5100021362,307.191304208732,98.9223099692362,265892.83,666810.72,36,20,91.51
NS66NE_2515,1,1_2,6.0314512906,-9999.0,-9999.0,-9999.0,94.4430007935,267.212762798953,78.0078117476525,265828.97,666803.64,36,20,94.443
NS66NE_2518,1,1_2,5.80885515995,-9999.0,-9999.0,-9999.0,99.03099823,146.071447909262,49.8411538245079,265754.87,666798.09,32,18,99.031
NS66NE_2519,1,1_2,6.27218243877,-9999.0,-9999.0,-9999.0,96.2060012817,115.560354532455,43.1494033050666,265807.89,666793.78,12,8,96.206
NS66NE_2520,1,1_2,7.074575254,-9999.0,-9999.0,-9999.0,93.1650009155,168.447175883078,55.3200718083778,265869.71,666796.05,12,8,93.165
NS66NE_2521,1,1_2,5.53767799693,-9999.0,-9999.0,-9999.0,92.8460006714,104.418049341373,40.8982426213182,266117.69,666792.77,12,8,92.846
NS66NE_2523,1,1_2,6.46987567445,-9999.0,-9999.0,-9999.0,96.9280014038,131.880960355773,48.365986573033,265792.35,666789.76,28,16,96.928
NS66NE_2526,1,1_2,6.30255752661,-9999.0,-9999.0,-9999.0,95.2559967041,119.465062968312,43.9297969821915,266233.07,666786.37,12,8,95.256
NS66NE_2527,1,1_2,5.93363036599,-9999.0,-9999.0,-9999.0,97.3929977417,154.364795225647,56.0675947393177,265777.19,666787.77,36,20,97.393
NS66NE_2528,1,1_2,5.46098762038,-9999.0,-9999.0,-9999.0,91.9160003662,105.890747740838,41.1965751477133,266084.04,666784.59,12,8,91.916
NS66NE_2535,1,1_2,5.76032052291,-9999.0,-9999.0,-9999.0,97.5110015869,152.497722525737,51.4554687658238,265760.56,666780.75,20,12,97.511
NS66NE_2539,1,1_2,3.6748308325,-9999.0,-9999.0,-9999.0,93.9329986572,131.247488545221,49.1218987252495,266013.83,666781.22,20,12,93.933
NS66NE_2541,1,1_2,6.18537723908,-9999.0,-9999.0,-9999.0,97.9909973145,403.063390326213,108.963255215224,265640.95,666791.82,64,34,97.991
NS66NE_2542,1,1_2,6.39979191315,-9999.0,-9999.0,-9999.0,93.5559997559,139.662150717677,47.6653618966419,266124.58,666779.66,12,8,93.556
NS66NE_2547,1,1_2,5.97243462539,-9999.0,-9999.0,-9999.0,92.3290023804,88.3831162602717,38.5366992234678,266090.7,666774.41,12,8,92.329
NS66NE_2549,1,1_2,6.38520418268,-9999.0,-9999.0,-9999.0,92.4580001831,140.196067513174,47.7525875807453,266062.39,666773.98,12,8,92.458
NS66NE_2551,1,1_2,6.11907455277,-9999.0,-9999.0,-9999.0,94.2340011597,403.005216220891,115.424530392826,265839.16,666779.55,52,28,94.234
NS66NE_2555,1,1_2,6.2309247015,-9999.0,-9999.0,-9999.0,96.2900009155,130.603536988214,46.2990923787245,265812.51,666765.94,12,8,96.29
NS66NE_2556,1,1_2,6.28424611448,-9999.0,-9999.0,-9999.0,96.452003479,468.6585496642,139.223679228411,265978.09,666769.31,68,36,96.452
NS66NE_2557,1,1_2,6.43049133099,-9999.0,-9999.0,-9999.0,92.8949966431,78.3055946949387,35.7919545553685,266097.14,666764.38,12,8,92.895
NS66NE_2559,1,1_2,5.51592392581,-9999.0,-9999.0,-9999.0,96.8470001221,698.227882067191,181.427375041531,265670.61,666791.95,100,52,96.847
NS66NE_2560,1,1_2,6.40085590634,-9999.0,-9999.0,-9999.0,93.4400024414,122.641569746082,44.4888452500795,266047.46,666764.92,12,8,93.44
NS66NE_2561,1,1_2,5.64861323525,-9999.0,-9999.0,-9999.0,94.0583343506,126.19415739369,47.530918451065,266133.81,666764.26,28,16,94.058
NS66NE_2563,1,1_2,6.18242667062,-9999.0,-9999.0,-9999.0,95.611000061,133.093519884576,46.2498166631601,266229.94,666761.77,12,8,95.611
NS66NE_2568,1,1_2,6.20728026699,-9999.0,-9999.0,-9999.0,96.6999969482,271.348704983647,77.8984470108921,265790.03,666759.02,20,12,96.7
NS66NE_2572,1,1_2,6.37858105983,-9999.0,-9999.0,-9999.0,95.7320022583,329.372780782176,90.9774343768516,265641.33,666757.2,36,20,95.732
NS66NE_2573,1,1_2,6.39939204544,-9999.0,-9999.0,-9999.0,94.1910018921,139.41911697344,47.6033233403247,266032.33,666756.37,12,8,94.191
NS66NE_2574,1,1_2,6.50764979757,-9999.0,-9999.0,-9999.0,93.8683319092,78.508212214939,35.9057838279506,266083.13,666753.73,12,8,93.868
NS66NE_2579,1,1_2,6.00333464305,-9999.0,-9999.0,-9999.0,93.31199646,155.508095636587,53.9587254677181,266105.45,666750.78,28,16,93.312
NS66NE_2582,1,1_2,2.47349442651,-9999.0,-9999.0,-9999.0,97.4850006104,61.9903874971029,34.3314412031479,265729.07,666747.26,12,8,97.485
NS66NE_2583,1,1_2,6.40422237319,-9999.0,-9999.0,-9999.0,94.8160018921,76.9452835057127,35.6055839147901,266072.56,666747.67,12,8,94.816
NS66NE_2584,1,1_2,6.3105832651,-9999.0,-9999.0,-9999.0,94.6370010376,121.616408283958,44.2849763024588,266136.77,666748.09,12,8,94.637
NS66NE_2585,1,1_2,6.38023944308,-9999.0,-9999.0,-9999.0,95.1449966431,124.208644521323,44.7464611847241,266016.9,666748.03,12,8,95.145
NS66NE_2586,1,1_2,6.32313875791,-9999.0,-9999.0,-9999.0,95.9879989624,122.110592640006,44.7884961962233,266217.46,666747.31,20,12,95.988
NS66NE_2591,1,1_2,4.19621120355,-9999.0,-9999.0,-9999.0,97.2259979248,50.4287875177759,33.2158909269996,265709.65,666742.09,12,8,97.226
NS66NE_2592,1,1_2,6.37086535515,-9999.0,-9999.0,-9999.0,96.1210021973,73.1847992148146,34.6985337362767,266004.35,666740.94,12,8,96.121
NS66NE_2596,1,1_2,2.40009893947,-9999.0,-9999.0,-9999.0,97.7399978638,96.1926659732495,44.1974392219508,265723.19,666734.42,12,8,97.74
NS66NE_2598,1,1_2,5.82899020071,-9999.0,-9999.0,-9999.0,94.7870025635,228.60789035594,78.7069976805439,266058.42,666739.31,36,20,94.787
NS66NE_2601,1,1_2,6.30598567455,-9999.0,-9999.0,-9999.0,96.8769989014,122.198869264045,44.4289475294038,265993.12,666733.69,12,8,96.877
NS66NE_2602,1,1_2,6.43963731036,-9999.0,-9999.0,-9999.0,94.5149993896,139.679351017432,47.6581178272378,266109.82,666733.35,12,8,94.515
NS66NE_2603,1,1_2,6.1299884825,-9999.0,-9999.0,-9999.0,96.06300354,136.322041342857,47.0077250914405,266202.58,666733.29,12,8,96.063
NS66NE_2606,1,1_2,6.06511301676,-9999.0,-9999.0,-9999.0,95.7630004883,113.568933841387,42.7961774360122,266042.0,666729.17,12,8,95.763
NS66NE_2607,1,1_2,6.42848075149,-9999.0,-9999.0,-9999.0,95.0670013428,120.97082796329,44.1739970329325,266140.9,666728.79,12,8,95.067
NS66NE_2608,1,1_2,5.0311807544,-9999.0,-9999.0,-9999.0,95.6169967651,159.482115872219,55.0527869918914,266181.64,666727.71,28,16,95.617
NS66NE_2610,1,1_2,6.39968884258,-9999.0,-9999.0,-9999.0,97.6409988403,335.953915942703,110.843481228615,265751.28,666738.29,44,24,97.641
NS66NE_2611,1,1_2,6.10161795881,-9999.0,-9999.0,-9999.0,95.5609970093,148.830948506951,51.4904525958035,266166.27,666725.62,28,16,95.561
NS66NE_2612,1,1_2,6.31959525609,-9999.0,-9999.0,-9999.0,97.7050018311,121.837602783268,44.330392273112,265978.64,666725.14,12,8,97.705
NS66NE_2618,1,1_2,7.07212465384,-9999.0,-9999.0,-9999.0,97.1429977417,174.710370464598,56.1756191617235,265693.7,666725.64,12,8,97.143
NS66NE_2619,1,1_2,5.4916908116,-9999.0,-9999.0,-9999.0,95.8980026245,104.61179144313,40.9336630749891,266030.36,666722.32,12,8,95.898
NS66NE_2620,1,1_2,5.99023934298,-9999.0,-9999.0,-9999.0,94.9919967651,109.017463424,41.7699193021914,266091.27,666722.72,12,8,94.992
NS66NE_2624,1,1_2,5.95708786257,-9999.0,-9999.0,-9999.0,98.1679992676,112.479327657976,42.565482579865,265964.4,666716.76,16,10,98.168
NS66NE_2625,1,1_2,6.50096130371,-9999.0,-9999.0,-9999.0,97.4359970093,65.8658933603603,32.9195907265599,265696.7,666711.64,12,8,97.436
NS66NE_2627,1,1_2,5.98860126313,-9999.0,-9999.0,-9999.0,98.1699981689,860.33959366054,236.820337694791,265905.07,666727.69,128,66,98.17
NS66NE_2628,1,1_2,6.38809974015,-9999.0,-9999.0,-9999.0,95.9020004272,140.979964921937,47.9031309715003,266016.84,666715.03,12,8,95.902
NS66NE_2629,1,1_2,5.90379960938,-9999.0,-9999.0,-9999.0,95.0149993896,163.06105101532,53.0071898142186,266113.89,666714.64,28,16,95.015
NS66NE_2631,1,1_2,6.20290271774,-9999.0,-9999.0,-9999.0,95.3229980469,134.903326025639,46.766372191619,266237.3,666711.71,12,8,95.323
NS66NE_2634,1,1_2,6.38992001148,-9999.0,-9999.0,-9999.0,95.141998291,121.511344737428,44.3118083020371,266219.95,666708.37,12,8,95.142
NS66NE_2635,1,1_2,6.18253350765,-9999.0,-9999.0,-9999.0,98.3300018311,144.920173180588,48.5508596217092,265949.3,666708.34,12,8,98.33
NS66NE_2637,1,1_2,5.43516534985,-9999.0,-9999.0,-9999.0,96.4739990234,108.89804646012,41.745779328304,266003.53,666707.14,12,8,96.474
NS66NE_2639,1,1_2,5.8937417944,-9999.0,-9999.0,-9999.0,94.9749984741,114.352159236847,43.0857687356362,266203.02,666705.33,12,8,94.975
NS66NE_2642,1,1_2,6.84487659129,-9999.0,-9999.0,-9999.0,94.391998291,781.790687036996,212.855421582675,265643.71,666717.28,96,50,94.392
NS66NE_2643,1,1_2,5.59217162571,-9999.0,-9999.0,-9999.0,95.2750015259,200.418010310585,82.3301545344271,266077.1,666706.55,44,24,95.275
NS66NE_2644,1,1_2,6.28122886753,-9999.0,-9999.0,-9999.0,95.1549987793,122.600310350088,44.7460051129214,266187.65,666701.48,12,8,95.155
NS66NE_2648,1,1_2,5.40684177643,-9999.0,-9999.0,-9999.0,96.4319992065,108.606633375182,41.6984906753383,265991.94,666700.41,12,8,96.432
NS66NE_2649,1,1_2,5.74352871677,-9999.0,-9999.0,-9999.0,94.7369995117,115.532546924638,43.9066264823223,266171.51,666698.07,20,12,94.737
NS66NE_2652,1,1_2,6.33913185023,-9999.0,-9999.0,-9999.0,95.5660018921,81.9874217817427,36.6201920526696,266090.69,666693.66,12,8,95.566
NS66NE_2653,1,1_2,5.59224652624,-9999.0,-9999.0,-9999.0,94.7490005493,308.735149298575,98.1195830283096,266147.12,666703.75,48,26,94.749
NS66NE_2657,1,1_2,6.3358698047,-9999.0,-9999.0,-9999.0,96.4940032959,142.262074485548,48.1093254526353,265978.31,666693.22,12,8,96.494
NS66NE_2658,1,1_2,6.32877432426,-9999.0,-9999.0,-9999.0,97.3150024414,225.14921298165,68.309489249885,265930.49,666695.24,28,16,97.315
NS66NE_2661,1,1_2,6.18952203023,-9999.0,-9999.0,-9999.0,96.6470031738,83.4937962968812,36.8261341475515,265965.09,666685.67,12,8,96.647
NS66NE_2669,1,1_2,6.30609330735,-9999.0,-9999.0,-9999.0,94.6770019531,83.4156994982024,36.9960539323846,266121.86,666680.06,12,8,94.677
NS66NE_2672,1,1_2,5.88813791474,-9999.0,-9999.0,-9999.0,95.2689971924,225.638106925335,89.0299972090434,266237.85,666680.82,36,20,95.269
NS66NE_2674,1,1_2,8.70772908837,-9999.0,-9999.0,-9999.0,97.8339996338,639.154472864377,146.96262714941,265831.78,666683.93,28,16,97.834
NS66NE_2675,1,1_2,5.88356170304,-9999.0,-9999.0,-9999.0,95.9469985962,109.973337622794,41.949173228501,266019.33,666677.72,12,8,95.947
NS66NE_2678,1,1_2,6.24775067822,-9999.0,-9999.0,-9999.0,95.1849975586,150.288679233376,49.2988895658415,266216.2,666675.39,12,8,95.185
NS66NE_2679,1,1_2,8.7033661704,-9999.0,-9999.0,-9999.0,100.146003723,567.88483601127,137.28875820102,265769.99,666679.63,36,20,100.146
NS66NE_2680,1,1_2,5.81288271848,-9999.0,-9999.0,-9999.0,95.0530014038,114.604455750144,42.8237261578435,266199.72,666672.51,12,8,95.053
NS66NE_2682,1,1_2,6.41700810531,-9999.0,-9999.0,-9999.0,95.8769989014,77.5175820509143,35.6434478295616,266008.51,666671.32,12,8,95.877
NS66NE_2685,1,1_2,6.0288702499,-9999.0,-9999.0,-9999.0,94.9670028687,109.182201424727,41.8432102419904,266187.45,666669.77,12,8,94.967
NS66NE_2686,1,1_2,5.47812306474,-9999.0,-9999.0,-9999.0,94.8030014038,104.859714954446,40.9825950519058,266175.01,666667.5,12,8,94.803
NS66NE_2688,1,1_2,8.53927620214,-9999.0,-9999.0,-9999.0,100.255996704,588.981062833631,143.846800691484,265703.38,666670.22,52,28,100.256
NS66NE_2689,1,1_2,6.3491490682,-9999.0,-9999.0,-9999.0,94.6200027466,138.294865375487,47.432875425067,266125.2,666665.23,12,8,94.62
NS66NE_2691,1,1_2,6.35349735092,-9999.0,-9999.0,-9999.0,94.5920028687,140.524187356582,47.7973621884507,266156.06,666664.27,12,8,94.592
NS66NE_2692,1,1_2,5.32007090853,-9999.0,-9999.0,-9999.0,95.7740020752,111.995289874263,48.1629005488261,265998.12,666663.52,28,16,95.774
NS66NE_2693,1,1_2,6.28259658391,-9999.0,-9999.0,-9999.0,96.4020004272,227.713110693689,68.3884741151641,265958.28,666664.36,28,16,96.402
NS66NE_2697,1,1_2,5.82880843841,-9999.0,-9999.0,-9999.0,96.6800003052,614.529257670616,108.403747178039,265909.18,666670.01,20,12,96.68
NS66NE_2702,1,1_2,5.85210046709,-9999.0,-9999.0,-9999.0,94.7760009766,85.4965455910695,37.0041812213619,266229.9,666650.79,12,8,94.776
NS66NE_2705,1,1_2,6.31481869156,-9999.0,-9999.0,-9999.0,96.4359970093,225.422575378645,67.8979874171687,265938.04,666652.99,28,16,96.436
NS66NE_2707,1,1_2,6.21457589924,-9999.0,-9999.0,-9999.0,94.638999939,91.4683630539016,38.2844733178054,266219.09,666648.37,12,8,94.639
NS66NE_2708,1,1_2,5.3830956513,-9999.0,-9999.0,-9999.0,94.5350036621,109.321235233352,44.111685955918,266125.64,666648.82,20,12,94.535
NS66NE_2709,1,1_2,6.30627263253,-9999.0,-9999.0,-9999.0,98.3840026855,193.764786178754,62.9733726662688,265834.1,666647.83,20,12,98.384
NS66NE_2711,1,1_2,5.36976853716,-9999.0,-9999.0,-9999.0,95.3769989014,107.35556183716,41.569611375384,266008.85,666646.41,12,8,95.377
NS66NE_2715,1,1_2,5.88731455566,-9999.0,-9999.0,-9999.0,94.3799972534,131.061870372172,46.4449218432649,266206.24,666643.93,12,8,94.38
NS66NE_2717,1,1_2,5.4533268305,-9999.0,-9999.0,-9999.0,94.3740005493,106.632977866128,41.3264543204196,266161.18,666642.99,12,8,94.374
NS66NE_2718,1,1_2,6.22694758253,-9999.0,-9999.0,-9999.0,94.3420028687,96.8824627955555,39.3802104465914,266193.24,666642.34,12,8,94.342
NS66NE_2719,1,1_2,5.90984258112,-9999.0,-9999.0,-9999.0,94.4192504883,80.6395121773487,35.9637238217003,266181.77,666641.34,12,8,94.419
NS66NE_2721,1,1_2,5.48649054592,-9999.0,-9999.0,-9999.0,94.4929962158,106.772833618353,41.3639683121457,266107.13,666640.46,12,8,94.493
NS66NE_2722,1,1_2,6.14994610202,-9999.0,-9999.0,-9999.0,95.4639968872,80.8425543951104,36.311462266588,265976.49,666638.51,12,8,95.464
NS66NE_2725,1,1_2,6.29113064777,-9999.0,-9999.0,-9999.0,98.7389984131,298.240790289576,88.076249965218,265803.66,666639.56,44,24,98.739
NS66NE_2726,1,1_2,8.49082892668,-9999.0,-9999.0,-9999.0,99.6930007935,508.351477044502,120.830282595334,265653.59,666641.93,20,12,99.693
NS66NE_2727,1,1_2,5.77915664705,-9999.0,-9999.0,-9999.0,94.7180023193,122.978003715419,46.1386509596096,266093.2,666636.78,28,16,94.718
NS66NE_2730,1,1_2,6.39446519604,-9999.0,-9999.0,-9999.0,98.8730010986,192.428434388693,62.668247820497,265773.25,666634.47,20,12,98.873
NS66NE_2732,1,1_2,5.5345473757,-9999.0,-9999.0,-9999.0,95.236000061,104.520415734139,40.9134671796949,266015.27,666634.16,12,8,95.236
NS66NE_2733,1,1_2,6.37185536019,-9999.0,-9999.0,-9999.0,94.0609970093,141.710643892023,48.0326853745884,266129.25,666634.71,12,8,94.061
NS66NE_2734,1,1_2,6.28913610754,-9999.0,-9999.0,-9999.0,94.8830032349,128.713221003466,46.1961640827114,266076.78,666633.53,20,12,94.883
NS66NE_2736,1,1_2,6.09426694928,-9999.0,-9999.0,-9999.0,93.9889984131,109.379747116567,41.8819515684779,266163.97,666630.86,12,8,93.989
NS66NE_2738,1,1_2,6.42798048744,-9999.0,-9999.0,-9999.0,95.0800018311,130.426481208763,46.5923084036217,266060.37,666630.05,20,12,95.08
NS66NE_2741,1,1_2,5.90821400427,-9999.0,-9999.0,-9999.0,95.3850021362,110.727489083344,42.0964969048926,265981.64,666627.39,12,8,95.385
NS66NE_2742,1,1_2,6.02572265491,-9999.0,-9999.0,-9999.0,95.0989990234,120.825181498087,44.2602556818596,266044.97,666626.17,12,8,95.099
NS66NE_2743,1,1_2,5.75561555903,-9999.0,-9999.0,-9999.0,94.1610031128,86.6591405055491,37.2449801607049,266227.42,666624.0,12,8,94.161
NS66NE_2749,1,1_2,5.32702659572,-9999.0,-9999.0,-9999.0,94.6890029907,114.467731486477,44.7251462408125,266021.65,666621.67,20,12,94.689
NS66NE_2750,1,1_2,6.26564720349,-9999.0,-9999.0,-9999.0,98.5419998169,139.21935636749,49.2567831902144,265726.77,666621.88,20,12,98.542
NS66NE_2752,1,1_2,6.23156697975,-9999.0,-9999.0,-9999.0,93.9739990234,67.5949701693411,33.3932889122902,266194.65,666618.19,12,8,93.974
NS66NE_2753,1,1_2,5.56624210637,-9999.0,-9999.0,-9999.0,92.9300003052,104.249500212508,40.8746523645003,266104.75,666618.6,12,8,92.93
NS66NE_2755,1,1_2,5.58928899745,-9999.0,-9999.0,-9999.0,93.43699646,125.297417364619,48.2552622654636,266168.03,666618.45,20,12,93.437
NS66NE_2756,1,1_2,6.14664326871,-9999.0,-9999.0,-9999.0,98.3330001831,185.815879822382,59.7682516186109,265706.2,666617.45,20,12,98.333
NS66NE_2757,1,1_2,6.33619694133,-9999.0,-9999.0,-9999.0,93.8389968872,139.855027881675,47.6763249671475,266134.46,666617.32,12,8,93.839
NS66NE_2758,1,1_2,5.95092324443,-9999.0,-9999.0,-9999.0,95.0680007935,113.899121540706,42.9967779158072,265918.13,666615.13,12,8,95.068
NS66NE_2759,1,1_2,6.30269177755,-9999.0,-9999.0,-9999.0,95.0680007935,126.738749865141,45.2088550808172,265989.87,666614.81,12,8,95.068
NS66NE_2760,1,1_2,6.23419912126,-9999.0,-9999.0,-9999.0,94.0159988403,92.4797728168574,38.501514985151,266228.59,666612.67,12,8,94.016
NS66NE_2763,1,1_2,6.30042364977,-9999.0,-9999.0,-9999.0,98.2109985352,139.808493595195,48.5135144194401,265685.31,666611.81,12,8,98.211
NS66NE_2764,1,1_2,6.26296283655,-9999.0,-9999.0,-9999.0,96.0070037842,148.303591206957,50.3064568280632,265819.13,666612.21,12,8,96.007
NS66NE_2765,1,1_2,4.53870454157,-9999.0,-9999.0,-9999.0,96.0810012817,257.145818691423,73.2407947108125,265844.88,666618.89,20,12,96.081
NS66NE_2770,1,1_2,4.04497140213,-9999.0,-9999.0,-9999.0,98.2620010376,374.118957531857,98.359828084817,265656.19,666609.79,36,20,98.262
NS66NE_2771,1,1_2,6.166604347,-9999.0,-9999.0,-9999.0,96.1480026245,125.399422366472,48.4438606214958,265800.45,666607.88,20,12,96.148
NS66NE_2774,1,1_2,6.2575780541,-9999.0,-9999.0,-9999.0,94.2570037842,126.667871400078,45.9914782988924,266025.03,666606.87,20,12,94.257
NS66NE_2775,1,1_2,6.40130779443,-9999.0,-9999.0,-9999.0,92.4840011597,78.4827092954996,35.8851853711074,266086.06,666605.08,12,8,92.484
NS66NE_2776,1,1_2,5.7840752212,-9999.0,-9999.0,-9999.0,93.6669998169,133.097065556195,47.3845809586936,266197.8,666606.18,20,12,93.667
NS66NE_2778,1,1_2,6.31792368906,-9999.0,-9999.0,-9999.0,93.3180007935,139.734615520719,47.652089183717,266169.43,666604.48,12,8,93.318
NS66NE_2779,1,1_2,6.19480125893,-9999.0,-9999.0,-9999.0,96.4769973755,168.428626323595,53.7868293096025,265776.15,666605.49,12,8,96.477
NS66NE_2780,1,1_2,6.38956916725,-9999.0,-9999.0,-9999.0,92.1289978027,141.452204433517,48.0070870853611,266108.25,666603.77,12,8,92.129
NS66NE_2781,1,1_2,6.39443785666,-9999.0,-9999.0,-9999.0,92.65599823,138.98883978683,47.5446309818471,266071.43,666601.87,12,8,92.656
NS66NE_2785,1,1_2,6.38402275383,-9999.0,-9999.0,-9999.0,94.1340026855,125.623051623335,45.0411031425421,265921.2,666599.47,12,8,94.134
NS66NE_2786,1,1_2,6.16569244728,-9999.0,-9999.0,-9999.0,93.108001709,138.01612942007,47.3069440237087,266054.13,666598.57,12,8,93.108
NS66NE_2787,1,1_2,6.27935212234,-9999.0,-9999.0,-9999.0,93.2760009766,141.764993038007,47.9612937191486,266138.2,666599.59,12,8,93.276
NS66NE_2788,1,1_2,6.35153555303,-9999.0,-9999.0,-9999.0,94.3079986572,140.173838249702,47.7348549396936,265997.74,666599.23,12,8,94.308
NS66NE_2790,1,1_2,5.71213441737,-9999.0,-9999.0,-9999.0,93.3539962769,82.5421273273084,36.37685649573,266199.73,666593.36,12,8,93.354
NS66NE_2791,1,1_2,6.22288072066,-9999.0,-9999.0,-9999.0,96.8050003052,141.579199752005,52.313450143422,265729.03,666596.7,20,12,96.805
NS66NE_2792,1,1_2,6.08204238664,-9999.0,-9999.0,-9999.0,93.7850036621,89.0979785835621,38.1720245210098,266030.73,666593.36,12,8,93.785
NS66NE_2794,1,1_2,6.15790822365,-9999.0,-9999.0,-9999.0,94.5419998169,146.483273760849,52.6037010243873,265849.24,666596.44,20,12,94.542
NS66NE_2796,1,1_2,6.29427777039,-9999.0,-9999.0,-9999.0,93.6210021973,289.666964224532,86.3196104718571,265890.83,666601.2,44,24,93.621
NS66NE_2799,1,1_2,6.05895636015,-9999.0,-9999.0,-9999.0,92.9619979858,110.117731251023,42.0125855227206,266173.07,666588.51,12,8,92.962
NS66NE_2800,1,1_2,6.03676500482,-9999.0,-9999.0,-9999.0,96.4189987183,151.60778078497,54.8926689635337,265707.04,666588.78,20,12,96.419
NS66NE_2802,1,1_2,5.31514767566,-9999.0,-9999.0,-9999.0,94.0459976196,112.778318457238,45.043676472489,266001.27,666585.98,20,12,94.046
NS66NE_2803,1,1_2,6.24723892692,-9999.0,-9999.0,-9999.0,91.5790023804,122.123241378342,44.3679408944263,266112.73,666586.78,12,8,91.579
NS66NE_2804,1,1_2,6.03019687043,-9999.0,-9999.0,-9999.0,93.8880004883,106.500380845876,44.0996889337347,266242.41,666585.05,20,12,93.888
NS66NE_2806,1,1_2,6.30319514085,-9999.0,-9999.0,-9999.0,95.8259963989,139.890920306316,48.5575068369732,265688.57,666584.04,12,8,95.826
NS66NE_2807,1,1_2,5.96543682981,-9999.0,-9999.0,-9999.0,93.0230026245,78.52200384138,35.506086726324,266201.92,666582.71,12,8,93.023
NS66NE_2809,1,1_2,2.58124008179,-9999.0,-9999.0,-9999.0,93.4840011597,40.4839626847504,27.1261359116898,265953.2,666580.42,12,8,93.484
NS66NE_2814,1,1_2,6.58728516947,-9999.0,-9999.0,-9999.0,95.9759979248,130.69849242795,46.1108399926447,265651.64,666581.19,12,8,95.976
NS66NE_2815,1,1_2,6.11779760377,-9999.0,-9999.0,-9999.0,92.7630004883,149.44871948906,51.4923494754258,266141.32,666581.87,28,16,92.763
NS66NE_2818,1,1_2,5.91016129691,-9999.0,-9999.0,-9999.0,95.6849975586,133.790213605649,47.4854752165556,265671.31,666580.12,12,8,95.685
NS66NE_2822,1,1_2,6.2462368222,-9999.0,-9999.0,-9999.0,96.4550018311,119.075191830006,45.7699161804127,265634.69,666576.94,20,12,96.455
NS66NE_2823,1,1_2,5.46366445318,-9999.0,-9999.0,-9999.0,93.2699966431,106.21255015403,41.2654640955335,265983.26,666576.88,12,8,93.27
NS66NE_2824,1,1_2,6.33533022027,-9999.0,-9999.0,-9999.0,94.9869995117,200.480208765284,63.6809993117268,265782.3,666581.84,20,12,94.987
NS66NE_2825,1,1_2,5.81000085247,-9999.0,-9999.0,-9999.0,92.7720031738,70.7167667744397,33.9805288638832,266204.62,666572.87,12,8,92.772
NS66NE_2828,1,1_2,6.18906626838,-9999.0,-9999.0,-9999.0,93.3590011597,83.4310214261859,36.7531475303479,265929.65,666572.83,12,8,93.359
NS66NE_2830,1,1_2,6.34555544172,-9999.0,-9999.0,-9999.0,93.2440032959,140.595090195253,47.8122913783436,265969.4,666572.91,12,8,93.244
NS66NE_2833,1,1_2,6.40216626096,-9999.0,-9999.0,-9999.0,93.1029968262,79.9295910078174,36.1293668408953,265954.76,666569.7,12,8,93.103
NS66NE_2835,1,1_2,6.27626723353,-9999.0,-9999.0,-9999.0,93.4619979858,196.884545232874,61.9736406071524,265854.09,666573.78,20,12,93.462
NS66NE_2836,1,1_2,6.25482757912,-9999.0,-9999.0,-9999.0,93.5216674805,168.856464161165,53.5191312979753,266009.88,666571.52,20,12,93.522
NS66NE_2837,1,1_2,6.34075589901,-9999.0,-9999.0,-9999.0,91.5159988403,139.453616076962,47.6475329121322,266116.45,666569.72,12,8,91.516
NS66NE_2839,1,1_2,5.89724604079,-9999.0,-9999.0,-9999.0,93.34400177,154.932615989281,53.0926888397782,265914.77,666568.54,28,16,93.344
NS66NE_2840,1,1_2,6.47814254523,-9999.0,-9999.0,-9999.0,92.7080001831,81.9689391410678,37.9528581746952,266237.41,666565.9,20,12,92.708
NS66NE_2842,1,1_2,5.64035585628,-9999.0,-9999.0,-9999.0,92.658996582,223.546741380603,82.4328185954436,266176.74,666570.08,44,24,92.659
NS66NE_2844,1,1_2,6.27817199377,-9999.0,-9999.0,-9999.0,92.3239974976,142.545483765073,48.1826600867932,266145.65,666564.15,12,8,92.324
NS66NE_2847,1,1_2,6.07761676976,-9999.0,-9999.0,-9999.0,92.3809967041,96.2201414361776,39.2527375717476,266206.16,666560.14,12,8,92.381
NS66NE_2848,1,1_2,6.03058539013,-9999.0,-9999.0,-9999.0,91.5090026855,228.968794132163,65.4723510378391,266086.49,666566.24,20,12,91.509
NS66NE_2851,1,1_2,6.13982680842,-9999.0,-9999.0,-9999.0,95.3040008545,73.7281120926834,34.7566825287748,265648.4,666556.09,12,8,95.304
NS66NE_2852,1,1_2,6.13104715887,-9999.0,-9999.0,-9999.0,95.388999939,273.481938943156,99.1514467381387,265735.2,666568.72,48,26,95.389
NS66NE_2853,1,1_2,5.19436054356,-9999.0,-9999.0,-9999.0,92.966003418,196.457075703338,77.0068029198519,265895.94,666561.44,44,24,92.966
NS66NE_2854,1,1_2,6.16232848323,-9999.0,-9999.0,-9999.0,94.638999939,233.855342219913,69.3514147822881,265790.05,666556.89,28,16,94.639
NS66NE_2857,1,1_2,6.30183182754,-9999.0,-9999.0,-9999.0,92.5360031128,79.9291539843791,36.0407120010536,266179.97,666552.75,12,8,92.536
NS66NE_2858,1,1_2,6.28743666776,-9999.0,-9999.0,-9999.0,91.013999939,142.605092229057,48.1764928555204,266058.04,666553.78,12,8,91.014
NS66NE_2859,1,1_2,5.50357247541,-9999.0,-9999.0,-9999.0,92.2030029297,86.3996874269407,38.9316251887065,266204.34,666549.28,20,12,92.203
NS66NE_2860,1,1_2,6.36149594612,-9999.0,-9999.0,-9999.0,92.31199646,156.117546030308,55.3302546194326,266239.42,666552.2,28,16,92.312
NS66NE_2864,1,1_2,6.03654148686,-9999.0,-9999.0,-9999.0,92.672996521,145.065865678144,56.0428034275223,265859.34,666552.02,28,16,92.673
NS66NE_2865,1,1_2,6.28651627612,-9999.0,-9999.0,-9999.0,92.1770019531,141.962680303937,48.0422233267098,265933.11,666548.1,12,8,92.177
NS66NE_2866,1,1_2,6.22708921673,-9999.0,-9999.0,-9999.0,91.141998291,191.774730934522,58.3372064162872,266120.89,666549.47,12,8,91.142
NS66NE_2867,1,1_2,6.31691965683,-9999.0,-9999.0,-9999.0,92.3369979858,140.286965445495,47.7670885990763,266149.32,666546.51,12,8,92.337
NS66NE_2870,1,1_2,6.13323648844,-9999.0,-9999.0,-9999.0,92.8320007324,139.743596995404,47.602965852333,265990.67,666544.84,12,8,92.832
NS66NE_2874,1,1_2,5.64819388313,-9999.0,-9999.0,-9999.0,95.0859985352,112.580401516262,47.6508576070926,265650.67,666541.81,28,16,95.086
NS66NE_2875,1,1_2,6.08133492567,-9999.0,-9999.0,-9999.0,90.8809967041,229.276103165099,65.5803703576797,266015.5,666546.99,28,16,90.881
NS66NE_2877,1,1_2,6.36076139933,-9999.0,-9999.0,-9999.0,92.3320007324,143.304220232188,48.2793460443717,265967.29,666539.74,12,8,92.332
NS66NE_2878,1,1_2,6.1280291979,-9999.0,-9999.0,-9999.0,92.3310012817,171.906954560383,61.3698425110811,265903.13,666541.87,36,20,92.331
NS66NE_2880,1,1_2,6.30858376925,-9999.0,-9999.0,-9999.0,91.0660018921,79.5052797665798,35.9956679419445,266124.22,666534.52,12,8,91.066
NS66NE_2881,1,1_2,5.75651719008,-9999.0,-9999.0,-9999.0,93.6009979248,158.318218086514,61.2000120572221,265741.81,666539.11,28,16,93.601
NS66NE_2883,1,1_2,6.20405027166,-9999.0,-9999.0,-9999.0,93.09400177,124.124528871594,48.0085627316188,265836.75,666534.11,20,12,93.094
NS66NE_2885,1,1_2,6.04950401022,-9999.0,-9999.0,-9999.0,91.0400009155,232.107196076415,66.3876071396054,266092.7,666538.42,20,12,91.04
NS66NE_2886,1,1_2,5.10174008644,-9999.0,-9999.0,-9999.0,94.2279968262,381.984287967462,102.429843147576,265712.58,666546.32,28,16,94.228
NS66NE_2887,1,1_2,6.03255489051,-9999.0,-9999.0,-9999.0,92.6179962158,144.355510787042,52.1893813667581,265863.28,666533.86,20,12,92.618
NS66NE_2889,1,1_2,6.40079720211,-9999.0,-9999.0,-9999.0,93.4390029907,137.263480564027,47.3789174526921,265818.83,666530.32,12,8,93.439
NS66NE_2890,1,1_2,6.24172132813,-9999.0,-9999.0,-9999.0,91.8939971924,136.579090193933,47.0776470058085,265936.93,666530.57,12,8,91.894
NS66NE_2892,1,1_2,6.17522155334,-9999.0,-9999.0,-9999.0,90.4540023804,221.396539938494,64.4876048197231,266064.97,666532.25,12,8,90.454
NS66NE_2893,1,1_2,6.28758608357,-9999.0,-9999.0,-9999.0,94.8059997559,114.058107370853,42.924215791743,265654.13,666525.73,12,8,94.806
NS66NE_2897,1,1_2,5.98278682933,-9999.0,-9999.0,-9999.0,93.1119995117,155.343064286023,54.393309074275,265747.34,666519.3,20,12,93.112
NS66NE_2898,1,1_2,5.8762960434,-9999.0,-9999.0,-9999.0,90.2440032959,238.001570421065,70.199029469133,266030.92,666521.78,28,16,90.244
NS66NE_2900,1,1_2,6.47785001874,-9999.0,-9999.0,-9999.0,93.3160018921,190.39815734025,62.2312389203069,265796.67,666521.51,20,12,93.316
NS66NE_2901,1,1_2,6.08299146953,-9999.0,-9999.0,-9999.0,90.1240005493,150.067875913348,51.2167958513837,266008.84,666516.51,20,12,90.124
NS66NE_2902,1,1_2,6.15417182374,-9999.0,-9999.0,-9999.0,91.8619995117,172.78944468886,60.418986019598,265907.46,666519.47,28,16,91.862
NS66NE_2903,1,1_2,6.2547410077,-9999.0,-9999.0,-9999.0,90.5250015259,124.053875633519,44.7683275365965,265992.03,666512.04,12,8,90.525
NS66NE_2904,1,1_2,4.42870844075,-9999.0,-9999.0,-9999.0,92.8460006714,253.08250548013,72.4243241600567,265722.87,666513.0,20,12,92.846
NS66NE_2905,1,1_2,6.30828370651,-9999.0,-9999.0,-9999.0,92.0520019531,195.099381881499,63.1684718974942,265865.34,666509.64,20,12,92.052
NS66NE_2906,1,1_2,5.66779209612,-9999.0,-9999.0,-9999.0,94.7229995728,110.108626018004,46.6091006905467,265658.07,666509.59,28,16,94.723
NS66NE_2907,1,1_2,5.94628883131,-9999.0,-9999.0,-9999.0,90.9329986572,113.063940286857,43.1716869565365,265975.64,666508.47,20,12,90.933
NS66NE_2910,1,1_2,5.88473861054,-9999.0,-9999.0,-9999.0,91.0410003662,115.122751908561,44.3853258952375,265959.75,666504.96,28,16,91.041
NS66NE_2912,1,1_2,6.27192087485,-9999.0,-9999.0,-9999.0,92.3710021973,307.321410523747,86.3185610832302,265834.63,666504.39,36,20,92.371
NS66NE_2915,1,1_2,5.59612338739,-9999.0,-9999.0,-9999.0,93.4670028687,119.181498918028,47.0215731997629,265626.52,666502.48,28,16,93.467
NS66NE_2916,1,1_2,5.74182488255,-9999.0,-9999.0,-9999.0,91.0490036011,219.782491983739,70.9490462732277,265938.58,666499.93,32,18,91.049
NS66NE_2917,1,1_2,6.52942467387,-9999.0,-9999.0,-9999.0,94.3059997559,75.3171352709531,35.214228333771,265662.03,666495.99,12,8,94.306
NS66NE_2920,1,1_2,6.25105869424,-9999.0,-9999.0,-9999.0,92.422996521,194.757557518344,63.617853541868,265804.0,666495.99,28,16,92.423
NS66NE_2925,1,1_2,6.00622831011,-9999.0,-9999.0,-9999.0,91.388999939,224.526532905096,71.364297131958,265912.53,666497.05,36,20,91.389
NS66NE_2926,1,1_2,6.4624878534,-9999.0,-9999.0,-9999.0,93.3880004883,77.6862481118901,35.8168512391829,265628.29,666488.25,12,8,93.388
NS66NE_2927,1,1_2,6.33910358715,-9999.0,-9999.0,-9999.0,92.4950027466,138.132938780776,48.1298706854458,265730.05,666486.28,12,8,92.495
NS66NE_2928,1,1_2,6.2937173567,-9999.0,-9999.0,-9999.0,91.8720016479,140.699757462346,48.572736911029,265753.23,666487.69,12,8,91.872
NS66NE_2934,1,1_2,4.75982872607,-9999.0,-9999.0,-9999.0,92.0800018311,332.061461489817,86.299451014456,265703.76,666481.04,12,8,92.08
NS66NE_2935,1,1_2,6.12093925212,-9999.0,-9999.0,-9999.0,89.7549972534,188.618035087276,61.9706752357777,266005.0,666480.09,28,16,89.755
NS66NE_2937,1,1_2,3.80760107484,-9999.0,-9999.0,-9999.0,91.8769989014,178.099630330334,60.5197159977675,266220.87,666479.56,28,16,91.877
NS66NE_2938,1,1_2,2.58648847723,-9999.0,-9999.0,-9999.0,92.0520019531,39.9910500026529,26.3556142801258,266166.02,666473.32,12,8,92.052
NS66NE_2939,1,1_2,6.12777328491,-9999.0,-9999.0,-9999.0,93.5270004272,134.333218251727,46.6130374542439,265675.24,666474.47,12,8,93.527
NS66NE_2940,1,1_2,5.95586462005,-9999.0,-9999.0,-9999.0,90.1770019531,151.89855605669,51.0879470962336,265980.56,666474.25,12,8,90.177
NS66NE_2942,1,1_2,5.8437973492,-9999.0,-9999.0,-9999.0,91.1549987793,84.0293824154107,36.6974449200171,265958.47,666473.04,12,8,91.155
NS66NE_2944,1,1_2,5.64393144087,-9999.0,-9999.0,-9999.0,93.40599823,110.979221713796,47.0109399664903,265658.55,666470.78,28,16,93.406
NS66NE_2946,1,1_2,6.30613866645,-9999.0,-9999.0,-9999.0,93.2760009766,114.101290687171,42.8824844634464,265642.67,666466.26,12,8,93.276
NS66NE_2948,1,1_2,5.61314409351,-9999.0,-9999.0,-9999.0,92.9580001831,112.397130034255,47.0752152681253,265626.45,666463.39,28,16,92.958
NS66NE_2950,1,1_2,5.89572183709,-9999.0,-9999.0,-9999.0,91.2249984741,82.4628449169156,36.4013731452218,265933.84,666461.62,12,8,91.225
NS66NE_2952,1,1_2,5.84232674952,-9999.0,-9999.0,-9999.0,91.1800003052,83.0032391743954,36.4892629327655,265924.21,666459.6,12,8,91.18
NS66NE_2953,1,1_2,9.61134126217,-9999.0,-9999.0,-9999.0,91.84400177,274.742429588131,75.9887041627554,266192.78,666466.16,28,16,91.844
NS66NE_2956,1,1_2,6.12492088856,-9999.0,-9999.0,-9999.0,91.3850021362,123.979893576469,45.0931438758429,265961.18,666460.03,12,8,91.385
NS66NE_2958,1,1_2,5.99423449935,-9999.0,-9999.0,-9999.0,91.0579986572,224.394283279822,71.2730494355504,265754.73,666463.89,36,20,91.058
NS66NE_2959,1,1_2,5.99494758254,-9999.0,-9999.0,-9999.0,91.1569976807,133.045724079992,46.9366337002903,265911.71,666458.29,12,8,91.157
NS66NE_2961,1,1_2,2.5414329795,-9999.0,-9999.0,-9999.0,91.9769973755,46.8596362516639,27.9864976011789,266170.46,666455.4,12,8,91.977
NS66NE_2963,1,1_2,6.2680366474,-9999.0,-9999.0,-9999.0,91.5100021362,188.915673334934,60.4487191084526,265729.39,666457.31,20,12,91.51
NS66NE_2970,1,1_2,5.96929974551,-9999.0,-9999.0,-9999.0,91.358001709,227.684986684394,71.5341934886749,265703.7,666451.69,36,20,91.358
NS66NE_2971,1,1_2,5.93661295843,-9999.0,-9999.0,-9999.0,90.9349975586,341.12256352247,130.286632884434,265885.03,666452.2,68,36,90.935
NS66NE_2975,1,1_2,6.1511836573,-9999.0,-9999.0,-9999.0,91.0520019531,126.105156424886,45.4937067192235,265858.49,666446.42,12,8,91.052
NS66NE_2979,1,1_2,6.49563430076,-9999.0,-9999.0,-9999.0,91.0830001831,242.650889688969,68.0197900705353,265677.53,666442.18,12,8,91.083
NS66NE_2980,1,1_2,6.18750411331,-9999.0,-9999.0,-9999.0,91.202003479,240.426911143295,90.1839339620048,265837.83,666441.14,36,20,91.202
NS66NE_2982,1,1_2,5.87352311354,-9999.0,-9999.0,-9999.0,91.4260025024,86.4121655397663,37.1943707973198,265937.63,666434.96,12,8,91.426
NS66NE_2983,1,1_2,5.80827855316,-9999.0,-9999.0,-9999.0,91.2040023804,172.256672154102,56.4521620812326,265815.03,666435.61,20,12,91.204
NS66NE_2984,1,1_2,5.85125383968,-9999.0,-9999.0,-9999.0,90.7890014648,245.725318541365,76.0960725686495,265649.13,666435.75,28,16,90.789
NS66NE_2985,1,1_2,9.0079169488,-9999.0,-9999.0,-9999.0,91.8539962769,512.963206409888,94.5948085188542,266152.09,666442.27,28,16,91.854
NS66NE_2986,1,1_2,6.02982893382,-9999.0,-9999.0,-9999.0,91.2880020142,158.060980032694,55.7793562184266,265924.3,666431.24,28,16,91.288
NS66NE_2987,1,1_2,6.00703247299,-9999.0,-9999.0,-9999.0,91.6719970703,71.5107801458691,34.2090232743412,265771.45,666428.36,16,10,91.672
NS66NE_2988,1,1_2,6.04076789984,-9999.0,-9999.0,-9999.0,91.4260025024,262.306906599536,113.064018728349,265968.2,666438.13,60,32,91.426
NS66NE_2991,1,1_2,5.78173502186,-9999.0,-9999.0,-9999.0,91.5380020142,80.1841300955107,35.8720703664455,265744.81,666421.95,12,8,91.538
NS66NE_2996,1,1_2,6.02708408568,-9999.0,-9999.0,-9999.0,91.3489990234,456.94874737684,172.586543710831,265889.93,666423.6,76,42,91.349
NS66NE_2999,1,1_2,6.23599850991,-9999.0,-9999.0,-9999.0,91.6669998169,110.55246658845,42.170298408521,265857.88,666417.21,12,8,91.667
NS66NE_3000,1,1_2,5.87937508235,-9999.0,-9999.0,-9999.0,91.9670028687,81.3110441647518,36.1844529037415,265813.73,666416.01,12,8,91.967
NS66NE_3001,1,1_2,5.97607337472,-9999.0,-9999.0,-9999.0,91.1849975586,118.372160657037,45.4144040828106,265971.73,666416.82,28,16,91.185
NS66NE_3005,1,1_2,6.03304548733,-9999.0,-9999.0,-9999.0,91.8140029907,127.856482914501,45.8187930549457,265774.28,666416.96,16,10,91.814
NS66NE_3008,1,1_2,6.01795755197,-9999.0,-9999.0,-9999.0,92.1809997559,126.756989561622,46.9332987971975,265844.76,666413.39,20,12,92.181
NS66NE_3011,1,1_2,6.15956063307,-9999.0,-9999.0,-9999.0,91.7730026245,71.2534378055837,34.0889512867845,265832.97,666410.36,12,8,91.773
NS66NE_3017,1,1_2,5.92692978774,-9999.0,-9999.0,-9999.0,91.8789978027,80.6337309071093,36.005870717147,265816.32,666404.66,12,8,91.879
NS66NE_3018,1,1_2,6.22188541171,-9999.0,-9999.0,-9999.0,91.6340026855,138.569534974233,47.4044616323367,265717.4,666406.2,12,8,91.634
NS66NE_3021,1,1_2,6.24460109113,-9999.0,-9999.0,-9999.0,91.0970001221,107.236662865309,41.5071561117631,265974.91,666404.55,12,8,91.097
NS66NE_3023,1,1_2,5.96679793397,-9999.0,-9999.0,-9999.0,91.3880004883,82.6123939070709,36.3801984321336,265947.63,666402.19,12,8,91.388
NS66NE_3026,1,1_2,6.05673208669,-9999.0,-9999.0,-9999.0,91.9929962158,107.957671423997,41.6267104300662,265780.63,666401.64,12,8,91.993
NS66NE_3030,1,1_2,5.7850972434,-9999.0,-9999.0,-9999.0,91.4100036621,160.128402255138,55.0188134881362,265933.94,666399.41,24,14,91.41
NS66NE_3031,1,1_2,6.13361735905,-9999.0,-9999.0,-9999.0,90.0100021362,142.089719127043,48.6399788898081,265689.19,666399.39,12,8,90.01
NS66NE_3033,1,1_2,6.05617102023,-9999.0,-9999.0,-9999.0,91.3860015869,115.114084015279,45.0059839882583,265914.34,666396.34,20,12,91.386
NS66NE_3034,1,1_2,6.24958779314,-9999.0,-9999.0,-9999.0,91.5820007324,107.254375776835,41.4975237881273,265897.22,666392.68,12,8,91.582
NS66NE_3035,1,1_2,6.40622353357,-9999.0,-9999.0,-9999.0,89.5520019531,124.062904057174,44.7506023417457,265660.92,666393.58,12,8,89.552
NS66NE_3038,1,1_2,5.98430473201,-9999.0,-9999.0,-9999.0,90.466003418,277.31341909159,110.509753301344,265749.22,666400.13,44,24,90.466
NS66NE_3040,1,1_2,6.32623059865,-9999.0,-9999.0,-9999.0,91.0839996338,138.15392863203,47.3105875708357,265719.57,666388.46,12,8,91.084
NS66NE_3041,1,1_2,6.15898742092,-9999.0,-9999.0,-9999.0,91.8160018921,137.310490566111,68.3851710063313,265878.49,666387.45,44,24,91.816
NS66NE_3042,1,1_2,6.04569367583,-9999.0,-9999.0,-9999.0,88.9560012817,135.03792139632,51.0751854268319,265634.74,666387.89,20,12,88.956
NS66NE_3043,1,1_2,6.22230404168,-9999.0,-9999.0,-9999.0,91.9039993286,106.857590393926,41.435267588369,265859.03,666385.14,12,8,91.904
NS66NE_3045,1,1_2,6.17222183545,-9999.0,-9999.0,-9999.0,91.6620025635,125.318958358885,45.3518555163086,265781.76,666385.52,12,8,91.662
NS66NE_3048,1,1_2,6.42954738081,-9999.0,-9999.0,-9999.0,89.9140014648,123.835893347325,44.6888879038914,265691.39,666382.03,12,8,89.914
NS66NE_3055,1,1_2,6.07257363231,-9999.0,-9999.0,-9999.0,90.0419998169,125.529344987221,45.3998216206063,265753.15,666376.72,12,8,90.042
NS66NE_3059,1,1_2,6.45355378167,-9999.0,-9999.0,-9999.0,89.2610015869,120.984579817565,44.1800207904731,265653.53,666374.81,12,8,89.261
NS66NE_3060,1,1_2,5.85827314854,-9999.0,-9999.0,-9999.0,91.577003479,81.9633455221141,36.3029478851908,265784.56,666372.6,12,8,91.577
NS66NE_3061,1,1_2,5.10440358427,-9999.0,-9999.0,-9999.0,90.3779983521,1230.53589066923,146.656516930267,266019.27,666394.36,36,20,90.378
NS66NE_3073,1,1_2,5.92845253214,-9999.0,-9999.0,-9999.0,89.8970031738,79.4130040006723,35.6781629321079,265755.4,666363.71,12,8,89.897
NS66NE_3074,1,1_2,6.34739627478,-9999.0,-9999.0,-9999.0,90.033996582,83.8301074169604,36.9513614715697,265724.92,666363.62,12,8,90.034
NS66NE_3077,1,1_2,6.46653828378,-9999.0,-9999.0,-9999.0,89.7949981689,123.240022672537,44.6317111474669,265710.36,666361.5,12,8,89.795
NS66NE_3078,1,1_2,6.40583928194,-9999.0,-9999.0,-9999.0,89.5889968872,141.624713787524,47.9532787236409,265693.24,666358.87,12,8,89.589
NS66NE_3083,1,1_2,6.37538951832,-9999.0,-9999.0,-9999.0,89.0559997559,141.084215940852,47.8798112984157,265662.53,666353.19,12,8,89.056
NS66NE_3088,1,1_2,6.2245584308,-9999.0,-9999.0,-9999.0,88.9110031128,136.393142435799,47.0077628886774,265644.63,666350.7,12,8,88.911
NS66NE_3091,1,1_2,2.50695610925,-9999.0,-9999.0,-9999.0,89.5970001221,58.4398175094524,32.0423555809868,266198.07,666348.27,20,12,89.597
NS66NE_3099,1,1_2,6.11530276111,-9999.0,-9999.0,-9999.0,91.4879989624,111.461108941492,42.3637792128871,265879.0,666341.7,12,8,91.488
NS66NE_3100,1,1_2,6.16765026398,-9999.0,-9999.0,-9999.0,91.3860015869,206.039294997615,61.76375166861,265896.62,666341.74,12,8,91.386
NS66NE_3101,1,1_2,6.01113052186,-9999.0,-9999.0,-9999.0,91.3259963989,214.077600042733,62.9597730370538,265861.28,666341.64,12,8,91.326
NS66NE_3105,1,1_2,4.69731866551,-9999.0,-9999.0,-9999.0,90.9400024414,806.208910756132,132.997090467279,265941.12,666354.52,36,20,90.94
NS66NE_3106,1,1_2,9.35687852287,-9999.0,-9999.0,-9999.0,91.0609970093,272.164828330891,76.2264968653089,265832.62,666343.79,28,16,91.061
NS66NE_3109,1,1_2,9.20704182444,-9999.0,-9999.0,-9999.0,90.6350021362,280.395399965421,77.17334545525,265790.53,666340.89,28,16,90.635
NS66NE_3139,1,1_2,10.2016444221,-9999.0,-9999.0,-9999.0,90.2419967651,731.481679775021,161.158195381643,265991.74,666306.9,12,8,90.242
NS66NE_3141,1,1_2,8.37850690443,-9999.0,-9999.0,-9999.0,86.922996521,1269.72223018676,225.180353967758,266081.65,666321.82,76,40,86.923
NS66NE_3149,1,1_2,10.2302037471,-9999.0,-9999.0,-9999.0,90.2409973145,838.826992136658,178.273265826503,265906.43,666297.15,12,8,90.241
NS66NE_3150,1,1_2,10.1407582179,-9999.0,-9999.0,-9999.0,87.7470016479,872.484466812996,186.904023783004,265705.01,666288.09,28,16,87.747
NS66NE_3154,1,1_2,9.92390853031,-9999.0,-9999.0,-9999.0,89.5599975586,1221.89295303508,247.563107826598,265807.44,666288.41,28,16,89.56
NS66NE_3155,1,1_2,10.1002220235,-9999.0,-9999.0,-9999.0,86.5459976196,436.158296980485,100.007611465017,265641.33,666281.34,12,8,86.546
NS66NE_3174,1,1_2,9.8858490861,-9999.0,-9999.0,-9999.0,87.6210021973,1035.10066906378,210.751267012966,265988.09,666263.19,12,8,87.621
NS66NE_2329,1,1_3,5.84272314692,-9999.0,-9999.0,-9999.0,85.1610031128,224.164656049169,106.211482465563,265925.05,666991.94,64,32,85.161
NS66NE_2334,1,1_3,6.35983598405,-9999.0,-9999.0,-9999.0,88.8140029907,142.527172508301,46.8246195664067,265909.27,666976.8,20,12,88.814
NS66NE_2336,1,1_3,6.41620877244,-9999.0,-9999.0,-9999.0,88.7450027466,124.240616984012,44.8287741874547,265939.89,666969.54,12,8,88.745
NS66NE_2337,1,1_3,5.93681209851,-9999.0,-9999.0,-9999.0,88.841003418,150.994555060027,50.4383666222551,265990.76,666966.86,12,8,88.841
NS66NE_2339,1,1_3,6.28478509253,-9999.0,-9999.0,-9999.0,88.8389968872,164.684295888537,53.6382865808997,266019.6,666963.35,20,12,88.839
NS66NE_2340,1,1_3,5.89841434461,-9999.0,-9999.0,-9999.0,88.8860015869,288.950838993185,89.382554794083,265967.84,666964.87,44,24,88.886
NS66NE_2341,1,1_3,6.37687217898,-9999.0,-9999.0,-9999.0,88.9430007935,114.416170676825,43.0357995202934,266041.96,666960.94,12,8,88.943
NS66NE_2342,1,1_3,6.20286178589,-9999.0,-9999.0,-9999.0,89.0009994507,107.319978303784,41.8992701305389,265905.02,666959.96,12,8,89.001
NS66NE_2343,1,1_3,6.55474134896,-9999.0,-9999.0,-9999.0,89.2220001221,122.182237933859,44.4616248449979,266076.81,666956.64,12,8,89.222
NS66NE_2345,1,1_3,6.29182934191,-9999.0,-9999.0,-9999.0,89.358001709,106.570036798141,41.8457285263723,266057.36,666950.47,12,8,89.358
NS66NE_2349,1,1_3,6.19236204156,-9999.0,-9999.0,-9999.0,88.6989974976,107.931501907227,42.0267789962637,265993.01,666946.35,12,8,88.699
NS66NE_2350,1,1_3,6.37595480338,-9999.0,-9999.0,-9999.0,88.9560012817,181.928412588913,59.2748672915467,265934.41,666948.72,28,16,88.956
NS66NE_2351,1,1_3,6.44595461722,-9999.0,-9999.0,-9999.0,89.1460037231,99.0710075248371,39.8482384201732,265902.07,666943.59,12,8,89.146
NS66NE_2352,1,1_3,6.33892803793,-9999.0,-9999.0,-9999.0,88.8720016479,106.872276728339,41.3522186449055,266019.82,666943.01,12,8,88.872
NS66NE_2354,1,1_3,6.46300563877,-9999.0,-9999.0,-9999.0,89.4540023804,152.194399020607,56.1864782967922,265972.78,666941.44,28,16,89.454
NS66NE_2358,1,1_3,6.41241433109,-9999.0,-9999.0,-9999.0,89.2249984741,98.2460528278127,39.6841292468108,265926.18,666932.21,12,8,89.225
NS66NE_2361,1,1_3,6.38221634396,-9999.0,-9999.0,-9999.0,88.9390029907,105.40623412388,41.0671325965577,265994.02,666930.69,12,8,88.939
NS66NE_2363,1,1_3,6.38036834791,-9999.0,-9999.0,-9999.0,89.1679992676,108.291467966931,41.6329811337867,266021.5,666928.35,12,8,89.168
NS66NE_2364,1,1_3,5.91562542386,-9999.0,-9999.0,-9999.0,89.1370010376,144.182798920467,54.1173514657913,266040.08,666930.88,36,20,89.137
NS66NE_2365,1,1_3,6.29138256522,-9999.0,-9999.0,-9999.0,89.408996582,104.082127021501,41.3227935172373,265896.66,666928.26,12,8,89.409
NS66NE_2366,1,1_3,5.70884473196,-9999.0,-9999.0,-9999.0,89.4339981079,149.031390606461,52.2760988494475,265952.31,666928.24,20,12,89.434
NS66NE_2367,1,1_3,6.19853987956,-9999.0,-9999.0,-9999.0,89.1360015869,106.218224670606,41.8273497455858,266057.28,666924.28,12,8,89.136
NS66NE_2368,1,1_3,6.55016723086,-9999.0,-9999.0,-9999.0,89.4250030518,188.679276381331,56.4816337667105,266078.71,666925.8,12,8,89.425
NS66NE_2370,1,1_3,6.48783342086,-9999.0,-9999.0,-9999.0,89.3799972534,96.5191352960482,39.3414543714211,265922.78,666918.52,12,8,89.38
NS66NE_2378,1,1_3,6.49665361668,-9999.0,-9999.0,-9999.0,89.7320022583,121.719257810574,44.3921355761662,265950.55,666914.08,12,8,89.732
NS66NE_2379,1,1_3,6.55693155176,-9999.0,-9999.0,-9999.0,89.6529998779,120.515382246451,44.1467438736692,265978.68,666910.57,12,8,89.653
NS66NE_2380,1,1_3,6.53526022386,-9999.0,-9999.0,-9999.0,89.4440002441,116.021646958664,43.2804694413077,265892.67,666911.08,12,8,89.444
NS66NE_2381,1,1_3,6.26875842285,-9999.0,-9999.0,-9999.0,89.4092636108,127.06001525968,47.0251113202377,265997.22,666908.76,20,12,89.409
NS66NE_2384,1,1_3,6.45745410464,-9999.0,-9999.0,-9999.0,89.5559997559,97.7211304042541,39.5847759535353,265919.69,666904.86,12,8,89.556
NS66NE_2385,1,1_3,5.77718189359,-9999.0,-9999.0,-9999.0,92.0210037231,132.782616132216,49.2363111291498,265839.07,666903.78,28,16,92.021
NS66NE_2387,1,1_3,6.47304668899,-9999.0,-9999.0,-9999.0,89.3209991455,125.595013176295,45.0097286255194,266027.38,666902.31,12,8,89.321
NS66NE_2390,1,1_3,2.49207834764,-9999.0,-9999.0,-9999.0,89.7085876465,24.7242375051927,20.6492036303689,266038.7,666894.71,12,8,89.709
NS66NE_2391,1,1_3,5.85422501169,-9999.0,-9999.0,-9999.0,93.0719985962,408.853540551261,120.528776138218,265809.19,666899.98,72,38,93.072
NS66NE_2394,1,1_3,6.39593768376,-9999.0,-9999.0,-9999.0,89.4100036621,187.829031331693,61.5167808593387,266056.44,666896.75,44,24,89.41
NS66NE_2399,1,1_3,6.50928637607,-9999.0,-9999.0,-9999.0,89.7689971924,124.992389962977,44.9820151664276,265945.97,666888.37,12,8,89.769
NS66NE_2400,1,1_3,6.32535632878,-9999.0,-9999.0,-9999.0,96.4420013428,202.274695216575,61.2503566448737,265778.84,666892.73,20,12,96.442
NS66NE_2402,1,1_3,6.19418871403,-9999.0,-9999.0,-9999.0,90.0589981079,117.379318131933,43.4116332529188,265868.84,666887.72,12,8,90.059
NS66NE_2403,1,1_3,6.44812315579,-9999.0,-9999.0,-9999.0,89.6500015259,149.436306082456,50.0486631870897,265916.53,666889.82,12,8,89.65
NS66NE_2404,1,1_3,6.30171001388,-9999.0,-9999.0,-9999.0,89.6959991455,105.962347988207,41.8312798184324,265962.31,666885.71,12,8,89.696
NS66NE_2405,1,1_3,6.11340129829,-9999.0,-9999.0,-9999.0,89.6409988403,205.736774769824,67.7011306435065,266079.34,666890.36,60,32,89.641
NS66NE_2406,1,1_3,6.51807990564,-9999.0,-9999.0,-9999.0,89.2929992676,121.3460078512,44.2992977678048,266025.81,666884.92,12,8,89.293
NS66NE_2408,1,1_3,5.40183131369,-9999.0,-9999.0,-9999.0,89.5179977417,141.348586636952,52.7518033100194,265980.15,666882.49,28,16,89.518
NS66NE_2410,1,1_3,6.46749332973,-9999.0,-9999.0,-9999.0,92.6829986572,111.554772603108,42.3167720987907,265840.61,666879.94,12,8,92.683
NS66NE_2411,1,1_3,6.3221285569,-9999.0,-9999.0,-9999.0,89.9100036621,96.9347750638098,39.4036366477895,265901.43,666880.01,12,8,89.91
NS66NE_2412,1,1_3,5.83233174036,-9999.0,-9999.0,-9999.0,95.8379974365,549.920005298722,152.111409435508,265747.05,666896.71,76,40,95.838
NS66NE_2414,1,1_3,5.80515511283,-9999.0,-9999.0,-9999.0,89.3099975586,119.043926738093,46.0479303438101,265997.53,666876.55,20,12,89.31
NS66NE_1191,1,1_4,7.35946689578,-9999.0,-9999.0,-9999.0,83.5950012207,287.739611708474,81.5747807483838,266224.65,668123.39,36,20,83.595
NS66NE_1218,1,1_4,7.73652232097,-9999.0,-9999.0,-9999.0,83.4280014038,299.267504488933,76.9351579227635,266191.66,668113.39,12,8,83.428
NS66NE_1249,1,1_4,8.01926239693,-9999.0,-9999.0,-9999.0,83.8939971924,267.770538310052,70.3419623189179,266161.39,668103.71,12,8,83.894
NS66NE_1272,1,1_4,7.55774660544,-9999.0,-9999.0,-9999.0,84.1630020142,270.852844725452,72.7209316788436,266133.19,668096.61,20,12,84.163
NS66NE_1292,1,1_4,7.95030805231,-9999.0,-9999.0,-9999.0,84.4589996338,311.19266102644,79.3339720645703,266102.39,668088.0,20,12,84.459
NS66NE_1317,1,1_4,7.94660697793,-9999.0,-9999.0,-9999.0,84.68800354,306.8004016762,77.8282664959457,266067.2,668078.57,12,8,84.688
NS66NE_1340,1,1_4,7.90591019282,-9999.0,-9999.0,-9999.0,84.3679962158,266.628713162327,70.4869280590579,266036.97,668070.13,12,8,84.368
NS66NE_1343,1,1_4,7.94747497913,-9999.0,-9999.0,-9999.0,84.9779968262,264.67201839113,70.2774814731312,266165.36,668069.16,12,8,84.978
NS66NE_1346,1,1_4,7.30302387488,-9999.0,-9999.0,-9999.0,85.891998291,514.581972384041,126.420175196287,266238.49,668070.08,12,8,85.892
NS66NE_1347,1,1_4,7.75026523699,-9999.0,-9999.0,-9999.0,84.9550018311,208.692387010186,61.954844400682,266194.46,668066.68,12,8,84.955
NS66NE_1359,1,1_4,8.19365553267,-9999.0,-9999.0,-9999.0,85.3180007935,229.137412001754,65.09226531009,266139.01,668062.46,20,12,85.318
NS66NE_1399,1,1_4,6.24740960355,-9999.0,-9999.0,-9999.0,85.8280029297,172.757769701903,56.0334851731095,266072.12,668046.39,12,8,85.828
NS66NE_1430,1,1_4,6.36390078046,-9999.0,-9999.0,-9999.0,85.8730010986,278.211004086048,79.2893283549912,266113.33,668046.49,12,8,85.873
NS66NE_1436,1,1_4,2.0270631022,-9999.0,-9999.0,-9999.0,86.6470031738,111.894470677242,50.0419719670118,266158.17,668032.67,12,8,86.647
NS66NE_1437,1,1_4,6.06811683423,-9999.0,-9999.0,-9999.0,85.09400177,223.86526899329,73.2974634807539,266036.52,668035.28,28,16,85.094
NS66NE_1478,1,1_4,7.83372012803,-9999.0,-9999.0,-9999.0,89.8420028687,217.807684557119,65.8334985010434,266226.58,668015.04,20,12,89.842
NS66NE_1480,1,1_4,5.83182817824,-9999.0,-9999.0,-9999.0,88.0179977417,229.668335477686,68.7600689000157,266082.35,668013.61,12,8,88.018
NS66NE_1490,1,1_4,6.21318859074,-9999.0,-9999.0,-9999.0,87.9079971313,546.341309897182,138.018443418674,266165.34,668014.44,12,8,87.908
NS66NE_1516,1,1_4,6.10211216574,-9999.0,-9999.0,-9999.0,88.216003418,278.380219582265,78.8488349789518,266120.38,668007.75,12,8,88.216
NS66NE_1529,1,1_4,6.12124107277,-9999.0,-9999.0,-9999.0,86.0690002441,116.62261860973,43.2509504625712,265746.83,667993.74,12,8,86.069
NS66NE_1534,1,1_4,6.13435439664,-9999.0,-9999.0,-9999.0,85.5500030518,96.7923846764396,39.3715749310079,265804.71,667991.08,12,8,85.55
NS66NE_1540,1,1_4,6.14495327698,-9999.0,-9999.0,-9999.0,84.3489990234,103.862612121376,40.8300993020817,265714.6,667990.48,12,8,84.349
NS66NE_1542,1,1_4,6.18981501261,-9999.0,-9999.0,-9999.0,85.7789993286,115.852349557369,43.1107672190714,265820.14,667989.54,12,8,85.779
NS66NE_1548,1,1_4,6.18326135516,-9999.0,-9999.0,-9999.0,85.7659988403,79.9355546766137,36.0006825139245,265832.88,667987.99,12,8,85.766
NS66NE_1557,1,1_4,6.00111456127,-9999.0,-9999.0,-9999.0,86.4589996338,82.6047998084132,36.5903088357565,265781.53,667985.66,12,8,86.459
NS66NE_1560,1,1_4,6.13036366396,-9999.0,-9999.0,-9999.0,85.7249984741,90.1609457218018,38.3818414909083,265843.72,667985.53,12,8,85.725
NS66NE_1563,1,1_4,6.17899920016,-9999.0,-9999.0,-9999.0,85.6569976807,102.471136681611,40.5422848989891,265855.57,667983.6,12,8,85.657
NS66NE_1566,1,1_4,5.99203644858,-9999.0,-9999.0,-9999.0,85.2689971924,113.080302336013,42.5725466654034,265939.1,667984.01,12,8,85.269
NS66NE_1567,1,1_4,6.06717047924,-9999.0,-9999.0,-9999.0,86.2620010376,88.0365159262771,38.0794986570218,265742.15,667981.8,12,8,86.262
NS66NE_1575,1,1_4,2.10416430305,-9999.0,-9999.0,-9999.0,90.1299972534,25.7013899973032,23.14127598977,266083.06,667977.04,8,6,90.13
NS66NE_1578,1,1_4,5.91634255055,-9999.0,-9999.0,-9999.0,84.6709976196,96.8642979532742,39.7331596093216,265710.26,667978.91,12,8,84.671
NS66NE_1583,1,1_4,6.19766696253,-9999.0,-9999.0,-9999.0,85.5739974976,100.984410272482,40.2361692878751,265927.23,667978.52,12,8,85.574
NS66NE_1585,1,1_4,5.96945887563,-9999.0,-9999.0,-9999.0,85.7369995117,96.2220368599274,39.5503658121109,265867.24,667978.05,12,8,85.737
NS66NE_1590,1,1_4,6.09114094382,-9999.0,-9999.0,-9999.0,86.5279998779,89.0191770459587,38.3170590653306,265773.31,667975.63,12,8,86.528
NS66NE_1591,1,1_4,6.12123251569,-9999.0,-9999.0,-9999.0,90.7149963379,436.055815092256,114.197763289568,266148.05,667980.64,12,8,90.715
NS66NE_1600,1,1_4,5.98976730918,-9999.0,-9999.0,-9999.0,85.8249969482,93.8380648420856,39.0879936378311,265915.73,667973.57,12,8,85.825
NS66NE_1603,1,1_4,5.93606705568,-9999.0,-9999.0,-9999.0,86.4359970093,100.139912092976,40.3103067288011,265738.27,667970.92,12,8,86.436
NS66NE_1605,1,1_4,6.21088549199,-9999.0,-9999.0,-9999.0,86.0205001831,101.602366089517,40.3432828514788,265878.35,667969.42,12,8,86.02
NS66NE_1606,1,1_4,3.62284803391,-9999.0,-9999.0,-9999.0,90.2699966431,334.687962107187,94.2391572619097,266189.27,667981.99,28,16,90.27
NS66NE_1614,1,1_4,6.15776782826,-9999.0,-9999.0,-9999.0,85.8560028076,83.4425140963939,37.0456862699832,265905.83,667967.7,12,8,85.856
NS66NE_1620,1,1_4,5.93577022256,-9999.0,-9999.0,-9999.0,86.8379974365,97.9578229393536,40.0056450841709,265769.38,667964.85,12,8,86.838
NS66NE_1621,1,1_4,5.53896453921,-9999.0,-9999.0,-9999.0,85.922996521,127.09329167748,47.9057718873169,265892.21,667964.99,20,12,85.923
NS66NE_1622,1,1_4,6.08636728351,-9999.0,-9999.0,-9999.0,91.2153778076,228.918240224875,68.4014993818,266094.6,667966.24,12,8,91.215
NS66NE_1636,1,1_4,5.89158975461,-9999.0,-9999.0,-9999.0,86.6500015259,93.5695510777209,39.1228034239476,265734.33,667960.24,12,8,86.65
NS66NE_1637,1,1_4,5.93145059858,-9999.0,-9999.0,-9999.0,88.9509963989,110.249784557043,42.01375825516,265804.72,667959.94,12,8,88.951
NS66NE_1638,1,1_4,5.7096482821,-9999.0,-9999.0,-9999.0,89.1989974976,210.03196980984,71.6616113189459,265823.75,667960.87,36,20,89.199
NS66NE_1651,1,1_4,5.98200863331,-9999.0,-9999.0,-9999.0,88.7870025635,117.478376388094,43.3932910571143,265790.44,667959.17,12,8,88.787
NS66NE_1656,1,1_4,5.95912438931,-9999.0,-9999.0,-9999.0,89.3909988403,91.709296359519,38.7420370523527,265841.5,667956.22,12,8,89.391
NS66NE_1663,1,1_4,5.49226562947,-9999.0,-9999.0,-9999.0,87.0469970703,123.170531262636,48.3582349911862,265766.65,667953.22,28,16,87.047
NS66NE_1664,1,1_4,6.18365298794,-9999.0,-9999.0,-9999.0,92.6979980469,385.730242119758,103.032243594915,266159.27,667956.75,12,8,92.698
NS66NE_1675,1,1_4,5.90171737497,-9999.0,-9999.0,-9999.0,89.408996582,114.468563475266,42.8210828479851,265854.34,667950.26,12,8,89.409
NS66NE_1677,1,1_4,5.71869047594,-9999.0,-9999.0,-9999.0,87.3899993896,244.687073874993,81.6786549999449,265954.97,667949.73,36,20,87.39
NS66NE_1680,1,1_4,6.0760711752,-9999.0,-9999.0,-9999.0,87.733001709,95.2119654810455,39.3297728406806,265936.02,667946.64,12,8,87.733
NS66NE_1692,1,1_4,6.00557571339,-9999.0,-9999.0,-9999.0,87.9309997559,112.092984343385,43.2770709479657,265924.2,667943.63,16,10,87.931
NS66NE_1700,1,1_4,5.88019089058,-9999.0,-9999.0,-9999.0,87.0439987183,115.139514781614,42.9666353506529,265725.77,667940.01,12,8,87.044
NS66NE_1702,1,1_4,6.04116648548,-9999.0,-9999.0,-9999.0,88.4909973145,94.0268146446961,39.1070039827053,265911.58,667939.39,12,8,88.491
NS66NE_1710,1,1_4,6.35488839944,-9999.0,-9999.0,-9999.0,89.0220031738,100.705324978533,40.1777079854456,265899.87,667935.82,12,8,89.022
NS66NE_1711,1,1_4,6.22654675171,-9999.0,-9999.0,-9999.0,89.8659973145,114.145896062779,42.7615284695055,265859.49,667935.9,12,8,89.866
NS66NE_1717,1,1_4,6.07074485242,-9999.0,-9999.0,-9999.0,90.5739974976,384.288468933305,102.653370634146,266083.22,667936.41,12,8,90.574
NS66NE_1719,1,1_4,6.20359476993,-9999.0,-9999.0,-9999.0,89.8809967041,98.7185980432022,39.7611250360754,265824.47,667931.23,12,8,89.881
NS66NE_1720,1,1_4,3.64293525977,-9999.0,-9999.0,-9999.0,94.4889984131,188.979823568987,63.5773431086098,266207.17,667936.51,20,12,94.489
NS66NE_1728,1,1_4,6.25541283403,-9999.0,-9999.0,-9999.0,89.53099823,112.199208550027,42.4011765515352,265887.21,667929.56,12,8,89.531
NS66NE_1729,1,1_4,6.20383547003,-9999.0,-9999.0,-9999.0,89.9100036621,113.26830686395,42.6030836385798,265810.49,667928.46,12,8,89.91
NS66NE_1734,1,1_4,6.07527776273,-9999.0,-9999.0,-9999.0,86.8389968872,88.8283575769897,38.1984933728715,265728.66,667926.11,12,8,86.839
NS66NE_1735,1,1_4,6.06011821062,-9999.0,-9999.0,-9999.0,88.1200027466,80.5802864687448,36.1382135808062,265752.13,667925.06,12,8,88.12
NS66NE_1736,1,1_4,6.03110787703,-9999.0,-9999.0,-9999.0,89.7409973145,94.6060610823443,39.2289236762921,265795.2,667925.53,12,8,89.741
NS66NE_1739,1,1_4,1.94778922266,-9999.0,-9999.0,-9999.0,94.3550033569,107.409776405168,47.2212541496708,266223.64,667927.54,12,8,94.355
NS66NE_1742,1,1_4,6.21069481259,-9999.0,-9999.0,-9999.0,88.4039993286,87.3682698557066,37.8998199169852,265763.19,667923.49,12,8,88.404
NS66NE_1743,1,1_4,5.94116306305,-9999.0,-9999.0,-9999.0,89.1230010986,82.4648301522965,36.5398158212242,265774.49,667923.41,12,8,89.123
NS66NE_1747,1,1_4,6.10393288528,-9999.0,-9999.0,-9999.0,89.9599990845,101.827592184944,40.4091697965213,265863.82,667922.96,12,8,89.96
NS66NE_1748,1,1_4,6.21547784855,-9999.0,-9999.0,-9999.0,88.0790023804,97.7136995255349,40.5095788469507,265975.52,667923.54,20,12,88.079
NS66NE_1756,1,1_4,6.2626773956,-9999.0,-9999.0,-9999.0,87.9749984741,94.8994437652156,38.9777518588,265952.09,667919.51,12,8,87.975
NS66NE_1762,1,1_4,3.61876382828,-9999.0,-9999.0,-9999.0,88.0640029907,24.8052074976491,23.6509203990497,265962.94,667913.74,8,6,88.064
NS66NE_1765,1,1_4,6.04375318938,-9999.0,-9999.0,-9999.0,94.9479980469,162.323852763962,58.5249986232283,266174.21,667918.69,12,8,94.948
NS66NE_1766,1,1_4,6.22467800564,-9999.0,-9999.0,-9999.0,94.8820037842,115.66385687787,43.399065158848,266210.86,667917.52,12,8,94.882
NS66NE_1769,1,1_4,5.88993620121,-9999.0,-9999.0,-9999.0,94.3280029297,180.886041908314,60.466294507467,266153.0,667915.78,20,12,94.328
NS66NE_1770,1,1_4,5.33093117515,-9999.0,-9999.0,-9999.0,89.7529983521,127.170937986346,48.3763015516446,265832.68,667916.11,20,12,89.753
NS66NE_1771,1,1_4,6.19351452332,-9999.0,-9999.0,-9999.0,88.4739990234,111.731560659032,42.3184992486968,265937.06,667915.11,12,8,88.474
NS66NE_1778,1,1_4,6.10985109728,-9999.0,-9999.0,-9999.0,86.7720031738,103.632634397958,40.8004612157288,265732.58,667913.32,12,8,86.772
NS66NE_1791,1,1_4,6.01969195479,-9999.0,-9999.0,-9999.0,88.6539993286,83.2881131388291,37.1488241681747,265925.27,667909.86,12,8,88.654
NS66NE_1796,1,1_4,2.50722784996,-9999.0,-9999.0,-9999.0,94.5690002441,41.7640387456302,26.2804516938803,266163.71,667906.24,12,8,94.569
NS66NE_1799,1,1_4,6.07112648879,-9999.0,-9999.0,-9999.0,89.7129974365,102.748701951687,40.588851839732,265805.72,667907.01,12,8,89.713
NS66NE_1800,1,1_4,6.02091256225,-9999.0,-9999.0,-9999.0,88.9580001831,84.2096950812535,37.2186707218738,265914.44,667906.61,12,8,88.958
NS66NE_1804,1,1_4,6.03301590116,-9999.0,-9999.0,-9999.0,92.3199996948,333.815879726661,94.9230084419932,266122.08,667906.12,20,12,92.32
NS66NE_1805,1,1_4,5.96895066586,-9999.0,-9999.0,-9999.0,89.2860031128,90.5438008575684,38.678343565393,265770.73,667902.11,12,8,89.286
NS66NE_1806,1,1_4,5.93452400997,-9999.0,-9999.0,-9999.0,90.2509994507,95.0914577397991,39.3443983033861,265835.88,667902.77,12,8,90.251
NS66NE_1810,1,1_4,6.09859971908,-9999.0,-9999.0,-9999.0,89.3619995117,80.436705387788,36.1553486903052,265904.1,667902.43,12,8,89.362
NS66NE_1817,1,1_4,5.60034761196,-9999.0,-9999.0,-9999.0,86.8479995728,131.385505210566,50.1681801426763,265743.15,667899.34,20,12,86.848
NS66NE_1825,1,1_4,5.91402912392,-9999.0,-9999.0,-9999.0,89.7379989624,99.0263411053751,40.1645992317029,265890.71,667898.29,12,8,89.738
NS66NE_1828,1,1_4,6.29092281801,-9999.0,-9999.0,-9999.0,94.9570007324,245.923197975353,70.6539601364623,266230.62,667904.34,12,8,94.957
NS66NE_1832,1,1_4,6.12696791161,-9999.0,-9999.0,-9999.0,89.7600021362,80.2075544526023,36.0520519272209,265808.92,667895.36,12,8,89.76
NS66NE_1833,1,1_4,5.90749141456,-9999.0,-9999.0,-9999.0,89.8809967041,90.8432991229945,38.6050325624544,265879.17,667896.37,12,8,89.881
NS66NE_1834,1,1_4,5.67823068412,-9999.0,-9999.0,-9999.0,91.5660018921,198.598059039197,62.6146405569352,266089.62,667897.7,28,16,91.566
NS66NE_1836,1,1_4,7.02060311378,-9999.0,-9999.0,-9999.0,95.1090011597,133.307845922015,48.2104411405957,266185.62,667897.99,12,8,95.109
NS66NE_1843,1,1_4,5.89214191834,-9999.0,-9999.0,-9999.0,90.0550003052,100.188349549973,40.3432870277189,265868.26,667893.22,12,8,90.055
NS66NE_1852,1,1_4,5.94632904212,-9999.0,-9999.0,-9999.0,89.283996582,97.7228871604986,39.8771682872016,265774.87,667890.47,12,8,89.284
NS66NE_1853,1,1_4,5.94747920281,-9999.0,-9999.0,-9999.0,90.2440032959,134.529692830762,51.2310241268701,266068.89,667892.17,28,16,90.244
NS66NE_1855,1,1_4,6.23272715342,-9999.0,-9999.0,-9999.0,90.4270019531,113.37590430285,42.6255528935908,265842.19,667891.09,12,8,90.427
NS66NE_1858,1,1_4,5.92277342629,-9999.0,-9999.0,-9999.0,86.6740036011,97.0670823444005,39.7245742338261,265744.89,667886.64,12,8,86.674
NS66NE_1861,1,1_4,5.85629043579,-9999.0,-9999.0,-9999.0,90.06300354,124.788102819577,49.8322064807203,266050.83,667887.35,28,16,90.063
NS66NE_1866,1,1_4,2.44069120143,-9999.0,-9999.0,-9999.0,91.689666748,69.8322166031647,34.5354794392553,266104.09,667883.5,12,8,91.69
NS66NE_1875,1,1_4,6.20543136426,-9999.0,-9999.0,-9999.0,90.0240020752,114.165764566649,42.7933128748324,265813.28,667882.93,12,8,90.024
NS66NE_1876,1,1_4,5.86418041532,-9999.0,-9999.0,-9999.0,89.8020019531,126.133500027026,50.0073162668585,266032.65,667882.28,28,16,89.802
NS66NE_1881,1,1_4,2.2367298904,-9999.0,-9999.0,-9999.0,91.3949966431,51.8283600034696,29.4673468068093,266115.71,667878.11,12,8,91.395
NS66NE_1885,1,1_4,5.95692436633,-9999.0,-9999.0,-9999.0,89.2129974365,108.027244347999,41.6236622701636,265775.4,667878.11,12,8,89.213
NS66NE_1886,1,1_4,6.09285717384,-9999.0,-9999.0,-9999.0,90.7089996338,110.11824123149,42.0404046343874,265849.62,667878.67,12,8,90.709
NS66NE_1888,1,1_4,6.54169903063,-9999.0,-9999.0,-9999.0,94.5296707153,129.581358616953,50.4290711691781,266174.09,667877.94,12,8,94.53
NS66NE_1897,1,1_4,6.0621693929,-9999.0,-9999.0,-9999.0,86.6709976196,102.115415028478,40.420885292346,265747.95,667874.44,12,8,86.671
NS66NE_1898,1,1_4,3.30397029405,-9999.0,-9999.0,-9999.0,91.4160003662,90.1146667252165,39.9083335912743,266103.08,667872.9,12,8,91.416
NS66NE_1904,1,1_4,3.02431542533,-9999.0,-9999.0,-9999.0,86.8059997559,33.0149774948376,23.743831850048,265757.84,667868.4,12,8,86.806
NS66NE_1905,1,1_4,6.68247103829,-9999.0,-9999.0,-9999.0,93.2559967041,131.540707308757,50.720073369173,266151.48,667871.72,12,8,93.256
NS66NE_1907,1,1_4,2.54697490491,-9999.0,-9999.0,-9999.0,90.0899963379,29.8130475049653,25.1004667430199,266050.08,667869.56,8,6,90.09
NS66NE_1908,1,1_4,6.30806101876,-9999.0,-9999.0,-9999.0,95.2440032959,180.16294725472,56.978495435591,266223.42,667874.29,12,8,95.244
NS66NE_1913,1,1_4,3.48128146319,-9999.0,-9999.0,-9999.0,89.733001709,179.573291770271,57.9178097483699,265916.38,667870.34,28,16,89.733
NS66NE_1915,1,1_4,6.04329515144,-9999.0,-9999.0,-9999.0,89.1179962158,84.746876084759,37.4225609061699,265775.02,667866.17,12,8,89.118
NS66NE_1918,1,1_4,6.14097369574,-9999.0,-9999.0,-9999.0,91.6630020142,157.660897237709,60.5440104827761,266128.88,667866.83,28,16,91.663
NS66NE_1922,1,1_4,3.44025184139,-9999.0,-9999.0,-9999.0,89.1139984131,144.963856423077,52.2536098209491,265957.06,667867.89,12,8,89.114
NS66NE_1924,1,1_4,2.68472247654,-9999.0,-9999.0,-9999.0,91.3339996338,74.7268280370603,35.2228906410556,266108.22,667861.05,12,8,91.334
NS66NE_1925,1,1_4,5.723662306,-9999.0,-9999.0,-9999.0,90.8199996948,117.925317809503,44.0633297139032,265834.09,667864.36,20,12,90.82
NS66NE_1928,1,1_4,3.4089403632,-9999.0,-9999.0,-9999.0,89.0759963989,146.320124088673,52.4653489358681,265939.03,667864.37,12,8,89.076
NS66NE_1929,1,1_4,3.30348056979,-9999.0,-9999.0,-9999.0,88.702003479,271.257575397649,71.5111510170141,266009.66,667864.12,44,24,88.702
NS66NE_1930,1,1_4,2.78910553455,-9999.0,-9999.0,-9999.0,89.0510025024,33.4112474995769,23.4587774684643,265966.49,667857.19,12,8,89.051
NS66NE_1931,1,1_4,5.82216649789,-9999.0,-9999.0,-9999.0,90.4240036011,110.288420824579,42.0081309801672,265821.92,667859.76,12,8,90.424
NS66NE_1933,1,1_4,3.41080485012,-9999.0,-9999.0,-9999.0,90.3470001221,191.822825209812,58.7987289284337,265890.88,667861.46,28,16,90.347
NS66NE_1939,1,1_4,5.84632910234,-9999.0,-9999.0,-9999.0,90.0559997559,100.019538880962,40.0059537431415,265808.81,667856.74,12,8,90.056
NS66NE_1941,1,1_4,3.60843740927,-9999.0,-9999.0,-9999.0,91.172996521,66.3155354072204,32.5841100298243,265879.17,667854.56,12,8,91.173
NS66NE_1942,1,1_4,3.23675271104,-9999.0,-9999.0,-9999.0,89.0650024414,137.042129398807,49.4415224305507,265978.0,667857.81,12,8,89.065
NS66NE_1950,1,1_4,6.90253299803,-9999.0,-9999.0,-9999.0,94.5260009766,128.588620176911,50.2797950618878,266181.07,667851.37,12,8,94.526
NS66NE_1952,1,1_4,2.80074641744,-9999.0,-9999.0,-9999.0,89.09400177,31.6185750013668,22.7863794654954,265939.12,667848.22,12,8,89.094
NS66NE_1953,1,1_4,2.64789076293,-9999.0,-9999.0,-9999.0,91.1620025635,72.6421151392324,34.6954892067229,266111.4,667848.79,12,8,91.162
NS66NE_1960,1,1_4,5.99457585781,-9999.0,-9999.0,-9999.0,94.8949966431,202.854290929041,63.9754631459153,266229.31,667852.21,28,16,94.895
NS66NE_1961,1,1_4,3.20381486525,-9999.0,-9999.0,-9999.0,86.7779998779,29.4231749977917,22.6276612828597,265758.25,667844.47,12,8,86.778
NS66NE_1963,1,1_4,6.76286214291,-9999.0,-9999.0,-9999.0,92.6279983521,131.608968336189,50.6154853593213,266158.6,667845.15,12,8,92.628
NS66NE_1967,1,1_4,3.49234903738,-9999.0,-9999.0,-9999.0,89.93699646,106.529527990303,47.5297265589657,266054.87,667846.35,20,12,89.937
NS66NE_1969,1,1_4,3.31012956794,-9999.0,-9999.0,-9999.0,89.3529968262,102.751509985455,42.700281945506,265968.07,667844.02,12,8,89.353
NS66NE_1974,1,1_4,3.50619290706,-9999.0,-9999.0,-9999.0,89.4189987183,88.8020346092396,39.1126061874582,265956.36,667841.1,12,8,89.419
NS66NE_1977,1,1_4,5.51506381462,-9999.0,-9999.0,-9999.0,87.8779983521,216.49446573418,73.9233569589412,265773.45,667838.92,36,20,87.878
NS66NE_1978,1,1_4,5.70206292419,-9999.0,-9999.0,-9999.0,90.7900009155,155.454045926511,49.9428201143312,265877.1,667840.72,12,8,90.79
NS66NE_1979,1,1_4,3.85784550402,-9999.0,-9999.0,-9999.0,89.5709991455,169.099971240645,96.9210926536388,265915.27,667839.83,56,28,89.571
NS66NE_1980,1,1_4,5.17500905901,-9999.0,-9999.0,-9999.0,89.4449996948,113.573222931802,53.4288671575038,265806.93,667839.96,36,20,89.445
NS66NE_1981,1,1_4,3.31536308855,-9999.0,-9999.0,-9999.0,89.1989974976,118.213766310543,50.2400617214798,266016.81,667839.0,28,16,89.199
NS66NE_1983,1,1_4,3.37716307615,-9999.0,-9999.0,-9999.0,89.4889984131,94.3775372524886,40.506760258408,265945.02,667836.92,12,8,89.489
NS66NE_1984,1,1_4,6.00341678121,-9999.0,-9999.0,-9999.0,90.7139968872,175.784768769955,60.8222429426445,266136.19,667837.01,28,16,90.714
NS66NE_1986,1,1_4,6.14377280189,-9999.0,-9999.0,-9999.0,86.5650024414,97.788446926916,39.5552261825858,265747.9,667834.29,12,8,86.565
NS66NE_1988,1,1_4,3.44968856909,-9999.0,-9999.0,-9999.0,89.658996582,78.8191166786278,36.0596792426307,266072.21,667832.59,12,8,89.659
NS66NE_1998,1,1_4,3.44725258567,-9999.0,-9999.0,-9999.0,89.4420013428,97.5568244450195,41.4972960463217,266058.64,667828.69,12,8,89.442
NS66NE_2000,1,1_4,5.87968483275,-9999.0,-9999.0,-9999.0,89.263999939,97.3053764244445,39.7768939138347,265812.67,667827.09,12,8,89.264
NS66NE_2001,1,1_4,3.47490452785,-9999.0,-9999.0,-9999.0,89.7009963989,89.7289767176838,39.2009571530693,265933.09,667826.79,12,8,89.701
NS66NE_2004,1,1_4,6.69412500009,-9999.0,-9999.0,-9999.0,94.3489990234,181.645829502524,57.4652000996391,266235.39,667830.45,12,8,94.349
NS66NE_2005,1,1_4,3.47920722768,-9999.0,-9999.0,-9999.0,89.1569976807,100.768388583417,51.2915788502781,266023.23,667826.44,28,16,89.157
NS66NE_2006,1,1_4,3.37752294816,-9999.0,-9999.0,-9999.0,89.341003418,223.26252874088,95.6486139645946,266041.6,667835.82,44,24,89.341
NS66NE_2007,1,1_4,3.3413741716,-9999.0,-9999.0,-9999.0,89.0899963379,100.779905048074,41.9783720224289,265987.49,667823.92,12,8,89.09
NS66NE_2011,1,1_4,6.11581714189,-9999.0,-9999.0,-9999.0,86.31199646,103.467474194343,40.7428076532358,265750.0,667821.43,12,8,86.312
NS66NE_2013,1,1_4,3.54035088775,-9999.0,-9999.0,-9999.0,89.4039993286,109.823748220914,43.9100544871237,265973.75,667820.91,12,8,89.404
NS66NE_2014,1,1_4,6.22764398305,-9999.0,-9999.0,-9999.0,94.8560028076,239.255029656585,70.1667732883824,266205.35,667826.72,12,8,94.856
NS66NE_2015,1,1_4,6.04232979426,-9999.0,-9999.0,-9999.0,89.1409988403,82.2011363218595,36.5618470260123,265817.6,667816.99,12,8,89.141
NS66NE_2016,1,1_4,3.36422134525,-9999.0,-9999.0,-9999.0,89.8809967041,123.570615803458,48.2165123875552,265915.38,667818.17,12,8,89.881
NS66NE_2017,1,1_4,3.30585708618,-9999.0,-9999.0,-9999.0,90.1240005493,112.359448526468,44.736879614676,266118.15,667817.65,20,12,90.124
NS66NE_2018,1,1_4,5.99920017572,-9999.0,-9999.0,-9999.0,88.8010025024,105.1380907754,41.0369713422795,265780.8,667817.12,12,8,88.801
NS66NE_2020,1,1_4,3.32169181019,-9999.0,-9999.0,-9999.0,89.0690002441,107.878236916586,42.305328157649,266027.2,667814.29,12,8,89.069
NS66NE_2021,1,1_4,3.46810290641,-9999.0,-9999.0,-9999.0,89.5220031738,109.080782340408,44.4227003824668,265959.84,667815.19,12,8,89.522
NS66NE_2022,1,1_4,3.14760074494,-9999.0,-9999.0,-9999.0,89.6630020142,43.4204174959666,42.9215052689373,266105.44,667811.96,24,14,89.663
NS66NE_2025,1,1_4,2.32549380018,-9999.0,-9999.0,-9999.0,93.8710021973,42.6612057300482,28.7214554800725,266248.08,667809.49,12,8,93.871
NS66NE_2026,1,1_4,3.38703907532,-9999.0,-9999.0,-9999.0,89.6900024414,105.121110504663,42.3583648628792,265946.29,667812.67,12,8,89.69
NS66NE_2027,1,1_4,2.92309241599,-9999.0,-9999.0,-9999.0,89.2679977417,48.1649439065062,30.0073710827853,266083.29,667809.84,12,8,89.268
NS66NE_2028,1,1_4,3.23614337671,-9999.0,-9999.0,-9999.0,89.40599823,71.1091725026018,34.454588341337,266094.58,667809.67,16,10,89.406
NS66NE_2030,1,1_4,5.94805916973,-9999.0,-9999.0,-9999.0,86.1600036621,114.322157423952,42.8167678420743,265753.1,667808.62,12,8,86.16
NS66NE_2031,1,1_4,4.11291603669,-9999.0,-9999.0,-9999.0,90.2949981689,523.197304946311,220.525605731331,265840.77,667822.78,140,72,90.295
NS66NE_2032,1,1_4,2.87999867757,-9999.0,-9999.0,-9999.0,90.1490020752,56.8980355531683,33.9552100193849,266127.21,667807.29,12,8,90.149
NS66NE_2033,1,1_4,6.01266663163,-9999.0,-9999.0,-9999.0,88.9440002441,97.7396928424054,39.8248522103169,265822.62,667806.56,12,8,88.944
NS66NE_2034,1,1_4,3.32361294113,-9999.0,-9999.0,-9999.0,89.8899993896,66.094412743542,36.9575901180413,265924.16,667807.24,12,8,89.89
NS66NE_2035,1,1_4,3.06237397777,-9999.0,-9999.0,-9999.0,89.4010009766,37.3440487573508,28.3853741055661,266060.89,667803.52,12,8,89.401
NS66NE_2036,1,1_4,5.87315320719,-9999.0,-9999.0,-9999.0,88.5839996338,96.9460843224744,39.7156753063656,265785.46,667805.61,12,8,88.584
NS66NE_2038,1,1_4,3.35591230981,-9999.0,-9999.0,-9999.0,88.9570007324,102.767019501988,41.9935880100789,265991.82,667804.99,12,8,88.957
NS66NE_2039,1,1_4,3.35641642979,-9999.0,-9999.0,-9999.0,89.0070037842,104.445344010319,42.4873204894173,266027.73,667801.41,12,8,89.007
NS66NE_2040,1,1_4,2.86483221595,-9999.0,-9999.0,-9999.0,90.3280029297,59.7807964597194,34.553372047741,266134.99,667801.74,12,8,90.328
NS66NE_2043,1,1_4,3.20505972808,-9999.0,-9999.0,-9999.0,89.2649993896,67.5632737958936,37.2372619069436,265980.26,667800.45,12,8,89.265
NS66NE_2044,1,1_4,6.10610606038,-9999.0,-9999.0,-9999.0,88.4599990845,83.7235375825805,36.9189979219355,265792.59,667796.25,12,8,88.46
NS66NE_2045,1,1_4,3.22853103145,-9999.0,-9999.0,-9999.0,89.888999939,78.9664021649972,39.7477776037842,265929.04,667797.34,12,8,89.889
NS66NE_2047,1,1_4,6.13776698664,-9999.0,-9999.0,-9999.0,88.7350006104,106.742651946392,41.3379342699294,265827.95,667795.61,12,8,88.735
NS66NE_2048,1,1_4,5.86786642981,-9999.0,-9999.0,-9999.0,85.9400024414,117.050553013492,43.291625272477,265758.31,667795.18,12,8,85.94
NS66NE_2049,1,1_4,2.73638814084,-9999.0,-9999.0,-9999.0,90.4639968872,63.4678827780088,31.9945705104299,266140.57,667793.76,12,8,90.464
NS66NE_2051,1,1_4,5.69618813339,-9999.0,-9999.0,-9999.0,90.1240005493,146.152171263882,52.6802525311383,265860.64,667794.96,36,20,90.124
NS66NE_2054,1,1_4,3.06761649161,-9999.0,-9999.0,-9999.0,89.1490020752,71.1546905856983,34.3069708308855,265958.52,667792.43,12,8,89.149
NS66NE_2057,1,1_4,3.26210791132,-9999.0,-9999.0,-9999.0,88.8570022583,93.4006999939425,40.2876255337806,266035.39,667788.54,12,8,88.857
NS66NE_2058,1,1_4,3.20141380712,-9999.0,-9999.0,-9999.0,89.5520019531,50.6430974967896,29.1156615023991,266097.56,667786.8,12,8,89.552
NS66NE_2060,1,1_4,5.91949709854,-9999.0,-9999.0,-9999.0,88.4069976807,91.2647045352926,38.8447564535537,265797.25,667786.31,12,8,88.407
NS66NE_2061,1,1_4,3.21623970965,-9999.0,-9999.0,-9999.0,89.8850021362,70.586136671228,38.5208566168913,265933.61,667786.93,12,8,89.885
NS66NE_2062,1,1_4,5.30052965274,-9999.0,-9999.0,-9999.0,89.4309997559,493.99558019802,177.269839773437,265895.32,667803.41,108,58,89.431
NS66NE_2063,1,1_4,2.79955332902,-9999.0,-9999.0,-9999.0,90.6959991455,61.4013653520526,31.4697236942312,266149.48,667784.25,12,8,90.696
NS66NE_2065,1,1_4,3.33322904486,-9999.0,-9999.0,-9999.0,88.7819976807,100.572125126065,47.0220299485769,266019.5,667784.39,20,12,88.782
NS66NE_2066,1,1_4,6.06914751457,-9999.0,-9999.0,-9999.0,85.8330001831,106.098631028136,41.2058430016754,265763.83,667783.37,12,8,85.833
NS66NE_2067,1,1_4,3.49319632101,-9999.0,-9999.0,-9999.0,88.9029998779,74.4810780008276,36.7874226864539,265997.02,667782.67,12,8,88.903
NS66NE_2068,1,1_4,3.03373663374,-9999.0,-9999.0,-9999.0,89.5749969482,41.1956100005448,26.8770223987192,265856.42,667778.74,12,8,89.575
NS66NE_2069,1,1_4,3.44417497108,-9999.0,-9999.0,-9999.0,88.7610015869,98.084776719904,41.6357589986058,266043.71,667778.42,12,8,88.761
NS66NE_2070,1,1_4,6.07250906734,-9999.0,-9999.0,-9999.0,88.5530014038,155.675595158811,50.7270998750989,265834.81,667781.59,12,8,88.553
NS66NE_2071,1,1_4,3.56964507844,-9999.0,-9999.0,-9999.0,90.0699996948,108.50655634533,42.8159413434666,266129.62,667780.18,12,8,90.07
NS66NE_2072,1,1_4,5.46094939213,-9999.0,-9999.0,-9999.0,89.8089981079,151.781928842845,56.7273743512719,265870.44,667780.21,36,20,89.809
NS66NE_2073,1,1_4,3.42319246419,-9999.0,-9999.0,-9999.0,89.2119979858,96.6805545737811,40.8556021866586,265985.56,667777.99,12,8,89.212
NS66NE_2074,1,1_4,3.23863732155,-9999.0,-9999.0,-9999.0,89.8949966431,77.5258769957344,39.4408945378658,265938.24,667776.75,12,8,89.895
NS66NE_2076,1,1_4,3.50429182961,-9999.0,-9999.0,-9999.0,89.43800354,86.8121751656481,38.6211007286028,265973.49,667774.41,12,8,89.438
NS66NE_2077,1,1_4,3.51317901611,-9999.0,-9999.0,-9999.0,88.6520004272,108.302754081969,43.1690699951588,266026.94,667771.91,12,8,88.652
NS66NE_2078,1,1_4,6.12493071953,-9999.0,-9999.0,-9999.0,85.8050003052,99.4878122198252,39.906505133807,265770.75,667772.29,12,8,85.805
NS66NE_2079,1,1_4,2.98199179437,-9999.0,-9999.0,-9999.0,91.0449981689,77.1140042819866,40.6624741218786,266166.16,667772.32,28,16,91.045
NS66NE_2082,1,1_4,5.37143656163,-9999.0,-9999.0,-9999.0,89.2900009155,156.268231654445,57.8063669503792,265911.4,667772.27,36,20,89.29
NS66NE_2083,1,1_4,5.9320824778,-9999.0,-9999.0,-9999.0,88.3720016479,89.6923321963081,38.5041476267296,265843.1,667769.21,12,8,88.372
NS66NE_2084,1,1_4,2.61951989068,-9999.0,-9999.0,-9999.0,89.5729980469,35.7363525029892,24.2527819038401,265865.12,667765.57,12,8,89.573
NS66NE_2085,1,1_4,3.28456374219,-9999.0,-9999.0,-9999.0,89.5989990234,77.6820814499129,38.8595605169448,265962.29,667769.1,12,8,89.599
NS66NE_2086,1,1_4,5.78195608404,-9999.0,-9999.0,-9999.0,87.6139984131,109.133782215281,47.9377923426404,265807.19,667769.71,28,16,87.614
NS66NE_2087,1,1_4,3.18941053181,-9999.0,-9999.0,-9999.0,88.8366622925,236.43083537246,112.587602921364,266086.33,667774.36,60,32,88.837
NS66NE_2088,1,1_4,3.19227488161,-9999.0,-9999.0,-9999.0,89.7710037231,65.2580586092056,36.9037597864004,265942.76,667766.32,12,8,89.771
NS66NE_2089,1,1_4,5.50331840986,-9999.0,-9999.0,-9999.0,86.1709976196,122.390756275796,60.3162186449859,265792.44,667764.58,28,16,86.171
NS66NE_2090,1,1_4,3.41563220095,-9999.0,-9999.0,-9999.0,88.7099990845,102.962155571171,43.1930642912611,266003.38,667764.34,12,8,88.71
NS66NE_2091,1,1_4,6.14395200102,-9999.0,-9999.0,-9999.0,88.3359985352,82.7852814760811,36.6117622953328,265848.01,667759.22,12,8,88.336
NS66NE_2092,1,1_4,3.3894397329,-9999.0,-9999.0,-9999.0,88.8059997559,100.118519753176,42.063663168493,266052.04,667759.86,12,8,88.806
NS66NE_2093,1,1_4,2.98458929524,-9999.0,-9999.0,-9999.0,90.8970031738,57.9677277046115,33.8574828570711,266169.82,667757.68,12,8,90.897
NS66NE_2094,1,1_4,3.46049463007,-9999.0,-9999.0,-9999.0,88.68699646,105.933763495951,43.377843565206,265991.1,667759.44,12,8,88.687
NS66NE_2095,1,1_4,3.39839113676,-9999.0,-9999.0,-9999.0,90.4029998779,110.092280976187,43.3500492691888,266145.97,667758.16,20,12,90.403
NS66NE_2096,1,1_4,3.28162973338,-9999.0,-9999.0,-9999.0,89.6429977417,73.6618290286474,38.035451757386,265947.45,667756.11,12,8,89.643
NS66NE_2097,1,1_4,5.20395223091,-9999.0,-9999.0,-9999.0,89.0920028687,170.920030938685,57.6961435160332,265917.39,667756.73,28,16,89.092
NS66NE_2098,1,1_4,3.43253457312,-9999.0,-9999.0,-9999.0,88.6500015259,102.849368293596,43.0901176711929,265978.37,667754.87,12,8,88.65
NS66NE_2100,1,1_4,4.5698240751,-9999.0,-9999.0,-9999.0,89.2860031128,244.036393390188,94.0888664087026,265878.35,667760.89,68,36,89.286
NS66NE_2101,1,1_4,3.43986222605,-9999.0,-9999.0,-9999.0,88.7600021362,97.4403571833676,41.4870132793645,266039.71,667754.89,12,8,88.76
NS66NE_2102,1,1_4,3.34224894153,-9999.0,-9999.0,-9999.0,89.1480026245,97.2419115561029,47.5354236248403,266072.07,667752.44,28,16,89.148
NS66NE_2103,1,1_4,2.96274516971,-9999.0,-9999.0,-9999.0,91.0739974976,55.5862832889963,33.554540752504,266175.58,667749.58,12,8,91.074
NS66NE_2104,1,1_4,5.49086520885,-9999.0,-9999.0,-9999.0,89.4769973755,150.962117868375,57.7299316523957,265887.58,667751.37,44,24,89.477
NS66NE_2105,1,1_4,3.38040105265,-9999.0,-9999.0,-9999.0,88.733001709,109.677690656467,43.3765131698413,266027.4,667749.96,12,8,88.733
NS66NE_2106,1,1_4,3.4424927677,-9999.0,-9999.0,-9999.0,88.6429977417,105.855921546702,43.6098401559597,265966.64,667749.22,12,8,88.643
NS66NE_2107,1,1_4,2.01790608445,-9999.0,-9999.0,-9999.0,88.7300033569,21.804277500723,21.9228517610711,265878.09,667739.44,8,6,88.73
NS66NE_2108,1,1_4,3.38992035213,-9999.0,-9999.0,-9999.0,88.7480010986,102.317937059612,42.0949335906233,266061.83,667743.58,12,8,88.748
NS66NE_2109,1,1_4,2.88045198698,-9999.0,-9999.0,-9999.0,90.2229995728,38.3051512498791,26.8977678867393,266132.53,667741.24,12,8,90.223
NS66NE_2110,1,1_4,2.99278144314,-9999.0,-9999.0,-9999.0,91.3239974976,56.6249476344921,33.5015292557278,266181.5,667741.69,12,8,91.324
NS66NE_2111,1,1_4,3.59122233147,-9999.0,-9999.0,-9999.0,90.4390029907,107.44385544847,42.4778441962166,266156.75,667742.61,12,8,90.439
NS66NE_2112,1,1_4,3.39107018348,-9999.0,-9999.0,-9999.0,88.6849975586,103.442017955863,42.9897147673232,265954.46,667740.54,12,8,88.685
NS66NE_2114,1,1_4,3.26723659637,-9999.0,-9999.0,-9999.0,88.6129989624,109.448181512517,49.5837619057528,266015.14,667743.36,28,16,88.613
NS66NE_2115,1,1_4,5.04559053548,-9999.0,-9999.0,-9999.0,88.8990020752,195.927820593342,60.0914183340701,265927.45,667743.37,28,16,88.899
NS66NE_2117,1,1_4,3.4502448842,-9999.0,-9999.0,-9999.0,88.6579971313,98.5151941775576,41.7012696281778,266049.26,667738.65,12,8,88.658
NS66NE_2118,1,1_4,2.97198248969,-9999.0,-9999.0,-9999.0,90.2750015259,57.4479259779296,34.5127369174998,266142.29,667738.57,12,8,90.275
NS66NE_2119,1,1_4,6.20889578925,-9999.0,-9999.0,-9999.0,87.0869979858,96.4624815236316,39.3103389338963,265807.69,667736.23,12,8,87.087
NS66NE_2120,1,1_4,3.38055255218,-9999.0,-9999.0,-9999.0,88.4430007935,102.36349711405,47.1011748472171,266002.91,667739.11,20,12,88.443
NS66NE_2121,1,1_4,2.95260328302,-9999.0,-9999.0,-9999.0,91.5859985352,55.6633633813295,33.1885008531281,266187.08,667733.57,12,8,91.586
NS66NE_2122,1,1_4,3.43710337648,-9999.0,-9999.0,-9999.0,88.4039993286,107.873637944018,44.2750559473979,265990.89,667734.64,12,8,88.404
NS66NE_2123,1,1_4,6.11071294718,-9999.0,-9999.0,-9999.0,87.6746673584,80.6175356195833,36.2104855482498,265819.05,667731.86,12,8,87.675
NS66NE_2124,1,1_4,3.38797860124,-9999.0,-9999.0,-9999.0,88.5810012817,111.308685269721,43.8383362976236,266036.78,667733.64,12,8,88.581
NS66NE_2126,1,1_4,5.95676043947,-9999.0,-9999.0,-9999.0,87.8369979858,88.6966235467272,38.274541646388,265832.74,667731.51,12,8,87.837
NS66NE_2127,1,1_4,3.41893697389,-9999.0,-9999.0,-9999.0,88.4710006714,91.9819781716445,39.6663878636553,266023.53,667729.03,12,8,88.471
NS66NE_2128,1,1_4,6.14367702766,-9999.0,-9999.0,-9999.0,88.1409988403,80.6154110848593,36.1548342324972,265846.69,667728.02,12,8,88.141
NS66NE_2129,1,1_4,5.50113212523,-9999.0,-9999.0,-9999.0,88.0540008545,246.66018671796,68.4538038355175,265863.44,667730.51,20,12,88.054
NS66NE_2130,1,1_4,2.95951284317,-9999.0,-9999.0,-9999.0,89.9099960327,49.2294492885275,30.5823669406061,266164.02,667722.54,12,8,89.91
NS66NE_2131,1,1_4,3.31386482864,-9999.0,-9999.0,-9999.0,88.4100036621,101.994574998363,42.3365919005628,265956.82,667723.33,12,8,88.41
NS66NE_2132,1,1_4,3.28699437541,-9999.0,-9999.0,-9999.0,88.3779983521,114.984991717717,46.6186582803477,265984.22,667723.73,20,12,88.378
NS66NE_2133,1,1_4,3.34615862932,-9999.0,-9999.0,-9999.0,88.2959976196,118.294032175764,45.6457246463058,266012.67,667722.75,12,8,88.296
NS66NE_2134,1,1_4,5.65234730101,-9999.0,-9999.0,-9999.0,88.513999939,114.143033017406,42.767500177389,265937.02,667716.79,12,8,88.514
NS66NE_2135,1,1_4,3.10629698396,-9999.0,-9999.0,-9999.0,89.9729995728,86.6771326911203,38.0460605164915,266151.6,667716.46,12,8,89.973
NS66NE_2136,1,1_4,5.37350844989,-9999.0,-9999.0,-9999.0,89.2070007324,287.954775300675,109.813795853759,265895.75,667727.81,60,32,89.207
NS66NE_2137,1,1_4,3.51432760592,-9999.0,-9999.0,-9999.0,88.59400177,111.091146745465,45.2013833433584,266062.01,667717.12,12,8,88.594
NS66NE_2138,1,1_4,2.33671622183,-9999.0,-9999.0,-9999.0,88.3570022583,25.4936025012966,20.6226869776713,265956.99,667711.99,12,8,88.357
NS66NE_2139,1,1_4,3.48198190698,-9999.0,-9999.0,-9999.0,88.0989990234,103.412523127695,43.1484137289578,266002.71,667715.62,12,8,88.099
NS66NE_2140,1,1_4,3.3486471385,-9999.0,-9999.0,-9999.0,88.2730026245,141.893220438732,55.5599373885636,266046.83,667712.88,28,16,88.273
NS66NE_2141,1,1_4,3.11267396413,-9999.0,-9999.0,-9999.0,89.8820037842,55.1073460007244,32.9294253473027,266138.46,667711.72,12,8,89.882
NS66NE_2142,1,1_4,3.39606305574,-9999.0,-9999.0,-9999.0,88.3489990234,119.641446273473,46.3772067214785,265969.09,667710.11,12,8,88.349
NS66NE_2143,1,1_4,3.27407334255,-9999.0,-9999.0,-9999.0,88.1770019531,142.777056289271,61.5114201900144,265988.56,667705.56,28,16,88.177
NS66NE_2144,1,1_4,3.07535864569,-9999.0,-9999.0,-9999.0,90.0800018311,84.9997898771887,38.1718628960449,266170.28,667702.26,12,8,90.08
NS66NE_2145,1,1_4,3.18128357471,-9999.0,-9999.0,-9999.0,88.0459976196,72.2786857697712,39.6211614558958,266011.69,667695.62,12,8,88.046
NS66NE_2146,1,1_4,2.83238517078,-9999.0,-9999.0,-9999.0,90.1979980469,67.3063841200918,33.1557061037765,266159.43,667697.31,12,8,90.198
NS66NE_2147,1,1_4,3.3406252218,-9999.0,-9999.0,-9999.0,88.591003418,144.31584813109,57.0548345120277,266056.08,667697.72,28,16,88.591
NS66NE_2148,1,1_4,2.68103706546,-9999.0,-9999.0,-9999.0,91.0817489624,23.0740762453005,21.1564690424492,266175.96,667687.01,12,8,91.082
NS66NE_2149,1,1_4,3.42163214658,-9999.0,-9999.0,-9999.0,89.0289993286,146.537980678207,51.7417591462709,266066.12,667689.34,20,12,89.029
NS66NE_2151,1,1_4,3.15916129454,-9999.0,-9999.0,-9999.0,88.4990005493,161.649046476699,59.7859591293113,266034.11,667689.27,36,20,88.499
NS66NE_2152,1,1_4,3.27899387479,-9999.0,-9999.0,-9999.0,89.2549972534,132.120353910629,48.3776877041404,266077.74,667682.27,12,8,89.255
NS66NE_2155,1,1_4,3.49526164003,-9999.0,-9999.0,-9999.0,89.2590026855,147.299151120827,51.4681887420638,266088.67,667673.92,12,8,89.259
NS66NE_2156,1,1_4,3.43243212542,-9999.0,-9999.0,-9999.0,89.3209991455,136.355949048045,49.1158544335211,266099.87,667665.99,12,8,89.321
NS66NE_2158,1,1_4,3.55819349125,-9999.0,-9999.0,-9999.0,89.2519989014,134.774027186396,49.3043590246352,266111.97,667657.41,12,8,89.252
NS66NE_293,1,1_5,2.34728528191,-9999.0,-9999.0,-9999.0,91.2440032959,26.2405124997022,23.7969996379506,265926.05,668748.67,8,6,91.244
NS66NE_299,1,1_5,2.6854242724,-9999.0,-9999.0,-9999.0,89.9319992065,25.0748812518304,23.5397556536243,266056.51,668743.99,8,6,89.932
NS66NE_301,1,1_5,5.05403169726,-9999.0,-9999.0,-9999.0,90.6709976196,158.156739662027,54.7828602233728,266037.26,668746.46,28,16,90.671
NS66NE_302,1,1_5,4.8601217731,-9999.0,-9999.0,-9999.0,88.1579971313,408.975637036539,103.755892129006,265887.51,668749.69,52,28,88.158
NS66NE_305,1,1_5,4.37094765252,-9999.0,-9999.0,-9999.0,88.0960006714,112.178416140911,63.5552708305694,265630.57,668743.47,36,20,88.096
NS66NE_308,1,1_5,3.94682537307,-9999.0,-9999.0,-9999.0,90.6320037842,494.745926906742,189.776799312998,265992.9,668746.4,108,58,90.632
NS66NE_310,1,1_5,2.08412455416,-9999.0,-9999.0,-9999.0,87.2470016479,46.8658162521142,30.7237278188701,265775.03,668732.81,16,10,87.247
NS66NE_312,1,1_5,4.96702313209,-9999.0,-9999.0,-9999.0,89.7740020752,199.662944057523,60.1363938845387,266043.5,668731.88,28,16,89.774
NS66NE_316,1,1_5,3.30809444671,-9999.0,-9999.0,-9999.0,88.4260025024,122.384270352788,50.4358000845837,265633.56,668724.53,24,14,88.426
NS66NE_318,1,1_5,2.46034094182,-9999.0,-9999.0,-9999.0,88.9710006714,84.7006564714706,38.9454784950386,266064.88,668720.93,20,12,88.971
NS66NE_320,1,1_5,3.96968958754,-9999.0,-9999.0,-9999.0,86.1989974976,434.665094797734,134.728153621346,265864.36,668735.24,76,40,86.199
NS66NE_322,1,1_5,4.06758306844,-9999.0,-9999.0,-9999.0,88.091003418,499.82105379035,152.313806866482,265658.96,668726.79,68,36,88.091
NS66NE_324,1,1_5,4.87226559674,-9999.0,-9999.0,-9999.0,88.7070007324,210.689679578503,62.5707239699952,266046.88,668717.07,28,16,88.707
NS66NE_328,1,1_5,2.46609683328,-9999.0,-9999.0,-9999.0,87.9589996338,54.1311265487068,29.6914962654823,265779.65,668706.82,12,8,87.959
NS66NE_331,1,1_5,3.19696789183,-9999.0,-9999.0,-9999.0,86.4240036011,138.639836667218,47.1989251591594,265874.67,668704.09,12,8,86.424
NS66NE_332,1,1_5,2.51696628478,-9999.0,-9999.0,-9999.0,89.1900024414,23.1747824934723,20.1496329527865,265692.65,668697.82,12,8,89.19
NS66NE_335,1,1_5,2.89257011131,-9999.0,-9999.0,-9999.0,87.7399978638,173.559793324987,74.4963387956083,265638.62,668703.15,20,12,87.74
NS66NE_337,1,1_5,6.31874639037,-9999.0,-9999.0,-9999.0,86.5749969482,358.442653600325,92.8839525499661,265814.16,668697.59,36,20,86.575
NS66NE_339,1,1_5,5.90407885201,-9999.0,-9999.0,-9999.0,87.1169967651,926.397175412915,228.829569498172,265749.64,668722.87,124,64,87.117
NS66NE_340,1,1_5,15.5261428952,-9999.0,-9999.0,-9999.0,87.5896453857,34.4244300034196,24.0797266066885,266013.95,668688.67,12,8,87.59
NS66NE_341,1,1_5,2.22048979035,-9999.0,-9999.0,-9999.0,88.8359985352,75.9219577477364,34.9674072222477,265694.8,668687.59,12,8,88.836
NS66NE_343,1,1_5,3.94063047083,-9999.0,-9999.0,-9999.0,88.53099823,189.410592900157,66.8547148873651,265673.26,668685.62,28,16,88.531
NS66NE_344,1,1_5,7.20106372416,-9999.0,-9999.0,-9999.0,88.4400024414,1154.80900197574,242.750169378853,265714.57,668712.97,132,68,88.44
NS66NE_350,1,1_5,9.62166716607,-9999.0,-9999.0,-9999.0,89.5950012207,1406.7968620709,161.151079630375,266245.26,668685.29,44,24,89.595
NS66NE_354,1,1_5,4.17425128667,-9999.0,-9999.0,-9999.0,87.6750030518,132.356219815495,46.116824868472,265657.98,668665.13,16,10,87.675
NS66NE_355,1,1_5,2.67143770321,-9999.0,-9999.0,-9999.0,86.7389984131,45.0078005464145,27.4593675585658,265813.79,668661.3,12,8,86.739
NS66NE_359,1,1_5,2.17844513484,-9999.0,-9999.0,-9999.0,87.1859970093,30.2611274989345,22.3400756866022,265789.28,668652.97,12,8,87.186
NS66NE_360,1,1_5,4.14171085277,-9999.0,-9999.0,-9999.0,89.5849990845,62.0616859610062,31.5605708322457,266244.8,668654.46,12,8,89.585
NS66NE_362,1,1_5,10.3863340974,-9999.0,-9999.0,-9999.0,89.125,699.886036101223,146.951837568394,266186.88,668661.63,52,28,89.125
NS66NE_363,1,1_5,4.9911357626,-9999.0,-9999.0,-9999.0,86.7350006104,417.609838906064,109.884837413568,265827.39,668666.35,44,24,86.735
NS66NE_366,1,1_5,3.60173005221,-9999.0,-9999.0,-9999.0,87.7429962158,147.860976675988,50.877666393181,265662.29,668651.68,20,12,87.743
NS66NE_370,1,1_5,5.90295441974,-9999.0,-9999.0,-9999.0,87.3020019531,576.18080013921,114.926352393666,265763.72,668662.71,44,24,87.302
NS66NE_371,1,1_5,2.74533584152,-9999.0,-9999.0,-9999.0,86.8789978027,35.2490622046212,25.4326211714274,265824.97,668643.09,12,8,86.879
NS66NE_373,1,1_5,3.04246433672,-9999.0,-9999.0,-9999.0,87.3529968262,42.3391612465759,26.1400906450717,265794.39,668642.92,12,8,87.353
NS66NE_374,1,1_5,2.61547415597,-9999.0,-9999.0,-9999.0,88.2610015869,26.3962499990176,23.8094474066512,265703.35,668637.75,8,6,88.261
NS66NE_378,1,1_5,3.56926557919,-9999.0,-9999.0,-9999.0,87.6949996948,136.475863690482,49.2446601804261,265662.7,668638.86,20,12,87.695
NS66NE_381,1,1_5,2.68228428863,-9999.0,-9999.0,-9999.0,87.9670028687,48.0870899977766,28.3284555862793,265690.23,668632.2,12,8,87.967
NS66NE_382,1,1_5,2.20792448366,-9999.0,-9999.0,-9999.0,87.2070007324,21.6776549939468,21.9742912837282,265795.65,668629.61,8,6,87.207
NS66NE_385,1,1_5,4.37041577586,-9999.0,-9999.0,-9999.0,87.7929992676,113.517079003863,42.927770824345,265666.35,668624.81,12,8,87.793
NS66NE_388,1,1_5,2.57206670125,-9999.0,-9999.0,-9999.0,86.5350036621,38.9778974987304,25.0200733728738,265889.89,668618.77,12,8,86.535
NS66NE_389,1,1_5,8.81004848909,-9999.0,-9999.0,-9999.0,86.8550033569,186.364827101815,57.986503415506,266038.22,668623.65,28,16,86.855
NS66NE_392,1,1_5,5.2931323254,-9999.0,-9999.0,-9999.0,86.9000015259,334.906736866672,106.549930399428,265834.32,668626.71,60,32,86.9
NS66NE_393,1,1_5,6.20778856686,-9999.0,-9999.0,-9999.0,88.0250015259,899.368157030968,189.359479804294,265726.49,668642.25,100,52,88.025
NS66NE_395,1,1_5,6.03909064147,-9999.0,-9999.0,-9999.0,90.0709991455,244.106696448608,64.6247945391928,266120.86,668619.18,20,12,90.071
NS66NE_398,1,1_5,2.64891858961,-9999.0,-9999.0,-9999.0,88.2460021973,98.4419541050992,54.4028617421713,265694.02,668615.51,28,16,88.246
NS66NE_399,1,1_5,6.3494804997,-9999.0,-9999.0,-9999.0,87.2289962769,267.910395134676,80.5008200317342,265628.36,668620.33,28,16,87.229
NS66NE_403,1,1_5,5.46071069004,-9999.0,-9999.0,-9999.0,89.783996582,162.208561104328,53.9361757455764,266090.79,668610.51,28,16,89.784
NS66NE_404,1,1_5,5.88707798703,-9999.0,-9999.0,-9999.0,88.2149963379,183.759239958589,60.3863681534246,265669.76,668610.87,28,16,88.215
NS66NE_405,1,1_5,8.51765131009,-9999.0,-9999.0,-9999.0,86.5800018311,248.228301176329,70.970476994348,266016.09,668612.07,36,20,86.58
NS66NE_410,1,1_5,5.90000287559,-9999.0,-9999.0,-9999.0,87.4570007324,555.422650310733,126.84378192047,265772.38,668619.88,36,20,87.457
NS66NE_411,1,1_5,2.24404718326,-9999.0,-9999.0,-9999.0,90.1689987183,110.563060892658,53.1346459638772,266109.86,668609.49,20,12,90.169
NS66NE_412,1,1_5,5.05916533631,-9999.0,-9999.0,-9999.0,86.4499969482,165.541742365777,56.3127081192433,265883.07,668604.43,20,12,86.45
NS66NE_415,1,1_5,5.80851605207,-9999.0,-9999.0,-9999.0,89.9720001221,430.957160972084,104.542518725626,266217.48,668609.8,44,24,89.972
NS66NE_417,1,1_5,6.84094172511,-9999.0,-9999.0,-9999.0,90.5530014038,149.8965632721,49.5655050899246,266158.9,668602.19,12,8,90.553
NS66NE_421,1,1_5,3.04058430113,-9999.0,-9999.0,-9999.0,89.1539993286,45.3199949983908,27.009734922324,265699.37,668594.66,12,8,89.154
NS66NE_426,1,1_5,7.5205162615,-9999.0,-9999.0,-9999.0,89.2200012207,196.372236161175,60.780097876495,266062.55,668592.66,32,18,89.22
NS66NE_427,1,1_5,5.17426805238,-9999.0,-9999.0,-9999.0,87.1289978027,206.820634327375,67.7879698693231,265840.16,668591.88,36,20,87.129
NS66NE_428,1,1_5,3.161002747,-9999.0,-9999.0,-9999.0,90.0920028687,42.868451252273,27.3780790290916,266210.08,668586.79,12,8,90.092
NS66NE_429,1,1_5,4.00039548615,-9999.0,-9999.0,-9999.0,89.8170013428,124.012218574037,44.6645046599745,266228.36,668589.56,12,8,89.817
NS66NE_432,1,1_5,2.21724973406,-9999.0,-9999.0,-9999.0,86.2440032959,36.0676650068828,30.5684891728445,265913.06,668584.87,16,10,86.244
NS66NE_433,1,1_5,6.82596394229,-9999.0,-9999.0,-9999.0,87.6669998169,214.815517436292,63.4067229862459,265633.59,668592.07,12,8,87.667
NS66NE_434,1,1_5,4.98140874675,-9999.0,-9999.0,-9999.0,86.4530029297,199.654663697568,60.2980467824659,265887.71,668587.72,20,12,86.453
NS66NE_436,1,1_5,5.10668271037,-9999.0,-9999.0,-9999.0,88.7880020142,275.209727554077,71.8490002299005,265676.88,668586.94,36,20,88.788
NS66NE_438,1,1_5,3.99501609459,-9999.0,-9999.0,-9999.0,90.6320037842,143.030400044537,50.6444730360929,266106.65,668581.36,12,8,90.632
NS66NE_439,1,1_5,6.60236228385,-9999.0,-9999.0,-9999.0,90.2379989624,225.661927972166,63.9041618407517,266171.77,668586.06,12,8,90.238
NS66NE_440,1,1_5,4.97766800821,-9999.0,-9999.0,-9999.0,88.7129974365,497.937321550818,113.32102079944,265715.68,668590.43,36,20,88.713
NS66NE_441,1,1_5,2.43956996233,-9999.0,-9999.0,-9999.0,87.7389984131,128.270156247483,78.3325414406523,265812.08,668582.59,56,30,87.739
NS66NE_442,1,1_5,5.51086854684,-9999.0,-9999.0,-9999.0,90.6490020752,145.210847297368,50.0664657144207,266138.24,668581.15,28,16,90.649
NS66NE_443,1,1_5,2.46120721689,-9999.0,-9999.0,-9999.0,89.9489974976,51.7424575831989,29.5440574660229,266214.54,668576.7,12,8,89.949
NS66NE_447,1,1_5,6.49296770265,-9999.0,-9999.0,-9999.0,90.3339996338,220.397518262666,63.9096989117476,266194.17,668578.4,20,12,90.334
NS66NE_450,1,1_5,5.63303984679,-9999.0,-9999.0,-9999.0,88.7040023804,427.951124218665,95.4324697415501,265737.46,668583.0,36,20,88.704
NS66NE_451,1,1_5,4.01151376104,-9999.0,-9999.0,-9999.0,89.5465011597,126.467115288746,46.808991262191,266231.94,668577.11,28,16,89.546
NS66NE_453,1,1_5,9.69197211389,-9999.0,-9999.0,-9999.0,86.0569992065,456.263786008005,127.24976293222,265962.36,668580.73,44,24,86.057
NS66NE_455,1,1_5,6.82282384383,-9999.0,-9999.0,-9999.0,88.9029998779,449.363235740713,137.771016232105,266040.89,668577.77,92,48,88.903
NS66NE_457,1,1_5,5.53106904197,-9999.0,-9999.0,-9999.0,90.8560028076,145.058791566585,49.9697783454134,266111.63,668569.57,28,16,90.856
NS66NE_458,1,1_5,5.3574450472,-9999.0,-9999.0,-9999.0,87.4169998169,203.140053736173,65.0326584361145,265844.51,668569.8,32,18,87.417
NS66NE_460,1,1_5,5.95159311856,-9999.0,-9999.0,-9999.0,86.7659988403,139.970206005361,49.4837091649939,265940.64,668566.58,28,16,86.766
NS66NE_464,1,1_5,4.77562828726,-9999.0,-9999.0,-9999.0,86.8359985352,192.630357796428,63.3575571341843,265891.17,668566.66,36,20,86.836
NS66NE_465,1,1_5,6.94191427846,-9999.0,-9999.0,-9999.0,88.4290008545,210.249479785582,63.0106975346014,265638.79,668567.36,12,8,88.429
NS66NE_468,1,1_5,6.93829442074,-9999.0,-9999.0,-9999.0,86.6829986572,220.775741257695,73.4390616133051,265918.88,668564.72,36,20,86.683
NS66NE_469,1,1_5,5.54654375824,-9999.0,-9999.0,-9999.0,90.5979995728,144.669691255849,49.9530059048384,266151.12,668560.46,28,16,90.598
NS66NE_470,1,1_5,6.32035156881,-9999.0,-9999.0,-9999.0,89.0070037842,491.654439946453,141.916197102833,265782.49,668570.46,92,48,89.007
NS66NE_472,1,1_5,5.73134570405,-9999.0,-9999.0,-9999.0,90.3629989624,225.045790227562,61.484303300932,266082.61,668561.04,16,10,90.363
NS66NE_473,1,1_5,2.25362594857,-9999.0,-9999.0,-9999.0,88.0719985962,63.34721249888,36.3207878127142,265833.17,668555.25,20,12,88.072
NS66NE_474,1,1_5,3.41268586053,-9999.0,-9999.0,-9999.0,88.6930007935,46.5279449994859,27.6020332474472,266020.6,668553.64,12,8,88.693
NS66NE_475,1,1_5,2.50881481171,-9999.0,-9999.0,-9999.0,91.5640029907,48.3208912523456,28.2799844772758,266068.42,668553.41,12,8,91.564
NS66NE_480,1,1_5,5.49773705234,-9999.0,-9999.0,-9999.0,91.0230026245,144.438464706282,50.0100471100757,266119.92,668556.22,28,16,91.023
NS66NE_481,1,1_5,6.80430971982,-9999.0,-9999.0,-9999.0,90.4820022583,210.834840378116,61.4403092863252,265745.12,668556.17,36,20,90.482
NS66NE_482,1,1_5,4.29015231038,-9999.0,-9999.0,-9999.0,88.6240005493,452.963007712399,105.212318371454,266011.85,668561.31,20,12,88.624
NS66NE_485,1,1_5,2.17685800005,-9999.0,-9999.0,-9999.0,91.2040023804,67.972552496427,37.1930520605822,266056.58,668547.97,16,10,91.204
NS66NE_486,1,1_5,4.64512397224,-9999.0,-9999.0,-9999.0,87.1930007935,240.866565942016,68.4204716371521,265899.89,668549.36,36,20,87.193
NS66NE_489,1,1_5,2.88465204454,-9999.0,-9999.0,-9999.0,90.0790023804,68.1053887531082,34.8982185818652,266148.36,668540.96,12,8,90.079
NS66NE_491,1,1_5,5.54279048138,-9999.0,-9999.0,-9999.0,90.5820007324,144.506123971566,50.0128927869732,266128.29,668542.84,28,16,90.582
NS66NE_492,1,1_5,5.43867818724,-9999.0,-9999.0,-9999.0,89.7389984131,551.678056317891,140.627736634017,265683.0,668554.87,76,40,89.739
NS66NE_493,1,1_5,4.62667026131,-9999.0,-9999.0,-9999.0,87.0459976196,254.909293649812,97.9512164795681,266249.07,668545.24,52,28,87.046
NS66NE_494,1,1_5,5.59331936554,-9999.0,-9999.0,-9999.0,88.9810028076,348.617499461531,89.991999093159,265793.48,668543.67,44,24,88.981
NS66NE_496,1,1_5,7.69465187004,-9999.0,-9999.0,-9999.0,87.8079986572,283.641555868168,82.3403532435509,265848.71,668543.9,44,24,87.808
NS66NE_497,1,1_5,5.44827779134,-9999.0,-9999.0,-9999.0,91.2409973145,211.260370057661,68.6777802211311,266088.41,668542.31,44,24,91.241
NS66NE_498,1,1_5,2.30223579081,-9999.0,-9999.0,-9999.0,89.2939987183,31.1897250008561,23.2451863153539,265979.83,668535.82,12,8,89.294
NS66NE_504,1,1_5,4.85689324273,-9999.0,-9999.0,-9999.0,87.3909988403,175.492909245306,63.1122507078409,266233.01,668539.07,28,16,87.391
NS66NE_505,1,1_5,4.38554322372,-9999.0,-9999.0,-9999.0,87.7429962158,203.890406578002,76.4914101073043,266214.93,668537.17,44,24,87.743
NS66NE_506,1,1_5,6.36529161535,-9999.0,-9999.0,-9999.0,89.4850006104,243.943408628424,75.5999032530924,265646.13,668540.91,28,16,89.485
NS66NE_507,1,1_5,3.15706658646,-9999.0,-9999.0,-9999.0,90.9649963379,64.9907579803762,32.3097418506358,266038.08,668530.67,12,8,90.965
NS66NE_509,1,1_5,4.4964758939,-9999.0,-9999.0,-9999.0,88.0989990234,173.252598956698,56.2660927349421,266200.17,668533.24,28,16,88.099
NS66NE_510,1,1_5,2.69058501223,-9999.0,-9999.0,-9999.0,90.8330001831,109.810843125044,45.7603487041256,266059.39,668531.66,20,12,90.833
NS66NE_512,1,1_5,2.35601249438,-9999.0,-9999.0,-9999.0,89.1842346191,25.7958562478649,21.2141318325426,265964.3,668527.27,12,8,89.184
NS66NE_515,1,1_5,3.87197057467,-9999.0,-9999.0,-9999.0,88.4440002441,307.304480069511,110.868401441137,266182.08,668535.53,68,36,88.444
NS66NE_517,1,1_5,2.88008046618,-9999.0,-9999.0,-9999.0,90.6029968262,55.671090401155,30.0193053923457,266020.82,668523.24,12,8,90.603
NS66NE_521,1,1_5,5.61503018865,-9999.0,-9999.0,-9999.0,90.5550003052,301.936774486944,93.0364520446574,265744.65,668531.32,44,24,90.555
NS66NE_522,1,1_5,6.6721166155,-9999.0,-9999.0,-9999.0,88.7350006104,144.52222800011,51.8800388992933,266162.96,668525.79,28,16,88.735
NS66NE_525,1,1_5,8.55510390202,-9999.0,-9999.0,-9999.0,88.3929977417,668.356122880827,136.459499057972,265958.96,668536.03,12,8,88.393
NS66NE_526,1,1_5,2.5878832761,-9999.0,-9999.0,-9999.0,88.9850006104,36.2138563204357,26.4883365889237,265804.87,668519.62,12,8,88.985
NS66NE_527,1,1_5,6.42155734071,-9999.0,-9999.0,-9999.0,89.4820022583,184.018650434588,57.140657760243,265791.49,668523.72,28,16,89.482
NS66NE_528,1,1_5,2.44819062756,-9999.0,-9999.0,-9999.0,92.6050033569,32.3461200016873,23.4877908398181,265699.58,668517.82,12,8,92.605
NS66NE_530,1,1_5,5.3389343942,-9999.0,-9999.0,-9999.0,88.9929962158,199.152572327276,65.0981296402057,266140.96,668523.45,36,20,88.993
NS66NE_531,1,1_5,4.52510925158,-9999.0,-9999.0,-9999.0,91.7819976807,179.033851621611,64.3905327552471,265687.12,668522.95,52,28,91.782
NS66NE_533,1,1_5,2.1725922823,-9999.0,-9999.0,-9999.0,87.4759979248,151.311422792841,67.4036634512213,265846.55,668520.65,44,24,87.476
NS66NE_536,1,1_5,6.82356617196,-9999.0,-9999.0,-9999.0,90.7819976807,271.143414087665,74.2775253585014,265749.74,668516.58,36,20,90.782
NS66NE_538,1,1_5,7.21832544663,-9999.0,-9999.0,-9999.0,89.0429992676,29.8616550006267,32.8784859252722,265963.5,668509.12,16,10,89.043
NS66NE_539,1,1_5,4.95499101062,-9999.0,-9999.0,-9999.0,91.7300033569,188.096854511289,58.393871313657,265649.26,668512.03,28,16,91.73
NS66NE_545,1,1_5,5.87384658154,-9999.0,-9999.0,-9999.0,87.6070022583,196.521729760308,60.5843201249538,265856.9,668507.79,36,20,87.607
NS66NE_547,1,1_5,2.17653159636,-9999.0,-9999.0,-9999.0,89.1350021362,24.9026212512014,23.3678266111517,265966.25,668503.16,8,6,89.135
NS66NE_548,1,1_5,5.42451099522,-9999.0,-9999.0,-9999.0,89.3700027466,1018.11591447674,216.467880137659,266078.57,668513.36,92,48,89.37
NS66NE_551,1,1_5,6.26663013754,-9999.0,-9999.0,-9999.0,90.1370010376,215.482074610485,77.0665907946583,266031.48,668505.75,52,28,90.137
NS66NE_552,1,1_5,5.89377343139,-9999.0,-9999.0,-9999.0,89.6959991455,209.77761691009,62.1608363988621,265795.26,668504.23,28,16,89.696
NS66NE_554,1,1_5,3.20217774755,-9999.0,-9999.0,-9999.0,93.3970031738,72.5840076789115,34.2356813817285,265718.5,668498.17,12,8,93.397
NS66NE_555,1,1_5,5.73330150616,-9999.0,-9999.0,-9999.0,89.8199996948,255.548050389547,72.6868119864051,266010.18,668499.15,36,20,89.82
NS66NE_556,1,1_5,4.00086346522,-9999.0,-9999.0,-9999.0,85.6490020752,128.70829867664,45.6723656811086,266242.84,668496.34,12,8,85.649
NS66NE_557,1,1_5,6.18251037598,-9999.0,-9999.0,-9999.0,93.4329986572,145.9020852406,53.348658604382,265652.72,668497.25,28,16,93.433
NS66NE_558,1,1_5,7.96159967082,-9999.0,-9999.0,-9999.0,93.2040023804,303.747885339085,73.1774457312056,265692.66,668501.32,36,20,93.204
NS66NE_559,1,1_5,2.42052194347,-9999.0,-9999.0,-9999.0,93.1220016479,41.5953450013696,25.911267167429,265625.71,668493.15,12,8,93.122
NS66NE_560,1,1_5,6.20820857479,-9999.0,-9999.0,-9999.0,89.4580001831,253.649713838305,73.6166967703012,265986.28,668498.18,36,20,89.458
NS66NE_561,1,1_5,7.20188128711,-9999.0,-9999.0,-9999.0,91.6320037842,254.876036042981,69.959481840197,265754.37,668496.82,28,16,91.632
NS66NE_563,1,1_5,4.58291760277,-9999.0,-9999.0,-9999.0,88.8190002441,135.080170453212,46.4896124768907,265957.55,668494.09,12,8,88.819
NS66NE_565,1,1_5,8.54622856402,-9999.0,-9999.0,-9999.0,87.6569976807,564.987837413778,123.613385578384,265913.69,668505.4,36,20,87.657
NS66NE_566,1,1_5,4.05083419404,-9999.0,-9999.0,-9999.0,88.3880004883,267.256469714153,93.7493679903601,265939.37,668500.07,52,28,88.388
NS66NE_568,1,1_5,4.91453599173,-9999.0,-9999.0,-9999.0,85.68800354,128.505779821826,46.4269006287631,266213.99,668490.12,20,12,85.688
NS66NE_570,1,1_5,3.63304807122,-9999.0,-9999.0,-9999.0,87.81199646,92.8169340963014,42.3309970847647,265918.03,668488.2,28,16,87.812
NS66NE_571,1,1_5,5.27316074662,-9999.0,-9999.0,-9999.0,86.1784973145,187.156575473934,68.9327579953791,266176.17,668489.97,28,16,86.178
NS66NE_573,1,1_5,2.5982221684,-9999.0,-9999.0,-9999.0,90.1320037842,37.6461862519423,25.9032699481422,265790.86,668483.21,12,8,90.132
NS66NE_574,1,1_5,5.19890525368,-9999.0,-9999.0,-9999.0,86.6029968262,369.494967106247,131.332526359226,266149.91,668487.19,84,44,86.603
NS66NE_575,1,1_5,5.34137807966,-9999.0,-9999.0,-9999.0,88.2239990234,342.232659185834,129.159534764475,265819.18,668490.67,68,36,88.224
NS66NE_580,1,1_5,5.51276474811,-9999.0,-9999.0,-9999.0,85.8769989014,241.509846136483,66.4017767167157,266199.49,668482.62,28,16,85.877
NS66NE_581,1,1_5,4.59835411391,-9999.0,-9999.0,-9999.0,88.2559967041,184.740917125805,58.8637664696202,266102.35,668479.81,44,24,88.256
NS66NE_584,1,1_5,2.36633291699,-9999.0,-9999.0,-9999.0,93.7350006104,24.0453000009824,22.4928555505465,265636.32,668471.17,8,6,93.735
NS66NE_585,1,1_5,2.88097634114,-9999.0,-9999.0,-9999.0,93.1569976807,39.2894062461554,25.8036643578852,265723.68,668471.96,12,8,93.157
NS66NE_586,1,1_5,5.00648697675,-9999.0,-9999.0,-9999.0,89.5780029297,152.646493444536,50.6637763861111,265795.95,668475.82,12,8,89.578
NS66NE_587,1,1_5,3.92159924014,-9999.0,-9999.0,-9999.0,84.4889984131,117.550467903942,43.4617941428384,266245.71,668473.89,12,8,84.489
NS66NE_589,1,1_5,4.42791703387,-9999.0,-9999.0,-9999.0,88.1409988403,162.71929873521,67.3034042200878,266047.08,668470.6,36,20,88.141
NS66NE_590,1,1_5,2.92761085721,-9999.0,-9999.0,-9999.0,93.5810012817,66.1143787493116,41.2287985172314,265656.43,668470.57,20,12,93.581
NS66NE_591,1,1_5,4.28052755925,-9999.0,-9999.0,-9999.0,86.8330001831,395.273302332535,122.995146326828,266119.3,668476.32,84,42,86.833
NS66NE_592,1,1_5,5.12436524408,-9999.0,-9999.0,-9999.0,88.0149993896,487.481692757043,104.051129126957,266078.38,668473.73,44,24,88.015
NS66NE_593,1,1_5,2.96417253409,-9999.0,-9999.0,-9999.0,84.4260025024,33.8333399927037,24.0861348940709,266246.46,668463.94,12,8,84.426
NS66NE_594,1,1_5,2.74130031763,-9999.0,-9999.0,-9999.0,87.2659988403,40.3158037510911,34.323358103544,266096.07,668465.4,20,12,87.266
NS66NE_597,1,1_5,5.67679918155,-9999.0,-9999.0,-9999.0,93.5589981079,223.325714640153,76.799138455198,265710.32,668466.74,44,24,93.559
NS66NE_598,1,1_5,5.47960303708,-9999.0,-9999.0,-9999.0,92.0469970703,234.044986209264,69.9923067827447,265738.35,668466.37,52,28,92.047
NS66NE_600,1,1_5,2.25677650088,-9999.0,-9999.0,-9999.0,87.8089981079,27.8841149973445,21.1582929110845,266017.2,668460.0,12,8,87.809
NS66NE_601,1,1_5,2.8630753638,-9999.0,-9999.0,-9999.0,85.5670013428,73.5391608142445,34.5687332361704,266197.3,668460.96,12,8,85.567
NS66NE_602,1,1_5,6.80917147889,-9999.0,-9999.0,-9999.0,87.5100021362,326.215752041523,91.3110868310936,266025.05,668465.85,52,28,87.51
NS66NE_603,1,1_5,6.28459704172,-9999.0,-9999.0,-9999.0,93.3312149048,464.363679052929,121.191687917489,265679.53,668464.51,72,38,93.331
NS66NE_604,1,1_5,4.99309294267,-9999.0,-9999.0,-9999.0,87.3099975586,143.387733976788,51.0178675400072,265946.8,668463.59,20,12,87.31
NS66NE_605,1,1_5,5.60773612357,-9999.0,-9999.0,-9999.0,92.9919967651,146.591487024133,56.3573284466015,265645.57,668461.47,44,24,92.992
NS66NE_606,1,1_5,6.87232250057,-9999.0,-9999.0,-9999.0,86.1039962769,600.924333971819,155.074601891528,265890.51,668469.09,68,36,86.104
NS66NE_608,1,1_5,6.92842429471,-9999.0,-9999.0,-9999.0,87.9560012817,316.961202882505,88.3950932970631,265996.53,668464.44,60,32,87.956
NS66NE_609,1,1_5,4.56292399143,-9999.0,-9999.0,-9999.0,87.547996521,240.801295111819,79.6705727429303,265971.36,668463.18,44,24,87.548
NS66NE_611,1,1_5,6.95578416087,-9999.0,-9999.0,-9999.0,86.09400177,163.192828528554,52.9608767146632,265927.24,668460.18,20,12,86.094
NS66NE_613,1,1_5,3.90566267704,-9999.0,-9999.0,-9999.0,86.5019989014,124.619928142255,50.1780399726218,265855.02,668458.56,12,8,86.502
NS66NE_614,1,1_5,2.90788127354,-9999.0,-9999.0,-9999.0,87.0459976196,36.4202714012148,24.236628674424,265957.34,668454.3,12,8,87.046
NS66NE_616,1,1_5,3.10315535789,-9999.0,-9999.0,-9999.0,85.7699966431,113.110650631981,42.8810774894835,266129.54,668454.07,12,8,85.77
NS66NE_617,1,1_5,2.83028978404,-9999.0,-9999.0,-9999.0,85.0839996338,25.6754587497764,21.73052769707,265894.0,668449.99,12,8,85.084
NS66NE_618,1,1_5,5.31319339137,-9999.0,-9999.0,-9999.0,84.3470001221,165.448303235495,60.862340515166,266210.2,668448.2,28,16,84.347
NS66NE_620,1,1_5,4.99026109705,-9999.0,-9999.0,-9999.0,84.8499984741,109.403964377968,48.6674721036184,266038.27,668442.78,20,12,84.85
NS66NE_623,1,1_5,5.11172291739,-9999.0,-9999.0,-9999.0,85.6039962769,190.71441108439,83.7344178576334,265976.81,668439.7,60,32,85.604
NS66NE_624,1,1_5,3.12046457926,-9999.0,-9999.0,-9999.0,84.1060028076,21.7752562474343,22.1163685609364,266202.29,668435.25,8,6,84.106
NS66NE_626,1,1_5,6.4114569339,-9999.0,-9999.0,-9999.0,84.0859985352,180.124826501189,55.9085632666973,266185.75,668435.14,12,8,84.086
NS66NE_628,1,1_5,6.16797076895,-9999.0,-9999.0,-9999.0,84.7659988403,205.420001878537,59.2265957188899,266061.3,668437.01,16,10,84.766
NS66NE_629,1,1_5,6.09238572812,-9999.0,-9999.0,-9999.0,84.6370010376,68.2975058633516,33.5386220042381,266137.75,668430.82,12,8,84.637
NS66NE_630,1,1_5,4.87501972661,-9999.0,-9999.0,-9999.0,86.2850036621,343.062223909485,100.512847486486,265869.49,668437.05,40,22,86.285
NS66NE_631,1,1_5,5.64768798509,-9999.0,-9999.0,-9999.0,85.6320037842,77.3527988679559,35.6569839354332,265994.63,668428.54,12,8,85.632
NS66NE_632,1,1_5,4.55708541099,-9999.0,-9999.0,-9999.0,85.5739974976,127.442295596609,47.8114109036517,265958.84,668428.85,20,12,85.574
NS66NE_633,1,1_5,9.30184485266,-9999.0,-9999.0,-9999.0,86.0839996338,192.076150659277,55.987903395756,265836.51,668429.01,12,8,86.084
NS66NE_635,1,1_5,2.98560170377,-9999.0,-9999.0,-9999.0,85.4560012817,27.3448725017685,23.9806341250198,266003.12,668422.35,8,6,85.456
NS66NE_636,1,1_5,5.74661889005,-9999.0,-9999.0,-9999.0,84.4069976807,577.955194948048,160.180456590176,266101.56,668427.81,68,36,84.407
NS66NE_637,1,1_5,5.98868039075,-9999.0,-9999.0,-9999.0,84.6770019531,72.5163513256708,34.8023335925789,266061.57,668421.75,12,8,84.677
NS66NE_640,1,1_5,5.46277600226,-9999.0,-9999.0,-9999.0,84.7850036621,281.278687288448,83.0426198432749,266022.78,668426.66,44,24,84.785
NS66NE_641,1,1_5,6.13013969768,-9999.0,-9999.0,-9999.0,85.4710006714,66.3769695684635,33.1520810684825,265994.66,668416.72,12,8,85.471
NS66NE_643,1,1_5,6.08184414548,-9999.0,-9999.0,-9999.0,85.4589996338,70.0382699608638,34.1602393104558,265960.82,668415.26,12,8,85.459
NS66NE_645,1,1_5,6.27044773793,-9999.0,-9999.0,-9999.0,85.6910018921,284.584652952134,77.4283063078371,265929.75,668425.69,20,12,85.691
NS66NE_646,1,1_5,6.1875744726,-9999.0,-9999.0,-9999.0,85.7369995117,288.828448888295,80.8404222180159,265895.98,668424.13,28,16,85.737
NS66NE_648,1,1_5,5.77900896746,-9999.0,-9999.0,-9999.0,85.9199981689,121.943736601565,46.9093851002648,265866.81,668413.45,20,12,85.92
NS66NE_649,1,1_5,2.30148142392,-9999.0,-9999.0,-9999.0,87.3560028076,26.6498924965458,23.9819096262397,265675.64,668408.21,8,6,87.356
NS66NE_650,1,1_5,6.20589681919,-9999.0,-9999.0,-9999.0,87.6159973145,210.122122313469,61.7563097463149,265712.12,668411.84,16,10,87.616
NS66NE_652,1,1_5,7.29857875109,-9999.0,-9999.0,-9999.0,86.6139984131,166.949646907874,52.5189189995369,265647.29,668409.37,24,14,86.614
NS66NE_654,1,1_5,6.95524366615,-9999.0,-9999.0,-9999.0,86.1510009766,176.421815778447,54.2605502972728,265628.72,668408.83,20,12,86.151
NS66NE_655,1,1_5,6.36006634052,-9999.0,-9999.0,-9999.0,87.0960006714,147.064529405973,48.5085662291163,265665.8,668408.42,12,8,87.096
NS66NE_657,1,1_5,9.14333027035,-9999.0,-9999.0,-9999.0,86.1039962769,186.062029944313,55.5833053529384,265817.82,668406.45,20,12,86.104
NS66NE_659,1,1_5,2.20105569404,-9999.0,-9999.0,-9999.0,86.0579986572,30.0361263259262,24.0081213479794,265637.31,668399.47,20,12,86.058
NS66NE_101,1,1_6,3.70067220835,-9999.0,-9999.0,-9999.0,87.7493591309,49.2496499995468,28.0991327247139,265929.42,668925.64,12,8,87.749
NS66NE_103,1,1_6,5.49365063168,-9999.0,-9999.0,-9999.0,94.9639968872,183.034435017107,56.28982666522,266188.69,668929.32,20,12,94.964
NS66NE_104,1,1_6,6.31913143981,-9999.0,-9999.0,-9999.0,83.3909988403,133.908659291261,49.6639328882114,265878.83,668924.27,28,16,83.391
NS66NE_110,1,1_6,3.40636500397,-9999.0,-9999.0,-9999.0,81.453666687,211.575202506287,57.5459614672138,265825.63,668923.72,20,12,81.454
NS66NE_112,1,1_6,3.71926921778,-9999.0,-9999.0,-9999.0,82.56199646,177.877991769511,61.2599338964213,265792.46,668921.74,20,12,82.562
NS66NE_113,1,1_6,4.54780304272,-9999.0,-9999.0,-9999.0,83.2836303711,181.030207646083,65.6433760382845,265775.91,668919.06,28,16,83.284
NS66NE_115,1,1_6,5.27494802578,-9999.0,-9999.0,-9999.0,96.5830001831,169.719016842745,58.1755477783655,266088.91,668917.11,20,12,96.583
NS66NE_116,1,1_6,2.69532478462,-9999.0,-9999.0,-9999.0,94.2688827515,46.8984825031806,37.9312013907463,266160.65,668911.69,24,14,94.269
NS66NE_117,1,1_6,4.48713466903,-9999.0,-9999.0,-9999.0,94.9000015259,354.353187348268,140.650618746803,266143.3,668922.8,88,46,94.9
NS66NE_118,1,1_6,5.0830259117,-9999.0,-9999.0,-9999.0,94.7590026855,259.44615578822,74.3900461245137,266193.72,668914.76,28,16,94.759
NS66NE_122,1,1_6,3.66999852228,-9999.0,-9999.0,-9999.0,83.263999939,155.871060180251,55.5281663166572,265832.03,668907.86,32,18,83.264
NS66NE_124,1,1_6,2.90328144383,-9999.0,-9999.0,-9999.0,84.1050033569,57.085912493662,30.252812820222,265796.21,668899.27,12,8,84.105
NS66NE_125,1,1_6,5.42853803595,-9999.0,-9999.0,-9999.0,93.1780014038,127.451718558773,46.5825677318386,266179.13,668901.68,20,12,93.178
NS66NE_126,1,1_6,5.39930813464,-9999.0,-9999.0,-9999.0,90.4759979248,161.89194231678,54.9449935040545,265938.71,668899.4,28,16,90.476
NS66NE_128,1,1_6,2.80718900931,-9999.0,-9999.0,-9999.0,88.5449981689,56.7741900034392,30.6663823203542,265913.47,668895.0,12,8,88.545
NS66NE_129,1,1_6,4.04405772929,-9999.0,-9999.0,-9999.0,83.6940002441,332.673378074019,110.571867283041,265769.43,668906.1,52,28,83.694
NS66NE_130,1,1_6,5.12213582803,-9999.0,-9999.0,-9999.0,96.7099990845,572.364894706984,123.939416432004,266059.04,668903.41,72,38,96.71
NS66NE_131,1,1_6,2.90044820876,-9999.0,-9999.0,-9999.0,92.7570037842,78.6857737521306,49.4222773614715,266196.27,668895.86,24,14,92.757
NS66NE_133,1,1_6,6.23206976957,-9999.0,-9999.0,-9999.0,93.2089996338,66.0328667250584,32.9114976057438,266168.32,668894.13,12,8,93.209
NS66NE_137,1,1_6,6.11526006606,-9999.0,-9999.0,-9999.0,87.466003418,170.282922016032,58.8276075399344,265897.92,668897.44,28,16,87.466
NS66NE_140,1,1_6,5.17835621384,-9999.0,-9999.0,-9999.0,89.013999939,139.557916058173,52.2041343713438,265923.79,668894.75,36,20,89.014
NS66NE_141,1,1_6,5.13499514815,-9999.0,-9999.0,-9999.0,93.8399963379,175.527723326011,66.7120506063982,266146.57,668896.42,36,20,93.84
NS66NE_145,1,1_6,6.58323988965,-9999.0,-9999.0,-9999.0,96.4319992065,169.374740606889,52.1737695521626,266029.74,668890.86,12,8,96.432
NS66NE_146,1,1_6,3.03509599889,-9999.0,-9999.0,-9999.0,85.1129989624,70.1632912007176,36.9259431609248,265792.8,668886.79,28,16,85.113
NS66NE_147,1,1_6,4.05012840592,-9999.0,-9999.0,-9999.0,84.78099823,82.2020057248474,36.3785326350749,265754.01,668885.1,12,8,84.781
NS66NE_148,1,1_6,4.50176002488,-9999.0,-9999.0,-9999.0,94.8669967651,137.375898211443,47.4846379923189,266108.09,668887.5,12,8,94.867
NS66NE_150,1,1_6,5.24413242255,-9999.0,-9999.0,-9999.0,94.2089996338,464.702156250622,148.036957883612,266230.37,668893.8,100,52,94.209
NS66NE_152,1,1_6,2.33622775113,-9999.0,-9999.0,-9999.0,95.1429977417,37.9316999985155,25.3644786525261,266088.86,668881.8,12,8,95.143
NS66NE_153,1,1_6,3.95087072835,-9999.0,-9999.0,-9999.0,93.2870025635,174.630390465174,75.6302711632614,266154.82,668885.18,52,28,93.287
NS66NE_154,1,1_6,5.49112079343,-9999.0,-9999.0,-9999.0,94.2929992676,189.01145500119,57.1325170354667,266208.66,668883.45,20,12,94.293
NS66NE_156,1,1_6,4.85656384861,-9999.0,-9999.0,-9999.0,94.4840011597,106.001361642383,58.2275788793632,266112.74,668876.34,36,20,94.484
NS66NE_159,1,1_6,6.93000381005,-9999.0,-9999.0,-9999.0,86.8759994507,211.975417965048,63.2318855599379,265850.91,668872.72,44,24,86.876
NS66NE_160,1,1_6,2.655541651,-9999.0,-9999.0,-9999.0,95.158996582,43.0434112457785,27.0910777434784,266056.32,668868.64,12,8,95.159
NS66NE_163,1,1_6,5.59414517756,-9999.0,-9999.0,-9999.0,95.5699996948,551.836137465564,129.743797344128,266002.66,668876.48,68,36,95.57
NS66NE_164,1,1_6,5.97003031466,-9999.0,-9999.0,-9999.0,86.4649963379,198.196573438381,61.6544275292533,265831.62,668869.88,20,12,86.465
NS66NE_169,1,1_6,2.89687531083,-9999.0,-9999.0,-9999.0,95.125,41.9005425067352,26.1660895995802,266043.65,668860.87,12,8,95.125
NS66NE_170,1,1_6,6.10430177088,-9999.0,-9999.0,-9999.0,86.1399993896,236.812982719789,70.97376856601,265809.47,668863.77,44,24,86.14
NS66NE_173,1,1_6,2.65405695556,-9999.0,-9999.0,-9999.0,85.1119995117,65.7836475098529,38.5526618431439,265748.71,668857.46,16,10,85.112
NS66NE_175,1,1_6,5.39569929676,-9999.0,-9999.0,-9999.0,86.0410003662,220.810620445323,67.6394327638985,265781.45,668857.69,40,22,86.041
NS66NE_176,1,1_6,2.34507746784,-9999.0,-9999.0,-9999.0,95.0189971924,40.9033499961952,25.6837666561609,266032.48,668852.66,12,8,95.019
NS66NE_177,1,1_6,5.23930100923,-9999.0,-9999.0,-9999.0,91.8740005493,330.903309936564,99.0763659057044,266185.92,668860.96,64,34,91.874
NS66NE_178,1,1_6,4.38373886159,-9999.0,-9999.0,-9999.0,93.7916641235,240.502248037984,71.8579983991668,266091.54,668854.3,36,20,93.792
NS66NE_179,1,1_6,5.36782575245,-9999.0,-9999.0,-9999.0,94.202003479,184.723528496043,55.989775093345,265948.21,668855.1,20,12,94.202
NS66NE_18,1,1_6,3.83345312323,-9999.0,-9999.0,-9999.0,78.9753341675,62.431893753093,31.6921443503088,265793.0,668988.86,12,8,78.975
NS66NE_180,1,1_6,2.44263782786,-9999.0,-9999.0,-9999.0,95.2149963379,69.7844840516897,37.1338913527551,266017.23,668849.86,12,8,95.215
NS66NE_181,1,1_6,5.01979410111,-9999.0,-9999.0,-9999.0,94.71900177,305.722441481636,84.3755087361969,265966.66,668857.13,36,20,94.719
NS66NE_182,1,1_6,5.17472760326,-9999.0,-9999.0,-9999.0,85.6399993896,196.512129650894,62.0827905737911,265763.62,668853.79,36,20,85.64
NS66NE_188,1,1_6,2.96263640268,-9999.0,-9999.0,-9999.0,91.6709976196,32.9693174994276,26.8811645835472,266205.36,668843.02,8,6,91.671
NS66NE_189,1,1_6,5.75813553803,-9999.0,-9999.0,-9999.0,85.1149978638,139.79917113478,52.5140089696138,265743.95,668844.76,28,16,85.115
NS66NE_190,1,1_6,6.05942656758,-9999.0,-9999.0,-9999.0,93.5459976196,229.386639690944,64.600927202221,265932.88,668847.48,20,12,93.546
NS66NE_192,1,1_6,6.27760349397,-9999.0,-9999.0,-9999.0,92.5609970093,237.561240516192,72.0079438730236,265910.56,668843.93,44,24,92.561
NS66NE_193,1,1_6,2.87937509603,-9999.0,-9999.0,-9999.0,94.3949966431,59.2269344200045,31.0889425394728,265946.51,668839.95,12,8,94.395
NS66NE_194,1,1_6,4.67482268532,-9999.0,-9999.0,-9999.0,92.3150024414,194.073060001989,55.1411463031799,266146.08,668842.57,24,14,92.315
NS66NE_196,1,1_6,2.62106031673,-9999.0,-9999.0,-9999.0,84.2676620483,45.2944312530232,28.4788491233344,265715.69,668838.6,12,8,84.268
NS66NE_197,1,1_6,5.65734253647,-9999.0,-9999.0,-9999.0,93.81199646,215.16633174221,60.7370317639366,266061.79,668844.84,12,8,93.812
NS66NE_199,1,1_6,4.73027751142,-9999.0,-9999.0,-9999.0,94.7750015259,157.456176938997,51.9930685916138,266004.87,668839.44,20,12,94.775
NS66NE_200,1,1_6,4.53118105006,-9999.0,-9999.0,-9999.0,91.9730834961,211.710059293631,78.5177239732031,266162.08,668844.27,40,22,91.973
NS66NE_201,1,1_6,4.72331515113,-9999.0,-9999.0,-9999.0,93.8209991455,157.635526206694,55.2154609342588,266050.95,668837.84,28,16,93.821
NS66NE_204,1,1_6,5.98103344257,-9999.0,-9999.0,-9999.0,92.0080032349,137.520573933718,49.7413568978242,266130.39,668834.51,20,12,92.008
NS66NE_205,1,1_6,7.38280011411,-9999.0,-9999.0,-9999.0,91.4530029297,245.347605883251,69.901907998409,265885.23,668835.37,28,16,91.453
NS66NE_206,1,1_6,5.80962171053,-9999.0,-9999.0,-9999.0,90.1350021362,171.03217080167,61.9760000342869,265853.29,668835.6,36,20,90.135
NS66NE_209,1,1_6,2.6084789592,-9999.0,-9999.0,-9999.0,93.9960021973,42.7901034028271,27.7028783877974,265930.01,668829.86,12,8,93.996
NS66NE_210,1,1_6,6.1192066106,-9999.0,-9999.0,-9999.0,84.8140029907,194.886476437794,62.6227743696234,265729.02,668834.3,36,20,84.814
NS66NE_213,1,1_6,2.1469892614,-9999.0,-9999.0,-9999.0,91.5410003662,41.978223743042,26.8881581075859,266143.92,668825.7,12,8,91.541
NS66NE_214,1,1_6,2.5644004756,-9999.0,-9999.0,-9999.0,92.7200012207,61.4541862411761,33.9587658569154,265901.63,668826.26,16,10,92.72
NS66NE_216,1,1_6,5.07662433421,-9999.0,-9999.0,-9999.0,94.7860031128,173.47682274886,55.5624082663525,265972.84,668828.28,20,12,94.786
NS66NE_217,1,1_6,4.08036008299,-9999.0,-9999.0,-9999.0,93.7279968262,208.827423657364,68.3481501992864,266037.09,668830.92,36,20,93.728
NS66NE_218,1,1_6,6.08910289374,-9999.0,-9999.0,-9999.0,87.1259994507,168.027192769666,52.2205725312809,265796.97,668828.38,32,18,87.126
NS66NE_22,1,1_6,6.31284129003,-9999.0,-9999.0,-9999.0,95.7040023804,359.986271426228,107.755984338803,266220.09,668995.03,60,32,95.704
NS66NE_220,1,1_6,5.31265708459,-9999.0,-9999.0,-9999.0,94.091003418,130.930845295095,45.7732956101011,266008.36,668827.42,12,8,94.091
NS66NE_224,1,1_6,6.52812965955,-9999.0,-9999.0,-9999.0,84.9509963989,169.633704407035,55.623869480514,265716.42,668822.29,20,12,84.951
NS66NE_225,1,1_6,2.79234561621,-9999.0,-9999.0,-9999.0,94.3809967041,50.5311545141139,30.0107580063895,265940.32,668817.56,12,8,94.381
NS66NE_227,1,1_6,2.7638718618,-9999.0,-9999.0,-9999.0,91.3430023193,114.709336018283,53.1565810109188,265869.82,668818.85,28,16,91.343
NS66NE_232,1,1_6,7.95918186701,-9999.0,-9999.0,-9999.0,90.9300003052,179.293745581951,57.1525197583108,265856.47,668815.3,28,16,90.93
NS66NE_233,1,1_6,4.48823205478,-9999.0,-9999.0,-9999.0,91.1429977417,502.037129671709,147.71650054644,266101.38,668820.34,84,44,91.143
NS66NE_234,1,1_6,1.99592700371,-9999.0,-9999.0,-9999.0,90.6770019531,30.1799962514958,28.9249699870955,266105.68,668809.91,16,10,90.677
NS66NE_235,1,1_6,4.60538405781,-9999.0,-9999.0,-9999.0,93.3679962158,229.192864477705,63.0923956246541,266015.98,668813.84,20,12,93.368
NS66NE_236,1,1_6,2.35865010624,-9999.0,-9999.0,-9999.0,93.2460021973,59.2255607356768,32.1765771941011,265909.72,668807.24,20,12,93.246
NS66NE_238,1,1_6,5.65188655585,-9999.0,-9999.0,-9999.0,86.2679977417,182.781122149855,64.6381621692948,265755.81,668810.16,36,20,86.268
NS66NE_240,1,1_6,4.77599290212,-9999.0,-9999.0,-9999.0,91.2440032959,248.864543559789,68.0088253090753,266069.87,668807.88,28,16,91.244
NS66NE_241,1,1_6,3.72519324562,-9999.0,-9999.0,-9999.0,94.1569976807,379.844418095338,119.054662759267,265973.26,668810.24,68,36,94.157
NS66NE_246,1,1_6,5.3776576092,-9999.0,-9999.0,-9999.0,94.1520004272,239.453329843147,73.2966731383907,265954.18,668800.6,44,24,94.152
NS66NE_253,1,1_6,4.11771132349,-9999.0,-9999.0,-9999.0,91.7099990845,227.658910968444,60.3821658060091,266051.53,668798.81,12,8,91.71
NS66NE_255,1,1_6,5.34417676667,-9999.0,-9999.0,-9999.0,93.7949981689,238.826076094927,62.1716123102518,265935.31,668797.95,12,8,93.795
NS66NE_257,1,1_6,6.18135194104,-9999.0,-9999.0,-9999.0,93.2009963989,177.915214735488,54.6170648957574,265920.19,668792.59,20,12,93.201
NS66NE_260,1,1_6,5.25076470536,-9999.0,-9999.0,-9999.0,92.7210006714,227.591875317812,63.0165747501516,266023.29,668791.33,20,12,92.721
NS66NE_261,1,1_6,5.87540386378,-9999.0,-9999.0,-9999.0,92.4929962158,201.676173543614,61.234391401776,265904.34,668789.88,28,16,92.493
NS66NE_269,1,1_6,3.2698329062,-9999.0,-9999.0,-9999.0,90.2470016479,89.1917612434914,38.3966888732513,266084.88,668779.76,12,8,90.247
NS66NE_271,1,1_6,4.86721913422,-9999.0,-9999.0,-9999.0,85.7929992676,672.866315514283,188.232377337561,265801.32,668794.81,92,48,85.793
NS66NE_276,1,1_6,5.65900815295,-9999.0,-9999.0,-9999.0,88.9752349854,610.574646700238,180.394136303802,265871.32,668781.12,84,44,88.975
NS66NE_277,1,1_6,2.39446490419,-9999.0,-9999.0,-9999.0,90.9020004272,55.9950023232929,35.3077941663984,266055.14,668770.27,16,10,90.902
NS66NE_278,1,1_6,5.7195706845,-9999.0,-9999.0,-9999.0,86.4270019531,545.002645669082,130.902129601851,265690.76,668784.66,76,40,86.427
NS66NE_281,1,1_6,5.95019743754,-9999.0,-9999.0,-9999.0,86.4150009155,384.449933222168,101.794358000245,265743.32,668774.92,48,26,86.415
NS66NE_283,1,1_6,6.66368766667,-9999.0,-9999.0,-9999.0,92.5350036621,402.01615341667,106.253945251027,265989.19,668771.49,48,26,92.535
NS66NE_285,1,1_6,3.53474482014,-9999.0,-9999.0,-9999.0,85.4879989624,357.801936153195,99.3347344739279,265798.12,668763.42,28,16,85.488
NS66NE_286,1,1_6,4.41101282293,-9999.0,-9999.0,-9999.0,92.7549972534,140.875088724225,50.5191225032125,265931.97,668762.37,20,12,92.755
NS66NE_287,1,1_6,4.83146123714,-9999.0,-9999.0,-9999.0,91.6169967651,394.769017550962,113.093353515912,266030.49,668768.0,60,32,91.617
NS66NE_289,1,1_6,5.72327610524,-9999.0,-9999.0,-9999.0,92.4489974976,439.521910242776,138.319058900884,265957.23,668765.64,84,44,92.449
NS66NE_291,1,1_6,6.81732686361,-9999.0,-9999.0,-9999.0,91.2389984131,175.304185396373,61.9808591206011,265913.24,668757.5,44,24,91.239
NS66NE_35,1,1_6,6.13433494996,-9999.0,-9999.0,-9999.0,95.4010009766,182.555350773416,58.8977584652065,266199.4,668984.41,20,12,95.401
NS66NE_37,1,1_6,4.19507491127,-9999.0,-9999.0,-9999.0,78.5019989014,225.823862456599,66.5680114144488,265807.01,668983.84,32,18,78.502
NS66NE_50,1,1_6,5.89321406533,-9999.0,-9999.0,-9999.0,95.6042480469,195.98536694209,60.6696384840136,266173.47,668968.37,20,12,95.604
NS66NE_52,1,1_6,3.55652503161,-9999.0,-9999.0,-9999.0,78.9940032959,171.199476569435,56.4620831332644,265812.86,668966.93,28,16,78.994
NS66NE_58,1,1_6,5.45964482733,-9999.0,-9999.0,-9999.0,94.9489974976,183.241050063571,57.2392569197764,266213.44,668964.69,28,16,94.949
NS66NE_60,1,1_6,3.02970678736,-9999.0,-9999.0,-9999.0,94.7009963989,60.8727600054737,31.2326881123842,266229.42,668959.72,12,8,94.701
NS66NE_61,1,1_6,6.3069600667,-9999.0,-9999.0,-9999.0,94.9039993286,147.238206644029,50.248271016109,266241.28,668961.81,20,12,94.904
NS66NE_66,1,1_6,5.57971682933,-9999.0,-9999.0,-9999.0,95.6220016479,213.270568723049,67.4517042528942,266159.23,668960.05,24,14,95.622
NS66NE_72,1,1_6,3.01172394312,-9999.0,-9999.0,-9999.0,94.5360031128,60.3695212482878,31.1288878639115,266240.85,668949.71,12,8,94.536
NS66NE_73,1,1_6,3.81725674307,-9999.0,-9999.0,-9999.0,79.3489990234,582.687791930735,148.806637111241,265775.94,668958.51,100,52,79.349
NS66NE_74,1,1_6,6.2898872437,-9999.0,-9999.0,-9999.0,95.9649963379,64.2731023159876,32.3543451742794,266136.6,668949.67,12,8,95.965
NS66NE_77,1,1_6,6.50993224287,-9999.0,-9999.0,-9999.0,94.5380020142,143.804283876245,49.8554584964368,266222.98,668946.66,20,12,94.538
NS66NE_78,1,1_6,6.28818332718,-9999.0,-9999.0,-9999.0,96.2259979248,84.7101728691136,36.8281180549667,266127.83,668944.57,12,8,96.226
NS66NE_81,1,1_6,4.43029118762,-9999.0,-9999.0,-9999.0,82.1579971313,171.687202161019,52.6416059783485,265745.5,668947.28,16,10,82.158
NS66NE_88,1,1_6,3.8730550042,-9999.0,-9999.0,-9999.0,79.9599990845,134.165135893407,49.7584153504928,265818.85,668941.98,20,12,79.96
NS66NE_9,1,1_6,4.91594958696,-9999.0,-9999.0,-9999.0,95.5989990234,193.010594495951,62.6461078125895,266244.46,669001.81,28,16,95.599
NS66NE_91,1,1_6,5.18586997099,-9999.0,-9999.0,-9999.0,95.0950012207,218.176077962066,85.1865281733026,266181.29,668945.05,52,28,95.095
NS66NE_97,1,1_6,4.04046489881,-9999.0,-9999.0,-9999.0,94.7080001831,50.7405900012988,30.4554426586742,266168.84,668928.45,12,8,94.708
NS66NE_98,1,1_6,3.94734556127,-9999.0,-9999.0,-9999.0,96.0189971924,261.046589170952,81.9869446684158,266120.93,668936.04,40,22,96.019
NS66NE_3771,1,2_0,6.92609690377,-9999.0,-9999.0,-9999.0,82.5879974365,740.823898651284,164.108916332392,266719.45,665613.25,64,34,82.588
NS66NE_3785,1,2_0,6.20232577748,-9999.0,-9999.0,-9999.0,85.1159973145,124.106889077441,44.7687922948835,266694.11,665588.01,12,8,85.116
NS66NE_3789,1,2_0,4.80545400013,-9999.0,-9999.0,-9999.0,82.2519989014,444.081940595428,110.546396185973,266816.57,665590.9,44,24,82.252
NS66NE_3790,1,2_0,6.27298320423,-9999.0,-9999.0,-9999.0,85.0080032349,125.643542246925,45.0216400189443,266714.24,665584.84,12,8,85.008
NS66NE_3793,1,2_0,6.24633046489,-9999.0,-9999.0,-9999.0,85.1930007935,124.883166768774,44.841068485722,266675.16,665581.42,12,8,85.193
NS66NE_3795,1,2_0,1.78884852618,-9999.0,-9999.0,-9999.0,85.0060043335,26.922446246062,23.6602699755779,266730.39,665576.77,8,6,85.006
NS66NE_3803,1,2_0,5.59788052159,-9999.0,-9999.0,-9999.0,83.7180023193,308.360117152637,100.173935526991,266749.29,665581.31,48,26,83.718
NS66NE_3812,1,2_0,6.11077394865,-9999.0,-9999.0,-9999.0,84.9649963379,110.983756316718,42.1401187050606,266718.11,665566.65,12,8,84.965
NS66NE_3813,1,2_0,2.15237024481,-9999.0,-9999.0,-9999.0,84.8509979248,31.4498250023494,27.9710525282574,266732.88,665562.94,8,6,84.851
NS66NE_3819,1,2_0,6.30530720475,-9999.0,-9999.0,-9999.0,85.09400177,124.119881515119,44.7920690489559,266674.27,665562.6,12,8,85.094
NS66NE_3820,1,2_0,5.50516276025,-9999.0,-9999.0,-9999.0,82.6070022583,319.097019049578,99.9517573953524,266850.98,665563.11,36,20,82.607
NS66NE_3823,1,2_0,9.58147326636,-9999.0,-9999.0,-9999.0,83.0360031128,1096.82390129852,231.213253656688,266650.43,665587.31,80,42,83.036
NS66NE_3827,1,2_0,5.13847331333,-9999.0,-9999.0,-9999.0,82.236000061,170.290422286403,56.4580084444245,266873.52,665559.87,28,16,82.236
NS66NE_3830,1,2_0,2.8847455362,-9999.0,-9999.0,-9999.0,89.0279998779,133.192718190712,53.9099515080962,266422.29,665557.74,12,8,89.028
NS66NE_3832,1,2_0,5.65253171196,-9999.0,-9999.0,-9999.0,82.8669967651,124.582143537293,45.143155389125,266828.92,665554.71,20,12,82.867
NS66NE_3835,1,2_0,5.69432946093,-9999.0,-9999.0,-9999.0,84.2139968872,152.860564586513,60.4518329383556,266753.36,665554.54,28,16,84.214
NS66NE_3841,1,2_0,6.18804322219,-9999.0,-9999.0,-9999.0,84.3570022583,125.694953171368,45.0280650709667,266733.75,665548.12,12,8,84.357
NS66NE_3842,1,2_0,2.51802046243,-9999.0,-9999.0,-9999.0,89.5810012817,186.653950088618,61.0630096695346,266390.99,665549.66,28,16,89.581
NS66NE_3843,1,2_0,2.59251700115,-9999.0,-9999.0,-9999.0,89.5749969482,194.384819413533,56.0930267461173,266408.23,665550.22,12,8,89.575
NS66NE_3845,1,2_0,6.29433725311,-9999.0,-9999.0,-9999.0,84.6910018921,137.938438992308,47.4169429160761,266711.75,665548.65,12,8,84.691
NS66NE_3850,1,2_0,5.92471371632,-9999.0,-9999.0,-9999.0,84.6849975586,144.622604795023,49.8999210543564,266683.07,665546.32,24,14,84.685
NS66NE_3855,1,2_0,6.26345491993,-9999.0,-9999.0,-9999.0,84.5960006714,125.242413492197,44.927801406901,266663.5,665541.84,12,8,84.596
NS66NE_3856,1,2_0,5.80735543748,-9999.0,-9999.0,-9999.0,84.7789993286,150.224327447927,49.3348696935693,266647.36,665543.81,12,8,84.779
NS66NE_3866,1,2_0,2.75890221768,-9999.0,-9999.0,-9999.0,90.0670013428,385.304763033851,85.522071061963,266374.02,665542.42,12,8,90.067
NS66NE_3869,1,2_0,2.82038536379,-9999.0,-9999.0,-9999.0,90.2620010376,378.017853995007,98.6629268500428,266339.64,665540.83,36,20,90.262
NS66NE_3870,1,2_0,2.51662627771,-9999.0,-9999.0,-9999.0,90.21900177,398.910488131527,88.7815004333963,266356.81,665541.0,12,8,90.219
NS66NE_3875,1,2_0,5.79681565276,-9999.0,-9999.0,-9999.0,82.5950012207,145.018186453755,48.3243360357894,266865.77,665531.85,12,8,82.595
NS66NE_3879,1,2_0,5.66125514772,-9999.0,-9999.0,-9999.0,83.0530014038,256.391252352387,69.4911713458045,266832.37,665531.78,12,8,83.053
NS66NE_3896,1,2_0,5.80136050697,-9999.0,-9999.0,-9999.0,82.7590026855,124.63565491885,44.7017790046365,266859.01,665517.54,12,8,82.759
NS66NE_3901,1,2_0,7.25252154192,-9999.0,-9999.0,-9999.0,83.9010009766,477.360832528743,130.212075382818,266729.79,665517.02,48,26,83.901
NS66NE_3902,1,2_0,6.73528520612,-9999.0,-9999.0,-9999.0,82.2779998779,139.544677432488,48.7292543336901,266582.0,665514.26,12,8,82.278
NS66NE_3906,1,2_0,8.42455198194,-9999.0,-9999.0,-9999.0,83.5520019531,1051.61077664922,220.617268077906,266601.82,665531.64,44,24,83.552
NS66NE_3908,1,2_0,6.0630862051,-9999.0,-9999.0,-9999.0,84.1579971313,219.613910233734,63.1512896991104,266693.88,665508.69,12,8,84.158
NS66NE_3910,1,2_0,5.91452856256,-9999.0,-9999.0,-9999.0,82.7050018311,142.166454721366,47.8274457497935,266831.24,665507.51,12,8,82.705
NS66NE_3914,1,2_0,5.75398734884,-9999.0,-9999.0,-9999.0,82.8730010986,122.123372301004,44.678592714377,266860.23,665502.93,20,12,82.873
NS66NE_3915,1,2_0,9.38394088275,-9999.0,-9999.0,-9999.0,83.8980026245,253.624173490402,69.4747611032259,266667.98,665500.76,20,12,83.898
NS66NE_3919,1,2_0,6.47339235783,-9999.0,-9999.0,-9999.0,81.1569976807,144.143290612185,49.541823949493,266595.94,665499.75,12,8,81.157
NS66NE_3923,1,2_0,5.87881173559,-9999.0,-9999.0,-9999.0,83.8970031738,146.08705690578,57.0878010608232,266647.01,665499.94,20,12,83.897
NS66NE_3931,1,2_0,5.90320790423,-9999.0,-9999.0,-9999.0,82.4720001221,139.452744750043,47.4051307156113,266832.8,665489.81,12,8,82.472
NS66NE_3932,1,2_0,5.5123217808,-9999.0,-9999.0,-9999.0,82.75,159.957831112321,52.6391757062788,266868.78,665490.07,20,12,82.75
NS66NE_3944,1,2_0,6.35878375475,-9999.0,-9999.0,-9999.0,80.0920028687,155.004996344467,51.3618853411551,266609.72,665485.66,16,10,80.092
NS66NE_3949,1,2_0,8.53375635656,-9999.0,-9999.0,-9999.0,82.1309967041,372.467232815091,101.192692082453,266758.39,665490.57,44,24,82.131
NS66NE_3957,1,2_0,6.64998211421,-9999.0,-9999.0,-9999.0,79.033996582,144.303900505528,49.4241262351173,266623.89,665470.95,12,8,79.034
NS66NE_3962,1,2_0,6.65536061678,-9999.0,-9999.0,-9999.0,80.7259979248,424.052407785743,112.679681370473,266727.7,665468.21,28,16,80.726
NS66NE_3974,1,2_0,5.70232158573,-9999.0,-9999.0,-9999.0,82.9209976196,146.09260888009,48.5659075290299,266861.92,665459.25,12,8,82.921
NS66NE_3977,1,2_0,5.54268366905,-9999.0,-9999.0,-9999.0,82.2070007324,275.03938026797,83.7909464269567,266837.54,665464.42,44,24,82.207
NS66NE_3979,1,2_0,6.61844852799,-9999.0,-9999.0,-9999.0,78.577003479,147.010410440194,50.2817412376917,266638.0,665456.27,20,12,78.577
NS66NE_3998,1,2_0,6.73387456526,-9999.0,-9999.0,-9999.0,79.5650024414,291.696876133245,80.0419292867882,266696.12,665447.7,12,8,79.565
NS66NE_4006,1,2_0,6.44097963715,-9999.0,-9999.0,-9999.0,82.1959991455,264.322452830616,74.3281672912604,266858.58,665429.91,28,16,82.196
NS66NE_4008,1,2_0,6.32646054053,-9999.0,-9999.0,-9999.0,81.9869995117,132.052819995847,46.3987607910131,266834.96,665426.74,12,8,81.987
NS66NE_4010,1,2_0,7.94074175531,-9999.0,-9999.0,-9999.0,74.5579986572,2620.39883350965,557.003051105058,266548.58,665466.54,176,90,74.558
NS66NE_4012,1,2_0,6.67078150603,-9999.0,-9999.0,-9999.0,78.9970016479,481.654887636084,136.465921527409,266720.5,665424.14,28,16,78.997
NS66NE_4018,1,2_0,7.99843799436,-9999.0,-9999.0,-9999.0,74.1179962158,1938.0903942235,368.602268561122,266471.58,665434.31,112,56,74.118
NS66NE_4024,1,2_0,9.15244136627,-9999.0,-9999.0,-9999.0,77.2659988403,239.838014388328,71.8935691779209,266754.07,665404.01,28,16,77.266
NS66NE_4030,1,2_0,8.72655552168,-9999.0,-9999.0,-9999.0,74.3219985962,574.204625494256,140.337756937534,266653.67,665407.92,28,16,74.322
NS66NE_4032,1,2_0,8.35866270416,-9999.0,-9999.0,-9999.0,75.3339996338,2564.57058526932,504.19970887175,266377.84,665412.85,172,88,75.334
NS66NE_4043,1,2_0,8.86581465777,-9999.0,-9999.0,-9999.0,74.0270004272,801.421014947858,193.685060975778,266705.05,665378.46,68,36,74.027
NS66NE_4052,1,2_0,6.8402908626,-9999.0,-9999.0,-9999.0,75.3310012817,145.149272828559,54.2599769393134,266769.54,665361.29,28,16,75.331
NS66NE_4061,1,2_0,8.80954422054,-9999.0,-9999.0,-9999.0,73.2490005493,707.688402324107,163.393209153586,266706.22,665346.14,20,12,73.249
NS66NE_4062,1,2_0,6.24527096289,-9999.0,-9999.0,-9999.0,73.6190032959,187.927715898189,57.9555692506938,266766.72,665340.31,20,12,73.619
NS66NE_4066,1,2_0,6.3396774856,-9999.0,-9999.0,-9999.0,72.8759994507,129.259953796728,45.8991381733024,266731.74,665333.01,12,8,72.876
NS66NE_4068,1,2_0,6.68779288811,-9999.0,-9999.0,-9999.0,64.2949981689,497.013306419343,120.441776353879,266467.66,665332.91,44,24,64.295
NS66NE_4069,1,2_0,6.93326225417,-9999.0,-9999.0,-9999.0,64.4270019531,359.102649387987,108.426132444593,266511.13,665333.1,60,32,64.427
NS66NE_4074,1,2_0,6.73113601484,-9999.0,-9999.0,-9999.0,63.8250007629,352.739895103368,92.6108615431535,266424.13,665323.69,36,20,63.825
NS66NE_4075,1,2_0,6.32842921572,-9999.0,-9999.0,-9999.0,72.2710037231,192.133703665683,58.3883269258766,266699.8,665322.41,12,8,72.271
NS66NE_4077,1,2_0,6.21230642046,-9999.0,-9999.0,-9999.0,72.1220016479,188.432558200785,58.1493973559679,266768.58,665320.19,20,12,72.122
NS66NE_4081,1,2_0,6.06070703834,-9999.0,-9999.0,-9999.0,63.2179985046,692.018379810549,124.934270102146,266380.74,665316.28,32,18,63.218
NS66NE_4082,1,2_0,6.2461943633,-9999.0,-9999.0,-9999.0,71.3266677856,191.705524590167,60.2976252232534,266734.89,665315.32,20,12,71.327
NS66NE_4090,1,2_0,6.87203478216,-9999.0,-9999.0,-9999.0,71.3659973145,136.487439919363,49.8555900244014,266772.57,665297.37,20,12,71.366
NS66NE_4091,1,2_0,6.29755789117,-9999.0,-9999.0,-9999.0,71.0805053711,168.810263675528,53.4838840463071,266753.56,665296.76,12,8,71.081
NS66NE_4093,1,2_0,3.61736317925,-9999.0,-9999.0,-9999.0,70.9889984131,194.226150969859,57.0801161361664,266735.69,665292.71,12,8,70.989
NS66NE_4097,1,2_0,6.27160899858,-9999.0,-9999.0,-9999.0,70.8700027466,194.594913386448,58.87955868065,266704.52,665292.71,12,8,70.87
NS66NE_4099,1,2_0,6.42405360663,-9999.0,-9999.0,-9999.0,62.4630012512,139.717413045391,47.4835369429412,266333.13,665289.17,12,8,62.463
NS66NE_4100,1,2_0,8.65397653642,-9999.0,-9999.0,-9999.0,68.8389968872,476.197885061699,121.962301230395,266675.31,665305.83,36,20,68.839
NS66NE_4106,1,2_0,6.17058467491,-9999.0,-9999.0,-9999.0,70.3639984131,131.509040457454,46.2058227712535,266709.89,665274.04,12,8,70.364
NS66NE_4107,1,2_0,6.22891665728,-9999.0,-9999.0,-9999.0,68.4130020142,129.332516225085,45.8147285124184,266679.85,665271.99,12,8,68.413
NS66NE_4109,1,2_0,6.7482135595,-9999.0,-9999.0,-9999.0,70.9570007324,144.290844511343,48.929900949999,266774.67,665267.89,12,8,70.957
NS66NE_4124,1,2_0,6.24219297123,-9999.0,-9999.0,-9999.0,70.6466674805,171.320584125967,54.5128716183423,266755.98,665263.71,12,8,70.647
NS66NE_4126,1,2_0,6.65600149372,-9999.0,-9999.0,-9999.0,72.736000061,184.735976614183,56.039059430273,266852.35,665266.01,12,8,72.736
NS66NE_4128,1,2_0,3.81909143859,-9999.0,-9999.0,-9999.0,61.1570014954,1238.0078405119,155.606955566549,266424.92,665273.01,44,24,61.157
NS66NE_4133,1,2_0,3.33439126244,-9999.0,-9999.0,-9999.0,70.2630004883,145.752573863271,53.7640920691116,266739.37,665259.99,32,18,70.263
NS66NE_4139,1,2_0,6.2997266633,-9999.0,-9999.0,-9999.0,69.4489974976,176.405714984279,55.7349945144499,266711.32,665256.2,20,12,69.449
NS66NE_4157,1,2_0,6.34123099052,-9999.0,-9999.0,-9999.0,72.5370025635,241.460368523545,73.2059747691371,266855.64,665242.63,28,16,72.537
NS66NE_4159,1,2_0,6.33637933994,-9999.0,-9999.0,-9999.0,69.3700027466,173.494309662001,56.6503083225619,266748.1,665240.05,20,12,69.37
NS66NE_4167,1,2_0,6.19287063278,-9999.0,-9999.0,-9999.0,66.4150009155,381.058488727346,111.941722564144,266684.25,665243.97,28,16,66.415
NS66NE_4172,1,2_0,6.32316623406,-9999.0,-9999.0,-9999.0,68.6309967041,191.72606248202,58.6271002785808,266712.73,665228.57,12,8,68.631
NS66NE_4175,1,2_0,2.46803859607,-9999.0,-9999.0,-9999.0,59.6469993591,72.3111487526789,40.1583239078184,266433.84,665222.25,24,14,59.647
NS66NE_4181,1,2_0,6.28883056641,-9999.0,-9999.0,-9999.0,68.8909988403,190.417472380668,58.1583460964924,266746.89,665219.62,12,8,68.891
NS66NE_4183,1,2_0,6.85226879572,-9999.0,-9999.0,-9999.0,65.9899978638,141.625221963315,48.3433614844377,266681.71,665215.22,12,8,65.99
NS66NE_4184,1,2_0,6.90406374691,-9999.0,-9999.0,-9999.0,59.3499984741,861.101113287019,132.036169229853,266455.26,665226.54,52,28,59.35
NS66NE_4190,1,2_0,6.23254911702,-9999.0,-9999.0,-9999.0,66.4570007324,130.685425998473,46.1331384892409,266702.16,665205.94,12,8,66.457
NS66NE_4192,1,2_0,8.13555023276,-9999.0,-9999.0,-9999.0,66.6961669922,2893.53949111381,305.88864584518,266587.94,665231.76,28,16,66.696
NS66NE_4197,1,2_0,6.10016334924,-9999.0,-9999.0,-9999.0,67.1449966431,194.191962383613,58.3690771765411,266720.26,665202.19,12,8,67.145
NS66NE_4209,1,2_0,6.02060553241,-9999.0,-9999.0,-9999.0,67.9489974976,203.154778260702,61.4234671133704,266742.23,665195.43,20,12,67.949
NS66NE_4216,1,2_0,6.18017206437,-9999.0,-9999.0,-9999.0,68.7369995117,132.201091742445,46.2622203951203,266759.4,665186.55,12,8,68.737
NS66NE_4218,1,2_0,6.26605101136,-9999.0,-9999.0,-9999.0,70.3050003052,726.771829466134,196.858308639533,266777.24,665216.32,68,36,70.305
NS66NE_4229,1,2_0,9.77248449689,-9999.0,-9999.0,-9999.0,59.7039985657,806.22868341923,185.838453154546,266264.1,665187.75,76,40,59.704
NS66NE_4230,1,2_0,6.93998028387,-9999.0,-9999.0,-9999.0,59.5460014343,247.958570330994,77.2619011691012,266401.32,665174.87,44,24,59.546
NS66NE_4232,1,2_0,6.26728920722,-9999.0,-9999.0,-9999.0,65.9980010986,186.453706519023,57.1275503054659,266700.03,665172.73,12,8,65.998
NS66NE_4243,1,2_0,6.30032649928,-9999.0,-9999.0,-9999.0,67.1719970703,196.300370503385,58.7909474687451,266719.69,665166.22,12,8,67.172
NS66NE_4247,1,2_0,6.55124586196,-9999.0,-9999.0,-9999.0,60.1850013733,160.484032123801,53.0493535670998,266419.98,665162.59,28,16,60.185
NS66NE_4250,1,2_0,6.6249012291,-9999.0,-9999.0,-9999.0,63.6949996948,364.661369255549,112.940710988758,266668.35,665169.98,40,22,63.695
NS66NE_4251,1,2_0,6.28229417401,-9999.0,-9999.0,-9999.0,67.9589996338,191.633917784687,58.4375559767014,266740.99,665159.72,12,8,67.959
NS66NE_4255,1,2_0,6.27980683592,-9999.0,-9999.0,-9999.0,68.9110031128,185.167860469706,56.8727663262418,266760.71,665153.49,12,8,68.911
NS66NE_4256,1,2_0,6.29193493975,-9999.0,-9999.0,-9999.0,60.091999054,180.535313598463,59.2013169251789,266391.35,665154.09,28,16,60.092
NS66NE_4257,1,2_0,6.26894395447,-9999.0,-9999.0,-9999.0,60.6500015259,257.919221195276,70.3526564831194,266438.88,665153.54,20,12,60.65
NS66NE_4263,1,2_0,7.60010875873,-9999.0,-9999.0,-9999.0,61.2080001831,614.540603058777,99.4194681275071,266556.89,665153.24,12,8,61.208
NS66NE_4267,1,2_0,6.22864092623,-9999.0,-9999.0,-9999.0,64.1200027466,196.062039062219,58.7626739497355,266680.89,665145.48,12,8,64.12
NS66NE_4271,1,2_0,6.41590088371,-9999.0,-9999.0,-9999.0,60.8460006714,197.418515315536,58.4059507409097,266461.24,665142.99,12,8,60.846
NS66NE_4273,1,2_0,6.6182198805,-9999.0,-9999.0,-9999.0,60.736000061,158.855131658576,51.4874348858796,266477.97,665134.8,24,14,60.736
NS66NE_4274,1,2_0,6.36693754353,-9999.0,-9999.0,-9999.0,67.9359970093,188.626292892201,57.8474041991282,266723.51,665137.84,12,8,67.936
NS66NE_4275,1,2_0,6.82347927198,-9999.0,-9999.0,-9999.0,62.6969985962,192.367179591765,58.8189475755143,266641.53,665136.47,12,8,62.697
NS66NE_4278,1,2_0,6.41923034048,-9999.0,-9999.0,-9999.0,69.7890014648,282.28832137385,97.8860684622247,266783.43,665139.52,44,24,69.789
NS66NE_4284,1,2_0,6.30009083563,-9999.0,-9999.0,-9999.0,65.2220001221,195.814964945135,58.7588216310753,266697.47,665130.58,12,8,65.222
NS66NE_4287,1,2_0,6.76501606603,-9999.0,-9999.0,-9999.0,59.6679992676,235.297987483888,70.3146562923725,266382.16,665131.24,36,20,59.668
NS66NE_4290,1,2_0,5.24742316696,-9999.0,-9999.0,-9999.0,68.8229980469,199.61401962479,64.8399217733031,266757.17,665128.81,20,12,68.823
NS66NE_4295,1,2_0,6.32322215663,-9999.0,-9999.0,-9999.0,63.733001709,131.900919610534,46.3847566079495,266656.38,665121.54,12,8,63.733
NS66NE_4296,1,2_0,6.21956291039,-9999.0,-9999.0,-9999.0,61.9879989624,242.870730623912,68.072771643892,266619.92,665121.32,12,8,61.988
NS66NE_4297,1,2_0,6.3924631731,-9999.0,-9999.0,-9999.0,60.7400016785,304.822774883344,79.4768142296827,266409.37,665122.29,12,8,60.74
NS66NE_4305,1,2_0,6.16394014269,-9999.0,-9999.0,-9999.0,61.5870018005,244.006887151275,68.3254413108457,266594.38,665114.74,12,8,61.587
NS66NE_4307,1,2_0,7.00794510002,-9999.0,-9999.0,-9999.0,61.4620018005,137.957875402933,47.7234735268924,266572.8,665111.25,12,8,61.462
NS66NE_4316,1,2_0,6.21867379162,-9999.0,-9999.0,-9999.0,64.4100036621,136.920658607512,47.2784018437405,266672.52,665107.87,12,8,64.41
NS66NE_4319,1,2_0,7.21892423619,-9999.0,-9999.0,-9999.0,61.0190010071,661.906826699354,191.519555758461,266517.09,665117.42,92,48,61.019
NS66NE_4320,1,2_0,6.3561588277,-9999.0,-9999.0,-9999.0,67.5879974365,190.99083323856,58.234578556207,266716.33,665108.98,12,8,67.588
NS66NE_4322,1,2_0,5.09539746522,-9999.0,-9999.0,-9999.0,61.1619987488,311.87324816864,82.8618960975065,266437.85,665109.52,44,24,61.162
NS66NE_4325,1,2_0,6.1002375158,-9999.0,-9999.0,-9999.0,68.3000030518,310.530190894645,80.2808545964419,266756.13,665104.57,12,8,68.3
NS66NE_4334,1,2_0,3.38997556898,-9999.0,-9999.0,-9999.0,65.4270019531,46.0478099973997,27.5267144410827,266685.27,665093.85,12,8,65.427
NS66NE_4336,1,2_0,6.3006656493,-9999.0,-9999.0,-9999.0,66.4919967651,139.537122391333,47.8247055756419,266702.47,665095.44,12,8,66.492
NS66NE_4338,1,2_0,4.07414728115,-9999.0,-9999.0,-9999.0,61.0680007935,322.204702517024,89.4172743093429,266464.03,665098.37,68,36,61.068
NS66NE_4339,1,2_0,6.32694113164,-9999.0,-9999.0,-9999.0,68.9960021973,341.496783634664,99.047770496548,266786.48,665104.06,28,16,68.996
NS66NE_4342,1,2_0,6.26265443859,-9999.0,-9999.0,-9999.0,62.0839996338,129.428032224335,45.7756312194673,266602.24,665091.49,12,8,62.084
NS66NE_4345,1,2_0,6.00290321494,-9999.0,-9999.0,-9999.0,61.5730018616,140.480878951736,48.0489101270877,266574.38,665089.65,12,8,61.573
NS66NE_4348,1,2_0,4.09146834795,-9999.0,-9999.0,-9999.0,61.4319992065,172.388037754667,57.4507858839017,266530.55,665085.41,28,16,61.432
NS66NE_4350,1,2_0,6.203105279,-9999.0,-9999.0,-9999.0,65.4739990234,139.72455660879,47.8785375449009,266675.35,665082.86,12,8,65.474
NS66NE_4351,1,2_0,6.80205112844,-9999.0,-9999.0,-9999.0,60.0849990845,308.576886770558,79.5604878832615,266490.32,665084.87,12,8,60.085
NS66NE_4357,1,2_0,6.29385024406,-9999.0,-9999.0,-9999.0,62.5880012512,386.040939032815,116.047526327643,266641.84,665084.54,52,28,62.588
NS66NE_4372,1,2_0,6.48198397913,-9999.0,-9999.0,-9999.0,71.5360031128,208.334088108733,69.1727846080425,266867.82,665077.13,28,16,71.536
NS66NE_4378,1,2_0,6.64677513139,-9999.0,-9999.0,-9999.0,61.5239982605,239.205965139469,75.6685878346646,266517.38,665069.47,44,24,61.524
NS66NE_4382,1,2_0,6.81947283219,-9999.0,-9999.0,-9999.0,68.0680007935,214.861762905168,62.7186253688944,266752.68,665067.17,28,16,68.068
NS66NE_4383,1,2_0,6.35218710073,-9999.0,-9999.0,-9999.0,61.7229995728,192.787606812839,58.904554429352,266573.56,665069.42,12,8,61.723
NS66NE_4386,1,2_0,5.37901858022,-9999.0,-9999.0,-9999.0,61.7569999695,191.380442426196,57.8691954642604,266596.02,665064.58,12,8,61.757
NS66NE_4394,1,2_0,6.3094847,-9999.0,-9999.0,-9999.0,62.3479995728,139.678941117253,47.907252060462,266613.63,665056.5,12,8,62.348
NS66NE_4398,1,2_0,6.73453989832,-9999.0,-9999.0,-9999.0,70.5009994507,142.616953336337,49.0022768397386,266866.57,665054.81,20,12,70.501
NS66NE_4401,1,2_0,6.981257999,-9999.0,-9999.0,-9999.0,64.5149993896,784.50868651445,186.868112886501,266706.33,665059.56,100,52,64.515
NS66NE_4404,1,2_0,5.82585626864,-9999.0,-9999.0,-9999.0,61.6699981689,194.638075902208,57.9942102850546,266329.37,665047.09,20,12,61.67
NS66NE_4410,1,2_0,6.81196354263,-9999.0,-9999.0,-9999.0,70.2239990234,92.8683741441384,38.9437531540647,266867.16,665039.1,12,8,70.224
NS66NE_4411,1,2_0,6.69010719824,-9999.0,-9999.0,-9999.0,63.0989990234,242.556504959485,69.3008194087776,266633.48,665047.09,12,8,63.099
NS66NE_4421,1,2_0,5.82966465635,-9999.0,-9999.0,-9999.0,62.9510002136,202.528783102332,58.7521499933351,266348.68,665035.38,12,8,62.951
NS66NE_4425,1,2_0,6.77605492922,-9999.0,-9999.0,-9999.0,63.4539985657,216.067661110557,62.8762299435826,266666.68,665030.43,28,16,63.454
NS66NE_4430,1,2_0,6.24647533646,-9999.0,-9999.0,-9999.0,61.8849983215,704.873015486901,176.595340603754,266594.76,665034.84,68,36,61.885
NS66NE_4431,1,2_0,9.96542995534,-9999.0,-9999.0,-9999.0,64.233001709,622.187101763705,152.063438567916,266772.58,665039.88,44,24,64.233
NS66NE_4432,1,2_0,5.83524485997,-9999.0,-9999.0,-9999.0,64.0759963989,198.51234125808,58.327224867416,266367.76,665021.03,12,8,64.076
NS66NE_4441,1,2_0,9.74285020804,-9999.0,-9999.0,-9999.0,63.6469993591,405.856911482534,99.4021422281989,266730.46,665012.64,36,20,63.647
NS66NE_4442,1,2_0,5.76680895376,-9999.0,-9999.0,-9999.0,65.0059967041,204.184145562379,60.8219702809615,266389.0,665009.27,20,12,65.006
NS66NE_4452,1,2_0,13.1734567961,-9999.0,-9999.0,-9999.0,58.7179985046,1318.048956427,254.755046833517,266274.22,665017.57,12,8,58.718
NS66NE_4453,1,2_0,3.37271245904,-9999.0,-9999.0,-9999.0,62.841999054,174.143875338366,55.5370650828048,266317.05,665007.64,20,12,62.842
NS66NE_4454,1,2_0,6.27328795078,-9999.0,-9999.0,-9999.0,63.952999115,215.041651066506,60.8417026669903,266340.85,665004.58,12,8,63.953
NS66NE_4455,1,2_0,5.75915264159,-9999.0,-9999.0,-9999.0,65.6809997559,196.814225689911,59.8265931227716,266410.92,665001.44,20,12,65.681
NS66NE_4456,1,2_0,9.81534277611,-9999.0,-9999.0,-9999.0,62.6440010071,606.955938979038,150.533434613751,266680.23,665001.6,44,24,62.644
NS66NE_4457,1,2_0,6.24639556629,-9999.0,-9999.0,-9999.0,70.0719985962,367.907323939954,85.9372497964234,266868.52,665011.92,36,20,70.072
NS66NE_3243,1,2_1,5.07061483056,-9999.0,-9999.0,-9999.0,88.5080032349,3869.24801565676,386.540990566214,266335.24,666206.75,96,50,88.508
NS66NE_3257,1,2_1,5.05469462037,-9999.0,-9999.0,-9999.0,88.15599823,1622.1745662779,190.082502654161,266429.3,666157.02,124,64,88.156
NS66NE_3259,1,2_1,5.2740444846,-9999.0,-9999.0,-9999.0,87.8700027466,596.044248833578,103.615581752809,266471.06,666151.82,44,24,87.87
NS66NE_3323,1,2_1,3.74320398885,-9999.0,-9999.0,-9999.0,87.6828918457,80.8651012520635,35.3362754588767,266698.04,666081.75,16,10,87.683
NS66NE_3377,1,2_1,4.64785076929,-9999.0,-9999.0,-9999.0,87.8199996948,758.04069657203,128.552450703013,266734.25,666051.65,28,16,87.82
NS66NE_3448,1,2_1,4.83743183932,-9999.0,-9999.0,-9999.0,85.4349975586,87.2431361703623,38.2560677871858,266257.43,665962.57,12,8,85.435
NS66NE_3486,1,2_1,4.54577849047,-9999.0,-9999.0,-9999.0,85.6439971924,892.988762879961,129.334533726435,266252.53,665926.72,28,16,85.644
NS66NE_3497,1,2_1,2.4713134072,-9999.0,-9999.0,-9999.0,86.6610031128,33.4295932453739,23.2998768278699,266333.19,665889.33,12,8,86.661
NS66NE_3502,1,2_1,3.69596699215,-9999.0,-9999.0,-9999.0,86.6449966431,628.951015238592,217.985362166459,266404.68,665888.06,52,28,86.645
NS66NE_3588,1,2_1,12.2795862433,-9999.0,-9999.0,-9999.0,84.8730010986,3215.91833977076,291.47256925671,266403.99,665800.52,84,44,84.873
NS66NE_3621,1,2_1,3.72415229582,-9999.0,-9999.0,-9999.0,80.9889984131,251.454559172291,63.5749294326758,266623.65,665739.19,16,10,80.989
NS66NE_3638,1,2_1,7.49800992575,-9999.0,-9999.0,-9999.0,86.3229980469,2678.24920765521,242.227265229014,266473.0,665767.12,20,12,86.323
NS66NE_3649,1,2_1,7.47345499057,-9999.0,-9999.0,-9999.0,86.3430023193,892.837358380462,119.679794585692,266420.32,665729.8,12,8,86.343
NS66NE_3650,1,2_1,6.62554200657,-9999.0,-9999.0,-9999.0,86.3779983521,4370.49903817844,467.802705652317,266347.54,665772.66,88,46,86.378
NS66NE_3786,1,2_1,8.08275288671,-9999.0,-9999.0,-9999.0,87.3759994507,17311.0952192733,821.052978289618,266437.4,665641.76,164,84,87.376
NS66NE_4461,1,2_1,11.5165902235,-9999.0,-9999.0,-9999.0,86.983001709,15225.7269499527,1032.52748681222,266410.95,666130.7,148,76,86.983
NS66NE_2442,1,2_2,4.93832617466,-9999.0,-9999.0,-9999.0,89.7600021362,663.937771548432,118.631390882553,266649.59,666863.27,60,32,89.76
NS66NE_2456,1,2_2,6.04169410883,-9999.0,-9999.0,-9999.0,94.1829986572,124.960158034376,48.6164507529133,266602.29,666847.0,28,16,94.183
NS66NE_2491,1,2_2,4.48345103375,-9999.0,-9999.0,-9999.0,90.6926651001,175.759396723366,66.6049386991249,266664.81,666825.68,28,16,90.693
NS66NE_2494,1,2_2,9.18695743036,-9999.0,-9999.0,-9999.0,92.8359985352,761.943304010031,184.661851524845,266435.05,666822.22,12,8,92.836
NS66NE_2502,1,2_2,6.16863037682,-9999.0,-9999.0,-9999.0,94.1750030518,760.740923665078,177.195986626795,266305.15,666814.59,28,16,94.175
NS66NE_2504,1,2_2,3.18921215336,-9999.0,-9999.0,-9999.0,93.3560028076,201.194009614713,67.560201315763,266621.23,666818.29,12,8,93.356
NS66NE_2506,1,2_2,5.76619416361,-9999.0,-9999.0,-9999.0,93.3050003052,509.595082940887,125.100036942926,266372.77,666810.57,20,12,93.305
NS66NE_2507,1,2_2,4.35920255736,-9999.0,-9999.0,-9999.0,91.6514282227,742.983195627459,144.317113186482,266642.77,666824.06,52,28,91.651
NS66NE_2532,1,2_2,6.3030744241,-9999.0,-9999.0,-9999.0,95.0270004272,144.008830298647,48.4139761822242,266284.18,666782.98,12,8,95.027
NS66NE_2533,1,2_2,5.74745537745,-9999.0,-9999.0,-9999.0,94.7320022583,93.998614168443,40.5030387859498,266304.7,666781.39,20,12,94.732
NS66NE_2536,1,2_2,6.36999594769,-9999.0,-9999.0,-9999.0,95.2990036011,139.000786452694,47.581140377324,266253.83,666781.82,12,8,95.299
NS66NE_2537,1,2_2,5.73279493982,-9999.0,-9999.0,-9999.0,94.4919967651,93.039688448027,40.2472334612241,266316.35,666779.89,20,12,94.492
NS66NE_2543,1,2_2,6.26077512061,-9999.0,-9999.0,-9999.0,94.466003418,149.387382418791,50.7036034499802,266330.36,666777.99,20,12,94.466
NS66NE_2545,1,2_2,5.91414931871,-9999.0,-9999.0,-9999.0,94.3219985962,95.6564869407377,39.1743233594364,266344.77,666775.65,12,8,94.322
NS66NE_2546,1,2_2,6.38002949753,-9999.0,-9999.0,-9999.0,94.3690032959,85.2947634791402,37.2788424676942,266355.94,666774.3,12,8,94.369
NS66NE_2548,1,2_2,6.22640388181,-9999.0,-9999.0,-9999.0,94.3160018921,105.487683003996,41.1353698450292,266367.37,666773.29,12,8,94.316
NS66NE_2550,1,2_2,6.17614007765,-9999.0,-9999.0,-9999.0,94.4199981689,106.694093305174,41.3570059715018,266379.69,666771.67,12,8,94.42
NS66NE_2553,1,2_2,5.825959973,-9999.0,-9999.0,-9999.0,94.2689971924,111.40425867876,44.7727024950964,266392.53,666770.08,20,12,94.269
NS66NE_2558,1,2_2,6.05592720564,-9999.0,-9999.0,-9999.0,94.4049987793,109.690640045792,43.335853532954,266407.0,666764.95,20,12,94.405
NS66NE_2564,1,2_2,6.14645088399,-9999.0,-9999.0,-9999.0,96.0719985962,137.295068709986,47.1998583563439,266252.67,666763.5,12,8,96.072
NS66NE_2565,1,2_2,6.29352030001,-9999.0,-9999.0,-9999.0,96.3990020752,78.1585295610283,35.8250379063929,266284.04,666760.57,12,8,96.399
NS66NE_2569,1,2_2,6.04457771248,-9999.0,-9999.0,-9999.0,94.5049972534,108.397283639911,43.0691687405685,266418.7,666757.71,20,12,94.505
NS66NE_2571,1,2_2,5.83452857278,-9999.0,-9999.0,-9999.0,96.3679962158,142.27007626279,47.9833287425528,266316.32,666757.05,12,8,96.368
NS66NE_2578,1,2_2,5.50643248477,-9999.0,-9999.0,-9999.0,96.6829986572,104.553121107334,40.9236540131104,266287.03,666749.51,12,8,96.683
NS66NE_2580,1,2_2,5.21866087011,-9999.0,-9999.0,-9999.0,96.5999984741,156.111432614898,55.5327298794462,266341.15,666750.28,28,16,96.6
NS66NE_2587,1,2_2,6.24185044138,-9999.0,-9999.0,-9999.0,96.466003418,123.865875346963,44.97233987042,266255.7,666746.82,16,10,96.466
NS66NE_2588,1,2_2,5.82258564276,-9999.0,-9999.0,-9999.0,94.4789962769,110.003953020508,44.1844409691929,266428.32,666747.08,20,12,94.479
NS66NE_2590,1,2_2,4.73573891911,-9999.0,-9999.0,-9999.0,96.4580001831,167.828585715663,65.2114970002681,266356.06,666746.34,36,20,96.458
NS66NE_2593,1,2_2,6.05885360041,-9999.0,-9999.0,-9999.0,96.3850021362,106.741726329289,41.3881701539006,266368.38,666740.98,12,8,96.385
NS66NE_2594,1,2_2,6.02291314756,-9999.0,-9999.0,-9999.0,96.7040023804,106.863760953815,43.7537537449181,266317.66,666739.67,20,12,96.704
NS66NE_2595,1,2_2,5.69214529286,-9999.0,-9999.0,-9999.0,96.2860031128,150.392180557815,49.4076086628129,266382.86,666737.91,12,8,96.286
NS66NE_2599,1,2_2,6.37457004625,-9999.0,-9999.0,-9999.0,96.658996582,139.639839422895,47.6637125282265,266289.44,666735.47,12,8,96.659
NS66NE_2600,1,2_2,5.712077146,-9999.0,-9999.0,-9999.0,94.7030029297,142.771854748157,48.0880743240022,266438.62,666735.06,12,8,94.703
NS66NE_2604,1,2_2,5.78964514299,-9999.0,-9999.0,-9999.0,96.1480026245,114.332823711573,45.6572685507299,266397.41,666730.94,20,12,96.148
NS66NE_2605,1,2_2,6.2534107911,-9999.0,-9999.0,-9999.0,96.5250015259,120.047193858877,43.8904902103445,266259.27,666730.42,12,8,96.525
NS66NE_2609,1,2_2,6.01000045885,-9999.0,-9999.0,-9999.0,96.4970016479,107.003990759971,42.9328571412788,266320.78,666724.6,20,12,96.497
NS66NE_2617,1,2_2,5.84629797166,-9999.0,-9999.0,-9999.0,94.3529968262,112.408012372217,45.1790286023437,266447.02,666723.65,20,12,94.353
NS66NE_2621,1,2_2,5.55810359389,-9999.0,-9999.0,-9999.0,96.3509979248,103.929936730987,40.8080468307414,266293.33,666719.51,12,8,96.351
NS66NE_2622,1,2_2,6.33234017753,-9999.0,-9999.0,-9999.0,96.0319976807,79.2286839201057,35.9147909775041,266262.65,666715.91,12,8,96.032
NS66NE_2623,1,2_2,5.69036498918,-9999.0,-9999.0,-9999.0,96.0370025635,151.797490688573,49.8171343265026,266406.42,666719.87,12,8,96.037
NS66NE_2626,1,2_2,6.38302982144,-9999.0,-9999.0,-9999.0,96.4609985352,83.5899021097755,38.5000455943369,266319.24,666712.83,20,12,96.461
NS66NE_2630,1,2_2,6.07094128449,-9999.0,-9999.0,-9999.0,94.4929962158,105.219683540877,41.3888810082529,266455.68,666712.81,12,8,94.493
NS66NE_2632,1,2_2,6.32899666462,-9999.0,-9999.0,-9999.0,96.15599823,80.4703740441419,36.2807107277519,266292.78,666707.76,12,8,96.156
NS66NE_2636,1,2_2,2.5298252935,-9999.0,-9999.0,-9999.0,95.3570022583,36.5161649956688,24.4153558092782,266438.02,666704.59,12,8,95.357
NS66NE_2638,1,2_2,5.88152093955,-9999.0,-9999.0,-9999.0,96.4680023193,109.770161977335,44.7427012279565,266337.68,666705.84,20,12,96.468
NS66NE_2640,1,2_2,6.30737515581,-9999.0,-9999.0,-9999.0,96.1129989624,154.763898522637,54.653307498204,266420.33,666706.97,28,16,96.113
NS66NE_2647,1,2_2,4.98380034262,-9999.0,-9999.0,-9999.0,94.7990036011,149.324591260693,47.9962880370331,266468.61,666700.91,24,14,94.799
NS66NE_2654,1,2_2,5.6325039801,-9999.0,-9999.0,-9999.0,95.6350021362,98.0119431955633,41.2319958125224,266430.5,666694.47,20,12,95.635
NS66NE_2656,1,2_2,6.01572795247,-9999.0,-9999.0,-9999.0,94.841003418,88.1639928933987,39.5277554608428,266459.01,666692.83,20,12,94.841
NS66NE_2659,1,2_2,5.76312850646,-9999.0,-9999.0,-9999.0,96.013999939,143.823206730844,48.4031430411608,266305.8,666689.29,12,8,96.014
NS66NE_2663,1,2_2,6.27330281495,-9999.0,-9999.0,-9999.0,96.2259979248,99.7245837506878,40.0047407237933,266321.24,666685.95,12,8,96.226
NS66NE_2664,1,2_2,5.55136778296,-9999.0,-9999.0,-9999.0,95.6839981079,103.611698259904,40.7532204980345,266257.31,666684.62,12,8,95.684
NS66NE_2665,1,2_2,5.42420170733,-9999.0,-9999.0,-9999.0,96.2080001831,159.785112682549,54.851888559846,266352.28,666686.64,28,16,96.208
NS66NE_2667,1,2_2,5.93005983646,-9999.0,-9999.0,-9999.0,95.0920028687,109.560471213989,41.9042325416923,266449.88,666685.09,12,8,95.092
NS66NE_2671,1,2_2,5.83525782434,-9999.0,-9999.0,-9999.0,96.2689971924,109.758617901046,44.5601818340761,266335.69,666679.24,20,12,96.269
NS66NE_2677,1,2_2,5.90350662558,-9999.0,-9999.0,-9999.0,95.2340011597,108.037528805668,44.1241145963437,266439.15,666676.83,20,12,95.234
NS66NE_2681,1,2_2,6.37888195401,-9999.0,-9999.0,-9999.0,95.9339981079,85.2686552173794,38.8007765021128,266390.76,666672.22,20,12,95.934
NS66NE_2683,1,2_2,5.52579543953,-9999.0,-9999.0,-9999.0,95.7990036011,104.946731961314,42.4794316026223,266402.98,666672.04,12,8,95.799
NS66NE_2687,1,2_2,6.10445824448,-9999.0,-9999.0,-9999.0,94.591003418,103.228241191519,40.6892124148243,266487.33,666667.37,12,8,94.591
NS66NE_2690,1,2_2,5.85316540714,-9999.0,-9999.0,-9999.0,95.5530014038,109.603721993562,44.3599411731615,266414.01,666663.33,20,12,95.553
NS66NE_2695,1,2_2,5.75896307458,-9999.0,-9999.0,-9999.0,96.091003418,266.556241887394,82.3083048950529,266373.68,666662.62,44,24,96.091
NS66NE_2698,1,2_2,5.96171603076,-9999.0,-9999.0,-9999.0,96.03099823,108.689257871982,44.1381165655583,266312.42,666655.98,20,12,96.031
NS66NE_2700,1,2_2,6.18362677247,-9999.0,-9999.0,-9999.0,95.4499969482,104.361213528175,40.9707953569378,266421.31,666653.32,12,8,95.45
NS66NE_2701,1,2_2,6.37332948049,-9999.0,-9999.0,-9999.0,95.2600021362,84.9543543164627,38.6746411312922,266459.97,666652.77,20,12,95.26
NS66NE_2703,1,2_2,6.04890191114,-9999.0,-9999.0,-9999.0,95.8450012207,109.58813021217,43.6066074611377,266300.36,666651.39,20,12,95.845
NS66NE_2704,1,2_2,5.36588829115,-9999.0,-9999.0,-9999.0,95.0989990234,158.732405008682,53.642286121672,266482.84,666651.95,28,16,95.099
NS66NE_2706,1,2_2,6.07958747215,-9999.0,-9999.0,-9999.0,95.922996521,86.9011717720517,39.1411125490242,266326.13,666648.76,20,12,95.923
NS66NE_2710,1,2_2,5.85996529972,-9999.0,-9999.0,-9999.0,95.9410018921,113.491665790128,44.8835709991166,266352.68,666646.32,20,12,95.941
NS66NE_2712,1,2_2,6.170875295,-9999.0,-9999.0,-9999.0,95.8809967041,101.67557621587,40.4159185624444,266289.82,666645.75,12,8,95.881
NS66NE_2713,1,2_2,5.2905272454,-9999.0,-9999.0,-9999.0,95.0599975586,139.903019982192,46.6445978521964,266404.2,666645.82,20,12,95.06
NS66NE_2720,1,2_2,4.80397792927,-9999.0,-9999.0,-9999.0,95.266998291,157.894580234291,57.4822685876944,266451.64,666644.09,36,20,95.267
NS66NE_2723,1,2_2,6.36428877887,-9999.0,-9999.0,-9999.0,95.6240005493,82.1755026393664,38.1870533486162,266280.34,666639.35,20,12,95.624
NS66NE_2724,1,2_2,5.2966350817,-9999.0,-9999.0,-9999.0,95.3010025024,165.253411281677,53.7923150593915,266382.24,666640.84,20,12,95.301
NS66NE_2731,1,2_2,6.18878292249,-9999.0,-9999.0,-9999.0,95.7490005493,102.896898885356,40.6388956174898,266354.04,666633.49,12,8,95.749
NS66NE_2735,1,2_2,5.65899146149,-9999.0,-9999.0,-9999.0,95.3160018921,389.88832217669,140.240507213649,266251.78,666647.22,100,52,95.316
NS66NE_2739,1,2_2,5.63904093248,-9999.0,-9999.0,-9999.0,95.1959991455,121.06512006168,48.3278002655587,266443.04,666631.19,28,16,95.196
NS66NE_2744,1,2_2,6.12754844439,-9999.0,-9999.0,-9999.0,95.0660018921,106.433976851748,41.3490662366142,266433.44,666624.21,12,8,95.066
NS66NE_2746,1,2_2,6.42011235478,-9999.0,-9999.0,-9999.0,95.1330032349,83.7286760361896,38.5452062170864,266254.56,666620.88,20,12,95.133
NS66NE_2747,1,2_2,6.06946348234,-9999.0,-9999.0,-9999.0,95.3769989014,102.956472999188,40.6585039481646,266288.77,666622.29,12,8,95.377
NS66NE_2748,1,2_2,6.35340627453,-9999.0,-9999.0,-9999.0,95.7460021973,155.178613256753,54.9083571051041,266322.69,666624.08,28,16,95.746
NS66NE_2751,1,2_2,6.30341301404,-9999.0,-9999.0,-9999.0,95.1200027466,153.402043669465,54.8461747968401,266388.28,666623.99,28,16,95.12
NS66NE_2754,1,2_2,5.29502662895,-9999.0,-9999.0,-9999.0,95.3199996948,111.912536242828,44.7275132724259,266357.28,666619.69,12,8,95.32
NS66NE_2762,1,2_2,5.8172391018,-9999.0,-9999.0,-9999.0,94.858001709,110.243448546639,44.4354254760844,266425.11,666614.42,20,12,94.858
NS66NE_2767,1,2_2,5.97823891765,-9999.0,-9999.0,-9999.0,94.9800033569,108.74625068152,44.3041891155823,266292.74,666609.36,20,12,94.98
NS66NE_2768,1,2_2,6.40077036388,-9999.0,-9999.0,-9999.0,95.3010025024,85.5805037642433,38.8920614410792,266327.07,666608.53,20,12,95.301
NS66NE_2769,1,2_2,5.9439266039,-9999.0,-9999.0,-9999.0,94.858001709,108.161032236832,44.7583429465014,266397.71,666609.71,20,12,94.858
NS66NE_2773,1,2_2,5.84767483765,-9999.0,-9999.0,-9999.0,94.7969970703,111.224261247991,40.0015852543452,266375.45,666607.05,20,12,94.797
NS66NE_2782,1,2_2,6.0110316945,-9999.0,-9999.0,-9999.0,94.8679962158,110.528149488212,44.0222609247334,266364.81,666601.13,20,12,94.868
NS66NE_2783,1,2_2,6.37773218609,-9999.0,-9999.0,-9999.0,95.0019989014,86.924259421582,39.216623784373,266331.66,666599.33,20,12,95.002
NS66NE_2789,1,2_2,5.70438935641,-9999.0,-9999.0,-9999.0,94.7659988403,145.569819575921,48.6043428580778,266407.84,666599.51,12,8,94.766
NS66NE_2793,1,2_2,5.93869473419,-9999.0,-9999.0,-9999.0,94.6890029907,108.894328998047,44.0230325595039,266268.28,666595.17,20,12,94.689
NS66NE_2797,1,2_2,6.36405056081,-9999.0,-9999.0,-9999.0,94.3249969482,99.0585680423806,39.8707379600123,266255.0,666590.76,12,8,94.325
NS66NE_2808,1,2_2,5.86416846542,-9999.0,-9999.0,-9999.0,94.7379989624,110.990792094444,45.1106785925325,266385.48,666585.26,20,12,94.738
NS66NE_2810,1,2_2,5.6329340563,-9999.0,-9999.0,-9999.0,94.3710021973,274.378524293649,94.9229942509848,266304.4,666590.91,60,32,94.371
NS66NE_2812,1,2_2,6.1150050999,-9999.0,-9999.0,-9999.0,94.7910003662,102.503875096001,40.6576032819683,266343.54,666583.5,12,8,94.791
NS66NE_2816,1,2_2,6.42385167661,-9999.0,-9999.0,-9999.0,94.4800033569,81.2147749245188,37.9467402567363,266323.5,666580.27,20,12,94.48
NS66NE_2832,1,2_2,6.07438127524,-9999.0,-9999.0,-9999.0,94.4980010986,162.786296690839,59.3323643933419,266277.11,666573.74,44,24,94.498
NS66NE_2838,1,2_2,6.19620594954,-9999.0,-9999.0,-9999.0,94.327003479,103.353497020573,40.7564354348465,266325.45,666567.39,12,8,94.327
NS66NE_2850,1,2_2,6.00904758229,-9999.0,-9999.0,-9999.0,94.1600036621,108.685735064037,43.4141236266335,266277.77,666558.15,20,12,94.16
NS66NE_2930,1,2_2,15.6513823836,-9999.0,-9999.0,-9999.0,90.1750030518,2649.03888620858,228.461401535936,266658.86,666514.66,44,24,90.175
NS66NE_3027,1,2_2,2.83761891779,-9999.0,-9999.0,-9999.0,90.1439971924,27.1498875012039,21.6373716434186,266338.67,666399.49,12,8,90.144
NS66NE_3029,1,2_2,9.58832274271,-9999.0,-9999.0,-9999.0,99.1819992065,1714.52216743818,379.851671906583,266873.25,666441.35,124,64,99.182
NS66NE_3064,1,2_2,2.45023895264,-9999.0,-9999.0,-9999.0,90.1009979248,20.7193987560256,19.78794563379,266339.49,666368.06,12,8,90.101
NS66NE_3097,1,2_2,5.86963539039,-9999.0,-9999.0,-9999.0,92.2969970703,121.095239644228,46.8015196515277,266752.84,666343.57,12,8,92.297
NS66NE_3114,1,2_2,6.94967686971,-9999.0,-9999.0,-9999.0,92.5130004883,116.386492976201,45.5824191655012,266752.45,666324.37,12,8,92.513
NS66NE_3157,1,2_2,5.04149840095,-9999.0,-9999.0,-9999.0,89.0270004272,3941.38359546806,392.963593628198,266303.51,666335.62,100,52,89.027
NS66NE_3165,1,2_2,4.15537097267,-9999.0,-9999.0,-9999.0,89.1090011597,304.458371555836,67.5490405502336,266318.59,666269.81,20,12,89.109
NS66NE_3350,1,2_2,11.556707566,-9999.0,-9999.0,-9999.0,88.9700012207,30765.4039844264,1688.42341113321,266405.86,666373.83,256,128,88.97
NS66NE_1179,1,2_4,5.61084035765,-9999.0,-9999.0,-9999.0,90.1979980469,148.533394139012,54.9755849417637,266715.02,668124.82,28,16,90.198
NS66NE_1193,1,2_4,5.98492385711,-9999.0,-9999.0,-9999.0,90.2850036621,157.144266247602,50.9937168509157,266699.24,668120.78,20,12,90.285
NS66NE_1195,1,2_4,6.2784650767,-9999.0,-9999.0,-9999.0,90.6169967651,149.556242311425,49.8049210171731,266507.33,668119.33,12,8,90.617
NS66NE_1196,1,2_4,6.13043304925,-9999.0,-9999.0,-9999.0,90.0739974976,227.370589963455,67.3931417391843,266583.99,668120.85,12,8,90.074
NS66NE_1197,1,2_4,16.146205297,-9999.0,-9999.0,-9999.0,86.5469970703,78.5043262554044,35.6818479339571,266773.0,668118.79,20,12,86.547
NS66NE_1205,1,2_4,5.79627090997,-9999.0,-9999.0,-9999.0,90.4889984131,170.155514417761,59.358396597767,266682.64,668118.02,20,12,90.489
NS66NE_1212,1,2_4,6.19409776621,-9999.0,-9999.0,-9999.0,89.5960006714,226.929949578322,67.5330275670448,266620.3,668119.8,12,8,89.596
NS66NE_1219,1,2_4,7.5580918226,-9999.0,-9999.0,-9999.0,85.6802215576,206.983452670262,62.3140911623676,266328.1,668113.23,20,12,85.68
NS66NE_1223,1,2_4,7.48240000407,-9999.0,-9999.0,-9999.0,86.5059967041,213.503828965903,63.7327588077626,266356.2,668114.23,20,12,86.506
NS66NE_1233,1,2_4,7.67865680156,-9999.0,-9999.0,-9999.0,90.0,210.473441249222,66.914838298692,266455.84,668113.8,28,16,90.0
NS66NE_1246,1,2_4,7.94222162347,-9999.0,-9999.0,-9999.0,84.797996521,244.733731760288,67.9137250109874,266301.4,668105.66,12,8,84.798
NS66NE_1260,1,2_4,5.02769903579,-9999.0,-9999.0,-9999.0,88.9319992065,220.0427843441,83.2873323140693,266870.27,668105.67,36,20,88.932
NS66NE_1273,1,2_4,7.3439328957,-9999.0,-9999.0,-9999.0,91.1750030518,256.028051707897,69.0705688687629,266555.17,668100.82,12,8,91.175
NS66NE_1278,1,2_4,7.29546218182,-9999.0,-9999.0,-9999.0,89.0739974976,254.653356804628,73.8730182595433,266409.03,668098.97,28,16,89.074
NS66NE_1281,1,2_4,7.35903287851,-9999.0,-9999.0,-9999.0,91.2533340454,216.752518228609,65.6309551378943,266487.47,668096.53,20,12,91.253
NS66NE_1293,1,2_4,7.52340779305,-9999.0,-9999.0,-9999.0,91.3570022583,246.746443935352,68.0337591568961,266521.83,668092.05,12,8,91.357
NS66NE_1294,1,2_4,6.1117474792,-9999.0,-9999.0,-9999.0,90.2440032959,234.196076074456,68.6137147422009,266638.09,668086.72,12,8,90.244
NS66NE_1296,1,2_4,7.41893253948,-9999.0,-9999.0,-9999.0,88.5680007935,203.922441591255,61.152593915907,266369.59,668089.63,12,8,88.568
NS66NE_1299,1,2_4,7.56222442999,-9999.0,-9999.0,-9999.0,85.0220031738,212.958795677609,67.8867342541204,266278.34,668090.65,24,14,85.022
NS66NE_1302,1,2_4,7.62214264725,-9999.0,-9999.0,-9999.0,91.7480010986,204.039120812636,61.2722794894031,266460.41,668085.71,12,8,91.748
NS66NE_1304,1,2_4,2.67512893677,-9999.0,-9999.0,-9999.0,87.6949996948,25.8736799987652,23.3709842043592,266312.06,668078.36,8,6,87.695
NS66NE_1320,1,2_4,2.76282005589,-9999.0,-9999.0,-9999.0,92.7620010376,37.3859100028209,25.6190747490371,266506.72,668073.75,12,8,92.762
NS66NE_1323,1,2_4,7.52536042953,-9999.0,-9999.0,-9999.0,91.1309967041,217.108938168233,67.1791737958566,266593.79,668076.43,28,16,91.131
NS66NE_1328,1,2_4,6.70051711725,-9999.0,-9999.0,-9999.0,92.1660003662,128.718691493555,45.9950041525555,266567.2,668073.88,12,8,92.166
NS66NE_1334,1,2_4,2.64183238515,-9999.0,-9999.0,-9999.0,88.5390014648,29.2022624948396,21.9186730482498,266310.63,668068.01,12,8,88.539
NS66NE_1349,1,2_4,7.70284055784,-9999.0,-9999.0,-9999.0,90.9530029297,245.764911354997,67.9289366701286,266416.99,668069.87,12,8,90.953
NS66NE_1356,1,2_4,6.46790740396,-9999.0,-9999.0,-9999.0,93.0680007935,127.938199422693,46.1141989894065,266524.93,668062.93,12,8,93.068
NS66NE_1368,1,2_4,8.00990037942,-9999.0,-9999.0,-9999.0,90.5849990845,209.327165405828,61.7569552129779,266369.83,668061.43,12,8,90.585
NS66NE_1369,1,2_4,3.48816188731,-9999.0,-9999.0,-9999.0,90.1709976196,303.672728089166,112.379334791735,266646.6,668059.12,84,44,90.171
NS66NE_1394,1,2_4,7.59763596714,-9999.0,-9999.0,-9999.0,93.8420028687,290.335012060063,76.3241945988405,266498.99,668050.87,16,10,93.842
NS66NE_1401,1,2_4,8.03628542897,-9999.0,-9999.0,-9999.0,91.0830001831,214.330761337962,63.6414592580988,266343.74,668047.48,12,8,91.083
NS66NE_1404,1,2_4,2.88891543513,-9999.0,-9999.0,-9999.0,88.9550018311,46.6454320054736,27.7636993884237,266263.23,668042.36,12,8,88.955
NS66NE_1408,1,2_4,3.45690838496,-9999.0,-9999.0,-9999.0,91.8399963379,299.216958805531,110.560516085823,266601.33,668046.49,60,32,91.84
NS66NE_1419,1,2_4,7.65667026926,-9999.0,-9999.0,-9999.0,94.2770004272,291.390184555709,76.0890355048245,266466.3,668041.95,12,8,94.277
NS66NE_1424,1,2_4,7.49380631545,-9999.0,-9999.0,-9999.0,93.5070037842,215.555278595722,66.01846393106,266433.31,668041.93,20,12,93.507
NS66NE_1428,1,2_4,7.56900663189,-9999.0,-9999.0,-9999.0,90.6740036011,270.306728853266,75.98894574349,266313.7,668039.51,20,12,90.674
NS66NE_1441,1,2_4,3.28531246473,-9999.0,-9999.0,-9999.0,93.2490005493,260.320623632641,90.6077148293294,266559.48,668033.76,48,26,93.249
NS66NE_1444,1,2_4,8.18698956593,-9999.0,-9999.0,-9999.0,90.6719970703,219.893879986392,67.9095732350578,266285.53,668030.85,28,16,90.672
NS66NE_1451,1,2_4,6.9611387044,-9999.0,-9999.0,-9999.0,93.9570007324,140.041847291596,50.5195726224109,266527.16,668025.67,12,8,93.957
NS66NE_1461,1,2_4,8.05887133958,-9999.0,-9999.0,-9999.0,90.0800018311,249.080859108136,68.5867158957958,266255.62,668023.33,12,8,90.08
NS66NE_1465,1,2_4,7.01288819747,-9999.0,-9999.0,-9999.0,93.9779968262,142.517091675226,50.9530916709983,266505.62,668019.67,12,8,93.978
NS66NE_1483,1,2_4,6.75821787947,-9999.0,-9999.0,-9999.0,93.8300018311,151.654727855013,60.6475554881296,266484.16,668012.4,28,16,93.83
NS66NE_1494,1,2_4,3.387125325,-9999.0,-9999.0,-9999.0,94.525718689,32.4237825011324,26.037623665324,266451.68,668004.34,12,8,94.526
NS66NE_1501,1,2_4,3.59677540635,-9999.0,-9999.0,-9999.0,94.1380004883,200.993381103949,70.9591701503522,266464.22,668005.86,48,26,94.138
NS66NE_1532,1,2_4,5.1581160781,-9999.0,-9999.0,-9999.0,94.6019973755,227.40084835399,73.6145857555645,266312.58,667994.19,44,24,94.602
NS66NE_1932,1,2_4,6.29231753157,-9999.0,-9999.0,-9999.0,94.3880004883,114.936737509054,43.2383288736165,266251.35,667859.59,12,8,94.388
NS66NE_1989,1,2_4,6.32014422081,-9999.0,-9999.0,-9999.0,93.6480026245,114.14686693363,43.148535855902,266258.49,667833.41,12,8,93.648
NS66NE_1005,1,2_5,6.08208692801,-9999.0,-9999.0,-9999.0,90.6409988403,249.044274180503,74.2979958808403,266529.18,668209.24,28,16,90.641
NS66NE_1007,1,2_5,5.49713394383,-9999.0,-9999.0,-9999.0,89.3310012817,240.515179696971,83.3879825770675,266794.28,668213.21,48,26,89.331
NS66NE_1009,1,2_5,3.73193228267,-9999.0,-9999.0,-9999.0,85.7679977417,136.863761777856,47.917395776755,266341.25,668206.44,12,8,85.768
NS66NE_1015,1,2_5,6.40431434279,-9999.0,-9999.0,-9999.0,87.1650009155,521.479062096482,110.148024541276,266407.54,668207.11,20,12,87.165
NS66NE_1022,1,2_5,5.79577204102,-9999.0,-9999.0,-9999.0,89.6009979248,185.541461549928,72.6928850663482,266716.44,668202.32,36,20,89.601
NS66NE_1041,1,2_5,5.39817655168,-9999.0,-9999.0,-9999.0,89.6979980469,197.458044138574,64.3342739011162,266693.32,668195.64,36,20,89.698
NS66NE_1046,1,2_5,5.67760643263,-9999.0,-9999.0,-9999.0,89.4390029907,187.785600463159,78.363291890154,266755.44,668194.96,48,26,89.439
NS66NE_1053,1,2_5,6.11900665318,-9999.0,-9999.0,-9999.0,89.0419998169,227.347642955011,67.8253062032246,266610.47,668189.4,12,8,89.042
NS66NE_1058,1,2_5,5.71018587227,-9999.0,-9999.0,-9999.0,89.8239974976,81.0745892729724,37.9361839404872,266741.82,668187.32,20,12,89.824
NS66NE_1059,1,2_5,5.72379029734,-9999.0,-9999.0,-9999.0,89.8320007324,313.463324626501,87.3289554691882,266658.69,668195.91,36,20,89.832
NS66NE_1065,1,2_5,7.24850223104,-9999.0,-9999.0,-9999.0,89.0820007324,255.085248878954,69.1946706175192,266454.3,668182.54,12,8,89.082
NS66NE_1069,1,2_5,5.5204381307,-9999.0,-9999.0,-9999.0,89.5319976807,304.161923819393,91.3608540296705,266789.97,668186.48,56,30,89.532
NS66NE_1070,1,2_5,2.24697925518,-9999.0,-9999.0,-9999.0,90.9000015259,22.5156749995776,22.5267096957412,266533.13,668174.59,8,6,90.9
NS66NE_1075,1,2_5,5.22892017606,-9999.0,-9999.0,-9999.0,89.861000061,202.160345257862,67.7988713764084,266699.01,668178.03,36,20,89.861
NS66NE_1076,1,2_5,7.44176433471,-9999.0,-9999.0,-9999.0,90.4609985352,296.388411164597,76.6774043144044,266490.98,668177.89,12,8,90.461
NS66NE_1078,1,2_5,7.24709041195,-9999.0,-9999.0,-9999.0,87.6220016479,246.821879703292,68.0959407314897,266425.24,668174.61,12,8,87.622
NS66NE_1080,1,2_5,6.10701861911,-9999.0,-9999.0,-9999.0,89.9810028076,232.866156888577,68.2033456679647,266569.89,668173.42,12,8,89.981
NS66NE_1082,1,2_5,7.40261793253,-9999.0,-9999.0,-9999.0,86.547996521,209.025399990475,62.5945986643341,266395.56,668172.87,20,12,86.548
NS66NE_1087,1,2_5,5.53477069092,-9999.0,-9999.0,-9999.0,89.952003479,296.151990566637,88.6303858236799,266726.84,668174.76,44,24,89.952
NS66NE_1095,1,2_5,6.00078740481,-9999.0,-9999.0,-9999.0,89.8980026245,154.275269642871,50.4948268722934,266770.02,668164.94,12,8,89.898
NS66NE_1101,1,2_5,6.13423171133,-9999.0,-9999.0,-9999.0,89.841003418,122.567298877826,44.3474151829971,266700.46,668161.26,12,8,89.841
NS66NE_1107,1,2_5,6.21502635545,-9999.0,-9999.0,-9999.0,89.6780014038,121.312720032805,44.147348419769,266754.43,668159.38,12,8,89.678
NS66NE_1117,1,2_5,7.70128393293,-9999.0,-9999.0,-9999.0,84.8389968872,206.743477459969,61.5936145571229,266344.03,668159.26,16,10,84.839
NS66NE_1118,1,2_5,7.13215194689,-9999.0,-9999.0,-9999.0,90.8949966431,295.340867314372,77.3452156338637,266525.55,668158.31,20,12,90.895
NS66NE_1124,1,2_5,5.71936908112,-9999.0,-9999.0,-9999.0,89.658996582,81.953017398073,38.0625976743713,266706.24,668149.86,20,12,89.659
NS66NE_1130,1,2_5,5.13198156693,-9999.0,-9999.0,-9999.0,88.2480010986,719.687001109187,254.456896096172,266839.85,668178.08,192,98,88.248
NS66NE_1133,1,2_5,6.2283246293,-9999.0,-9999.0,-9999.0,89.7959976196,118.764035191541,43.6686659827038,266741.01,668148.96,12,8,89.796
NS66NE_1135,1,2_5,6.14020865181,-9999.0,-9999.0,-9999.0,90.0699996948,227.811563272858,67.4630914664224,266576.93,668147.06,12,8,90.07
NS66NE_1139,1,2_5,6.02997768299,-9999.0,-9999.0,-9999.0,89.047996521,358.620751135732,93.9555697197473,266620.14,668157.52,28,16,89.048
NS66NE_1140,1,2_5,7.93040513841,-9999.0,-9999.0,-9999.0,84.2070007324,245.186749637115,67.9733686929854,266317.92,668145.71,12,8,84.207
NS66NE_1146,1,2_5,7.34281691307,-9999.0,-9999.0,-9999.0,87.8349990845,246.285450949471,68.0504960553715,266434.35,668141.34,12,8,87.835
NS66NE_1149,1,2_5,6.37626244391,-9999.0,-9999.0,-9999.0,89.6709976196,165.815661914519,59.1594385011612,266466.25,668141.62,28,16,89.671
NS66NE_1150,1,2_5,5.50106265293,-9999.0,-9999.0,-9999.0,89.9069976807,525.727055255864,174.782358290737,266670.91,668156.03,92,48,89.907
NS66NE_1151,1,2_5,7.75309613973,-9999.0,-9999.0,-9999.0,84.0645904541,246.348208495551,68.1400087735655,266289.35,668137.99,12,8,84.065
NS66NE_1154,1,2_5,2.22679342943,-9999.0,-9999.0,-9999.0,88.3030014038,71.7127408778505,37.626718887084,266643.19,668136.24,12,8,88.303
NS66NE_1157,1,2_5,5.21693713997,-9999.0,-9999.0,-9999.0,88.6790008545,103.085282543921,43.9563808679923,266873.35,668133.89,20,12,88.679
NS66NE_1159,1,2_5,4.84360770912,-9999.0,-9999.0,-9999.0,89.8020019531,113.202525037531,46.598952225449,266737.06,668135.49,20,12,89.802
NS66NE_1167,1,2_5,7.46686305447,-9999.0,-9999.0,-9999.0,83.8929977417,294.663437662243,79.9493769899093,266257.76,668131.33,28,16,83.893
NS66NE_1168,1,2_5,5.93721093334,-9999.0,-9999.0,-9999.0,89.8980026245,85.0625882487442,37.1376787991954,266728.42,668129.17,12,8,89.898
NS66NE_1172,1,2_5,4.85919061476,-9999.0,-9999.0,-9999.0,88.4472503662,168.892568002768,75.6475374154987,266856.75,668130.64,44,24,88.447
NS66NE_1182,1,2_5,7.1522041092,-9999.0,-9999.0,-9999.0,90.7340011597,253.686947816891,68.3699588256299,266547.32,668130.13,12,8,90.734
NS66NE_1185,1,2_5,7.54683893545,-9999.0,-9999.0,-9999.0,87.6100006104,211.867876835764,63.0311400645825,266407.64,668127.86,20,12,87.61
NS66NE_309,1,2_5,4.41957577349,-9999.0,-9999.0,-9999.0,89.3300018311,236.985698206364,62.1315794076876,266818.76,668735.83,12,8,89.33
NS66NE_330,1,2_5,12.5764745829,-9999.0,-9999.0,-9999.0,89.1019973755,2953.29278373862,271.763434911192,266868.49,668724.24,36,20,89.102
NS66NE_358,1,2_5,9.6895538293,-9999.0,-9999.0,-9999.0,88.7180023193,8187.82611751853,392.320534487516,266493.64,668712.96,40,22,88.718
NS66NE_365,1,2_5,13.6418714078,-9999.0,-9999.0,-9999.0,89.4562988281,1053.26510549098,192.676528878328,266367.44,668676.26,100,52,89.456
NS66NE_372,1,2_5,8.91265593615,-9999.0,-9999.0,-9999.0,88.7590026855,19083.1128815546,948.048071775017,266673.77,668745.72,192,96,88.759
NS66NE_377,1,2_5,12.0028048177,-9999.0,-9999.0,-9999.0,89.0979995728,816.239106513848,171.601992420283,266394.59,668655.9,92,48,89.098
NS66NE_383,1,2_5,5.97433563307,-9999.0,-9999.0,-9999.0,88.7490005493,103.416391999978,41.1292486132933,266316.29,668633.12,12,8,88.749
NS66NE_387,1,2_5,4.80424282943,-9999.0,-9999.0,-9999.0,89.3330001831,330.08863569405,107.044448980577,266431.67,668628.52,60,32,89.333
NS66NE_390,1,2_5,5.35510043778,-9999.0,-9999.0,-9999.0,89.0670013428,529.021751938111,165.110161105622,266290.21,668631.72,96,50,89.067
NS66NE_391,1,2_5,6.26238552887,-9999.0,-9999.0,-9999.0,88.8629989624,104.120914886771,43.3879400871849,266357.02,668622.02,20,12,88.863
NS66NE_394,1,2_5,3.34592231234,-9999.0,-9999.0,-9999.0,89.6360015869,209.165764808378,74.3666298266488,266500.81,668621.1,12,8,89.636
NS66NE_396,1,2_5,3.9759427769,-9999.0,-9999.0,-9999.0,90.0650024414,233.348379977083,89.6923989384855,266262.42,668619.47,44,24,90.065
NS66NE_397,1,2_5,6.29320140839,-9999.0,-9999.0,-9999.0,89.2620010376,102.179311523304,40.4597405010572,266414.13,668614.97,12,8,89.262
NS66NE_400,1,2_5,6.03769245113,-9999.0,-9999.0,-9999.0,88.6460037231,139.422170684755,49.3800642311879,266320.74,668613.76,20,12,88.646
NS66NE_401,1,2_5,6.20744696806,-9999.0,-9999.0,-9999.0,89.3840026855,105.1937249003,41.031070004273,266442.88,668612.57,12,8,89.384
NS66NE_406,1,2_5,2.25571010959,-9999.0,-9999.0,-9999.0,88.8050003052,33.3812397867428,23.2975384800943,266307.63,668606.37,12,8,88.805
NS66NE_407,1,2_5,5.85803675247,-9999.0,-9999.0,-9999.0,89.1090011597,106.778710396943,41.7288518006281,266403.93,668607.51,12,8,89.109
NS66NE_408,1,2_5,5.9980580992,-9999.0,-9999.0,-9999.0,88.7259979248,102.971398433081,40.9943669608556,266350.33,668606.77,12,8,88.726
NS66NE_409,1,2_5,4.57749764125,-9999.0,-9999.0,-9999.0,89.4609985352,50.7669586846908,39.4761075878359,266538.83,668608.8,12,8,89.461
NS66NE_413,1,2_5,5.68136244137,-9999.0,-9999.0,-9999.0,89.4329986572,109.23611617443,42.0433582917883,266451.27,668603.06,12,8,89.433
NS66NE_414,1,2_5,2.50512096348,-9999.0,-9999.0,-9999.0,88.8690032959,86.9886242165498,40.4583549863857,266810.83,668602.84,28,16,88.869
NS66NE_416,1,2_5,6.12767655908,-9999.0,-9999.0,-9999.0,88.6070022583,110.010597871557,45.0019049721198,266325.18,668600.73,20,12,88.607
NS66NE_420,1,2_5,6.08783719109,-9999.0,-9999.0,-9999.0,88.9420013428,140.482217329359,49.3857059934905,266367.96,668597.71,20,12,88.942
NS66NE_422,1,2_5,6.08530327973,-9999.0,-9999.0,-9999.0,88.9779968262,211.995125421723,82.5670493420937,266388.74,668598.91,28,16,88.978
NS66NE_423,1,2_5,2.23562685649,-9999.0,-9999.0,-9999.0,89.2659988403,23.6165062487769,25.5818400442177,266547.81,668594.36,8,6,89.266
NS66NE_425,1,2_5,5.80226837484,-9999.0,-9999.0,-9999.0,89.1610031128,218.968477372662,83.7610584996843,266268.41,668597.93,44,24,89.161
NS66NE_437,1,2_5,4.89787749599,-9999.0,-9999.0,-9999.0,89.2590026855,499.570157169162,165.551737383864,266453.88,668585.36,92,48,89.259
NS66NE_444,1,2_5,5.69534588577,-9999.0,-9999.0,-9999.0,89.0319976807,106.335594709043,64.2565782170713,266781.8,668582.53,52,28,89.032
NS66NE_445,1,2_5,6.33223796012,-9999.0,-9999.0,-9999.0,89.2080001831,101.616764094711,40.362784288455,266422.63,668578.31,12,8,89.208
NS66NE_446,1,2_5,5.69220844868,-9999.0,-9999.0,-9999.0,89.3239974976,114.515558698158,46.6533439105469,266482.37,668577.49,28,16,89.324
NS66NE_448,1,2_5,9.52577912446,-9999.0,-9999.0,-9999.0,88.7699966431,265.526988548889,69.605648099225,266331.01,668582.98,12,8,88.77
NS66NE_452,1,2_5,6.17670756047,-9999.0,-9999.0,-9999.0,88.7490005493,106.09302780848,41.2006710442907,266403.08,668576.29,12,8,88.749
NS66NE_454,1,2_5,3.59823507791,-9999.0,-9999.0,-9999.0,88.7529983521,144.726869468029,57.2575227383083,266305.45,668573.97,36,20,88.753
NS66NE_456,1,2_5,4.4955458453,-9999.0,-9999.0,-9999.0,88.8470001221,820.689140657684,120.311698875469,266529.52,668582.58,36,20,88.847
NS66NE_459,1,2_5,6.37312964237,-9999.0,-9999.0,-9999.0,89.3199996948,101.569693505242,40.3358115116101,266488.0,668566.44,12,8,89.32
NS66NE_461,1,2_5,5.503331649,-9999.0,-9999.0,-9999.0,88.8690032959,117.655305089914,47.6539222126712,266337.37,668564.44,20,12,88.869
NS66NE_462,1,2_5,2.39651755101,-9999.0,-9999.0,-9999.0,88.5,193.482548998301,58.3354976360917,266606.74,668567.77,12,8,88.5
NS66NE_463,1,2_5,4.077911807,-9999.0,-9999.0,-9999.0,89.5135726929,126.802831188064,46.4988002731313,266787.62,668563.03,12,8,89.514
NS66NE_467,1,2_5,5.79938305578,-9999.0,-9999.0,-9999.0,89.3460006714,257.760690998474,71.2499641616224,266452.9,668564.96,36,20,89.346
NS66NE_476,1,2_5,6.23090983502,-9999.0,-9999.0,-9999.0,89.1890029907,105.332321251495,42.6819660454617,266434.51,668555.66,20,12,89.189
NS66NE_477,1,2_5,4.78431673295,-9999.0,-9999.0,-9999.0,88.6050033569,535.621112753463,104.900614012286,266541.65,668564.18,20,12,88.605
NS66NE_478,1,2_5,5.22709117404,-9999.0,-9999.0,-9999.0,89.3820037842,126.030749056414,54.1856301845989,266494.75,668555.98,36,20,89.382
NS66NE_483,1,2_5,5.66671845541,-9999.0,-9999.0,-9999.0,88.6500015259,225.715655163024,82.8648589781267,266409.92,668558.66,44,24,88.65
NS66NE_488,1,2_5,4.79152684532,-9999.0,-9999.0,-9999.0,88.0640029907,709.892459599233,159.270599358202,266283.71,668563.04,84,44,88.064
NS66NE_490,1,2_5,6.07854741163,-9999.0,-9999.0,-9999.0,88.93699646,109.191176990749,41.8189177083716,266419.25,668542.35,12,8,88.937
NS66NE_495,1,2_5,5.93367653457,-9999.0,-9999.0,-9999.0,87.9100036621,540.001975528689,134.249537073811,266357.94,668546.99,64,34,87.91
NS66NE_499,1,2_5,2.87032241643,-9999.0,-9999.0,-9999.0,90.815284729,113.534997480582,44.1553682147347,266838.71,668538.04,20,12,90.815
NS66NE_500,1,2_5,4.54859081796,-9999.0,-9999.0,-9999.0,87.8040008545,118.001336252749,43.7617011962107,266325.96,668536.54,16,10,87.804
NS66NE_511,1,2_5,2.47754797156,-9999.0,-9999.0,-9999.0,88.0738296509,126.877010170161,51.2286347515934,266594.12,668533.05,12,8,88.074
NS66NE_513,1,2_5,3.99424865259,-9999.0,-9999.0,-9999.0,89.9570007324,405.700937053499,139.58158440524,266792.37,668539.68,92,48,89.957
NS66NE_518,1,2_5,5.35549050308,-9999.0,-9999.0,-9999.0,86.6819992065,214.653255401978,63.2283853545189,266308.01,668528.19,28,16,86.682
NS66NE_519,1,2_5,6.03826304978,-9999.0,-9999.0,-9999.0,89.1050033569,214.178214425623,87.1139255948834,266452.49,668528.13,44,24,89.105
NS66NE_523,1,2_5,5.38359633351,-9999.0,-9999.0,-9999.0,88.9540023804,275.308528729873,89.0707840893823,266496.94,668532.78,36,20,88.954
NS66NE_524,1,2_5,6.05424546222,-9999.0,-9999.0,-9999.0,89.0260009766,138.837704288352,49.0399418940731,266477.19,668525.78,20,12,89.026
NS66NE_529,1,2_5,6.33291126318,-9999.0,-9999.0,-9999.0,88.9899978638,102.561318575622,40.5262876613519,266435.34,668521.05,12,8,88.99
NS66NE_532,1,2_5,4.81999467664,-9999.0,-9999.0,-9999.0,87.0159988403,134.418581837175,46.6738775264464,266289.22,668518.72,12,8,87.016
NS66NE_535,1,2_5,6.11009122684,-9999.0,-9999.0,-9999.0,88.8560028076,98.1977690205231,39.9931702325943,266423.87,668515.67,12,8,88.856
NS66NE_537,1,2_5,2.88328265118,-9999.0,-9999.0,-9999.0,85.9540023804,48.7723574954823,28.3763067652498,266302.55,668511.9,12,8,85.954
NS66NE_541,1,2_5,6.14154714424,-9999.0,-9999.0,-9999.0,88.498588562,137.379290592821,48.561229828601,266411.14,668510.44,20,12,88.499
NS66NE_544,1,2_5,6.37108718833,-9999.0,-9999.0,-9999.0,87.9554138184,99.7403949665753,39.9798308546564,266398.18,668506.54,12,8,87.955
NS66NE_549,1,2_5,5.27747796809,-9999.0,-9999.0,-9999.0,85.7009963989,104.760741486678,41.8877664687498,266293.31,668503.61,12,8,85.701
NS66NE_553,1,2_5,5.92542313141,-9999.0,-9999.0,-9999.0,87.4749984741,104.385641418941,41.2958800971578,266387.03,668500.95,12,8,87.475
NS66NE_564,1,2_5,6.01210758699,-9999.0,-9999.0,-9999.0,87.1940002441,140.55772794685,49.4745286525788,266374.54,668495.1,20,12,87.194
NS66NE_567,1,2_5,6.10609003268,-9999.0,-9999.0,-9999.0,86.8909988403,104.481287114603,40.9145351928703,266361.6,668490.81,12,8,86.891
NS66NE_576,1,2_5,6.0127513027,-9999.0,-9999.0,-9999.0,86.297996521,111.171688540543,42.1760083397598,266307.01,668482.01,12,8,86.298
NS66NE_577,1,2_5,5.14792287681,-9999.0,-9999.0,-9999.0,86.7350006104,142.852668792213,51.2553039549523,266349.04,668483.28,20,12,86.735
NS66NE_579,1,2_5,4.68005345121,-9999.0,-9999.0,-9999.0,84.3830032349,242.463510703899,65.4927397285294,266261.15,668485.46,24,14,84.383
NS66NE_588,1,2_5,5.8678660749,-9999.0,-9999.0,-9999.0,86.2959976196,106.388163288065,41.6864238605686,266310.63,668472.3,12,8,86.296
NS66NE_595,1,2_5,6.37791233252,-9999.0,-9999.0,-9999.0,86.2570037842,103.10734211209,40.6536721986928,266320.34,668465.19,12,8,86.257
NS66NE_610,1,2_5,3.03194796948,-9999.0,-9999.0,-9999.0,91.4260025024,240.070286456818,70.1988867583102,266839.73,668460.93,28,16,91.426
NS66NE_660,1,2_5,3.61889039539,-9999.0,-9999.0,-9999.0,87.2399978638,137.186138629081,50.0381605191215,266525.6,668401.91,12,8,87.24
NS66NE_669,1,2_5,3.5282665641,-9999.0,-9999.0,-9999.0,86.2030029297,92.5162283743878,39.2617147691242,266401.09,668396.13,12,8,86.203
NS66NE_674,1,2_5,3.62517487638,-9999.0,-9999.0,-9999.0,86.341003418,60.8044387417087,32.1141660841218,266421.96,668390.32,12,8,86.341
NS66NE_675,1,2_5,2.98342707128,-9999.0,-9999.0,-9999.0,90.5989990234,27.7214024947811,24.1750307189006,266570.31,668386.61,8,6,90.599
NS66NE_677,1,2_5,6.01967392454,-9999.0,-9999.0,-9999.0,87.0609970093,121.42009413217,44.1580991121942,266485.79,668389.59,12,8,87.061
NS66NE_684,1,2_5,5.99536239981,-9999.0,-9999.0,-9999.0,87.1669998169,80.2616729594263,35.9769861625005,266466.43,668384.58,12,8,87.167
NS66NE_686,1,2_5,5.86953793178,-9999.0,-9999.0,-9999.0,91.2856216431,110.650447868006,44.8900826159089,266648.27,668381.73,20,12,91.286
NS66NE_689,1,2_5,4.56528733155,-9999.0,-9999.0,-9999.0,87.0920028687,171.559280388632,65.0053752712278,266453.75,668381.29,36,20,87.092
NS66NE_691,1,2_5,2.96031925067,-9999.0,-9999.0,-9999.0,91.3259963989,53.198655006546,30.1665459749199,266635.26,668374.87,12,8,91.326
NS66NE_697,1,2_5,3.78171215417,-9999.0,-9999.0,-9999.0,90.1289978027,56.6153662510675,30.3368014655746,266533.28,668372.85,12,8,90.129
NS66NE_698,1,2_5,3.85391377454,-9999.0,-9999.0,-9999.0,87.0599975586,146.436339711022,48.996321959218,266437.57,668374.82,20,12,87.06
NS66NE_700,1,2_5,6.21002580733,-9999.0,-9999.0,-9999.0,90.9430007935,99.5939544344996,40.1151508944014,266652.98,668368.44,12,8,90.943
NS66NE_701,1,2_5,6.66665530891,-9999.0,-9999.0,-9999.0,87.0490036011,223.01769869546,65.1979820810386,266421.58,668373.4,20,12,87.049
NS66NE_704,1,2_5,5.84218393534,-9999.0,-9999.0,-9999.0,90.4899978638,655.652998881215,195.681308158004,266572.52,668370.98,108,56,90.49
NS66NE_706,1,2_5,7.27719795639,-9999.0,-9999.0,-9999.0,87.0579986572,192.109713977748,56.0652105650808,266407.43,668366.77,12,8,87.058
NS66NE_709,1,2_5,5.17250404624,-9999.0,-9999.0,-9999.0,90.3639984131,677.604233870409,181.45599752081,266723.33,668367.95,116,60,90.364
NS66NE_710,1,2_5,6.9497128384,-9999.0,-9999.0,-9999.0,90.4250030518,98.216099516574,39.7857365762367,266522.47,668361.69,12,8,90.425
NS66NE_712,1,2_5,5.26325382266,-9999.0,-9999.0,-9999.0,90.3820037842,397.509950601048,146.23940507184,266684.56,668370.89,60,34,90.382
NS66NE_716,1,2_5,5.50081926771,-9999.0,-9999.0,-9999.0,88.9570007324,1226.23642456746,387.618932958963,266807.99,668364.11,244,124,88.957
NS66NE_721,1,2_5,4.53531091799,-9999.0,-9999.0,-9999.0,86.9010009766,273.114822573802,69.0596124523346,266381.36,668354.5,20,12,86.901
NS66NE_724,1,2_5,5.81316385359,-9999.0,-9999.0,-9999.0,90.4769973755,83.7403812286904,37.7912939705662,266580.99,668348.63,20,12,90.477
NS66NE_731,1,2_5,5.96215100235,-9999.0,-9999.0,-9999.0,90.3590011597,159.191641803433,54.4421143517251,266534.63,668348.52,20,12,90.359
NS66NE_735,1,2_5,3.09930850438,-9999.0,-9999.0,-9999.0,90.0009994507,76.6886325001233,43.2105340694755,266468.63,668344.54,28,16,90.001
NS66NE_736,1,2_5,5.2189553266,-9999.0,-9999.0,-9999.0,90.422996521,141.019490393307,52.0682206709769,266659.73,668345.19,20,12,90.423
NS66NE_740,1,2_5,5.62757484709,-9999.0,-9999.0,-9999.0,90.1569976807,285.790330030663,90.6096189003465,266501.95,668346.3,44,24,90.157
NS66NE_743,1,2_5,5.04530948046,-9999.0,-9999.0,-9999.0,89.5869979858,136.165008751386,49.741908565759,266803.27,668336.21,20,12,89.587
NS66NE_746,1,2_5,5.67247254051,-9999.0,-9999.0,-9999.0,89.8030014038,332.013823082728,92.9563757941302,266772.5,668334.17,28,16,89.803
NS66NE_752,1,2_5,6.86890645181,-9999.0,-9999.0,-9999.0,90.03099823,96.2821948305646,39.3409105260957,266455.65,668333.12,12,8,90.031
NS66NE_754,1,2_5,5.55334373168,-9999.0,-9999.0,-9999.0,89.9010009766,344.070963846881,110.677771184135,266703.7,668334.29,52,28,89.901
NS66NE_757,1,2_5,3.78659250196,-9999.0,-9999.0,-9999.0,86.8600006104,244.426655932107,74.6124305336702,266345.2,668330.22,28,16,86.86
NS66NE_759,1,2_5,5.3577062716,-9999.0,-9999.0,-9999.0,89.8990020752,240.118284827354,71.2682042375766,266520.53,668330.57,56,30,89.899
NS66NE_760,1,2_5,5.99808042721,-9999.0,-9999.0,-9999.0,89.9130020142,213.590370722692,68.378819430121,266554.0,668327.13,36,20,89.913
NS66NE_761,1,2_5,5.8834922063,-9999.0,-9999.0,-9999.0,89.21900177,107.881650620094,41.5599886662079,266800.69,668325.19,12,8,89.219
NS66NE_762,1,2_5,5.54581526699,-9999.0,-9999.0,-9999.0,90.1330032349,182.156969764232,68.5949005072727,266586.9,668330.99,44,24,90.133
NS66NE_767,1,2_5,6.21182741145,-9999.0,-9999.0,-9999.0,89.9410018921,100.258900156112,40.7097654264059,266536.37,668323.09,20,12,89.941
NS66NE_768,1,2_5,6.34367833254,-9999.0,-9999.0,-9999.0,89.8010025024,135.99324991558,48.1935661821913,266484.59,668324.23,20,12,89.801
NS66NE_774,1,2_5,6.92559611672,-9999.0,-9999.0,-9999.0,90.1689987183,96.6361552745948,39.4080491367715,266597.48,668317.72,12,8,90.169
NS66NE_777,1,2_5,6.25607847398,-9999.0,-9999.0,-9999.0,89.5520019531,98.3659425028274,38.5477890517899,266415.05,668315.4,16,10,89.552
NS66NE_786,1,2_5,5.42910777053,-9999.0,-9999.0,-9999.0,89.5009994507,133.63915134689,49.3402222845203,266475.26,668313.44,28,16,89.501
NS66NE_792,1,2_5,3.62631792147,-9999.0,-9999.0,-9999.0,87.0049972534,88.1166904353423,38.7562366140376,266349.93,668310.34,20,12,87.005
NS66NE_796,1,2_5,6.41396717255,-9999.0,-9999.0,-9999.0,89.6689987183,121.773642452311,45.8947953348066,266428.42,668309.44,28,16,89.669
NS66NE_800,1,2_5,3.11300731553,-9999.0,-9999.0,-9999.0,90.0999984741,66.161955513934,34.9870008852169,266596.5,668305.18,20,12,90.1
NS66NE_802,1,2_5,5.71324906,-9999.0,-9999.0,-9999.0,89.2750015259,230.907272243882,68.9683621872104,266764.6,668310.3,28,16,89.275
NS66NE_804,1,2_5,4.57551473207,-9999.0,-9999.0,-9999.0,89.9769973755,120.200091768948,46.03837286182,266639.09,668304.6,24,14,89.977
NS66NE_805,1,2_5,5.28909726058,-9999.0,-9999.0,-9999.0,89.7310028076,251.027402469319,84.9117729918785,266707.86,668309.2,52,28,89.731
NS66NE_809,1,2_5,6.40303812272,-9999.0,-9999.0,-9999.0,89.6849975586,122.44430048438,44.7936919564434,266438.75,668300.64,20,12,89.685
NS66NE_810,1,2_5,5.32948635646,-9999.0,-9999.0,-9999.0,89.8929977417,110.771077246037,45.3426823068828,266652.63,668300.76,20,12,89.893
NS66NE_821,1,2_5,6.13453439206,-9999.0,-9999.0,-9999.0,89.9400024414,126.725382994142,47.2738913585034,266627.12,668295.45,28,16,89.94
NS66NE_823,1,2_5,5.20786615497,-9999.0,-9999.0,-9999.0,88.547996521,178.521231401607,72.0591899125604,266389.53,668294.06,36,20,88.548
NS66NE_824,1,2_5,4.48520566951,-9999.0,-9999.0,-9999.0,89.8290023804,144.552511026015,57.6711745023896,266673.42,668294.47,36,20,89.829
NS66NE_826,1,2_5,6.50651935865,-9999.0,-9999.0,-9999.0,89.6839981079,121.421230792035,44.7248572045943,266448.67,668291.09,24,14,89.684
NS66NE_827,1,2_5,6.14603284252,-9999.0,-9999.0,-9999.0,89.5540008545,443.448563088259,153.77437479686,266555.2,668294.49,76,40,89.554
NS66NE_830,1,2_5,5.55740263217,-9999.0,-9999.0,-9999.0,89.327003479,342.268183067739,118.710862495797,266502.61,668298.41,60,32,89.327
NS66NE_838,1,2_5,4.99574461437,-9999.0,-9999.0,-9999.0,89.4020004272,158.821066167847,52.7987724268541,266523.16,668285.65,36,20,89.402
NS66NE_841,1,2_5,5.73059358001,-9999.0,-9999.0,-9999.0,89.2969970703,671.589440243736,166.103736262738,266732.67,668309.36,56,30,89.297
NS66NE_849,1,2_5,5.9875079452,-9999.0,-9999.0,-9999.0,89.8199996948,125.104447049939,44.8001673116539,266662.4,668282.91,12,8,89.82
NS66NE_855,1,2_5,5.96234428883,-9999.0,-9999.0,-9999.0,89.7760009766,188.722396386722,56.670395074798,266460.83,668280.96,16,10,89.776
NS66NE_858,1,2_5,5.3740648642,-9999.0,-9999.0,-9999.0,88.4550018311,866.024169830702,248.765244095546,266832.56,668309.06,164,84,88.455
NS66NE_865,1,2_5,5.54611158793,-9999.0,-9999.0,-9999.0,88.9540023804,243.591944781023,83.7023507937711,266766.6,668279.58,40,22,88.954
NS66NE_872,1,2_5,6.39722205853,-9999.0,-9999.0,-9999.0,89.3830032349,121.853218087829,45.3883097653952,266397.78,668271.75,20,12,89.383
NS66NE_873,1,2_5,5.43038374773,-9999.0,-9999.0,-9999.0,88.5759963989,599.521201585649,164.131504739143,266792.65,668292.32,100,52,88.576
NS66NE_875,1,2_5,6.14215660505,-9999.0,-9999.0,-9999.0,89.7959976196,118.961094463463,45.3971550517033,266435.49,668270.95,28,16,89.796
NS66NE_876,1,2_5,5.79425206678,-9999.0,-9999.0,-9999.0,89.6350021362,169.378892979218,61.8650404232027,266648.74,668271.92,28,16,89.635
NS66NE_879,1,2_5,5.07218855453,-9999.0,-9999.0,-9999.0,89.5660018921,99.5458864131953,45.8350559871909,266695.29,668267.91,28,16,89.566
NS66NE_880,1,2_5,5.909568108,-9999.0,-9999.0,-9999.0,89.7289962769,196.793827974394,61.8935049315338,266475.91,668269.55,20,12,89.729
NS66NE_889,1,2_5,10.0027509355,-9999.0,-9999.0,-9999.0,89.3330001831,314.208585114116,77.9889477995463,266582.08,668261.36,44,24,89.333
NS66NE_891,1,2_5,5.73009252824,-9999.0,-9999.0,-9999.0,89.3420028687,138.046145579398,49.0426135004206,266400.26,668256.01,20,12,89.342
NS66NE_898,1,2_5,6.33211870312,-9999.0,-9999.0,-9999.0,90.2870025635,122.394062871667,45.8206070015074,266453.99,668252.62,28,16,90.287
NS66NE_910,1,2_5,4.71962558994,-9999.0,-9999.0,-9999.0,89.2450027466,151.510005849417,67.3821294957963,266419.32,668253.06,28,16,89.245
NS66NE_915,1,2_5,5.25836485392,-9999.0,-9999.0,-9999.0,88.7529983521,474.956781942927,137.118705266599,266612.62,668262.08,100,52,88.753
NS66NE_916,1,2_5,5.30004542243,-9999.0,-9999.0,-9999.0,89.3590011597,373.263963737091,125.810212406884,266677.22,668255.29,72,38,89.359
NS66NE_919,1,2_5,5.81823808793,-9999.0,-9999.0,-9999.0,89.3399963379,204.539796011371,83.4650057704094,266712.35,668245.89,32,18,89.34
NS66NE_922,1,2_5,6.03964622549,-9999.0,-9999.0,-9999.0,89.6660003662,159.5907742524,51.2828633758946,266732.71,668244.57,20,12,89.666
NS66NE_933,1,2_5,5.65260369778,-9999.0,-9999.0,-9999.0,89.5230026245,82.206055661641,38.3073381340919,266661.27,668240.75,20,12,89.523
NS66NE_936,1,2_5,7.84092301633,-9999.0,-9999.0,-9999.0,89.5950012207,697.106143611674,165.535460112079,266513.13,668246.1,96,50,89.595
NS66NE_937,1,2_5,2.42232871944,-9999.0,-9999.0,-9999.0,89.7679977417,89.1166201580824,42.1077456537462,266554.14,668235.36,12,8,89.768
NS66NE_940,1,2_5,6.14752528838,-9999.0,-9999.0,-9999.0,89.3399963379,121.791176566859,44.2130704926736,266696.98,668236.39,12,8,89.34
NS66NE_942,1,2_5,6.51119991734,-9999.0,-9999.0,-9999.0,90.1750030518,116.593468431767,44.1329420838746,266479.79,668234.7,20,12,90.175
NS66NE_945,1,2_5,5.00559735513,-9999.0,-9999.0,-9999.0,89.091003418,237.636628749604,71.8025644601834,266788.85,668236.46,36,20,89.091
NS66NE_952,1,2_5,6.43014363607,-9999.0,-9999.0,-9999.0,89.2658004761,22.5155024989955,21.8423326728717,266581.15,668225.74,8,6,89.266
NS66NE_953,1,2_5,5.6312284696,-9999.0,-9999.0,-9999.0,89.1009979248,283.885468164392,91.0772033890995,266755.43,668239.05,52,28,89.101
NS66NE_961,1,2_5,5.80828837035,-9999.0,-9999.0,-9999.0,89.702003479,253.292719641325,88.8914457864854,266435.36,668234.32,60,32,89.702
NS66NE_972,1,2_5,5.94691416558,-9999.0,-9999.0,-9999.0,89.6829986572,200.294778419653,61.7121493406729,266679.85,668226.84,20,12,89.683
NS66NE_977,1,2_5,6.29435805839,-9999.0,-9999.0,-9999.0,87.7440032959,535.77574879982,133.009200782532,266391.1,668226.44,68,36,87.744
NS66NE_981,1,2_5,5.15013132664,-9999.0,-9999.0,-9999.0,88.1330032349,236.741184558855,95.5475100711071,266848.67,668225.32,68,36,88.133
NS66NE_982,1,2_5,6.14750807534,-9999.0,-9999.0,-9999.0,89.1210021973,230.824402561234,67.6393035193185,266594.48,668217.47,12,8,89.121
NS66NE_984,1,2_5,4.50611095196,-9999.0,-9999.0,-9999.0,86.2040023804,1558.71782482399,195.909107658572,266308.2,668234.46,52,28,86.204
NS66NE_988,1,2_5,5.57247872188,-9999.0,-9999.0,-9999.0,89.6240005493,90.7405580753765,43.4597413738489,266443.14,668214.37,28,16,89.624
NS66NE_992,1,2_5,5.40461737459,-9999.0,-9999.0,-9999.0,89.6666641235,462.22214630491,146.804605008798,266636.67,668226.67,96,50,89.667
NS66NE_993,1,2_5,5.69589067177,-9999.0,-9999.0,-9999.0,89.3720016479,219.62579635082,61.7273167494943,266730.52,668215.9,16,10,89.372
NS66NE_998,1,2_5,5.2120539602,-9999.0,-9999.0,-9999.0,89.1549987793,209.683819358351,84.798366658978,266758.11,668214.08,44,24,89.155
NS66NE_999,1,2_5,6.14939840705,-9999.0,-9999.0,-9999.0,89.702003479,231.403787792973,67.7946791599763,266566.12,668210.16,12,8,89.702
NS66NE_10,1,2_6,3.59935230611,-9999.0,-9999.0,-9999.0,96.263999939,205.209608578305,62.2185437149697,266444.19,669002.58,12,8,96.264
NS66NE_12,1,2_6,6.44462946617,-9999.0,-9999.0,-9999.0,95.4329986572,159.592273226335,51.5730437084381,266756.5,668998.92,20,12,95.433
NS66NE_120,1,2_6,5.71877462506,-9999.0,-9999.0,-9999.0,93.6090011597,613.283046263546,184.840314815297,266263.85,668917.96,112,58,93.609
NS66NE_155,1,2_6,7.84642305139,-9999.0,-9999.0,-9999.0,92.7850036621,742.845234968174,123.974863059324,266850.74,668886.53,44,24,92.785
NS66NE_167,1,2_6,6.68193209726,-9999.0,-9999.0,-9999.0,89.9319992065,163.965169666033,51.2302478232212,266602.71,668865.92,12,8,89.932
NS66NE_174,1,2_6,6.6474365458,-9999.0,-9999.0,-9999.0,90.0830001831,156.481989509583,50.0377154302078,266571.76,668858.62,12,8,90.083
NS66NE_198,1,2_6,6.52546311254,-9999.0,-9999.0,-9999.0,89.9729995728,238.798754068382,64.4755052827864,266541.26,668842.44,28,16,89.973
NS66NE_202,1,2_6,7.00888431101,-9999.0,-9999.0,-9999.0,89.7409973145,316.610027075288,74.8542946127519,266622.24,668840.55,28,16,89.741
NS66NE_226,1,2_6,6.86249607706,-9999.0,-9999.0,-9999.0,89.9339981079,221.883583284053,59.5832982661851,266592.76,668821.8,12,8,89.934
NS66NE_239,1,2_6,7.45467987537,-9999.0,-9999.0,-9999.0,90.4349975586,1128.76309716902,165.475621104748,266729.82,668827.61,36,20,90.435
NS66NE_243,1,2_6,7.01170890523,-9999.0,-9999.0,-9999.0,89.9209976196,315.567057768005,71.0568419014929,266561.34,668805.94,12,8,89.921
NS66NE_244,1,2_6,8.44945261079,-9999.0,-9999.0,-9999.0,93.2789993286,2171.51996957921,349.6372829856,266782.86,668841.49,144,74,93.279
NS66NE_249,1,2_6,11.8880470025,-9999.0,-9999.0,-9999.0,94.4850006104,922.793833796334,143.952208598297,266851.6,668804.06,44,24,94.485
NS66NE_256,1,2_6,5.7624548093,-9999.0,-9999.0,-9999.0,91.2549972534,4370.88064826733,498.879961978229,266256.14,668834.4,152,78,91.255
NS66NE_321,1,2_6,13.2996946694,-9999.0,-9999.0,-9999.0,89.2740020752,3248.81342424653,362.982423209034,266457.66,668754.64,100,52,89.274
NS66NE_47,1,2_6,5.50880325125,-9999.0,-9999.0,-9999.0,94.93699646,183.824761386737,56.3679399767932,266255.28,668969.13,20,12,94.937
NS66NE_5,1,2_6,5.8458887736,-9999.0,-9999.0,-9999.0,95.6959991455,155.237428618634,54.8795085795681,266260.71,669008.04,20,12,95.696
NS66NE_63,1,2_6,5.38408028943,-9999.0,-9999.0,-9999.0,94.6350021362,258.800721290824,75.9806885060861,266273.08,668966.26,28,16,94.635
NS66NE_75,1,2_6,6.66545748859,-9999.0,-9999.0,-9999.0,92.65599823,2012.09462980637,254.34626886763,266497.49,668974.18,108,56,92.656
NS66NE_79,1,2_6,3.81955782847,-9999.0,-9999.0,-9999.0,93.6299972534,294.239616375026,80.9940953724967,266309.51,668949.31,28,16,93.63
NS66NE_89,1,2_6,3.01270358212,-9999.0,-9999.0,-9999.0,93.8700027466,36.7628362459719,25.108759628844,266282.22,668937.6,12,8,93.87
NS66NE_94,1,2_6,5.54433491027,-9999.0,-9999.0,-9999.0,92.2770004272,159.122212961186,56.3559250109091,266793.8,668935.98,36,20,92.277
NS66NE_3773,1,3_0,6.64460804151,-9999.0,-9999.0,-9999.0,88.0419998169,215.439429320985,62.2479050371757,267365.28,665611.86,12,8,88.042
NS66NE_3778,1,3_0,6.5571638857,-9999.0,-9999.0,-9999.0,82.577003479,248.850220986454,72.6951407172579,267419.65,665608.46,36,20,82.577
NS66NE_3788,1,3_0,6.47929537354,-9999.0,-9999.0,-9999.0,86.9889984131,163.85629234245,52.7228933972824,267358.2,665589.11,20,12,86.989
NS66NE_3797,1,3_0,9.94556111935,-9999.0,-9999.0,-9999.0,84.5049972534,219.302325735421,63.3144461461736,267402.65,665581.59,12,8,84.505
NS66NE_3804,1,3_0,5.65620481953,-9999.0,-9999.0,-9999.0,85.9869995117,204.323148898014,60.0029319048339,267341.67,665573.61,24,14,85.987
NS66NE_3826,1,3_0,10.0193906066,-9999.0,-9999.0,-9999.0,82.1770019531,219.731825333258,63.4887729307949,267385.12,665563.04,12,8,82.177
NS66NE_3828,1,3_0,6.54595466692,-9999.0,-9999.0,-9999.0,82.8529968262,259.310710320492,70.720673578046,267317.94,665561.86,12,8,82.853
NS66NE_3854,1,3_0,6.02883080536,-9999.0,-9999.0,-9999.0,82.3450012207,133.341930395349,48.1589327393393,266908.05,665543.79,28,16,82.345
NS66NE_3859,1,3_0,5.58095894312,-9999.0,-9999.0,-9999.0,82.486000061,136.622919838453,47.7165871726452,266880.68,665537.66,20,12,82.486
NS66NE_3864,1,3_0,9.6545488868,-9999.0,-9999.0,-9999.0,81.4560012817,429.985375646195,100.073492186644,267357.08,665541.58,12,8,81.456
NS66NE_3865,1,3_0,6.53583370364,-9999.0,-9999.0,-9999.0,82.4130020142,137.548282540874,47.5211636681881,266921.91,665536.39,12,8,82.413
NS66NE_3872,1,3_0,6.32137633082,-9999.0,-9999.0,-9999.0,83.5250015259,136.75057595598,49.492330674641,266960.02,665530.42,20,12,83.525
NS66NE_3873,1,3_0,6.80302112333,-9999.0,-9999.0,-9999.0,81.1520004272,128.993936079143,45.6195777774739,267330.38,665529.84,12,8,81.152
NS66NE_3886,1,3_0,6.14796638128,-9999.0,-9999.0,-9999.0,82.5989990234,133.723288117187,48.3218360437559,266930.87,665523.79,28,16,82.599
NS66NE_3889,1,3_0,6.52780282937,-9999.0,-9999.0,-9999.0,79.4430007935,457.213998780443,117.939530310295,267278.19,665524.05,12,8,79.443
NS66NE_3909,1,3_0,6.28095539724,-9999.0,-9999.0,-9999.0,82.6890029907,130.74281281571,46.4973493971686,266932.08,665508.77,20,12,82.689
NS66NE_3918,1,3_0,6.51738710301,-9999.0,-9999.0,-9999.0,83.0449981689,284.344576451715,77.1006898162998,266963.02,665507.38,12,8,83.045
NS66NE_3925,1,3_0,6.50368950326,-9999.0,-9999.0,-9999.0,79.4240036011,309.506670094157,86.4042138087062,267245.32,665505.77,12,8,79.424
NS66NE_3926,1,3_0,6.51384997281,-9999.0,-9999.0,-9999.0,82.8229980469,138.589899439425,47.6345809558916,266925.62,665494.71,12,8,82.823
NS66NE_3929,1,3_0,6.30528086985,-9999.0,-9999.0,-9999.0,82.5559997559,412.055324167164,103.660403401524,267000.27,665505.66,44,24,82.556
NS66NE_3936,1,3_0,5.59147546713,-9999.0,-9999.0,-9999.0,82.797996521,127.621533137625,45.2767747894063,266884.89,665486.77,12,8,82.798
NS66NE_3940,1,3_0,6.41675612243,-9999.0,-9999.0,-9999.0,82.9100036621,134.674899794938,46.6807545538899,266962.05,665485.99,12,8,82.91
NS66NE_3945,1,3_0,6.14319584733,-9999.0,-9999.0,-9999.0,82.7730026245,134.396115922131,48.2755258007711,266912.33,665484.84,28,16,82.773
NS66NE_3947,1,3_0,6.43124753703,-9999.0,-9999.0,-9999.0,81.3460006714,420.124285965498,129.489444592592,267031.96,665489.39,48,28,81.346
NS66NE_3951,1,3_0,6.54285684712,-9999.0,-9999.0,-9999.0,80.8190002441,130.813127763271,46.1527292625225,267060.52,665473.69,12,8,80.819
NS66NE_3971,1,3_0,5.68471758374,-9999.0,-9999.0,-9999.0,82.783996582,147.300724459533,48.7404442144326,266882.3,665463.54,12,8,82.784
NS66NE_3975,1,3_0,6.5536580014,-9999.0,-9999.0,-9999.0,82.6660003662,188.348782241188,57.7791429183706,266919.16,665462.7,12,8,82.666
NS66NE_3986,1,3_0,6.47273133426,-9999.0,-9999.0,-9999.0,82.6289978027,331.909055017599,85.5782685115448,266960.39,665460.88,16,10,82.629
NS66NE_3995,1,3_0,6.50321374892,-9999.0,-9999.0,-9999.0,81.1429977417,294.492798566529,95.0812436754789,267026.17,665449.92,60,32,81.143
NS66NE_3996,1,3_0,6.32032952239,-9999.0,-9999.0,-9999.0,82.0759963989,421.472566237483,108.155504801219,266998.79,665455.41,52,28,82.076
NS66NE_3997,1,3_0,6.48859880741,-9999.0,-9999.0,-9999.0,80.5699996948,327.861082230589,88.5730897880183,267093.24,665449.12,28,16,80.57
NS66NE_4002,1,3_0,6.53477621947,-9999.0,-9999.0,-9999.0,80.6959991455,247.087646964433,71.6856388537076,267053.83,665438.98,28,16,80.696
NS66NE_4004,1,3_0,6.41161978026,-9999.0,-9999.0,-9999.0,82.4919967651,143.562952221294,48.3920180231571,266886.26,665433.09,12,8,82.492
NS66NE_4009,1,3_0,6.45780025199,-9999.0,-9999.0,-9999.0,81.2939987183,491.167471310442,129.135148564905,266946.94,665429.06,28,16,81.294
NS66NE_4013,1,3_0,6.36081772406,-9999.0,-9999.0,-9999.0,80.5810012817,222.591560228436,62.9789812730556,267095.43,665421.75,12,8,80.581
NS66NE_4015,1,3_0,6.4290345435,-9999.0,-9999.0,-9999.0,80.2539978027,197.411910938054,59.5840049534016,267187.18,665418.33,24,14,80.254
NS66NE_4019,1,3_0,6.52865916946,-9999.0,-9999.0,-9999.0,80.4000015259,757.163461998398,184.711154260728,267023.95,665413.41,52,28,80.4
NS66NE_4022,1,3_0,6.38907603021,-9999.0,-9999.0,-9999.0,80.0449981689,561.040161902412,158.027349328342,267138.86,665422.21,68,36,80.045
NS66NE_4025,1,3_0,6.44649758053,-9999.0,-9999.0,-9999.0,79.8339996338,282.399425181123,83.6768558256367,267184.02,665394.52,36,20,79.834
NS66NE_4037,1,3_0,6.90770922915,-9999.0,-9999.0,-9999.0,80.0899963379,794.286096421933,191.335842576642,267110.54,665389.56,40,24,80.09
NS66NE_4040,1,3_0,6.53407058284,-9999.0,-9999.0,-9999.0,79.266998291,496.031883335703,131.770072379836,267226.02,665394.81,28,16,79.267
NS66NE_4046,1,3_0,6.84917575856,-9999.0,-9999.0,-9999.0,79.3509979248,646.750024837787,145.869620837967,267041.49,665369.57,20,12,79.351
NS66NE_4047,1,3_0,6.18951530669,-9999.0,-9999.0,-9999.0,78.9840011597,136.148090926391,48.8581085944415,267171.63,665364.94,28,16,78.984
NS66NE_4050,1,3_0,6.53512054548,-9999.0,-9999.0,-9999.0,79.9909973145,146.635925378885,49.0105841148807,267096.69,665361.62,12,8,79.991
NS66NE_4055,1,3_0,6.1574304243,-9999.0,-9999.0,-9999.0,78.9479980469,545.535497833521,151.360685560739,267210.73,665359.06,68,36,78.948
NS66NE_4057,1,3_0,6.43318735002,-9999.0,-9999.0,-9999.0,79.5979995728,137.104371001307,47.3768391259551,267115.0,665354.68,12,8,79.598
NS66NE_4059,1,3_0,6.56022767479,-9999.0,-9999.0,-9999.0,79.0729980469,149.220218104377,49.8406640664524,267132.18,665347.4,12,8,79.073
NS66NE_4067,1,3_0,4.68586685434,-9999.0,-9999.0,-9999.0,74.9290008545,913.685770940713,165.741887037337,266976.74,665353.78,44,24,74.929
NS66NE_4071,1,3_0,6.39153368477,-9999.0,-9999.0,-9999.0,76.7030029297,284.568478187726,81.3080480018349,267152.32,665333.15,40,22,76.703
NS66NE_4072,1,3_0,3.76496779732,-9999.0,-9999.0,-9999.0,76.7549972534,151.881409685168,52.9102857723467,267121.98,665323.76,28,16,76.755
NS66NE_4073,1,3_0,6.05968734156,-9999.0,-9999.0,-9999.0,77.0729980469,270.505340041058,71.8923660928037,267098.92,665329.77,24,14,77.073
NS66NE_4083,1,3_0,9.41030148678,-9999.0,-9999.0,-9999.0,76.7600021362,462.191810132602,108.516475283175,267226.18,665312.29,28,16,76.76
NS66NE_4085,1,3_0,6.54244526028,-9999.0,-9999.0,-9999.0,76.6269989014,511.104582638914,143.184140568219,267058.36,665326.5,28,16,76.627
NS66NE_4087,1,3_0,9.92847523554,-9999.0,-9999.0,-9999.0,76.138999939,661.52643776543,138.704515623078,267016.43,665325.04,20,12,76.139
NS66NE_4089,1,3_0,6.62755018793,-9999.0,-9999.0,-9999.0,75.5270004272,147.358139617817,49.18688184778,267194.08,665300.66,12,8,75.527
NS66NE_4092,1,3_0,6.27522132287,-9999.0,-9999.0,-9999.0,75.6480026245,505.458026649442,122.488093555095,267121.35,665292.72,44,24,75.648
NS66NE_4098,1,3_0,9.94310985456,-9999.0,-9999.0,-9999.0,75.358001709,225.077311479067,62.4951935084625,267083.71,665289.15,12,8,75.358
NS66NE_4101,1,3_0,6.26449543375,-9999.0,-9999.0,-9999.0,75.4840011597,121.244135840124,44.7306028073163,267031.1,665285.14,12,8,75.484
NS66NE_4104,1,3_0,6.49971022624,-9999.0,-9999.0,-9999.0,75.4739990234,206.835993203568,68.8933432257331,267055.28,665282.19,28,16,75.474
NS66NE_4114,1,3_0,6.74623758534,-9999.0,-9999.0,-9999.0,73.891998291,200.948486055329,69.1421873437112,266938.29,665269.26,28,16,73.892
NS66NE_4115,1,3_0,6.54541924948,-9999.0,-9999.0,-9999.0,74.3430023193,207.381574595152,70.9357700831777,266961.1,665269.87,28,16,74.343
NS66NE_4118,1,3_0,6.54554261182,-9999.0,-9999.0,-9999.0,72.9879989624,202.180445362158,69.7339652859703,266905.15,665268.16,28,16,72.988
NS66NE_4119,1,3_0,6.41809493556,-9999.0,-9999.0,-9999.0,74.8199996948,300.741995543206,79.0402191917949,267198.37,665273.76,20,12,74.82
NS66NE_4122,1,3_0,6.47518585995,-9999.0,-9999.0,-9999.0,72.9499969482,209.420007148166,69.5106507960851,266882.51,665267.2,28,16,72.95
NS66NE_4127,1,3_0,6.23913477404,-9999.0,-9999.0,-9999.0,75.6029968262,190.290761639518,57.440495249815,267135.15,665263.23,16,10,75.603
NS66NE_4129,1,3_0,6.30846807336,-9999.0,-9999.0,-9999.0,75.0989990234,119.663055525073,44.420565208249,267032.02,665259.66,12,8,75.099
NS66NE_4130,1,3_0,6.37227589686,-9999.0,-9999.0,-9999.0,74.6610031128,543.038635612595,131.843351738359,267163.57,665280.41,40,22,74.661
NS66NE_4135,1,3_0,6.35067749023,-9999.0,-9999.0,-9999.0,75.111000061,211.812164579147,75.0752809963455,267054.72,665259.44,36,20,75.111
NS66NE_4137,1,3_0,6.25728807835,-9999.0,-9999.0,-9999.0,75.9680023193,526.117188896228,127.391837931995,267096.76,665254.46,12,8,75.968
NS66NE_4145,1,3_0,6.02847204792,-9999.0,-9999.0,-9999.0,74.4813308716,509.631070013522,129.580366054883,266989.02,665259.84,80,42,74.481
NS66NE_4147,1,3_0,6.46245445569,-9999.0,-9999.0,-9999.0,74.4929962158,240.134378250007,74.2798892818481,266968.0,665246.53,28,16,74.493
NS66NE_4148,1,3_0,6.38142200466,-9999.0,-9999.0,-9999.0,73.9589996338,252.114772146092,76.86686626595,266933.04,665246.43,28,16,73.959
NS66NE_4149,1,3_0,6.32309025884,-9999.0,-9999.0,-9999.0,73.1139984131,246.996885672142,78.1742225512504,266912.03,665244.56,36,20,73.114
NS66NE_4153,1,3_0,6.41508391947,-9999.0,-9999.0,-9999.0,72.7310028076,242.817042476641,74.8966430064493,266877.46,665243.45,36,20,72.731
NS66NE_4168,1,3_0,6.25796630789,-9999.0,-9999.0,-9999.0,76.6949996948,674.24517923756,165.371883739645,267182.71,665231.8,76,40,76.695
NS66NE_4169,1,3_0,7.98500190024,-9999.0,-9999.0,-9999.0,75.03099823,271.334944251147,77.2104430793451,267031.73,665235.3,44,24,75.031
NS66NE_4174,1,3_0,9.50953920663,-9999.0,-9999.0,-9999.0,75.8880004883,964.40190739264,198.414515463055,267238.64,665256.65,56,30,75.888
NS66NE_4189,1,3_0,5.48837374111,-9999.0,-9999.0,-9999.0,76.6910018921,146.183982601445,48.8583108462403,267040.73,665208.26,12,8,76.691
NS66NE_4225,1,3_0,9.64845477152,-9999.0,-9999.0,-9999.0,78.7060012817,663.654205793205,147.354678672334,267206.23,665194.2,44,24,78.706
NS66NE_4238,1,3_0,9.64196794937,-9999.0,-9999.0,-9999.0,75.841003418,1406.91167362055,308.212048355279,267147.24,665203.31,116,60,75.841
NS66NE_4245,1,3_0,9.08338848997,-9999.0,-9999.0,-9999.0,75.4130020142,2424.55706880741,504.797016822836,267035.35,665199.85,192,98,75.413
NS66NE_4248,1,3_0,8.26564464873,-9999.0,-9999.0,-9999.0,72.7429962158,2905.00155551158,599.061234042295,266911.18,665185.09,216,110,72.743
NS66NE_4279,1,3_0,6.42226483915,-9999.0,-9999.0,-9999.0,82.4619979858,110.200757205045,43.4612634840957,267163.45,665131.2,12,8,82.462
NS66NE_4280,1,3_0,5.16525514247,-9999.0,-9999.0,-9999.0,75.797996521,81.8849180015439,58.5489129898518,266935.93,665128.85,28,16,75.798
NS66NE_4281,1,3_0,6.36925519721,-9999.0,-9999.0,-9999.0,79.091003418,134.315651982966,46.4723194460708,266997.78,665128.91,12,8,79.091
NS66NE_4282,1,3_0,6.553905544,-9999.0,-9999.0,-9999.0,78.1859970093,179.998665426758,55.7162463100267,266977.48,665127.98,12,8,78.186
NS66NE_4283,1,3_0,6.41022202168,-9999.0,-9999.0,-9999.0,77.2194976807,132.015772282533,46.1160152194548,266957.2,665127.56,12,8,77.219
NS66NE_4289,1,3_0,3.29810956264,-9999.0,-9999.0,-9999.0,79.6689987183,63.2569251391604,38.5744965584555,267012.07,665124.7,36,20,79.669
NS66NE_4291,1,3_0,5.76396402673,-9999.0,-9999.0,-9999.0,80.90599823,603.213063245177,113.463309322094,267100.54,665127.15,60,32,80.906
NS66NE_4340,1,3_0,6.16949735369,-9999.0,-9999.0,-9999.0,74.2919998169,359.674657805772,87.9196482811811,266910.01,665098.78,44,24,74.292
NS66NE_4363,1,3_0,7.69058040501,-9999.0,-9999.0,-9999.0,73.3310012817,2511.6703737559,247.499258710677,267457.93,665117.83,28,16,73.331
NS66NE_4380,1,3_0,7.97505210714,-9999.0,-9999.0,-9999.0,73.8600006104,3678.21472199679,293.120213827097,267386.53,665119.24,12,8,73.86
NS66NE_4385,1,3_0,6.39509225263,-9999.0,-9999.0,-9999.0,73.65599823,209.891488115441,65.3188258247964,266910.11,665068.99,12,8,73.656
NS66NE_4402,1,3_0,6.66666197835,-9999.0,-9999.0,-9999.0,71.2180023193,104.68538424296,40.9404682583146,266887.49,665044.27,12,8,71.218
NS66NE_4406,1,3_0,6.90260656093,-9999.0,-9999.0,-9999.0,71.9270019531,95.3108303077768,39.0517233286633,266913.97,665041.76,12,8,71.927
NS66NE_4408,1,3_0,6.86190228271,-9999.0,-9999.0,-9999.0,71.5579986572,95.9255001629667,39.1787087353469,266898.46,665041.24,12,8,71.558
NS66NE_4419,1,3_0,2.58187837498,-9999.0,-9999.0,-9999.0,72.3710021973,50.3776628339014,36.2340120646383,267202.72,665033.28,20,12,72.371
NS66NE_4434,1,3_0,2.57909949351,-9999.0,-9999.0,-9999.0,72.4199981689,32.0438849991265,25.5494470835801,266944.02,665014.61,12,8,72.42
NS66NE_4437,1,3_0,6.15848920926,-9999.0,-9999.0,-9999.0,70.6900024414,440.419739227499,120.045083648396,266897.99,665017.7,52,28,70.69
NS66NE_4458,1,3_0,9.68946311937,-9999.0,-9999.0,-9999.0,70.5179977417,4408.53681087346,335.498755832465,267242.93,665002.36,68,36,70.518
NS66NE_4459,1,3_0,8.31189903612,-9999.0,-9999.0,-9999.0,70.7890014648,1127.95491417673,139.244702722981,267443.44,665016.9,12,8,70.789
NS66NE_3177,1,3_1,6.10373009384,-9999.0,-9999.0,-9999.0,86.5749969482,114.735765770528,43.6591378289738,267126.91,666248.7,20,12,86.575
NS66NE_3183,1,3_1,6.2753685641,-9999.0,-9999.0,-9999.0,87.165725708,173.020946520878,55.6396307242778,267103.15,666239.43,12,8,87.166
NS66NE_3184,1,3_1,5.96269151852,-9999.0,-9999.0,-9999.0,87.5360031128,231.24132190902,64.047180471734,267057.58,666238.39,36,20,87.536
NS66NE_3189,1,3_1,6.32805146431,-9999.0,-9999.0,-9999.0,83.5739974976,226.186333065777,61.4496254030529,267148.0,666233.17,28,16,83.574
NS66NE_3191,1,3_1,6.26417791144,-9999.0,-9999.0,-9999.0,82.388999939,371.083587194526,94.8118848542656,267255.68,666240.02,44,24,82.389
NS66NE_3192,1,3_1,6.3705143052,-9999.0,-9999.0,-9999.0,83.2689971924,280.913691115886,78.1338151567277,267182.28,666235.33,28,16,83.269
NS66NE_3194,1,3_1,5.81901209018,-9999.0,-9999.0,-9999.0,83.4479980469,126.201406211817,45.7401146473856,267205.84,666226.24,12,8,83.448
NS66NE_3197,1,3_1,6.67717173701,-9999.0,-9999.0,-9999.0,82.1839981079,150.307640349457,50.2434072471918,267229.52,666224.77,12,8,82.184
NS66NE_3201,1,3_1,6.29581822331,-9999.0,-9999.0,-9999.0,81.8550033569,127.667475520107,46.0054106439411,267274.99,666217.35,12,8,81.855
NS66NE_3202,1,3_1,9.83206627658,-9999.0,-9999.0,-9999.0,87.8020019531,602.527487992498,142.058803907323,267001.07,666234.15,28,16,87.802
NS66NE_3211,1,3_1,5.94039811591,-9999.0,-9999.0,-9999.0,86.2529983521,285.762483883347,77.4692883401635,267070.73,666212.93,36,20,86.253
NS66NE_3213,1,3_1,6.19298893697,-9999.0,-9999.0,-9999.0,82.2789993286,251.486377342915,67.8823180301525,267139.31,666208.01,20,12,82.279
NS66NE_3214,1,3_1,6.81214300999,-9999.0,-9999.0,-9999.0,82.0319976807,203.32961024322,62.943752856701,267181.34,666206.21,44,24,82.032
NS66NE_3222,1,3_1,5.94998863067,-9999.0,-9999.0,-9999.0,83.1060028076,398.658597373507,119.500641951249,267110.29,666203.06,60,32,83.106
NS66NE_3223,1,3_1,6.27074674823,-9999.0,-9999.0,-9999.0,85.3359985352,174.633172675391,53.4575009441341,267080.69,666189.96,12,8,85.336
NS66NE_3224,1,3_1,6.31888948279,-9999.0,-9999.0,-9999.0,81.4720001221,186.172661868474,58.5123015750908,267257.62,666188.04,12,8,81.472
NS66NE_3225,1,3_1,6.17788333319,-9999.0,-9999.0,-9999.0,81.3010025024,301.201607730208,83.0716441773224,267217.56,666195.99,12,8,81.301
NS66NE_3227,1,3_1,5.95757482174,-9999.0,-9999.0,-9999.0,81.2249984741,128.010139620293,46.1447567914921,267235.95,666180.56,12,8,81.225
NS66NE_3230,1,3_1,9.9403658911,-9999.0,-9999.0,-9999.0,88.3679962158,714.059124047918,166.108734906779,267038.27,666200.78,44,24,88.368
NS66NE_3231,1,3_1,5.89910429342,-9999.0,-9999.0,-9999.0,82.0123291016,220.182600375003,75.9587021998255,267129.09,666180.91,60,32,82.012
NS66NE_3240,1,3_1,7.11007077506,-9999.0,-9999.0,-9999.0,81.6818237305,224.597978181127,65.0390637363516,267164.22,666166.54,20,12,81.682
NS66NE_3241,1,3_1,6.93746381101,-9999.0,-9999.0,-9999.0,80.486000061,144.452992659465,48.6156581461987,267186.96,666161.66,12,8,80.486
NS66NE_3244,1,3_1,3.66477434872,-9999.0,-9999.0,-9999.0,86.2720031738,136.054212764844,48.0134210371852,267061.45,666162.44,20,12,86.272
NS66NE_3245,1,3_1,4.05953633688,-9999.0,-9999.0,-9999.0,83.7620010376,123.782485418413,44.5048838085776,267099.7,666161.87,12,8,83.762
NS66NE_3250,1,3_1,7.14935499403,-9999.0,-9999.0,-9999.0,80.2170028687,174.734097394753,53.4255984156173,267203.24,666154.84,12,8,80.217
NS66NE_3254,1,3_1,9.77630378348,-9999.0,-9999.0,-9999.0,87.0329971313,419.140321177494,106.60609402102,267034.02,666159.59,28,16,87.033
NS66NE_3260,1,3_1,5.77590715017,-9999.0,-9999.0,-9999.0,84.9670028687,195.926594423745,61.0249353182605,267071.79,666145.51,28,16,84.967
NS66NE_3261,1,3_1,5.88439491308,-9999.0,-9999.0,-9999.0,82.8570022583,218.727041509571,75.1084421301501,267111.71,666146.04,56,30,82.857
NS66NE_3265,1,3_1,6.94188998739,-9999.0,-9999.0,-9999.0,80.4530029297,251.764571494592,72.5947885482921,267238.26,666140.85,28,16,80.453
NS66NE_3269,1,3_1,7.0193852195,-9999.0,-9999.0,-9999.0,82.0920028687,307.590774483248,87.3389239730425,267154.09,666140.27,44,24,82.092
NS66NE_3270,1,3_1,6.67324206704,-9999.0,-9999.0,-9999.0,81.3229980469,136.030406077155,47.2543594462691,267193.01,666133.59,12,8,81.323
NS66NE_3274,1,3_1,5.76698529128,-9999.0,-9999.0,-9999.0,83.0650024414,147.258111364306,52.351463287038,267094.65,666130.84,20,12,83.065
NS66NE_3282,1,3_1,6.98232530039,-9999.0,-9999.0,-9999.0,81.641998291,141.005508925122,48.0500941932738,267181.73,666119.42,12,8,81.642
NS66NE_3286,1,3_1,3.70668799713,-9999.0,-9999.0,-9999.0,87.4789962769,333.996943487062,76.2023215373553,266931.61,666120.69,28,16,87.479
NS66NE_3290,1,3_1,7.21434134822,-9999.0,-9999.0,-9999.0,80.8560028076,250.232440725713,72.039609157217,267219.55,666117.09,28,16,80.856
NS66NE_3293,1,3_1,9.96017134016,-9999.0,-9999.0,-9999.0,84.2779998779,609.396216781174,142.146436136952,267064.2,666119.75,28,16,84.278
NS66NE_3311,1,3_1,8.31866320739,-9999.0,-9999.0,-9999.0,78.6460037231,1511.76252833669,196.974104458629,267265.19,666110.96,148,76,78.646
NS66NE_3313,1,3_1,4.69218560044,-9999.0,-9999.0,-9999.0,79.6330032349,124.439267127654,45.3332259419507,267299.92,666089.25,12,8,79.633
NS66NE_3315,1,3_1,6.58172178855,-9999.0,-9999.0,-9999.0,82.6790008545,733.078425517801,157.284666267688,267119.62,666101.32,124,64,82.679
NS66NE_3319,1,3_1,6.25829243055,-9999.0,-9999.0,-9999.0,83.8850021362,338.770249622797,92.8724264617149,267477.8,666091.98,36,20,83.885
NS66NE_3321,1,3_1,7.02636372587,-9999.0,-9999.0,-9999.0,82.5579986572,254.375109669788,73.5596926208675,267205.02,666088.3,28,16,82.558
NS66NE_3331,1,3_1,3.30373881947,-9999.0,-9999.0,-9999.0,87.6129989624,41.5012162414431,25.7782557401863,266947.52,666074.81,12,8,87.613
NS66NE_3338,1,3_1,7.08822320254,-9999.0,-9999.0,-9999.0,81.7760009766,135.698533538825,47.204811339941,267221.4,666073.72,12,8,81.776
NS66NE_3344,1,3_1,6.70928109441,-9999.0,-9999.0,-9999.0,82.8229980469,614.179131960867,119.58578126782,267152.49,666079.93,72,38,82.823
NS66NE_3345,1,3_1,3.56432301658,-9999.0,-9999.0,-9999.0,88.8570022583,116.735173465872,47.1475402141719,266899.33,666067.34,20,12,88.857
NS66NE_3352,1,3_1,7.20700357859,-9999.0,-9999.0,-9999.0,81.1370010376,332.170351763982,86.6757229038009,267247.44,666067.76,28,16,81.137
NS66NE_3361,1,3_1,6.97596474004,-9999.0,-9999.0,-9999.0,82.6129989624,159.929597774536,51.6671315895997,267201.45,666055.37,20,12,82.613
NS66NE_3364,1,3_1,8.07631560729,-9999.0,-9999.0,-9999.0,87.2580032349,2790.69096503292,220.275187525023,266989.09,666080.7,52,28,87.258
NS66NE_3365,1,3_1,6.7753429878,-9999.0,-9999.0,-9999.0,82.75,502.363913587528,105.537187998858,267176.77,666062.29,44,24,82.75
NS66NE_3369,1,3_1,6.79840760712,-9999.0,-9999.0,-9999.0,84.6340026855,1035.68234827054,183.485479266705,267106.15,666063.66,100,52,84.634
NS66NE_3400,1,3_1,6.82723812287,-9999.0,-9999.0,-9999.0,84.8389968872,526.139403404889,113.807825390605,267157.71,666023.6,84,44,84.839
NS66NE_3422,1,3_1,10.2742216739,-9999.0,-9999.0,-9999.0,83.46900177,1148.61425344711,170.601824049084,267194.03,666016.74,92,48,83.469
NS66NE_3482,1,3_1,5.32578597817,-9999.0,-9999.0,-9999.0,87.3463821411,3823.00832554777,479.325322061069,267074.19,665980.85,148,76,87.346
NS66NE_3503,1,3_1,10.2968614351,-9999.0,-9999.0,-9999.0,87.6169967651,17153.7186329737,710.045091290483,266957.99,665968.91,212,108,87.617
NS66NE_3510,1,3_1,7.2538080527,-9999.0,-9999.0,-9999.0,79.5950012207,14251.1304949019,986.287160629362,267325.14,665938.41,304,152,79.595
NS66NE_3513,1,3_1,4.88433634798,-9999.0,-9999.0,-9999.0,86.8209991455,1585.51525829057,211.89243240454,267193.47,665881.72,68,36,86.821
NS66NE_3519,1,3_1,10.1173959449,-9999.0,-9999.0,-9999.0,75.7630004883,6942.86287353726,725.82773985928,267496.46,665922.01,364,184,75.763
NS66NE_3523,1,3_1,10.0478857745,-9999.0,-9999.0,-9999.0,91.1940002441,224.96957876872,62.7347097198926,267095.85,665851.24,12,8,91.194
NS66NE_3557,1,3_1,6.11807323117,-9999.0,-9999.0,-9999.0,89.4589996338,178.012554034996,61.1622200257961,267349.57,665792.32,44,24,89.459
NS66NE_3565,1,3_1,9.53101509976,-9999.0,-9999.0,-9999.0,91.8150024414,1138.43407344308,261.121891000434,267050.12,665814.03,76,40,91.815
NS66NE_3569,1,3_1,6.46830612257,-9999.0,-9999.0,-9999.0,89.25,160.250921609711,51.8373712556705,267367.54,665780.76,24,14,89.25
NS66NE_3570,1,3_1,7.05045479222,-9999.0,-9999.0,-9999.0,86.0930023193,544.020270731117,123.514237178512,266966.29,665785.87,68,36,86.093
NS66NE_3576,1,3_1,6.44428142931,-9999.0,-9999.0,-9999.0,79.6979980469,1711.37489778718,335.687492530862,267442.15,665798.97,132,68,79.698
NS66NE_3583,1,3_1,6.48185486369,-9999.0,-9999.0,-9999.0,96.0410003662,314.861806269522,82.6033543923331,267140.14,665772.86,12,8,96.041
NS66NE_3589,1,3_1,6.43895531981,-9999.0,-9999.0,-9999.0,88.013999939,284.21200065401,78.5263713236114,267388.0,665766.32,44,24,88.014
NS66NE_3591,1,3_1,6.38120978708,-9999.0,-9999.0,-9999.0,96.138999939,261.06119956636,72.8188210830015,267174.88,665766.88,28,16,96.139
NS66NE_3599,1,3_1,6.40641997644,-9999.0,-9999.0,-9999.0,95.5350036621,148.998471293333,52.6678286082206,267205.46,665755.11,28,16,95.535
NS66NE_3600,1,3_1,6.75959874632,-9999.0,-9999.0,-9999.0,89.2399978638,155.719434402272,50.988232231273,267357.63,665755.38,20,12,89.24
NS66NE_3606,1,3_1,6.45746416851,-9999.0,-9999.0,-9999.0,91.108001709,418.21245820185,100.671076088373,267329.76,665761.89,40,22,91.108
NS66NE_3609,1,3_1,6.95406809405,-9999.0,-9999.0,-9999.0,97.40599823,156.372379180398,50.9145900183918,267156.63,665748.37,12,8,97.406
NS66NE_3618,1,3_1,6.24066765271,-9999.0,-9999.0,-9999.0,95.7243347168,149.060648954068,52.8748789623052,267229.51,665742.05,28,16,95.724
NS66NE_3619,1,3_1,6.41333115043,-9999.0,-9999.0,-9999.0,86.5380020142,160.162187714078,55.597481173302,267417.6,665741.64,36,20,86.538
NS66NE_3622,1,3_1,6.50638255257,-9999.0,-9999.0,-9999.0,87.3339996338,137.334559001781,47.04856717489,267381.32,665738.77,12,8,87.334
NS66NE_3625,1,3_1,6.68015915116,-9999.0,-9999.0,-9999.0,88.7860031128,158.447746875814,52.3584288044739,267346.47,665738.41,28,16,88.786
NS66NE_3628,1,3_1,6.15709631636,-9999.0,-9999.0,-9999.0,97.9319992065,192.520834913062,61.717286718675,267136.79,665737.7,28,16,97.932
NS66NE_3630,1,3_1,6.76877891077,-9999.0,-9999.0,-9999.0,96.7089996338,200.143131510103,59.1731602886668,267194.7,665736.81,12,8,96.709
NS66NE_3633,1,3_1,5.91682871915,-9999.0,-9999.0,-9999.0,83.8300018311,117.479929003592,46.867936802177,267437.23,665731.84,28,16,83.83
NS66NE_3640,1,3_1,6.27630592472,-9999.0,-9999.0,-9999.0,90.7509994507,256.494227449396,73.3552497199943,267313.23,665729.45,28,16,90.751
NS66NE_3645,1,3_1,6.3303928437,-9999.0,-9999.0,-9999.0,94.5179977417,159.587571488093,54.9583183345559,267257.7,665724.73,28,16,94.518
NS66NE_3647,1,3_1,6.63198623189,-9999.0,-9999.0,-9999.0,86.2180023193,125.742813229575,44.9555721041689,267405.32,665723.46,12,8,86.218
NS66NE_3651,1,3_1,6.62099475664,-9999.0,-9999.0,-9999.0,97.4899978638,126.923171009464,45.224608637009,267180.32,665719.97,12,8,97.49
NS66NE_3655,1,3_1,6.62365418807,-9999.0,-9999.0,-9999.0,89.3710021973,149.187314680935,49.7014047866503,267333.54,665715.74,20,12,89.371
NS66NE_3657,1,3_1,6.44100315591,-9999.0,-9999.0,-9999.0,96.8160018921,212.075875251468,61.6079364399958,267216.31,665717.83,12,8,96.816
NS66NE_3662,1,3_1,6.71799906927,-9999.0,-9999.0,-9999.0,81.8789978027,142.723043460427,50.325793383164,267464.31,665711.47,24,14,81.879
NS66NE_3663,1,3_1,3.16600937314,-9999.0,-9999.0,-9999.0,92.6699981689,36.2947087540619,24.1778320969201,267283.91,665704.95,12,8,92.67
NS66NE_3664,1,3_1,6.75685811182,-9999.0,-9999.0,-9999.0,82.5270004272,132.166853450157,47.944352560164,267428.27,665709.04,28,16,82.527
NS66NE_3665,1,3_1,6.19970449502,-9999.0,-9999.0,-9999.0,98.4199981689,196.917722171448,60.4783543368315,267130.64,665710.66,28,16,98.42
NS66NE_3667,1,3_1,6.61575630265,-9999.0,-9999.0,-9999.0,86.1809997559,128.960094725477,45.6054376223681,267394.09,665706.45,12,8,86.181
NS66NE_3670,1,3_1,6.82573366891,-9999.0,-9999.0,-9999.0,98.0699996948,156.691444625312,51.0533544292496,267171.03,665703.48,20,12,98.07
NS66NE_3676,1,3_1,6.28948749716,-9999.0,-9999.0,-9999.0,87.1070022583,231.854539915651,68.4183387131188,267354.89,665704.1,28,16,87.107
NS66NE_3680,1,3_1,6.45857776716,-9999.0,-9999.0,-9999.0,96.2649993896,213.533131345687,62.4007170258966,267246.02,665702.06,28,16,96.265
NS66NE_3681,1,3_1,6.3693119615,-9999.0,-9999.0,-9999.0,96.7300033569,194.231134567519,59.7490084699152,267198.61,665698.08,20,12,96.73
NS66NE_3684,1,3_1,6.21879874411,-9999.0,-9999.0,-9999.0,89.9929962158,150.421003492643,50.6663504382948,267310.41,665693.63,28,16,89.993
NS66NE_3685,1,3_1,6.51664222284,-9999.0,-9999.0,-9999.0,81.7710037231,157.386805948919,51.5357548769802,267455.82,665693.93,16,10,81.771
NS66NE_3692,1,3_1,7.04859645844,-9999.0,-9999.0,-9999.0,82.6320037842,156.242219727054,50.8090111475514,267417.11,665689.9,12,8,82.632
NS66NE_3701,1,3_1,6.5796081731,-9999.0,-9999.0,-9999.0,97.2990036011,126.725764618322,45.2073412148593,267239.14,665679.86,12,8,97.299
NS66NE_3702,1,3_1,4.56777796794,-9999.0,-9999.0,-9999.0,86.0640029907,223.79525184745,67.4442978389695,267382.01,665684.19,28,16,86.064
NS66NE_3704,1,3_1,6.56158123451,-9999.0,-9999.0,-9999.0,81.7779998779,125.20113480868,44.9520308177009,267445.22,665678.22,16,10,81.778
NS66NE_3708,1,3_1,7.17821171527,-9999.0,-9999.0,-9999.0,90.2480010986,156.490579627369,50.9485953198608,267299.72,665674.8,12,8,90.248
NS66NE_3709,1,3_1,6.33524898773,-9999.0,-9999.0,-9999.0,88.033996582,147.539221865798,52.550807639902,267337.57,665674.59,28,16,88.034
NS66NE_3713,1,3_1,6.84397212795,-9999.0,-9999.0,-9999.0,82.9729995728,127.925938034647,45.5022969144698,267405.31,665672.22,12,8,82.973
NS66NE_3724,1,3_1,6.7128089864,-9999.0,-9999.0,-9999.0,81.9169998169,145.504870076752,53.8154519160323,267434.75,665663.79,28,16,81.917
NS66NE_3731,1,3_1,6.75057434454,-9999.0,-9999.0,-9999.0,91.3000030518,129.507591145101,45.6635474066721,267295.71,665656.35,12,8,91.3
NS66NE_3732,1,3_1,6.55403077661,-9999.0,-9999.0,-9999.0,90.0780029297,159.816401255799,51.618310255503,267326.29,665657.71,16,10,90.078
NS66NE_3744,1,3_1,6.78239771816,-9999.0,-9999.0,-9999.0,83.7539978027,161.024366588386,51.5780309121143,267402.09,665638.22,12,8,83.754
NS66NE_3750,1,3_1,6.32197747847,-9999.0,-9999.0,-9999.0,87.138999939,218.852176746171,66.6401446156294,267369.54,665638.01,28,16,87.139
NS66NE_3753,1,3_1,6.29391385798,-9999.0,-9999.0,-9999.0,92.5500030518,186.351602010049,58.4590176898346,267294.06,665635.69,24,14,92.55
NS66NE_3754,1,3_1,6.54904882736,-9999.0,-9999.0,-9999.0,80.8030014038,252.863078565819,74.7764542989153,267430.89,665637.48,28,16,80.803
NS66NE_3755,1,3_1,6.29217608534,-9999.0,-9999.0,-9999.0,91.2699966431,178.400719096068,56.3764274517298,267326.41,665634.24,20,12,91.27
NS66NE_4464,1,3_1,3.49256965284,-9999.0,-9999.0,-9999.0,80.0009994507,442.1051574468,89.3624584266369,267437.43,665993.97,12,8,80.001
NS66NE_2811,1,3_2,9.57795881602,-9999.0,-9999.0,-9999.0,99.7730026245,667.444667312026,154.267192297149,267051.4,666601.75,44,24,99.773
NS66NE_2817,1,3_2,9.55169138861,-9999.0,-9999.0,-9999.0,96.7490005493,601.762382957427,133.717471214817,267097.71,666595.05,16,10,96.749
NS66NE_2845,1,3_2,10.002436235,-9999.0,-9999.0,-9999.0,96.6210021973,413.982465063166,103.492126669448,267066.56,666568.57,48,26,96.621
NS66NE_2855,1,3_2,8.47001975302,-9999.0,-9999.0,-9999.0,101.689002991,447.064178787928,99.5971483607662,266980.96,666556.26,12,8,101.689
NS66NE_2861,1,3_2,9.34321513595,-9999.0,-9999.0,-9999.0,104.417999268,218.123375355736,63.3392528978904,266947.93,666551.67,28,16,104.418
NS66NE_2879,1,3_2,10.0109461708,-9999.0,-9999.0,-9999.0,92.3543319702,641.869477551563,147.176352910778,267148.02,666553.41,20,12,92.354
NS66NE_2884,1,3_2,9.99182233738,-9999.0,-9999.0,-9999.0,94.033996582,402.73641787749,102.48437005409,267102.89,666543.04,40,22,94.034
NS66NE_2895,1,3_2,9.86111695907,-9999.0,-9999.0,-9999.0,90.5709991455,706.369069878302,151.888050542047,267206.24,666547.98,24,14,90.571
NS66NE_2896,1,3_2,8.76972177257,-9999.0,-9999.0,-9999.0,95.7910003662,747.916882709853,168.186909426417,267039.64,666537.24,64,34,95.791
NS66NE_2908,1,3_2,8.93693004592,-9999.0,-9999.0,-9999.0,90.6526641846,247.598088423352,67.3658663824262,267180.78,666515.49,24,14,90.653
NS66NE_2918,1,3_2,10.0134357506,-9999.0,-9999.0,-9999.0,91.1190032959,404.855473058858,100.715998463993,267130.78,666509.82,36,20,91.119
NS66NE_2919,1,3_2,6.89585636608,-9999.0,-9999.0,-9999.0,100.07800293,444.286421734776,105.786567217522,267003.35,666503.17,32,18,100.078
NS66NE_2922,1,3_2,6.76912235904,-9999.0,-9999.0,-9999.0,101.82800293,320.385456144779,83.5366165529183,266877.69,666504.13,32,18,101.828
NS66NE_2931,1,3_2,6.98416705018,-9999.0,-9999.0,-9999.0,89.9759979248,593.189099238604,165.343658519243,267168.3,666489.26,96,50,89.976
NS66NE_2932,1,3_2,7.49283699722,-9999.0,-9999.0,-9999.0,102.152999878,1610.04338786474,361.01316200662,266936.22,666512.31,172,88,102.153
NS66NE_2941,1,3_2,9.53086476957,-9999.0,-9999.0,-9999.0,92.3150024414,613.993114229103,141.652226817622,267090.47,666493.72,68,36,92.315
NS66NE_2947,1,3_2,9.72763842375,-9999.0,-9999.0,-9999.0,87.5780029297,598.607403116867,134.954547902006,267229.69,666487.27,32,18,87.578
NS66NE_2957,1,3_2,5.67705852979,-9999.0,-9999.0,-9999.0,88.2959976196,201.208435266136,57.0042954216264,267200.04,666461.29,12,8,88.296
NS66NE_2964,1,3_2,7.02586172915,-9999.0,-9999.0,-9999.0,95.5419998169,663.53679493257,147.01367192525,267043.0,666469.33,52,28,95.542
NS66NE_2966,1,3_2,6.47462683257,-9999.0,-9999.0,-9999.0,88.4000015259,203.20516537205,60.4802955867714,267178.93,666455.29,12,8,88.4
NS66NE_2973,1,3_2,8.63107324761,-9999.0,-9999.0,-9999.0,102.373001099,445.539910230222,107.123075362721,266910.13,666461.31,36,20,102.373
NS66NE_2974,1,3_2,6.65451391769,-9999.0,-9999.0,-9999.0,89.2229995728,159.676225654889,50.6333536029793,267158.01,666450.52,12,8,89.223
NS66NE_2992,1,3_2,5.99543610139,-9999.0,-9999.0,-9999.0,99.4990005493,150.163502930211,50.4717874705081,266986.09,666424.59,20,12,99.499
NS66NE_2994,1,3_2,7.101615125,-9999.0,-9999.0,-9999.0,91.2919998169,1109.76724678213,233.791834031821,267096.46,666441.36,64,34,91.292
NS66NE_2995,1,3_2,5.81555827715,-9999.0,-9999.0,-9999.0,95.4459991455,670.070313206063,174.355664805226,267015.93,666430.25,72,38,95.446
NS66NE_3003,1,3_2,7.30954391013,-9999.0,-9999.0,-9999.0,87.9150009155,318.081074358942,80.1945350141932,267154.98,666424.04,24,14,87.915
NS66NE_3006,1,3_2,6.21108370814,-9999.0,-9999.0,-9999.0,85.5279998779,422.398862165698,127.458285029463,267215.01,666429.53,76,40,85.528
NS66NE_3013,1,3_2,6.64721193078,-9999.0,-9999.0,-9999.0,100.128997803,299.91059138302,85.0004273404632,266950.13,666414.51,36,20,100.129
NS66NE_3019,1,3_2,5.97888388188,-9999.0,-9999.0,-9999.0,93.5390014648,149.466229631083,49.4752975237771,267052.55,666406.16,12,8,93.539
NS66NE_3022,1,3_2,6.23234007138,-9999.0,-9999.0,-9999.0,85.4430007935,242.711058915894,70.7516774121451,267191.1,666405.88,12,8,85.443
NS66NE_3025,1,3_2,6.99755855495,-9999.0,-9999.0,-9999.0,85.2990036011,709.210281133485,171.983837510911,267250.0,666426.67,76,40,85.299
NS66NE_3028,1,3_2,5.5201496457,-9999.0,-9999.0,-9999.0,97.0090026855,208.525279655745,70.7432898520088,267002.08,666402.27,36,20,97.009
NS66NE_3032,1,3_2,6.18099103836,-9999.0,-9999.0,-9999.0,95.4769973755,154.249381447174,51.2133516738767,267022.75,666398.77,20,12,95.477
NS66NE_3036,1,3_2,6.41451908669,-9999.0,-9999.0,-9999.0,94.3219985962,188.867088964283,60.5820203031987,267040.65,666394.15,20,12,94.322
NS66NE_3039,1,3_2,5.89510360537,-9999.0,-9999.0,-9999.0,85.1360015869,128.578448211106,46.1339739970506,267170.94,666389.1,12,8,85.136
NS66NE_3046,1,3_2,5.95571626316,-9999.0,-9999.0,-9999.0,98.1719970703,454.539424268259,114.674607982093,266972.69,666398.32,40,22,98.172
NS66NE_3049,1,3_2,7.07930823399,-9999.0,-9999.0,-9999.0,92.0889968872,262.94398021552,70.104286489972,267080.31,666385.55,20,12,92.089
NS66NE_3050,1,3_2,9.9573729674,-9999.0,-9999.0,-9999.0,97.7799987793,494.182697726529,129.528690882794,266922.03,666393.65,68,36,97.78
NS66NE_3052,1,3_2,6.61916765133,-9999.0,-9999.0,-9999.0,84.2220001221,193.211432317328,61.878809985806,267230.77,666380.09,36,20,84.222
NS66NE_3054,1,3_2,3.54015920248,-9999.0,-9999.0,-9999.0,87.6360015869,72.7815176937662,37.4010417458126,267100.65,666377.83,20,12,87.636
NS66NE_3057,1,3_2,6.48554389324,-9999.0,-9999.0,-9999.0,84.6470031738,142.601933942577,49.1046069538388,267210.34,666374.99,20,12,84.647
NS66NE_3076,1,3_2,6.67122390422,-9999.0,-9999.0,-9999.0,84.7220001221,219.591723910158,63.1783134725097,267176.22,666363.56,12,8,84.722
NS66NE_3080,1,3_2,7.18317918496,-9999.0,-9999.0,-9999.0,91.4639968872,227.808079345111,62.8279063970562,267062.91,666361.33,12,8,91.464
NS66NE_3081,1,3_2,6.03277913497,-9999.0,-9999.0,-9999.0,95.7949981689,307.058482371846,82.7371918067836,266968.5,666361.45,44,24,95.795
NS66NE_3085,1,3_2,5.96223086974,-9999.0,-9999.0,-9999.0,84.4130020142,128.721737562377,46.2220461590598,267215.08,666353.92,12,8,84.413
NS66NE_3089,1,3_2,6.37281476575,-9999.0,-9999.0,-9999.0,94.7549972534,189.95402961421,65.2262310815368,266991.06,666352.74,40,22,94.755
NS66NE_3098,1,3_2,6.38954533694,-9999.0,-9999.0,-9999.0,87.0759963989,737.990854397764,132.389859755046,267134.47,666362.86,60,32,87.076
NS66NE_3107,1,3_2,7.03218593461,-9999.0,-9999.0,-9999.0,91.7350006104,429.580928619165,98.7486978881331,267022.41,666351.75,12,8,91.735
NS66NE_3110,1,3_2,6.62976119151,-9999.0,-9999.0,-9999.0,84.1460037231,216.232438073962,62.7738928566003,267185.55,666336.82,12,8,84.146
NS66NE_3113,1,3_2,10.1607835777,-9999.0,-9999.0,-9999.0,92.8099975586,596.067500962242,139.660916280961,266942.98,666347.3,56,30,92.81
NS66NE_3117,1,3_2,6.30000278222,-9999.0,-9999.0,-9999.0,83.9879989624,269.043743775832,76.7949131162822,267223.19,666330.72,28,16,83.988
NS66NE_3121,1,3_2,6.81763133572,-9999.0,-9999.0,-9999.0,89.7470016479,497.833423756823,110.506969270736,267085.2,666333.03,20,12,89.747
NS66NE_3123,1,3_2,6.60633241085,-9999.0,-9999.0,-9999.0,87.0410003662,173.948283936741,53.3105230803111,267141.01,666319.33,12,8,87.041
NS66NE_3136,1,3_2,10.0511139848,-9999.0,-9999.0,-9999.0,91.2900009155,218.00162153548,62.2261533333339,266962.56,666309.02,12,8,91.29
NS66NE_3137,1,3_2,9.51492823373,-9999.0,-9999.0,-9999.0,90.7420883179,629.949210360375,135.567537285931,267003.17,666311.29,12,8,90.742
NS66NE_3138,1,3_2,6.52112558462,-9999.0,-9999.0,-9999.0,84.1689987183,141.667630639186,48.6665859957298,267200.92,666302.25,12,8,84.169
NS66NE_3142,1,3_2,6.08665122238,-9999.0,-9999.0,-9999.0,83.6640014648,245.399089395247,70.8880736988276,267233.1,666301.46,12,8,83.664
NS66NE_3143,1,3_2,6.03010555854,-9999.0,-9999.0,-9999.0,87.0650024414,185.729257111793,57.9109100962195,267127.84,666292.53,20,12,87.065
NS66NE_3145,1,3_2,5.96381773214,-9999.0,-9999.0,-9999.0,85.9300003052,127.598087377348,46.0099487887017,267178.86,666294.04,12,8,85.93
NS66NE_3147,1,3_2,6.98273837322,-9999.0,-9999.0,-9999.0,88.4789962769,230.767267262233,62.7684600040949,267091.77,666295.03,12,8,88.479
NS66NE_3152,1,3_2,6.36403908964,-9999.0,-9999.0,-9999.0,86.1240005493,194.246229995467,57.7619253768001,267148.64,666283.69,20,12,86.124
NS66NE_3158,1,3_2,6.39626753642,-9999.0,-9999.0,-9999.0,83.7149963379,195.54697441199,60.6179399769394,267207.06,666275.19,12,8,83.715
NS66NE_3159,1,3_2,7.18066461361,-9999.0,-9999.0,-9999.0,88.4560012817,232.42346015565,63.3697422535013,267052.98,666277.69,12,8,88.456
NS66NE_3160,1,3_2,9.89390278304,-9999.0,-9999.0,-9999.0,89.4769973755,609.662580022315,133.377825836522,267015.98,666281.75,16,10,89.477
NS66NE_3161,1,3_2,6.68987472669,-9999.0,-9999.0,-9999.0,84.8590011597,147.067628317856,49.421905995022,267182.6,666272.91,12,8,84.859
NS66NE_3163,1,3_2,5.93171548843,-9999.0,-9999.0,-9999.0,87.3949966431,191.482201353267,57.3055336321924,267099.53,666271.53,24,14,87.395
NS66NE_3167,1,3_2,6.07329158566,-9999.0,-9999.0,-9999.0,83.3899993896,244.383112250278,70.846294644356,267243.11,666272.23,12,8,83.39
NS66NE_3172,1,3_2,14.7514926861,-9999.0,-9999.0,-9999.0,84.8199996948,61.9510087445836,34.9310330261693,266920.22,666256.95,20,12,84.82
NS66NE_3173,1,3_2,5.77960165953,-9999.0,-9999.0,-9999.0,87.5550003052,210.187890340505,62.2047921105846,267076.01,666256.78,12,8,87.555
NS66NE_3175,1,3_2,6.34975056719,-9999.0,-9999.0,-9999.0,84.2369995117,242.178839588771,68.9409608365437,267150.35,666258.16,20,12,84.237
NS66NE_1176,1,3_4,4.93635501553,-9999.0,-9999.0,-9999.0,86.1916656494,146.989462493597,60.2855170474381,267074.79,668123.55,36,20,86.192
NS66NE_1183,1,3_4,6.62561736191,-9999.0,-9999.0,-9999.0,85.6295547485,117.758838279382,43.4178088999833,267144.87,668122.91,12,8,85.63
NS66NE_1184,1,3_4,6.48096779271,-9999.0,-9999.0,-9999.0,84.841003418,97.3172221809478,39.472762860666,267316.05,668122.89,12,8,84.841
NS66NE_1192,1,3_4,6.58510645146,-9999.0,-9999.0,-9999.0,85.8470001221,126.422737503451,47.8809216243025,267132.01,668122.12,24,14,85.847
NS66NE_1198,1,3_4,5.52883037866,-9999.0,-9999.0,-9999.0,84.8619995117,111.713569910277,43.0331840625717,267327.51,668119.21,12,8,84.862
NS66NE_1200,1,3_4,6.74494703523,-9999.0,-9999.0,-9999.0,85.9240036011,92.9045999674672,40.2835647395973,267118.82,668118.25,20,12,85.924
NS66NE_1203,1,3_4,6.42041485425,-9999.0,-9999.0,-9999.0,85.0201339722,100.272929843389,40.0775827621059,267339.27,668117.02,12,8,85.02
NS66NE_1206,1,3_4,6.95498419473,-9999.0,-9999.0,-9999.0,85.9800033569,110.728333331486,44.2997303536856,267105.99,668116.04,20,12,85.98
NS66NE_1207,1,3_4,6.42867974264,-9999.0,-9999.0,-9999.0,84.3789978027,97.3997285458743,39.4967396874487,267454.21,668116.8,12,8,84.379
NS66NE_1213,1,3_4,5.73393917823,-9999.0,-9999.0,-9999.0,84.9804000854,97.6638634324026,40.956607918484,267350.56,668113.43,20,12,84.98
NS66NE_1215,1,3_4,5.78739685482,-9999.0,-9999.0,-9999.0,88.6549987793,92.4993752463244,38.4708986932327,266948.3,668112.56,12,8,88.655
NS66NE_1220,1,3_4,5.88329005941,-9999.0,-9999.0,-9999.0,87.5960006714,102.906747611081,44.0512063584713,266999.48,668112.45,28,16,87.596
NS66NE_1221,1,3_4,6.68236458635,-9999.0,-9999.0,-9999.0,85.891998291,90.635092210207,39.8997873289696,267092.35,668111.91,20,12,85.892
NS66NE_1224,1,3_4,5.28075234549,-9999.0,-9999.0,-9999.0,87.1719970703,410.003422246202,115.670454705932,267024.18,668124.02,76,40,87.172
NS66NE_1228,1,3_4,6.01600876563,-9999.0,-9999.0,-9999.0,85.736000061,366.867483261742,112.986443897317,267224.44,668110.93,52,28,85.736
NS66NE_1229,1,3_4,5.37942632639,-9999.0,-9999.0,-9999.0,87.0800018311,110.606810145094,46.2092419614165,267056.55,668109.32,20,12,87.08
NS66NE_1231,1,3_4,6.28912568446,-9999.0,-9999.0,-9999.0,85.7529983521,160.278936380671,50.9202016879662,267250.19,668109.43,12,8,85.753
NS66NE_1234,1,3_4,2.67558994876,-9999.0,-9999.0,-9999.0,88.7649993896,61.0553062519175,32.4744042916385,266922.95,668106.71,12,8,88.765
NS66NE_1235,1,3_4,6.16944054039,-9999.0,-9999.0,-9999.0,85.888999939,251.286480886998,86.607320242396,267191.13,668113.72,44,24,85.889
NS66NE_1236,1,3_4,6.3428313469,-9999.0,-9999.0,-9999.0,84.9390029907,152.231163713571,54.5347930564507,267364.87,668108.54,28,16,84.939
NS66NE_1240,1,3_4,5.74917768999,-9999.0,-9999.0,-9999.0,84.8514709473,97.6078258890204,41.0339767750328,267378.76,668104.97,20,12,84.852
NS66NE_1241,1,3_4,6.20874453846,-9999.0,-9999.0,-9999.0,84.2129974365,156.5661258462,50.3037404427141,267470.67,668107.16,12,8,84.213
NS66NE_1250,1,3_4,6.36098676753,-9999.0,-9999.0,-9999.0,85.4990005493,213.968059738455,84.1399991960586,267270.46,668103.31,44,24,85.499
NS66NE_1251,1,3_4,5.85383917609,-9999.0,-9999.0,-9999.0,84.8700027466,96.5311709585946,40.900121596666,267390.64,668101.62,20,12,84.87
NS66NE_1252,1,3_4,4.97715167636,-9999.0,-9999.0,-9999.0,87.888999939,765.682849920754,271.440195181189,266989.22,668120.5,140,72,87.889
NS66NE_1254,1,3_4,5.48532043002,-9999.0,-9999.0,-9999.0,87.1809997559,87.8962687500604,38.195681276727,267052.01,668100.0,16,10,87.181
NS66NE_1255,1,3_4,6.30162081909,-9999.0,-9999.0,-9999.0,86.0569992065,127.855377954243,48.393992053681,267083.27,668100.72,28,16,86.057
NS66NE_1256,1,3_4,6.45632022858,-9999.0,-9999.0,-9999.0,85.2990036011,102.234677753381,40.447533020686,267287.61,668098.72,12,8,85.299
NS66NE_1262,1,3_4,6.37428991868,-9999.0,-9999.0,-9999.0,84.8280029297,154.756468341409,55.0945258318561,267404.93,668098.25,28,16,84.828
NS66NE_1268,1,3_4,5.78766290011,-9999.0,-9999.0,-9999.0,85.8710021973,112.879794583123,45.3108762501397,267133.72,668095.57,20,12,85.871
NS66NE_1270,1,3_4,6.52622902953,-9999.0,-9999.0,-9999.0,84.7269973755,103.829478076343,40.7591693922272,267419.15,668095.11,12,8,84.727
NS66NE_1274,1,3_4,2.8535737326,-9999.0,-9999.0,-9999.0,86.266998291,23.1846187523176,27.6842880010686,267064.76,668091.97,16,10,86.267
NS66NE_1276,1,3_4,6.11328999993,-9999.0,-9999.0,-9999.0,85.3040008545,202.134553027821,83.6057424922758,267305.77,668094.54,52,28,85.304
NS66NE_1277,1,3_4,6.60065126865,-9999.0,-9999.0,-9999.0,84.547996521,109.154646331838,41.7951236321896,267431.44,668092.72,12,8,84.548
NS66NE_1279,1,3_4,6.19507750487,-9999.0,-9999.0,-9999.0,85.1350021362,79.5930031593964,35.7149329265775,267322.91,668091.28,12,8,85.135
NS66NE_1285,1,3_4,6.31373698705,-9999.0,-9999.0,-9999.0,85.0899963379,98.9221244249499,39.8121461531854,267336.04,668088.52,12,8,85.09
NS66NE_1295,1,3_4,5.55468276574,-9999.0,-9999.0,-9999.0,86.3730010986,165.882475726437,55.5146744763392,267077.34,668087.6,28,16,86.373
NS66NE_1300,1,3_4,5.94765049702,-9999.0,-9999.0,-9999.0,85.0569992065,94.0312763443429,40.053428365342,267346.16,668083.88,20,12,85.057
NS66NE_1301,1,3_4,6.53348438352,-9999.0,-9999.0,-9999.0,86.5260009766,110.151253114189,41.9821247102902,267192.28,668082.37,12,8,86.526
NS66NE_1309,1,3_4,6.12237557849,-9999.0,-9999.0,-9999.0,84.3570022583,155.903969578311,52.5915275726712,267449.21,668083.12,12,8,84.357
NS66NE_1310,1,3_4,6.36181433136,-9999.0,-9999.0,-9999.0,84.9929962158,152.74782701905,49.7278488869723,267359.97,668080.72,12,8,84.993
NS66NE_1314,1,3_4,6.18606639358,-9999.0,-9999.0,-9999.0,86.2939987183,83.5176777604378,36.576149917447,267212.4,668075.77,12,8,86.294
NS66NE_1315,1,3_4,5.9314530354,-9999.0,-9999.0,-9999.0,84.8099975586,91.9937779418432,39.6394001707552,267373.58,668076.75,20,12,84.81
NS66NE_1318,1,3_4,5.65850914717,-9999.0,-9999.0,-9999.0,85.7529983521,162.654040261673,56.3542460498094,267139.46,668078.04,20,12,85.753
NS66NE_1321,1,3_4,5.80875097191,-9999.0,-9999.0,-9999.0,86.1689987183,109.719067892672,44.4339850275844,267105.42,668074.95,20,12,86.169
NS66NE_1325,1,3_4,5.81977753264,-9999.0,-9999.0,-9999.0,84.8190002441,93.8607599340068,40.1341265425673,267383.89,668073.89,20,12,84.819
NS66NE_1331,1,3_4,6.20674746408,-9999.0,-9999.0,-9999.0,85.8069992065,113.743944834993,42.7016531385331,267125.5,668071.11,12,8,85.807
NS66NE_1332,1,3_4,5.48036185137,-9999.0,-9999.0,-9999.0,85.8899993896,388.432355976476,148.955342053056,267240.02,668074.69,80,46,85.89
NS66NE_1333,1,3_4,3.06379018096,-9999.0,-9999.0,-9999.0,87.8960037231,50.990467497246,28.6505530119082,266983.01,668069.62,12,8,87.896
NS66NE_1335,1,3_4,6.35677284035,-9999.0,-9999.0,-9999.0,84.7220001221,94.7399695814486,38.9920330706337,267395.22,668070.45,12,8,84.722
NS66NE_1344,1,3_4,5.81285529503,-9999.0,-9999.0,-9999.0,86.7259979248,149.664882710276,49.0669080889983,267191.75,668067.99,12,8,86.726
NS66NE_1352,1,3_4,5.77110055777,-9999.0,-9999.0,-9999.0,86.1119995117,113.697617516799,47.4170154324613,267105.49,668061.61,28,16,86.112
NS66NE_1353,1,3_4,2.4430042473,-9999.0,-9999.0,-9999.0,86.5329971313,39.6192306030445,26.470446096161,267211.92,668058.56,12,8,86.533
NS66NE_1357,1,3_4,5.2330310475,-9999.0,-9999.0,-9999.0,87.1600036621,1199.80776873101,393.840007363389,266973.73,668080.23,248,126,87.16
NS66NE_1360,1,3_4,6.55507327856,-9999.0,-9999.0,-9999.0,84.6943283081,97.0371755202441,39.40310112209,267427.95,668060.06,12,8,84.694
NS66NE_1362,1,3_4,5.90863187126,-9999.0,-9999.0,-9999.0,84.6610031128,94.4738947327567,40.2363628990061,267439.41,668059.46,20,12,84.661
NS66NE_1364,1,3_4,2.30362691243,-9999.0,-9999.0,-9999.0,87.0429992676,22.8695774969321,21.8641655869682,267044.04,668055.79,8,6,87.043
NS66NE_1365,1,3_4,6.03158926591,-9999.0,-9999.0,-9999.0,86.5189971924,277.28783337045,95.8274106655536,267068.13,668066.2,44,24,86.519
NS66NE_1366,1,3_4,6.19518236742,-9999.0,-9999.0,-9999.0,84.71900177,148.662725121365,51.3114669447171,267408.47,668059.57,12,8,84.719
NS66NE_1367,1,3_4,6.28828269133,-9999.0,-9999.0,-9999.0,85.983001709,97.148628541477,39.4733490821867,267246.04,668056.12,12,8,85.983
NS66NE_1373,1,3_4,4.96446724901,-9999.0,-9999.0,-9999.0,88.315246582,978.293738596231,330.403372485534,266912.59,668091.83,236,120,88.315
NS66NE_1374,1,3_4,6.11958023112,-9999.0,-9999.0,-9999.0,84.5094299316,199.331682007951,70.7232311293428,267454.76,668055.28,44,24,84.509
NS66NE_1377,1,3_4,5.24970474071,-9999.0,-9999.0,-9999.0,88.8949966431,468.985909983746,147.219769103335,266883.68,668071.59,96,50,88.895
NS66NE_1382,1,3_4,5.280021722,-9999.0,-9999.0,-9999.0,85.3389968872,507.387464337589,133.682271270496,267300.49,668057.49,44,24,85.339
NS66NE_1385,1,3_4,5.80886703781,-9999.0,-9999.0,-9999.0,86.7939987183,149.229461896539,49.0115090881609,267191.42,668052.0,12,8,86.794
NS66NE_1395,1,3_4,6.37797531254,-9999.0,-9999.0,-9999.0,83.9720001221,153.45272397674,54.3266945884204,267480.25,668051.23,28,16,83.972
NS66NE_1396,1,3_4,5.83524955516,-9999.0,-9999.0,-9999.0,86.9209976196,117.669603911949,45.8786445172305,267058.09,668048.06,20,12,86.921
NS66NE_1403,1,3_4,4.90201840833,-9999.0,-9999.0,-9999.0,87.3710021973,287.276659608074,117.184047117313,266999.25,668054.83,68,36,87.371
NS66NE_1409,1,3_4,5.57901557488,-9999.0,-9999.0,-9999.0,88.3539962769,173.12550041611,66.2095713220042,266937.1,668042.26,44,24,88.354
NS66NE_1412,1,3_4,5.66948626033,-9999.0,-9999.0,-9999.0,88.6149978638,75.2960406164532,36.8653431021859,266921.32,668040.98,20,12,88.615
NS66NE_1413,1,3_4,5.79442417266,-9999.0,-9999.0,-9999.0,87.8190002441,281.193107355388,98.4578552107005,266971.05,668051.47,60,32,87.819
NS66NE_1414,1,3_4,5.95259539129,-9999.0,-9999.0,-9999.0,86.3160018921,107.105966761442,41.4698154140999,267114.37,668041.11,12,8,86.316
NS66NE_1415,1,3_4,6.2041600489,-9999.0,-9999.0,-9999.0,86.3040008545,116.571064122951,43.1912367199182,267127.4,668041.39,12,8,86.304
NS66NE_1417,1,3_4,6.20421343453,-9999.0,-9999.0,-9999.0,86.7450027466,103.700763236645,40.7801488071635,267089.08,668040.82,12,8,86.745
NS66NE_1418,1,3_4,6.29011511146,-9999.0,-9999.0,-9999.0,86.6090011597,113.12751099465,42.569019555391,267101.75,668040.47,12,8,86.609
NS66NE_1420,1,3_4,6.09492642186,-9999.0,-9999.0,-9999.0,86.6510009766,93.5469246592336,38.7982577405157,267210.25,668039.62,12,8,86.651
NS66NE_1425,1,3_4,6.61593486191,-9999.0,-9999.0,-9999.0,86.8990020752,110.702992368411,42.0918649738743,267191.66,668037.3,12,8,86.899
NS66NE_1426,1,3_4,6.30612419666,-9999.0,-9999.0,-9999.0,86.6070022583,98.2172561931439,39.6773241972078,267221.24,668038.37,12,8,86.607
NS66NE_1434,1,3_4,7.10517693028,-9999.0,-9999.0,-9999.0,87.1460037231,107.27599977346,43.77019973979,267058.5,668034.73,20,12,87.146
NS66NE_1435,1,3_4,5.63071562547,-9999.0,-9999.0,-9999.0,86.2890014648,164.993461649998,56.5693522644567,267141.1,668036.81,20,12,86.289
NS66NE_1439,1,3_4,6.29245452144,-9999.0,-9999.0,-9999.0,86.0080032349,282.154968556986,82.5079860043511,267275.97,668038.25,44,24,86.008
NS66NE_1449,1,3_4,6.02658992606,-9999.0,-9999.0,-9999.0,85.5729980469,406.729781832897,117.60496170106,267309.66,668027.43,32,18,85.573
NS66NE_1453,1,3_4,5.96111357084,-9999.0,-9999.0,-9999.0,84.7519989014,286.952248041517,90.5155944246841,267422.1,668025.36,44,24,84.752
NS66NE_1456,1,3_4,6.28222177467,-9999.0,-9999.0,-9999.0,87.2630004883,101.339284267381,44.1700845637246,267053.36,668022.6,28,16,87.263
NS66NE_1459,1,3_4,5.16008043829,-9999.0,-9999.0,-9999.0,87.2289962769,792.935518754738,281.560883624933,267033.2,668055.99,172,88,87.229
NS66NE_1466,1,3_4,2.2716254717,-9999.0,-9999.0,-9999.0,83.9649963379,24.2499374993561,24.154029378821,267469.13,668016.86,8,6,83.965
NS66NE_1468,1,3_4,6.16804519598,-9999.0,-9999.0,-9999.0,84.3863296509,284.645948063231,94.0434561241428,267451.95,668020.8,48,26,84.386
NS66NE_1470,1,3_4,6.50716584826,-9999.0,-9999.0,-9999.0,83.9290008545,129.077986164456,45.6612219784427,267482.17,668016.75,12,8,83.929
NS66NE_1473,1,3_4,5.36929276201,-9999.0,-9999.0,-9999.0,84.7720031738,837.631194589464,236.874918161522,267358.64,668034.04,116,60,84.772
NS66NE_1475,1,3_4,5.48439030662,-9999.0,-9999.0,-9999.0,88.1520004272,84.6332225985513,39.862901075105,266957.09,668015.37,20,12,88.152
NS66NE_1477,1,3_4,6.31306448181,-9999.0,-9999.0,-9999.0,85.3949966431,216.528832818535,69.0610391078645,267348.48,668020.43,36,20,85.395
NS66NE_1479,1,3_4,6.016784205,-9999.0,-9999.0,-9999.0,86.0370025635,411.55591934092,153.534268679052,267239.9,668029.14,88,48,86.037
NS66NE_1481,1,3_4,5.31297153356,-9999.0,-9999.0,-9999.0,87.858001709,214.930912646103,71.91939488609,266973.02,668014.38,52,28,87.858
NS66NE_1482,1,3_4,6.17496423696,-9999.0,-9999.0,-9999.0,87.0049972534,101.356114160593,40.5615329780717,267084.5,668012.05,12,8,87.005
NS66NE_1486,1,3_4,6.77885901223,-9999.0,-9999.0,-9999.0,87.3740005493,90.348103946286,39.5475036091544,267049.88,668010.31,20,12,87.374
NS66NE_1488,1,3_4,6.53186821269,-9999.0,-9999.0,-9999.0,84.797996521,110.742900320657,43.0167387728692,267412.36,668010.06,20,12,84.798
NS66NE_1493,1,3_4,5.8730396644,-9999.0,-9999.0,-9999.0,86.4140014648,222.216617245091,78.9394936225392,267133.82,668013.26,44,24,86.414
NS66NE_1498,1,3_4,5.90993367975,-9999.0,-9999.0,-9999.0,83.861000061,88.0189003670394,38.0692520190609,267482.44,668003.79,12,8,83.861
NS66NE_1499,1,3_4,5.70088292132,-9999.0,-9999.0,-9999.0,85.8280029297,101.352310769708,44.813012689553,267345.13,668004.17,36,20,85.828
NS66NE_1500,1,3_4,6.26391545179,-9999.0,-9999.0,-9999.0,86.2919998169,110.319255721864,44.926924215203,267265.42,668003.89,20,12,86.292
NS66NE_1506,1,3_4,6.20104832674,-9999.0,-9999.0,-9999.0,87.0490036011,99.2714603861346,39.9049243058822,267080.48,668000.44,12,8,87.049
NS66NE_1507,1,3_4,5.35010453855,-9999.0,-9999.0,-9999.0,87.5490036011,174.471605534494,62.218401670818,267041.01,668001.09,44,24,87.549
NS66NE_1508,1,3_4,5.86296868575,-9999.0,-9999.0,-9999.0,84.7620010376,150.733901216607,49.3606199164432,267375.36,668001.86,12,8,84.762
NS66NE_1512,1,3_4,5.24593749333,-9999.0,-9999.0,-9999.0,88.3379974365,239.772377426107,86.0995098758299,266940.82,668006.47,52,28,88.338
NS66NE_1519,1,3_4,6.04886942286,-9999.0,-9999.0,-9999.0,84.8259963989,114.292441532407,43.7119986150628,267409.14,667996.32,20,12,84.826
NS66NE_1523,1,3_4,5.25478713493,-9999.0,-9999.0,-9999.0,88.6569976807,596.497944963033,222.471689897287,266896.43,668018.57,164,84,88.657
NS66NE_1524,1,3_4,4.96557203706,-9999.0,-9999.0,-9999.0,86.7799987793,148.866158942757,52.9622282364088,267139.22,667993.56,28,16,86.78
NS66NE_1533,1,3_4,5.95573191399,-9999.0,-9999.0,-9999.0,86.8430023193,104.549933891584,43.8521217747534,267108.44,667992.04,20,12,86.843
NS66NE_1535,1,3_4,5.86414078776,-9999.0,-9999.0,-9999.0,86.4150009155,97.0084022142369,40.5421395845176,267265.09,667990.53,20,12,86.415
NS66NE_1536,1,3_4,6.47459551314,-9999.0,-9999.0,-9999.0,84.6200027466,110.359276921897,42.0217317500116,267442.22,667991.21,12,8,84.62
NS66NE_1537,1,3_4,6.37287434927,-9999.0,-9999.0,-9999.0,84.4349975586,84.4773399211498,36.9788696720837,267454.4,667990.86,12,8,84.435
NS66NE_1538,1,3_4,6.09026184925,-9999.0,-9999.0,-9999.0,84.2173995972,95.1503649899566,39.5183816236293,267464.63,667990.46,12,8,84.217
NS66NE_1539,1,3_4,6.54461189379,-9999.0,-9999.0,-9999.0,84.8629989624,129.454841629234,51.735490461248,267430.2,667992.31,20,12,84.863
NS66NE_1543,1,3_4,5.12839500915,-9999.0,-9999.0,-9999.0,87.5979995728,343.086038915052,136.755008438668,267008.06,668003.55,108,56,87.598
NS66NE_1545,1,3_4,6.19245227051,-9999.0,-9999.0,-9999.0,86.6529998779,161.477572387419,53.5893243118589,267209.54,667990.65,28,16,86.653
NS66NE_1546,1,3_4,6.4898120077,-9999.0,-9999.0,-9999.0,84.9420013428,97.5118390114452,39.4993168303747,267372.49,667989.36,12,8,84.942
NS66NE_1549,1,3_4,6.30400025073,-9999.0,-9999.0,-9999.0,87.1050033569,106.595965481294,41.3466878632591,267076.2,667988.61,12,8,87.105
NS66NE_1553,1,3_4,5.9755798051,-9999.0,-9999.0,-9999.0,87.6669998169,149.113768586914,53.8252332269499,267034.83,667987.82,20,12,87.667
NS66NE_1554,1,3_4,5.95189833863,-9999.0,-9999.0,-9999.0,85.9390029907,396.730235384362,119.86869789536,267300.28,667992.53,48,26,85.939
NS66NE_1555,1,3_4,5.94621478686,-9999.0,-9999.0,-9999.0,83.6780014038,185.935983594895,61.6002976190822,267489.61,667988.2,20,12,83.678
NS66NE_1561,1,3_4,6.04419109868,-9999.0,-9999.0,-9999.0,85.8769989014,204.006899747795,63.4249715694968,267341.46,667989.5,36,20,85.877
NS66NE_1562,1,3_4,6.56133430118,-9999.0,-9999.0,-9999.0,84.8030014038,110.28744322581,42.007297399063,267407.86,667984.35,12,8,84.803
NS66NE_1576,1,3_4,5.9014831027,-9999.0,-9999.0,-9999.0,86.8600006104,106.001188081361,43.6239046434726,267139.59,667979.59,20,12,86.86
NS66NE_1579,1,3_4,5.49293797487,-9999.0,-9999.0,-9999.0,87.84400177,255.566241266075,97.6364355704031,266978.92,667986.98,68,36,87.844
NS66NE_1592,1,3_4,6.63683291382,-9999.0,-9999.0,-9999.0,84.9440002441,105.161771038,41.0209333315251,267371.94,667975.76,12,8,84.944
NS66NE_1593,1,3_4,5.52593627729,-9999.0,-9999.0,-9999.0,87.2245025635,119.972429994304,43.5743723594742,267068.94,667976.21,24,14,87.225
NS66NE_1594,1,3_4,5.78153837583,-9999.0,-9999.0,-9999.0,86.5510025024,155.353454042396,50.0929812865328,267262.0,667977.6,12,8,86.551
NS66NE_1595,1,3_4,6.11299128705,-9999.0,-9999.0,-9999.0,87.888999939,128.610267471248,48.6841106391458,267027.6,667977.05,24,14,87.889
NS66NE_1596,1,3_4,5.85964861586,-9999.0,-9999.0,-9999.0,87.0849990845,138.854084188633,51.4353737809159,267109.0,667976.37,28,16,87.085
NS66NE_1597,1,3_4,6.40568501955,-9999.0,-9999.0,-9999.0,85.8840026855,109.868651280863,44.6354143910715,267334.81,667974.02,20,12,85.884
NS66NE_1602,1,3_4,5.59847778142,-9999.0,-9999.0,-9999.0,86.8779983521,503.908884767497,129.125807925775,267189.03,667991.18,68,36,86.878
NS66NE_1610,1,3_4,4.81754050562,-9999.0,-9999.0,-9999.0,88.2509994507,778.995647846681,292.314305037041,266930.74,667981.76,164,84,88.251
NS66NE_1615,1,3_4,6.30350285506,-9999.0,-9999.0,-9999.0,86.9390029907,111.35254751263,42.28458875213,267140.36,667966.41,12,8,86.939
NS66NE_1623,1,3_4,6.53481427268,-9999.0,-9999.0,-9999.0,86.2600021362,127.766731790469,45.2370257002327,267280.29,667965.0,12,8,86.26
NS66NE_1628,1,3_4,6.57836537446,-9999.0,-9999.0,-9999.0,87.9029998779,102.276989655134,40.4972242058016,267026.82,667963.37,12,8,87.903
NS66NE_1629,1,3_4,6.50561451462,-9999.0,-9999.0,-9999.0,87.7880020142,124.288477503502,48.7435298639363,267101.85,667963.57,28,16,87.788
NS66NE_1630,1,3_4,6.26346079508,-9999.0,-9999.0,-9999.0,87.9329986572,109.50288268441,41.9165262744084,267007.19,667962.07,12,8,87.933
NS66NE_1631,1,3_4,5.83069420782,-9999.0,-9999.0,-9999.0,87.4869995117,106.655631969157,43.8919038572566,267061.35,667963.78,20,12,87.487
NS66NE_1633,1,3_4,6.35547439616,-9999.0,-9999.0,-9999.0,88.0569992065,96.9346744969949,43.3538552298697,266995.24,667962.15,28,16,88.057
NS66NE_1635,1,3_4,5.8319695594,-9999.0,-9999.0,-9999.0,86.7829971313,146.919993782522,48.6259283473367,267256.1,667962.77,12,8,86.783
NS66NE_1639,1,3_4,6.88280982227,-9999.0,-9999.0,-9999.0,84.6809997559,91.828318946995,38.9680053392495,267411.27,667958.08,12,8,84.681
NS66NE_1642,1,3_4,5.75295008495,-9999.0,-9999.0,-9999.0,88.3180007935,160.12151867379,55.8344405851604,266980.15,667960.02,20,12,88.318
NS66NE_1643,1,3_4,6.09243373904,-9999.0,-9999.0,-9999.0,84.5199966431,146.86108955998,48.9736974829292,267435.01,667957.84,12,8,84.52
NS66NE_1644,1,3_4,6.13969982101,-9999.0,-9999.0,-9999.0,84.3840026855,146.560237151937,48.9412227606168,267450.98,667957.86,12,8,84.384
NS66NE_1645,1,3_4,6.6733012718,-9999.0,-9999.0,-9999.0,83.8939971924,95.8912973525612,39.1706691217587,267494.15,667957.56,12,8,83.894
NS66NE_1648,1,3_4,6.64724594226,-9999.0,-9999.0,-9999.0,84.0828781128,106.394026466504,41.2757559429515,267465.12,667957.29,12,8,84.083
NS66NE_1655,1,3_4,6.07425956591,-9999.0,-9999.0,-9999.0,85.8290023804,290.274038356645,89.335671041201,267302.55,667959.1,44,24,85.829
NS66NE_1659,1,3_4,5.83984807148,-9999.0,-9999.0,-9999.0,86.5459976196,442.588871811449,133.091602707504,267224.52,667970.82,56,30,86.546
NS66NE_1661,1,3_4,6.19200877553,-9999.0,-9999.0,-9999.0,87.483001709,104.792983741851,40.9498134382571,267136.36,667953.52,12,8,87.483
NS66NE_1665,1,3_4,6.64419512297,-9999.0,-9999.0,-9999.0,85.6579971313,123.516804865956,44.4693120125587,267323.79,667953.9,12,8,85.658
NS66NE_1668,1,3_4,6.21310475319,-9999.0,-9999.0,-9999.0,84.5739974976,226.478135243353,76.2836851453066,267377.01,667958.11,44,24,84.574
NS66NE_1669,1,3_4,6.56293819178,-9999.0,-9999.0,-9999.0,87.9540023804,104.806139235935,41.0806468598375,267028.06,667951.12,12,8,87.954
NS66NE_1672,1,3_4,5.88053641061,-9999.0,-9999.0,-9999.0,88.0584030151,145.549658146138,48.454863583537,267091.19,667952.68,12,8,88.058
NS66NE_1673,1,3_4,6.32918770706,-9999.0,-9999.0,-9999.0,85.5579986572,140.427771823675,49.2656850932718,267337.67,667950.85,20,12,85.558
NS66NE_1678,1,3_4,6.4899906642,-9999.0,-9999.0,-9999.0,89.3880004883,108.811792301484,41.7863467279469,266956.64,667947.82,12,8,89.388
NS66NE_1682,1,3_4,6.47385883811,-9999.0,-9999.0,-9999.0,88.3909988403,105.333373625718,41.459107980903,266978.05,667945.76,12,8,88.391
NS66NE_1687,1,3_4,5.5926475459,-9999.0,-9999.0,-9999.0,89.5839996338,149.658342838498,49.2011279326152,266942.3,667945.18,12,8,89.584
NS66NE_1693,1,3_4,6.16295382851,-9999.0,-9999.0,-9999.0,89.3943786621,153.227257023693,49.7138777725764,266926.61,667943.77,12,8,89.394
NS66NE_1694,1,3_4,5.21738755127,-9999.0,-9999.0,-9999.0,85.1809997559,208.038789394887,64.8556041146047,267356.38,667944.62,20,12,85.181
NS66NE_1695,1,3_4,6.03352932879,-9999.0,-9999.0,-9999.0,84.5820007324,145.131437162493,48.6165024105878,267411.05,667944.36,12,8,84.582
NS66NE_1698,1,3_4,6.04479106422,-9999.0,-9999.0,-9999.0,89.2509994507,159.773371989309,51.4410121380996,266911.13,667941.07,20,12,89.251
NS66NE_1701,1,3_4,6.57340950801,-9999.0,-9999.0,-9999.0,84.5930023193,113.122910074676,42.6453546859427,267380.63,667939.89,12,8,84.593
NS66NE_1708,1,3_4,5.01537729079,-9999.0,-9999.0,-9999.0,83.7249984741,193.783870323643,95.1888745643282,267481.35,667943.63,52,28,83.725
NS66NE_1718,1,3_4,6.65516673194,-9999.0,-9999.0,-9999.0,88.1819992065,93.2739862450493,37.8394055956648,267038.61,667932.22,16,10,88.182
NS66NE_1722,1,3_4,6.26087291178,-9999.0,-9999.0,-9999.0,88.4459991455,108.972641618412,45.2166573370488,266979.85,667932.0,28,16,88.446
NS66NE_1723,1,3_4,6.11681982187,-9999.0,-9999.0,-9999.0,87.4069976807,146.168135036056,50.202935206171,267234.07,667931.61,20,12,87.407
NS66NE_1725,1,3_4,6.55710569948,-9999.0,-9999.0,-9999.0,88.4189987183,115.023819470887,42.9128082490053,267025.54,667930.52,12,8,88.419
NS66NE_1726,1,3_4,6.64599446781,-9999.0,-9999.0,-9999.0,84.5780029297,95.1482813957536,39.017818897767,267409.75,667929.36,12,8,84.578
NS66NE_1731,1,3_4,5.8939593511,-9999.0,-9999.0,-9999.0,84.5019989014,160.561488206168,54.2893623303099,267428.39,667927.87,20,12,84.502
NS66NE_1732,1,3_4,6.27179824541,-9999.0,-9999.0,-9999.0,84.4140014648,134.599763456913,48.1822109910779,267446.09,667927.65,20,12,84.414
NS66NE_1733,1,3_4,6.26377015624,-9999.0,-9999.0,-9999.0,84.1699981689,137.769107439745,48.6645734858959,267461.21,667927.65,20,12,84.17
NS66NE_1740,1,3_4,6.75385558352,-9999.0,-9999.0,-9999.0,83.9069976807,95.1125550155613,39.0114998680685,267475.04,667923.82,12,8,83.907
NS66NE_1749,1,3_4,5.82215937498,-9999.0,-9999.0,-9999.0,86.236000061,279.793470978415,113.013677686329,267270.02,667927.72,52,28,86.236
NS66NE_1750,1,3_4,5.98584805919,-9999.0,-9999.0,-9999.0,83.6709976196,182.295107133533,60.6711349426064,267491.87,667925.26,20,12,83.671
NS66NE_1754,1,3_4,5.63849876584,-9999.0,-9999.0,-9999.0,88.2730026245,161.772600645695,55.9815742561698,267113.75,667921.78,20,12,88.273
NS66NE_1760,1,3_4,6.45827790134,-9999.0,-9999.0,-9999.0,88.4349975586,96.5166911813823,38.7934308981579,266982.71,667918.17,16,10,88.435
NS66NE_1763,1,3_4,6.14146122943,-9999.0,-9999.0,-9999.0,85.6529998779,115.062708906287,43.0205737484826,267341.35,667917.86,12,8,85.653
NS66NE_1772,1,3_4,5.85990161754,-9999.0,-9999.0,-9999.0,88.0270004272,107.05391369609,41.8689632342369,267086.58,667914.88,20,12,88.027
NS66NE_1779,1,3_4,5.6588870486,-9999.0,-9999.0,-9999.0,85.6399993896,294.040859503243,113.95780754903,267317.14,667919.06,44,24,85.64
NS66NE_1780,1,3_4,5.55540617558,-9999.0,-9999.0,-9999.0,89.3779983521,147.524790873263,48.8467968057347,266954.1,667915.11,12,8,89.378
NS66NE_1782,1,3_4,6.21634650953,-9999.0,-9999.0,-9999.0,88.0210037231,109.665320739257,46.0386633053169,267132.43,667912.8,20,12,88.021
NS66NE_1783,1,3_4,6.41245392486,-9999.0,-9999.0,-9999.0,89.1169967651,109.154203623661,41.8558327418562,266920.63,667911.79,12,8,89.117
NS66NE_1784,1,3_4,6.02247616998,-9999.0,-9999.0,-9999.0,87.6520004272,148.3674998471,49.2600269753215,267198.95,667913.62,12,8,87.652
NS66NE_1787,1,3_4,6.05100518212,-9999.0,-9999.0,-9999.0,85.3079986572,116.227535215758,43.2977244595318,267367.9,667911.36,12,8,85.308
NS66NE_1789,1,3_4,6.60013265333,-9999.0,-9999.0,-9999.0,87.3359985352,124.564763774923,44.6568232257564,267249.89,667910.27,12,8,87.336
NS66NE_1794,1,3_4,6.19550221185,-9999.0,-9999.0,-9999.0,87.4440002441,273.060950016807,111.369416161524,267228.63,667913.44,52,28,87.444
NS66NE_1797,1,3_4,6.7740059007,-9999.0,-9999.0,-9999.0,88.5839996338,91.5562035458968,39.6151347199074,266985.18,667907.2,20,12,88.584
NS66NE_1798,1,3_4,5.73054432553,-9999.0,-9999.0,-9999.0,86.7819976807,199.330508676658,64.6358650233159,267273.73,667909.58,28,16,86.782
NS66NE_1807,1,3_4,2.34559268763,-9999.0,-9999.0,-9999.0,89.2570037842,26.6108324995492,20.7595393078817,266909.85,667900.01,12,8,89.257
NS66NE_1808,1,3_4,5.33180684101,-9999.0,-9999.0,-9999.0,86.4020004272,158.921313592472,56.4015518970004,267307.56,667905.31,20,12,86.402
NS66NE_1811,1,3_4,6.7591627581,-9999.0,-9999.0,-9999.0,87.8489990234,96.8562022600718,40.0092650953266,267200.56,667900.99,12,8,87.849
NS66NE_1818,1,3_4,5.41969868457,-9999.0,-9999.0,-9999.0,88.0660018921,258.136850239023,95.4199569438398,267069.47,667904.95,68,36,88.066
NS66NE_1820,1,3_4,5.30879161926,-9999.0,-9999.0,-9999.0,87.9169998169,182.09540997277,63.1445402123992,267147.66,667902.99,36,20,87.917
NS66NE_1821,1,3_4,7.21885946853,-9999.0,-9999.0,-9999.0,88.2350006104,102.265359351378,43.4832877740148,267032.5,667898.69,20,12,88.235
NS66NE_1822,1,3_4,5.98226824674,-9999.0,-9999.0,-9999.0,88.1119995117,145.840110152003,48.5533317424092,267047.67,667898.19,12,8,88.112
NS66NE_1826,1,3_4,5.5920233413,-9999.0,-9999.0,-9999.0,89.2549972534,153.417367768921,53.3947412625296,266958.28,667899.37,20,12,89.255
NS66NE_1829,1,3_4,5.7725675534,-9999.0,-9999.0,-9999.0,88.4120025635,122.595191138115,47.00804860352,267006.04,667898.19,20,12,88.412
NS66NE_1830,1,3_4,6.11985888724,-9999.0,-9999.0,-9999.0,89.1460037231,151.998048476847,49.4577335364816,266922.2,667897.56,12,8,89.146
NS66NE_1835,1,3_4,6.59305054164,-9999.0,-9999.0,-9999.0,84.8320007324,122.7249920887,44.3237319546945,267395.04,667896.49,12,8,84.832
NS66NE_1837,1,3_4,6.58767460708,-9999.0,-9999.0,-9999.0,83.8369979858,117.2968970123,43.4549351904505,267468.19,667893.96,12,8,83.837
NS66NE_1839,1,3_4,6.09728940553,-9999.0,-9999.0,-9999.0,84.2969970703,145.508132323836,48.7910054184906,267412.46,667894.07,12,8,84.297
NS66NE_1840,1,3_4,6.03232048942,-9999.0,-9999.0,-9999.0,84.2030029297,147.181271696118,49.0090458434922,267429.43,667894.07,12,8,84.203
NS66NE_1841,1,3_4,6.68507572489,-9999.0,-9999.0,-9999.0,83.81199646,112.610219069218,42.5601885204841,267490.62,667893.58,12,8,83.812
NS66NE_1844,1,3_4,6.29188144632,-9999.0,-9999.0,-9999.0,87.7429962158,95.8112893482205,39.183792142217,267091.99,667893.28,12,8,87.743
NS66NE_1845,1,3_4,6.57496123443,-9999.0,-9999.0,-9999.0,84.0920028687,98.6691262470066,42.9393720839853,267442.91,667893.37,16,10,84.092
NS66NE_1846,1,3_4,6.7438618377,-9999.0,-9999.0,-9999.0,83.8180007935,95.7582554736174,39.7283056674982,267455.49,667892.77,12,8,83.818
NS66NE_1847,1,3_4,5.73035832078,-9999.0,-9999.0,-9999.0,88.5459976196,160.098955455095,56.2738137984051,266991.15,667893.43,20,12,88.546
NS66NE_1863,1,3_4,5.51969985894,-9999.0,-9999.0,-9999.0,85.358001709,295.018522805427,122.887418824498,267367.03,667892.73,60,34,85.358
NS66NE_1864,1,3_4,6.58149384007,-9999.0,-9999.0,-9999.0,88.986000061,103.500344757253,40.7040958402634,266959.17,667885.16,12,8,88.986
NS66NE_1865,1,3_4,6.20743743896,-9999.0,-9999.0,-9999.0,87.8420028687,113.66633800984,42.6518891087882,267148.44,667885.79,16,10,87.842
NS66NE_1867,1,3_4,5.88481932705,-9999.0,-9999.0,-9999.0,87.9339981079,106.389504934243,44.1587633911904,267102.46,667886.14,20,12,87.934
NS66NE_1868,1,3_4,5.8847886167,-9999.0,-9999.0,-9999.0,86.7760009766,191.524149443723,61.9892634812667,267301.21,667886.08,20,12,86.776
NS66NE_1872,1,3_4,3.16236487262,-9999.0,-9999.0,-9999.0,83.5256652832,58.1061675031556,30.6053116162651,267478.7,667881.6,12,8,83.526
NS66NE_1878,1,3_4,5.74887766838,-9999.0,-9999.0,-9999.0,85.6019973755,327.595593192971,111.019041005624,267337.5,667887.19,60,32,85.602
NS66NE_1879,1,3_4,5.59229033898,-9999.0,-9999.0,-9999.0,89.0869979858,146.090869949602,48.5762768435998,266925.49,667881.88,12,8,89.087
NS66NE_1882,1,3_4,6.24524379655,-9999.0,-9999.0,-9999.0,88.533996582,91.1472870984564,39.7068715924653,267000.59,667878.43,20,12,88.534
NS66NE_1889,1,3_4,5.74392187295,-9999.0,-9999.0,-9999.0,88.3939971924,120.901206288215,46.6230969057555,267037.99,667877.56,20,12,88.394
NS66NE_1890,1,3_4,6.23642112435,-9999.0,-9999.0,-9999.0,88.0780029297,102.468144276571,40.5066029835819,267114.65,667878.49,12,8,88.078
NS66NE_1892,1,3_4,5.88910968278,-9999.0,-9999.0,-9999.0,87.0930023193,146.493128362324,57.1120746526531,267281.83,667878.56,28,16,87.093
NS66NE_1893,1,3_4,5.7936890342,-9999.0,-9999.0,-9999.0,87.7470016479,295.385474543835,95.1010771346555,267216.0,667877.47,36,20,87.747
NS66NE_1895,1,3_4,5.61345862759,-9999.0,-9999.0,-9999.0,87.1640014648,169.725923735033,55.1699973738392,267265.35,667876.16,20,12,87.164
NS66NE_1899,1,3_4,6.54340056441,-9999.0,-9999.0,-9999.0,87.5329971313,128.347402743869,45.3434316101718,267250.4,667875.3,12,8,87.533
NS66NE_1900,1,3_4,6.09003044228,-9999.0,-9999.0,-9999.0,87.9840011597,105.173145301956,41.1336000591421,267151.97,667873.8,12,8,87.984
NS66NE_1901,1,3_4,6.71900366695,-9999.0,-9999.0,-9999.0,87.71900177,96.0325307986364,39.8011585165641,267238.29,667874.55,12,8,87.719
NS66NE_1916,1,3_4,6.43240598222,-9999.0,-9999.0,-9999.0,89.2559967041,109.693084963353,41.9367634890251,266927.59,667867.74,12,8,89.256
NS66NE_1919,1,3_4,5.13350857925,-9999.0,-9999.0,-9999.0,88.1549987793,136.990160818377,49.4757125114797,267125.08,667867.55,20,12,88.155
NS66NE_1921,1,3_4,5.78870917898,-9999.0,-9999.0,-9999.0,88.4339981079,119.774421980457,46.391553235923,267037.66,667864.43,20,12,88.434
NS66NE_1936,1,3_4,5.61463234425,-9999.0,-9999.0,-9999.0,88.0960006714,162.353767626109,56.1865375926786,267143.02,667858.62,20,12,88.096
NS66NE_1943,1,3_4,2.54770289241,-9999.0,-9999.0,-9999.0,89.2269973755,47.7901354478357,28.2502865249409,266935.59,667853.44,12,8,89.227
NS66NE_1944,1,3_4,5.64103572489,-9999.0,-9999.0,-9999.0,89.3180007935,106.216235518978,44.6022077864074,266948.06,667853.54,20,12,89.318
NS66NE_1946,1,3_4,6.1437625691,-9999.0,-9999.0,-9999.0,89.1740036011,150.341027316102,49.1584023350624,266963.28,667852.29,12,8,89.174
NS66NE_1947,1,3_4,5.27342010644,-9999.0,-9999.0,-9999.0,89.0189971924,163.292044655708,53.027028578289,266978.36,667852.32,20,12,89.019
NS66NE_1948,1,3_4,5.74528691026,-9999.0,-9999.0,-9999.0,88.6460037231,123.333551149281,47.0854897222188,267035.89,667851.23,20,12,88.646
NS66NE_1951,1,3_4,5.49658459586,-9999.0,-9999.0,-9999.0,88.7519989014,151.389971770205,49.426333252614,266995.36,667851.69,12,8,88.752
NS66NE_1955,1,3_4,5.44903163501,-9999.0,-9999.0,-9999.0,88.6689987183,164.458621119844,51.5269852347609,267011.6,667850.91,12,8,88.669
NS66NE_1965,1,3_4,2.69382799589,-9999.0,-9999.0,-9999.0,88.8499984741,33.0670275030028,23.1873482940839,267026.07,667841.25,12,8,88.85
NS66NE_1004,1,3_5,6.39920256859,-9999.0,-9999.0,-9999.0,84.6289978027,97.8578231123411,39.5895624266448,267356.05,668208.07,12,8,84.629
NS66NE_1006,1,3_5,5.08388111921,-9999.0,-9999.0,-9999.0,87.6989974976,204.764734774893,72.7286823847673,266962.04,668211.42,52,28,87.699
NS66NE_1012,1,3_5,4.33200706894,-9999.0,-9999.0,-9999.0,87.5680007935,139.511675614408,70.3770324098809,266978.57,668208.22,44,24,87.568
NS66NE_1018,1,3_5,4.87925794844,-9999.0,-9999.0,-9999.0,86.5490036011,343.407846417585,120.760625014765,267035.75,668210.75,68,36,86.549
NS66NE_1023,1,3_5,5.70932721119,-9999.0,-9999.0,-9999.0,84.7399978638,99.1028135620503,41.2523603284132,267365.52,668199.57,20,12,84.74
NS66NE_1024,1,3_5,5.54388073268,-9999.0,-9999.0,-9999.0,85.56300354,259.037890688379,97.629993372338,267134.86,668201.82,36,22,85.563
NS66NE_1026,1,3_5,5.34342757369,-9999.0,-9999.0,-9999.0,85.7440032959,117.980885672392,47.3788684723392,267114.23,668199.0,20,12,85.744
NS66NE_1033,1,3_5,6.30273619314,-9999.0,-9999.0,-9999.0,85.2259979248,113.695597063749,46.1640130346807,267255.83,668195.51,20,12,85.226
NS66NE_1034,1,3_5,6.57911951402,-9999.0,-9999.0,-9999.0,85.1610031128,107.527007625688,41.4787777734804,267279.84,668194.69,12,8,85.161
NS66NE_1035,1,3_5,6.41077390163,-9999.0,-9999.0,-9999.0,84.9728317261,105.644812616528,41.1228278837834,267293.99,668194.56,12,8,84.973
NS66NE_1036,1,3_5,6.43254471796,-9999.0,-9999.0,-9999.0,85.141998291,98.7661399903599,39.7916494762461,267242.7,668193.69,12,8,85.142
NS66NE_1040,1,3_5,5.70246879301,-9999.0,-9999.0,-9999.0,85.2460021973,100.1199224997,44.1622516707734,267217.42,668192.14,24,14,85.246
NS66NE_1042,1,3_5,5.6600492082,-9999.0,-9999.0,-9999.0,87.0820007324,332.263309123458,101.84081527235,266999.92,668203.8,76,40,87.082
NS66NE_1043,1,3_5,5.8501887134,-9999.0,-9999.0,-9999.0,85.2580032349,147.290760265781,48.6812925901974,267199.96,668192.98,12,8,85.258
NS66NE_1044,1,3_5,6.43788264037,-9999.0,-9999.0,-9999.0,84.7630004883,100.73109725525,40.1467322421815,267306.43,668191.05,12,8,84.763
NS66NE_1047,1,3_5,5.38328590576,-9999.0,-9999.0,-9999.0,85.0449981689,107.186954991276,39.6007867891209,267229.76,668191.87,20,12,85.045
NS66NE_1049,1,3_5,5.59752428164,-9999.0,-9999.0,-9999.0,85.9499969482,360.916595681679,114.608415566414,267094.2,668204.9,60,32,85.95
NS66NE_1050,1,3_5,5.27900837865,-9999.0,-9999.0,-9999.0,87.0459976196,111.316409207047,45.1892893000706,267031.85,668187.9,20,12,87.046
NS66NE_1054,1,3_5,5.85179524933,-9999.0,-9999.0,-9999.0,84.8199996948,146.477780832021,48.533218653809,267374.53,668190.47,12,8,84.82
NS66NE_1055,1,3_5,5.79160097874,-9999.0,-9999.0,-9999.0,87.8629989624,139.969010860251,48.6780843573173,266905.31,668189.1,20,12,87.863
NS66NE_1056,1,3_5,5.66447200921,-9999.0,-9999.0,-9999.0,84.7460021973,99.8419974753605,41.5460997082463,267318.27,668187.59,20,12,84.746
NS66NE_1060,1,3_5,3.40552007741,-9999.0,-9999.0,-9999.0,86.8880004883,30.6604049968458,22.6484688664871,267043.96,668183.66,12,8,86.888
NS66NE_1062,1,3_5,6.37642449908,-9999.0,-9999.0,-9999.0,84.8239974976,109.515146703262,41.8602927578411,267329.27,668184.79,12,8,84.824
NS66NE_1064,1,3_5,5.70193285869,-9999.0,-9999.0,-9999.0,85.2180023193,100.402059377908,41.4509948924375,267201.41,668180.81,20,12,85.218
NS66NE_1071,1,3_5,6.36521874547,-9999.0,-9999.0,-9999.0,84.9029998779,100.230354320271,40.0778099612899,267339.96,668177.06,12,8,84.903
NS66NE_1072,1,3_5,5.31069820732,-9999.0,-9999.0,-9999.0,87.9561691284,764.610717651974,237.812459256459,266882.86,668209.24,156,80,87.956
NS66NE_1073,1,3_5,5.40760416422,-9999.0,-9999.0,-9999.0,86.2519989014,337.009649257419,127.326596289141,267057.81,668186.87,92,48,86.252
NS66NE_1074,1,3_5,5.80158358416,-9999.0,-9999.0,-9999.0,84.7880020142,149.253628410605,49.1245185094872,267388.14,668177.74,12,8,84.788
NS66NE_1083,1,3_5,6.22251497171,-9999.0,-9999.0,-9999.0,85.1539993286,161.296922700228,55.7859590912144,267249.65,668171.05,28,16,85.154
NS66NE_1088,1,3_5,6.27964508057,-9999.0,-9999.0,-9999.0,84.8489990234,108.32734281449,41.641967364091,267349.23,668168.59,12,8,84.849
NS66NE_1089,1,3_5,6.13540467293,-9999.0,-9999.0,-9999.0,85.0199966431,119.053750886004,48.3112732977713,267283.69,668166.63,28,16,85.02
NS66NE_1090,1,3_5,6.47025381602,-9999.0,-9999.0,-9999.0,84.7170028687,105.546456777201,41.0963549166481,267398.52,668167.56,12,8,84.717
NS66NE_1104,1,3_5,6.54574554938,-9999.0,-9999.0,-9999.0,85.2819976807,111.932199958618,42.9900893882805,267196.69,668158.56,20,12,85.282
NS66NE_1105,1,3_5,6.52408608936,-9999.0,-9999.0,-9999.0,85.1100006104,106.832702439822,41.3505693595903,267358.58,668159.62,12,8,85.11
NS66NE_1109,1,3_5,5.23181696752,-9999.0,-9999.0,-9999.0,87.0469970703,1240.00584044576,389.303868983128,266975.8,668171.67,284,144,87.047
NS66NE_1110,1,3_5,5.62287501235,-9999.0,-9999.0,-9999.0,88.2600021362,425.694593094254,128.481832206844,266932.37,668156.74,48,26,88.26
NS66NE_1111,1,3_5,6.27626748662,-9999.0,-9999.0,-9999.0,84.5820007324,156.901214473707,51.9729506060635,267409.64,668158.15,20,12,84.582
NS66NE_1113,1,3_5,6.03593570449,-9999.0,-9999.0,-9999.0,84.8460006714,333.724083696495,97.6540023848571,267306.89,668158.81,60,32,84.846
NS66NE_1119,1,3_5,5.12931852779,-9999.0,-9999.0,-9999.0,88.1579971313,228.759041049619,70.0916543069803,266896.15,668158.28,36,20,88.158
NS66NE_1126,1,3_5,6.24142996399,-9999.0,-9999.0,-9999.0,85.1429977417,113.227906521345,45.5202293762713,267214.49,668151.25,20,12,85.143
NS66NE_1127,1,3_5,5.9067076463,-9999.0,-9999.0,-9999.0,85.1320037842,148.305990753968,48.8433681020094,267336.3,668152.09,12,8,85.132
NS66NE_1129,1,3_5,5.73080469638,-9999.0,-9999.0,-9999.0,84.6740036011,99.4599502083453,41.3064368916044,267420.21,668148.69,20,12,84.674
NS66NE_1134,1,3_5,5.71379185683,-9999.0,-9999.0,-9999.0,85.4509963989,334.834269951456,118.220068811098,267128.62,668158.47,64,34,85.451
NS66NE_1136,1,3_5,6.35251685551,-9999.0,-9999.0,-9999.0,85.1849975586,112.761981201668,45.8305408964004,267192.21,668145.34,20,12,85.185
NS66NE_1141,1,3_5,2.86992204396,-9999.0,-9999.0,-9999.0,85.2429962158,77.8543513407613,35.7791529975179,267146.55,668142.88,12,8,85.243
NS66NE_1145,1,3_5,6.13252592877,-9999.0,-9999.0,-9999.0,85.0759963989,295.906933566863,94.7378756444004,267235.23,668143.31,28,16,85.076
NS66NE_1148,1,3_5,6.38298140784,-9999.0,-9999.0,-9999.0,85.0839996338,107.174816605613,41.4105628435307,267256.65,668138.4,12,8,85.084
NS66NE_1153,1,3_5,6.36530510854,-9999.0,-9999.0,-9999.0,84.5019989014,153.56864977401,50.2222694738703,267431.1,668138.41,12,8,84.502
NS66NE_1155,1,3_5,5.64575445142,-9999.0,-9999.0,-9999.0,84.9339981079,101.626755636552,41.7527653119722,267268.49,668134.85,20,12,84.934
NS66NE_1160,1,3_5,5.99578192514,-9999.0,-9999.0,-9999.0,85.4950027466,92.0109196286389,39.5965004362298,267189.46,668131.79,20,12,85.495
NS66NE_1161,1,3_5,6.318564865,-9999.0,-9999.0,-9999.0,84.9449996948,104.459372498721,40.8841511411854,267280.89,668132.01,12,8,84.945
NS66NE_1163,1,3_5,5.28002282187,-9999.0,-9999.0,-9999.0,85.8310012817,427.547841175122,156.243492832124,267095.4,668149.02,76,40,85.831
NS66NE_1170,1,3_5,5.74220904437,-9999.0,-9999.0,-9999.0,86.6569976807,136.100500212455,47.2459599854395,267057.55,668128.76,12,8,86.657
NS66NE_1171,1,3_5,5.71420460864,-9999.0,-9999.0,-9999.0,84.8430023193,100.033819768472,41.6073377249418,267292.44,668128.79,20,12,84.843
NS66NE_1174,1,3_5,5.70657535,-9999.0,-9999.0,-9999.0,84.9199981689,100.770560160806,41.6086461428755,267304.16,668125.47,20,12,84.92
NS66NE_1177,1,3_5,4.8661178659,-9999.0,-9999.0,-9999.0,88.4739990234,341.257582070511,116.441823646314,266955.1,668136.79,52,28,88.474
NS66NE_1180,1,3_5,6.32054019284,-9999.0,-9999.0,-9999.0,84.4925003052,156.673642156304,55.27178259167,267443.28,668126.46,28,16,84.493
NS66NE_501,1,3_5,2.46984349543,-9999.0,-9999.0,-9999.0,90.3529968262,51.3510225062264,28.8023577516198,267448.07,668534.96,12,8,90.353
NS66NE_502,1,3_5,2.29281411307,-9999.0,-9999.0,-9999.0,90.9359970093,47.3441694160874,28.01308507775,267465.8,668534.34,16,10,90.936
NS66NE_542,1,3_5,3.82198990182,-9999.0,-9999.0,-9999.0,88.766998291,450.338606661839,113.338180252027,267464.79,668512.95,48,26,88.767
NS66NE_572,1,3_5,2.90794798782,-9999.0,-9999.0,-9999.0,87.3280029297,45.6449812481878,27.2070309179331,267485.15,668483.66,12,8,87.328
NS66NE_612,1,3_5,2.30655700381,-9999.0,-9999.0,-9999.0,91.7676620483,103.397392502503,42.6124542312791,266880.47,668459.55,24,14,91.768
NS66NE_663,1,3_5,6.14889899008,-9999.0,-9999.0,-9999.0,87.3939971924,330.748349098143,116.240363460023,267029.95,668400.53,52,28,87.394
NS66NE_665,1,3_5,5.68783889582,-9999.0,-9999.0,-9999.0,87.3180007935,86.4125453052886,37.3276527272724,267052.21,668398.61,12,8,87.318
NS66NE_671,1,3_5,5.58572372818,-9999.0,-9999.0,-9999.0,87.875,428.541422019384,129.527415983518,266991.52,668397.33,92,48,87.875
NS66NE_672,1,3_5,2.31122368073,-9999.0,-9999.0,-9999.0,86.3860015869,27.9357374932134,21.334225885837,267105.4,668390.89,12,8,86.386
NS66NE_678,1,3_5,5.64689003847,-9999.0,-9999.0,-9999.0,88.5609970093,94.5782428689197,41.1256562474165,266958.38,668388.09,20,12,88.561
NS66NE_711,1,3_5,5.21535670409,-9999.0,-9999.0,-9999.0,87.0569992065,545.504028357945,151.193518861945,267018.58,668364.65,96,50,87.057
NS66NE_722,1,3_5,5.64752814091,-9999.0,-9999.0,-9999.0,86.4420013428,441.736254308077,109.691761625334,267063.31,668358.07,40,22,86.442
NS66NE_725,1,3_5,5.72105711028,-9999.0,-9999.0,-9999.0,88.2460021973,298.11552806686,103.549181656232,266969.92,668355.12,68,36,88.246
NS66NE_755,1,3_5,5.37198683674,-9999.0,-9999.0,-9999.0,85.4629974365,1576.7701409409,377.71117711027,267118.14,668362.83,256,130,85.463
NS66NE_763,1,3_5,5.76663277934,-9999.0,-9999.0,-9999.0,87.7170028687,328.539118243818,87.8044492639827,266985.85,668333.13,40,22,87.717
NS66NE_765,1,3_5,5.51327653616,-9999.0,-9999.0,-9999.0,86.6716690063,440.86394444497,141.237820263935,267050.38,668335.46,96,50,86.672
NS66NE_766,1,3_5,5.9911528308,-9999.0,-9999.0,-9999.0,85.4400024414,100.483845736839,42.7823003013929,267184.21,668324.05,20,12,85.44
NS66NE_769,1,3_5,5.65764338077,-9999.0,-9999.0,-9999.0,85.8519973755,212.182229565436,62.7253494508941,267119.11,668325.59,20,12,85.852
NS66NE_780,1,3_5,5.81924369597,-9999.0,-9999.0,-9999.0,86.1969985962,425.788741576289,118.859295276445,267085.24,668329.28,76,40,86.197
NS66NE_782,1,3_5,5.65521628701,-9999.0,-9999.0,-9999.0,87.6600036621,421.441334042594,125.081014643098,266957.17,668324.95,68,36,87.66
NS66NE_797,1,3_5,6.51790937976,-9999.0,-9999.0,-9999.0,85.0839996338,109.444728924079,41.850422020788,267258.65,668308.26,12,8,85.084
NS66NE_801,1,3_5,5.63449949526,-9999.0,-9999.0,-9999.0,87.40599823,322.789562170083,104.433352891452,267013.85,668314.24,68,36,87.406
NS66NE_815,1,3_5,6.42775601867,-9999.0,-9999.0,-9999.0,85.2630004883,107.716525566929,41.5148310448912,267249.65,668298.84,12,8,85.263
NS66NE_820,1,3_5,5.01897325886,-9999.0,-9999.0,-9999.0,85.388999939,262.2810627466,80.373799407157,267172.45,668298.0,52,28,85.389
NS66NE_822,1,3_5,5.30205208714,-9999.0,-9999.0,-9999.0,87.4359970093,436.35262926252,152.440443912812,266921.59,668304.44,92,48,87.436
NS66NE_829,1,3_5,6.28385134922,-9999.0,-9999.0,-9999.0,85.1129989624,115.821209953957,46.2324909290652,267281.44,668291.07,20,12,85.113
NS66NE_832,1,3_5,5.62978509974,-9999.0,-9999.0,-9999.0,86.7126617432,539.404533507443,158.531434111334,267052.1,668298.44,104,54,86.713
NS66NE_833,1,3_5,5.66888105302,-9999.0,-9999.0,-9999.0,87.5100021362,321.568012706741,88.551901949002,266990.21,668293.16,52,28,87.51
NS66NE_834,1,3_5,6.38511211356,-9999.0,-9999.0,-9999.0,85.4653549194,99.2461979359216,39.8635382209886,267243.73,668286.11,12,8,85.465
NS66NE_836,1,3_5,5.70584245057,-9999.0,-9999.0,-9999.0,87.6029968262,1418.4067917714,429.722123220917,266914.47,668334.1,252,128,87.603
NS66NE_854,1,3_5,5.89473652794,-9999.0,-9999.0,-9999.0,87.3460006714,269.382070183182,74.3194072925906,267016.3,668283.56,36,20,87.346
NS66NE_856,1,3_5,5.66452811746,-9999.0,-9999.0,-9999.0,86.5790023804,97.23265562324,41.7036584102747,267049.67,668277.91,20,12,86.579
NS66NE_868,1,3_5,5.78560462365,-9999.0,-9999.0,-9999.0,85.4440002441,140.395483268993,50.4960278237743,267238.8,668274.46,20,12,85.444
NS66NE_871,1,3_5,5.27445341887,-9999.0,-9999.0,-9999.0,85.9729995728,531.649167983025,182.357830819454,267101.27,668290.94,116,60,85.973
NS66NE_878,1,3_5,5.90682921574,-9999.0,-9999.0,-9999.0,85.0579986572,148.770128971648,48.9714111466753,267289.72,668270.57,12,8,85.058
NS66NE_887,1,3_5,5.58894587161,-9999.0,-9999.0,-9999.0,84.8980026245,101.030536605986,41.6894708624265,267300.86,668260.89,20,12,84.898
NS66NE_890,1,3_5,6.44548270559,-9999.0,-9999.0,-9999.0,85.4110031128,145.324069971576,48.4394755186606,267228.19,668256.84,12,8,85.411
NS66NE_893,1,3_5,5.79209584113,-9999.0,-9999.0,-9999.0,86.2929992676,230.230127236579,84.7792314267202,267049.17,668259.81,44,24,86.293
NS66NE_897,1,3_5,5.92228077823,-9999.0,-9999.0,-9999.0,86.4570007324,209.781235713642,68.6728480787707,267021.69,668257.24,36,20,86.457
NS66NE_899,1,3_5,6.35164066715,-9999.0,-9999.0,-9999.0,84.8489990234,99.128724548369,39.8584802117032,267308.52,668252.38,12,8,84.849
NS66NE_901,1,3_5,6.33024978638,-9999.0,-9999.0,-9999.0,85.2699966431,148.367105630902,48.8934130168426,267243.37,668252.01,12,8,85.27
NS66NE_905,1,3_5,5.91696278852,-9999.0,-9999.0,-9999.0,86.0329971313,212.356355409479,67.4668774381875,267086.3,668255.15,36,20,86.033
NS66NE_907,1,3_5,5.56318509094,-9999.0,-9999.0,-9999.0,87.0510025024,956.570209735735,285.531132824975,266965.35,668274.21,212,108,87.051
NS66NE_918,1,3_5,5.51356539305,-9999.0,-9999.0,-9999.0,85.4609985352,984.41318950553,282.138569975115,267126.28,668283.49,200,102,85.461
NS66NE_920,1,3_5,5.88580984063,-9999.0,-9999.0,-9999.0,85.1514053345,163.19244874491,63.9959379382748,267265.83,668247.9,28,16,85.151
NS66NE_921,1,3_5,5.71871743215,-9999.0,-9999.0,-9999.0,84.7710037231,99.1747011572134,41.3816957735394,267318.41,668244.6,20,12,84.771
NS66NE_934,1,3_5,5.11657437121,-9999.0,-9999.0,-9999.0,85.5130004883,629.073009614081,178.299266766249,267152.74,668260.4,104,54,85.513
NS66NE_939,1,3_5,6.24019700202,-9999.0,-9999.0,-9999.0,84.8509979248,106.975632877387,41.3792684802729,267284.04,668235.34,12,8,84.851
NS66NE_943,1,3_5,6.33296811607,-9999.0,-9999.0,-9999.0,84.5690002441,115.002621488774,46.3353071773052,267327.67,668235.14,20,12,84.569
NS66NE_958,1,3_5,6.50131295928,-9999.0,-9999.0,-9999.0,84.9840011597,108.490469428874,41.6635766455905,267239.31,668226.34,12,8,84.984
NS66NE_959,1,3_5,6.58416490202,-9999.0,-9999.0,-9999.0,84.9140014648,110.061860862415,41.9828181708561,267252.15,668226.82,12,8,84.914
NS66NE_962,1,3_5,6.43972355909,-9999.0,-9999.0,-9999.0,85.0199966431,148.261363522072,48.8920086239935,267224.81,668226.32,12,8,85.02
NS66NE_963,1,3_5,6.32562458306,-9999.0,-9999.0,-9999.0,84.5400009155,115.101951872034,46.1726424580418,267336.5,668227.18,20,12,84.54
NS66NE_966,1,3_5,6.39153545838,-9999.0,-9999.0,-9999.0,84.9384155273,111.61911634986,45.5852727475686,267265.75,668225.83,20,12,84.938
NS66NE_969,1,3_5,5.79087438866,-9999.0,-9999.0,-9999.0,84.6809997559,95.4401448708542,40.5383914370527,267290.09,668222.97,20,12,84.681
NS66NE_974,1,3_5,5.06195789094,-9999.0,-9999.0,-9999.0,87.1070022583,249.810381927057,96.9253232618058,266942.45,668228.62,60,32,87.107
NS66NE_980,1,3_5,6.44517169664,-9999.0,-9999.0,-9999.0,84.5419998169,112.365515030616,42.4058214207948,267348.62,668219.25,12,8,84.542
NS66NE_994,1,3_5,5.19449253706,-9999.0,-9999.0,-9999.0,86.4329986572,307.461526133663,107.451802368457,267057.86,668218.95,52,28,86.433
NS66NE_996,1,3_5,5.37955249772,-9999.0,-9999.0,-9999.0,87.7040023804,619.017939441578,187.020764282565,266908.32,668235.75,124,64,87.704
NS66NE_149,1,3_6,8.09120745846,-9999.0,-9999.0,-9999.0,92.5680007935,889.196429346941,138.441194550595,266901.24,668893.75,44,24,92.568
NS66NE_247,1,3_6,11.8927567805,-9999.0,-9999.0,-9999.0,94.7389984131,954.406952845696,145.663879294728,266980.9,668805.75,44,24,94.739
NS66NE_262,1,3_6,11.8793926643,-9999.0,-9999.0,-9999.0,94.0159988403,957.171602551022,145.243652711276,266908.86,668802.76,44,24,94.016
NS66NE_3761,1,4_0,5.94416402015,-9999.0,-9999.0,-9999.0,82.8939971924,157.680181208124,51.6161081725838,268102.03,665622.99,20,12,82.894
NS66NE_3767,1,4_0,5.41675983905,-9999.0,-9999.0,-9999.0,79.9940032959,136.123034730225,52.490332433739,267930.4,665616.68,28,16,79.994
NS66NE_3769,1,4_0,5.84976026236,-9999.0,-9999.0,-9999.0,81.3320007324,228.285068458124,72.6139665574629,268022.51,665617.01,44,24,81.332
NS66NE_3770,1,4_0,5.78919949482,-9999.0,-9999.0,-9999.0,82.2689971924,105.676951319549,41.1198367601221,268058.92,665610.79,16,10,82.269
NS66NE_3772,1,4_0,6.31964220319,-9999.0,-9999.0,-9999.0,82.7689971924,122.758804767394,44.6253894357063,268074.85,665607.07,12,8,82.769
NS66NE_3774,1,4_0,5.71275356753,-9999.0,-9999.0,-9999.0,78.4199981689,165.662372517364,57.0952673665013,267891.68,665606.43,28,16,78.42
NS66NE_3775,1,4_0,5.73919933665,-9999.0,-9999.0,-9999.0,81.047996521,165.490532513222,57.1461086994205,267990.81,665605.48,28,16,81.048
NS66NE_3776,1,4_0,6.34265744511,-9999.0,-9999.0,-9999.0,83.18800354,122.265736486839,44.5643129625184,268091.24,665602.65,12,8,83.188
NS66NE_3780,1,4_0,5.83864306621,-9999.0,-9999.0,-9999.0,81.452003479,159.222782671474,53.5640825324231,268014.12,665595.6,28,16,81.452
NS66NE_3782,1,4_0,5.46246293048,-9999.0,-9999.0,-9999.0,80.3300018311,314.366937625349,95.1629447438056,267945.99,665599.28,76,40,80.33
NS66NE_3787,1,4_0,5.63892064121,-9999.0,-9999.0,-9999.0,79.1600036621,135.075962660004,51.5839322253215,267909.66,665589.61,28,16,79.16
NS66NE_3792,1,4_0,5.55004479586,-9999.0,-9999.0,-9999.0,80.7620010376,132.691572541475,50.7266841170641,267964.32,665584.51,28,16,80.762
NS66NE_3794,1,4_0,6.17927559217,-9999.0,-9999.0,-9999.0,83.8000030518,274.633815908429,95.7062190764338,268114.24,665588.23,36,20,83.8
NS66NE_3798,1,4_0,5.73423431732,-9999.0,-9999.0,-9999.0,79.4749984741,162.021699530276,56.3643683163476,267921.62,665578.44,28,16,79.475
NS66NE_3805,1,4_0,6.31705281229,-9999.0,-9999.0,-9999.0,83.2139968872,135.662343233103,47.2453619645356,268072.47,665571.3,12,8,83.214
NS66NE_3814,1,4_0,5.82551852215,-9999.0,-9999.0,-9999.0,82.4029998779,246.19445931229,68.9216744342591,268048.29,665571.5,32,18,82.403
NS66NE_3821,1,4_0,7.16196626649,-9999.0,-9999.0,-9999.0,79.4970016479,952.287973524602,181.157742987483,267501.79,665576.81,84,44,79.497
NS66NE_3822,1,4_0,5.83395043279,-9999.0,-9999.0,-9999.0,80.9769973755,148.856029395019,53.8753828025877,267992.98,665562.99,28,16,80.977
NS66NE_3825,1,4_0,6.32762889822,-9999.0,-9999.0,-9999.0,83.4670028687,123.957345934737,44.8946001737758,268091.84,665560.48,12,8,83.467
NS66NE_3833,1,4_0,5.58600075249,-9999.0,-9999.0,-9999.0,80.236000061,133.564282924927,51.869401890845,267938.24,665554.2,28,16,80.236
NS66NE_3839,1,4_0,6.31861666755,-9999.0,-9999.0,-9999.0,81.8519973755,122.911591873836,44.6245674790349,268033.84,665551.12,12,8,81.852
NS66NE_3846,1,4_0,5.66192343831,-9999.0,-9999.0,-9999.0,81.1159973145,129.518099047917,50.6696324055461,267983.86,665549.86,28,16,81.116
NS66NE_3853,1,4_0,5.6064747318,-9999.0,-9999.0,-9999.0,80.6269989014,132.334786242253,51.065952013843,267951.31,665545.27,28,16,80.627
NS66NE_3857,1,4_0,5.67044469008,-9999.0,-9999.0,-9999.0,80.986000061,136.014254478242,51.4176285333525,267968.94,665539.68,36,20,80.986
NS66NE_3860,1,4_0,6.28905375333,-9999.0,-9999.0,-9999.0,81.3865966797,129.953250670224,45.9201756171597,268022.34,665538.66,12,8,81.387
NS66NE_3863,1,4_0,5.37032581422,-9999.0,-9999.0,-9999.0,82.9779968262,211.605666632675,76.0444844143537,268077.39,665540.37,44,24,82.978
NS66NE_3877,1,4_0,6.33277088101,-9999.0,-9999.0,-9999.0,83.4176025391,122.552377588284,44.6030230025174,268098.07,665527.44,12,8,83.418
NS66NE_3878,1,4_0,6.30354231641,-9999.0,-9999.0,-9999.0,83.8629989624,137.512172943385,47.5086539296875,268117.81,665527.72,12,8,83.863
NS66NE_3881,1,4_0,6.18502150642,-9999.0,-9999.0,-9999.0,81.0950012207,139.401987524969,47.8755557480569,268009.92,665525.92,12,8,81.095
NS66NE_3900,1,4_0,5.82754405441,-9999.0,-9999.0,-9999.0,81.9160003662,332.694832902395,106.64202600219,268058.78,665523.55,60,32,81.916
NS66NE_3912,1,4_0,5.59578753411,-9999.0,-9999.0,-9999.0,81.1070022583,134.981951214589,48.4938585045559,267992.68,665505.0,28,16,81.107
NS66NE_3913,1,4_0,5.82837647325,-9999.0,-9999.0,-9999.0,82.1139984131,160.463658941919,52.273143926443,268079.21,665505.67,20,12,82.114
NS66NE_3922,1,4_0,6.08649395654,-9999.0,-9999.0,-9999.0,82.6660003662,129.310618472852,49.9112050516122,268117.54,665497.67,28,16,82.666
NS66NE_3924,1,4_0,5.83923847005,-9999.0,-9999.0,-9999.0,81.6460037231,224.137213655764,67.2168971540032,268031.84,665499.94,20,12,81.646
NS66NE_3930,1,4_0,5.85918317163,-9999.0,-9999.0,-9999.0,81.125,157.966334044833,54.5440055840383,268006.31,665491.53,28,16,81.125
NS66NE_3933,1,4_0,6.25977695968,-9999.0,-9999.0,-9999.0,82.18699646,135.792479906639,47.0694340682522,268098.07,665489.64,12,8,82.187
NS66NE_3948,1,4_0,5.65454645697,-9999.0,-9999.0,-9999.0,81.2050018311,134.426903464796,48.2679254507726,268021.14,665479.54,28,16,81.205
NS66NE_3954,1,4_0,6.31605560425,-9999.0,-9999.0,-9999.0,81.7070007324,129.832417785601,46.1052363478234,268088.72,665472.36,12,8,81.707
NS66NE_3968,1,4_0,5.61781721764,-9999.0,-9999.0,-9999.0,81.6510009766,362.088986567496,106.783178278866,268053.41,665473.37,68,36,81.651
NS66NE_3970,1,4_0,6.29793176934,-9999.0,-9999.0,-9999.0,82.5230026245,131.511953937958,46.1886472678912,268123.38,665461.86,12,8,82.523
NS66NE_3993,1,4_0,5.84722577322,-9999.0,-9999.0,-9999.0,81.6299972534,242.89355020428,71.5224492203939,268075.1,665450.27,32,18,81.63
NS66NE_3999,1,4_0,6.31845461442,-9999.0,-9999.0,-9999.0,81.8199996948,116.099186590208,43.2442631257168,268114.55,665434.52,12,8,81.82
NS66NE_4204,1,4_0,7.68560695904,-9999.0,-9999.0,-9999.0,72.4020004272,376.667405630782,80.4954823019639,267837.03,665199.77,12,8,72.402
NS66NE_4215,1,4_0,7.55447569317,-9999.0,-9999.0,-9999.0,72.3929977417,302.900481604547,74.7521702406765,267859.63,665191.89,28,16,72.393
NS66NE_4221,1,4_0,7.81946148953,-9999.0,-9999.0,-9999.0,72.5569992065,429.482372361746,84.5146539438808,267881.72,665184.69,12,8,72.557
NS66NE_4231,1,4_0,7.63705351697,-9999.0,-9999.0,-9999.0,72.6549987793,363.538128393456,82.9741571112669,267905.95,665177.68,28,16,72.655
NS66NE_4265,1,4_0,3.82460482367,-9999.0,-9999.0,-9999.0,72.0670013428,136.833369505763,64.7188014446378,268010.38,665146.87,28,16,72.067
NS66NE_4300,1,4_0,8.11711014869,-9999.0,-9999.0,-9999.0,71.8499984741,892.217594978728,141.592904240392,267825.32,665129.11,36,20,71.85
NS66NE_4310,1,4_0,8.10932558615,-9999.0,-9999.0,-9999.0,71.9189987183,741.840354419346,124.75026346215,267885.59,665119.86,36,20,71.919
NS66NE_4311,1,4_0,3.46506900618,-9999.0,-9999.0,-9999.0,68.8379974365,410.462816767587,114.854377960071,268086.92,665114.69,44,24,68.838
NS66NE_4333,1,4_0,3.33295197183,-9999.0,-9999.0,-9999.0,68.625,51.2991037448017,34.3518325377467,268106.7,665094.0,20,12,68.625
NS66NE_4352,1,4_0,4.17877989389,-9999.0,-9999.0,-9999.0,68.2060012817,188.823053741773,58.8472909575648,268113.45,665083.2,24,14,68.206
NS66NE_4370,1,4_0,8.05987753808,-9999.0,-9999.0,-9999.0,71.7289962769,532.450747363731,94.9312132542687,267808.1,665083.28,16,10,71.729
NS66NE_4373,1,4_0,8.09553232412,-9999.0,-9999.0,-9999.0,71.8529968262,418.113097647384,87.6927083005331,267884.25,665079.6,28,16,71.853
NS66NE_4423,1,4_0,12.3707585268,-9999.0,-9999.0,-9999.0,72.4039993286,1175.36047593607,165.207550383041,267990.4,665054.51,68,36,72.404
NS66NE_4460,1,4_0,9.13404653381,-9999.0,-9999.0,-9999.0,69.8028259277,3857.14729987308,321.90859950821,267565.2,665014.08,44,24,69.803
NS66NE_3195,1,4_1,3.40405659292,-9999.0,-9999.0,-9999.0,86.8870010376,25.552162498971,27.0984491504615,267984.98,666221.85,16,10,86.887
NS66NE_3233,1,4_1,11.6958647217,-9999.0,-9999.0,-9999.0,83.0510025024,245.52309556273,71.0423277429694,267810.21,666179.36,28,16,83.051
NS66NE_3234,1,4_1,12.062795223,-9999.0,-9999.0,-9999.0,82.5999984741,235.639792927406,67.9227208499171,267785.72,666176.83,28,16,82.6
NS66NE_3235,1,4_1,12.6345302147,-9999.0,-9999.0,-9999.0,82.2399978638,231.631257997498,64.0508047170635,267761.43,666173.31,16,10,82.24
NS66NE_3252,1,4_1,11.9827058072,-9999.0,-9999.0,-9999.0,84.0510025024,917.074015372246,211.618956959101,267859.59,666162.19,84,44,84.051
NS66NE_3256,1,4_1,2.26935928053,-9999.0,-9999.0,-9999.0,84.0189971924,303.799255849572,103.032716296665,267843.01,666146.01,12,8,84.019
NS66NE_3271,1,4_1,2.29078881326,-9999.0,-9999.0,-9999.0,84.0510025024,298.22563305803,109.008648378059,267839.31,666133.31,28,16,84.051
NS66NE_3276,1,4_1,12.2646497798,-9999.0,-9999.0,-9999.0,82.1050033569,667.362337819788,157.179033977428,267749.5,666144.8,60,32,82.105
NS66NE_3278,1,4_1,12.2617828101,-9999.0,-9999.0,-9999.0,83.1569976807,432.921154265229,100.474935424249,267790.16,666129.66,12,8,83.157
NS66NE_3279,1,4_1,12.2963992201,-9999.0,-9999.0,-9999.0,84.8479995728,227.897204962313,63.2834821805337,267883.18,666128.55,12,8,84.848
NS66NE_3291,1,4_1,6.15695958031,-9999.0,-9999.0,-9999.0,82.7519989014,126.042447867886,46.830105488726,267690.75,666111.81,20,12,82.752
NS66NE_3296,1,4_1,5.69740357946,-9999.0,-9999.0,-9999.0,82.8759994507,140.006085710333,53.4546914673583,267705.47,666107.99,36,20,82.876
NS66NE_3298,1,4_1,6.3988767446,-9999.0,-9999.0,-9999.0,82.8290023804,121.769870835257,44.3993526233899,267722.4,666104.4,12,8,82.829
NS66NE_3299,1,4_1,6.56059371149,-9999.0,-9999.0,-9999.0,83.2770004272,115.894595007512,46.7987644346612,267674.99,666102.07,20,12,83.277
NS66NE_3300,1,4_1,6.51996566049,-9999.0,-9999.0,-9999.0,82.908996582,114.703233548045,43.9790082758405,267738.46,666100.56,20,12,82.909
NS66NE_3301,1,4_1,5.10126845281,-9999.0,-9999.0,-9999.0,83.3050003052,36.2239087445794,26.2475371811917,267696.27,666096.97,12,8,83.305
NS66NE_3303,1,4_1,12.2000323337,-9999.0,-9999.0,-9999.0,83.6650009155,896.961350300755,195.991686666899,267846.36,666106.06,44,24,83.665
NS66NE_3304,1,4_1,6.64062695984,-9999.0,-9999.0,-9999.0,83.18800354,115.925308700792,43.6529134195328,267754.29,666096.41,12,8,83.188
NS66NE_3318,1,4_1,6.53049214681,-9999.0,-9999.0,-9999.0,84.4560012817,112.772568278788,42.7569718364157,267669.03,666086.17,12,8,84.456
NS66NE_3320,1,4_1,6.51657225594,-9999.0,-9999.0,-9999.0,84.0240020752,117.365803390006,43.8432643031222,267805.69,666083.02,12,8,84.024
NS66NE_3322,1,4_1,6.55137050853,-9999.0,-9999.0,-9999.0,84.5719985962,112.072701241751,42.6966408218113,267707.54,666082.97,12,8,84.572
NS66NE_3327,1,4_1,6.57245712792,-9999.0,-9999.0,-9999.0,84.375,113.872991295216,43.0256319399488,267722.23,666079.12,12,8,84.375
NS66NE_3328,1,4_1,6.5601938562,-9999.0,-9999.0,-9999.0,84.1660003662,116.519820173955,43.5440216742424,267820.87,666078.94,12,8,84.166
NS66NE_3330,1,4_1,6.64226398164,-9999.0,-9999.0,-9999.0,83.8050003052,113.572471382799,42.883091284055,267762.24,666079.61,12,8,83.805
NS66NE_3333,1,4_1,6.52541481618,-9999.0,-9999.0,-9999.0,84.3519973755,113.637512637346,42.9646951518017,267836.23,666075.06,12,8,84.352
NS66NE_3335,1,4_1,6.54044579478,-9999.0,-9999.0,-9999.0,84.6029968262,110.987773287334,42.4179348410173,267692.17,666074.08,12,8,84.603
NS66NE_3336,1,4_1,7.72006934686,-9999.0,-9999.0,-9999.0,86.9469985962,3367.11810544356,393.469414725777,268096.7,666091.99,44,24,86.947
NS66NE_3339,1,4_1,6.42245762359,-9999.0,-9999.0,-9999.0,84.5979995728,115.478414370993,43.3619975226735,267851.36,666071.01,12,8,84.598
NS66NE_3341,1,4_1,6.49085054023,-9999.0,-9999.0,-9999.0,84.0270004272,120.428366751249,49.0102553800724,267789.03,666072.39,28,16,84.027
NS66NE_3342,1,4_1,6.59128341153,-9999.0,-9999.0,-9999.0,84.577003479,111.157479092085,42.4549075164481,267663.21,666070.95,12,8,84.577
NS66NE_3348,1,4_1,6.69130037449,-9999.0,-9999.0,-9999.0,84.3499984741,109.578427339881,42.128569922806,267757.9,666063.28,12,8,84.35
NS66NE_3353,1,4_1,6.59364600303,-9999.0,-9999.0,-9999.0,84.5810012817,109.4044570367,42.1730918048989,267688.37,666059.36,12,8,84.581
NS66NE_3354,1,4_1,6.62326679711,-9999.0,-9999.0,-9999.0,84.479598999,122.507444173594,49.5212054526174,267726.27,666056.99,28,16,84.48
NS66NE_3356,1,4_1,6.63778265772,-9999.0,-9999.0,-9999.0,84.4000015259,110.574059380044,42.4020789992,267785.66,666056.02,12,8,84.4
NS66NE_3357,1,4_1,6.61954111498,-9999.0,-9999.0,-9999.0,84.6409988403,109.118553652562,42.012283225689,267659.14,666055.16,12,8,84.641
NS66NE_3360,1,4_1,6.6633821466,-9999.0,-9999.0,-9999.0,85.1790008545,114.47416649129,43.106149297472,267859.8,666054.22,12,8,85.179
NS66NE_3362,1,4_1,6.54144524774,-9999.0,-9999.0,-9999.0,84.6340026855,113.29816846898,43.0255360690368,267742.5,666052.93,12,8,84.634
NS66NE_3372,1,4_1,6.58700382737,-9999.0,-9999.0,-9999.0,84.6169967651,110.525284963832,42.3614178642045,267684.39,666044.08,12,8,84.617
NS66NE_3373,1,4_1,7.87853061201,-9999.0,-9999.0,-9999.0,81.8899993896,1458.40276278734,230.291575371756,267515.54,666064.64,76,40,81.89
NS66NE_3375,1,4_1,6.76853744682,-9999.0,-9999.0,-9999.0,85.2490005493,109.899527739578,42.2821260969015,267793.78,666039.26,12,8,85.249
NS66NE_3378,1,4_1,6.66600187786,-9999.0,-9999.0,-9999.0,84.6169967651,108.70977907849,42.0095103919159,267653.44,666039.82,12,8,84.617
NS66NE_3382,1,4_1,6.77585747459,-9999.0,-9999.0,-9999.0,85.9260025024,111.536891806583,42.524441079344,267855.41,666038.04,12,8,85.926
NS66NE_3383,1,4_1,6.52686056073,-9999.0,-9999.0,-9999.0,85.6449966431,112.978146006891,42.9103309206067,267809.24,666035.29,12,8,85.645
NS66NE_3385,1,4_1,6.6741636623,-9999.0,-9999.0,-9999.0,86.0550003052,111.625055477341,42.6152749552933,267824.48,666031.24,12,8,86.055
NS66NE_3386,1,4_1,6.55588772975,-9999.0,-9999.0,-9999.0,84.6230010986,111.606988839313,42.5072563950355,267693.28,666029.25,12,8,84.623
NS66NE_3388,1,4_1,6.74356909512,-9999.0,-9999.0,-9999.0,86.5270004272,110.998491120134,42.4464883008064,267839.86,666027.34,12,8,86.527
NS66NE_3389,1,4_1,6.56898434086,-9999.0,-9999.0,-9999.0,84.641998291,111.37879794043,42.5898768770891,267727.14,666025.24,12,8,84.642
NS66NE_3390,1,4_1,6.53102757772,-9999.0,-9999.0,-9999.0,84.5120010376,114.703460248499,43.1318935937229,267709.4,666025.03,12,8,84.512
NS66NE_3395,1,4_1,6.49840668765,-9999.0,-9999.0,-9999.0,84.6979980469,113.751345408698,42.9233446919869,267743.56,666020.83,12,8,84.698
NS66NE_3398,1,4_1,6.65624976881,-9999.0,-9999.0,-9999.0,84.9629974365,108.996917700797,42.1167357254882,267760.02,666016.59,12,8,84.963
NS66NE_3402,1,4_1,6.43926452568,-9999.0,-9999.0,-9999.0,85.2080001831,118.614504871145,43.9493801655303,267775.4,666012.45,12,8,85.208
NS66NE_3404,1,4_1,6.51074637948,-9999.0,-9999.0,-9999.0,85.5200042725,126.984781963748,45.8610998963635,267790.8,666008.79,20,12,85.52
NS66NE_3407,1,4_1,6.57207156262,-9999.0,-9999.0,-9999.0,85.8140029907,107.288894608614,41.8307219429389,267806.1,666004.69,12,8,85.814
NS66NE_3414,1,4_1,6.60895136965,-9999.0,-9999.0,-9999.0,86.0439987183,115.001592476785,43.133239570349,267821.27,666000.32,12,8,86.044
NS66NE_3420,1,4_1,6.74970984573,-9999.0,-9999.0,-9999.0,86.6220016479,107.613878283204,41.9211408892658,267836.45,665996.46,12,8,86.622
NS66NE_3432,1,4_1,9.4669372152,-9999.0,-9999.0,-9999.0,85.3050003052,925.731638370846,225.710977421621,267678.82,665998.23,84,44,85.305
NS66NE_3444,1,4_1,9.19775743925,-9999.0,-9999.0,-9999.0,85.9479980469,701.648903346918,162.742070358837,267748.82,665978.22,60,32,85.948
NS66NE_3458,1,4_1,9.3451642687,-9999.0,-9999.0,-9999.0,86.6510009766,685.961701172199,158.422592754339,267807.76,665962.21,60,32,86.651
NS66NE_3470,1,4_1,4.36484810158,-9999.0,-9999.0,-9999.0,90.0759963989,284.594527439099,75.695504451179,268086.55,665940.77,12,8,90.076
NS66NE_3474,1,4_1,2.1708165949,-9999.0,-9999.0,-9999.0,81.1610031128,39.9841275000931,26.1629530636794,267514.47,665932.95,12,8,81.161
NS66NE_3475,1,4_1,4.37291684446,-9999.0,-9999.0,-9999.0,89.9010009766,282.61100941935,75.5158039545338,268053.75,665940.28,12,8,89.901
NS66NE_3487,1,4_1,4.22715931348,-9999.0,-9999.0,-9999.0,89.9530029297,283.196699782848,75.5271393009326,268080.03,665916.15,12,8,89.953
NS66NE_3498,1,4_1,14.3784844922,-9999.0,-9999.0,-9999.0,88.6630020142,68.832263086253,33.3691074035405,268116.42,665888.36,12,8,88.663
NS66NE_3500,1,4_1,9.95566470333,-9999.0,-9999.0,-9999.0,79.8290023804,3468.59416305111,389.196945734878,267619.08,665909.97,112,56,79.829
NS66NE_3518,1,4_1,7.45079267942,-9999.0,-9999.0,-9999.0,78.9280014038,212.26574253257,61.308868673962,267819.09,665855.56,20,12,78.928
NS66NE_3521,1,4_1,8.56250243419,-9999.0,-9999.0,-9999.0,78.7699966431,2732.55577783384,618.013454339621,267775.8,665892.92,396,200,78.77
NS66NE_3524,1,4_1,7.25984770358,-9999.0,-9999.0,-9999.0,81.141998291,1299.40060179107,289.458962999961,267885.62,665859.22,72,38,81.142
NS66NE_3531,1,4_1,6.83454374096,-9999.0,-9999.0,-9999.0,84.3239974976,678.351970988587,147.158590915768,267971.24,665836.74,60,32,84.324
NS66NE_3538,1,4_1,9.45455178363,-9999.0,-9999.0,-9999.0,86.0589981079,1287.67947255158,283.452426169627,268091.42,665835.43,108,56,86.059
NS66NE_3540,1,4_1,6.88117070611,-9999.0,-9999.0,-9999.0,85.1839981079,669.490647787666,143.172581027716,268028.9,665818.0,36,20,85.184
NS66NE_3544,1,4_1,6.62786122303,-9999.0,-9999.0,-9999.0,77.6009979248,1117.06503936777,248.528748194643,267868.22,665820.85,56,30,77.601
NS66NE_3546,1,4_1,6.31657515968,-9999.0,-9999.0,-9999.0,78.7009963989,148.191085397134,49.8495554960607,267932.1,665800.86,12,8,78.701
NS66NE_3548,1,4_1,6.13601358909,-9999.0,-9999.0,-9999.0,84.9560012817,153.652831872995,49.9572501942572,268103.68,665799.36,12,8,84.956
NS66NE_3549,1,4_1,6.24385218466,-9999.0,-9999.0,-9999.0,79.2600021362,205.84830507289,63.2908661290582,267955.1,665795.94,20,12,79.26
NS66NE_3551,1,4_1,9.33256643306,-9999.0,-9999.0,-9999.0,75.8079986572,763.402377201703,196.917743414351,267770.83,665805.47,92,48,75.808
NS66NE_3558,1,4_1,6.76783007363,-9999.0,-9999.0,-9999.0,81.4240036011,155.865228060537,50.1888706537117,268014.38,665788.5,12,8,81.424
NS66NE_3560,1,4_1,6.21663927198,-9999.0,-9999.0,-9999.0,80.0329971313,147.292524017226,49.7196797761785,267979.23,665786.76,12,8,80.033
NS66NE_3566,1,4_1,6.29360302871,-9999.0,-9999.0,-9999.0,77.4420013428,257.964521224107,75.1127031331239,267870.25,665783.62,36,20,77.442
NS66NE_3567,1,4_1,5.78473949535,-9999.0,-9999.0,-9999.0,81.5110015869,238.141676408239,70.1078299907839,268038.06,665780.77,20,12,81.511
NS66NE_3574,1,4_1,6.59353106139,-9999.0,-9999.0,-9999.0,77.5569992065,123.367287949903,46.547240525256,267892.58,665776.72,28,16,77.557
NS66NE_3578,1,4_1,6.68972302101,-9999.0,-9999.0,-9999.0,77.8170013428,117.999623873784,44.2271407438236,267903.31,665772.43,24,14,77.817
NS66NE_3579,1,4_1,6.59576658598,-9999.0,-9999.0,-9999.0,81.5049972534,153.366619978829,49.8651965313976,268063.94,665772.56,12,8,81.505
NS66NE_3587,1,4_1,9.14799864343,-9999.0,-9999.0,-9999.0,74.6800003052,489.715901345579,121.374217211776,267735.11,665779.17,44,24,74.68
NS66NE_3592,1,4_1,6.11623117,-9999.0,-9999.0,-9999.0,79.9509963989,213.191674158103,64.0185090877995,267992.94,665765.56,24,14,79.951
NS66NE_3596,1,4_1,6.59358399358,-9999.0,-9999.0,-9999.0,77.3690032959,202.975139278422,60.5452070365967,267864.61,665762.71,20,12,77.369
NS66NE_3598,1,4_1,6.59131577107,-9999.0,-9999.0,-9999.0,78.1890029907,362.071826247464,85.8990060509438,267925.47,665761.93,12,8,78.189
NS66NE_3602,1,4_1,6.06748469853,-9999.0,-9999.0,-9999.0,81.3539962769,131.495604701244,46.3776016295722,268033.53,665752.07,12,8,81.354
NS66NE_3605,1,4_1,5.9766193821,-9999.0,-9999.0,-9999.0,81.4820022583,212.827515763109,62.2870470757588,268081.78,665755.53,12,8,81.482
NS66NE_3611,1,4_1,7.12806365265,-9999.0,-9999.0,-9999.0,76.9550018311,639.376220945273,144.078788127475,267812.83,665761.36,28,16,76.955
NS66NE_3617,1,4_1,6.64422500286,-9999.0,-9999.0,-9999.0,77.8830032349,121.65159207806,44.3391785799586,267912.18,665741.69,12,8,77.883
NS66NE_3620,1,4_1,6.67431116025,-9999.0,-9999.0,-9999.0,79.7050018311,154.313538312206,50.8228365304219,268004.71,665741.52,20,12,79.705
NS66NE_3624,1,4_1,6.10346490383,-9999.0,-9999.0,-9999.0,77.0279998779,210.69859943782,64.1198346292999,267874.21,665739.23,28,16,77.028
NS66NE_3626,1,4_1,5.65547985658,-9999.0,-9999.0,-9999.0,81.1360015869,207.74623591026,65.7402751052121,268050.4,665739.8,36,20,81.136
NS66NE_3629,1,4_1,7.03877166292,-9999.0,-9999.0,-9999.0,75.5899963379,476.816607804004,108.215395909886,267768.38,665749.07,12,8,75.59
NS66NE_3636,1,4_1,6.15780653846,-9999.0,-9999.0,-9999.0,78.6770019531,267.176515890752,77.6636968106284,267966.61,665735.17,36,20,78.677
NS66NE_3639,1,4_1,6.41113858548,-9999.0,-9999.0,-9999.0,77.4700012207,171.153990685659,54.5309633209733,267899.78,665728.78,20,12,77.47
NS66NE_3643,1,4_1,6.01678635011,-9999.0,-9999.0,-9999.0,80.0390014648,214.608514608205,62.458504001513,268024.3,665725.65,12,8,80.039
NS66NE_3654,1,4_1,6.35287225351,-9999.0,-9999.0,-9999.0,78.3687515259,177.518930348946,56.064497566473,267950.42,665718.82,28,16,78.369
NS66NE_3666,1,4_1,5.79853336293,-9999.0,-9999.0,-9999.0,82.4349975586,216.86581154093,64.5894052831442,268096.68,665706.64,28,16,82.435
NS66NE_3668,1,4_1,6.01873763512,-9999.0,-9999.0,-9999.0,82.8020019531,233.198297227998,65.6403436721785,268123.34,665704.28,16,10,82.802
NS66NE_3669,1,4_1,5.72495440374,-9999.0,-9999.0,-9999.0,80.9499969482,315.3204670688,119.986227370119,268065.93,665705.3,64,34,80.95
NS66NE_3671,1,4_1,5.79006879506,-9999.0,-9999.0,-9999.0,79.8040008545,162.411679959634,53.1310028892673,267991.75,665703.8,20,12,79.804
NS66NE_3674,1,4_1,5.97489208976,-9999.0,-9999.0,-9999.0,77.7259979248,194.232379444093,60.5387359049508,267939.82,665703.59,28,16,77.726
NS66NE_3682,1,4_1,9.27834261693,-9999.0,-9999.0,-9999.0,75.8499984741,480.306712111842,116.603887814654,267782.66,665706.64,44,24,75.85
NS66NE_3683,1,4_1,6.64532490649,-9999.0,-9999.0,-9999.0,76.9160003662,120.490772586666,44.5612559321399,267897.27,665692.8,20,12,76.916
NS66NE_3687,1,4_1,6.68644558081,-9999.0,-9999.0,-9999.0,77.2659988403,266.105547720853,73.746037070377,267915.62,665691.0,28,16,77.266
NS66NE_3690,1,4_1,5.99716222493,-9999.0,-9999.0,-9999.0,80.1360015869,217.838065372055,64.2676440474069,268036.2,665695.13,20,12,80.136
NS66NE_3694,1,4_1,5.65593255793,-9999.0,-9999.0,-9999.0,80.0999984741,131.568872533641,50.4300864295731,267998.51,665688.13,28,16,80.1
NS66NE_3699,1,4_1,2.20554912334,-9999.0,-9999.0,-9999.0,79.3710021973,27.3286312515847,25.3338772473127,267951.23,665679.52,8,6,79.371
NS66NE_3700,1,4_1,7.71586023966,-9999.0,-9999.0,-9999.0,76.2109985352,899.416838058951,195.573735045302,267821.25,665704.61,44,24,76.211
NS66NE_3703,1,4_1,5.88800450179,-9999.0,-9999.0,-9999.0,82.6449966431,158.513639593716,53.5195711915288,268101.76,665680.22,28,16,82.645
NS66NE_3707,1,4_1,6.35363769531,-9999.0,-9999.0,-9999.0,82.1119995117,185.043904160689,56.5186562247679,268074.74,665674.42,20,12,82.112
NS66NE_3710,1,4_1,6.04479190959,-9999.0,-9999.0,-9999.0,80.9729995728,157.587445911798,51.4490797794199,268049.54,665671.61,12,8,80.973
NS66NE_3714,1,4_1,5.75970208505,-9999.0,-9999.0,-9999.0,80.3690032959,153.729081832708,50.8447872188993,268007.36,665673.18,20,12,80.369
NS66NE_3720,1,4_1,6.53054271143,-9999.0,-9999.0,-9999.0,76.483001709,768.576856000361,127.401879976412,267856.02,665684.35,36,20,76.483
NS66NE_3721,1,4_1,5.39296095753,-9999.0,-9999.0,-9999.0,79.7570037842,169.524727504861,63.218218332649,267966.75,665671.27,36,20,79.757
NS66NE_3726,1,4_1,5.80111062722,-9999.0,-9999.0,-9999.0,78.9710006714,158.115966986112,53.3173412096233,267933.97,665663.43,24,14,78.971
NS66NE_3727,1,4_1,5.6721240567,-9999.0,-9999.0,-9999.0,82.7890014648,135.764160486659,47.7349587829132,268106.1,665661.22,20,12,82.789
NS66NE_3730,1,4_1,6.45454577918,-9999.0,-9999.0,-9999.0,77.263999939,172.688090664357,54.9777979536815,267897.94,665659.09,20,12,77.264
NS66NE_3733,1,4_1,5.49030820203,-9999.0,-9999.0,-9999.0,80.4160003662,165.77751464055,54.9114050590745,268015.29,665657.98,28,16,80.416
NS66NE_3735,1,4_1,5.65444769788,-9999.0,-9999.0,-9999.0,80.375,171.397943433044,60.7050285958454,267984.99,665654.99,44,24,80.375
NS66NE_3736,1,4_1,4.09337836002,-9999.0,-9999.0,-9999.0,75.8389968872,261.920126128243,66.0873199089727,267781.8,665655.2,12,8,75.839
NS66NE_3738,1,4_1,5.87167357307,-9999.0,-9999.0,-9999.0,78.9479980469,182.954897828685,56.2196453750271,267923.38,665647.95,20,12,78.948
NS66NE_3739,1,4_1,2.39082475888,-9999.0,-9999.0,-9999.0,81.0989990234,23.6879774955222,19.6480211772062,268008.97,665640.71,12,8,81.099
NS66NE_3741,1,4_1,5.92882693417,-9999.0,-9999.0,-9999.0,83.0410003662,156.482224539892,52.6225940754298,268104.75,665642.46,28,16,83.041
NS66NE_3743,1,4_1,5.53049075403,-9999.0,-9999.0,-9999.0,82.21900177,138.724596780341,49.3178475282865,268073.63,665638.75,28,16,82.219
NS66NE_3745,1,4_1,4.95715813214,-9999.0,-9999.0,-9999.0,81.2289962769,214.630500749876,61.6674843529355,268056.79,665639.47,28,16,81.229
NS66NE_3746,1,4_1,5.95294972902,-9999.0,-9999.0,-9999.0,80.9639968872,146.552530629687,50.3058032897206,268020.62,665638.38,20,12,80.964
NS66NE_3760,1,4_1,5.35880633072,-9999.0,-9999.0,-9999.0,80.5250015259,379.920769227149,124.173223095403,267977.7,665627.84,92,48,80.525
NS66NE_3764,1,4_1,3.30599793291,-9999.0,-9999.0,-9999.0,76.3629989624,544.769343986798,103.178598387206,267798.99,665627.16,28,16,76.363
NS66NE_3765,1,4_1,7.14309452648,-9999.0,-9999.0,-9999.0,76.8789978027,596.727137161998,98.6967611503896,267874.89,665625.86,12,8,76.879
NS66NE_2429,1,4_2,6.63551239601,-9999.0,-9999.0,-9999.0,81.6910018921,134.109704467096,46.3684035110598,268096.47,666863.79,12,8,81.691
NS66NE_2445,1,4_2,6.63579458883,-9999.0,-9999.0,-9999.0,81.4329986572,90.6957432198413,38.264023658628,268108.02,666852.9,12,8,81.433
NS66NE_2446,1,4_2,3.54348637981,-9999.0,-9999.0,-9999.0,81.3980026245,31.9757400048115,23.3306938532051,268097.78,666849.6,12,8,81.398
NS66NE_2468,1,4_2,6.11063955536,-9999.0,-9999.0,-9999.0,81.3990020752,262.946318042753,107.528923125909,268124.18,666839.38,44,24,81.399
NS66NE_2729,1,4_2,9.58732269287,-9999.0,-9999.0,-9999.0,85.797996521,22.0966499982858,21.9669425101392,267882.49,666630.97,8,6,85.798
NS66NE_2169,1,4_3,6.33966887199,-9999.0,-9999.0,-9999.0,90.1839981079,119.53599095698,47.7854940752409,268091.43,667401.03,20,12,90.184
NS66NE_2170,1,4_3,6.0086030008,-9999.0,-9999.0,-9999.0,90.4840011597,151.705402975862,49.4282165700542,268107.7,667399.12,12,8,90.484
NS66NE_2172,1,4_3,5.14026105182,-9999.0,-9999.0,-9999.0,89.9049987793,168.839422650436,70.2539453334939,268124.44,667389.56,40,22,89.905
NS66NE_2173,1,4_3,6.79694901226,-9999.0,-9999.0,-9999.0,87.1529998779,110.989304035631,42.1411739687825,267992.8,667389.56,12,8,87.153
NS66NE_2175,1,4_3,5.65902352845,-9999.0,-9999.0,-9999.0,88.7730026245,841.317479692424,241.754225630029,268042.72,667388.44,128,66,88.773
NS66NE_2176,1,4_3,6.95876896439,-9999.0,-9999.0,-9999.0,87.1630020142,106.875430815835,41.3814575187474,267964.38,667380.62,12,8,87.163
NS66NE_2178,1,4_3,6.13223055576,-9999.0,-9999.0,-9999.0,90.638999939,121.453466707174,48.0617340146649,268095.33,667371.45,20,12,90.639
NS66NE_2180,1,4_3,5.26943985724,-9999.0,-9999.0,-9999.0,88.1989974976,160.298820329927,56.9010716756471,267950.64,667371.72,20,12,88.199
NS66NE_2182,1,4_3,6.02868460953,-9999.0,-9999.0,-9999.0,90.3239974976,149.658599555694,49.0455703289337,268107.92,667362.36,12,8,90.324
NS66NE_2184,1,4_3,6.27294438161,-9999.0,-9999.0,-9999.0,88.2580032349,196.248242096505,57.3061144799545,267987.61,667358.16,12,8,88.258
NS66NE_2185,1,4_3,6.78569258896,-9999.0,-9999.0,-9999.0,90.2699966431,105.264622543705,41.039956676255,268017.17,667353.6,12,8,90.27
NS66NE_2186,1,4_3,6.74377650805,-9999.0,-9999.0,-9999.0,90.9530029297,107.545202598123,41.5105040631555,268030.25,667352.59,12,8,90.953
NS66NE_2187,1,4_3,5.05354710134,-9999.0,-9999.0,-9999.0,88.3850021362,122.721625144555,49.541020912094,267967.29,667352.42,28,16,88.385
NS66NE_2191,1,4_3,5.05748507362,-9999.0,-9999.0,-9999.0,91.68699646,127.097226876495,50.4550952283554,268043.3,667345.17,28,16,91.687
NS66NE_2192,1,4_3,5.35345371035,-9999.0,-9999.0,-9999.0,90.7860031128,474.906087573645,170.637531419273,268084.47,667353.12,100,52,90.786
NS66NE_2194,1,4_3,5.09678634956,-9999.0,-9999.0,-9999.0,90.0670013428,289.050089703335,85.3981639156589,268121.07,667344.78,52,28,90.067
NS66NE_2196,1,4_3,6.68407308208,-9999.0,-9999.0,-9999.0,90.6949996948,108.235738657121,41.6184848008126,268019.6,667333.91,12,8,90.695
NS66NE_2197,1,4_3,6.15712744052,-9999.0,-9999.0,-9999.0,91.8639984131,195.318445735329,61.1908671131089,268056.73,667334.42,28,16,91.864
NS66NE_2199,1,4_3,5.61108899838,-9999.0,-9999.0,-9999.0,89.6009979248,285.173976963242,95.3189400778328,267988.46,667331.73,56,28,89.601
NS66NE_2202,1,4_3,5.92001854746,-9999.0,-9999.0,-9999.0,91.1289978027,156.589013976961,54.0071321851253,268030.32,667323.74,28,16,91.129
NS66NE_2204,1,4_3,6.20768385667,-9999.0,-9999.0,-9999.0,89.8654937744,314.056760505054,86.8037169008258,268102.99,667323.29,40,22,89.865
NS66NE_2205,1,4_3,6.83844534324,-9999.0,-9999.0,-9999.0,90.8769989014,106.069804881427,41.3962202545415,268001.39,667313.89,12,8,90.877
NS66NE_2207,1,4_3,4.82151226864,-9999.0,-9999.0,-9999.0,91.3710021973,137.623267497999,50.278698939193,268039.37,667311.49,28,16,91.371
NS66NE_2208,1,4_3,5.64039318257,-9999.0,-9999.0,-9999.0,90.6900024414,249.948868548044,84.7031668017088,268071.85,667314.49,44,24,90.69
NS66NE_2210,1,4_3,5.42418240654,-9999.0,-9999.0,-9999.0,81.1149978638,691.020763260617,142.785092538006,267658.79,667308.18,60,32,81.115
NS66NE_2212,1,4_3,6.07014710891,-9999.0,-9999.0,-9999.0,90.9110031128,148.585096153572,48.8843400226457,268054.74,667302.67,12,8,90.911
NS66NE_2213,1,4_3,2.78104890522,-9999.0,-9999.0,-9999.0,81.4010009766,27.1630574992427,25.5613080724579,267695.23,667298.44,8,6,81.401
NS66NE_2214,1,4_3,5.87267843579,-9999.0,-9999.0,-9999.0,91.4649963379,162.33865748761,56.2459175671041,268010.94,667301.89,28,16,91.465
NS66NE_2215,1,4_3,2.87982201576,-9999.0,-9999.0,-9999.0,81.733001709,29.1992625018986,28.7350046425836,267657.49,667294.61,8,6,81.733
NS66NE_2218,1,4_3,6.04557271805,-9999.0,-9999.0,-9999.0,91.1800003052,149.918107139321,49.1063008441664,268020.13,667288.33,12,8,91.18
NS66NE_2219,1,4_3,5.56785412871,-9999.0,-9999.0,-9999.0,89.483001709,246.746982682036,75.3805859235654,268095.13,667287.1,44,24,89.483
NS66NE_2220,1,4_3,6.14062119189,-9999.0,-9999.0,-9999.0,90.2539978027,149.662768128221,49.1104795042042,268074.22,667277.51,12,8,90.254
NS66NE_2222,1,4_3,5.3062570126,-9999.0,-9999.0,-9999.0,90.9209976196,159.52823050907,56.1740638270261,268028.39,667276.63,20,12,90.921
NS66NE_2223,1,4_3,6.02482587851,-9999.0,-9999.0,-9999.0,90.3880004883,150.819638211901,49.274425271148,268060.45,667270.91,12,8,90.388
NS66NE_2226,1,4_3,5.10913079216,-9999.0,-9999.0,-9999.0,90.46900177,174.269821098088,64.0513422325977,268041.65,667260.22,28,16,90.469
NS66NE_2248,1,4_3,14.7889642715,-9999.0,-9999.0,-9999.0,81.0810012817,28.9620374992197,22.7430640110713,268084.23,667147.57,20,12,81.081
NS66NE_2282,1,4_3,2.32435056246,-9999.0,-9999.0,-9999.0,93.4540023804,20.8041900037697,20.9015531375196,268107.67,667063.72,8,6,93.454
NS66NE_2290,1,4_3,5.7592720588,-9999.0,-9999.0,-9999.0,93.1470031738,153.224898568471,65.5780267642257,268117.31,667059.84,36,20,93.147
NS66NE_2291,1,4_3,3.45895242999,-9999.0,-9999.0,-9999.0,93.6600036621,41.9271346329308,27.7836050299914,268096.11,667050.32,20,12,93.66
NS66NE_2295,1,4_3,6.4756920735,-9999.0,-9999.0,-9999.0,93.9560012817,96.7523100083809,39.446899391983,268107.22,667047.45,12,8,93.956
NS66NE_2300,1,4_3,3.53844916302,-9999.0,-9999.0,-9999.0,93.2139968872,65.7508355326822,32.4534443220325,268085.43,667039.41,12,8,93.214
NS66NE_2303,1,4_3,6.56589671544,-9999.0,-9999.0,-9999.0,93.3310012817,93.1997535512149,38.7610947495891,268098.01,667037.94,12,8,93.331
NS66NE_2306,1,4_3,3.34050269976,-9999.0,-9999.0,-9999.0,92.3909988403,37.5130162473854,25.01405069646,268075.63,667030.24,12,8,92.391
NS66NE_2310,1,4_3,6.64220163645,-9999.0,-9999.0,-9999.0,92.6439971924,93.6123420893488,38.8060546690274,268087.31,667026.81,12,8,92.644
NS66NE_2314,1,4_3,6.41608414388,-9999.0,-9999.0,-9999.0,91.375,108.818345138546,44.8727141416038,268072.47,667018.23,20,12,91.375
NS66NE_2315,1,4_3,5.35898957187,-9999.0,-9999.0,-9999.0,90.7763366699,150.192056264305,64.8221638830513,268059.3,667019.08,36,20,90.776
NS66NE_2316,1,4_3,5.73305232737,-9999.0,-9999.0,-9999.0,93.2490005493,261.492790557982,116.259825808993,268120.01,667017.88,60,32,93.249
NS66NE_2318,1,4_3,5.63753586846,-9999.0,-9999.0,-9999.0,89.4980010986,117.695468787851,57.5504572859415,268048.17,667016.39,28,16,89.498
NS66NE_2320,1,4_3,5.57757916547,-9999.0,-9999.0,-9999.0,88.7350006104,116.85274725607,58.9346365336127,268038.36,667014.21,28,16,88.735
NS66NE_2321,1,4_3,6.045513339,-9999.0,-9999.0,-9999.0,88.4820022583,151.34354931361,54.7211759526289,268016.5,667010.26,20,12,88.482
NS66NE_2326,1,4_3,5.38202651745,-9999.0,-9999.0,-9999.0,92.2860031128,157.893188773951,67.2028716304276,268104.61,667000.46,44,24,92.286
NS66NE_2327,1,4_3,6.03355398601,-9999.0,-9999.0,-9999.0,88.2699966431,155.795110453124,64.3778562881284,268012.39,666992.76,28,16,88.27
NS66NE_2330,1,4_3,3.54801992122,-9999.0,-9999.0,-9999.0,88.0220031738,38.2178437450156,25.4992470433133,268009.99,666982.39,12,8,88.022
NS66NE_2331,1,4_3,7.93956497369,-9999.0,-9999.0,-9999.0,89.1050033569,132.183686382251,46.4470538005693,268053.53,666984.0,12,8,89.105
NS66NE_2332,1,4_3,6.40773322274,-9999.0,-9999.0,-9999.0,88.31300354,96.9995594523664,39.5317718939008,268020.23,666979.09,12,8,88.313
NS66NE_2333,1,4_3,5.9878777255,-9999.0,-9999.0,-9999.0,88.4879989624,297.095884922617,125.311249396111,268091.0,666985.52,72,38,88.488
NS66NE_2338,1,4_3,6.54199252689,-9999.0,-9999.0,-9999.0,88.31300354,145.557256605267,51.0043253996752,268048.29,666965.18,20,12,88.313
NS66NE_2344,1,4_3,5.50324006416,-9999.0,-9999.0,-9999.0,87.5100021362,188.894033394224,74.227602625132,268025.29,666957.76,28,16,87.51
NS66NE_2348,1,4_3,6.35942653807,-9999.0,-9999.0,-9999.0,86.7490005493,272.837233170163,76.9923378567173,268087.0,666953.97,28,16,86.749
NS66NE_2353,1,4_3,6.45586031706,-9999.0,-9999.0,-9999.0,87.3259963989,147.288338063421,51.9550536048944,268048.28,666944.14,28,16,87.326
NS66NE_2357,1,4_3,6.36885934159,-9999.0,-9999.0,-9999.0,85.0429992676,160.784084807164,52.7643733457173,268110.23,666936.54,32,18,85.043
NS66NE_2373,1,4_3,5.80687628689,-9999.0,-9999.0,-9999.0,85.8389968872,270.476524751079,107.654856092404,268054.22,666922.8,52,28,85.839
NS66NE_2375,1,4_3,6.32753330224,-9999.0,-9999.0,-9999.0,83.7399978638,155.708195049121,52.0142390474583,268093.12,666918.23,28,16,83.74
NS66NE_2382,1,4_3,3.2440584168,-9999.0,-9999.0,-9999.0,84.5719985962,33.3883049993688,23.9057318604744,268052.92,666904.99,12,8,84.572
NS66NE_2388,1,4_3,6.71723624243,-9999.0,-9999.0,-9999.0,83.358001709,144.347559347516,48.2503003802246,268118.59,666903.33,12,8,83.358
NS66NE_2389,1,4_3,6.50352431554,-9999.0,-9999.0,-9999.0,83.9100036621,151.179156260479,52.0299761548945,268064.6,666902.74,28,16,83.91
NS66NE_2396,1,4_3,3.65745882224,-9999.0,-9999.0,-9999.0,83.4199981689,33.6874387493765,23.8433677438828,268061.47,666888.97,12,8,83.42
NS66NE_2397,1,4_3,6.60006061711,-9999.0,-9999.0,-9999.0,83.0500030518,93.5889971273358,38.8222883012532,268107.59,666891.79,12,8,83.05
NS66NE_2398,1,4_3,3.13251021813,-9999.0,-9999.0,-9999.0,82.9916687012,54.1793587543194,30.4113645342229,268119.88,666888.26,12,8,82.992
NS66NE_2401,1,4_3,6.58818306375,-9999.0,-9999.0,-9999.0,83.5240020752,92.7509109527643,38.7238113736516,268075.15,666888.19,12,8,83.524
NS66NE_2417,1,4_3,6.7058374709,-9999.0,-9999.0,-9999.0,82.0559997559,140.101845774786,47.6561530932483,268083.99,666876.19,12,8,82.056
NS66NE_303,1,4_5,6.51046816557,-9999.0,-9999.0,-9999.0,94.8990020752,326.795514865133,89.0310582626567,267871.44,668744.53,28,16,94.899
NS66NE_315,1,4_5,3.28643813642,-9999.0,-9999.0,-9999.0,87.7939987183,53.7019405564711,32.0244133084308,268018.84,668719.35,12,8,87.794
NS66NE_317,1,4_5,2.58069546122,-9999.0,-9999.0,-9999.0,87.2139968872,75.3625967328835,35.4398681294056,268033.96,668719.52,12,8,87.214
NS66NE_342,1,4_5,6.5039364756,-9999.0,-9999.0,-9999.0,92.1190032959,615.457389639341,120.563003641337,267907.97,668694.4,28,16,92.119
NS66NE_353,1,4_5,2.84183128397,-9999.0,-9999.0,-9999.0,95.9465255737,251.419210967075,76.154504938002,267872.28,668666.53,48,26,95.947
NS66NE_375,1,4_5,4.2486305853,-9999.0,-9999.0,-9999.0,86.4990005493,176.293944491161,61.729137455226,268034.81,668644.18,28,16,86.499
NS66NE_386,1,4_5,4.3902458466,-9999.0,-9999.0,-9999.0,94.9729995728,272.280814417124,74.8167771061588,267865.57,668629.69,44,24,94.973
NS66NE_419,1,4_5,4.18120321713,-9999.0,-9999.0,-9999.0,89.0439987183,131.430121703192,49.948193366597,267972.48,668602.52,12,8,89.044
NS66NE_430,1,4_5,6.15495623221,-9999.0,-9999.0,-9999.0,96.8489990234,1466.7304058709,167.280070346841,267737.83,668598.07,28,16,96.849
NS66NE_435,1,4_5,4.34541477266,-9999.0,-9999.0,-9999.0,85.1500015259,420.96742126798,82.2743470682434,268032.49,668588.14,32,18,85.15
NS66NE_449,1,4_5,6.94530977029,-9999.0,-9999.0,-9999.0,95.9069976807,1852.42159090189,219.636523560483,267610.25,668599.4,180,92,95.907
NS66NE_479,1,4_5,4.08080689456,-9999.0,-9999.0,-9999.0,95.9639968872,408.229306486316,88.9781924207748,267731.17,668558.74,12,8,95.964
NS66NE_484,1,4_5,10.3058791505,-9999.0,-9999.0,-9999.0,88.908996582,977.404554045699,130.827700208623,267953.97,668564.76,56,30,88.909
NS66NE_487,1,4_5,4.43665428102,-9999.0,-9999.0,-9999.0,94.7600021362,646.495248479609,125.056371516096,267576.05,668558.46,44,24,94.76
NS66NE_508,1,4_5,2.88783779059,-9999.0,-9999.0,-9999.0,94.7929992676,121.463490004821,55.0945998502873,267594.4,668531.7,40,22,94.793
NS66NE_514,1,4_5,3.15504976761,-9999.0,-9999.0,-9999.0,93.1159973145,178.635871234647,80.66717209656,267764.82,668532.44,52,28,93.116
NS66NE_516,1,4_5,4.56986925226,-9999.0,-9999.0,-9999.0,95.047996521,203.469911179435,75.3281220543605,267621.36,668534.82,36,20,95.048
NS66NE_520,1,4_5,4.16348736907,-9999.0,-9999.0,-9999.0,90.0240020752,64.8543674998289,49.8169524615745,267850.72,668525.17,24,14,90.024
NS66NE_534,1,4_5,4.5090495372,-9999.0,-9999.0,-9999.0,89.858001709,2933.05908438581,394.886067216497,267870.6,668558.7,184,92,89.858
NS66NE_540,1,4_5,2.53934364951,-9999.0,-9999.0,-9999.0,89.5970001221,49.0417275049071,60.6876978284449,267888.89,668507.66,32,18,89.597
NS66NE_546,1,4_5,4.8054451126,-9999.0,-9999.0,-9999.0,93.7969970703,706.140869524777,107.694162179431,267692.88,668516.47,20,12,93.797
NS66NE_550,1,4_5,13.3634066582,-9999.0,-9999.0,-9999.0,89.6026763916,26.9222737508989,25.8108900367027,267522.67,668501.89,8,6,89.603
NS66NE_562,1,4_5,2.827630294,-9999.0,-9999.0,-9999.0,93.6429977417,41.9356633235617,37.1348483115182,267650.64,668491.22,36,20,93.643
NS66NE_569,1,4_5,3.17169277793,-9999.0,-9999.0,-9999.0,89.5370025635,27.7960308469103,26.6196649970929,267917.06,668487.37,12,8,89.537
NS66NE_583,1,4_5,4.08114248625,-9999.0,-9999.0,-9999.0,89.3069992065,189.697622680086,62.9539743074524,267833.97,668474.14,12,8,89.307
NS66NE_817,1,4_5,5.34881377693,-9999.0,-9999.0,-9999.0,86.1784973145,643.099459737988,174.056960885294,267629.25,668313.52,84,44,86.178
NS66NE_825,1,4_5,4.21743228903,-9999.0,-9999.0,-9999.0,84.3511962891,102.653396005461,42.3997969552349,267608.99,668289.69,12,8,84.351
NS66NE_105,1,4_6,6.19178664703,-9999.0,-9999.0,-9999.0,91.966003418,174.25439358172,58.0188253074829,267968.11,668926.96,28,16,91.966
NS66NE_106,1,4_6,6.13473252119,-9999.0,-9999.0,-9999.0,93.9120025635,90.3961937021071,38.0568526318132,267916.01,668921.61,12,8,93.912
NS66NE_107,1,4_6,6.20517612485,-9999.0,-9999.0,-9999.0,94.0159988403,109.743789458587,41.9046572383673,267905.01,668921.72,12,8,94.016
NS66NE_108,1,4_6,5.86894298798,-9999.0,-9999.0,-9999.0,91.0229949951,153.640186028261,52.7909803135269,268021.65,668921.1,20,12,91.023
NS66NE_109,1,4_6,6.28599799812,-9999.0,-9999.0,-9999.0,91.2529983521,188.464959267857,62.2434167780183,267993.67,668921.41,28,16,91.253
NS66NE_11,1,4_6,6.65928157913,-9999.0,-9999.0,-9999.0,91.1500015259,55.3260599988656,30.0067587923967,267956.9,668995.61,12,8,91.15
NS66NE_111,1,4_6,6.23749499736,-9999.0,-9999.0,-9999.0,92.8980026245,195.40312004447,68.0886840915817,267933.97,668919.94,28,16,92.898
NS66NE_114,1,4_6,5.74841963844,-9999.0,-9999.0,-9999.0,94.9779968262,242.408147899984,92.4512431508631,267857.06,668923.69,44,24,94.978
NS66NE_121,1,4_6,5.86466097005,-9999.0,-9999.0,-9999.0,90.3359985352,99.6367778252197,42.3692775116408,268044.92,668905.47,20,12,90.336
NS66NE_123,1,4_6,6.35684750911,-9999.0,-9999.0,-9999.0,96.3600006104,89.254626067899,37.7927245062858,267857.16,668903.23,12,8,96.36
NS66NE_127,1,4_6,6.56337302893,-9999.0,-9999.0,-9999.0,92.4749984741,101.882709826034,40.3757323548029,267950.05,668896.07,12,8,92.475
NS66NE_13,1,4_6,6.29154782763,-9999.0,-9999.0,-9999.0,91.3929977417,68.4789760795998,33.6078226901448,267946.74,668995.16,12,8,91.393
NS66NE_132,1,4_6,6.22506620535,-9999.0,-9999.0,-9999.0,89.3050003052,183.142413118875,58.5614989482751,268064.99,668900.27,12,8,89.305
NS66NE_134,1,4_6,5.71372978698,-9999.0,-9999.0,-9999.0,91.5039978027,168.441211620902,55.153037764492,267972.98,668893.36,20,12,91.504
NS66NE_135,1,4_6,5.926535566,-9999.0,-9999.0,-9999.0,91.2490005493,78.0531144137155,35.3608037117428,267987.86,668893.24,12,8,91.249
NS66NE_136,1,4_6,5.98970874831,-9999.0,-9999.0,-9999.0,91.1060028076,64.6531200669559,32.5832000174595,267996.58,668893.39,12,8,91.106
NS66NE_138,1,4_6,6.28957783491,-9999.0,-9999.0,-9999.0,93.545501709,94.1472619283363,39.3554204276839,267924.41,668893.17,20,12,93.546
NS66NE_139,1,4_6,6.25969995487,-9999.0,-9999.0,-9999.0,94.5650024414,121.531863747904,44.6211109313821,267910.93,668892.22,12,8,94.565
NS66NE_142,1,4_6,6.2007212407,-9999.0,-9999.0,-9999.0,90.7200012207,125.745079720886,45.6528396184121,268014.28,668892.24,12,8,90.72
NS66NE_144,1,4_6,6.2942019447,-9999.0,-9999.0,-9999.0,96.3249969482,124.874465252367,45.1062926174471,267858.05,668890.14,12,8,96.325
NS66NE_151,1,4_6,6.18200115482,-9999.0,-9999.0,-9999.0,90.0159988403,127.294005816065,46.0491115144328,268041.49,668885.62,12,8,90.016
NS66NE_157,1,4_6,6.28895493035,-9999.0,-9999.0,-9999.0,95.158996582,343.974837140373,106.84598548044,267888.87,668885.64,40,22,95.159
NS66NE_158,1,4_6,6.29386101317,-9999.0,-9999.0,-9999.0,96.3779983521,123.595994760697,44.8702136615282,267858.01,668873.79,12,8,96.378
NS66NE_161,1,4_6,6.28683794366,-9999.0,-9999.0,-9999.0,91.2269973755,78.3658046930225,35.4150856727687,268015.01,668868.3,12,8,91.227
NS66NE_162,1,4_6,6.20380178504,-9999.0,-9999.0,-9999.0,92.5329971313,226.724605493311,88.6992834577428,267950.88,668875.67,44,24,92.533
NS66NE_165,1,4_6,6.10809912058,-9999.0,-9999.0,-9999.0,91.7689971924,186.662354747717,59.4730507186019,267975.03,668864.67,20,12,91.769
NS66NE_166,1,4_6,6.11538794223,-9999.0,-9999.0,-9999.0,91.5410003662,127.526779435508,45.588041084916,268002.32,668864.59,12,8,91.541
NS66NE_168,1,4_6,6.14939722235,-9999.0,-9999.0,-9999.0,91.5810012817,70.7329905198979,33.7384280433326,267990.61,668863.61,12,8,91.581
NS66NE_171,1,4_6,6.43934672184,-9999.0,-9999.0,-9999.0,93.5449981689,210.665199982832,63.1382455719971,267922.01,668865.36,12,8,93.545
NS66NE_172,1,4_6,6.61804614835,-9999.0,-9999.0,-9999.0,90.5279998779,98.6107658256391,39.7213626991459,268038.5,668858.92,12,8,90.528
NS66NE_183,1,4_6,6.13414492313,-9999.0,-9999.0,-9999.0,95.7369995117,233.668315239686,68.2439210047242,267893.09,668854.48,20,12,95.737
NS66NE_184,1,4_6,2.51001302262,-9999.0,-9999.0,-9999.0,101.849998474,43.1281650009266,26.4710162180578,267706.38,668845.12,12,8,101.85
NS66NE_185,1,4_6,6.48991113646,-9999.0,-9999.0,-9999.0,90.5370025635,61.7990428524512,32.0640972612298,268026.84,668845.41,12,8,90.537
NS66NE_186,1,4_6,6.31932576497,-9999.0,-9999.0,-9999.0,93.4990005493,126.064755890659,45.3092396658284,267920.76,668846.32,12,8,93.499
NS66NE_187,1,4_6,6.25276226304,-9999.0,-9999.0,-9999.0,92.4039993286,206.420482105383,62.8577050709876,267949.98,668850.31,20,12,92.404
NS66NE_191,1,4_6,6.39155034109,-9999.0,-9999.0,-9999.0,91.3776702881,63.7176028210756,32.379276968855,267978.2,668840.29,12,8,91.378
NS66NE_195,1,4_6,6.11591450373,-9999.0,-9999.0,-9999.0,90.8684997559,75.5709167824693,34.8973296620059,268006.99,668838.51,12,8,90.868
NS66NE_203,1,4_6,6.02713919184,-9999.0,-9999.0,-9999.0,92.2521972656,74.5517522807176,34.5858246599451,267949.97,668832.56,12,8,92.252
NS66NE_207,1,4_6,6.18770630339,-9999.0,-9999.0,-9999.0,96.2310028076,124.385128466093,45.1647303350442,267858.6,668832.45,12,8,96.231
NS66NE_211,1,4_6,5.94683395343,-9999.0,-9999.0,-9999.0,94.236000061,183.9720652237,58.0424843481161,267891.74,668828.74,16,10,94.236
NS66NE_212,1,4_6,6.1236586707,-9999.0,-9999.0,-9999.0,90.1579971313,73.3327131821571,34.3259965176535,268007.13,668828.47,12,8,90.158
NS66NE_215,1,4_6,6.04773934682,-9999.0,-9999.0,-9999.0,93.7760009766,74.3054292017654,34.5516639316208,267907.05,668826.43,12,8,93.776
NS66NE_219,1,4_6,6.24940306843,-9999.0,-9999.0,-9999.0,92.9459991455,124.977840315048,45.1360290934519,267919.68,668825.74,12,8,92.946
NS66NE_221,1,4_6,5.92911151614,-9999.0,-9999.0,-9999.0,92.1350021362,83.4274334836043,36.5713731209581,267949.79,668822.76,12,8,92.135
NS66NE_222,1,4_6,6.10687417122,-9999.0,-9999.0,-9999.0,90.8990020752,178.945186493986,64.6976961209639,267973.46,668822.16,28,16,90.899
NS66NE_223,1,4_6,1.98202537537,-9999.0,-9999.0,-9999.0,101.56199646,29.4916949984208,27.4750608788547,267743.29,668819.59,8,6,101.562
NS66NE_228,1,4_6,6.09216123399,-9999.0,-9999.0,-9999.0,96.1890029907,131.213543870753,46.5253742000713,267858.54,668817.3,12,8,96.189
NS66NE_231,1,4_6,5.99064615399,-9999.0,-9999.0,-9999.0,92.0429992676,75.4545581813765,34.804181785834,267949.99,668812.91,12,8,92.043
NS66NE_242,1,4_6,5.99548966651,-9999.0,-9999.0,-9999.0,94.6039962769,133.242667891415,46.8929817391412,267890.11,668802.3,12,8,94.604
NS66NE_25,1,4_6,6.2111899432,-9999.0,-9999.0,-9999.0,90.4339981079,79.0400050970069,35.5647950198058,268081.5,668985.79,12,8,90.434
NS66NE_251,1,4_6,6.26248260436,-9999.0,-9999.0,-9999.0,93.0490036011,125.137047097601,45.0953645941152,267910.02,668797.31,12,8,93.049
NS66NE_259,1,4_6,2.54449830572,-9999.0,-9999.0,-9999.0,102.627998352,46.6256587445904,36.9055612934716,267692.8,668786.02,24,14,102.628
NS66NE_26,1,4_6,6.20906145396,-9999.0,-9999.0,-9999.0,90.6890029907,79.1445703552302,35.5878017317538,268058.48,668983.5,12,8,90.689
NS66NE_263,1,4_6,6.50882833822,-9999.0,-9999.0,-9999.0,91.2109985352,330.449877482483,89.3813782042539,267946.16,668784.93,28,16,91.211
NS66NE_265,1,4_6,2.26255454087,-9999.0,-9999.0,-9999.0,102.426002502,24.6460725059733,22.8874538457717,267704.93,668778.3,8,6,102.426
NS66NE_267,1,4_6,6.46011628825,-9999.0,-9999.0,-9999.0,95.513999939,332.260562805593,89.1315605575827,267863.52,668790.51,28,16,95.514
NS66NE_270,1,4_6,3.61664022532,-9999.0,-9999.0,-9999.0,102.135002136,1025.88244745433,232.489357882246,267720.63,668800.57,116,60,102.135
NS66NE_272,1,4_6,6.04623895762,-9999.0,-9999.0,-9999.0,93.3909988403,189.877876629446,59.0860010916347,267905.02,668775.75,12,8,93.391
NS66NE_273,1,4_6,11.4836098954,-9999.0,-9999.0,-9999.0,87.358001709,24.772837503165,25.7678951535087,268099.12,668772.34,12,8,87.358
NS66NE_274,1,4_6,2.76067556901,-9999.0,-9999.0,-9999.0,102.148002625,60.5890699576892,35.8193193130069,267717.04,668768.73,20,12,102.148
NS66NE_28,1,4_6,6.21404741395,-9999.0,-9999.0,-9999.0,91.3499984741,81.0660210736497,36.0323298900206,267920.58,668983.93,12,8,91.35
NS66NE_296,1,4_6,6.44735687535,-9999.0,-9999.0,-9999.0,93.0979995728,336.692837758852,89.6706874364044,267906.56,668750.83,28,16,93.098
NS66NE_30,1,4_6,6.38288045123,-9999.0,-9999.0,-9999.0,91.5149993896,64.662202134421,32.6573132111448,267966.68,668980.69,12,8,91.515
NS66NE_304,1,4_6,6.53945462328,-9999.0,-9999.0,-9999.0,91.3489990234,332.064647229092,88.8395539714298,267957.98,668751.97,28,16,91.349
NS66NE_34,1,4_6,6.41548219384,-9999.0,-9999.0,-9999.0,90.0520019531,89.8188166153586,37.9518759204331,268099.26,668979.99,12,8,90.052
NS66NE_38,1,4_6,6.47854195343,-9999.0,-9999.0,-9999.0,91.3259963989,92.3655421435329,39.5455787754574,267996.57,668978.46,20,12,91.326
NS66NE_42,1,4_6,5.93600969925,-9999.0,-9999.0,-9999.0,91.5070037842,77.7013381346819,35.3477002865584,267967.93,668971.56,12,8,91.507
NS66NE_44,1,4_6,6.48520528815,-9999.0,-9999.0,-9999.0,90.9400024414,163.591379340583,55.6234409402973,268024.97,668973.93,20,12,90.94
NS66NE_46,1,4_6,6.21994633145,-9999.0,-9999.0,-9999.0,93.2409973145,92.3069104718819,41.5346718097015,267887.21,668966.26,20,12,93.241
NS66NE_48,1,4_6,5.93251827343,-9999.0,-9999.0,-9999.0,91.3330001831,94.6931582696676,42.1935582340466,267997.0,668966.54,20,12,91.333
NS66NE_53,1,4_6,6.23102436368,-9999.0,-9999.0,-9999.0,91.8430023193,80.6172210992133,35.93270729718,267907.64,668963.1,12,8,91.843
NS66NE_54,1,4_6,6.349633949,-9999.0,-9999.0,-9999.0,91.3509979248,90.1560895031089,38.019620754687,267942.51,668963.38,12,8,91.351
NS66NE_55,1,4_6,6.08914097195,-9999.0,-9999.0,-9999.0,94.1399993896,191.66304157654,59.4529174577839,267857.44,668962.65,12,8,94.14
NS66NE_56,1,4_6,6.39303359245,-9999.0,-9999.0,-9999.0,91.1760025024,107.712816059488,41.5216383074023,267929.66,668962.8,12,8,91.176
NS66NE_57,1,4_6,5.81598092977,-9999.0,-9999.0,-9999.0,91.5410003662,82.5118373853315,36.3599503077235,267968.08,668961.43,12,8,91.541
NS66NE_6,1,4_6,6.36779689218,-9999.0,-9999.0,-9999.0,91.1719970703,104.752779787436,41.8424811344201,267932.79,669000.79,12,8,91.172
NS66NE_62,1,4_6,6.60705703266,-9999.0,-9999.0,-9999.0,89.6979980469,191.193611278947,58.9128975615419,268101.22,668964.07,12,8,89.698
NS66NE_64,1,4_6,6.14651673208,-9999.0,-9999.0,-9999.0,90.1510009766,65.4518983885849,32.650761998189,268083.79,668957.85,12,8,90.151
NS66NE_68,1,4_6,6.18401078713,-9999.0,-9999.0,-9999.0,91.4120025635,89.9980062381929,40.6128082561448,267997.01,668954.95,20,12,91.412
NS66NE_69,1,4_6,6.32092081417,-9999.0,-9999.0,-9999.0,91.6859970093,88.8105145166701,37.7225706684965,267968.11,668951.55,12,8,91.686
NS66NE_70,1,4_6,6.26665917648,-9999.0,-9999.0,-9999.0,90.8489990234,124.805514900903,45.1902459971148,268026.05,668954.02,12,8,90.849
NS66NE_80,1,4_6,4.40000967637,-9999.0,-9999.0,-9999.0,94.7689971924,302.190381967008,118.785345453641,267807.12,668952.21,68,36,94.769
NS66NE_82,1,4_6,6.07097188243,-9999.0,-9999.0,-9999.0,91.6920013428,76.9619779027402,35.1218822970327,267967.64,668941.72,12,8,91.692
NS66NE_84,1,4_6,6.28421005948,-9999.0,-9999.0,-9999.0,92.4349975586,68.8810422459891,33.7007031074379,267906.21,668940.56,12,8,92.435
NS66NE_85,1,4_6,6.35143136389,-9999.0,-9999.0,-9999.0,91.172996521,91.0956734490164,38.3052464296785,267996.41,668943.11,12,8,91.173
NS66NE_86,1,4_6,6.20147152605,-9999.0,-9999.0,-9999.0,90.7369995117,88.4836639422167,37.6628709207858,268025.16,668941.01,12,8,90.737
NS66NE_87,1,4_6,6.33363463662,-9999.0,-9999.0,-9999.0,92.2409973145,122.852278439414,44.7175416441848,267937.4,668942.27,12,8,92.241
NS66NE_90,1,4_6,6.29381501634,-9999.0,-9999.0,-9999.0,90.1790008545,402.707180168247,126.070858823154,268054.93,668956.06,52,28,90.179
NS66NE_95,1,4_6,6.66693861767,-9999.0,-9999.0,-9999.0,89.9449996948,192.01180619813,59.0349737218913,268089.8,668936.98,12,8,89.945
NS66NE_96,1,4_6,3.84255120812,-9999.0,-9999.0,-9999.0,96.1129989624,172.998203292318,72.1848014905586,267810.96,668933.85,36,20,96.113
NS66NE_99,1,4_6,6.00790643542,-9999.0,-9999.0,-9999.0,90.06300354,86.515843558111,37.2698271465804,268056.22,668928.73,12,8,90.063
NS66NE_3762,1,5_0,6.34755808157,-9999.0,-9999.0,-9999.0,87.0076675415,145.876543548114,49.1860196939865,268185.46,665619.94,12,8,87.008
NS66NE_3763,1,5_0,5.07860728533,-9999.0,-9999.0,-9999.0,83.65599823,197.980740152705,75.4369204456656,268127.16,665621.03,52,28,83.656
NS66NE_3766,1,5_0,5.93868581201,-9999.0,-9999.0,-9999.0,89.0490036011,160.150116839099,53.7972634371423,268213.65,665617.81,28,16,89.049
NS66NE_3779,1,5_0,6.08148946533,-9999.0,-9999.0,-9999.0,89.2450027466,158.710977744948,53.5385645078801,268214.67,665600.26,28,16,89.245
NS66NE_3781,1,5_0,5.58856903359,-9999.0,-9999.0,-9999.0,85.6760025024,280.058724255587,104.581938281949,268142.26,665599.52,76,40,85.676
NS66NE_3791,1,5_0,5.99935953477,-9999.0,-9999.0,-9999.0,88.8420028687,133.387976002245,46.5150907226275,268211.27,665583.94,12,8,88.842
NS66NE_3796,1,5_0,7.97389360615,-9999.0,-9999.0,-9999.0,93.0279998779,710.275620965797,162.214925022463,268297.96,665597.65,44,24,93.028
NS66NE_3799,1,5_0,6.18480208854,-9999.0,-9999.0,-9999.0,86.3830032349,227.495462011089,65.6906501448172,268650.4,665581.22,12,8,86.383
NS66NE_3800,1,5_0,5.73440990607,-9999.0,-9999.0,-9999.0,86.6119995117,561.865069926398,146.439486527602,268681.19,665590.59,64,34,86.612
NS66NE_3801,1,5_0,5.50868219505,-9999.0,-9999.0,-9999.0,86.3820037842,248.571887928679,70.0664965128385,268162.93,665579.92,28,16,86.382
NS66NE_3806,1,5_0,8.22448876991,-9999.0,-9999.0,-9999.0,93.0260009766,460.179687045451,109.475062898749,268341.86,665582.78,48,26,93.026
NS66NE_3815,1,5_0,5.05092057874,-9999.0,-9999.0,-9999.0,84.2870025635,195.684722518462,60.664022395952,268131.17,665567.49,20,12,84.287
NS66NE_3816,1,5_0,5.82141469476,-9999.0,-9999.0,-9999.0,88.4270019531,168.544249323555,58.6877538788126,268212.68,665566.27,44,24,88.427
NS66NE_3817,1,5_0,6.13396317136,-9999.0,-9999.0,-9999.0,84.5250015259,236.93732573054,65.8894348324944,268722.95,665565.49,12,8,84.525
NS66NE_3829,1,5_0,5.29020861839,-9999.0,-9999.0,-9999.0,84.203666687,211.7381620657,75.8699244386895,268666.87,665559.92,44,24,84.204
NS66NE_3831,1,5_0,6.11847335866,-9999.0,-9999.0,-9999.0,84.9290008545,235.188590421111,67.7398301266206,268629.06,665558.72,20,12,84.929
NS66NE_3834,1,5_0,6.19222981662,-9999.0,-9999.0,-9999.0,83.9509963989,97.9220887230207,39.5855680622004,268683.85,665552.23,12,8,83.951
NS66NE_3836,1,5_0,5.97075959051,-9999.0,-9999.0,-9999.0,82.9020004272,249.422214487149,74.4924988951253,268747.05,665554.55,36,20,82.902
NS66NE_3837,1,5_0,6.03746112096,-9999.0,-9999.0,-9999.0,86.7919998169,137.022733855548,47.5942500051759,268172.44,665550.79,16,10,86.792
NS66NE_3838,1,5_0,6.3448925448,-9999.0,-9999.0,-9999.0,84.6829986572,148.790085709112,49.7633695406775,268148.24,665552.31,12,8,84.683
NS66NE_3847,1,5_0,5.48890948686,-9999.0,-9999.0,-9999.0,87.6309967041,146.289581484803,52.1559366976765,268192.42,665547.13,32,18,87.631
NS66NE_3848,1,5_0,5.92335206536,-9999.0,-9999.0,-9999.0,88.1449966431,159.186451393484,53.5167645650062,268211.27,665548.13,28,16,88.145
NS66NE_3851,1,5_0,8.11186827978,-9999.0,-9999.0,-9999.0,88.9840011597,685.361395638553,166.09337768763,268258.12,665569.57,60,32,88.984
NS66NE_3861,1,5_0,9.0754788314,-9999.0,-9999.0,-9999.0,89.2990036011,674.20263429311,149.824033152551,268284.81,665549.35,28,16,89.299
NS66NE_3868,1,5_0,6.1224638894,-9999.0,-9999.0,-9999.0,84.3641204834,125.800706084387,45.4519660308706,268136.97,665533.42,12,8,84.364
NS66NE_3874,1,5_0,5.96088480787,-9999.0,-9999.0,-9999.0,81.8625030518,304.14801441908,88.1522687979598,268611.85,665537.23,68,36,81.862
NS66NE_3876,1,5_0,5.77252808061,-9999.0,-9999.0,-9999.0,81.9840011597,179.368786214593,57.6745804692717,268690.78,665531.88,20,12,81.984
NS66NE_3891,1,5_0,6.43370606099,-9999.0,-9999.0,-9999.0,81.18800354,291.388858617919,78.4361969061911,268746.87,665527.06,36,20,81.188
NS66NE_3892,1,5_0,8.36281701053,-9999.0,-9999.0,-9999.0,89.2730026245,928.867199241431,190.641454485134,268352.25,665536.9,36,20,89.273
NS66NE_3897,1,5_0,5.52014400941,-9999.0,-9999.0,-9999.0,85.0520019531,501.309171772845,142.779622462321,268185.7,665521.33,60,32,85.052
NS66NE_3903,1,5_0,6.02792319232,-9999.0,-9999.0,-9999.0,80.7519989014,368.833189451916,94.344007234908,268640.34,665515.32,44,24,80.752
NS66NE_3916,1,5_0,5.25726830432,-9999.0,-9999.0,-9999.0,80.6849975586,293.33642165192,72.3506179585055,268712.8,665502.69,28,16,80.685
NS66NE_3920,1,5_0,6.0426425506,-9999.0,-9999.0,-9999.0,80.5199966431,342.848581792138,85.7082206297845,268685.03,665507.62,28,16,80.52
NS66NE_3927,1,5_0,5.15080880809,-9999.0,-9999.0,-9999.0,80.8229980469,399.032508411699,95.4959868989214,268591.2,665494.81,32,18,80.823
NS66NE_3928,1,5_0,6.23577739024,-9999.0,-9999.0,-9999.0,83.2710037231,174.459708032738,53.9875806953089,268141.28,665492.36,12,8,83.271
NS66NE_3937,1,5_0,5.96714541137,-9999.0,-9999.0,-9999.0,80.6620025635,338.074684296524,89.549918533082,268739.47,665496.0,44,24,80.662
NS66NE_3941,1,5_0,6.27131840099,-9999.0,-9999.0,-9999.0,83.9110031128,112.496400153512,42.5538353440977,268180.98,665485.91,12,8,83.911
NS66NE_3942,1,5_0,10.0293947537,-9999.0,-9999.0,-9999.0,87.4349975586,1060.30384988901,214.822076857969,268301.13,665493.62,28,16,87.435
NS66NE_3950,1,5_0,5.93441934854,-9999.0,-9999.0,-9999.0,80.4029998779,128.208673308641,45.3926612810198,268660.44,665474.62,12,8,80.403
NS66NE_3952,1,5_0,3.6353900645,-9999.0,-9999.0,-9999.0,81.3140029907,55.3488478714469,34.6850731975721,268582.27,665475.71,20,12,81.314
NS66NE_3953,1,5_0,6.15427233792,-9999.0,-9999.0,-9999.0,80.5210037231,150.994978976987,51.987380089552,268631.74,665475.42,20,12,80.521
NS66NE_3955,1,5_0,2.72201356956,-9999.0,-9999.0,-9999.0,80.4449996948,36.940916248932,24.6501632023094,268647.73,665467.65,12,8,80.445
NS66NE_3959,1,5_0,4.06882315978,-9999.0,-9999.0,-9999.0,80.6330032349,152.59933655994,53.0257968370046,268598.63,665471.46,20,12,80.633
NS66NE_3960,1,5_0,5.32254957318,-9999.0,-9999.0,-9999.0,80.43800354,171.857163095853,53.9358346291533,268677.63,665470.66,24,14,80.438
NS66NE_3964,1,5_0,6.48583404908,-9999.0,-9999.0,-9999.0,83.4440002441,129.826089257321,45.8747317483859,268177.02,665467.54,12,8,83.444
NS66NE_3965,1,5_0,4.99248205257,-9999.0,-9999.0,-9999.0,80.5680007935,185.112854993916,56.7020929472878,268696.38,665466.6,32,18,80.568
NS66NE_3966,1,5_0,6.6308585084,-9999.0,-9999.0,-9999.0,81.8789978027,706.300037142944,124.183513300265,268558.55,665481.14,20,12,81.879
NS66NE_3967,1,5_0,9.37184486655,-9999.0,-9999.0,-9999.0,86.0,957.881030897263,238.94312849095,268253.31,665484.52,120,62,86.0
NS66NE_3972,1,5_0,3.5165406325,-9999.0,-9999.0,-9999.0,86.7060012817,531.272652509138,126.781928454032,268308.47,665464.41,20,12,86.706
NS66NE_3973,1,5_0,6.13468830667,-9999.0,-9999.0,-9999.0,80.7050018311,129.50556793644,45.5912036077025,268714.9,665459.83,12,8,80.705
NS66NE_3976,1,5_0,6.2947721291,-9999.0,-9999.0,-9999.0,82.6760025024,116.30822689354,43.2840744757212,268142.23,665457.71,12,8,82.676
NS66NE_3980,1,5_0,6.03523124632,-9999.0,-9999.0,-9999.0,80.7369995117,130.44490460224,46.7721116457287,268733.02,665456.32,24,14,80.737
NS66NE_3983,1,5_0,6.16305162036,-9999.0,-9999.0,-9999.0,80.466003418,129.4954936083,45.5835326900857,268627.48,665454.49,12,8,80.466
NS66NE_3987,1,5_0,5.22508801298,-9999.0,-9999.0,-9999.0,80.922996521,389.651931997974,94.3560449803678,268585.09,665454.37,12,8,80.923
NS66NE_3991,1,5_0,6.29773543,-9999.0,-9999.0,-9999.0,83.016998291,113.418174870253,42.7326296153012,268173.32,665449.24,12,8,83.017
NS66NE_4001,1,5_0,7.09312212082,-9999.0,-9999.0,-9999.0,83.6500015259,1110.70501000365,228.533957922143,268474.41,665449.8,52,28,83.65
NS66NE_4005,1,5_0,6.31577035878,-9999.0,-9999.0,-9999.0,82.0390014648,114.823117360539,43.0126888465652,268132.76,665430.69,12,8,82.039
NS66NE_4007,1,5_0,5.77078360287,-9999.0,-9999.0,-9999.0,82.3310012817,188.460879635916,61.7690376290511,268155.65,665430.5,44,24,82.331
NS66NE_4011,1,5_0,3.8505377756,-9999.0,-9999.0,-9999.0,85.9629974365,1559.07455874472,347.167105764798,268328.58,665453.63,124,64,85.963
NS66NE_4016,1,5_0,9.48811742086,-9999.0,-9999.0,-9999.0,86.2389984131,1358.05002570119,271.650028304907,268402.53,665444.38,52,28,86.239
NS66NE_4023,1,5_0,7.31719762206,-9999.0,-9999.0,-9999.0,84.2750015259,1100.61056401688,227.935113933816,268467.16,665412.93,44,24,84.275
NS66NE_4026,1,5_0,9.86637807671,-9999.0,-9999.0,-9999.0,80.2529983521,736.603029760332,152.384665471603,268619.26,665412.4,28,16,80.253
NS66NE_4028,1,5_0,9.58961015154,-9999.0,-9999.0,-9999.0,82.4140014648,1176.80761731179,269.374852720644,268240.3,665406.25,120,62,82.414
NS66NE_4029,1,5_0,9.80501251643,-9999.0,-9999.0,-9999.0,82.5780029297,277.412729265241,72.2323212646486,268258.49,665386.67,20,12,82.578
NS66NE_4031,1,5_0,9.40612198953,-9999.0,-9999.0,-9999.0,84.1719970703,426.950383235003,103.548057694973,268304.17,665385.22,28,16,84.172
NS66NE_4039,1,5_0,9.67867331226,-9999.0,-9999.0,-9999.0,81.5110015869,1894.76987926283,420.209647781603,268552.76,665403.3,116,60,81.511
NS66NE_4041,1,5_0,9.50194673782,-9999.0,-9999.0,-9999.0,86.2799987793,829.595349619941,192.548406502508,268395.72,665378.4,76,40,86.28
NS66NE_4045,1,5_0,4.81969807587,-9999.0,-9999.0,-9999.0,81.283996582,109.249489227592,42.5518071947876,268205.97,665366.44,12,8,81.284
NS66NE_4048,1,5_0,6.50158779987,-9999.0,-9999.0,-9999.0,82.0049972534,142.823402009771,48.6981332235898,268220.29,665362.86,12,8,82.005
NS66NE_4049,1,5_0,9.31394501802,-9999.0,-9999.0,-9999.0,87.6159973145,551.165101561435,128.739189878299,268461.25,665365.81,52,28,87.616
NS66NE_4056,1,5_0,9.28550756628,-9999.0,-9999.0,-9999.0,88.4629974365,227.795439979096,65.3731922014648,268500.79,665356.4,28,16,88.463
NS66NE_4063,1,5_0,9.33045275963,-9999.0,-9999.0,-9999.0,88.2919998169,657.985804492765,145.553677783698,268541.38,665344.29,44,24,88.292
NS66NE_4064,1,5_0,4.80505662806,-9999.0,-9999.0,-9999.0,81.2789993286,111.652129824465,42.8666998586735,268200.0,665334.84,12,8,81.279
NS66NE_4065,1,5_0,6.52327872072,-9999.0,-9999.0,-9999.0,82.5719985962,152.786887391176,50.5042177402348,268236.24,665334.3,12,8,82.572
NS66NE_4070,1,5_0,9.66262390367,-9999.0,-9999.0,-9999.0,83.7610015869,665.84847191786,137.279515433442,268612.82,665349.21,16,10,83.761
NS66NE_4078,1,5_0,6.50820304559,-9999.0,-9999.0,-9999.0,81.5640029907,140.635267281754,49.2316064530857,268206.58,665316.71,20,12,81.564
NS66NE_4079,1,5_0,5.99664907774,-9999.0,-9999.0,-9999.0,82.9820022583,208.578920893158,73.7795597785794,268231.57,665313.89,36,20,82.982
NS66NE_4368,1,5_0,4.73576904483,-9999.0,-9999.0,-9999.0,68.5459976196,252.43079049607,71.89677253131,268135.49,665077.89,36,20,68.546
NS66NE_4397,1,5_0,8.20568864498,-9999.0,-9999.0,-9999.0,68.8079986572,356.714564814513,88.5440908269228,268159.17,665063.43,40,22,68.808
NS66NE_4426,1,5_0,7.13478956736,-9999.0,-9999.0,-9999.0,71.7320022583,6129.38706625273,356.111507442415,268275.05,665053.93,60,32,71.732
NS66NE_3180,1,5_1,6.74572352483,-9999.0,-9999.0,-9999.0,88.111000061,165.297991335883,58.3482265674602,268174.91,666246.75,28,16,88.111
NS66NE_3186,1,5_1,6.16861025241,-9999.0,-9999.0,-9999.0,85.3870010376,191.440350753848,57.4453418005134,268742.04,666237.86,12,8,85.387
NS66NE_3199,1,5_1,6.19251039852,-9999.0,-9999.0,-9999.0,85.5550003052,194.053144241823,57.9035592902795,268723.0,666223.52,12,8,85.555
NS66NE_3203,1,5_1,6.42910091835,-9999.0,-9999.0,-9999.0,88.7259979248,317.923706237466,96.1116430170223,268190.29,666223.65,44,24,88.726
NS66NE_3205,1,5_1,5.768965502,-9999.0,-9999.0,-9999.0,85.6959991455,791.887885851831,195.175305018493,268660.08,666232.74,100,52,85.696
NS66NE_3209,1,5_1,6.23543900814,-9999.0,-9999.0,-9999.0,85.7689971924,143.143483562693,48.2072469532368,268708.01,666209.46,12,8,85.769
NS66NE_3210,1,5_1,6.40317903475,-9999.0,-9999.0,-9999.0,88.8089981079,169.439868872843,59.3832130366814,268168.14,666207.27,28,16,88.809
NS66NE_3212,1,5_1,6.00463918962,-9999.0,-9999.0,-9999.0,88.388999939,205.970357726437,60.9883892066757,268601.93,666207.52,20,12,88.389
NS66NE_3215,1,5_1,6.51741055942,-9999.0,-9999.0,-9999.0,88.6809997559,532.399543442886,95.1926545926144,268286.01,666210.82,12,8,88.681
NS66NE_3216,1,5_1,5.8504673045,-9999.0,-9999.0,-9999.0,86.5540008545,830.468638757177,234.18653205059,268578.03,666222.62,108,56,86.554
NS66NE_3217,1,5_1,5.75255579985,-9999.0,-9999.0,-9999.0,86.2699966431,498.495742980726,119.097550271358,268626.28,666215.13,44,24,86.27
NS66NE_3218,1,5_1,3.54726233603,-9999.0,-9999.0,-9999.0,85.7279968262,304.641346695182,75.2286734736923,268687.09,666200.25,24,14,85.728
NS66NE_3219,1,5_1,6.07135354537,-9999.0,-9999.0,-9999.0,89.7170028687,201.634100929623,60.4310015793799,268586.67,666195.26,20,12,89.717
NS66NE_3220,1,5_1,6.04737939554,-9999.0,-9999.0,-9999.0,92.18699646,138.216521726395,47.2177063803579,268537.84,666193.29,12,8,92.187
NS66NE_3226,1,5_1,3.6251500845,-9999.0,-9999.0,-9999.0,91.4430007935,39.9485324986649,30.9410198450095,268347.06,666179.29,20,12,91.443
NS66NE_3229,1,5_1,6.11763774611,-9999.0,-9999.0,-9999.0,94.4609985352,158.656166438491,58.9926718428896,268516.73,666181.5,28,16,94.461
NS66NE_3232,1,5_1,6.43689501451,-9999.0,-9999.0,-9999.0,88.3600006104,312.212514496694,95.9460244466481,268150.75,666188.51,44,24,88.36
NS66NE_3236,1,5_1,6.04284825532,-9999.0,-9999.0,-9999.0,89.9362716675,236.142415929459,64.8680619880707,268594.14,666175.7,16,10,89.936
NS66NE_3237,1,5_1,6.578177492,-9999.0,-9999.0,-9999.0,86.0439987183,395.807760215791,113.472920544454,268743.52,666181.3,28,16,86.044
NS66NE_3239,1,5_1,6.26627971815,-9999.0,-9999.0,-9999.0,94.0419998169,165.614860988222,54.0598684024778,268553.09,666162.15,12,8,94.042
NS66NE_3242,1,5_1,6.34241547383,-9999.0,-9999.0,-9999.0,95.6409988403,143.394455736196,48.5367441463888,268490.92,666160.74,12,8,95.641
NS66NE_3246,1,5_1,6.3640032131,-9999.0,-9999.0,-9999.0,95.0370025635,215.820043856907,62.7367864716949,268530.79,666162.04,12,8,95.037
NS66NE_3247,1,5_1,6.43801693554,-9999.0,-9999.0,-9999.0,88.3479995728,467.673854654482,132.325072197256,268175.34,666159.9,60,32,88.348
NS66NE_3249,1,5_1,6.72899607954,-9999.0,-9999.0,-9999.0,86.9110031128,88.1526429611141,37.5928047341276,268742.45,666153.3,12,8,86.911
NS66NE_3251,1,5_1,5.96121514611,-9999.0,-9999.0,-9999.0,89.9980010986,239.46386509951,69.554860581897,268608.62,666155.16,20,12,89.998
NS66NE_3253,1,5_1,5.85054865687,-9999.0,-9999.0,-9999.0,88.3769989014,214.533945898557,67.9828323581008,268644.12,666152.54,36,20,88.377
NS66NE_3255,1,5_1,6.04076924999,-9999.0,-9999.0,-9999.0,89.1119995117,696.082911752551,121.984237298248,268261.48,666147.45,28,16,89.112
NS66NE_3258,1,5_1,6.19681801059,-9999.0,-9999.0,-9999.0,86.7630004883,287.895317847974,89.9381433659514,268719.84,666151.32,16,10,86.763
NS66NE_3262,1,5_1,6.51302547774,-9999.0,-9999.0,-9999.0,95.1081085205,197.847011059924,59.7116235056535,268473.53,666144.11,12,8,95.108
NS66NE_3263,1,5_1,6.03210555764,-9999.0,-9999.0,-9999.0,89.4759979248,210.079054944058,61.9699340592883,268627.99,666141.67,20,12,89.476
NS66NE_3266,1,5_1,4.53904761629,-9999.0,-9999.0,-9999.0,95.108001709,236.661547850757,73.3129114111077,268505.55,666143.05,28,16,95.108
NS66NE_3268,1,5_1,6.34113219813,-9999.0,-9999.0,-9999.0,94.1449966431,411.981376595217,110.13910421806,268578.51,666145.69,44,24,94.145
NS66NE_3272,1,5_1,6.23376062033,-9999.0,-9999.0,-9999.0,94.5189971924,144.999690930315,48.8787584437113,268452.41,666132.24,12,8,94.519
NS66NE_3281,1,5_1,5.91284460914,-9999.0,-9999.0,-9999.0,87.875,216.451237600677,66.0680266007443,268741.18,666125.49,12,8,87.875
NS66NE_3283,1,5_1,6.21857772335,-9999.0,-9999.0,-9999.0,94.9899978638,198.604873568654,61.1169458475919,268497.28,666121.9,16,10,94.99
NS66NE_3285,1,5_1,6.40522726029,-9999.0,-9999.0,-9999.0,93.7679977417,145.104509685372,48.8837813936948,268419.9,666116.4,12,8,93.768
NS66NE_3288,1,5_1,6.21402955457,-9999.0,-9999.0,-9999.0,94.2910003662,171.277792696261,55.1138069856137,268587.41,666116.44,12,8,94.291
NS66NE_3294,1,5_1,6.44566878532,-9999.0,-9999.0,-9999.0,92.6819992065,160.125216182678,52.6345088872729,268399.03,666109.84,12,8,92.682
NS66NE_3295,1,5_1,6.35585576618,-9999.0,-9999.0,-9999.0,93.4609985352,164.485261208507,53.3738289202888,268462.86,666113.46,12,8,93.461
NS66NE_3305,1,5_1,6.46258351925,-9999.0,-9999.0,-9999.0,92.8180007935,129.690109590709,45.8462611699492,268465.61,666094.78,12,8,92.818
NS66NE_3307,1,5_1,8.26023559503,-9999.0,-9999.0,-9999.0,85.9570007324,1770.69266092512,382.83176081381,268646.91,666136.31,176,90,85.957
NS66NE_3308,1,5_1,7.09967982762,-9999.0,-9999.0,-9999.0,87.7539978027,438.55333177471,108.380763125206,268707.03,666101.38,44,24,87.754
NS66NE_3314,1,5_1,6.44027291128,-9999.0,-9999.0,-9999.0,95.6019973755,215.186407640606,63.2857262042099,268581.43,666093.04,12,8,95.602
NS66NE_3317,1,5_1,6.36130398761,-9999.0,-9999.0,-9999.0,93.2829971313,237.522997105767,67.9938502181675,268428.3,666093.45,12,8,93.283
NS66NE_3324,1,5_1,6.39147752068,-9999.0,-9999.0,-9999.0,92.9130020142,173.790065591537,55.3813839560706,268410.53,666083.19,12,8,92.913
NS66NE_3326,1,5_1,6.36459869189,-9999.0,-9999.0,-9999.0,94.9270019531,393.179385890053,101.226346380851,268507.26,666092.32,28,16,94.927
NS66NE_3332,1,5_1,6.46714462469,-9999.0,-9999.0,-9999.0,95.5439987183,142.826960841374,48.4471669264451,268595.22,666076.8,12,8,95.544
NS66NE_3334,1,5_1,4.64259674647,-9999.0,-9999.0,-9999.0,88.4919967651,229.121075099471,67.4337416723418,268731.73,666078.57,28,16,88.492
NS66NE_3337,1,5_1,6.02825513338,-9999.0,-9999.0,-9999.0,89.4177474976,124.286132509959,45.1095238624169,268701.7,666073.8,12,8,89.418
NS66NE_3340,1,5_1,5.51424661213,-9999.0,-9999.0,-9999.0,95.2149963379,428.839814227149,129.539493365375,268545.4,666075.36,44,24,95.215
NS66NE_3346,1,5_1,6.42677193922,-9999.0,-9999.0,-9999.0,93.4469985962,327.906637742779,86.8051141663561,268483.98,666075.66,12,8,93.447
NS66NE_3351,1,5_1,9.70914299283,-9999.0,-9999.0,-9999.0,88.3453979492,857.845824198079,192.905040894076,268659.56,666080.68,92,48,88.345
NS66NE_3355,1,5_1,5.98866506661,-9999.0,-9999.0,-9999.0,90.5199966431,241.767401079731,69.3683771888872,268685.09,666061.03,12,8,90.52
NS66NE_3358,1,5_1,6.27204731247,-9999.0,-9999.0,-9999.0,96.3300018311,147.662655070806,49.2437012869678,268568.55,666056.81,12,8,96.33
NS66NE_3363,1,5_1,7.23351949173,-9999.0,-9999.0,-9999.0,92.8199996948,220.527487905231,61.9846475272088,268430.44,666055.8,12,8,92.82
NS66NE_3366,1,5_1,6.33880750384,-9999.0,-9999.0,-9999.0,94.6719970703,134.507755939801,46.7904898481267,268496.67,666051.97,12,8,94.672
NS66NE_3367,1,5_1,5.97792323994,-9999.0,-9999.0,-9999.0,92.5199966431,123.827069900146,44.9714645487517,268667.43,666048.79,12,8,92.52
NS66NE_3371,1,5_1,3.63765589924,-9999.0,-9999.0,-9999.0,93.9599990845,62.3531609302516,32.0109980240787,268635.57,666043.97,12,8,93.96
NS66NE_3374,1,5_1,6.51345199915,-9999.0,-9999.0,-9999.0,97.2320022583,199.168910466855,59.8752967809563,268547.9,666044.77,12,8,97.232
NS66NE_3376,1,5_1,5.91046848146,-9999.0,-9999.0,-9999.0,91.1597976685,194.721124782095,59.9431998151707,268722.69,666044.19,12,8,91.16
NS66NE_3379,1,5_1,6.38428029634,-9999.0,-9999.0,-9999.0,95.4326705933,174.975655347565,55.5745303556917,268513.63,666042.32,12,8,95.433
NS66NE_3381,1,5_1,6.01726999853,-9999.0,-9999.0,-9999.0,93.8619995117,122.420735454681,44.5611749392209,268654.68,666039.07,12,8,93.862
NS66NE_3387,1,5_1,6.36464672489,-9999.0,-9999.0,-9999.0,97.7249984741,145.7042025121,48.9375845855769,268530.43,666027.81,12,8,97.725
NS66NE_3391,1,5_1,9.06374098307,-9999.0,-9999.0,-9999.0,93.9499969482,652.660037454689,138.347426786451,268603.3,666038.59,32,18,93.95
NS66NE_3396,1,5_1,6.06393844147,-9999.0,-9999.0,-9999.0,96.327003479,231.300208993761,67.0998892980435,268634.88,666023.34,12,8,96.327
NS66NE_3399,1,5_1,5.99726478635,-9999.0,-9999.0,-9999.0,94.158996582,167.914266616879,53.86175798568,268677.04,666016.61,12,8,94.159
NS66NE_3401,1,5_1,6.02459523943,-9999.0,-9999.0,-9999.0,92.2279968262,279.376076188129,77.2297178846484,268739.45,666021.02,12,8,92.228
NS66NE_3403,1,5_1,7.13472592093,-9999.0,-9999.0,-9999.0,93.0970001221,511.182302361595,119.081382745743,268413.81,666025.8,28,16,93.097
NS66NE_3409,1,5_1,5.89814822901,-9999.0,-9999.0,-9999.0,91.4130020142,240.564621692759,74.4145426620101,268704.98,666011.46,36,20,91.413
NS66NE_3411,1,5_1,6.66579258572,-9999.0,-9999.0,-9999.0,94.4130020142,234.285820356119,65.7664891053383,268432.48,666004.84,28,16,94.413
NS66NE_3417,1,5_1,8.97038968375,-9999.0,-9999.0,-9999.0,93.0859985352,1115.09242117192,248.032749760534,268478.56,666030.87,120,62,93.086
NS66NE_3425,1,5_1,5.72880912496,-9999.0,-9999.0,-9999.0,99.31199646,562.360984845165,143.95326720028,268624.66,665992.95,80,42,99.312
NS66NE_3427,1,5_1,6.10387827888,-9999.0,-9999.0,-9999.0,97.3170013428,118.266848562411,43.9303549248225,268665.09,665988.94,12,8,97.317
NS66NE_3429,1,5_1,6.15628646817,-9999.0,-9999.0,-9999.0,96.7279968262,121.514365481366,44.5556776879402,268679.55,665987.74,12,8,96.728
NS66NE_3431,1,5_1,6.63875734127,-9999.0,-9999.0,-9999.0,95.6149978638,234.381957517473,64.5250671875743,268453.65,665992.02,20,12,95.615
NS66NE_3433,1,5_1,5.99828118102,-9999.0,-9999.0,-9999.0,95.4580001831,198.261899830178,59.9440553973487,268697.22,665985.82,12,8,95.458
NS66NE_3434,1,5_1,6.0637624738,-9999.0,-9999.0,-9999.0,98.3519973755,187.5555521583,61.3851916264494,268526.97,665987.45,28,16,98.352
NS66NE_3436,1,5_1,4.86335431841,-9999.0,-9999.0,-9999.0,94.2689971924,164.963666003387,56.0680213789049,268723.43,665983.57,28,16,94.269
NS66NE_3438,1,5_1,5.56137304453,-9999.0,-9999.0,-9999.0,97.93800354,166.754552084731,54.2453495613784,268488.32,665981.12,12,8,97.938
NS66NE_3441,1,5_1,6.47507218139,-9999.0,-9999.0,-9999.0,99.641998291,149.765172454036,49.8240886918586,268543.19,665977.37,12,8,99.642
NS66NE_3450,1,5_1,6.53583789668,-9999.0,-9999.0,-9999.0,96.0059967041,267.664922150748,80.6282719901932,268468.48,665970.01,28,16,96.006
NS66NE_3451,1,5_1,6.3418141469,-9999.0,-9999.0,-9999.0,98.8639984131,132.372478276047,46.3989559414053,268529.21,665961.26,12,8,98.864
NS66NE_3455,1,5_1,6.62264056122,-9999.0,-9999.0,-9999.0,97.0199966431,130.640032739634,46.1011937879635,268486.53,665957.42,12,8,97.02
NS66NE_3466,1,5_1,6.50134652925,-9999.0,-9999.0,-9999.0,98.03099823,148.197250860278,49.4846500716612,268513.9,665945.77,12,8,98.031
NS66NE_3471,1,5_1,6.52683810304,-9999.0,-9999.0,-9999.0,98.638999939,147.683484588623,49.4060108432022,268528.51,665939.38,12,8,98.639
NS66NE_3477,1,5_1,2.87828088314,-9999.0,-9999.0,-9999.0,102.657997131,48.1230824950657,27.8486560681267,268586.26,665927.55,12,8,102.658
NS66NE_3483,1,5_1,8.67587033807,-9999.0,-9999.0,-9999.0,100.839996338,1097.10206597508,153.342223436055,268559.63,665938.21,44,24,100.84
NS66NE_3501,1,5_1,8.57048243038,-9999.0,-9999.0,-9999.0,102.189002991,2531.92399671673,269.014036968621,268634.2,665897.46,20,12,102.189
NS66NE_3508,1,5_1,6.67654306438,-9999.0,-9999.0,-9999.0,100.260002136,111.414906553383,42.618071085062,268738.15,665869.78,12,8,100.26
NS66NE_3509,1,5_1,6.61112745418,-9999.0,-9999.0,-9999.0,101.682998657,109.070958207168,42.0630842142072,268722.52,665861.19,12,8,101.683
NS66NE_3516,1,5_1,8.66029500869,-9999.0,-9999.0,-9999.0,89.5179977417,6244.2301069762,622.254202622451,268201.36,665916.48,148,76,89.518
NS66NE_3522,1,5_1,6.73835654955,-9999.0,-9999.0,-9999.0,101.281997681,114.055292577938,43.3027393617093,268713.3,665847.75,12,8,101.282
NS66NE_3528,1,5_1,6.7379927791,-9999.0,-9999.0,-9999.0,100.604003906,125.194742156981,45.8484251944881,268703.69,665834.75,20,12,100.604
NS66NE_3550,1,5_1,9.22513308768,-9999.0,-9999.0,-9999.0,85.6439971924,485.845389110904,116.33637686168,268151.42,665810.16,28,16,85.644
NS66NE_3554,1,5_1,6.11212091793,-9999.0,-9999.0,-9999.0,95.18800354,126.164814367982,47.4223312951197,268684.23,665793.72,20,12,95.188
NS66NE_3561,1,5_1,6.38584237122,-9999.0,-9999.0,-9999.0,94.4970016479,159.714486304467,54.2473546041753,268721.02,665787.51,20,12,94.497
NS66NE_3568,1,5_1,6.12073161008,-9999.0,-9999.0,-9999.0,95.0749969482,130.913759045865,48.3521900828491,268674.78,665780.45,20,12,95.075
NS66NE_3571,1,5_1,6.15523026441,-9999.0,-9999.0,-9999.0,85.0699996948,151.216186783835,49.607456845296,268125.48,665780.01,12,8,85.07
NS66NE_3580,1,5_1,6.69809060214,-9999.0,-9999.0,-9999.0,94.59400177,114.666037023211,43.1459474115742,268709.95,665772.86,12,8,94.594
NS66NE_3581,1,5_1,6.57699959557,-9999.0,-9999.0,-9999.0,92.7710037231,111.983254697673,42.6489671043488,268738.09,665772.81,12,8,92.771
NS66NE_3585,1,5_1,6.49234449336,-9999.0,-9999.0,-9999.0,94.841003418,113.125902407899,42.8071803779677,268666.61,665767.12,12,8,94.841
NS66NE_3586,1,5_1,6.60322537818,-9999.0,-9999.0,-9999.0,85.4779968262,230.536085883308,62.3827642474418,268145.22,665770.39,12,8,85.478
NS66NE_3593,1,5_1,6.66134361372,-9999.0,-9999.0,-9999.0,94.5260009766,111.438692180259,42.5232693804374,268700.66,665759.59,12,8,94.526
NS66NE_3594,1,5_1,6.5953748027,-9999.0,-9999.0,-9999.0,92.6790008545,112.714179601441,42.7953575652589,268728.92,665759.62,12,8,92.679
NS66NE_3597,1,5_1,9.76826718625,-9999.0,-9999.0,-9999.0,85.4459991455,406.493367961438,97.1509930055145,268174.97,665770.44,12,8,85.446
NS66NE_3613,1,5_1,6.73389938899,-9999.0,-9999.0,-9999.0,94.3450012207,113.671259879148,42.9160331711536,268691.36,665746.33,12,8,94.345
NS66NE_3614,1,5_1,6.62937619302,-9999.0,-9999.0,-9999.0,92.5559997559,112.28369789293,42.6508418983771,268719.5,665746.27,12,8,92.556
NS66NE_3616,1,5_1,6.36894448348,-9999.0,-9999.0,-9999.0,85.2109985352,168.148501866338,52.6087134335609,268184.34,665743.63,12,8,85.211
NS66NE_3631,1,5_1,6.59219837189,-9999.0,-9999.0,-9999.0,92.3789978027,113.327266734795,42.8176897682652,268710.32,665733.11,12,8,92.379
NS66NE_3632,1,5_1,6.67008193694,-9999.0,-9999.0,-9999.0,94.2389984131,112.717449887131,42.7822730149667,268682.14,665733.09,12,8,94.239
NS66NE_3635,1,5_1,6.11032478687,-9999.0,-9999.0,-9999.0,82.0429992676,707.045501942982,209.310204528929,268126.4,665736.3,100,52,82.043
NS66NE_3641,1,5_1,6.10130992619,-9999.0,-9999.0,-9999.0,85.3970031738,150.42241759442,49.4664365865441,268188.3,665725.31,12,8,85.397
NS66NE_3652,1,5_1,6.56033095623,-9999.0,-9999.0,-9999.0,92.2310028076,112.778522617189,42.782736457537,268701.06,665719.74,12,8,92.231
NS66NE_3656,1,5_1,6.50164875231,-9999.0,-9999.0,-9999.0,94.3109970093,114.514812305082,43.0574645529706,268630.98,665715.84,12,8,94.311
NS66NE_3659,1,5_1,6.28102985042,-9999.0,-9999.0,-9999.0,93.6940002441,128.411130392343,47.2077711268995,268668.91,665712.85,20,12,93.694
NS66NE_3672,1,5_1,6.56392317159,-9999.0,-9999.0,-9999.0,94.3249969482,113.445605119047,42.9116008710954,268621.66,665702.55,12,8,94.325
NS66NE_3675,1,5_1,6.62497338189,-9999.0,-9999.0,-9999.0,93.6709976196,114.665633113928,43.1457869762183,268658.92,665699.7,12,8,93.671
NS66NE_3677,1,5_1,6.65665868066,-9999.0,-9999.0,-9999.0,91.9899978638,112.542790567923,42.7482654098232,268686.97,665699.61,12,8,91.99
NS66NE_3678,1,5_1,6.10395896769,-9999.0,-9999.0,-9999.0,84.5869979858,226.061957899693,64.7501534351771,268165.29,665697.9,12,8,84.587
NS66NE_3686,1,5_1,5.4364579046,-9999.0,-9999.0,-9999.0,85.4260025024,247.880023954086,70.3895621641688,268190.9,665692.03,28,16,85.426
NS66NE_3691,1,5_1,6.54201159233,-9999.0,-9999.0,-9999.0,94.1549987793,114.106745056206,43.0320665753856,268612.44,665689.39,12,8,94.155
NS66NE_3695,1,5_1,6.78544323391,-9999.0,-9999.0,-9999.0,93.4820022583,113.288424860753,42.85943344149,268649.55,665686.39,12,8,93.482
NS66NE_3696,1,5_1,6.67959293059,-9999.0,-9999.0,-9999.0,91.8160018921,110.812989610885,42.3717423216345,268677.71,665686.42,12,8,91.816
NS66NE_3705,1,5_1,6.53494650917,-9999.0,-9999.0,-9999.0,94.0899963379,114.242340738685,43.0216571214273,268603.22,665676.21,12,8,94.09
NS66NE_3711,1,5_1,6.70467222768,-9999.0,-9999.0,-9999.0,93.4140014648,113.740627692994,42.9529728845928,268640.35,665673.09,12,8,93.414
NS66NE_3712,1,5_1,5.64547741918,-9999.0,-9999.0,-9999.0,91.68699646,157.177417557518,55.9277332717739,268667.48,665674.7,20,12,91.687
NS66NE_3723,1,5_1,3.35283914881,-9999.0,-9999.0,-9999.0,88.8649978638,400.240647100861,90.1775727936002,268719.56,665671.52,52,28,88.865
NS66NE_3725,1,5_1,6.58510699639,-9999.0,-9999.0,-9999.0,85.6959991455,159.925225248139,52.2688268086942,268165.9,665665.41,16,10,85.696
NS66NE_3728,1,5_1,6.43443980884,-9999.0,-9999.0,-9999.0,91.5660018921,124.628175398444,45.9003134999652,268659.03,665660.02,24,14,91.566
NS66NE_3734,1,5_1,5.83996714738,-9999.0,-9999.0,-9999.0,83.8883666992,393.602874578789,123.639378522365,268131.33,665669.02,76,40,83.888
NS66NE_3737,1,5_1,6.55346716658,-9999.0,-9999.0,-9999.0,91.4120025635,114.842430271327,43.1909364123386,268649.94,665646.56,12,8,91.412
NS66NE_3740,1,5_1,8.88150981889,-9999.0,-9999.0,-9999.0,87.8499984741,1511.58404036994,339.117580378055,268302.4,665676.62,68,36,87.85
NS66NE_3747,1,5_1,5.98000763684,-9999.0,-9999.0,-9999.0,85.5749969482,157.150313863333,53.0867373339376,268131.89,665638.54,28,16,85.575
NS66NE_3748,1,5_1,8.6999223267,-9999.0,-9999.0,-9999.0,87.111000061,1065.95422337003,239.267869066759,268248.59,665668.53,60,32,87.111
NS66NE_3749,1,5_1,5.15602629693,-9999.0,-9999.0,-9999.0,91.4970016479,459.498742194123,138.790740118776,268629.43,665647.68,56,30,91.497
NS66NE_3751,1,5_1,5.5652777914,-9999.0,-9999.0,-9999.0,86.9560012817,503.257313252204,176.6555127464,268204.61,665652.75,124,64,86.956
NS66NE_3756,1,5_1,3.71131380096,-9999.0,-9999.0,-9999.0,88.9039993286,132.142578138886,46.420875316492,268691.76,665628.97,12,8,88.904
NS66NE_3758,1,5_1,5.68592175673,-9999.0,-9999.0,-9999.0,86.3160018921,171.995145328538,58.0938518251096,268163.56,665628.41,36,20,86.316
NS66NE_2418,1,5_2,6.34812409403,-9999.0,-9999.0,-9999.0,81.8470001221,160.430882622656,52.8201915451432,268125.59,666874.46,28,16,81.847
NS66NE_2425,1,5_2,3.45097095019,-9999.0,-9999.0,-9999.0,84.3190002441,37.5518849960128,24.815464405907,268209.54,666864.11,12,8,84.319
NS66NE_2433,1,5_2,6.68158361111,-9999.0,-9999.0,-9999.0,81.8369979858,145.517722312742,48.7220806413853,268140.0,666862.76,12,8,81.837
NS66NE_2441,1,5_2,6.66543295364,-9999.0,-9999.0,-9999.0,84.1190032959,93.6580991913779,38.8285440868324,268207.46,666855.11,12,8,84.119
NS66NE_2452,1,5_2,6.36906948305,-9999.0,-9999.0,-9999.0,82.0920028687,157.330334959058,51.9985764061648,268154.9,666850.54,28,16,82.092
NS66NE_2465,1,5_2,6.82194713955,-9999.0,-9999.0,-9999.0,83.2580032349,139.433356994199,47.6435605766366,268196.64,666841.16,12,8,83.258
NS66NE_2479,1,5_2,6.28630018777,-9999.0,-9999.0,-9999.0,82.9785003662,157.881172001801,52.6319709661544,268184.28,666827.65,28,16,82.978
NS66NE_2489,1,5_2,6.74964816915,-9999.0,-9999.0,-9999.0,81.8639984131,140.653040002875,47.8112996524173,268142.03,666824.77,12,8,81.864
NS66NE_2497,1,5_2,5.71054976614,-9999.0,-9999.0,-9999.0,81.9919967651,98.8303729467329,41.8333087711324,268157.38,666816.77,28,16,81.992
NS66NE_2498,1,5_2,2.91304910919,-9999.0,-9999.0,-9999.0,83.0299987793,41.1148866967472,26.6143157592974,268184.81,666814.57,12,8,83.03
NS66NE_3082,1,5_2,3.91962976416,-9999.0,-9999.0,-9999.0,87.091003418,552.82690435145,138.551076036759,268674.3,666366.58,36,20,87.091
NS66NE_3112,1,5_2,6.57871933987,-9999.0,-9999.0,-9999.0,84.216003418,158.66487429406,51.1502606128238,268722.66,666331.39,12,8,84.216
NS66NE_3118,1,5_2,6.31071104371,-9999.0,-9999.0,-9999.0,85.9189987183,142.177458071442,48.1197960849157,268704.84,666321.67,12,8,85.919
NS66NE_3133,1,5_2,6.26539915667,-9999.0,-9999.0,-9999.0,84.2730026245,204.857316547472,61.4032965058139,268736.32,666313.5,12,8,84.273
NS66NE_3135,1,5_2,6.25898636483,-9999.0,-9999.0,-9999.0,86.4440002441,187.985945713698,57.0526797858203,268689.68,666307.78,12,8,86.444
NS66NE_3144,1,5_2,6.19217020738,-9999.0,-9999.0,-9999.0,85.1819992065,191.435457402702,57.50807826326,268719.29,666296.16,12,8,85.182
NS66NE_3148,1,5_2,6.28798255412,-9999.0,-9999.0,-9999.0,85.9919967651,189.552828785606,57.2249588091449,268670.6,666293.57,12,8,85.992
NS66NE_3151,1,5_2,6.2518195703,-9999.0,-9999.0,-9999.0,85.8669967651,144.08142073884,48.4733079361207,268652.75,666282.97,12,8,85.867
NS66NE_3153,1,5_2,6.22484031556,-9999.0,-9999.0,-9999.0,85.2689971924,191.544271222041,57.5540583029104,268700.25,666281.85,12,8,85.269
NS66NE_3166,1,5_2,6.26071960531,-9999.0,-9999.0,-9999.0,84.827003479,188.820768715053,57.1487368507409,268739.2,666269.55,12,8,84.827
NS66NE_3168,1,5_2,5.66198784131,-9999.0,-9999.0,-9999.0,85.9150009155,251.984320957629,69.1094969905303,268633.76,666268.38,28,16,85.915
NS66NE_3170,1,5_2,6.59394267775,-9999.0,-9999.0,-9999.0,87.2570037842,164.49422484666,58.0792103676589,268164.04,666262.87,28,16,87.257
NS66NE_3176,1,5_2,6.01301997169,-9999.0,-9999.0,-9999.0,85.4950027466,203.209857859025,62.0664712686383,268720.22,666254.59,20,12,85.495
NS66NE_3188,1,5_2,4.70001323245,-9999.0,-9999.0,-9999.0,85.8980026245,514.919204203475,136.146520271495,268686.14,666250.42,44,24,85.898
NS66NE_2166,1,5_3,3.88942591349,-9999.0,-9999.0,-9999.0,86.5270004272,166.877186256425,64.0632190864861,268153.88,667409.25,32,18,86.527
NS66NE_2171,1,5_3,1.96019032237,-9999.0,-9999.0,-9999.0,87.6490020752,27.2732099968237,24.8483054697917,268188.47,667391.17,8,6,87.649
NS66NE_2177,1,5_3,5.61225501148,-9999.0,-9999.0,-9999.0,86.65599823,717.091092037189,152.573627482153,268223.54,667393.77,52,28,86.656
NS66NE_2181,1,5_3,2.34876224214,-9999.0,-9999.0,-9999.0,88.2460021973,34.1376714850498,23.37272244139,268213.47,667362.13,12,8,88.246
NS66NE_2183,1,5_3,2.75247485489,-9999.0,-9999.0,-9999.0,87.1800003052,46.4857103920489,28.7497317269447,268240.14,667358.87,12,8,87.18
NS66NE_2190,1,5_3,6.04919303868,-9999.0,-9999.0,-9999.0,90.0490036011,150.934623766943,49.2906078275349,268154.16,667350.79,12,8,90.049
NS66NE_2198,1,5_3,5.06913203846,-9999.0,-9999.0,-9999.0,89.8779983521,144.736178533537,60.1177134809837,268128.45,667328.55,28,16,89.878
NS66NE_2200,1,5_3,5.52633174614,-9999.0,-9999.0,-9999.0,89.3099975586,280.991030789375,86.7170838892395,268165.18,667331.24,44,24,89.31
NS66NE_2209,1,5_3,6.32150875929,-9999.0,-9999.0,-9999.0,88.9869995117,266.587094396111,74.2622948288356,268157.05,667308.73,28,16,88.987
NS66NE_2216,1,5_3,5.13625220562,-9999.0,-9999.0,-9999.0,88.9440002441,130.188843498722,50.7599745620688,268139.46,667299.25,28,16,88.944
NS66NE_2217,1,5_3,6.85805384608,-9999.0,-9999.0,-9999.0,89.2573318481,113.286251523919,44.8779997290826,268125.77,667293.89,20,12,89.257
NS66NE_2221,1,5_3,5.75420544194,-9999.0,-9999.0,-9999.0,88.8909988403,253.855397937601,80.423304347758,268624.13,667277.17,36,20,88.891
NS66NE_2224,1,5_3,6.63493042299,-9999.0,-9999.0,-9999.0,89.0820007324,129.305942574376,45.5730147255673,268644.15,667269.56,12,8,89.082
NS66NE_2225,1,5_3,6.23512921362,-9999.0,-9999.0,-9999.0,89.2109985352,89.2775493025512,40.2051575022654,268673.39,667266.25,20,12,89.211
NS66NE_2228,1,5_3,5.88708639243,-9999.0,-9999.0,-9999.0,88.0800018311,126.507298879846,50.4092178956066,268607.74,667250.93,28,16,88.08
NS66NE_2229,1,5_3,6.52060211339,-9999.0,-9999.0,-9999.0,88.4290008545,149.218325622912,51.385109027171,268629.04,667242.26,28,16,88.429
NS66NE_2230,1,5_3,5.91430989474,-9999.0,-9999.0,-9999.0,88.6399993896,440.948507033297,147.334190498389,268659.94,667239.41,80,42,88.64
NS66NE_2231,1,5_3,5.60964002484,-9999.0,-9999.0,-9999.0,88.1999969482,138.136689901816,52.9631439151176,268599.77,667226.27,36,20,88.2
NS66NE_2233,1,5_3,6.42819499104,-9999.0,-9999.0,-9999.0,88.3040008545,141.553746078449,50.8002020274375,268615.82,667219.88,28,16,88.304
NS66NE_2235,1,5_3,3.70875097204,-9999.0,-9999.0,-9999.0,88.46900177,28.3128075057119,21.5228584284339,268657.73,667213.31,12,8,88.469
NS66NE_2236,1,5_3,3.69784637236,-9999.0,-9999.0,-9999.0,92.5540008545,224.471690496767,69.0982754318375,268444.26,667213.13,60,32,92.554
NS66NE_2237,1,5_3,12.9460639269,-9999.0,-9999.0,-9999.0,91.3970031738,619.813224654444,138.453613097381,268512.3,667219.51,44,24,91.397
NS66NE_2238,1,5_3,6.29464617185,-9999.0,-9999.0,-9999.0,88.3779983521,156.671350813807,52.0041398343022,268632.21,667209.76,28,16,88.378
NS66NE_2239,1,5_3,6.67556658456,-9999.0,-9999.0,-9999.0,88.3880004883,88.8241961461824,37.8642780368965,268648.39,667205.76,12,8,88.388
NS66NE_2240,1,5_3,6.21683608264,-9999.0,-9999.0,-9999.0,92.0699996948,422.832614220798,120.818503252163,268477.67,667201.41,32,18,92.07
NS66NE_2242,1,5_3,5.82181116134,-9999.0,-9999.0,-9999.0,93.3290023804,63.055245003831,31.76871428775,268463.85,667174.05,12,8,93.329
NS66NE_2244,1,5_3,9.07925783124,-9999.0,-9999.0,-9999.0,91.8700027466,90.7845112991547,38.6708091121706,268316.41,667158.79,12,8,91.87
NS66NE_2245,1,5_3,4.11130711625,-9999.0,-9999.0,-9999.0,89.2030029297,211.168861185679,61.0143214112004,268597.59,667159.36,20,12,89.203
NS66NE_2246,1,5_3,3.03210762366,-9999.0,-9999.0,-9999.0,87.6084365845,37.7859150025187,25.6730885307266,268638.01,667152.75,12,8,87.608
NS66NE_2247,1,5_3,10.4877629658,-9999.0,-9999.0,-9999.0,92.3519973755,570.423583033059,215.908535220264,268512.26,667169.39,156,76,92.352
NS66NE_2249,1,5_3,8.62157537324,-9999.0,-9999.0,-9999.0,91.8509979248,97.5614848485931,40.1897352401911,268309.32,667149.88,12,8,91.851
NS66NE_2250,1,5_3,6.83444478986,-9999.0,-9999.0,-9999.0,88.0790023804,168.779506743635,54.2605481779537,268617.61,667144.54,12,8,88.079
NS66NE_2251,1,5_3,9.01023497325,-9999.0,-9999.0,-9999.0,91.8450012207,90.0813215751305,39.0495730372582,268307.71,667141.03,12,8,91.845
NS66NE_2253,1,5_3,14.956280576,-9999.0,-9999.0,-9999.0,93.40599823,659.514451716288,137.333601618953,268433.7,667155.57,60,32,93.406
NS66NE_2254,1,5_3,8.88723207911,-9999.0,-9999.0,-9999.0,91.2320022583,186.10164583476,79.7774260722299,268300.37,667129.87,48,24,91.232
NS66NE_2255,1,5_3,8.58929640842,-9999.0,-9999.0,-9999.0,91.7939987183,1027.12700750391,223.588510181568,268361.45,667144.63,88,46,91.794
NS66NE_2256,1,5_3,9.09459835601,-9999.0,-9999.0,-9999.0,91.0749969482,85.3858811780769,37.5890126679594,268292.86,667116.58,12,8,91.075
NS66NE_2257,1,5_3,8.92128728371,-9999.0,-9999.0,-9999.0,92.3219985962,92.7330068340014,39.4941673437565,268352.43,667114.39,12,8,92.322
NS66NE_2259,1,5_3,6.84516030771,-9999.0,-9999.0,-9999.0,84.3059997559,115.210519229125,43.0082762731103,268621.54,667111.18,12,8,84.306
NS66NE_2260,1,5_3,6.66245107753,-9999.0,-9999.0,-9999.0,85.0189971924,194.209046102072,62.1820554638334,268237.84,667113.44,52,28,85.019
NS66NE_2261,1,5_3,6.04125814896,-9999.0,-9999.0,-9999.0,86.2369995117,245.501122537165,88.9780956665659,268594.32,667115.47,44,24,86.237
NS66NE_2262,1,5_3,6.37582551056,-9999.0,-9999.0,-9999.0,83.6930007935,154.124762955918,51.4484145515439,268639.81,667108.85,28,16,83.693
NS66NE_2265,1,5_3,6.59882689749,-9999.0,-9999.0,-9999.0,86.4280014038,147.291611073277,50.6756996424483,268582.25,667096.27,28,16,86.428
NS66NE_2267,1,5_3,6.88016278374,-9999.0,-9999.0,-9999.0,84.236000061,119.671834240238,43.899613860004,268611.77,667091.06,12,8,84.236
NS66NE_2268,1,5_3,8.92707610524,-9999.0,-9999.0,-9999.0,91.9309997559,285.127770458327,113.448205947563,268346.38,667097.16,60,32,91.931
NS66NE_2270,1,5_3,6.04182360654,-9999.0,-9999.0,-9999.0,91.388999939,110.709945871203,43.5952466305176,268160.46,667083.93,20,12,91.389
NS66NE_2271,1,5_3,3.25954630881,-9999.0,-9999.0,-9999.0,89.6610031128,67.5644130291373,32.9575023706998,268196.96,667082.4,12,8,89.661
NS66NE_2272,1,5_3,6.63007198356,-9999.0,-9999.0,-9999.0,92.5889968872,827.29585226246,152.200751771348,268422.93,667102.38,60,32,92.589
NS66NE_2273,1,5_3,5.56368842492,-9999.0,-9999.0,-9999.0,90.4029998779,144.614327553497,69.0677791894893,268173.19,667086.83,36,20,90.403
NS66NE_2274,1,5_3,5.90490803052,-9999.0,-9999.0,-9999.0,82.7770004272,119.108941283944,57.5500686303024,268655.08,667084.29,36,20,82.777
NS66NE_2275,1,5_3,6.87816141419,-9999.0,-9999.0,-9999.0,90.7860031128,107.099122644778,41.3960550300897,268185.64,667080.37,12,8,90.786
NS66NE_2276,1,5_3,6.83467904654,-9999.0,-9999.0,-9999.0,84.5790023804,82.5089551880653,39.0548782425788,268595.14,667077.45,20,12,84.579
NS66NE_2277,1,5_3,9.32348874824,-9999.0,-9999.0,-9999.0,92.5530014038,504.279795355566,111.190450329316,268377.06,667091.68,12,8,92.553
NS66NE_2279,1,5_3,5.21850485986,-9999.0,-9999.0,-9999.0,91.5419998169,273.880519851856,130.874520027177,268141.61,667078.6,68,36,91.542
NS66NE_2280,1,5_3,6.52519253556,-9999.0,-9999.0,-9999.0,85.5510025024,150.68214046498,51.8069797605756,268568.24,667071.76,28,16,85.551
NS66NE_2281,1,5_3,12.8001786592,-9999.0,-9999.0,-9999.0,92.6220016479,628.001115875907,139.990733492137,268470.03,667085.6,68,36,92.622
NS66NE_2283,1,5_3,5.80944498871,-9999.0,-9999.0,-9999.0,82.7770004272,241.481367825976,95.9398752871906,268638.14,667074.79,52,28,82.777
NS66NE_2284,1,5_3,5.17594148251,-9999.0,-9999.0,-9999.0,92.5609970093,130.587502596307,63.1023454791009,268126.72,667067.48,36,20,92.561
NS66NE_2285,1,5_3,6.48053336072,-9999.0,-9999.0,-9999.0,83.4530029297,87.9676284130514,40.1120808649718,268622.13,667063.23,20,12,83.453
NS66NE_2286,1,5_3,4.02990957157,-9999.0,-9999.0,-9999.0,80.4390029907,186.482336148957,59.9101528728456,268652.65,667063.81,28,16,80.439
NS66NE_2287,1,5_3,6.54206199181,-9999.0,-9999.0,-9999.0,83.68699646,84.9676767770666,39.2474695953819,268611.9,667059.38,20,12,83.687
NS66NE_2288,1,5_3,6.15520427962,-9999.0,-9999.0,-9999.0,89.172996521,171.563058945138,68.5764003749356,268221.68,667059.74,28,16,89.173
NS66NE_2289,1,5_3,6.93799595387,-9999.0,-9999.0,-9999.0,83.7210006714,91.6579602485582,38.4112741638893,268601.12,667056.09,12,8,83.721
NS66NE_2292,1,5_3,2.53719854232,-9999.0,-9999.0,-9999.0,88.8492279053,99.1358663720624,44.0433520517232,268514.37,667054.47,12,8,88.849
NS66NE_2293,1,5_3,6.68260302442,-9999.0,-9999.0,-9999.0,84.0189971924,144.45839175307,48.3246215080866,268577.3,667054.27,12,8,84.019
NS66NE_2294,1,5_3,6.87631568545,-9999.0,-9999.0,-9999.0,89.8649978638,134.38010252437,46.4652171488963,268200.84,667049.36,12,8,89.865
NS66NE_2296,1,5_3,5.88210700933,-9999.0,-9999.0,-9999.0,90.641998291,177.533845003576,68.0410818896273,268178.51,667048.94,28,16,90.642
NS66NE_2297,1,5_3,3.61921832601,-9999.0,-9999.0,-9999.0,89.9580001831,64.6109581395422,32.2322573871696,268215.42,667045.37,12,8,89.958
NS66NE_2298,1,5_3,13.0959647886,-9999.0,-9999.0,-9999.0,91.8860015869,597.546962926647,138.687235914556,268429.48,667056.08,36,20,91.886
NS66NE_2299,1,5_3,5.53833896309,-9999.0,-9999.0,-9999.0,92.5429992676,245.498282906955,106.099809344488,268155.73,667048.13,60,32,92.543
NS66NE_2301,1,5_3,3.686057294,-9999.0,-9999.0,-9999.0,90.7789993286,63.9676838770978,32.0105933371578,268190.68,667038.82,12,8,90.779
NS66NE_2302,1,5_3,6.07527556455,-9999.0,-9999.0,-9999.0,79.263999939,207.253267512628,61.776236578719,268676.62,667043.16,44,24,79.264
NS66NE_2304,1,5_3,2.43977355957,-9999.0,-9999.0,-9999.0,91.8980026245,23.7820462481379,22.336785940538,268251.22,667031.36,8,6,91.898
NS66NE_2305,1,5_3,6.71944419835,-9999.0,-9999.0,-9999.0,82.4680023193,151.257540227062,52.1445948803788,268584.62,667036.18,28,16,82.468
NS66NE_2307,1,5_3,7.01849689613,-9999.0,-9999.0,-9999.0,94.1409988403,75.2819410854362,35.5418940760554,268129.5,667030.87,12,8,94.141
NS66NE_2309,1,5_3,5.5212489484,-9999.0,-9999.0,-9999.0,93.8700027466,158.951983240973,69.8153620412551,268140.74,667033.32,28,16,93.87
NS66NE_2311,1,5_3,5.80464076996,-9999.0,-9999.0,-9999.0,88.1740036011,75.1844497634057,34.9478350100366,268344.15,667022.16,12,8,88.174
NS66NE_2313,1,5_3,6.3802521281,-9999.0,-9999.0,-9999.0,92.7580032349,145.71312388204,50.1455400738048,268241.85,667019.78,24,14,92.758
NS66NE_2317,1,5_3,5.35656128568,-9999.0,-9999.0,-9999.0,88.2929992676,124.428307502623,46.2429845771812,268352.35,667015.72,24,14,88.293
NS66NE_2322,1,5_3,5.8790857267,-9999.0,-9999.0,-9999.0,79.6650009155,1269.99757962433,312.756196788681,268627.01,667022.25,184,94,79.665
NS66NE_2377,1,5_3,6.77182057824,-9999.0,-9999.0,-9999.0,84.6790008545,103.029209794757,40.6116406382735,268129.78,666915.52,12,8,84.679
NS66NE_2383,1,5_3,3.41255356284,-9999.0,-9999.0,-9999.0,84.5179977417,35.0186549976357,24.0891055271763,268134.07,666903.71,12,8,84.518
NS66NE_2386,1,5_3,3.5159372889,-9999.0,-9999.0,-9999.0,84.5329971313,33.7878075020405,23.7405684806624,268178.58,666900.56,12,8,84.533
NS66NE_2395,1,5_3,6.62026784637,-9999.0,-9999.0,-9999.0,84.6940002441,90.1271932089126,38.125603666164,268176.44,666892.24,12,8,84.694
NS66NE_2420,1,5_3,6.00057386795,-9999.0,-9999.0,-9999.0,84.5670013428,233.700977973703,90.8712398483838,268198.77,666877.64,44,24,84.567
NS66NE_2421,1,5_3,5.78802699528,-9999.0,-9999.0,-9999.0,83.716003418,219.796317367557,87.8148033977101,268164.65,666877.2,40,22,83.716
NS66NE_300,1,5_5,5.76408559366,-9999.0,-9999.0,-9999.0,87.9769973755,103.909938000706,40.8537441091765,268179.32,668746.46,12,8,87.977
NS66NE_334,1,5_5,6.44835976402,-9999.0,-9999.0,-9999.0,87.8219985962,118.732178518643,44.7613880142662,268169.12,668699.18,20,12,87.822
NS66NE_348,1,5_5,2.95881529112,-9999.0,-9999.0,-9999.0,87.7549972534,39.8705437438951,27.5270369226112,268167.15,668673.82,16,10,87.755
NS66NE_418,1,5_5,2.97546568371,-9999.0,-9999.0,-9999.0,86.0520019531,39.2896237484691,34.3579822189807,268185.05,668600.02,20,12,86.052
NS66NE_819,1,5_5,4.67086536892,-9999.0,-9999.0,-9999.0,86.3893280029,252.241464593082,78.2790159828413,268506.85,668298.43,52,28,86.389
NS66NE_229,1,5_6,3.20249226689,-9999.0,-9999.0,-9999.0,86.93699646,65.9512387150429,37.3812873017512,268146.6,668813.85,12,8,86.937
NS66NE_23,1,5_6,6.09901186489,-9999.0,-9999.0,-9999.0,89.3820037842,300.611943627269,84.8311723706205,268137.89,668998.93,28,16,89.382
NS66NE_252,1,5_6,2.98178855172,-9999.0,-9999.0,-9999.0,86.9390029907,71.9802570403458,34.5498937987652,268139.18,668794.91,12,8,86.939
NS66NE_254,1,5_6,1.94740753174,-9999.0,-9999.0,-9999.0,87.0329971313,38.4127500004549,28.3587666237549,268169.05,668794.31,12,8,87.033
NS66NE_258,1,5_6,5.46495867251,-9999.0,-9999.0,-9999.0,87.6849975586,159.024858597377,57.9225042610108,268185.17,668793.8,20,12,87.685
NS66NE_41,1,5_6,3.42603102974,-9999.0,-9999.0,-9999.0,88.9290008545,46.3756125001819,27.2587322113115,268171.95,668971.69,12,8,88.929
NS66NE_4465,1,5_6,6.01726381127,-9999.0,-9999.0,-9999.0,88.93800354,278.954118060033,91.3934793672988,268170.9,668991.61,44,24,88.938
NS66NE_3777,1,6_0,5.91438793696,-9999.0,-9999.0,-9999.0,80.3209991455,579.412050145796,124.205970306676,269048.36,665610.57,12,8,80.321
NS66NE_3871,1,6_0,5.78709014598,-9999.0,-9999.0,-9999.0,81.5640029907,349.192297832373,87.9407389956667,268791.04,665535.94,20,12,81.564
NS66NE_3882,1,6_0,4.29772854222,-9999.0,-9999.0,-9999.0,81.0019989014,200.427604376566,64.698624286122,269164.74,665525.88,36,20,81.002
NS66NE_3883,1,6_0,3.43135299057,-9999.0,-9999.0,-9999.0,80.5660018921,125.174925704652,51.430611026388,269221.69,665523.8,20,12,80.566
NS66NE_3895,1,6_0,5.94215044431,-9999.0,-9999.0,-9999.0,80.9909973145,328.470400416784,85.7360891129601,268824.05,665522.3,28,16,80.991
NS66NE_3899,1,6_0,4.38351605956,-9999.0,-9999.0,-9999.0,80.5790023804,544.219134195512,160.447057772626,269191.12,665525.24,60,32,80.579
NS66NE_3904,1,6_0,6.12394922261,-9999.0,-9999.0,-9999.0,80.8010025024,328.982237742278,83.5891950787741,268857.59,665512.7,28,16,80.801
NS66NE_3907,1,6_0,5.58304988125,-9999.0,-9999.0,-9999.0,80.9049987793,148.077375480837,50.1222010963421,268779.79,665510.77,20,12,80.905
NS66NE_3911,1,6_0,5.76792065974,-9999.0,-9999.0,-9999.0,80.81300354,113.25756843429,44.6999348652435,268793.58,665506.07,20,12,80.813
NS66NE_3921,1,6_0,2.39410520224,-9999.0,-9999.0,-9999.0,80.5199966431,51.3441235680877,29.7211985359733,268832.04,665497.54,12,8,80.52
NS66NE_3938,1,6_0,6.07826804367,-9999.0,-9999.0,-9999.0,80.4110031128,137.911848951536,47.1075502491536,268840.36,665488.18,12,8,80.411
NS66NE_3943,1,6_0,6.04707948661,-9999.0,-9999.0,-9999.0,80.7460021973,104.946150175328,40.9858271026743,268772.21,665485.18,12,8,80.746
NS66NE_3946,1,6_0,6.18276139248,-9999.0,-9999.0,-9999.0,80.7699966431,105.944013548881,41.1785506601546,268786.24,665481.02,12,8,80.77
NS66NE_3961,1,6_0,5.50163520856,-9999.0,-9999.0,-9999.0,80.5270004272,190.615563934863,59.4279954213779,268807.53,665473.65,28,16,80.527
NS66NE_3963,1,6_0,6.0043770486,-9999.0,-9999.0,-9999.0,80.56199646,178.934734474521,55.5542278670799,268851.97,665471.26,20,12,80.562
NS66NE_3981,1,6_0,6.1803522671,-9999.0,-9999.0,-9999.0,80.7770004272,123.161164148233,44.4395039015459,268751.5,665455.5,12,8,80.777
NS66NE_3984,1,6_0,4.87687559128,-9999.0,-9999.0,-9999.0,80.6539993286,228.934458238176,69.1390247752717,268819.18,665453.74,28,16,80.654
NS66NE_3985,1,6_0,6.14767785732,-9999.0,-9999.0,-9999.0,80.7300033569,198.093101973787,59.0329718797824,268792.09,665456.06,12,8,80.73
NS66NE_3988,1,6_0,5.50328800517,-9999.0,-9999.0,-9999.0,80.3980026245,173.278489212027,56.0696527416204,268843.96,665449.62,28,16,80.398
NS66NE_4194,1,6_0,3.31445335975,-9999.0,-9999.0,-9999.0,91.1470031738,129.094646624613,52.0000803859594,268851.06,665202.68,20,12,91.147
NS66NE_4208,1,6_0,2.92132453313,-9999.0,-9999.0,-9999.0,90.1660003662,101.555710246659,51.0135428916599,268840.73,665194.24,28,16,90.166
NS66NE_4217,1,6_0,4.39218420856,-9999.0,-9999.0,-9999.0,90.1650009155,169.453605329606,56.7151742811467,268856.56,665187.41,28,16,90.165
NS66NE_4277,1,6_0,4.2649720637,-9999.0,-9999.0,-9999.0,86.28099823,159.724961188063,54.7633105016487,269138.01,665130.38,16,10,86.281
NS66NE_4286,1,6_0,3.98825041347,-9999.0,-9999.0,-9999.0,85.8730010986,156.50108801397,56.3407582500752,269093.46,665127.68,20,12,85.873
NS66NE_4327,1,6_0,3.79610367523,-9999.0,-9999.0,-9999.0,86.1750030518,505.80015133179,122.228697191426,269111.67,665106.5,28,16,86.175
NS66NE_4330,1,6_0,5.24786862941,-9999.0,-9999.0,-9999.0,85.0319976807,225.734922758563,89.7166079133309,269180.69,665099.49,36,20,85.032
NS66NE_4341,1,6_0,2.81270000363,-9999.0,-9999.0,-9999.0,85.7249984741,91.9520405985283,41.7773651760096,269132.1,665089.84,12,8,85.725
NS66NE_4414,1,6_0,4.00426347979,-9999.0,-9999.0,-9999.0,81.797996521,85.8429397971057,40.2810582164676,269079.09,665036.1,12,8,81.798
NS66NE_3178,1,6_1,6.18411304282,-9999.0,-9999.0,-9999.0,85.1809997559,140.986970640961,47.9121855299483,268759.79,666248.55,12,8,85.181
NS66NE_3193,1,6_1,6.0706165429,-9999.0,-9999.0,-9999.0,85.0999984741,192.537107834806,58.4091533243243,268798.44,666230.92,12,8,85.1
NS66NE_3198,1,6_1,6.05839816743,-9999.0,-9999.0,-9999.0,85.1829986572,143.902903885978,48.7654176674733,268776.72,666223.54,12,8,85.183
NS66NE_3207,1,6_1,6.02900755328,-9999.0,-9999.0,-9999.0,85.3909988403,195.17818557555,58.7007485528354,268811.19,666213.94,12,8,85.391
NS66NE_3208,1,6_1,5.58859717682,-9999.0,-9999.0,-9999.0,85.3990020752,169.030413748167,54.1368966021956,268759.53,666210.71,12,8,85.399
NS66NE_3221,1,6_1,6.07080647097,-9999.0,-9999.0,-9999.0,85.5159988403,195.078053097986,58.7877536121677,268824.01,666196.84,12,8,85.516
NS66NE_3228,1,6_1,6.11381396462,-9999.0,-9999.0,-9999.0,86.1399993896,136.107969217052,47.1765324956632,268834.93,666182.16,12,8,86.14
NS66NE_3238,1,6_1,6.02908149822,-9999.0,-9999.0,-9999.0,87.0859985352,160.945792357422,51.617184153708,268844.99,666169.05,12,8,87.086
NS66NE_3248,1,6_1,6.3925008071,-9999.0,-9999.0,-9999.0,88.2310028076,429.048312767108,103.55338099251,268777.85,666167.09,28,16,88.231
NS66NE_3264,1,6_1,6.40661595177,-9999.0,-9999.0,-9999.0,89.5989990234,431.880524169811,99.441650765284,268812.75,666150.96,12,8,89.599
NS66NE_3267,1,6_1,5.66383319431,-9999.0,-9999.0,-9999.0,88.4449996948,264.460421461336,107.247391667343,268766.22,666140.79,52,28,88.445
NS66NE_3273,1,6_1,6.66238409238,-9999.0,-9999.0,-9999.0,89.2880020142,399.553494134505,114.469021518394,268848.81,666139.88,28,16,89.288
NS66NE_3275,1,6_1,5.82867839698,-9999.0,-9999.0,-9999.0,89.5790023804,169.407810370523,70.063997657241,268788.34,666129.57,28,16,89.579
NS66NE_3277,1,6_1,10.0392300189,-9999.0,-9999.0,-9999.0,86.0289993286,235.118085667151,65.5388858398984,268943.39,666131.36,12,8,86.029
NS66NE_3280,1,6_1,5.83586180192,-9999.0,-9999.0,-9999.0,90.1529998779,170.626470423625,71.1309501219092,268806.33,666121.94,28,16,90.153
NS66NE_3284,1,6_1,10.4707814817,-9999.0,-9999.0,-9999.0,87.8199996948,207.988092618801,60.234790353334,268921.72,666117.19,12,8,87.82
NS66NE_3287,1,6_1,10.0204981972,-9999.0,-9999.0,-9999.0,85.0680007935,742.513254179561,172.506542628596,268975.23,666132.12,60,32,85.068
NS66NE_3289,1,6_1,5.72802069693,-9999.0,-9999.0,-9999.0,90.06300354,169.187347954222,70.3512054807283,268824.63,666114.36,28,16,90.063
NS66NE_3292,1,6_1,5.88076582579,-9999.0,-9999.0,-9999.0,90.0439987183,80.9818571490784,35.9992023940199,268844.64,666110.17,12,8,90.044
NS66NE_3297,1,6_1,6.02692028171,-9999.0,-9999.0,-9999.0,88.6129989624,134.599621926833,48.2914337014289,268759.04,666108.47,12,8,88.613
NS66NE_3302,1,6_1,6.25519966474,-9999.0,-9999.0,-9999.0,90.6669998169,204.8457327894,63.6796291827862,268866.32,666103.78,28,16,90.667
NS66NE_3306,1,6_1,6.03940323997,-9999.0,-9999.0,-9999.0,89.1959991455,230.814661139984,69.8142385481485,268784.4,666095.31,12,8,89.196
NS66NE_3309,1,6_1,5.71865107263,-9999.0,-9999.0,-9999.0,90.4000015259,147.505290015234,52.9353939956895,268851.19,666091.52,20,12,90.4
NS66NE_3310,1,6_1,6.55540440049,-9999.0,-9999.0,-9999.0,81.8310012817,1094.67053668469,222.802820622856,269129.87,666111.6,72,38,81.831
NS66NE_3312,1,6_1,5.89996082133,-9999.0,-9999.0,-9999.0,89.6750030518,135.866005129574,48.5042051874832,268809.34,666087.66,12,8,89.675
NS66NE_3316,1,6_1,5.95307593946,-9999.0,-9999.0,-9999.0,90.2220001221,155.263619207746,52.4043444875004,268831.32,666086.85,12,8,90.222
NS66NE_3325,1,6_1,10.1919929415,-9999.0,-9999.0,-9999.0,86.0159988403,452.939952208486,106.60732733106,268968.71,666093.06,12,8,86.016
NS66NE_3329,1,6_1,9.79379599503,-9999.0,-9999.0,-9999.0,90.4759979248,403.339737913991,97.3646809416465,268921.87,666082.54,12,8,90.476
NS66NE_3343,1,6_1,10.6201614451,-9999.0,-9999.0,-9999.0,85.3899993896,444.415757108244,108.200675910047,269042.61,666080.68,36,20,85.39
NS66NE_3347,1,6_1,6.40877721818,-9999.0,-9999.0,-9999.0,88.9499969482,155.655345619646,52.0068368308094,268751.91,666066.27,20,12,88.95
NS66NE_3349,1,6_1,6.48044940732,-9999.0,-9999.0,-9999.0,89.1259994507,146.914172414421,49.1777360785167,268770.01,666060.56,12,8,89.126
NS66NE_3359,1,6_1,6.64451242799,-9999.0,-9999.0,-9999.0,89.5950012207,231.556976009453,65.6066095924933,268791.62,666055.85,28,16,89.595
NS66NE_3368,1,6_1,9.43261332809,-9999.0,-9999.0,-9999.0,91.2799987793,414.196945653106,97.9550251968939,268893.05,666059.62,12,8,91.28
NS66NE_3370,1,6_1,6.76082646915,-9999.0,-9999.0,-9999.0,90.1210021973,224.521560597266,65.708210064936,268827.59,666046.98,28,16,90.121
NS66NE_3380,1,6_1,10.0651523185,-9999.0,-9999.0,-9999.0,86.7249984741,796.442963626398,178.186045932742,268991.42,666063.62,28,16,86.725
NS66NE_3384,1,6_1,6.15065173614,-9999.0,-9999.0,-9999.0,90.81199646,160.491595453606,51.9224271801958,268852.04,666038.17,12,8,90.812
NS66NE_3392,1,6_1,6.74186327704,-9999.0,-9999.0,-9999.0,89.4619979858,228.280233824977,62.4737076161853,268781.53,666028.46,12,8,89.462
NS66NE_3393,1,6_1,6.40229437628,-9999.0,-9999.0,-9999.0,89.6139984131,130.780911846953,46.1027839488763,268820.07,666024.94,12,8,89.614
NS66NE_3394,1,6_1,9.65932058063,-9999.0,-9999.0,-9999.0,91.0790023804,213.106478353278,61.1098702708455,268901.7,666025.97,12,8,91.079
NS66NE_3397,1,6_1,6.49251682481,-9999.0,-9999.0,-9999.0,90.1780014038,150.721129107896,49.8180001669425,268846.88,666019.22,12,8,90.178
NS66NE_3405,1,6_1,6.41157950607,-9999.0,-9999.0,-9999.0,89.7429962158,128.481287117179,45.6544077240752,268816.0,666008.14,12,8,89.743
NS66NE_3406,1,6_1,6.39602285894,-9999.0,-9999.0,-9999.0,89.6999969482,149.227882180294,49.0699029794539,268772.06,666006.54,12,8,89.7
NS66NE_3410,1,6_1,9.89174534359,-9999.0,-9999.0,-9999.0,86.9580001831,789.707632863516,176.791571926312,269029.02,666028.39,44,24,86.958
NS66NE_3415,1,6_1,6.41159792244,-9999.0,-9999.0,-9999.0,90.0869979858,130.360880879105,46.0006833234539,268842.68,666001.48,12,8,90.087
NS66NE_3419,1,6_1,9.68496706474,-9999.0,-9999.0,-9999.0,90.8779983521,415.353642094803,108.448216327321,268958.89,666009.81,36,20,90.878
NS66NE_3423,1,6_1,9.62414251804,-9999.0,-9999.0,-9999.0,90.6790008545,212.913371396265,61.0334318743359,268930.19,665998.59,12,8,90.679
NS66NE_3426,1,6_1,6.28826966397,-9999.0,-9999.0,-9999.0,89.8069992065,129.407888439183,45.7789145954892,268811.81,665991.24,12,8,89.807
NS66NE_3437,1,6_1,6.19112076899,-9999.0,-9999.0,-9999.0,89.7880020142,154.871697464267,50.7884991677269,268838.08,665983.5,12,8,89.788
NS66NE_3442,1,6_1,4.76261789422,-9999.0,-9999.0,-9999.0,92.65574646,174.57655843751,58.4291651487557,268758.05,665978.23,20,12,92.656
NS66NE_3446,1,6_1,5.89293137624,-9999.0,-9999.0,-9999.0,90.1809997559,595.661716992184,105.872217383904,268787.92,665973.18,28,16,90.181
NS66NE_3456,1,6_1,7.45823934973,-9999.0,-9999.0,-9999.0,89.9759979248,299.87051917257,73.1538614357355,268833.34,665960.87,20,12,89.976
NS66NE_3465,1,6_1,9.66555493323,-9999.0,-9999.0,-9999.0,89.908996582,825.810177748821,191.593401192114,268932.01,665956.66,28,16,89.909
NS66NE_3476,1,6_1,9.53436640021,-9999.0,-9999.0,-9999.0,90.2369995117,407.700814862313,104.859343368731,268880.04,665942.02,32,18,90.237
NS66NE_3481,1,6_1,9.6771988753,-9999.0,-9999.0,-9999.0,89.9029998779,204.520115236066,60.0453434640203,268960.73,665927.92,12,8,89.903
NS66NE_3490,1,6_1,9.57047501669,-9999.0,-9999.0,-9999.0,90.1740036011,388.254322119357,96.0893371153653,268898.77,665909.8,12,8,90.174
NS66NE_3491,1,6_1,9.71064213142,-9999.0,-9999.0,-9999.0,90.013999939,409.386595864849,110.114940773151,268942.0,665909.05,28,16,90.014
NS66NE_3511,1,6_1,6.49330803326,-9999.0,-9999.0,-9999.0,93.0640029907,113.91190909572,43.010279493674,268798.76,665859.67,12,8,93.064
NS66NE_3526,1,6_1,6.68235433918,-9999.0,-9999.0,-9999.0,93.0849990845,111.373821650812,42.4867642573692,268789.58,665846.44,12,8,93.085
NS66NE_3529,1,6_1,6.58818079916,-9999.0,-9999.0,-9999.0,93.1510009766,112.457056946162,42.707568602885,268780.24,665833.29,12,8,93.151
NS66NE_3533,1,6_1,6.46796118044,-9999.0,-9999.0,-9999.0,85.4850006104,331.006869275416,90.2631534272283,268980.03,665831.04,16,10,85.485
NS66NE_3536,1,6_1,6.61882756607,-9999.0,-9999.0,-9999.0,93.1900024414,115.532428204484,43.2166954805324,268770.96,665820.04,12,8,93.19
NS66NE_3537,1,6_1,6.72148403368,-9999.0,-9999.0,-9999.0,83.3089981079,315.937982798138,89.5537491591408,269018.3,665827.99,20,12,83.309
NS66NE_3543,1,6_1,6.68899211773,-9999.0,-9999.0,-9999.0,86.6790008545,316.625263810922,89.2482231385133,268875.29,665819.64,12,8,86.679
NS66NE_3545,1,6_1,6.72730122217,-9999.0,-9999.0,-9999.0,92.9489974976,111.730161874892,42.5752405445596,268761.79,665806.78,12,8,92.949
NS66NE_3547,1,6_1,6.51596912384,-9999.0,-9999.0,-9999.0,85.0250015259,318.138365364676,89.0424208679361,268916.47,665808.16,12,8,85.025
NS66NE_3552,1,6_1,5.9448941482,-9999.0,-9999.0,-9999.0,82.172996521,384.848403411676,90.9408729946247,269100.23,665798.55,12,8,82.173
NS66NE_3555,1,6_1,6.67172033439,-9999.0,-9999.0,-9999.0,92.8880004883,118.802955253436,45.0328807834292,268752.41,665793.49,28,16,92.888
NS66NE_3556,1,6_1,6.04581786996,-9999.0,-9999.0,-9999.0,81.7720031738,478.202555941963,107.35399622706,269054.52,665796.37,16,10,81.772
NS66NE_3562,1,6_1,6.65009924518,-9999.0,-9999.0,-9999.0,87.297996521,319.153456617614,93.1880975560247,268865.83,665786.79,20,12,87.298
NS66NE_3563,1,6_1,6.66648283879,-9999.0,-9999.0,-9999.0,82.8909988403,317.891810545241,89.2925663469177,268964.61,665795.25,12,8,82.891
NS66NE_3564,1,6_1,6.43757370427,-9999.0,-9999.0,-9999.0,82.0520019531,313.625523180222,89.5048295419556,269006.65,665787.44,16,10,82.052
NS66NE_3582,1,6_1,6.06749432551,-9999.0,-9999.0,-9999.0,87.3710021973,396.124099476096,91.6050654895645,268809.36,665776.85,20,12,87.371
NS66NE_3590,1,6_1,6.55929906089,-9999.0,-9999.0,-9999.0,85.3799972534,464.019041376945,123.412832746222,268884.43,665763.56,12,8,85.38
NS66NE_3612,1,6_1,6.54368008393,-9999.0,-9999.0,-9999.0,83.1289978027,462.183164412443,123.222791767662,268936.8,665744.68,12,8,83.129
NS66NE_3615,1,6_1,6.07456251425,-9999.0,-9999.0,-9999.0,86.7279968262,390.92664216195,93.6514409525344,268792.07,665752.48,28,16,86.728
NS66NE_3634,1,6_1,6.40514976168,-9999.0,-9999.0,-9999.0,81.2379989624,465.392376068502,124.493253148188,269038.09,665751.57,16,10,81.238
NS66NE_3648,1,6_1,6.34673349636,-9999.0,-9999.0,-9999.0,81.375,502.510880043334,125.97158630323,268990.92,665721.07,16,10,81.375
NS66NE_3660,1,6_1,6.05524465524,-9999.0,-9999.0,-9999.0,86.3010025024,388.37326158531,90.9254422802058,268769.52,665719.86,12,8,86.301
NS66NE_3661,1,6_1,5.99587552205,-9999.0,-9999.0,-9999.0,85.8909988403,637.78842778657,133.324927852586,268833.82,665728.45,12,8,85.891
NS66NE_3673,1,6_1,5.88456425222,-9999.0,-9999.0,-9999.0,80.641998291,527.017837391089,115.704366242036,269079.35,665705.85,12,8,80.642
NS66NE_3693,1,6_1,6.03596304464,-9999.0,-9999.0,-9999.0,86.7990036011,385.346018884711,90.3591340462224,268752.66,665695.52,12,8,86.799
NS66NE_3697,1,6_1,5.96166631483,-9999.0,-9999.0,-9999.0,82.0820007324,681.146904958309,139.230571304613,268868.16,665705.64,12,8,82.082
NS66NE_3715,1,6_1,5.95490324439,-9999.0,-9999.0,-9999.0,80.5820007324,518.499436140526,114.974005282008,269071.31,665675.64,12,8,80.582
NS66NE_3718,1,6_1,5.94270314758,-9999.0,-9999.0,-9999.0,82.3249969482,635.390447256759,132.848034408909,268907.53,665690.33,20,12,82.325
NS66NE_3729,1,6_1,5.82944923401,-9999.0,-9999.0,-9999.0,81.3700027466,641.586404241888,135.619966050121,268936.02,665677.84,32,18,81.37
NS66NE_3742,1,6_1,5.84190046644,-9999.0,-9999.0,-9999.0,81.016998291,645.108943128906,135.884299103743,268974.34,665660.61,28,16,81.017
NS66NE_3752,1,6_1,5.94529874116,-9999.0,-9999.0,-9999.0,80.2959976196,529.314073646131,115.781502349352,269059.08,665640.07,12,8,80.296
NS66NE_3757,1,6_1,5.87993886076,-9999.0,-9999.0,-9999.0,80.6220016479,645.553508248375,133.428468648855,269003.48,665648.06,16,10,80.622
NS66NE_2684,1,6_2,12.7707663547,-9999.0,-9999.0,-9999.0,92.3619995117,49.0193024984786,28.2341415468623,269332.64,666668.92,12,8,92.362
NS66NE_2766,1,6_2,4.29373335838,-9999.0,-9999.0,-9999.0,95.0260009766,189.2259243872,72.2202362975723,269156.11,666614.73,36,20,95.026
NS66NE_2784,1,6_2,5.95145890389,-9999.0,-9999.0,-9999.0,95.2900009155,164.892881237625,61.5754985236911,269144.28,666602.51,28,16,95.29
NS66NE_3156,1,6_2,6.14061060366,-9999.0,-9999.0,-9999.0,84.5759963989,205.436293639685,61.2390701120517,268759.6,666282.64,12,8,84.576
NS66NE_3169,1,6_2,6.45018952028,-9999.0,-9999.0,-9999.0,85.0220031738,153.525829829554,50.3454468138655,268774.1,666262.8,12,8,85.022
NS66NE_2164,1,6_3,6.903648198,-9999.0,-9999.0,-9999.0,82.5469970703,216.366844519566,64.0014096951062,269196.33,667443.34,12,8,82.547
NS66NE_2165,1,6_3,6.53661390676,-9999.0,-9999.0,-9999.0,82.9049987793,232.992822986493,70.8287840101606,269170.03,667425.32,28,16,82.905
NS66NE_2167,1,6_3,2.60110493449,-9999.0,-9999.0,-9999.0,82.6920013428,22.1842387541875,22.9247167667588,269163.79,667401.41,8,6,82.692
NS66NE_2168,1,6_3,6.60947502214,-9999.0,-9999.0,-9999.0,83.0800018311,229.799318894122,65.4368917882291,269143.61,667407.04,12,8,83.08
NS66NE_2174,1,6_3,6.53468904,-9999.0,-9999.0,-9999.0,83.0149993896,233.422263963579,69.321987997869,269116.88,667388.2,20,12,83.015
NS66NE_2179,1,6_3,7.435771135,-9999.0,-9999.0,-9999.0,83.1600036621,200.655867884098,60.5711710143663,269091.57,667372.05,12,8,83.16
NS66NE_2188,1,6_3,7.52724692777,-9999.0,-9999.0,-9999.0,83.1169967651,203.049519979432,60.9229643253175,269067.16,667355.32,12,8,83.117
NS66NE_2189,1,6_3,2.7535359047,-9999.0,-9999.0,-9999.0,83.6689987183,48.5969924999449,28.3956384727153,269095.53,667349.25,12,8,83.669
NS66NE_2193,1,6_3,2.97173583053,-9999.0,-9999.0,-9999.0,83.5550003052,72.9895874879429,39.3192363058482,269077.93,667338.07,24,14,83.555
NS66NE_2195,1,6_3,2.21689683781,-9999.0,-9999.0,-9999.0,82.7050018311,57.6378662234323,39.8424126524545,268988.65,667333.58,20,12,82.705
NS66NE_2201,1,6_3,2.33779953937,-9999.0,-9999.0,-9999.0,82.3779983521,27.0200698580272,23.5516419556483,268953.85,667321.5,12,8,82.378
NS66NE_2203,1,6_3,2.69758748484,-9999.0,-9999.0,-9999.0,81.9130020142,26.8252949974809,22.1794443093003,268927.39,667315.42,12,8,81.913
NS66NE_2206,1,6_3,2.77383181318,-9999.0,-9999.0,-9999.0,81.5941009521,52.3967925025052,29.5676466992157,268934.47,667308.19,12,8,81.594
NS66NE_2211,1,6_3,5.85410512811,-9999.0,-9999.0,-9999.0,81.6309967041,823.388745964432,170.637532472749,268983.0,667312.95,100,52,81.631
NS66NE_1463,1,6_4,6.18168994078,-9999.0,-9999.0,-9999.0,83.091003418,177.887269642426,71.4466686178774,269369.05,668020.56,36,20,83.091
NS66NE_1495,1,6_4,5.00154133068,-9999.0,-9999.0,-9999.0,86.0839996338,158.151299671322,73.4853005389318,269234.41,668010.99,24,16,86.084
NS66NE_1503,1,6_4,5.37234148178,-9999.0,-9999.0,-9999.0,85.7880020142,95.6613554392782,39.1276838363886,269214.84,668001.26,12,8,85.788
NS66NE_1520,1,6_4,6.04151445159,-9999.0,-9999.0,-9999.0,86.0159988403,199.933055611568,60.7933551216214,269263.06,668001.09,16,10,86.016
NS66NE_1526,1,6_4,6.23155169886,-9999.0,-9999.0,-9999.0,85.8960037231,86.2212681139505,37.3984394439879,269215.62,667991.36,12,8,85.896
NS66NE_1541,1,6_4,5.61347076858,-9999.0,-9999.0,-9999.0,84.0670013428,90.0110020015714,37.9627147615769,269159.96,667991.1,12,8,84.067
NS66NE_1552,1,6_4,2.19146448023,-9999.0,-9999.0,-9999.0,86.5080032349,35.8956824950806,24.0770078297309,269341.5,667985.14,12,8,86.508
NS66NE_1568,1,6_4,5.65344941642,-9999.0,-9999.0,-9999.0,86.0670013428,121.795141199377,45.3908820696286,269257.47,667983.61,20,12,86.067
NS66NE_1571,1,6_4,6.27349893179,-9999.0,-9999.0,-9999.0,84.0960006714,85.0735960655795,37.0163111395212,269150.73,667982.34,12,8,84.096
NS66NE_1572,1,6_4,5.86504603549,-9999.0,-9999.0,-9999.0,84.327003479,280.547130741521,80.4263419910611,269188.31,667988.5,28,16,84.327
NS66NE_1581,1,6_4,5.66292213389,-9999.0,-9999.0,-9999.0,85.9759979248,116.132055761726,43.2408987667255,269217.16,667978.84,12,8,85.976
NS66NE_1584,1,6_4,5.02467367341,-9999.0,-9999.0,-9999.0,86.3929977417,250.9819585263,99.0815429040576,269315.59,667983.82,68,36,86.393
NS66NE_1586,1,6_4,3.2733564489,-9999.0,-9999.0,-9999.0,84.4649963379,22.8077400049471,21.6080269735088,269197.98,667973.81,12,8,84.465
NS66NE_1599,1,6_4,6.06099213001,-9999.0,-9999.0,-9999.0,86.091003418,68.9487069509612,33.4770354633985,269255.19,667972.22,12,8,86.091
NS66NE_1604,1,6_4,5.01045034757,-9999.0,-9999.0,-9999.0,86.2559967041,385.757628576322,106.281126338956,269289.48,667982.91,52,30,86.256
NS66NE_1616,1,6_4,4.95714112791,-9999.0,-9999.0,-9999.0,86.4100036621,306.627548991596,107.003608539114,269339.75,667975.83,68,36,86.41
NS66NE_1618,1,6_4,6.06104952675,-9999.0,-9999.0,-9999.0,84.2870025635,198.604059869061,59.8335563608562,269139.41,667970.96,12,8,84.287
NS66NE_1649,1,6_4,5.59345569381,-9999.0,-9999.0,-9999.0,85.2910003662,90.0014237036682,38.5492235866547,269210.35,667958.23,12,8,85.291
NS66NE_1652,1,6_4,5.43774861452,-9999.0,-9999.0,-9999.0,85.3980026245,96.134431866132,39.6949666677929,269220.53,667956.61,20,12,85.398
NS66NE_1654,1,6_4,5.50972171728,-9999.0,-9999.0,-9999.0,84.861000061,181.305918865882,91.3268746773511,269193.8,667959.01,44,24,84.861
NS66NE_1660,1,6_4,5.2183587172,-9999.0,-9999.0,-9999.0,83.34400177,147.620285600478,54.5800985368429,269115.05,667955.73,20,12,83.344
NS66NE_1666,1,6_4,5.12614388921,-9999.0,-9999.0,-9999.0,85.6549987793,210.878843305997,94.993905388481,269246.13,667955.92,44,24,85.655
NS66NE_1670,1,6_4,5.4464229219,-9999.0,-9999.0,-9999.0,86.7089996338,99.9449742601206,43.655358655524,269330.78,667951.05,20,12,86.709
NS66NE_1671,1,6_4,5.71307712497,-9999.0,-9999.0,-9999.0,84.3929977417,119.929593994651,43.9463251926164,269159.42,667952.7,12,8,84.393
NS66NE_1681,1,6_4,5.19002185188,-9999.0,-9999.0,-9999.0,85.8850021362,527.261929969804,160.321240697433,269282.7,667951.69,116,60,85.885
NS66NE_1683,1,6_4,6.11942005864,-9999.0,-9999.0,-9999.0,84.516998291,71.0348175617253,34.0243315379198,269168.61,667945.48,12,8,84.517
NS66NE_1709,1,6_4,3.26811441749,-9999.0,-9999.0,-9999.0,84.3109970093,25.9644037467683,21.1665574030163,269165.35,667933.95,12,8,84.311
NS66NE_1716,1,6_4,5.66330134974,-9999.0,-9999.0,-9999.0,86.4339981079,119.415337378278,44.2308258581271,269320.33,667934.95,12,8,86.434
NS66NE_1744,1,6_4,5.52696583843,-9999.0,-9999.0,-9999.0,85.0149993896,185.924468208103,57.7929859604873,269209.94,667924.2,20,12,85.015
NS66NE_1745,1,6_4,5.65795181144,-9999.0,-9999.0,-9999.0,84.8180007935,121.581577224702,44.1787783634217,269192.66,667923.58,12,8,84.818
NS66NE_1755,1,6_4,5.19411414942,-9999.0,-9999.0,-9999.0,83.4309997559,571.393433472746,178.161389551338,269139.86,667935.42,100,52,83.431
NS66NE_1757,1,6_4,6.14767384701,-9999.0,-9999.0,-9999.0,85.8649978638,69.9862773582572,34.0836346682411,269261.1,667918.93,12,8,85.865
NS66NE_1758,1,6_4,4.98348139587,-9999.0,-9999.0,-9999.0,86.6200027466,824.703584857928,258.024566865616,269349.56,667944.67,156,80,86.62
NS66NE_1768,1,6_4,5.59167966489,-9999.0,-9999.0,-9999.0,82.96900177,463.357675806548,120.151388442751,269095.22,667928.27,60,32,82.969
NS66NE_1788,1,6_4,4.60119566865,-9999.0,-9999.0,-9999.0,85.6930007935,121.600485217294,61.5921957381736,269268.91,667914.02,28,16,85.693
NS66NE_1792,1,6_4,6.40787858601,-9999.0,-9999.0,-9999.0,83.9589996338,80.3787606998582,35.9848775711575,269177.52,667908.79,12,8,83.959
NS66NE_1801,1,6_4,5.13252080406,-9999.0,-9999.0,-9999.0,86.0469970703,267.624685775151,82.8250054482209,269289.91,667913.1,28,16,86.047
NS66NE_1816,1,6_4,5.61574150748,-9999.0,-9999.0,-9999.0,83.6139984131,223.391962739565,64.9164048007403,269121.54,667904.74,36,20,83.614
NS66NE_1823,1,6_4,5.11552800773,-9999.0,-9999.0,-9999.0,85.4189987183,402.824132417045,119.632456711078,269231.93,667911.79,68,36,85.419
NS66NE_1824,1,6_4,4.89212037706,-9999.0,-9999.0,-9999.0,86.7070007324,124.948052321774,52.4684407937965,269370.78,667901.22,28,16,86.707
NS66NE_1849,1,6_4,5.14876762944,-9999.0,-9999.0,-9999.0,83.6940002441,208.477608093779,71.5464824386201,269191.38,667894.65,36,20,83.694
NS66NE_1859,1,6_4,5.34225193116,-9999.0,-9999.0,-9999.0,86.2249984741,211.342608473439,65.8597792854732,269334.29,667889.37,36,20,86.225
NS66NE_1869,1,6_4,5.19561156364,-9999.0,-9999.0,-9999.0,86.4570007324,277.172492403883,90.5272628966983,269356.71,667890.86,52,28,86.457
NS66NE_1887,1,6_4,5.70775046898,-9999.0,-9999.0,-9999.0,83.6600036621,351.898792636017,125.861961136485,269217.52,667882.43,72,38,83.66
NS66NE_1934,1,6_4,5.4984515082,-9999.0,-9999.0,-9999.0,83.4739990234,718.634743898815,177.687220276546,269160.56,667876.94,108,56,83.474
NS66NE_1935,1,6_4,5.65496962411,-9999.0,-9999.0,-9999.0,86.533996582,230.881713951622,65.5781008656795,269368.79,667863.51,20,12,86.534
NS66NE_1959,1,6_4,5.34349374729,-9999.0,-9999.0,-9999.0,83.1510009766,659.703600060748,194.333526460621,269077.22,667876.2,108,56,83.151
NS66NE_1966,1,6_4,5.25100248694,-9999.0,-9999.0,-9999.0,84.0660018921,906.885613193208,237.890438844783,269247.49,667871.16,108,56,84.066
NS66NE_1973,1,6_4,5.12628646504,-9999.0,-9999.0,-9999.0,83.7470016479,145.882577098539,54.0377643236227,269170.49,667841.98,20,12,83.747
NS66NE_1975,1,6_4,5.32864987764,-9999.0,-9999.0,-9999.0,84.9589996338,468.170313668584,123.455195164829,269338.31,667854.85,68,36,84.959
NS66NE_1987,1,6_4,5.41580198471,-9999.0,-9999.0,-9999.0,84.3320007324,468.376480565407,135.358448710685,269370.98,667837.07,84,44,84.332
NS66NE_1991,1,6_4,5.35034484222,-9999.0,-9999.0,-9999.0,83.6179962158,373.428141618888,108.418102890647,269200.71,667842.99,52,28,83.618
NS66NE_1992,1,6_4,5.02830643967,-9999.0,-9999.0,-9999.0,84.577003479,153.158876669527,54.7492492254122,269266.55,667830.92,20,12,84.577
NS66NE_1996,1,6_4,5.15746002096,-9999.0,-9999.0,-9999.0,83.6439971924,797.028003631442,200.583313306953,269113.44,667857.11,116,60,83.644
NS66NE_1997,1,6_4,5.24271337214,-9999.0,-9999.0,-9999.0,84.31300354,89.6301055005709,38.5630442594327,269238.49,667826.92,12,8,84.313
NS66NE_2002,1,6_4,5.51824567122,-9999.0,-9999.0,-9999.0,83.6480026245,474.638952550519,155.832747302358,269142.66,667844.81,80,42,83.648
NS66NE_2042,1,6_4,5.60331910626,-9999.0,-9999.0,-9999.0,84.31199646,320.384835972768,90.6304149287598,269361.27,667800.84,52,28,84.312
NS66NE_2050,1,6_4,5.36121123195,-9999.0,-9999.0,-9999.0,83.3150024414,2113.64616802997,562.945767658066,269183.01,667800.85,316,160,83.315
NS66NE_2053,1,6_4,5.26993350398,-9999.0,-9999.0,-9999.0,84.3539962769,380.088533907114,110.93160621458,269327.64,667803.43,36,20,84.354
NS66NE_2055,1,6_4,5.42855617289,-9999.0,-9999.0,-9999.0,84.4020004272,365.760578113284,104.41797451652,269297.35,667803.12,52,28,84.402
NS66NE_369,1,6_5,3.84112565148,-9999.0,-9999.0,-9999.0,99.3850021362,47.6230422065078,35.3419169897322,268884.26,668645.25,12,8,99.385
NS66NE_376,1,6_5,4.23131846479,-9999.0,-9999.0,-9999.0,98.9300003052,159.339460901395,53.7034319894626,268954.12,668644.86,12,8,98.93
NS66NE_379,1,6_5,4.68735273049,-9999.0,-9999.0,-9999.0,99.6569976807,256.49854546643,65.0115499180513,268929.28,668642.57,12,8,99.657
NS66NE_384,1,6_5,3.78308344086,-9999.0,-9999.0,-9999.0,99.0778503418,989.138862271148,221.986134702124,268869.11,668643.52,116,60,99.078
NS66NE_402,1,6_5,4.73823781623,-9999.0,-9999.0,-9999.0,98.8799972534,1173.06473164466,152.89838058248,268823.85,668621.62,44,24,98.88
NS66NE_431,1,6_5,3.66543232298,-9999.0,-9999.0,-9999.0,97.486000061,1366.63768619866,303.008242455855,268876.19,668604.26,140,72,97.486
NS66NE_100,1,6_6,7.20417729891,-9999.0,-9999.0,-9999.0,89.1060028076,199.976277350057,60.7867896125217,269129.96,668934.88,12,8,89.106
NS66NE_102,1,6_6,7.15243877805,-9999.0,-9999.0,-9999.0,90.5400009155,218.753807276461,69.2187754530131,269187.7,668930.34,28,16,90.54
NS66NE_119,1,6_6,6.27869944068,-9999.0,-9999.0,-9999.0,89.2679977417,130.132280918348,47.3944466897011,269133.17,668909.77,28,16,89.268
NS66NE_19,1,6_6,8.33071387442,-9999.0,-9999.0,-9999.0,87.1650009155,163.453863241826,51.9310923442795,269149.06,668992.93,12,8,87.165
NS66NE_21,1,6_6,8.25578370281,-9999.0,-9999.0,-9999.0,86.1607513428,155.037644747207,50.4290278009631,269116.24,668992.82,12,8,86.161
NS66NE_27,1,6_6,7.26369904794,-9999.0,-9999.0,-9999.0,88.8177947998,245.765561435141,67.7666812172294,269208.13,668991.45,12,8,88.818
NS66NE_31,1,6_6,7.30668544187,-9999.0,-9999.0,-9999.0,91.8389968872,213.925319449238,65.5079581982124,269311.6,668985.75,20,12,91.839
NS66NE_40,1,6_6,7.4168823185,-9999.0,-9999.0,-9999.0,90.3769989014,205.811897264161,61.3248306597683,269257.6,668981.78,12,8,90.377
NS66NE_45,1,6_6,7.36051079714,-9999.0,-9999.0,-9999.0,91.327003479,216.295124788312,65.1744141986314,269285.31,668974.24,20,12,91.327
NS66NE_51,1,6_6,7.28935231612,-9999.0,-9999.0,-9999.0,90.1320037842,213.337348777464,63.0661013225373,269228.09,668970.08,20,12,90.132
NS66NE_59,1,6_6,8.05050886501,-9999.0,-9999.0,-9999.0,88.6920013428,264.676309248144,70.1637243992746,269154.86,668968.89,12,8,88.692
NS66NE_65,1,6_6,7.52602916801,-9999.0,-9999.0,-9999.0,87.8809967041,247.557040611128,68.1918279340443,269122.69,668965.26,12,8,87.881
NS66NE_7,1,6_6,2.2615670136,-9999.0,-9999.0,-9999.0,85.6200027466,55.608649188826,34.3526664959419,268905.96,668997.39,12,8,85.62
NS66NE_92,1,6_6,7.21084240239,-9999.0,-9999.0,-9999.0,90.8010025024,213.54499276516,65.4501847926899,269214.15,668942.52,20,12,90.801
NS66NE_93,1,6_6,6.69968515647,-9999.0,-9999.0,-9999.0,90.0120010376,238.250487016208,70.9121317171379,269161.75,668942.33,36,20,90.012
NS66NE_3802,1,7_0,5.73662404091,-9999.0,-9999.0,-9999.0,83.4869995117,64.2633356986441,32.4744997933505,269405.52,665572.05,12,8,83.487
NS66NE_3824,1,7_0,3.89257432654,-9999.0,-9999.0,-9999.0,84.0189971924,60.8536231982323,31.4366743535729,269406.47,665557.84,12,8,84.019
NS66NE_3858,1,7_0,4.11541122322,-9999.0,-9999.0,-9999.0,84.233001709,272.274672270173,82.1510693432877,269394.95,665547.82,20,12,84.233
NS66NE_3867,1,7_0,3.95441115842,-9999.0,-9999.0,-9999.0,83.9779968262,235.095305003266,74.7956051875833,269417.38,665541.89,28,16,83.978
NS66NE_3885,1,7_0,6.4509782748,-9999.0,-9999.0,-9999.0,84.533996582,172.83858616051,57.5550474923116,269404.68,665524.57,28,16,84.534
NS66NE_3888,1,7_0,6.29822748658,-9999.0,-9999.0,-9999.0,83.4130020142,347.884124246172,76.8633454275469,269460.04,665526.04,12,8,83.413
NS66NE_3917,1,7_0,4.38337604816,-9999.0,-9999.0,-9999.0,83.8629989624,209.486351918958,64.3935554427904,269428.18,665506.07,12,8,83.863
NS66NE_4017,1,7_0,5.86376808452,-9999.0,-9999.0,-9999.0,86.7050018311,459.10719139934,119.892676228406,269911.35,665420.4,60,32,86.705
NS66NE_4021,1,7_0,3.36566252309,-9999.0,-9999.0,-9999.0,87.2320022583,111.66636479542,56.1525214730123,269939.01,665405.14,20,12,87.232
NS66NE_4027,1,7_0,2.83679019882,-9999.0,-9999.0,-9999.0,87.643661499,66.6554455806344,33.4390079580902,269958.58,665385.43,12,8,87.644
NS66NE_4044,1,7_0,2.34947647821,-9999.0,-9999.0,-9999.0,87.6679992676,55.5593850156187,30.7332019382034,269992.01,665365.46,12,8,87.668
NS66NE_4051,1,7_0,3.91220580874,-9999.0,-9999.0,-9999.0,87.5009994507,257.716593591552,73.8577879535641,269960.7,665361.29,20,12,87.501
NS66NE_4053,1,7_0,3.45583906406,-9999.0,-9999.0,-9999.0,85.1039962769,172.733217147741,54.8918871483212,269909.22,665360.68,28,16,85.104
NS66NE_4054,1,7_0,2.32729238487,-9999.0,-9999.0,-9999.0,87.7170028687,24.184586563233,22.7599524410453,269998.01,665354.74,12,8,87.717
NS66NE_4395,1,7_0,2.71317725606,-9999.0,-9999.0,-9999.0,73.640335083,158.636255021925,67.5668593627359,269448.65,665063.19,20,12,73.64
NS66NE_4407,1,7_0,2.48205721206,-9999.0,-9999.0,-9999.0,74.4680023193,35.6003158400428,26.7035637072797,269423.45,665040.9,12,8,74.468
NS66NE_4413,1,7_0,3.36358165486,-9999.0,-9999.0,-9999.0,74.7490005493,292.175712085494,115.553533024412,269408.41,665049.64,44,24,74.749
NS66NE_2633,1,7_2,2.89927309613,-9999.0,-9999.0,-9999.0,91.4169998169,24.6619649999441,23.4627284640778,269467.7,666705.15,16,10,91.417
NS66NE_2666,1,7_2,2.98549004176,-9999.0,-9999.0,-9999.0,91.6689987183,51.0712074008607,32.3639905417176,269437.78,666684.41,12,8,91.669
NS66NE_2673,1,7_2,4.25438493552,-9999.0,-9999.0,-9999.0,92.9400024414,55.2492879595707,31.4955142971595,269378.87,666677.93,20,12,92.94
NS66NE_2676,1,7_2,4.54849864466,-9999.0,-9999.0,-9999.0,93.0467987061,168.967688194749,67.1392718555919,269413.43,666675.52,28,16,93.047
NS66NE_2714,1,7_2,4.91709114591,-9999.0,-9999.0,-9999.0,93.2490005493,849.247095328111,201.614584984902,269393.33,666654.84,68,36,93.249
NS66NE_1202,1,7_4,4.18333780664,-9999.0,-9999.0,-9999.0,89.1190032959,153.019506768101,54.7754715463871,269883.6,668119.45,28,16,89.119
NS66NE_1204,1,7_4,6.65583714572,-9999.0,-9999.0,-9999.0,86.2900009155,219.667859503226,65.2082313020445,269602.73,668117.51,20,12,86.29
NS66NE_1208,1,7_4,6.20423513944,-9999.0,-9999.0,-9999.0,83.6009979248,240.840121327613,69.0327686319078,269521.32,668122.11,24,14,83.601
NS66NE_1209,1,7_4,6.02673029314,-9999.0,-9999.0,-9999.0,88.4449996948,74.3629243601387,34.5940562903845,269657.95,668113.91,12,8,88.445
NS66NE_1216,1,7_4,6.64430657026,-9999.0,-9999.0,-9999.0,85.5429992676,217.611846477484,64.528883508423,269581.11,668113.95,20,12,85.543
NS66NE_1222,1,7_4,5.3626756535,-9999.0,-9999.0,-9999.0,88.8679962158,116.879680705988,66.4918771518491,269681.87,668111.37,44,24,88.868
NS66NE_1225,1,7_4,5.72582367162,-9999.0,-9999.0,-9999.0,88.7969970703,107.643662779734,41.5017360046163,269780.81,668109.26,12,8,88.797
NS66NE_1226,1,7_4,3.48027726668,-9999.0,-9999.0,-9999.0,94.091003418,161.738958105838,55.7362732428124,269996.67,668111.13,32,18,94.091
NS66NE_1232,1,7_4,6.14329692296,-9999.0,-9999.0,-9999.0,84.4400024414,173.507651775621,56.2830635466016,269496.28,668110.24,20,12,84.44
NS66NE_1239,1,7_4,3.45134870828,-9999.0,-9999.0,-9999.0,87.6019973755,356.669343605748,128.034485215431,269815.56,668118.59,76,40,87.602
NS66NE_1242,1,7_4,6.0783314098,-9999.0,-9999.0,-9999.0,84.8259963989,245.276758094498,72.0862462085908,269554.14,668111.72,24,14,84.826
NS66NE_1243,1,7_4,6.36256300645,-9999.0,-9999.0,-9999.0,89.1959991455,87.5910168070556,37.4716758724551,269661.21,668104.31,12,8,89.196
NS66NE_1244,1,7_4,4.26786681933,-9999.0,-9999.0,-9999.0,87.5070037842,524.072955553777,122.799852727476,269840.06,668122.1,52,28,87.507
NS66NE_1247,1,7_4,6.50764500011,-9999.0,-9999.0,-9999.0,93.8192062378,223.060890149563,72.5361617670256,269970.94,668104.47,28,16,93.819
NS66NE_1257,1,7_4,5.55186854099,-9999.0,-9999.0,-9999.0,83.9349975586,190.030705462064,85.8690486234506,269476.64,668102.26,44,24,83.935
NS66NE_1258,1,7_4,6.26879787138,-9999.0,-9999.0,-9999.0,89.1269989014,79.8978206427615,35.7789371681987,269635.39,668097.56,12,8,89.127
NS66NE_1259,1,7_4,6.23624036577,-9999.0,-9999.0,-9999.0,91.7149963379,180.838529457367,55.5203786487329,269885.91,668098.95,12,8,91.715
NS66NE_1263,1,7_4,6.16111181101,-9999.0,-9999.0,-9999.0,82.1190032959,144.648486090455,49.7143163572633,269446.43,668099.98,12,8,82.119
NS66NE_1265,1,7_4,6.29834252761,-9999.0,-9999.0,-9999.0,90.1340026855,66.6285849294962,33.1971995981562,269729.37,668094.64,12,8,90.134
NS66NE_1266,1,7_4,3.0062581908,-9999.0,-9999.0,-9999.0,89.1320037842,58.5553768764783,31.0653316867601,269824.16,668096.1,12,8,89.132
NS66NE_1269,1,7_4,6.9722382717,-9999.0,-9999.0,-9999.0,94.3899993896,197.831510861051,60.3136111235439,269945.14,668096.74,12,8,94.39
NS66NE_1271,1,7_4,6.24474772754,-9999.0,-9999.0,-9999.0,86.1829986572,69.0583590780562,33.8016749063589,269547.45,668093.53,12,8,86.183
NS66NE_1275,1,7_4,5.79167859731,-9999.0,-9999.0,-9999.0,89.1740036011,79.9522814119717,35.808447239044,269706.71,668092.37,12,8,89.174
NS66NE_1280,1,7_4,6.17407565037,-9999.0,-9999.0,-9999.0,85.3539962769,107.560543844479,41.562115483621,269522.41,668091.52,12,8,85.354
NS66NE_1282,1,7_4,5.65288647866,-9999.0,-9999.0,-9999.0,85.341003418,69.2978737027231,33.5636017394169,269501.87,668088.79,12,8,85.341
NS66NE_1283,1,7_4,4.71553948346,-9999.0,-9999.0,-9999.0,93.3817977905,217.659267430251,63.9546895591407,269917.54,668090.54,12,8,93.382
NS66NE_1286,1,7_4,6.00905378911,-9999.0,-9999.0,-9999.0,89.3259963989,72.6161639986098,34.4374629544226,269795.15,668087.85,12,8,89.326
NS66NE_1287,1,7_4,5.81211198947,-9999.0,-9999.0,-9999.0,89.5550003052,212.593297324696,67.0671479474904,269777.46,668088.07,28,16,89.555
NS66NE_1290,1,7_4,6.18802533626,-9999.0,-9999.0,-9999.0,88.9169998169,283.876882475629,79.4973783898357,269615.71,668089.76,20,12,88.917
NS66NE_1291,1,7_4,6.17444058197,-9999.0,-9999.0,-9999.0,89.2229995728,188.606929167606,58.6272337386868,269692.11,668088.27,20,12,89.223
NS66NE_1297,1,7_4,6.14829479298,-9999.0,-9999.0,-9999.0,88.0510025024,186.792321749584,58.7926741612297,269569.1,668086.07,12,8,88.051
NS66NE_1298,1,7_4,6.06016456658,-9999.0,-9999.0,-9999.0,89.4899978638,73.7980072555866,34.4254992595174,269677.89,668083.87,12,8,89.49
NS66NE_1305,1,7_4,6.38171792304,-9999.0,-9999.0,-9999.0,89.6600036621,88.6974685355244,37.6938455938696,269668.46,668080.56,12,8,89.66
NS66NE_1306,1,7_4,6.19034053968,-9999.0,-9999.0,-9999.0,92.6920013428,269.320678032513,74.4569866108629,269889.86,668083.0,28,16,92.692
NS66NE_1307,1,7_4,6.01145678869,-9999.0,-9999.0,-9999.0,87.2850036621,69.0696931669509,33.5438974034224,269551.47,668079.11,12,8,87.285
NS66NE_1311,1,7_4,6.33395665293,-9999.0,-9999.0,-9999.0,89.0240020752,67.2709571999233,33.3314206627617,269587.62,668077.39,12,8,89.024
NS66NE_1319,1,7_4,5.82243430492,-9999.0,-9999.0,-9999.0,84.1910018921,154.689732042931,68.3569600316973,269481.64,668078.98,28,16,84.191
NS66NE_1322,1,7_4,6.06777729582,-9999.0,-9999.0,-9999.0,90.6709976196,183.756916642491,58.2881287321383,269733.26,668079.96,12,8,90.671
NS66NE_1326,1,7_4,6.17818156651,-9999.0,-9999.0,-9999.0,82.1679992676,145.206630725843,49.657157213639,269428.32,668076.26,12,8,82.168
NS66NE_1330,1,7_4,7.31683346523,-9999.0,-9999.0,-9999.0,90.9260025024,630.810474073598,109.834335683274,269849.06,668082.39,36,20,90.926
NS66NE_1336,1,7_4,6.16477274861,-9999.0,-9999.0,-9999.0,89.6949996948,186.266586557984,62.9694542898022,269652.15,668072.41,28,16,89.695
NS66NE_1337,1,7_4,5.44793025881,-9999.0,-9999.0,-9999.0,83.533996582,199.648310425615,86.0656982289871,269460.04,668070.49,44,24,83.534
NS66NE_1338,1,7_4,4.99339772296,-9999.0,-9999.0,-9999.0,94.9430007935,190.070873399817,56.3281288528818,269979.95,668071.47,20,12,94.943
NS66NE_1341,1,7_4,5.8755262154,-9999.0,-9999.0,-9999.0,85.9270019531,307.908525484715,115.005133693075,269519.02,668072.59,44,24,85.927
NS66NE_1342,1,7_4,3.71473485311,-9999.0,-9999.0,-9999.0,90.3030014038,42.2382824972836,27.120790158846,269717.51,668065.24,12,8,90.303
NS66NE_1345,1,7_4,6.10994348243,-9999.0,-9999.0,-9999.0,82.1090011597,95.5407355575193,42.1251819968452,269412.36,668066.22,20,12,82.109
NS66NE_1350,1,7_4,4.33804554432,-9999.0,-9999.0,-9999.0,94.7750015259,245.685267258455,75.7412133008581,269966.28,668066.28,28,16,94.775
NS66NE_1354,1,7_4,6.38422781823,-9999.0,-9999.0,-9999.0,91.59400177,74.9025406918829,34.9984315248879,269801.79,668061.86,12,8,91.594
NS66NE_1355,1,7_4,3.00941429391,-9999.0,-9999.0,-9999.0,94.7470016479,80.6542819540592,38.6994551660852,269909.37,668060.32,12,8,94.747
NS66NE_1358,1,7_4,5.96296156934,-9999.0,-9999.0,-9999.0,82.0490036011,85.5313715410822,37.0160719552492,269400.27,668061.54,12,8,82.049
NS66NE_1361,1,7_4,5.3689369751,-9999.0,-9999.0,-9999.0,94.9530029297,160.714781201301,53.5470559457667,269944.34,668062.58,28,16,94.953
NS66NE_1371,1,7_4,6.427668055,-9999.0,-9999.0,-9999.0,91.4189987183,101.078255334101,40.2485498922454,269739.83,668055.26,12,8,91.419
NS66NE_1375,1,7_4,5.62381146673,-9999.0,-9999.0,-9999.0,91.5130004883,265.585252608434,74.7201185651103,269783.85,668057.19,36,20,91.513
NS66NE_1378,1,7_4,6.15619849428,-9999.0,-9999.0,-9999.0,88.0979995728,67.014113861264,33.2500904364405,269502.41,668050.99,12,8,88.098
NS66NE_1379,1,7_4,5.94146818103,-9999.0,-9999.0,-9999.0,88.3180007935,66.8744014727854,32.9716613145565,269528.51,668051.72,12,8,88.318
NS66NE_1380,1,7_4,2.48732630412,-9999.0,-9999.0,-9999.0,91.0049972534,35.2168949962091,24.9174655591774,269693.19,668051.92,12,8,91.005
NS66NE_1381,1,7_4,6.29771128422,-9999.0,-9999.0,-9999.0,91.3949966431,97.8848672068287,39.5763649285119,269729.5,668052.41,16,10,91.395
NS66NE_1386,1,7_4,5.92195412155,-9999.0,-9999.0,-9999.0,89.4280014038,562.665796802944,139.218898414065,269610.3,668057.89,28,16,89.428
NS66NE_1389,1,7_4,5.67686896442,-9999.0,-9999.0,-9999.0,83.8399963379,76.0782036439495,35.1337502675097,269425.47,668050.14,12,8,83.84
NS66NE_1390,1,7_4,6.13170862424,-9999.0,-9999.0,-9999.0,84.4260025024,111.958518097655,42.4079906704023,269448.7,668050.44,12,8,84.426
NS66NE_1391,1,7_4,5.77574546335,-9999.0,-9999.0,-9999.0,88.5149993896,321.188868108245,137.31093350775,269557.39,668056.28,76,40,88.515
NS66NE_1392,1,7_4,4.71883467941,-9999.0,-9999.0,-9999.0,82.1500015259,144.097045606119,67.1054090472454,269394.13,668050.76,28,16,82.15
NS66NE_1397,1,7_4,5.95776660935,-9999.0,-9999.0,-9999.0,85.0449981689,252.20068905919,80.7235934728871,269474.82,668048.29,36,20,85.045
NS66NE_1398,1,7_4,2.37908722727,-9999.0,-9999.0,-9999.0,94.7779998779,50.9710837496261,31.6465723113935,269914.38,668045.47,12,8,94.778
NS66NE_1402,1,7_4,6.14265973612,-9999.0,-9999.0,-9999.0,93.9769973755,212.317848342268,62.0990973049185,269898.13,668048.18,28,16,93.977
NS66NE_1405,1,7_4,4.85257469237,-9999.0,-9999.0,-9999.0,90.8430023193,331.526791464464,94.5469093354673,269710.51,668047.95,52,28,90.843
NS66NE_1406,1,7_4,2.4598627168,-9999.0,-9999.0,-9999.0,92.936668396,67.8394199890893,34.4333035848621,269955.34,668042.32,12,8,92.937
NS66NE_1411,1,7_4,2.73882533482,-9999.0,-9999.0,-9999.0,91.6230010986,32.3588962478795,27.5986938617338,269694.38,668040.97,12,8,91.623
NS66NE_1422,1,7_4,6.03618689268,-9999.0,-9999.0,-9999.0,83.0350036621,92.8504717721588,41.3647035350125,269382.3,668038.44,20,12,83.035
NS66NE_1427,1,7_4,6.51246938823,-9999.0,-9999.0,-9999.0,90.5080032349,103.52652278651,40.6994880752315,269568.94,668038.2,12,8,90.508
NS66NE_1431,1,7_4,3.08106994629,-9999.0,-9999.0,-9999.0,92.2139968872,56.9765950429283,31.2671913045288,269939.34,668034.75,12,8,92.214
NS66NE_1433,1,7_4,4.64162120062,-9999.0,-9999.0,-9999.0,91.6529998779,212.293618034218,65.2310403011599,269682.85,668039.7,36,20,91.653
NS66NE_1438,1,7_4,6.10838197771,-9999.0,-9999.0,-9999.0,83.9929962158,230.579716391026,67.6845155721978,269412.67,668033.36,12,8,83.993
NS66NE_1445,1,7_4,6.29923087776,-9999.0,-9999.0,-9999.0,89.2990036011,199.205479731462,77.6805649347741,269536.22,668033.81,36,20,89.299
NS66NE_1446,1,7_4,3.67155202058,-9999.0,-9999.0,-9999.0,91.4700012207,393.941865106568,114.310700576591,269988.99,668036.08,72,38,91.47
NS66NE_1447,1,7_4,6.30567121187,-9999.0,-9999.0,-9999.0,88.7529983521,197.922718370566,83.5697773082422,269511.88,668028.36,32,20,88.753
NS66NE_1448,1,7_4,5.03367585583,-9999.0,-9999.0,-9999.0,93.0049972534,208.040059573804,60.3126342302243,269906.61,668028.54,24,14,93.005
NS66NE_1450,1,7_4,6.25077599746,-9999.0,-9999.0,-9999.0,85.5780029297,67.1575079651112,33.2174878285886,269441.58,668024.91,12,8,85.578
NS66NE_1454,1,7_4,6.00556111569,-9999.0,-9999.0,-9999.0,87.3310012817,188.835293113061,60.1454024700195,269460.18,668028.91,20,12,87.331
NS66NE_1455,1,7_4,4.55060733083,-9999.0,-9999.0,-9999.0,92.8089981079,338.202694250353,86.6824854627319,269862.84,668027.64,52,28,92.809
NS66NE_1457,1,7_4,6.11004367682,-9999.0,-9999.0,-9999.0,88.43800354,94.1658327685001,41.8084829531354,269488.71,668022.66,20,12,88.438
NS66NE_1460,1,7_4,6.81099249414,-9999.0,-9999.0,-9999.0,92.3000030518,181.494004445894,57.1727914892088,269654.34,668023.41,12,8,92.3
NS66NE_1462,1,7_4,3.55234645693,-9999.0,-9999.0,-9999.0,91.0360031128,225.360067071296,64.3360947826607,269966.03,668025.71,12,8,91.036
NS66NE_1474,1,7_4,6.66893950941,-9999.0,-9999.0,-9999.0,92.1380004883,180.282434117413,56.8175343359246,269633.69,668016.96,12,8,92.138
NS66NE_1487,1,7_4,6.40577778785,-9999.0,-9999.0,-9999.0,91.8740005493,160.384146155015,52.5956910533726,269614.06,668010.75,12,8,91.874
NS66NE_1489,1,7_4,4.50059713307,-9999.0,-9999.0,-9999.0,90.6529998779,182.344198640473,57.4442965315736,269991.1,668010.42,20,12,90.653
NS66NE_1491,1,7_4,5.76500319982,-9999.0,-9999.0,-9999.0,84.0449981689,226.76580674378,80.375263645064,269387.9,668009.38,36,20,84.045
NS66NE_1496,1,7_4,6.55474376678,-9999.0,-9999.0,-9999.0,85.06199646,84.1767182250183,36.6991603508758,269406.69,668004.56,12,8,85.062
NS66NE_1497,1,7_4,6.15453913182,-9999.0,-9999.0,-9999.0,88.6350021362,123.084557384057,44.8136670539329,269492.24,668007.36,12,8,88.635
NS66NE_1509,1,7_4,6.61102393366,-9999.0,-9999.0,-9999.0,85.9260025024,201.434357701717,82.5220127068108,269425.79,668000.62,44,24,85.926
NS66NE_1510,1,7_4,6.35981166344,-9999.0,-9999.0,-9999.0,91.8519973755,164.017377052939,53.1991661315437,269583.2,668000.98,12,8,91.852
NS66NE_1514,1,7_4,6.37878822051,-9999.0,-9999.0,-9999.0,92.3140029907,202.834927623002,64.9394219709269,269730.49,668002.36,36,20,92.314
NS66NE_1517,1,7_4,6.54920951008,-9999.0,-9999.0,-9999.0,90.8059997559,873.650865623096,136.261106823528,269932.0,668008.04,64,34,90.806
NS66NE_1522,1,7_4,6.25828700871,-9999.0,-9999.0,-9999.0,91.9489974976,158.972751833749,52.4649897841342,269564.74,667995.3,12,8,91.949
NS66NE_1527,1,7_4,6.09342367446,-9999.0,-9999.0,-9999.0,87.1719970703,336.695312125152,97.0015176779317,269458.48,667994.77,40,22,87.172
NS66NE_1528,1,7_4,6.63494127491,-9999.0,-9999.0,-9999.0,88.672996521,104.423145804745,40.8778259726149,269496.95,667993.39,12,8,88.673
NS66NE_1530,1,7_4,4.79644825905,-9999.0,-9999.0,-9999.0,90.0029983521,111.551042318156,43.5482137135084,269948.77,667993.05,20,12,90.003
NS66NE_1550,1,7_4,6.36189516889,-9999.0,-9999.0,-9999.0,91.7089996338,160.745827408574,52.6043363326803,269546.19,667989.37,12,8,91.709
NS66NE_1564,1,7_4,5.47880664687,-9999.0,-9999.0,-9999.0,92.625,203.68174508178,64.769373286036,269673.88,667986.71,36,20,92.625
NS66NE_1565,1,7_4,5.35347209257,-9999.0,-9999.0,-9999.0,89.6199951172,174.296048148608,69.1666294892523,269928.99,667984.22,44,24,89.62
NS66NE_1569,1,7_4,6.68512839986,-9999.0,-9999.0,-9999.0,88.7600021362,101.836591687174,40.3656597092781,269500.36,667982.46,12,8,88.76
NS66NE_1570,1,7_4,6.60082584933,-9999.0,-9999.0,-9999.0,91.3280029297,159.440491354149,52.9830197362455,269528.03,667983.61,20,12,91.328
NS66NE_1573,1,7_4,8.55566500171,-9999.0,-9999.0,-9999.0,92.4130020142,1563.42836643025,321.9366158697,269796.48,668005.89,60,32,92.413
NS66NE_1574,1,7_4,3.20619754857,-9999.0,-9999.0,-9999.0,87.7139968872,77.3702517253848,35.5225785150648,269983.72,667979.25,12,8,87.714
NS66NE_1580,1,7_4,6.33839345611,-9999.0,-9999.0,-9999.0,91.6309967041,121.10330489742,44.7805444435865,269641.88,667980.79,12,8,91.631
NS66NE_1607,1,7_4,3.76649200767,-9999.0,-9999.0,-9999.0,87.1750030518,288.919046083656,93.288493640077,269964.06,667972.42,68,36,87.175
NS66NE_1624,1,7_4,4.89211571836,-9999.0,-9999.0,-9999.0,91.1330032349,258.065789374112,82.0110420308592,269595.61,667967.44,28,16,91.133
NS66NE_1632,1,7_4,4.53293767624,-9999.0,-9999.0,-9999.0,90.8529968262,221.060030944314,83.5101876852471,269737.47,667969.98,44,24,90.853
NS66NE_1634,1,7_4,4.00311809814,-9999.0,-9999.0,-9999.0,90.2919998169,649.682456022794,206.238155664452,269698.91,667979.46,108,56,90.292
NS66NE_1640,1,7_4,2.62811397429,-9999.0,-9999.0,-9999.0,86.237663269,40.9684462547228,26.7213882560105,269980.52,667957.54,12,8,86.238
NS66NE_1650,1,7_4,4.15198438928,-9999.0,-9999.0,-9999.0,87.016998291,120.060546230813,44.4583253911494,269929.53,667956.97,12,8,87.017
NS66NE_1653,1,7_4,6.3282171444,-9999.0,-9999.0,-9999.0,87.1529998779,65.1593125551534,32.709793670482,269386.01,667956.64,12,8,87.153
NS66NE_1657,1,7_4,6.44498295422,-9999.0,-9999.0,-9999.0,88.9049987793,550.253539258856,119.558226596162,269818.09,667963.92,76,40,88.905
NS66NE_1662,1,7_4,6.12498242927,-9999.0,-9999.0,-9999.0,90.5930023193,134.74350207304,46.7831274227136,269684.12,667954.35,12,8,90.593
NS66NE_1676,1,7_4,5.04092258987,-9999.0,-9999.0,-9999.0,87.2379989624,209.852070356351,66.8162269831958,269401.51,667950.76,28,16,87.238
NS66NE_1684,1,7_4,6.2302559861,-9999.0,-9999.0,-9999.0,88.4300003052,498.646702274138,112.041703326974,269885.77,667959.53,52,28,88.43
NS66NE_1688,1,7_4,6.03588345565,-9999.0,-9999.0,-9999.0,89.5220031738,188.882008301901,64.021500616644,269731.84,667947.18,28,16,89.522
NS66NE_1689,1,7_4,5.40830679588,-9999.0,-9999.0,-9999.0,87.4069976807,132.224863096934,48.9822866634729,269417.57,667945.79,20,12,87.407
NS66NE_1705,1,7_4,6.48629608877,-9999.0,-9999.0,-9999.0,89.5930023193,109.566506587917,41.8819598358335,269636.79,667938.67,12,8,89.593
NS66NE_1706,1,7_4,6.4213298974,-9999.0,-9999.0,-9999.0,89.6449966431,103.878772819941,40.8657050168599,269653.81,667939.27,12,8,89.645
NS66NE_1707,1,7_4,5.19094409068,-9999.0,-9999.0,-9999.0,87.1829986572,293.207785676845,80.4612271861341,269437.9,667940.74,36,20,87.183
NS66NE_1712,1,7_4,3.74146516113,-9999.0,-9999.0,-9999.0,84.4069976807,163.474804708794,55.2830400082116,269970.31,667938.99,20,12,84.407
NS66NE_1713,1,7_4,6.78936443228,-9999.0,-9999.0,-9999.0,87.1240005493,439.228140367665,94.3559953765374,269854.88,667945.99,44,24,87.124
NS66NE_1727,1,7_4,5.13351402493,-9999.0,-9999.0,-9999.0,87.0650024414,193.783589677107,67.9927370416436,269459.79,667931.07,44,24,87.065
NS66NE_1737,1,7_4,6.83165389541,-9999.0,-9999.0,-9999.0,89.0459976196,109.011844437582,41.7670073977471,269679.63,667926.82,12,8,89.046
NS66NE_1746,1,7_4,5.89055281419,-9999.0,-9999.0,-9999.0,87.2350006104,207.176097506705,65.2873736088921,269481.04,667925.44,20,12,87.235
NS66NE_1751,1,7_4,6.09781991008,-9999.0,-9999.0,-9999.0,88.3519973755,184.650009321752,60.4805134345098,269736.08,667924.82,20,12,88.352
NS66NE_1752,1,7_4,6.82838513982,-9999.0,-9999.0,-9999.0,88.7289962769,121.245449823238,44.2422111086469,269692.11,667923.04,12,8,88.729
NS66NE_1759,1,7_4,3.66223342781,-9999.0,-9999.0,-9999.0,83.6060028076,276.977688271391,90.0884907338756,269940.1,667926.15,56,30,83.606
NS66NE_1761,1,7_4,6.79812793535,-9999.0,-9999.0,-9999.0,88.2300033569,123.85619709752,44.6567308914282,269704.71,667918.69,12,8,88.23
NS66NE_1773,1,7_4,5.45944302186,-9999.0,-9999.0,-9999.0,85.5480041504,311.802573953885,89.8417027621263,269504.2,667916.05,44,24,85.548
NS66NE_1774,1,7_4,6.76192288424,-9999.0,-9999.0,-9999.0,87.1569976807,438.150583680501,96.3878337155199,269800.45,667925.84,44,24,87.157
NS66NE_1776,1,7_4,6.22264623067,-9999.0,-9999.0,-9999.0,85.1200027466,67.1429310943654,33.1602884576452,269526.7,667913.85,12,8,85.12
NS66NE_1781,1,7_4,6.4400091958,-9999.0,-9999.0,-9999.0,88.0019989014,127.25133195944,47.6925189382675,269717.61,667913.06,28,16,88.002
NS66NE_1785,1,7_4,5.37535812752,-9999.0,-9999.0,-9999.0,86.8389968872,223.111698904119,88.8127758622003,269383.09,667914.31,40,22,86.839
NS66NE_1793,1,7_4,5.54928689014,-9999.0,-9999.0,-9999.0,86.9179992676,218.076006415027,74.5796835576555,269409.85,667912.73,44,24,86.918
NS66NE_1795,1,7_4,6.63999970586,-9999.0,-9999.0,-9999.0,84.8229980469,685.188044494246,129.478650174746,269871.12,667917.76,52,28,84.823
NS66NE_1803,1,7_4,3.40154220397,-9999.0,-9999.0,-9999.0,86.9039993286,23.4216749991843,21.8459150208071,269380.34,667902.22,12,8,86.904
NS66NE_1809,1,7_4,5.31295932399,-9999.0,-9999.0,-9999.0,85.0070037842,386.942939474619,104.1945697997,269551.42,667907.25,52,28,85.007
NS66NE_1812,1,7_4,4.40635905854,-9999.0,-9999.0,-9999.0,82.1070022583,264.670222653277,90.1545544625888,269950.96,667909.24,40,22,82.107
NS66NE_1815,1,7_4,5.91558351901,-9999.0,-9999.0,-9999.0,87.0080032349,185.525165125814,60.6530486636504,269743.42,667905.0,20,12,87.008
NS66NE_1819,1,7_4,5.44993952411,-9999.0,-9999.0,-9999.0,84.9649963379,187.124053500834,58.8785430318095,269584.91,667904.19,20,12,84.965
NS66NE_1827,1,7_4,2.25067973137,-9999.0,-9999.0,-9999.0,86.6100006104,25.2790725055229,20.4744382183166,269414.92,667896.0,12,8,86.61
NS66NE_1831,1,7_4,5.47524141405,-9999.0,-9999.0,-9999.0,85.1679992676,79.4930876923694,36.6241733840839,269504.46,667896.43,16,10,85.168
NS66NE_1838,1,7_4,5.27761855573,-9999.0,-9999.0,-9999.0,84.8280029297,95.616755290073,39.1155127360332,269602.54,667895.44,12,8,84.828
NS66NE_1848,1,7_4,6.15901013184,-9999.0,-9999.0,-9999.0,84.7450027466,65.3301100071621,32.7688086412383,269580.89,667891.09,12,8,84.745
NS66NE_1850,1,7_4,6.04904367332,-9999.0,-9999.0,-9999.0,86.7919998169,191.316960909456,59.023846926099,269469.93,667896.6,16,10,86.792
NS66NE_1854,1,7_4,5.39918886935,-9999.0,-9999.0,-9999.0,84.7779998779,86.3123176936921,38.0741261411191,269611.61,667891.99,12,8,84.778
NS66NE_1856,1,7_4,11.8000723686,-9999.0,-9999.0,-9999.0,85.3799972534,369.441507632573,78.416253894521,269813.19,667894.89,12,8,85.38
NS66NE_1857,1,7_4,6.568935147,-9999.0,-9999.0,-9999.0,82.6890029907,252.750832973448,70.5915231341053,269911.66,667894.21,48,26,82.689
NS66NE_1862,1,7_4,5.39264284331,-9999.0,-9999.0,-9999.0,84.7730026245,191.61275784009,59.1447913530954,269624.87,667888.75,28,16,84.773
NS66NE_1870,1,7_4,5.10500895619,-9999.0,-9999.0,-9999.0,86.6070022583,252.752595736027,88.3733810785691,269392.89,667888.88,60,32,86.607
NS66NE_1871,1,7_4,6.08712988234,-9999.0,-9999.0,-9999.0,85.8590011597,68.5213196259076,33.339333482363,269486.78,667883.62,12,8,85.859
NS66NE_1873,1,7_4,5.00967625649,-9999.0,-9999.0,-9999.0,86.2686691284,387.096882053135,105.444685895065,269432.23,667895.02,52,28,86.269
NS66NE_1877,1,7_4,4.66370365836,-9999.0,-9999.0,-9999.0,82.9609985352,204.918521524575,62.7842707278521,269873.95,667884.13,28,16,82.961
NS66NE_1880,1,7_4,5.74378930955,-9999.0,-9999.0,-9999.0,84.5839996338,119.220266659015,43.7610771026295,269552.92,667881.26,12,8,84.584
NS66NE_1883,1,7_4,6.27367341518,-9999.0,-9999.0,-9999.0,85.2799987793,66.2009049610173,32.9208534327798,269504.25,667878.22,12,8,85.28
NS66NE_1884,1,7_4,3.73065264398,-9999.0,-9999.0,-9999.0,80.8430023193,188.631907154441,62.0152336894416,269949.66,667883.59,28,16,80.843
NS66NE_1894,1,7_4,5.44839415439,-9999.0,-9999.0,-9999.0,84.6306686401,90.3706700561938,38.0256694500849,269516.71,667875.62,12,8,84.631
NS66NE_1896,1,7_4,4.68248966606,-9999.0,-9999.0,-9999.0,84.6139984131,179.047675678489,58.2174166155095,269672.71,667877.47,28,16,84.614
NS66NE_1903,1,7_4,5.46773903731,-9999.0,-9999.0,-9999.0,86.2379989624,180.845870361924,57.5910552364952,269463.12,667877.58,24,14,86.238
NS66NE_1906,1,7_4,5.29828699126,-9999.0,-9999.0,-9999.0,84.5459976196,278.306418689111,82.1399269317573,269648.2,667880.77,32,18,84.546
NS66NE_1909,1,7_4,5.61368135654,-9999.0,-9999.0,-9999.0,84.5979995728,118.73457875365,43.6784058244888,269687.09,667870.76,12,8,84.598
NS66NE_1910,1,7_4,6.39449761838,-9999.0,-9999.0,-9999.0,84.2519989014,63.0318550127988,32.2684044413356,269551.52,667868.34,12,8,84.252
NS66NE_1911,1,7_4,5.20195513186,-9999.0,-9999.0,-9999.0,84.2009963989,190.078608244513,61.1092067595844,269578.79,667874.02,20,12,84.201
NS66NE_1914,1,7_4,6.08448134626,-9999.0,-9999.0,-9999.0,81.5174407959,278.7003166076,82.5341921304285,269918.97,667873.77,60,32,81.517
NS66NE_1917,1,7_4,11.8144588326,-9999.0,-9999.0,-9999.0,84.5879974365,365.920505292093,77.9287145545035,269836.16,667872.54,12,8,84.588
NS66NE_1923,1,7_4,5.55218445451,-9999.0,-9999.0,-9999.0,85.9160003662,89.7997066916706,37.9250599818694,269460.94,667863.43,12,8,85.916
NS66NE_1926,1,7_4,5.65504308911,-9999.0,-9999.0,-9999.0,84.486000061,119.962690431289,43.9117355862519,269621.25,667863.67,12,8,84.486
NS66NE_1927,1,7_4,5.74853023496,-9999.0,-9999.0,-9999.0,84.5459976196,210.943547957832,65.7207453192685,269707.07,667863.74,20,12,84.546
NS66NE_1937,1,7_4,5.45833608709,-9999.0,-9999.0,-9999.0,84.0930023193,84.6706817034547,37.6074195380633,269586.81,667856.59,12,8,84.093
NS66NE_1945,1,7_4,4.98768120345,-9999.0,-9999.0,-9999.0,85.5329971313,483.427455472283,135.987289779337,269411.95,667856.99,80,42,85.533
NS66NE_1949,1,7_4,2.94739280286,-9999.0,-9999.0,-9999.0,81.9240036011,64.4397707634611,36.0431110762512,269882.13,667849.13,20,12,81.924
NS66NE_1954,1,7_4,6.21224221876,-9999.0,-9999.0,-9999.0,84.0210037231,65.6816477664698,32.9511184774096,269653.44,667850.59,12,8,84.021
NS66NE_1956,1,7_4,6.34198590447,-9999.0,-9999.0,-9999.0,84.2080001831,66.6790020282804,33.187946543861,269619.33,667848.17,12,8,84.208
NS66NE_1958,1,7_4,6.32992484638,-9999.0,-9999.0,-9999.0,84.5960006714,62.6656606154766,32.2914874697104,269513.36,667848.64,12,8,84.596
NS66NE_1962,1,7_4,5.46162402423,-9999.0,-9999.0,-9999.0,83.6920013428,183.290208480203,57.6164218094139,269563.15,667850.25,12,8,83.692
NS66NE_1964,1,7_4,5.14720419702,-9999.0,-9999.0,-9999.0,83.9560012817,148.501152175173,53.7415709900535,269642.4,667846.21,28,16,83.956
NS66NE_1970,1,7_4,4.98506448359,-9999.0,-9999.0,-9999.0,84.5563354492,313.205191170721,123.033915796918,269494.45,667848.14,76,40,84.556
NS66NE_1971,1,7_4,5.08779930255,-9999.0,-9999.0,-9999.0,83.6920013428,196.981569716235,79.6897166737985,269530.23,667846.4,44,24,83.692
NS66NE_1972,1,7_4,5.15495186664,-9999.0,-9999.0,-9999.0,85.3880004883,144.47717486242,54.2738268566156,269471.27,667845.63,20,12,85.388
NS66NE_1976,1,7_4,6.31836080361,-9999.0,-9999.0,-9999.0,83.8430023193,65.7757505531181,33.0657832189419,269622.2,667837.61,12,8,83.843
NS66NE_1982,1,7_4,6.00817769898,-9999.0,-9999.0,-9999.0,84.4319992065,204.290270223353,61.0676442236015,269726.43,667841.1,12,8,84.432
NS66NE_1985,1,7_4,5.53453846281,-9999.0,-9999.0,-9999.0,83.4889984131,81.7692366313545,37.1993139014508,269598.31,667836.69,12,8,83.489
NS66NE_1993,1,7_4,5.64293765207,-9999.0,-9999.0,-9999.0,83.3489990234,123.543428815966,44.5314948591189,269587.05,667830.84,12,8,83.349
NS66NE_1994,1,7_4,5.50378251076,-9999.0,-9999.0,-9999.0,83.8430023193,91.6683622190984,38.3050195045841,269681.93,667830.45,12,8,83.843
NS66NE_1995,1,7_4,5.25944334194,-9999.0,-9999.0,-9999.0,84.6256332397,232.09606679579,72.8550563949374,269409.93,667834.97,28,16,84.626
NS66NE_1999,1,7_4,4.99365489999,-9999.0,-9999.0,-9999.0,85.2149963379,248.858226507113,78.1671851347059,269456.91,667832.49,44,24,85.215
NS66NE_2003,1,7_4,5.66929494135,-9999.0,-9999.0,-9999.0,83.8450012207,121.266272945904,44.1697661718896,269669.38,667827.07,12,8,83.845
NS66NE_2008,1,7_4,5.61351960784,-9999.0,-9999.0,-9999.0,83.0970001221,80.9235126711194,37.0124387573163,269537.3,667823.68,12,8,83.097
NS66NE_2009,1,7_4,5.67264961061,-9999.0,-9999.0,-9999.0,83.0390014648,85.4100344626281,36.9733525354433,269496.51,667821.32,12,8,83.039
NS66NE_2010,1,7_4,5.59214388912,-9999.0,-9999.0,-9999.0,83.4759979248,238.319621266419,88.3116923418889,269566.09,667828.46,36,20,83.476
NS66NE_2012,1,7_4,5.50668544348,-9999.0,-9999.0,-9999.0,82.966003418,82.0254375847796,37.0521789520168,269507.74,667820.94,12,8,82.966
NS66NE_2019,1,7_4,5.20280783093,-9999.0,-9999.0,-9999.0,83.3339996338,134.154074868604,49.9884384620286,269484.79,667818.5,28,16,83.334
NS66NE_2023,1,7_4,5.70301648404,-9999.0,-9999.0,-9999.0,82.7519989014,122.327299023375,44.3335480463938,269524.63,667813.74,12,8,82.752
NS66NE_2024,1,7_4,5.38615486702,-9999.0,-9999.0,-9999.0,83.4250030518,273.215044979425,80.7746846039986,269649.64,667816.29,36,20,83.425
NS66NE_2029,1,7_4,5.67260715992,-9999.0,-9999.0,-9999.0,83.3499984741,119.585750504274,43.8843018124498,269628.68,667809.17,12,8,83.35
NS66NE_2037,1,7_4,5.07809624982,-9999.0,-9999.0,-9999.0,84.0159988403,247.029230172107,78.9355471097107,269438.41,667813.33,52,28,84.016
NS66NE_2041,1,7_4,5.57850655004,-9999.0,-9999.0,-9999.0,82.8970031738,227.570162242751,86.0184463934312,269466.64,667807.55,40,22,82.897
NS66NE_2046,1,7_4,5.18223016253,-9999.0,-9999.0,-9999.0,84.0029983521,276.078936169331,97.2054528430742,269392.85,667800.98,60,32,84.003
NS66NE_2056,1,7_4,5.12719268229,-9999.0,-9999.0,-9999.0,82.7969970703,140.332592272298,50.4594629145684,269454.1,667790.78,20,12,82.797
NS66NE_2059,1,7_4,4.98609484493,-9999.0,-9999.0,-9999.0,82.8079986572,875.529188632871,277.128423207065,269579.5,667796.53,172,88,82.808
NS66NE_2064,1,7_4,2.28559553358,-9999.0,-9999.0,-9999.0,82.6321105957,25.8898237515602,24.1855901634295,269565.89,667782.52,8,6,82.632
NS66NE_2075,1,7_4,5.45397880272,-9999.0,-9999.0,-9999.0,82.0149993896,177.762446635844,70.7992561744744,269523.99,667778.54,44,24,82.015
NS66NE_2080,1,7_4,5.15575026411,-9999.0,-9999.0,-9999.0,83.1259994507,383.72598518504,104.130386858838,269417.81,667779.75,64,34,83.126
NS66NE_2081,1,7_4,3.43846885237,-9999.0,-9999.0,-9999.0,82.3914031982,51.2857800000402,29.4814117555632,269450.79,667768.5,12,8,82.391
NS66NE_2099,1,7_4,3.14342232545,-9999.0,-9999.0,-9999.0,81.5893325806,53.9455462440763,38.5375439382662,269444.12,667752.56,16,10,81.589
NS66NE_2113,1,7_4,2.71644815525,-9999.0,-9999.0,-9999.0,82.5215682983,81.9428452723603,37.5636541140419,269459.14,667741.05,20,12,82.522
NS66NE_2116,1,7_4,2.9129839377,-9999.0,-9999.0,-9999.0,81.6129989624,45.599621253629,27.0762639987034,269421.26,667737.86,12,8,81.613
NS66NE_2125,1,7_4,4.19218984624,-9999.0,-9999.0,-9999.0,82.4120025635,120.209951252101,54.6309483968518,269453.13,667734.67,32,18,82.412
NS66NE_2150,1,7_4,2.53883858268,-9999.0,-9999.0,-9999.0,76.8639984131,149.300465249938,52.5429529373173,269990.76,667686.09,28,16,76.864
NS66NE_2153,1,7_4,3.25566423636,-9999.0,-9999.0,-9999.0,75.6634979248,177.015743667094,75.2802922059119,269971.51,667675.83,56,30,75.663
NS66NE_2157,1,7_4,3.44814488659,-9999.0,-9999.0,-9999.0,77.2519989014,76.1478295142284,34.9148303670196,269977.8,667656.81,12,8,77.252
NS66NE_2159,1,7_4,5.61860214437,-9999.0,-9999.0,-9999.0,77.5739974976,376.194622637998,95.3000753449021,269996.22,667647.38,28,16,77.574
NS66NE_1002,1,7_5,4.76634605377,-9999.0,-9999.0,-9999.0,84.2409973145,131.219250171393,45.9512280739422,269834.44,668207.55,12,8,84.241
NS66NE_1008,1,7_5,4.93418365244,-9999.0,-9999.0,-9999.0,84.5390014648,100.441739941676,40.0882597375836,269862.44,668205.86,12,8,84.539
NS66NE_1013,1,7_5,3.86944085119,-9999.0,-9999.0,-9999.0,84.513999939,132.320469572899,47.1318699204092,269877.55,668201.85,12,8,84.514
NS66NE_1017,1,7_5,2.57657872518,-9999.0,-9999.0,-9999.0,84.7249984741,38.6626199957268,25.0274085728124,269817.97,668198.06,12,8,84.725
NS66NE_1021,1,7_5,5.78120260568,-9999.0,-9999.0,-9999.0,85.3759994507,152.57088344106,53.6695997777714,269649.98,668200.73,28,16,85.376
NS66NE_1025,1,7_5,7.08790220631,-9999.0,-9999.0,-9999.0,84.9570007324,215.614667627572,64.3958931869141,269905.12,668198.46,12,8,84.957
NS66NE_1027,1,7_5,4.51106080086,-9999.0,-9999.0,-9999.0,83.7040023804,42.1333013739717,28.4558235686591,269587.88,668194.39,12,8,83.704
NS66NE_1028,1,7_5,3.00153814388,-9999.0,-9999.0,-9999.0,86.1050033569,40.2084637466413,25.8089606722169,269928.67,668195.47,12,8,86.105
NS66NE_1037,1,7_5,3.12982041632,-9999.0,-9999.0,-9999.0,85.7910003662,103.916947567968,41.2622853639872,269785.1,668194.05,20,12,85.791
NS66NE_1045,1,7_5,6.79922937284,-9999.0,-9999.0,-9999.0,86.1890029907,242.968717617133,76.9423745285308,269944.11,668193.63,36,20,86.189
NS66NE_1051,1,7_5,2.45389161951,-9999.0,-9999.0,-9999.0,87.8379974365,44.1769462471148,31.1033595259163,269992.04,668186.92,20,12,87.838
NS66NE_1052,1,7_5,7.43283444315,-9999.0,-9999.0,-9999.0,87.0680007935,210.866513170947,63.8379820573492,269976.0,668188.48,12,8,87.068
NS66NE_1084,1,7_5,3.29502557672,-9999.0,-9999.0,-9999.0,87.7679977417,46.6679324965431,27.3293294034034,269717.14,668166.6,12,8,87.768
NS66NE_1085,1,7_5,6.9406895392,-9999.0,-9999.0,-9999.0,86.5019989014,165.102121674927,54.0657024615991,269905.39,668168.55,12,8,86.502
NS66NE_1086,1,7_5,6.61650662681,-9999.0,-9999.0,-9999.0,85.875,171.142841031276,54.5964924145192,269874.48,668170.43,12,8,85.875
NS66NE_1096,1,7_5,6.05827494454,-9999.0,-9999.0,-9999.0,81.6039962769,248.27007431501,70.8645496044485,269503.47,668166.54,28,16,81.604
NS66NE_1098,1,7_5,6.85891947132,-9999.0,-9999.0,-9999.0,88.1520004272,165.968494329741,54.3019249032431,269939.65,668162.04,12,8,88.152
NS66NE_1102,1,7_5,6.09459912131,-9999.0,-9999.0,-9999.0,85.9260025024,73.1367964149113,34.2181337697572,269619.17,668159.44,12,8,85.926
NS66NE_1103,1,7_5,5.05481551481,-9999.0,-9999.0,-9999.0,85.7379989624,785.492792242097,169.65216078416,269817.14,668172.89,52,28,85.738
NS66NE_1108,1,7_5,7.10356755371,-9999.0,-9999.0,-9999.0,89.077003479,162.112782461799,53.6168788399619,269972.1,668157.52,12,8,89.077
NS66NE_1112,1,7_5,3.10954644428,-9999.0,-9999.0,-9999.0,85.7409973145,31.6736850029613,23.8343573080269,269611.35,668151.64,12,8,85.741
NS66NE_1114,1,7_5,6.60289758046,-9999.0,-9999.0,-9999.0,83.0289993286,220.194209514361,64.3194707775356,269526.37,668156.21,20,12,83.029
NS66NE_1115,1,7_5,6.03189162062,-9999.0,-9999.0,-9999.0,88.0019989014,164.214743523648,56.035093714412,269712.36,668154.25,20,12,88.002
NS66NE_1120,1,7_5,6.09417119302,-9999.0,-9999.0,-9999.0,87.7089996338,95.1722057958219,41.8311760561368,269685.52,668153.31,20,12,87.709
NS66NE_1121,1,7_5,3.63927422572,-9999.0,-9999.0,-9999.0,86.7529983521,337.021656148303,103.987734065302,269784.11,668160.65,60,32,86.753
NS66NE_1122,1,7_5,6.34729800936,-9999.0,-9999.0,-9999.0,83.9130020142,473.207708736424,132.060092642404,269581.36,668154.37,52,28,83.913
NS66NE_1131,1,7_5,6.03813742041,-9999.0,-9999.0,-9999.0,87.1500015259,94.5421796350122,41.763880941151,269648.22,668147.66,20,12,87.15
NS66NE_1132,1,7_5,6.75777241767,-9999.0,-9999.0,-9999.0,87.1940002441,196.526732685642,59.5122845439293,269667.06,668148.56,12,8,87.194
NS66NE_1137,1,7_5,6.72257580689,-9999.0,-9999.0,-9999.0,81.0960006714,214.465032318969,65.2542292575075,269474.05,668150.07,20,12,81.096
NS66NE_1165,1,7_5,2.01550557063,-9999.0,-9999.0,-9999.0,89.0717468262,24.3081900024275,22.6628404320803,269889.76,668126.36,8,6,89.072
NS66NE_1175,1,7_5,5.88195463755,-9999.0,-9999.0,-9999.0,88.0270004272,165.52495453533,54.412714908098,269685.22,668128.75,20,12,88.027
NS66NE_1178,1,7_5,5.8748034674,-9999.0,-9999.0,-9999.0,87.9329986572,133.457069506657,47.5637556408592,269655.25,668126.28,20,12,87.933
NS66NE_1188,1,7_5,6.05152907526,-9999.0,-9999.0,-9999.0,88.2779998779,236.745834536407,73.1896603973708,269723.57,668129.45,20,12,88.278
NS66NE_1190,1,7_5,5.44612781696,-9999.0,-9999.0,-9999.0,87.93800354,325.799924517584,81.6202316264808,269782.02,668127.51,52,28,87.938
NS66NE_1199,1,7_5,6.08603101642,-9999.0,-9999.0,-9999.0,81.5999984741,247.884582781548,72.1105166375826,269456.16,668125.69,36,20,81.6
NS66NE_1217,1,7_5,5.89921539224,-9999.0,-9999.0,-9999.0,86.0550003052,398.579983882057,115.246339202475,269625.68,668129.16,52,28,86.055
NS66NE_297,1,7_5,6.13485427613,-9999.0,-9999.0,-9999.0,90.7149963379,96.2662892385833,39.2669275756201,269945.25,668747.44,12,8,90.715
NS66NE_298,1,7_5,5.5909433305,-9999.0,-9999.0,-9999.0,90.5569992065,214.36377400909,90.0869649045149,269973.61,668749.42,48,26,90.557
NS66NE_306,1,7_5,3.37600086817,-9999.0,-9999.0,-9999.0,85.1930007935,48.0708786513914,28.5931676327837,269850.04,668740.29,12,8,85.193
NS66NE_307,1,7_5,3.49385902484,-9999.0,-9999.0,-9999.0,89.3769989014,181.918801616093,61.065568717996,269880.07,668740.24,28,16,89.377
NS66NE_311,1,7_5,3.48143345997,-9999.0,-9999.0,-9999.0,83.1620025635,124.811733163103,47.4299437189238,269532.79,668732.53,12,8,83.162
NS66NE_313,1,7_5,3.52352859174,-9999.0,-9999.0,-9999.0,82.7990036011,168.657596256271,55.8926012998785,269501.17,668728.87,24,14,82.799
NS66NE_314,1,7_5,2.42201055908,-9999.0,-9999.0,-9999.0,87.0989990234,31.8946124947377,23.9577141660308,269897.19,668727.37,12,8,87.099
NS66NE_319,1,7_5,5.6131763384,-9999.0,-9999.0,-9999.0,89.2239990234,131.610567097217,48.4964148931243,269975.89,668721.1,28,16,89.224
NS66NE_323,1,7_5,4.04922562788,-9999.0,-9999.0,-9999.0,84.9410018921,155.646691660063,52.0012953071083,269879.91,668715.39,28,16,84.941
NS66NE_325,1,7_5,5.61188797584,-9999.0,-9999.0,-9999.0,89.4000015259,213.071781427902,62.3612976354061,269939.22,668714.12,28,16,89.4
NS66NE_326,1,7_5,3.55424417001,-9999.0,-9999.0,-9999.0,89.1070022583,173.488283349846,69.508123678851,269920.14,668716.76,36,20,89.107
NS66NE_327,1,7_5,5.16328796811,-9999.0,-9999.0,-9999.0,88.7300033569,97.9538662490325,52.1193501138972,269958.82,668712.97,28,16,88.73
NS66NE_329,1,7_5,5.86126612537,-9999.0,-9999.0,-9999.0,88.2429962158,136.167177422685,49.3022318008809,269970.58,668706.05,20,12,88.243
NS66NE_333,1,7_5,2.4264693124,-9999.0,-9999.0,-9999.0,85.6439971924,54.1470637441191,29.6021105514392,269910.48,668699.29,12,8,85.644
NS66NE_336,1,7_5,4.82509188193,-9999.0,-9999.0,-9999.0,83.9130020142,179.874620509839,55.9220565723997,269891.07,668697.09,20,12,83.913
NS66NE_338,1,7_5,3.47242471182,-9999.0,-9999.0,-9999.0,83.5970001221,321.295182556503,83.339389293198,269529.15,668698.13,28,16,83.597
NS66NE_345,1,7_5,4.40256414649,-9999.0,-9999.0,-9999.0,86.1289978027,295.717544790777,95.7369572011754,269957.95,668684.16,60,32,86.129
NS66NE_346,1,7_5,2.87712385995,-9999.0,-9999.0,-9999.0,85.8239974976,35.2824224991515,24.4914882816536,269977.44,668675.7,12,8,85.824
NS66NE_347,1,7_5,2.77069539968,-9999.0,-9999.0,-9999.0,83.783996582,136.542687610457,64.3886691087153,269926.73,668678.2,52,28,83.784
NS66NE_351,1,7_5,2.38676961263,-9999.0,-9999.0,-9999.0,84.3109970093,56.0172750021641,33.4263802502231,269954.88,668664.56,24,14,84.311
NS66NE_352,1,7_5,2.41385064302,-9999.0,-9999.0,-9999.0,83.9440002441,27.4972612499875,21.7069592553,269962.57,668663.55,12,8,83.944
NS66NE_356,1,7_5,4.57577418939,-9999.0,-9999.0,-9999.0,82.702003479,429.581818741445,89.779340169385,269908.47,668670.9,40,22,82.702
NS66NE_357,1,7_5,2.33550381868,-9999.0,-9999.0,-9999.0,84.3460006714,30.231641246719,23.1541437860641,269977.44,668661.56,12,8,84.346
NS66NE_361,1,7_5,3.93887444672,-9999.0,-9999.0,-9999.0,82.8720016479,227.516416414533,64.0086442961672,269933.42,668660.06,20,12,82.872
NS66NE_364,1,7_5,3.697177793,-9999.0,-9999.0,-9999.0,83.53099823,155.122290357403,54.6741355178716,269983.62,668653.1,36,20,83.531
NS66NE_367,1,7_5,4.22520332668,-9999.0,-9999.0,-9999.0,83.0660018921,145.855628032875,50.6454865911256,269951.04,668651.55,20,12,83.066
NS66NE_368,1,7_5,4.11195102237,-9999.0,-9999.0,-9999.0,83.1309967041,143.826770499809,50.5383017533386,269968.94,668652.49,20,12,83.131
NS66NE_380,1,7_5,2.54694615732,-9999.0,-9999.0,-9999.0,82.06300354,55.3713398919034,30.1416240033185,269934.4,668633.1,12,8,82.063
NS66NE_424,1,7_5,5.80737538754,-9999.0,-9999.0,-9999.0,81.4130020142,393.146245254363,114.943604121217,269944.61,668601.48,44,24,81.413
NS66NE_466,1,7_5,3.23402762784,-9999.0,-9999.0,-9999.0,81.3280029297,348.312424702926,92.7337317591084,269965.65,668569.23,44,24,81.328
NS66NE_471,1,7_5,3.36288982155,-9999.0,-9999.0,-9999.0,81.3219985962,461.651346695629,122.159749496706,269929.89,668572.48,28,16,81.322
NS66NE_503,1,7_5,3.38998997316,-9999.0,-9999.0,-9999.0,81.3539962769,694.921310162532,192.092169289115,269967.78,668549.32,76,40,81.354
NS66NE_615,1,7_5,2.37118965431,-9999.0,-9999.0,-9999.0,83.8776550293,36.1168125020213,25.0148366758112,269868.15,668453.29,12,8,83.878
NS66NE_619,1,7_5,7.74492522346,-9999.0,-9999.0,-9999.0,82.3170013428,835.28268413261,164.755978288979,269810.17,668454.82,68,36,82.317
NS66NE_621,1,7_5,5.33430180909,-9999.0,-9999.0,-9999.0,83.65599823,283.449267990676,102.712005619424,269893.01,668454.13,52,28,83.656
NS66NE_622,1,7_5,2.79718939658,-9999.0,-9999.0,-9999.0,85.5879974365,44.7682162463422,27.7913988122725,269882.12,668440.42,12,8,85.588
NS66NE_625,1,7_5,4.28958285631,-9999.0,-9999.0,-9999.0,85.6959991455,86.4816435529154,37.2016703572317,269924.66,668435.62,12,8,85.696
NS66NE_627,1,7_5,6.04870323965,-9999.0,-9999.0,-9999.0,81.3830032349,126.610675047853,46.0230242683474,269759.9,668437.06,20,12,81.383
NS66NE_634,1,7_5,4.50904873809,-9999.0,-9999.0,-9999.0,84.3600006104,753.13422969013,196.296634871283,269983.82,668433.64,84,44,84.36
NS66NE_638,1,7_5,5.94796820081,-9999.0,-9999.0,-9999.0,85.81300354,249.556809378979,80.6622741236826,269884.34,668429.06,52,28,85.813
NS66NE_642,1,7_5,2.83667961214,-9999.0,-9999.0,-9999.0,82.0329971313,196.484074060143,72.0377590666932,269779.9,668422.44,36,20,82.033
NS66NE_647,1,7_5,2.20835782275,-9999.0,-9999.0,-9999.0,86.3369979858,44.1155871405769,28.3527289359798,269904.58,668413.74,12,8,86.337
NS66NE_653,1,7_5,4.30724667134,-9999.0,-9999.0,-9999.0,86.5070037842,207.981365835142,67.6774688923317,269925.96,668413.26,28,16,86.507
NS66NE_658,1,7_5,5.82345172385,-9999.0,-9999.0,-9999.0,82.5380020142,149.512013176557,52.8421566495813,269743.95,668403.78,28,16,82.538
NS66NE_666,1,7_5,2.20128521775,-9999.0,-9999.0,-9999.0,85.4260025024,68.7549337482516,43.2165878160424,269897.62,668397.56,28,16,85.426
NS66NE_668,1,7_5,4.38573015041,-9999.0,-9999.0,-9999.0,86.4800033569,443.308848844557,111.022366370008,269977.04,668403.0,20,12,86.48
NS66NE_673,1,7_5,5.96246072451,-9999.0,-9999.0,-9999.0,82.7249984741,245.523236970331,91.6465342271767,269764.14,668397.22,44,24,82.725
NS66NE_676,1,7_5,5.982533963,-9999.0,-9999.0,-9999.0,83.608001709,253.157688171203,65.3812878461111,269855.29,668393.45,32,18,83.608
NS66NE_681,1,7_5,2.23621881925,-9999.0,-9999.0,-9999.0,84.4000015259,27.8935087516735,21.3858734193579,269881.73,668382.9,12,8,84.4
NS66NE_682,1,7_5,3.06145014818,-9999.0,-9999.0,-9999.0,85.5559997559,74.0867279100659,52.600502908317,269909.81,668388.75,44,24,85.556
NS66NE_685,1,7_5,6.46207556824,-9999.0,-9999.0,-9999.0,83.0120010376,133.521792597475,46.4233702887497,269783.28,668385.07,12,8,83.012
NS66NE_687,1,7_5,6.36657025264,-9999.0,-9999.0,-9999.0,82.1029968262,109.992096694956,43.1066115320761,269692.46,668381.51,12,8,82.103
NS66NE_688,1,7_5,6.13678919474,-9999.0,-9999.0,-9999.0,82.2730026245,239.390597346256,93.1124251881075,269710.66,668380.91,44,24,82.273
NS66NE_690,1,7_5,6.37323128574,-9999.0,-9999.0,-9999.0,82.03099823,108.21359225234,42.6594691666063,269679.23,668379.9,12,8,82.031
NS66NE_692,1,7_5,5.88802206105,-9999.0,-9999.0,-9999.0,82.0439987183,126.791730096924,47.134642887194,269667.18,668378.16,20,12,82.044
NS66NE_693,1,7_5,6.15405797323,-9999.0,-9999.0,-9999.0,82.5110015869,114.977155962529,44.5470158669594,269728.22,668376.75,20,12,82.511
NS66NE_694,1,7_5,4.47713575254,-9999.0,-9999.0,-9999.0,85.6510009766,248.969543428168,68.8851467314129,269922.1,668380.37,24,14,85.651
NS66NE_695,1,7_5,6.02808042762,-9999.0,-9999.0,-9999.0,81.6640014648,125.927948430278,46.9462268795922,269654.0,668376.59,20,12,81.664
NS66NE_696,1,7_5,5.9646675091,-9999.0,-9999.0,-9999.0,83.0130004883,221.047685151884,61.0390785152814,269802.36,668378.44,12,8,83.013
NS66NE_699,1,7_5,6.36646517459,-9999.0,-9999.0,-9999.0,82.71900177,137.082158949462,46.9718701408571,269745.28,668373.22,12,8,82.719
NS66NE_702,1,7_5,2.91841022871,-9999.0,-9999.0,-9999.0,85.5920028687,44.1475199959325,26.6001362368198,269928.9,668365.39,12,8,85.592
NS66NE_703,1,7_5,4.42954697684,-9999.0,-9999.0,-9999.0,86.1090011597,377.719787780328,100.737904757318,269972.49,668369.36,44,24,86.109
NS66NE_705,1,7_5,5.13095470553,-9999.0,-9999.0,-9999.0,83.6679992676,309.474227196967,128.167688947399,269861.77,668370.83,96,50,83.668
NS66NE_707,1,7_5,6.13721852666,-9999.0,-9999.0,-9999.0,83.1979980469,114.757384525963,44.6985443238365,269760.46,668364.02,20,12,83.198
NS66NE_708,1,7_5,2.59016115238,-9999.0,-9999.0,-9999.0,84.0039978027,23.6426287505114,21.0689560013298,269871.4,668358.71,12,8,84.004
NS66NE_713,1,7_5,5.95923198086,-9999.0,-9999.0,-9999.0,82.0,272.989596466971,84.0466852051495,269632.14,668365.13,52,28,82.0
NS66NE_714,1,7_5,6.24504145095,-9999.0,-9999.0,-9999.0,83.2369995117,113.925244923116,44.4242201544773,269787.13,668356.93,20,12,83.237
NS66NE_717,1,7_5,2.72343305049,-9999.0,-9999.0,-9999.0,84.908996582,36.259492500463,26.249141827682,269896.41,668351.47,12,8,84.909
NS66NE_723,1,7_5,2.80675517895,-9999.0,-9999.0,-9999.0,85.3300018311,35.2686150016494,24.6697482549887,269936.74,668347.72,12,8,85.33
NS66NE_726,1,7_5,6.31755772679,-9999.0,-9999.0,-9999.0,82.5650024414,113.897623578013,43.4929100584566,269696.69,668348.46,12,8,82.565
NS66NE_727,1,7_5,6.16326897313,-9999.0,-9999.0,-9999.0,82.9122467041,113.501707351775,44.5752788337136,269709.73,668347.47,20,12,82.912
NS66NE_729,1,7_5,5.58399980762,-9999.0,-9999.0,-9999.0,81.8740005493,102.441803414715,41.3000319860015,269635.04,668345.96,12,8,81.874
NS66NE_730,1,7_5,5.96601222589,-9999.0,-9999.0,-9999.0,82.3970031738,126.141244770482,47.2278922478623,269684.03,668347.05,20,12,82.397
NS66NE_732,1,7_5,3.97568418257,-9999.0,-9999.0,-9999.0,84.7890014648,303.59029269532,85.5495303954337,269917.72,668347.42,44,24,84.789
NS66NE_733,1,7_5,6.19710673605,-9999.0,-9999.0,-9999.0,83.1689987183,117.643718457236,44.9959081601655,269724.47,668345.08,20,12,83.169
NS66NE_734,1,7_5,6.47328252295,-9999.0,-9999.0,-9999.0,83.4169998169,103.631839822464,41.8005791965628,269783.45,668344.42,12,8,83.417
NS66NE_737,1,7_5,5.97469212335,-9999.0,-9999.0,-9999.0,81.216003418,246.837744976079,81.4406747520338,269665.36,668344.45,44,24,81.216
NS66NE_739,1,7_5,6.37470571006,-9999.0,-9999.0,-9999.0,83.3830032349,106.711905506853,42.4158871430027,269737.87,668342.04,12,8,83.383
NS66NE_742,1,7_5,5.51714311862,-9999.0,-9999.0,-9999.0,81.8669967651,104.70930638628,41.9695472459084,269636.26,668336.38,12,8,81.867
NS66NE_744,1,7_5,4.40008439025,-9999.0,-9999.0,-9999.0,83.7139968872,334.111907063818,80.6041008565358,269859.13,668344.75,44,24,83.714
NS66NE_747,1,7_5,5.57293624316,-9999.0,-9999.0,-9999.0,83.5380020142,105.49426332669,42.0138558737884,269779.19,668333.89,12,8,83.538
NS66NE_749,1,7_5,4.00197874882,-9999.0,-9999.0,-9999.0,85.4889984131,473.290119291377,120.976730800544,269977.6,668339.97,44,24,85.489
NS66NE_753,1,7_5,6.4952679734,-9999.0,-9999.0,-9999.0,83.5419998169,133.282846512995,46.4144825980748,269748.92,668333.36,12,8,83.542
NS66NE_764,1,7_5,5.54501953125,-9999.0,-9999.0,-9999.0,83.6959991455,103.839234729849,41.6616652833105,269775.79,668324.77,12,8,83.696
NS66NE_778,1,7_5,6.38039465347,-9999.0,-9999.0,-9999.0,82.8870010376,106.059345430853,42.2974612251686,269698.19,668315.55,12,8,82.887
NS66NE_779,1,7_5,5.36795752776,-9999.0,-9999.0,-9999.0,83.0879974365,110.444944885601,42.8253925291462,269709.86,668315.59,12,8,83.088
NS66NE_781,1,7_5,6.27126551334,-9999.0,-9999.0,-9999.0,83.486000061,112.207458722047,44.0118829879215,269722.57,668313.74,20,12,83.486
NS66NE_783,1,7_5,6.50183284644,-9999.0,-9999.0,-9999.0,83.8059997559,134.320565587745,46.5533992234279,269767.28,668313.56,12,8,83.806
NS66NE_784,1,7_5,4.47428055337,-9999.0,-9999.0,-9999.0,84.0729980469,412.356189052495,101.307480451604,269917.92,668314.26,40,22,84.073
NS66NE_787,1,7_5,5.71258994557,-9999.0,-9999.0,-9999.0,82.4049987793,239.75698942392,71.4348161755846,269681.2,668313.19,28,16,82.405
NS66NE_791,1,7_5,6.48122913665,-9999.0,-9999.0,-9999.0,83.5950012207,134.694113022826,46.6169875379852,269737.43,668311.31,12,8,83.595
NS66NE_795,1,7_5,5.78035940378,-9999.0,-9999.0,-9999.0,81.9729995728,226.230039163778,61.4695693379695,269657.51,668310.56,12,8,81.973
NS66NE_798,1,7_5,3.96973821754,-9999.0,-9999.0,-9999.0,83.5289993286,109.133235108447,43.6414935435822,269823.55,668308.46,12,8,83.529
NS66NE_799,1,7_5,6.42327606461,-9999.0,-9999.0,-9999.0,83.6719970703,217.133918620321,63.4562599141379,269857.09,668312.06,12,8,83.672
NS66NE_803,1,7_5,5.90755577807,-9999.0,-9999.0,-9999.0,81.736000061,285.030549293593,87.0222791854844,269633.7,668307.26,44,24,81.736
NS66NE_806,1,7_5,4.65372174967,-9999.0,-9999.0,-9999.0,84.3310012817,405.562427278487,91.223585714467,269968.63,668305.9,28,16,84.331
NS66NE_812,1,7_5,5.56382420922,-9999.0,-9999.0,-9999.0,83.9879989624,102.594963726563,41.4462839580497,269766.05,668299.46,12,8,83.988
NS66NE_837,1,7_5,3.9867105081,-9999.0,-9999.0,-9999.0,83.31300354,179.032786528352,54.5886346646631,269819.7,668287.8,12,8,83.313
NS66NE_844,1,7_5,6.53632077828,-9999.0,-9999.0,-9999.0,83.2340011597,134.541876102552,46.6194030010255,269725.69,668284.27,12,8,83.234
NS66NE_847,1,7_5,6.30711574383,-9999.0,-9999.0,-9999.0,82.9919967651,114.350225203409,44.6862628124034,269704.8,668281.79,20,12,82.992
NS66NE_850,1,7_5,6.46360462602,-9999.0,-9999.0,-9999.0,83.4940032959,211.009915833094,63.1513529934218,269858.18,668286.69,12,8,83.494
NS66NE_852,1,7_5,5.91665707282,-9999.0,-9999.0,-9999.0,82.9219970703,130.411963997584,47.9115795878354,269691.53,668281.56,20,12,82.922
NS66NE_853,1,7_5,2.09318979899,-9999.0,-9999.0,-9999.0,83.7369995117,22.6095112496946,22.0881032515418,269991.0,668277.71,8,6,83.737
NS66NE_857,1,7_5,5.823387041,-9999.0,-9999.0,-9999.0,82.611000061,226.113848060465,88.7439721322662,269673.2,668278.92,52,28,82.611
NS66NE_859,1,7_5,5.85420061594,-9999.0,-9999.0,-9999.0,83.6429977417,149.53423211856,52.7419232501144,269751.46,668278.07,28,16,83.643
NS66NE_860,1,7_5,6.42561895531,-9999.0,-9999.0,-9999.0,82.5350036621,110.198108222088,42.888148199391,269656.21,668276.66,12,8,82.535
NS66NE_869,1,7_5,6.42460299473,-9999.0,-9999.0,-9999.0,84.0279998779,104.364201726776,42.0052672016889,269765.09,668273.62,12,8,84.028
NS66NE_870,1,7_5,6.04714530915,-9999.0,-9999.0,-9999.0,81.9589996338,272.781622203786,83.8233481310832,269636.92,668274.38,44,24,81.959
NS66NE_874,1,7_5,5.70756913277,-9999.0,-9999.0,-9999.0,83.4420013428,289.021916422797,90.3390263138252,269912.37,668274.36,36,20,83.442
NS66NE_877,1,7_5,6.53013946154,-9999.0,-9999.0,-9999.0,83.2630004883,244.790484010057,73.3036573600993,269880.49,668268.45,12,8,83.263
NS66NE_884,1,7_5,3.5870150696,-9999.0,-9999.0,-9999.0,83.0960006714,152.312382184512,50.52843565607,269819.36,668264.12,12,8,83.096
NS66NE_885,1,7_5,6.56218001735,-9999.0,-9999.0,-9999.0,83.5836868286,219.298871979363,69.0241444218583,269964.95,668267.17,12,8,83.584
NS66NE_892,1,7_5,6.40015886604,-9999.0,-9999.0,-9999.0,83.5449981689,134.875789008066,46.6541658600446,269736.45,668255.1,12,8,83.545
NS66NE_894,1,7_5,6.18282757846,-9999.0,-9999.0,-9999.0,83.4270019531,284.409662479115,81.5953604358477,269996.9,668254.1,20,12,83.427
NS66NE_904,1,7_5,5.94874295038,-9999.0,-9999.0,-9999.0,83.4440002441,124.163486645135,46.9722287815935,269721.93,668251.72,20,12,83.444
NS66NE_908,1,7_5,5.52423418045,-9999.0,-9999.0,-9999.0,83.18800354,104.175756971911,41.6829072458462,269698.45,668249.14,12,8,83.188
NS66NE_909,1,7_5,6.29640922995,-9999.0,-9999.0,-9999.0,83.2910003662,112.131050038212,43.8010986351414,269709.87,668250.14,16,10,83.291
NS66NE_911,1,7_5,5.4891072729,-9999.0,-9999.0,-9999.0,84.0439987183,106.832178873996,42.223500972527,269750.65,668248.84,12,8,84.044
NS66NE_930,1,7_5,4.03311910837,-9999.0,-9999.0,-9999.0,83.388999939,190.692728774463,58.0441650659319,269816.93,668242.48,28,16,83.389
NS66NE_935,1,7_5,6.03092210412,-9999.0,-9999.0,-9999.0,82.6429977417,220.144409649411,61.4559140949813,269644.62,668243.15,20,12,82.643
NS66NE_938,1,7_5,2.15073897487,-9999.0,-9999.0,-9999.0,83.4869537354,34.95693000157,24.7405415632849,269801.88,668235.45,12,8,83.487
NS66NE_946,1,7_5,4.40790348559,-9999.0,-9999.0,-9999.0,83.1240005493,464.003304545253,121.1318121894,269870.95,668235.44,52,28,83.124
NS66NE_949,1,7_5,4.5762770604,-9999.0,-9999.0,-9999.0,83.2610015869,351.296883893569,89.2450672930642,269912.12,668233.76,28,16,83.261
NS66NE_955,1,7_5,6.66595226451,-9999.0,-9999.0,-9999.0,83.5690002441,102.536483909752,41.390119461182,269646.35,668227.22,12,8,83.569
NS66NE_957,1,7_5,5.8554245561,-9999.0,-9999.0,-9999.0,83.0,388.631074638423,100.850481611084,269678.23,668238.23,36,20,83.0
NS66NE_960,1,7_5,4.73575405763,-9999.0,-9999.0,-9999.0,83.3180007935,319.866735153991,82.6622172754225,269956.42,668228.62,12,8,83.318
NS66NE_964,1,7_5,2.96932957825,-9999.0,-9999.0,-9999.0,83.4820022583,45.5640487510158,27.0455641849945,269885.36,668224.27,12,8,83.482
NS66NE_973,1,7_5,5.21170877882,-9999.0,-9999.0,-9999.0,83.8880004883,177.597088047598,54.5583522414223,269985.63,668222.59,12,8,83.888
NS66NE_975,1,7_5,3.96269826185,-9999.0,-9999.0,-9999.0,83.6330032349,191.86785366628,55.3769852604083,269831.62,668223.39,20,12,83.633
NS66NE_978,1,7_5,6.05395279694,-9999.0,-9999.0,-9999.0,85.6549987793,268.218671239037,81.1571111209498,269732.08,668220.78,44,24,85.655
NS66NE_983,1,7_5,5.88077083169,-9999.0,-9999.0,-9999.0,85.4300003052,225.335869518307,61.698265191559,269709.33,668217.02,20,12,85.43
NS66NE_985,1,7_5,2.72604808402,-9999.0,-9999.0,-9999.0,83.7740020752,40.192327503858,25.9425518670161,269887.29,668213.51,12,8,83.774
NS66NE_990,1,7_5,6.08290317623,-9999.0,-9999.0,-9999.0,84.6370010376,121.176389857587,46.4680105244478,269648.16,668215.04,24,14,84.637
NS66NE_995,1,7_5,5.88960824812,-9999.0,-9999.0,-9999.0,84.9469985962,150.460569068177,52.8264149119159,269681.5,668212.99,28,16,84.947
NS66NE_14,1,7_6,6.38932767926,-9999.0,-9999.0,-9999.0,95.2590026855,95.0565135319019,39.0400584827775,269598.83,668996.36,12,8,95.259
NS66NE_143,1,7_6,5.78613551606,-9999.0,-9999.0,-9999.0,93.5699996948,331.680621956491,95.431635611347,269577.62,668898.83,52,28,93.57
NS66NE_15,1,7_6,2.25342156107,-9999.0,-9999.0,-9999.0,93.9120025635,58.3719824983115,31.8815747248743,269666.5,668993.77,20,12,93.912
NS66NE_16,1,7_6,6.21652131357,-9999.0,-9999.0,-9999.0,95.1819992065,100.837685632784,40.2313907442494,269569.32,668994.17,12,8,95.182
NS66NE_17,1,7_6,6.19363553728,-9999.0,-9999.0,-9999.0,94.8430023193,89.9705378046225,39.7333165563819,269537.01,668991.49,20,12,94.843
NS66NE_20,1,7_6,3.71411629989,-9999.0,-9999.0,-9999.0,94.0220031738,251.168130251135,80.7476795746252,269685.97,668994.3,44,24,94.022
NS66NE_208,1,7_6,4.94202714011,-9999.0,-9999.0,-9999.0,96.46900177,141.887062010796,56.0088658893609,269997.66,668832.94,40,22,96.469
NS66NE_230,1,7_6,5.86178545271,-9999.0,-9999.0,-9999.0,95.0899963379,110.811709844574,46.7662761010383,269971.7,668817.36,28,16,95.09
NS66NE_237,1,7_6,6.03331381715,-9999.0,-9999.0,-9999.0,94.7799987793,104.921125850116,42.9067116560006,269977.12,668808.14,20,12,94.78
NS66NE_24,1,7_6,6.2555053914,-9999.0,-9999.0,-9999.0,94.4189987183,133.279432368948,46.3164089444359,269655.24,668989.99,12,8,94.419
NS66NE_245,1,7_6,2.61708943984,-9999.0,-9999.0,-9999.0,80.4629974365,31.0631999972756,28.0579248291205,269666.54,668796.64,16,10,80.463
NS66NE_248,1,7_6,5.49301401774,-9999.0,-9999.0,-9999.0,94.5469970703,83.5506862551004,46.9410904917646,269983.51,668798.29,28,16,94.547
NS66NE_250,1,7_6,6.35695918973,-9999.0,-9999.0,-9999.0,94.8246917725,110.272616391126,43.9733253046689,269943.11,668797.54,20,12,94.825
NS66NE_264,1,7_6,5.11617323281,-9999.0,-9999.0,-9999.0,92.9873352051,167.772128883913,58.901520303473,269946.21,668785.25,28,16,92.987
NS66NE_266,1,7_6,2.99905654907,-9999.0,-9999.0,-9999.0,91.9759979248,29.3842537561608,25.6727392504851,269932.61,668778.0,8,6,91.976
NS66NE_268,1,7_6,6.39102200778,-9999.0,-9999.0,-9999.0,83.9099960327,174.194946503932,53.2382256103024,269576.41,668784.03,12,8,83.91
NS66NE_275,1,7_6,6.11129103541,-9999.0,-9999.0,-9999.0,92.5360031128,120.584668378047,44.0128715465175,269942.35,668772.15,12,8,92.536
NS66NE_279,1,7_6,6.12346953266,-9999.0,-9999.0,-9999.0,91.4270019531,109.745069446307,41.9246197647658,269922.97,668767.87,12,8,91.427
NS66NE_280,1,7_6,5.59586073088,-9999.0,-9999.0,-9999.0,90.8310012817,119.123966217947,46.795429034108,269910.65,668768.01,20,12,90.831
NS66NE_282,1,7_6,5.2666452918,-9999.0,-9999.0,-9999.0,92.90599823,304.28545456004,91.4035980312428,269980.41,668777.42,52,28,92.906
NS66NE_284,1,7_6,3.51572630741,-9999.0,-9999.0,-9999.0,83.9150009155,273.885504963226,86.148507760144,269558.07,668766.6,52,28,83.915
NS66NE_288,1,7_6,5.63606988355,-9999.0,-9999.0,-9999.0,90.4309997559,104.162506642384,40.8250556416182,269899.07,668760.52,12,8,90.431
NS66NE_29,1,7_6,5.79104563978,-9999.0,-9999.0,-9999.0,96.0899963379,89.4201837035592,39.0547706041648,269574.35,668983.49,20,12,96.09
NS66NE_290,1,7_6,2.68303346098,-9999.0,-9999.0,-9999.0,88.4863357544,25.0583287498418,23.5026993137592,269865.79,668755.72,8,6,88.486
NS66NE_292,1,7_6,6.29662650848,-9999.0,-9999.0,-9999.0,90.9929962158,64.6782355921662,32.929354416491,269989.71,668754.92,12,8,90.993
NS66NE_294,1,7_6,5.40436106794,-9999.0,-9999.0,-9999.0,90.638999939,86.9226051924555,39.5331165700343,269935.82,668752.48,12,8,90.639
NS66NE_295,1,7_6,5.925829718,-9999.0,-9999.0,-9999.0,90.361000061,108.501173788527,41.8940248078105,269890.48,668750.85,12,8,90.361
NS66NE_32,1,7_6,2.48525697535,-9999.0,-9999.0,-9999.0,94.375,25.8249262496845,24.1376580935322,269680.12,668978.77,8,6,94.375
NS66NE_33,1,7_6,6.16842076521,-9999.0,-9999.0,-9999.0,95.0490036011,92.8413313739888,40.1148464916976,269643.01,668982.15,20,12,95.049
NS66NE_36,1,7_6,6.12602941106,-9999.0,-9999.0,-9999.0,95.1500015259,94.0087024584239,40.3135428745818,269541.45,668980.97,20,12,95.15
NS66NE_39,1,7_6,6.22609429713,-9999.0,-9999.0,-9999.0,95.4899978638,100.750769424218,40.2149146041947,269630.72,668977.78,12,8,95.49
NS66NE_43,1,7_6,5.64145266285,-9999.0,-9999.0,-9999.0,95.8259963989,93.3162437002459,39.8162982954375,269620.21,668972.52,20,12,95.826
NS66NE_49,1,7_6,6.38028428917,-9999.0,-9999.0,-9999.0,95.4420013428,131.961698570713,46.0556142789532,269546.24,668967.77,12,8,95.442
NS66NE_67,1,7_6,5.71473549393,-9999.0,-9999.0,-9999.0,96.3909988403,327.631140203841,117.472965773113,269596.03,668962.52,72,38,96.391
NS66NE_71,1,7_6,5.90379133679,-9999.0,-9999.0,-9999.0,95.9160003662,88.8653653615101,37.8252205620998,269573.92,668952.15,12,8,95.916
NS66NE_76,1,7_6,6.08199604034,-9999.0,-9999.0,-9999.0,95.3140029907,104.355791731474,40.8866324598214,269562.42,668948.02,12,8,95.314
NS66NE_8,1,7_6,5.89280787877,-9999.0,-9999.0,-9999.0,95.3899993896,100.346099416529,40.3461222700837,269634.04,669000.38,12,8,95.39
NS66NE_83,1,7_6,5.93161219592,-9999.0,-9999.0,-9999.0,94.56199646,142.189707436488,49.0965530905513,269549.07,668944.26,20,12,94.562
NS66NE_816,1,8_5,4.7834275319,-9999.0,-9999.0,-9999.0,84.2200012207,368.540046049027,93.9312090495896,270001.68,668298.73,36,20,84.22
