uid,lod,cell,height,height_max,height_min,height_pct90,ground_z,footprint_area,footprint_length,centre_e,centre_n,n_triangles,n_vertices,zmin_odn
NS65NE_1468,1,0_5,7.74250072796,-9999.0,-9999.0,-9999.0,94.8330001831,110.599321077308,56.3332375784075,265295.69,658723.06,28,16,94.833
NS65NE_1475,1,0_5,4.22629179113,-9999.0,-9999.0,-9999.0,97.9189987183,91.111139827926,38.2213505044762,265351.1,658569.05,12,8,97.919
NS65NE_1479,1,0_5,3.88895966835,-9999.0,-9999.0,-9999.0,101.708999634,202.317281926045,70.4137609898932,265352.57,658526.84,36,20,101.709
NS65NE_1001,1,0_6,2.55773468018,-9999.0,-9999.0,-9999.0,73.5279998779,21.4537049992032,21.7209556685585,265121.81,659365.09,8,6,73.528
NS65NE_1004,1,0_6,6.15509254242,-9999.0,-9999.0,-9999.0,69.7340011597,83.346311374927,36.5288764169262,265341.31,659366.92,12,8,69.734
NS65NE_1010,1,0_6,2.64839219778,-9999.0,-9999.0,-9999.0,70.5530014038,45.7585312524461,27.8278291806984,265587.67,659363.1,12,8,70.553
NS65NE_1013,1,0_6,5.91657382226,-9999.0,-9999.0,-9999.0,69.8079986572,132.827582796857,46.7357512257126,265299.0,659365.57,12,8,69.808
NS65NE_1020,1,0_6,4.74950819625,-9999.0,-9999.0,-9999.0,73.6399993896,360.926327580734,147.984566282647,265070.06,659368.95,84,44,73.64
NS65NE_1024,1,0_6,10.1652347584,-9999.0,-9999.0,-9999.0,69.8150024414,199.548383135922,61.2778959408022,265254.22,659361.76,28,16,69.815
NS65NE_1029,1,0_6,4.98559941825,-9999.0,-9999.0,-9999.0,72.7740020752,313.177454877158,126.005545071705,265102.31,659361.76,76,40,72.774
NS65NE_1032,1,0_6,6.32337498872,-9999.0,-9999.0,-9999.0,74.2890014648,117.381839744976,43.5964025656281,265126.71,659355.07,12,8,74.289
NS65NE_1038,1,0_6,4.76383592236,-9999.0,-9999.0,-9999.0,73.5090026855,132.030285973171,61.2548734049314,265145.71,659350.54,36,20,73.509
NS65NE_1039,1,0_6,4.60749224234,-9999.0,-9999.0,-9999.0,70.908996582,94.6766106181941,56.5718115767099,265568.95,659347.09,36,20,70.909
NS65NE_1041,1,0_6,6.03466765628,-9999.0,-9999.0,-9999.0,70.7829971313,76.2407248388437,34.9296358804933,265276.4,659346.97,12,8,70.783
NS65NE_1042,1,0_6,6.01303121948,-9999.0,-9999.0,-9999.0,70.4710006714,130.815152532096,46.3179253833712,265297.98,659349.75,12,8,70.471
NS65NE_1043,1,0_6,6.56901233031,-9999.0,-9999.0,-9999.0,70.1029968262,101.912890798984,40.4123508769983,265330.82,659346.92,12,8,70.103
NS65NE_1048,1,0_6,6.10986612173,-9999.0,-9999.0,-9999.0,77.0260009766,81.8746874009115,36.6233979781365,265007.45,659343.26,12,8,77.026
NS65NE_1052,1,0_6,6.09165313346,-9999.0,-9999.0,-9999.0,76.7699966431,82.5366647435053,36.7712456089221,265017.5,659341.69,12,8,76.77
NS65NE_1056,1,0_6,6.20658562684,-9999.0,-9999.0,-9999.0,73.3730010986,94.4822344411159,41.7370944129523,265209.14,659339.18,20,12,73.373
NS65NE_1059,1,0_6,5.46117835684,-9999.0,-9999.0,-9999.0,74.8550033569,99.9105545287002,43.1709804457454,265158.83,659336.71,20,12,74.855
NS65NE_1062,1,0_6,6.10006127513,-9999.0,-9999.0,-9999.0,76.9540023804,85.0758714162241,37.3140223549208,265028.7,659335.93,12,8,76.954
NS65NE_1066,1,0_6,6.59813521672,-9999.0,-9999.0,-9999.0,70.6750030518,105.371552144746,41.0610326869143,265328.21,659335.5,12,8,70.675
NS65NE_1069,1,0_6,2.71690137459,-9999.0,-9999.0,-9999.0,74.2070007324,28.8743362508008,25.4518607398373,265169.75,659330.96,8,6,74.207
NS65NE_1071,1,0_6,6.03237410466,-9999.0,-9999.0,-9999.0,71.0830001831,195.646615682715,65.6839284301339,265413.92,659338.74,36,20,71.083
NS65NE_1081,1,0_6,6.84047685371,-9999.0,-9999.0,-9999.0,72.3529968262,172.1731388966,55.9252401183142,265238.31,659330.89,12,8,72.353
NS65NE_1087,1,0_6,5.96040184348,-9999.0,-9999.0,-9999.0,71.7939987183,159.948965582708,68.6993902296982,265258.61,659327.22,36,20,71.794
NS65NE_1088,1,0_6,5.94823472591,-9999.0,-9999.0,-9999.0,71.0999984741,185.395857455477,61.2167770510297,265295.5,659331.34,28,16,71.1
NS65NE_1089,1,0_6,6.26513996446,-9999.0,-9999.0,-9999.0,71.9110031128,204.088389457568,62.5684168196945,265436.65,659327.91,20,12,71.911
NS65NE_1095,1,0_6,4.39414561007,-9999.0,-9999.0,-9999.0,76.4469985962,243.753760246422,83.4909719850445,265044.66,659329.1,44,24,76.447
NS65NE_1096,1,0_6,6.16124953179,-9999.0,-9999.0,-9999.0,71.6230010986,93.1936026461758,41.3539460805409,265273.85,659323.61,20,12,71.623
NS65NE_1099,1,0_6,5.83489020762,-9999.0,-9999.0,-9999.0,75.5989990234,129.682797721385,48.2904227324398,265090.34,659324.16,20,12,75.599
NS65NE_1102,1,0_6,4.72486051362,-9999.0,-9999.0,-9999.0,75.9199981689,331.807148337081,114.483677996817,265065.97,659327.25,52,28,75.92
NS65NE_1103,1,0_6,5.26830565225,-9999.0,-9999.0,-9999.0,75.5979995728,123.954260317541,44.6491242550706,265106.29,659322.86,12,8,75.598
NS65NE_1104,1,0_6,5.5723469443,-9999.0,-9999.0,-9999.0,75.3399963379,131.894707396085,46.048430132445,265153.22,659322.96,12,8,75.34
NS65NE_1108,1,0_6,5.91258361874,-9999.0,-9999.0,-9999.0,72.8040008545,134.421609459198,51.8471035618995,265462.9,659321.85,20,12,72.804
NS65NE_1114,1,0_6,6.25572165695,-9999.0,-9999.0,-9999.0,73.033996582,65.3362710517884,32.8410478247638,265487.83,659317.89,12,8,73.034
NS65NE_1117,1,0_6,6.84303821217,-9999.0,-9999.0,-9999.0,73.8359985352,169.407463219451,55.5112864239852,265201.23,659321.74,12,8,73.836
NS65NE_1122,1,0_6,4.75689270869,-9999.0,-9999.0,-9999.0,75.8099975586,122.628442111091,52.5098923791363,265116.26,659316.04,28,16,75.81
NS65NE_1128,1,0_6,6.06332456554,-9999.0,-9999.0,-9999.0,71.3592529297,185.737238375788,60.3499571593538,265408.27,659318.22,20,12,71.359
NS65NE_1131,1,0_6,5.7355737482,-9999.0,-9999.0,-9999.0,73.3899993896,88.4547316669633,37.6352153387582,265495.69,659311.37,12,8,73.39
NS65NE_1132,1,0_6,6.16799637733,-9999.0,-9999.0,-9999.0,73.4570007324,90.9579472736772,41.0718428254917,265530.72,659311.78,20,12,73.457
NS65NE_1135,1,0_6,5.99902289805,-9999.0,-9999.0,-9999.0,73.4079971313,78.334476101423,37.4709832259575,265505.0,659308.48,20,12,73.408
NS65NE_1140,1,0_6,5.80648766572,-9999.0,-9999.0,-9999.0,72.1719970703,187.136810666117,58.3408675947282,265290.91,659310.6,20,12,72.172
NS65NE_1141,1,0_6,6.09447662662,-9999.0,-9999.0,-9999.0,71.4169998169,271.87755979038,77.5774311904378,265323.98,659315.21,20,12,71.417
NS65NE_1142,1,0_6,2.70951738812,-9999.0,-9999.0,-9999.0,76.4300003052,46.6998626420546,27.4481039024029,265121.1,659303.66,12,8,76.43
NS65NE_1144,1,0_6,6.14896559195,-9999.0,-9999.0,-9999.0,71.7470016479,82.1611838914904,36.2664001972596,265396.88,659304.15,12,8,71.747
NS65NE_1145,1,0_6,6.20847132793,-9999.0,-9999.0,-9999.0,75.7060012817,81.1573491966828,36.0424237388148,265194.69,659303.32,12,8,75.706
NS65NE_1151,1,0_6,6.29253402538,-9999.0,-9999.0,-9999.0,73.5279998779,92.7183760119928,38.5335733909796,265524.25,659301.67,12,8,73.528
NS65NE_1153,1,0_6,5.96146905833,-9999.0,-9999.0,-9999.0,82.3430023193,93.2327015259189,39.2384583064016,265002.27,659302.71,12,8,82.343
NS65NE_1154,1,0_6,6.02209365544,-9999.0,-9999.0,-9999.0,81.9509963989,105.441104121701,41.1099944976669,265014.47,659301.45,12,8,81.951
NS65NE_1158,1,0_6,6.66063819532,-9999.0,-9999.0,-9999.0,74.9550018311,193.212893431453,59.3553851454344,265232.49,659305.42,12,8,74.955
NS65NE_1160,1,0_6,4.27937126817,-9999.0,-9999.0,-9999.0,75.4530029297,225.911217017693,86.9659834629641,265156.69,659305.73,44,24,75.453
NS65NE_1161,1,0_6,6.53101262869,-9999.0,-9999.0,-9999.0,73.5719985962,197.573392994124,74.8755496803006,265456.88,659305.19,28,16,73.572
NS65NE_1162,1,0_6,6.17043000316,-9999.0,-9999.0,-9999.0,75.4150009155,76.0374297614615,34.9703131452388,265249.66,659298.97,12,8,75.415
NS65NE_1164,1,0_6,5.89099200431,-9999.0,-9999.0,-9999.0,73.1259994507,182.800708035118,65.3382462239587,265427.92,659299.83,36,20,73.126
NS65NE_1165,1,0_6,5.93574298512,-9999.0,-9999.0,-9999.0,81.3499984741,115.415006810239,43.0291859412718,265027.16,659299.05,12,8,81.35
NS65NE_1167,1,0_6,6.17514959463,-9999.0,-9999.0,-9999.0,75.0469970703,78.8196676340489,35.5979970929144,265259.11,659296.59,12,8,75.047
NS65NE_1173,1,0_6,6.21074075732,-9999.0,-9999.0,-9999.0,74.7369995117,74.1815338147815,34.5128312554627,265268.6,659294.51,12,8,74.737
NS65NE_1174,1,0_6,5.84003469106,-9999.0,-9999.0,-9999.0,71.266998291,186.25270644931,58.1238266416652,265363.39,659296.19,12,8,71.267
NS65NE_1176,1,0_6,5.88372522435,-9999.0,-9999.0,-9999.0,80.733001709,227.268488003025,86.9399903537508,265046.44,659295.97,32,18,80.733
NS65NE_1177,1,0_6,6.10403500771,-9999.0,-9999.0,-9999.0,80.3040008545,99.1467491585427,39.8290027826066,265065.59,659293.8,12,8,80.304
NS65NE_1179,1,0_6,6.09050761632,-9999.0,-9999.0,-9999.0,73.6770019531,72.7596648718382,34.217109566615,265520.05,659291.92,12,8,73.677
NS65NE_1182,1,0_6,6.06761938153,-9999.0,-9999.0,-9999.0,80.0970001221,102.700479446815,40.5937524744248,265078.27,659291.66,12,8,80.097
NS65NE_1185,1,0_6,5.52534484863,-9999.0,-9999.0,-9999.0,79.7300033569,120.53843708263,44.2494933810433,265092.14,659289.54,12,8,79.73
NS65NE_1188,1,0_6,6.17744613453,-9999.0,-9999.0,-9999.0,74.8229980469,81.1561919842461,36.0652826223234,265456.28,659287.71,12,8,74.823
NS65NE_1192,1,0_6,3.17768054872,-9999.0,-9999.0,-9999.0,80.5780029297,34.3726424977224,24.7113734185256,265060.45,659283.3,12,8,80.578
NS65NE_1197,1,0_6,6.05035175658,-9999.0,-9999.0,-9999.0,73.4169998169,179.302548221502,66.9113255349569,265286.37,659290.01,36,20,73.417
NS65NE_1199,1,0_6,6.19185800406,-9999.0,-9999.0,-9999.0,71.8059997559,83.7269192257339,36.6094850843277,265390.38,659283.32,12,8,71.806
NS65NE_1201,1,0_6,6.12753548382,-9999.0,-9999.0,-9999.0,76.4160003662,107.429740572216,41.5395178085108,265191.27,659283.52,12,8,76.416
NS65NE_1203,1,0_6,6.04077048762,-9999.0,-9999.0,-9999.0,72.6770019531,224.015871214386,66.0245768015246,265317.12,659288.47,12,8,72.677
NS65NE_1204,1,0_6,6.18454173872,-9999.0,-9999.0,-9999.0,75.3740005493,81.440129429323,36.0979419179094,265478.39,659281.26,12,8,75.374
NS65NE_1205,1,0_6,6.11194733803,-9999.0,-9999.0,-9999.0,73.3740005493,208.441257993974,79.3686638850509,265553.02,659283.08,36,20,73.374
NS65NE_1215,1,0_6,6.1844959259,-9999.0,-9999.0,-9999.0,73.6839981079,108.343219435653,41.7139466823476,265570.57,659277.11,12,8,73.684
NS65NE_1218,1,0_6,6.09312602902,-9999.0,-9999.0,-9999.0,76.3199996948,155.315059654105,69.2330207788348,265208.58,659276.78,36,20,76.32
NS65NE_1219,1,0_6,6.439415626,-9999.0,-9999.0,-9999.0,72.3109970093,92.5881999123874,38.4896296136922,265363.17,659275.87,12,8,72.311
NS65NE_1222,1,0_6,5.94428771762,-9999.0,-9999.0,-9999.0,81.3249969482,113.368077789483,42.630996588321,265041.34,659274.97,12,8,81.325
NS65NE_1223,1,0_6,6.10933197404,-9999.0,-9999.0,-9999.0,76.3040008545,81.8984475244528,36.2900610785812,265223.16,659273.74,12,8,76.304
NS65NE_1224,1,0_6,6.03753613031,-9999.0,-9999.0,-9999.0,82.297996521,89.1661158139586,38.2619837442881,265005.82,659273.57,12,8,82.298
NS65NE_1228,1,0_6,5.60790794971,-9999.0,-9999.0,-9999.0,80.5820007324,107.059212785863,41.8201897034809,265070.82,659273.35,12,8,80.582
NS65NE_1232,1,0_6,6.17342477417,-9999.0,-9999.0,-9999.0,76.3079986572,130.836001734223,46.3260014931455,265235.27,659271.06,12,8,76.308
NS65NE_1235,1,0_6,5.76162955127,-9999.0,-9999.0,-9999.0,73.1529998779,173.937194544511,56.2214634621352,265417.4,659270.88,16,10,73.153
NS65NE_1237,1,0_6,5.99319238382,-9999.0,-9999.0,-9999.0,74.4879989624,360.391950144466,129.2427309393,265503.1,659274.28,64,34,74.488
NS65NE_1239,1,0_6,6.15846257891,-9999.0,-9999.0,-9999.0,72.2529983521,108.669997949435,41.7774052984256,265390.17,659268.64,12,8,72.253
NS65NE_1240,1,0_6,5.98944672061,-9999.0,-9999.0,-9999.0,74.4280014038,129.168485347276,46.0708798462481,265312.44,659269.03,12,8,74.428
NS65NE_1241,1,0_6,5.79627827402,-9999.0,-9999.0,-9999.0,74.3069992065,85.9482587606003,37.1723942457942,265431.67,659266.93,12,8,74.307
NS65NE_1245,1,0_6,6.42807401021,-9999.0,-9999.0,-9999.0,76.06300354,123.89032675327,44.8495845607105,265252.3,659263.84,12,8,76.063
NS65NE_1246,1,0_6,6.23706403863,-9999.0,-9999.0,-9999.0,73.0654983521,98.8851320189232,42.7938303246393,265360.09,659264.49,20,12,73.066
NS65NE_1248,1,0_6,5.88892962682,-9999.0,-9999.0,-9999.0,74.8570022583,135.543182476266,47.2456753085827,265443.36,659263.93,12,8,74.857
NS65NE_1257,1,0_6,5.85351733594,-9999.0,-9999.0,-9999.0,80.7850036621,115.360810067768,43.0019257560382,265068.25,659260.27,12,8,80.785
NS65NE_1262,1,0_6,5.95701810701,-9999.0,-9999.0,-9999.0,75.5660018921,186.63358477425,60.5178654661604,265460.25,659256.42,20,12,75.566
NS65NE_1264,1,0_6,5.33223405871,-9999.0,-9999.0,-9999.0,80.0510025024,138.801078029076,62.0283871187805,265117.21,659256.68,28,16,80.051
NS65NE_1266,1,0_6,6.20946009088,-9999.0,-9999.0,-9999.0,79.2730026245,339.699474199359,83.0294157582199,265156.08,659257.68,36,20,79.273
NS65NE_1267,1,0_6,6.19868357041,-9999.0,-9999.0,-9999.0,74.0350036621,95.0251620362604,41.7386492778378,265357.42,659252.92,20,12,74.035
NS65NE_1268,1,0_6,6.24199498563,-9999.0,-9999.0,-9999.0,73.3069992065,96.032835713497,42.0123364092254,265387.57,659253.21,20,12,73.307
NS65NE_1269,1,0_6,5.67579304307,-9999.0,-9999.0,-9999.0,75.5930023193,83.1792217886124,36.5158065004216,265475.4,659252.16,12,8,75.593
NS65NE_1274,1,0_6,6.07967251138,-9999.0,-9999.0,-9999.0,81.983001709,103.839723603164,40.8125881332661,265020.6,659250.86,12,8,81.983
NS65NE_1275,1,0_6,6.17223524249,-9999.0,-9999.0,-9999.0,74.8690032959,107.131482174797,41.5051058170923,265538.31,659250.37,12,8,74.869
NS65NE_1276,1,0_6,6.43175692553,-9999.0,-9999.0,-9999.0,75.2460021973,235.775958006486,67.508566716856,265274.58,659256.82,12,8,75.246
NS65NE_1282,1,0_6,6.52765616179,-9999.0,-9999.0,-9999.0,75.0469970703,162.346752448882,51.5714888217872,265310.42,659250.54,12,8,75.047
NS65NE_1287,1,0_6,5.4214664942,-9999.0,-9999.0,-9999.0,74.2030029297,146.224018761362,53.0259685965555,265426.9,659247.38,20,12,74.203
NS65NE_1289,1,0_6,5.89656505435,-9999.0,-9999.0,-9999.0,81.6330032349,97.4963853065848,39.847632049116,265031.61,659245.41,12,8,81.633
NS65NE_1291,1,0_6,6.21813223032,-9999.0,-9999.0,-9999.0,75.9850006104,83.2292048125612,36.5020825258552,265405.54,659243.44,12,8,75.985
NS65NE_1293,1,0_6,5.1042725861,-9999.0,-9999.0,-9999.0,80.1972122192,150.717824415957,54.3942651272815,265107.37,659245.55,28,16,80.197
NS65NE_1297,1,0_6,6.03200085367,-9999.0,-9999.0,-9999.0,75.0889968872,310.219339246021,121.16368983217,265497.91,659245.69,72,36,75.089
NS65NE_1299,1,0_6,5.89492447173,-9999.0,-9999.0,-9999.0,81.4179992676,117.401282372823,43.3679348914138,265043.57,659241.07,12,8,81.418
NS65NE_1300,1,0_6,3.02395001036,-9999.0,-9999.0,-9999.0,76.2789993286,42.8837735442373,27.7877091556629,265575.5,659236.35,12,8,76.279
NS65NE_1301,1,0_6,5.9993695325,-9999.0,-9999.0,-9999.0,80.6510009766,85.7747241718157,37.5234315394564,265098.07,659236.56,12,8,80.651
NS65NE_1303,1,0_6,6.02555659252,-9999.0,-9999.0,-9999.0,81.1910018921,105.767261238481,41.1619720110975,265055.51,659235.58,12,8,81.191
NS65NE_1304,1,0_6,6.22044761597,-9999.0,-9999.0,-9999.0,75.2060012817,128.471991874533,45.7518065914179,265357.54,659236.46,12,8,75.206
NS65NE_1306,1,0_6,6.2705626506,-9999.0,-9999.0,-9999.0,76.5510025024,67.4786571991718,33.3394740478353,265427.68,659232.99,12,8,76.551
NS65NE_1310,1,0_6,6.0653315709,-9999.0,-9999.0,-9999.0,79.3679962158,1110.35791868462,206.422989137964,265206.2,659247.07,88,46,79.368
NS65NE_1311,1,0_6,6.42778867926,-9999.0,-9999.0,-9999.0,78.8246688843,125.045400323798,45.0275316106505,265247.34,659234.4,12,8,78.825
NS65NE_1317,1,0_6,6.56033417889,-9999.0,-9999.0,-9999.0,76.0179977417,165.106613873604,52.0409230764418,265305.93,659231.81,12,8,76.018
NS65NE_1320,1,0_6,6.41921192731,-9999.0,-9999.0,-9999.0,77.5899963379,195.732075901651,65.6617610566138,265265.95,659230.46,28,16,77.59
NS65NE_1321,1,0_6,6.41788687635,-9999.0,-9999.0,-9999.0,75.5270004272,68.1278811196555,33.5246073652249,265378.46,659227.01,12,8,75.527
NS65NE_1323,1,0_6,5.15800199489,-9999.0,-9999.0,-9999.0,81.1470031738,129.193950837216,47.3688389598988,265066.34,659229.47,20,12,81.147
NS65NE_1326,1,0_6,6.18057352702,-9999.0,-9999.0,-9999.0,80.9079971313,98.4479680833753,39.6998570936153,265089.85,659227.03,12,8,80.908
NS65NE_1327,1,0_6,6.26367366256,-9999.0,-9999.0,-9999.0,75.111000061,107.1183178902,41.4920125649618,265533.93,659226.56,12,8,75.111
NS65NE_1329,1,0_6,6.2820882142,-9999.0,-9999.0,-9999.0,76.7050018311,67.6080358739368,33.3718547858456,265425.46,659224.99,12,8,76.705
NS65NE_1330,1,0_6,6.3087881346,-9999.0,-9999.0,-9999.0,76.591003418,94.3698879823402,41.7956386870988,265352.12,659222.22,20,12,76.591
NS65NE_1334,1,0_6,5.88708186666,-9999.0,-9999.0,-9999.0,75.6910018921,82.9689638208586,36.4938671289242,265386.37,659219.79,12,8,75.691
NS65NE_1339,1,0_6,6.17965242188,-9999.0,-9999.0,-9999.0,76.858001709,672.811304085015,139.9495492829,265463.21,659223.28,84,44,76.858
NS65NE_1341,1,0_6,6.55730443954,-9999.0,-9999.0,-9999.0,76.3499984741,103.979532000102,40.8020568801762,265396.29,659216.38,12,8,76.35
NS65NE_1343,1,0_6,5.34589216752,-9999.0,-9999.0,-9999.0,81.0319976807,143.121507017138,51.1776582957883,265085.9,659215.28,20,12,81.032
NS65NE_1346,1,0_6,6.18249476378,-9999.0,-9999.0,-9999.0,77.0790023804,95.0540188285573,41.87851314246,265421.93,659212.81,20,12,77.079
NS65NE_1347,1,0_6,6.22807374935,-9999.0,-9999.0,-9999.0,77.0319976807,125.806984789603,45.2166909133672,265297.44,659213.77,12,8,77.032
NS65NE_1348,1,0_6,6.27167316594,-9999.0,-9999.0,-9999.0,77.2016677856,93.815064453762,38.7879878363373,265346.69,659211.69,12,8,77.202
NS65NE_1349,1,0_6,6.14915777847,-9999.0,-9999.0,-9999.0,75.7149963379,336.082632652924,81.3868105956789,265498.79,659218.02,40,22,75.715
NS65NE_1353,1,0_6,6.42988144674,-9999.0,-9999.0,-9999.0,79.4940032959,205.326879758924,64.7679592138836,265176.25,659210.78,28,16,79.494
NS65NE_1355,1,0_6,6.11181097363,-9999.0,-9999.0,-9999.0,79.8550033569,617.024021534771,119.790698822203,265134.24,659221.16,48,26,79.855
NS65NE_1356,1,0_6,6.24643835646,-9999.0,-9999.0,-9999.0,79.5500030518,211.032942950269,62.2878243495976,265199.14,659205.71,12,8,79.55
NS65NE_1358,1,0_6,6.32203998882,-9999.0,-9999.0,-9999.0,77.5999984741,91.1932583638524,38.2029741049623,265376.2,659201.79,12,8,77.6
NS65NE_1360,1,0_6,6.21845523347,-9999.0,-9999.0,-9999.0,77.6520004272,96.3464020421214,39.2860115292655,265344.31,659201.31,12,8,77.652
NS65NE_1362,1,0_6,6.2259698391,-9999.0,-9999.0,-9999.0,79.9130020142,163.61378047022,52.7958057605314,265220.58,659201.25,12,8,79.913
NS65NE_1363,1,0_6,6.73813960969,-9999.0,-9999.0,-9999.0,79.141998291,160.183052156427,51.1758492866934,265240.03,659198.62,12,8,79.142
NS65NE_1366,1,0_6,6.37453500848,-9999.0,-9999.0,-9999.0,78.7119979858,122.625652321332,44.5817198996911,265256.51,659195.08,12,8,78.712
NS65NE_1368,1,0_6,6.01242483739,-9999.0,-9999.0,-9999.0,78.4349975586,81.4994409414886,36.1571126976722,265373.06,659191.18,12,8,78.435
NS65NE_1373,1,0_6,5.81975962078,-9999.0,-9999.0,-9999.0,77.283996582,277.528335975879,105.164961540481,265410.72,659196.6,52,28,77.284
NS65NE_1376,1,0_6,6.10354240791,-9999.0,-9999.0,-9999.0,78.4140014648,75.0837734439809,34.6633756160337,265426.39,659186.32,12,8,78.414
NS65NE_1379,1,0_6,6.38526112483,-9999.0,-9999.0,-9999.0,78.5849990845,67.3291287669269,33.291878339782,265400.63,659181.52,12,8,78.585
NS65NE_1382,1,0_6,6.29394339166,-9999.0,-9999.0,-9999.0,78.8779983521,185.442053180513,71.7930172626547,265341.26,659184.86,36,20,78.878
NS65NE_1387,1,0_6,6.43866105552,-9999.0,-9999.0,-9999.0,77.6709976196,464.044943903443,106.45310877281,265452.4,659187.5,76,40,77.671
NS65NE_1388,1,0_6,6.18500725168,-9999.0,-9999.0,-9999.0,79.1709976196,166.106904619444,63.9685963147228,265367.54,659177.17,28,16,79.171
NS65NE_1392,1,0_6,6.5006492129,-9999.0,-9999.0,-9999.0,78.1500015259,68.8706771329793,33.766178467761,265444.08,659166.15,12,8,78.15
NS65NE_1395,1,0_6,6.11953033123,-9999.0,-9999.0,-9999.0,79.3619995117,95.8682432838594,42.0197052807551,265387.93,659166.68,20,12,79.362
NS65NE_1398,1,0_6,6.25425447014,-9999.0,-9999.0,-9999.0,79.5599975586,95.7243746359855,41.9864390828312,265399.4,659164.24,20,12,79.56
NS65NE_1406,1,0_6,6.73812674646,-9999.0,-9999.0,-9999.0,79.358001709,179.423019796018,57.0568098035316,265427.89,659155.01,12,8,79.358
NS65NE_1413,1,0_6,2.53335752192,-9999.0,-9999.0,-9999.0,80.2080001831,52.7864624998223,29.948671604407,265351.18,659142.75,12,8,80.208
NS65NE_1436,1,0_6,3.14187834769,-9999.0,-9999.0,-9999.0,79.5370025635,42.7441398993325,28.5561188850183,265512.52,659106.75,12,8,79.537
NS65NE_1442,1,0_6,5.20976903283,-9999.0,-9999.0,-9999.0,78.9670028687,345.885759385524,83.3821388461747,265525.62,659107.37,36,20,78.967
NS65NE_1453,1,0_6,2.56231826486,-9999.0,-9999.0,-9999.0,79.1490020752,110.206146266698,46.3942647476651,265546.38,659066.4,36,20,79.149
NS65NE_1464,1,0_6,5.67665896051,-9999.0,-9999.0,-9999.0,91.7139968872,371.589653796142,86.627690280085,265260.38,658859.21,12,8,91.714
NS65NE_1465,1,0_6,4.29332824497,-9999.0,-9999.0,-9999.0,90.611000061,1339.71652658678,248.794387593947,265298.33,658856.64,100,52,90.611
NS65NE_1466,1,0_6,3.64685213566,-9999.0,-9999.0,-9999.0,91.5530014038,1179.47395302149,198.060937680404,265252.23,658848.99,20,12,91.553
NS65NE_994,1,0_6,4.69820297596,-9999.0,-9999.0,-9999.0,69.2080001831,138.876776243005,50.6879310850189,265179.97,659373.3,24,14,69.208
NS65NE_998,1,0_6,4.27210643504,-9999.0,-9999.0,-9999.0,74.7870025635,132.484606655092,51.5326819291265,265047.63,659372.9,28,16,74.787
NS65NE_101,1,0_7,6.25690800741,-9999.0,-9999.0,-9999.0,36.1650009155,116.36695566863,43.4311128077091,265424.42,659936.81,12,8,36.165
NS65NE_1012,1,0_7,6.47434608297,-9999.0,-9999.0,-9999.0,69.1139984131,1852.80857744395,291.492484230316,265455.81,659380.61,132,68,69.114
NS65NE_108,1,0_7,6.58920830662,-9999.0,-9999.0,-9999.0,49.1549987793,103.822730860968,41.5107607914009,265033.85,659934.6,12,8,49.155
NS65NE_11,1,0_7,6.20802812474,-9999.0,-9999.0,-9999.0,35.6199989319,119.00506903133,43.7177350769707,265388.23,659997.29,12,8,35.62
NS65NE_111,1,0_7,10.8207550966,-9999.0,-9999.0,-9999.0,35.2109985352,433.437095792259,92.5314902227392,265327.26,659940.54,28,16,35.211
NS65NE_112,1,0_7,6.79005378062,-9999.0,-9999.0,-9999.0,49.9370002747,132.697578990918,47.6084970663604,265015.26,659933.16,12,8,49.937
NS65NE_113,1,0_7,6.27203867144,-9999.0,-9999.0,-9999.0,46.8899993896,304.859860550681,96.0125065220026,265066.44,659942.32,40,22,46.89
NS65NE_117,1,0_7,6.29484406322,-9999.0,-9999.0,-9999.0,37.0859985352,195.937403913382,58.5990932904208,265256.4,659934.28,12,8,37.086
NS65NE_120,1,0_7,6.01993697706,-9999.0,-9999.0,-9999.0,39.5060005188,221.121629739884,64.8635034150355,265214.25,659932.7,36,20,39.506
NS65NE_124,1,0_7,6.14794984617,-9999.0,-9999.0,-9999.0,43.6749992371,122.456749787403,45.8181919369744,265107.72,659926.95,12,8,43.675
NS65NE_125,1,0_7,6.17739152442,-9999.0,-9999.0,-9999.0,36.091999054,81.8867973490632,37.5599657272633,265423.52,659923.36,20,12,36.092
NS65NE_127,1,0_7,7.04892525654,-9999.0,-9999.0,-9999.0,45.1539993286,130.767835362499,47.7742487669914,265089.43,659923.59,12,8,45.154
NS65NE_135,1,0_7,6.3215638233,-9999.0,-9999.0,-9999.0,49.3569984436,107.922373916075,41.8858471020072,265042.96,659921.25,12,8,49.357
NS65NE_14,1,0_7,6.19884821668,-9999.0,-9999.0,-9999.0,36.65599823,141.245057974632,47.9332281151795,265212.85,659991.49,12,8,36.656
NS65NE_153,1,0_7,6.26579693631,-9999.0,-9999.0,-9999.0,39.4749984741,143.531362423789,48.1530965763,265215.58,659911.65,12,8,39.475
NS65NE_155,1,0_7,6.18782136724,-9999.0,-9999.0,-9999.0,49.1570014954,117.807727320133,45.4400716312367,265054.28,659907.7,20,12,49.157
NS65NE_16,1,0_7,2.51183477129,-9999.0,-9999.0,-9999.0,52.3001098633,22.0382062478671,21.5377634954844,265012.59,659984.21,8,6,52.3
NS65NE_164,1,0_7,6.11503928189,-9999.0,-9999.0,-9999.0,38.4319992065,304.640754175961,88.1571311376791,265241.81,659911.1,32,18,38.432
NS65NE_167,1,0_7,2.16837851609,-9999.0,-9999.0,-9999.0,50.3800010681,22.7723100015988,23.185802495693,265038.46,659896.8,8,6,50.38
NS65NE_171,1,0_7,6.620004346,-9999.0,-9999.0,-9999.0,48.7879981995,107.313011920357,42.2482994615816,265069.12,659898.94,12,8,48.788
NS65NE_175,1,0_7,3.85472071244,-9999.0,-9999.0,-9999.0,48.5979995728,337.166679708645,101.173498745755,265611.51,659901.07,28,16,48.598
NS65NE_177,1,0_7,6.27941418236,-9999.0,-9999.0,-9999.0,37.5989990234,183.953777387399,55.6132283260941,265278.42,659901.81,12,8,37.599
NS65NE_183,1,0_7,6.3171817833,-9999.0,-9999.0,-9999.0,47.9410018921,109.674205559885,42.4473478883482,265083.73,659892.45,12,8,47.941
NS65NE_189,1,0_7,2.90034257842,-9999.0,-9999.0,-9999.0,50.7490005493,55.2449887481665,40.9942624874415,265002.82,659889.94,24,14,50.749
NS65NE_19,1,0_7,6.4611125455,-9999.0,-9999.0,-9999.0,50.9679985046,128.666456254166,47.0945938006766,265038.8,659988.49,12,8,50.968
NS65NE_190,1,0_7,6.64661144388,-9999.0,-9999.0,-9999.0,50.3089981079,125.028998368732,46.5519000774831,265025.89,659889.13,12,8,50.309
NS65NE_192,1,0_7,3.4348752737,-9999.0,-9999.0,-9999.0,50.0120010376,122.846976114851,47.6105131551088,265587.3,659889.32,20,12,50.012
NS65NE_193,1,0_7,6.24799701939,-9999.0,-9999.0,-9999.0,40.4900016785,185.37419616976,57.6212005947155,265214.1,659889.22,20,12,40.49
NS65NE_200,1,0_7,6.19366646492,-9999.0,-9999.0,-9999.0,38.6199989319,143.011041218106,48.0375943484507,265271.38,659885.21,12,8,38.62
NS65NE_206,1,0_7,4.70728082851,-9999.0,-9999.0,-9999.0,49.53099823,238.003912909702,84.9553039114522,265050.41,659881.12,60,32,49.531
NS65NE_207,1,0_7,5.91625828768,-9999.0,-9999.0,-9999.0,40.2890014648,193.805176518578,61.4331966878705,265233.58,659881.39,28,16,40.289
NS65NE_209,1,0_7,6.59478117825,-9999.0,-9999.0,-9999.0,50.2200012207,105.092842780706,41.7459834130907,265011.02,659879.53,12,8,50.22
NS65NE_21,1,0_7,6.26895723988,-9999.0,-9999.0,-9999.0,41.7550010681,144.463177818742,48.3166249860138,265169.26,659987.42,12,8,41.755
NS65NE_210,1,0_7,6.25655937296,-9999.0,-9999.0,-9999.0,36.1189994812,494.499059615513,152.201331916746,265315.91,659886.39,48,26,36.119
NS65NE_216,1,0_7,6.1630814882,-9999.0,-9999.0,-9999.0,48.5709991455,140.461443752303,54.4810879849936,265085.87,659873.66,24,14,48.571
NS65NE_227,1,0_7,6.19298173591,-9999.0,-9999.0,-9999.0,35.8260002136,189.182696919967,56.459738084578,265352.84,659870.64,12,8,35.826
NS65NE_23,1,0_7,6.22784177631,-9999.0,-9999.0,-9999.0,36.8950004578,107.82291649557,41.8997648239619,265424.34,659984.92,12,8,36.895
NS65NE_231,1,0_7,6.09206761812,-9999.0,-9999.0,-9999.0,39.6290016174,184.687833599074,57.6753325792747,265264.29,659868.9,20,12,39.629
NS65NE_234,1,0_7,4.74063500786,-9999.0,-9999.0,-9999.0,40.3549995422,224.470446495396,69.0981888778158,265485.13,659869.12,36,20,40.355
NS65NE_235,1,0_7,6.44267927791,-9999.0,-9999.0,-9999.0,49.34400177,110.380452249217,42.5836380441085,265047.87,659865.09,12,8,49.344
NS65NE_239,1,0_7,6.55439741834,-9999.0,-9999.0,-9999.0,49.9269981384,105.315893746019,41.7977864001987,265010.06,659862.39,12,8,49.927
NS65NE_241,1,0_7,6.13356495336,-9999.0,-9999.0,-9999.0,39.9129981995,171.570765861325,55.0255898019429,265286.55,659859.56,20,12,39.913
NS65NE_249,1,0_7,6.60221246573,-9999.0,-9999.0,-9999.0,48.3289985657,126.721308306095,46.7011562349292,265079.22,659857.11,12,8,48.329
NS65NE_252,1,0_7,6.22620056615,-9999.0,-9999.0,-9999.0,40.3330001831,147.135809371563,48.7541051717187,265302.31,659853.34,12,8,40.333
NS65NE_253,1,0_7,6.27900206292,-9999.0,-9999.0,-9999.0,37.1599998474,147.92345786108,48.8503858601707,265345.77,659853.9,12,8,37.16
NS65NE_254,1,0_7,6.62302804051,-9999.0,-9999.0,-9999.0,49.3079986572,106.030974142222,41.8694725324406,265036.71,659852.01,12,8,49.308
NS65NE_255,1,0_7,6.69717650919,-9999.0,-9999.0,-9999.0,46.1290016174,226.778075191103,68.5121146405027,265137.42,659853.41,12,8,46.129
NS65NE_256,1,0_7,2.52899525264,-9999.0,-9999.0,-9999.0,47.0489997864,22.2234262503676,23.6980278757988,265120.84,659846.29,8,6,47.049
NS65NE_26,1,0_7,6.0262526073,-9999.0,-9999.0,-9999.0,35.6520004272,127.150268796471,46.5553141315468,265395.29,659982.04,20,12,35.652
NS65NE_260,1,0_7,6.07610338996,-9999.0,-9999.0,-9999.0,40.2589988708,179.508347375594,57.5287262018473,265317.73,659846.84,36,20,40.259
NS65NE_262,1,0_7,3.76556916546,-9999.0,-9999.0,-9999.0,48.3390007019,70.7252345178967,33.8040453170662,265106.04,659842.89,12,8,48.339
NS65NE_267,1,0_7,2.77954326602,-9999.0,-9999.0,-9999.0,46.5379981995,34.9731824951642,24.4038166661503,265145.35,659838.67,12,8,46.538
NS65NE_27,1,0_7,6.25055307552,-9999.0,-9999.0,-9999.0,35.9820022583,144.671767375519,48.4775559681562,265225.24,659983.61,12,8,35.982
NS65NE_272,1,0_7,6.71052651453,-9999.0,-9999.0,-9999.0,48.4309997559,125.597989995759,46.5527851149962,265072.08,659839.76,12,8,48.431
NS65NE_275,1,0_7,6.84520697351,-9999.0,-9999.0,-9999.0,48.8940010071,125.039036013723,46.3868110403961,265050.24,659836.76,12,8,48.894
NS65NE_276,1,0_7,10.3215389103,-9999.0,-9999.0,-9999.0,36.3540000916,457.689333955898,109.163878415475,265414.86,659842.54,20,12,36.354
NS65NE_279,1,0_7,6.63724784435,-9999.0,-9999.0,-9999.0,46.0099983215,350.319127246642,99.4610657061931,265171.58,659839.35,28,16,46.01
NS65NE_28,1,0_7,6.76769214108,-9999.0,-9999.0,-9999.0,44.8180007935,114.397235998012,43.4262938946434,265095.39,659979.81,12,8,44.818
NS65NE_282,1,0_7,6.09393462723,-9999.0,-9999.0,-9999.0,38.7529983521,191.727857007306,58.6284416189912,265338.9,659836.9,20,12,38.753
NS65NE_291,1,0_7,4.05411102542,-9999.0,-9999.0,-9999.0,41.15599823,766.804227824131,190.406011922421,265522.6,659842.19,96,50,41.156
NS65NE_293,1,0_7,6.71332368437,-9999.0,-9999.0,-9999.0,46.0359992981,230.762781237431,73.7531622437622,265206.69,659825.17,20,12,46.036
NS65NE_296,1,0_7,8.03527782158,-9999.0,-9999.0,-9999.0,36.7620010376,470.169297556741,109.591216845641,265378.45,659833.73,20,12,36.762
NS65NE_302,1,0_7,6.5846037297,-9999.0,-9999.0,-9999.0,51.4469985962,344.41414462376,100.683421695483,265012.21,659817.34,12,8,51.447
NS65NE_304,1,0_7,6.83467948343,-9999.0,-9999.0,-9999.0,36.8660011292,131.141655910479,47.4251281936053,265401.51,659810.27,12,8,36.866
NS65NE_307,1,0_7,6.15442380228,-9999.0,-9999.0,-9999.0,45.5880012512,282.412033155143,85.0018401765759,265234.2,659812.31,44,24,45.588
NS65NE_309,1,0_7,5.02654978977,-9999.0,-9999.0,-9999.0,41.7220001221,206.559242107754,60.3553273122747,265544.86,659809.01,28,16,41.722
NS65NE_314,1,0_7,6.38811201101,-9999.0,-9999.0,-9999.0,48.5530014038,373.278755776238,110.372956525882,265141.24,659805.65,28,16,48.553
NS65NE_316,1,0_7,6.67843789905,-9999.0,-9999.0,-9999.0,51.408000946,212.249800948885,67.8837684973274,265047.51,659802.11,12,8,51.408
NS65NE_318,1,0_7,8.15197537688,-9999.0,-9999.0,-9999.0,38.7820014954,372.984838246506,84.2892362231814,265493.64,659806.65,28,16,38.782
NS65NE_32,1,0_7,6.99522912669,-9999.0,-9999.0,-9999.0,46.2939987183,110.354049909863,42.5971942084221,265077.54,659976.79,12,8,46.294
NS65NE_321,1,0_7,6.85036476719,-9999.0,-9999.0,-9999.0,36.7709999084,106.335230896587,41.9588524266274,265415.84,659796.28,12,8,36.771
NS65NE_322,1,0_7,6.91187806439,-9999.0,-9999.0,-9999.0,45.3650016785,361.060321984129,99.6686981443819,265267.28,659800.13,28,16,45.365
NS65NE_323,1,0_7,5.60289301946,-9999.0,-9999.0,-9999.0,41.0540008545,167.482324063653,55.9411826368578,265558.92,659797.59,36,20,41.054
NS65NE_324,1,0_7,1.98222192128,-9999.0,-9999.0,-9999.0,46.6040000916,59.338574039365,39.4378583230843,265245.02,659791.11,20,12,46.604
NS65NE_328,1,0_7,11.1298273649,-9999.0,-9999.0,-9999.0,42.2599983215,1018.37604900364,219.821537822368,265599.71,659812.33,52,28,42.26
NS65NE_33,1,0_7,9.20847560784,-9999.0,-9999.0,-9999.0,34.7449989319,697.359526434372,135.420365148614,265315.53,659989.9,32,18,34.745
NS65NE_330,1,0_7,4.21480623249,-9999.0,-9999.0,-9999.0,38.4490013123,257.503586296995,75.0531141880192,265480.88,659791.45,20,12,38.449
NS65NE_336,1,0_7,6.47784853752,-9999.0,-9999.0,-9999.0,48.6059989929,331.716812910287,100.048960249788,265184.95,659788.94,28,16,48.606
NS65NE_337,1,0_7,6.67711168096,-9999.0,-9999.0,-9999.0,51.3709983826,211.241165766748,67.8223784719979,265094.33,659784.58,12,8,51.371
NS65NE_338,1,0_7,7.18435284039,-9999.0,-9999.0,-9999.0,45.3219985962,225.988533967997,68.5903913701016,265301.79,659785.87,12,8,45.322
NS65NE_342,1,0_7,6.83494021466,-9999.0,-9999.0,-9999.0,37.9319992065,105.573198536066,41.7575410803737,265423.54,659778.9,12,8,37.932
NS65NE_344,1,0_7,8.03659288996,-9999.0,-9999.0,-9999.0,39.891998291,337.97831067649,90.6403861120311,265526.61,659781.86,52,28,39.892
NS65NE_346,1,0_7,5.6556281865,-9999.0,-9999.0,-9999.0,54.7436676025,272.62920113109,94.9524529344481,265039.73,659775.18,28,16,54.744
NS65NE_348,1,0_7,6.55155850586,-9999.0,-9999.0,-9999.0,51.4239997864,324.397038646674,94.2302816476837,265130.65,659774.29,12,8,51.424
NS65NE_349,1,0_7,6.8261951092,-9999.0,-9999.0,-9999.0,46.7430000305,227.690608542338,68.5706234468531,265330.58,659774.01,12,8,46.743
NS65NE_350,1,0_7,5.4887896171,-9999.0,-9999.0,-9999.0,39.0950012207,133.773116738435,47.3084014324397,265480.65,659770.26,20,12,39.095
NS65NE_351,1,0_7,5.25822445639,-9999.0,-9999.0,-9999.0,40.4519996643,164.058964469846,52.3121375323835,265512.55,659768.13,24,14,40.452
NS65NE_353,1,0_7,6.55376236899,-9999.0,-9999.0,-9999.0,48.6930007935,317.672249933077,94.1439722453152,265226.46,659771.23,12,8,48.693
NS65NE_357,1,0_7,6.69531460216,-9999.0,-9999.0,-9999.0,40.2270011902,109.413422880837,42.5912494073868,265431.24,659761.65,12,8,40.227
NS65NE_358,1,0_7,2.39537785717,-9999.0,-9999.0,-9999.0,49.6780014038,51.4154892782607,32.4513021381912,265304.78,659758.31,12,8,49.678
NS65NE_36,1,0_7,6.23065529948,-9999.0,-9999.0,-9999.0,39.875,145.138252373085,48.3898087184398,265195.34,659976.49,12,8,39.875
NS65NE_364,1,0_7,5.93995154125,-9999.0,-9999.0,-9999.0,56.313999176,231.917536253034,77.0308224999586,265083.27,659757.22,36,20,56.314
NS65NE_365,1,0_7,6.57224845139,-9999.0,-9999.0,-9999.0,51.4300003052,335.75558065419,94.7182819248704,265171.47,659759.83,12,8,51.43
NS65NE_37,1,0_7,6.56247969476,-9999.0,-9999.0,-9999.0,50.7019996643,133.297244506067,47.5998242671763,265022.82,659975.68,12,8,50.702
NS65NE_371,1,0_7,7.23955154419,-9999.0,-9999.0,-9999.0,40.9049987793,133.025537080606,53.3742152062594,265477.31,659753.01,28,16,40.905
NS65NE_374,1,0_7,5.64248501614,-9999.0,-9999.0,-9999.0,41.8009986877,202.721283743567,60.7143734370628,265508.14,659750.87,28,16,41.801
NS65NE_377,1,0_7,6.57731217651,-9999.0,-9999.0,-9999.0,56.2630004883,319.883162119989,93.8355482709324,265117.55,659747.14,12,8,56.263
NS65NE_378,1,0_7,7.10770074032,-9999.0,-9999.0,-9999.0,41.4230003357,105.651340954128,41.8874475539986,265439.08,659744.06,12,8,41.423
NS65NE_379,1,0_7,6.81698071606,-9999.0,-9999.0,-9999.0,48.6910018921,442.592774477094,120.964076927291,265273.78,659751.15,12,8,48.691
NS65NE_38,1,0_7,6.6153510088,-9999.0,-9999.0,-9999.0,43.3769989014,127.000340865814,46.755332107776,265113.39,659974.91,12,8,43.377
NS65NE_382,1,0_7,6.15082674425,-9999.0,-9999.0,-9999.0,48.0810012817,270.405631312913,79.6272947832342,265354.03,659749.82,20,12,48.081
NS65NE_388,1,0_7,6.53928097887,-9999.0,-9999.0,-9999.0,51.4039993286,352.303017417305,101.833077583013,265213.7,659742.11,12,8,51.404
NS65NE_390,1,0_7,6.93528395043,-9999.0,-9999.0,-9999.0,42.5859985352,136.074472473537,51.5024363275627,265475.98,659734.33,28,16,42.586
NS65NE_394,1,0_7,6.54358608306,-9999.0,-9999.0,-9999.0,56.2130012512,318.779635324119,94.2146616413512,265159.74,659732.51,12,8,56.213
NS65NE_395,1,0_7,6.83988138591,-9999.0,-9999.0,-9999.0,42.5740013123,105.124948800964,41.7186952245094,265447.55,659726.36,12,8,42.574
NS65NE_396,1,0_7,6.00009730925,-9999.0,-9999.0,-9999.0,44.8619995117,170.759376700475,54.7740831401295,265503.27,659726.68,28,16,44.862
NS65NE_402,1,0_7,7.0387934019,-9999.0,-9999.0,-9999.0,43.1269989014,108.18319730367,42.3013580697974,265462.72,659720.06,12,8,43.127
NS65NE_403,1,0_7,7.29470948504,-9999.0,-9999.0,-9999.0,41.5400009155,960.434650801953,197.983464563201,265567.17,659744.12,52,28,41.54
NS65NE_411,1,0_7,2.52023050059,-9999.0,-9999.0,-9999.0,55.236000061,88.6433475020308,37.8992098351225,265229.68,659713.24,16,10,55.236
NS65NE_412,1,0_7,6.72550334546,-9999.0,-9999.0,-9999.0,52.4029998779,226.359747049074,68.775565557227,265315.39,659718.9,12,8,52.403
NS65NE_413,1,0_7,2.58452325844,-9999.0,-9999.0,-9999.0,53.7789993286,23.7690262491269,24.1017061552852,265332.06,659707.54,8,6,53.779
NS65NE_414,1,0_7,6.41440447511,-9999.0,-9999.0,-9999.0,56.0789985657,364.607437666482,106.960670881209,265201.97,659714.92,28,16,56.079
NS65NE_417,1,0_7,8.03547493069,-9999.0,-9999.0,-9999.0,43.6209983826,180.816724336933,60.2171982709998,265408.37,659714.21,28,16,43.621
NS65NE_422,1,0_7,5.89264929065,-9999.0,-9999.0,-9999.0,44.8540000916,276.115264659955,73.9764994692435,265501.8,659706.28,32,18,44.854
NS65NE_423,1,0_7,6.9239791272,-9999.0,-9999.0,-9999.0,48.7420005798,352.745020229525,95.1155578363637,265370.39,659714.27,12,8,48.742
NS65NE_424,1,0_7,3.75811920035,-9999.0,-9999.0,-9999.0,61.0340003967,152.900755911067,52.8324080674321,265114.26,659701.87,36,20,61.034
NS65NE_433,1,0_7,6.36492149819,-9999.0,-9999.0,-9999.0,45.013999939,108.368512827102,42.3606405995533,265497.38,659690.01,12,8,45.014
NS65NE_435,1,0_7,4.68277076626,-9999.0,-9999.0,-9999.0,43.0719985962,332.9480193817,81.7746059415152,265575.3,659693.09,28,16,43.072
NS65NE_437,1,0_7,5.71188535164,-9999.0,-9999.0,-9999.0,42.7659988403,845.732183644459,196.827469039997,265551.19,659712.99,64,34,42.766
NS65NE_441,1,0_7,6.66467175428,-9999.0,-9999.0,-9999.0,54.3979988098,268.295954599496,78.9707267581729,265327.44,659691.73,20,12,54.398
NS65NE_443,1,0_7,7.21684286663,-9999.0,-9999.0,-9999.0,45.0950012207,696.984731081067,125.064017331663,265440.25,659688.97,64,34,45.095
NS65NE_457,1,0_7,6.83051960776,-9999.0,-9999.0,-9999.0,45.5550003052,106.382235801108,42.0373631316435,265491.55,659674.11,12,8,45.555
NS65NE_458,1,0_7,6.49247643057,-9999.0,-9999.0,-9999.0,49.7066688538,256.795253138894,75.7159375249536,265386.09,659680.06,20,12,49.707
NS65NE_46,1,0_7,5.33046542034,-9999.0,-9999.0,-9999.0,35.638999939,116.169069825067,43.8204517884446,265393.8,659969.04,12,8,35.639
NS65NE_463,1,0_7,4.30020533228,-9999.0,-9999.0,-9999.0,43.9799995422,247.265807733749,75.7849877717392,265609.05,659671.12,44,24,43.98
NS65NE_468,1,0_7,8.30927502927,-9999.0,-9999.0,-9999.0,61.1629981995,2309.54708962893,261.406929211225,265058.18,659682.25,36,20,61.163
NS65NE_469,1,0_7,2.94259703047,-9999.0,-9999.0,-9999.0,61.9500007629,268.168138237975,79.6219858756063,265159.39,659673.06,12,8,61.95
NS65NE_471,1,0_7,5.89527572551,-9999.0,-9999.0,-9999.0,45.6599998474,194.676306160517,62.1107082161504,265533.16,659665.54,28,16,45.66
NS65NE_472,1,0_7,6.28308859131,-9999.0,-9999.0,-9999.0,46.0239982605,182.105761216804,58.6942374773663,265548.05,659664.03,28,16,46.024
NS65NE_473,1,0_7,4.03205712479,-9999.0,-9999.0,-9999.0,45.9420013428,210.404121601348,76.0404461574743,265572.32,659661.52,44,24,45.942
NS65NE_477,1,0_7,6.5657614974,-9999.0,-9999.0,-9999.0,56.4500007629,297.021778405841,85.3195721699923,265342.97,659666.39,28,16,56.45
NS65NE_483,1,0_7,7.02655255766,-9999.0,-9999.0,-9999.0,47.1949996948,104.289072228781,41.667259992481,265494.96,659654.62,12,8,47.195
NS65NE_489,1,0_7,3.36195516446,-9999.0,-9999.0,-9999.0,46.4959983826,91.4656289310879,39.1640596834633,265520.51,659648.06,12,8,46.496
NS65NE_491,1,0_7,3.18656227506,-9999.0,-9999.0,-9999.0,55.814666748,32.5602000006791,24.2091240132673,265383.05,659644.35,12,8,55.815
NS65NE_492,1,0_7,6.78934856694,-9999.0,-9999.0,-9999.0,50.8330001831,469.510588854021,123.336005633508,265421.16,659654.69,28,16,50.833
NS65NE_496,1,0_7,4.46615573787,-9999.0,-9999.0,-9999.0,45.2080001831,239.73967430323,70.4054227865312,265605.29,659648.63,36,20,45.208
NS65NE_50,1,0_7,6.34253628248,-9999.0,-9999.0,-9999.0,36.7410011292,101.626761147807,40.7165151083203,265424.15,659968.74,12,8,36.741
NS65NE_505,1,0_7,4.21543981846,-9999.0,-9999.0,-9999.0,46.3699989319,275.355177359015,99.4352390729709,265566.33,659644.21,76,40,46.37
NS65NE_506,1,0_7,6.78730461661,-9999.0,-9999.0,-9999.0,47.8160018921,115.83024611448,46.4419073422698,265506.86,659641.82,20,12,47.816
NS65NE_51,1,0_7,6.73522961083,-9999.0,-9999.0,-9999.0,47.4850006104,107.197841743292,42.0754323545272,265063.06,659967.69,12,8,47.485
NS65NE_516,1,0_7,7.06106556955,-9999.0,-9999.0,-9999.0,50.4901885986,224.12090067102,68.1470496904649,265461.09,659637.69,12,8,50.49
NS65NE_518,1,0_7,6.88083467827,-9999.0,-9999.0,-9999.0,58.9379997253,223.997579793809,68.1565499743787,265362.96,659639.51,12,8,58.938
NS65NE_529,1,0_7,7.02693501958,-9999.0,-9999.0,-9999.0,49.1800003052,108.713236585519,42.5235416024627,265515.77,659627.92,12,8,49.18
NS65NE_530,1,0_7,4.95398792812,-9999.0,-9999.0,-9999.0,48.2560005188,182.101182991792,58.1045721862984,265566.91,659627.33,32,18,48.256
NS65NE_534,1,0_7,4.52814638916,-9999.0,-9999.0,-9999.0,46.5909996033,244.220255024221,83.4836358260117,265602.93,659627.2,68,36,46.591
NS65NE_536,1,0_7,2.43706098015,-9999.0,-9999.0,-9999.0,58.3009986877,24.1621725010121,23.704000141469,265406.35,659618.85,8,6,58.301
NS65NE_540,1,0_7,6.8807537071,-9999.0,-9999.0,-9999.0,50.452999115,124.219479194593,46.2956083651395,265483.53,659622.49,12,8,50.453
NS65NE_548,1,0_7,7.02741663397,-9999.0,-9999.0,-9999.0,58.7340011597,224.923568629621,68.3359111417654,265387.12,659619.6,12,8,58.734
NS65NE_550,1,0_7,2.85299682617,-9999.0,-9999.0,-9999.0,48.0880012512,42.9006899986623,26.374690673056,265615.1,659612.25,12,8,48.088
NS65NE_557,1,0_7,8.66891568838,-9999.0,-9999.0,-9999.0,61.0209999084,1517.34549528694,169.710461164918,265230.06,659628.81,12,8,61.021
NS65NE_558,1,0_7,7.01551936362,-9999.0,-9999.0,-9999.0,50.5369987488,107.909066521617,42.2192858857474,265521.58,659611.93,12,8,50.537
NS65NE_565,1,0_7,4.60781356812,-9999.0,-9999.0,-9999.0,49.7089996338,199.941753938207,64.3089983524362,265564.12,659609.41,36,20,49.709
NS65NE_567,1,0_7,5.03125182509,-9999.0,-9999.0,-9999.0,48.2869987488,194.742522595815,60.0877783439169,265598.58,659608.41,28,16,48.287
NS65NE_569,1,0_7,2.88589507009,-9999.0,-9999.0,-9999.0,56.0200004578,61.1616787366971,34.6206197065068,265454.3,659605.69,20,12,56.02
NS65NE_573,1,0_7,3.64558612816,-9999.0,-9999.0,-9999.0,60.8660011292,132.107209540673,46.1108325467558,265268.21,659605.57,12,8,60.866
NS65NE_574,1,0_7,6.87092320924,-9999.0,-9999.0,-9999.0,52.5449981689,130.487892172938,47.0622306116172,265491.76,659605.01,12,8,52.545
NS65NE_577,1,0_7,6.93308759786,-9999.0,-9999.0,-9999.0,57.9239997864,224.526279963282,68.1458733336671,265414.57,659604.82,12,8,57.924
NS65NE_58,1,0_7,4.48413596625,-9999.0,-9999.0,-9999.0,47.638999939,1225.6250358973,178.963352486779,265598.34,659977.55,40,22,47.639
NS65NE_581,1,0_7,6.54959749362,-9999.0,-9999.0,-9999.0,63.5719985962,228.60753506607,68.9314767323878,265023.19,659603.4,12,8,63.572
NS65NE_591,1,0_7,6.99070744353,-9999.0,-9999.0,-9999.0,52.6769981384,105.722627696501,41.864157118206,265524.16,659595.24,12,8,52.677
NS65NE_593,1,0_7,6.83292962665,-9999.0,-9999.0,-9999.0,57.5069999695,126.361341968234,46.6037700324565,265437.7,659595.04,12,8,57.507
NS65NE_600,1,0_7,5.02148886415,-9999.0,-9999.0,-9999.0,51.2799987793,187.271515692228,60.7696106268927,265561.23,659590.04,28,16,51.28
NS65NE_602,1,0_7,6.54444621159,-9999.0,-9999.0,-9999.0,64.8830032349,230.008275633594,68.9898562465521,265050.65,659590.76,12,8,64.883
NS65NE_605,1,0_7,6.6218063308,-9999.0,-9999.0,-9999.0,57.1090011597,124.998359142692,46.4624358944892,265455.84,659587.57,12,8,57.109
NS65NE_606,1,0_7,5.20170376065,-9999.0,-9999.0,-9999.0,49.8149986267,237.697989108419,67.5879691026746,265594.71,659587.81,36,20,49.815
NS65NE_61,1,0_7,6.11394995981,-9999.0,-9999.0,-9999.0,42.1699981689,250.960517292367,69.5331545554454,265160.96,659968.41,20,12,42.17
NS65NE_611,1,0_7,2.70446033895,-9999.0,-9999.0,-9999.0,50.4269981384,35.6651999969373,24.1765125026667,265610.25,659578.87,12,8,50.427
NS65NE_615,1,0_7,6.59667068912,-9999.0,-9999.0,-9999.0,57.1199989319,129.21452522443,47.8233932438666,265474.25,659579.98,12,8,57.12
NS65NE_617,1,0_7,6.11814136437,-9999.0,-9999.0,-9999.0,55.341999054,142.711642342869,61.867620721899,265491.87,659583.29,28,16,55.342
NS65NE_620,1,0_7,6.87565610075,-9999.0,-9999.0,-9999.0,55.3339996338,109.659102622678,42.5789682398764,265523.3,659578.2,12,8,55.334
NS65NE_623,1,0_7,6.36563088743,-9999.0,-9999.0,-9999.0,66.4189987183,235.082230071811,69.7327231126825,265078.36,659577.82,12,8,66.419
NS65NE_628,1,0_7,4.79165895679,-9999.0,-9999.0,-9999.0,53.2080001831,202.991673741055,56.2800783387761,265559.5,659571.67,32,18,53.208
NS65NE_63,1,0_7,7.01348887415,-9999.0,-9999.0,-9999.0,50.9339981079,123.912123512478,47.1090312718557,265006.71,659963.75,20,12,50.934
NS65NE_636,1,0_7,5.2336103117,-9999.0,-9999.0,-9999.0,52.547000885,187.786567731028,60.1871790745267,265591.36,659568.35,36,20,52.547
NS65NE_64,1,0_7,5.02187303541,-9999.0,-9999.0,-9999.0,35.3260002136,644.329914104257,121.019785747327,265359.93,659974.37,40,22,35.326
NS65NE_648,1,0_7,6.39626572955,-9999.0,-9999.0,-9999.0,67.966003418,233.813715781575,69.4863066097342,265105.72,659565.06,12,8,67.966
NS65NE_654,1,0_7,6.03872168916,-9999.0,-9999.0,-9999.0,57.2369995117,115.156372975027,45.1572441353208,265520.73,659559.67,20,12,57.237
NS65NE_663,1,0_7,3.63525058799,-9999.0,-9999.0,-9999.0,57.608001709,38.074477498046,25.5208385431994,265534.95,659547.37,12,8,57.608
NS65NE_677,1,0_7,6.61177949633,-9999.0,-9999.0,-9999.0,68.9140014648,344.584482520899,94.6938736193919,265139.22,659549.77,12,8,68.914
NS65NE_679,1,0_7,6.37144663226,-9999.0,-9999.0,-9999.0,57.8759994507,108.780700813583,42.2484593462792,265518.02,659543.47,12,8,57.876
NS65NE_685,1,0_7,6.20256430505,-9999.0,-9999.0,-9999.0,55.7729988098,156.87198375693,52.506352512706,265585.4,659540.4,20,12,55.773
NS65NE_69,1,0_7,7.65629417385,-9999.0,-9999.0,-9999.0,35.0200004578,392.511746404343,137.482573818576,265250.61,659967.49,44,24,35.02
NS65NE_694,1,0_7,3.83792722109,-9999.0,-9999.0,-9999.0,56.46900177,295.800776731545,85.0987205670816,265549.41,659539.73,32,18,56.469
NS65NE_706,1,0_7,6.49016645411,-9999.0,-9999.0,-9999.0,69.5120010376,351.598181881022,94.8566372419714,265178.79,659532.73,12,8,69.512
NS65NE_71,1,0_7,5.52007012104,-9999.0,-9999.0,-9999.0,43.0600013733,131.067152832238,49.5584714821521,265121.49,659958.42,20,12,43.06
NS65NE_710,1,0_7,6.61303686475,-9999.0,-9999.0,-9999.0,58.2400016785,125.039576064907,46.4660937943749,265514.98,659526.06,12,8,58.24
NS65NE_713,1,0_7,6.58681102069,-9999.0,-9999.0,-9999.0,56.0379981995,110.089562155906,42.7582821594696,265583.04,659524.91,12,8,56.038
NS65NE_723,1,0_7,6.44508071244,-9999.0,-9999.0,-9999.0,57.0690002441,130.357978758303,47.4373865822892,265551.46,659519.91,12,8,57.069
NS65NE_734,1,0_7,6.53643388907,-9999.0,-9999.0,-9999.0,70.5270004272,354.326452695793,95.120133683019,265218.62,659515.71,12,8,70.527
NS65NE_737,1,0_7,6.51450056779,-9999.0,-9999.0,-9999.0,56.4920005798,106.344994829215,41.9234482672699,265580.38,659508.54,12,8,56.492
NS65NE_742,1,0_7,6.28068898381,-9999.0,-9999.0,-9999.0,58.5950012207,142.042238559243,51.4717093807933,265512.89,659507.28,28,16,58.595
NS65NE_748,1,0_7,2.15825867653,-9999.0,-9999.0,-9999.0,56.7120018005,24.5487525046292,21.340952985472,265589.9,659499.75,12,8,56.712
NS65NE_759,1,0_7,6.53343894125,-9999.0,-9999.0,-9999.0,57.2879981995,125.61731281812,46.5388194970405,265548.45,659501.19,12,8,57.288
NS65NE_761,1,0_7,6.50181508619,-9999.0,-9999.0,-9999.0,71.1480026245,233.670634615598,69.114615799326,265252.21,659501.36,12,8,71.148
NS65NE_772,1,0_7,6.15224191791,-9999.0,-9999.0,-9999.0,56.9930000305,123.437406762584,46.4386203313967,265578.41,659491.96,20,12,56.993
NS65NE_773,1,0_7,2.18263223138,-9999.0,-9999.0,-9999.0,64.3239974976,93.9070168783342,47.9679741493125,265007.66,659492.48,20,12,64.324
NS65NE_777,1,0_7,2.7945663206,-9999.0,-9999.0,-9999.0,56.9199981689,41.4912224978813,26.0029785256845,265601.81,659484.86,12,8,56.92
NS65NE_778,1,0_7,6.66625256177,-9999.0,-9999.0,-9999.0,59.0460014343,128.461450199011,46.8638559774196,265509.13,659488.63,12,8,59.046
NS65NE_78,1,0_7,6.1727657239,-9999.0,-9999.0,-9999.0,36.2840003967,125.206541718912,44.8321245222546,265424.27,659952.9,12,8,36.284
NS65NE_783,1,0_7,6.39668592171,-9999.0,-9999.0,-9999.0,71.2699966431,231.944275354561,69.3567925896589,265285.01,659487.36,16,10,71.27
NS65NE_787,1,0_7,5.2548036353,-9999.0,-9999.0,-9999.0,57.8370018005,209.134731248227,80.2224724531483,265539.47,659485.01,36,20,57.837
NS65NE_797,1,0_7,2.54830403761,-9999.0,-9999.0,-9999.0,67.0279998779,23.5158862529578,21.1727650809486,265001.61,659472.3,12,8,67.028
NS65NE_798,1,0_7,5.94209789786,-9999.0,-9999.0,-9999.0,57.3790016174,152.501682235534,58.4569645517689,265576.63,659475.3,28,16,57.379
NS65NE_80,1,0_7,4.89473412771,-9999.0,-9999.0,-9999.0,35.5079994202,194.760283759855,69.2717662141327,265393.09,659953.78,44,24,35.508
NS65NE_804,1,0_7,2.32534984748,-9999.0,-9999.0,-9999.0,64.1900024414,53.1632624971707,39.6189391953532,265036.47,659471.02,20,12,64.19
NS65NE_805,1,0_7,6.80203286033,-9999.0,-9999.0,-9999.0,60.2309989929,108.784673234918,42.3652929586992,265506.23,659471.19,12,8,60.231
NS65NE_811,1,0_7,5.3674792511,-9999.0,-9999.0,-9999.0,66.8519973755,155.659534733021,49.9187842316933,265010.84,659469.81,12,8,66.852
NS65NE_815,1,0_7,6.692106713,-9999.0,-9999.0,-9999.0,70.68800354,350.590219693935,94.6365298130852,265318.87,659472.96,12,8,70.688
NS65NE_82,1,0_7,7.76890953013,-9999.0,-9999.0,-9999.0,35.1090011597,81.8465877796124,36.2530714447821,265272.55,659951.38,12,8,35.109
NS65NE_822,1,0_7,5.69769317258,-9999.0,-9999.0,-9999.0,58.9133758545,162.073999811373,50.6410778420764,265540.7,659465.97,16,10,58.913
NS65NE_825,1,0_7,4.55847614712,-9999.0,-9999.0,-9999.0,65.3774337769,237.902011540146,91.5083055151019,265025.41,659469.83,52,28,65.377
NS65NE_829,1,0_7,6.9778558983,-9999.0,-9999.0,-9999.0,58.3510017395,108.680583239669,42.426553842676,265572.22,659459.19,12,8,58.351
NS65NE_831,1,0_7,2.25565077619,-9999.0,-9999.0,-9999.0,65.28150177,22.1357999989761,22.6542356147889,265068.53,659454.52,8,6,65.281
NS65NE_832,1,0_7,5.96912065926,-9999.0,-9999.0,-9999.0,66.7419967651,74.3147236043565,34.7249734708037,265039.06,659455.99,12,8,66.742
NS65NE_833,1,0_7,6.85149918333,-9999.0,-9999.0,-9999.0,61.4640007019,107.976040210666,42.4884302978664,265513.54,659455.31,12,8,61.464
NS65NE_84,1,0_7,6.14216457208,-9999.0,-9999.0,-9999.0,40.1879997253,258.193924601387,68.1356380789121,265186.97,659957.16,12,8,40.188
NS65NE_840,1,0_7,6.95642753229,-9999.0,-9999.0,-9999.0,60.9780006409,103.546431064181,41.4415074780075,265530.48,659452.44,12,8,60.978
NS65NE_844,1,0_7,6.65995991159,-9999.0,-9999.0,-9999.0,69.7239990234,341.771451571044,94.5710025953224,265358.53,659455.63,12,8,69.724
NS65NE_855,1,0_7,4.86731220622,-9999.0,-9999.0,-9999.0,66.216003418,244.021200804376,79.0676043394713,265054.2,659453.15,52,28,66.216
NS65NE_86,1,0_7,5.34888716246,-9999.0,-9999.0,-9999.0,35.5480003357,98.0869724991711,38.6147744049844,265375.95,659949.82,20,12,35.548
NS65NE_862,1,0_7,6.64213190462,-9999.0,-9999.0,-9999.0,60.016998291,107.29043802404,42.1627143585228,265578.97,659443.27,12,8,60.017
NS65NE_864,1,0_7,5.51343630648,-9999.0,-9999.0,-9999.0,66.4589996338,91.3610099820139,41.3302851213135,265070.03,659444.1,20,12,66.459
NS65NE_871,1,0_7,6.72323869638,-9999.0,-9999.0,-9999.0,59.7299995422,138.62248954964,49.2197871625506,265596.52,659440.42,16,10,59.73
NS65NE_873,1,0_7,5.29710591777,-9999.0,-9999.0,-9999.0,66.6529998779,94.0339152156215,47.5737679690588,265082.07,659438.65,28,16,66.653
NS65NE_884,1,0_7,5.26528854081,-9999.0,-9999.0,-9999.0,66.1149978638,136.563489543267,61.7198081571875,265094.11,659433.56,24,14,66.115
NS65NE_885,1,0_7,3.06265955673,-9999.0,-9999.0,-9999.0,65.5889968872,59.9767875065032,31.117213933908,265133.63,659429.92,12,8,65.589
NS65NE_896,1,0_7,5.64312096893,-9999.0,-9999.0,-9999.0,67.1090011597,123.409929421654,44.5711136917875,265107.16,659424.94,12,8,67.109
NS65NE_899,1,0_7,6.97505058315,-9999.0,-9999.0,-9999.0,68.9940032959,215.678346123738,63.1459203685562,265418.47,659425.46,12,8,68.994
NS65NE_903,1,0_7,6.80510202598,-9999.0,-9999.0,-9999.0,68.9150009155,143.537744361472,48.7207240133688,265376.47,659424.34,12,8,68.915
NS65NE_904,1,0_7,5.41560178934,-9999.0,-9999.0,-9999.0,70.1620025635,153.621585755402,56.7268243467571,265025.38,659423.93,44,24,70.162
NS65NE_910,1,0_7,2.55530608861,-9999.0,-9999.0,-9999.0,65.716003418,33.6450074936007,27.148743584028,265179.49,659418.71,8,6,65.716
NS65NE_912,1,0_7,5.20947247882,-9999.0,-9999.0,-9999.0,68.2149963379,146.229557839885,52.7616885630801,265052.05,659418.4,28,16,68.215
NS65NE_913,1,0_7,5.51274413759,-9999.0,-9999.0,-9999.0,67.3700027466,129.976339009816,45.6821666602572,265122.64,659418.94,12,8,67.37
NS65NE_914,1,0_7,4.49964347657,-9999.0,-9999.0,-9999.0,69.047996521,200.323761758844,59.2164775469818,265441.16,659419.72,12,8,69.048
NS65NE_919,1,0_7,5.04089650888,-9999.0,-9999.0,-9999.0,67.3509979248,144.929235693776,50.5733720254714,265139.61,659417.41,20,12,67.351
NS65NE_924,1,0_7,5.61681902506,-9999.0,-9999.0,-9999.0,67.2679977417,123.834619029268,44.6648428888725,265155.01,659413.14,12,8,67.268
NS65NE_926,1,0_7,5.91039966282,-9999.0,-9999.0,-9999.0,67.138999939,77.6111446624941,35.4112096708486,265168.18,659411.57,12,8,67.139
NS65NE_931,1,0_7,5.47666961041,-9999.0,-9999.0,-9999.0,68.5149993896,125.563004659302,45.9781039459212,265069.05,659409.57,20,12,68.515
NS65NE_933,1,0_7,5.15379554766,-9999.0,-9999.0,-9999.0,67.388999939,111.311934461059,46.124556732018,265185.81,659407.35,20,12,67.389
NS65NE_937,1,0_7,6.84030376319,-9999.0,-9999.0,-9999.0,69.3109970093,141.653306931499,48.4249198777682,265371.61,659407.63,12,8,69.311
NS65NE_939,1,0_7,4.84129442189,-9999.0,-9999.0,-9999.0,69.5070037842,190.286215583156,78.4975581668056,265033.13,659406.5,44,24,69.507
NS65NE_94,1,0_7,6.20304537943,-9999.0,-9999.0,-9999.0,39.1100006104,233.705453000257,66.2586463246572,265231.11,659950.25,20,12,39.11
NS65NE_952,1,0_7,4.63152428001,-9999.0,-9999.0,-9999.0,68.6890029907,178.675558066835,62.2952135602933,265081.24,659398.86,44,24,68.689
NS65NE_953,1,0_7,6.00756642959,-9999.0,-9999.0,-9999.0,67.9580001831,86.9269848877255,37.8190737275435,265194.37,659395.63,12,8,67.958
NS65NE_955,1,0_7,2.24207418105,-9999.0,-9999.0,-9999.0,72.8357315063,70.6641495992724,34.024810237832,265038.18,659393.72,20,12,72.836
NS65NE_956,1,0_7,6.11439252312,-9999.0,-9999.0,-9999.0,68.8740005493,102.837437417793,40.8574977943462,265099.05,659393.76,12,8,68.874
NS65NE_968,1,0_7,6.57629112289,-9999.0,-9999.0,-9999.0,69.1259994507,1443.80384445286,241.878808483389,265499.47,659403.76,88,46,69.126
NS65NE_970,1,0_7,5.7444364946,-9999.0,-9999.0,-9999.0,68.8870010376,116.917407963433,45.4805799748498,265114.94,659388.76,20,12,68.887
NS65NE_971,1,0_7,6.10986755074,-9999.0,-9999.0,-9999.0,68.9609985352,107.189878059109,41.746295406528,265130.95,659387.4,12,8,68.961
NS65NE_975,1,0_7,3.02189864399,-9999.0,-9999.0,-9999.0,68.533996582,54.9328950025846,29.6979613457209,265288.5,659384.02,12,8,68.534
NS65NE_977,1,0_7,4.24454974691,-9999.0,-9999.0,-9999.0,68.1119995117,171.349754819027,76.830113100824,265196.9,659386.01,36,20,68.112
NS65NE_978,1,0_7,6.19990190506,-9999.0,-9999.0,-9999.0,68.9179992676,101.990506143449,40.7055106236324,265146.79,659385.02,12,8,68.918
NS65NE_980,1,0_7,5.39475590366,-9999.0,-9999.0,-9999.0,73.297996521,146.333137364238,50.0034395479158,265026.08,659386.59,12,8,73.298
NS65NE_986,1,0_7,10.1586172338,-9999.0,-9999.0,-9999.0,68.5260009766,287.554595167817,77.4580653605174,265254.85,659383.63,28,16,68.526
NS65NE_987,1,0_7,6.18373977211,-9999.0,-9999.0,-9999.0,69.6490020752,95.8519223026672,42.0307261225151,265304.76,659378.43,20,12,69.649
NS65NE_99,1,0_7,6.56773693407,-9999.0,-9999.0,-9999.0,43.1619987488,101.916717304012,41.1929959080241,265114.38,659942.04,12,8,43.162
NS65NE_992,1,0_7,4.57775569098,-9999.0,-9999.0,-9999.0,69.0719985962,137.278991251988,60.3577320817769,265156.93,659375.7,32,18,69.072
NS65NE_8,1,0_8,6.59634110652,-9999.0,-9999.0,-9999.0,50.1588020325,128.681897539787,46.7245062316232,265055.52,660000.17,12,8,50.159
NS65NE_1474,1,1_5,3.44030883095,-9999.0,-9999.0,-9999.0,91.9139328003,47.6845387501236,27.9665915026795,265770.44,658581.6,12,8,91.914
NS65NE_1483,1,1_5,2.91864457241,-9999.0,-9999.0,-9999.0,99.1449966431,81.6971270951367,38.4647754979492,266007.04,658459.61,12,8,99.145
NS65NE_1007,1,1_6,6.12156510611,-9999.0,-9999.0,-9999.0,68.9489974976,146.808118287827,53.6855620261452,265792.18,659366.68,20,12,68.949
NS65NE_1008,1,1_6,4.27850929253,-9999.0,-9999.0,-9999.0,61.2144012451,283.370959222137,97.0416588376111,266158.15,659370.71,56,30,61.214
NS65NE_1014,1,1_6,5.80581954311,-9999.0,-9999.0,-9999.0,68.841003418,171.732124449878,62.8521039442939,265814.33,659363.67,28,16,68.841
NS65NE_1017,1,1_6,7.43371045843,-9999.0,-9999.0,-9999.0,62.138999939,192.40005220791,57.4462628669826,265941.31,659366.96,12,8,62.139
NS65NE_1022,1,1_6,6.19163157639,-9999.0,-9999.0,-9999.0,65.4499969482,133.565285006371,49.9912614933413,265895.87,659362.69,12,8,65.45
NS65NE_1025,1,1_6,7.02875849682,-9999.0,-9999.0,-9999.0,58.5690002441,232.406526532147,69.8627765132753,266034.41,659363.59,28,16,58.569
NS65NE_1026,1,1_6,3.77895503302,-9999.0,-9999.0,-9999.0,58.8264312744,397.384346996381,84.4233212240548,266090.5,659365.21,36,20,58.826
NS65NE_1031,1,1_6,1.92119841482,-9999.0,-9999.0,-9999.0,62.611000061,53.4761894892246,29.8200997501029,266197.84,659355.06,12,8,62.611
NS65NE_1040,1,1_6,7.16859252603,-9999.0,-9999.0,-9999.0,59.5110015869,166.657917551112,54.9563748953761,265995.1,659352.43,12,8,59.511
NS65NE_1046,1,1_6,4.94262955795,-9999.0,-9999.0,-9999.0,62.8077125549,363.481375120194,84.0139210673935,266176.47,659352.79,44,24,62.808
NS65NE_1049,1,1_6,6.82979964755,-9999.0,-9999.0,-9999.0,68.716003418,211.990081535087,62.8774807431495,265726.68,659348.68,12,8,68.716
NS65NE_1053,1,1_6,7.46695545957,-9999.0,-9999.0,-9999.0,63.6139984131,196.77540245263,58.104650248518,265932.19,659346.24,12,8,63.614
NS65NE_1054,1,1_6,5.05215636505,-9999.0,-9999.0,-9999.0,62.4399986267,225.368508024348,78.8845133001341,266136.0,659346.17,60,32,62.44
NS65NE_1055,1,1_6,6.35647733284,-9999.0,-9999.0,-9999.0,68.5100021362,117.596508010646,43.85847978124,265763.68,659340.84,12,8,68.51
NS65NE_1057,1,1_6,5.99517388803,-9999.0,-9999.0,-9999.0,60.408000946,515.493615764192,152.085987294785,266238.2,659352.1,52,28,60.408
NS65NE_1061,1,1_6,6.4915109306,-9999.0,-9999.0,-9999.0,66.6105041504,161.340513517162,53.5855458578275,265890.76,659340.52,12,8,66.611
NS65NE_1063,1,1_6,5.42941821853,-9999.0,-9999.0,-9999.0,68.4599990845,212.249609441713,66.0700488398149,265784.47,659337.49,28,16,68.46
NS65NE_1064,1,1_6,6.3716973775,-9999.0,-9999.0,-9999.0,68.8030014038,221.118399166771,68.5661130175384,265831.97,659342.77,36,20,68.803
NS65NE_1065,1,1_6,7.04209238534,-9999.0,-9999.0,-9999.0,59.1479988098,173.062531580172,56.2032393845097,266022.26,659340.55,20,12,59.148
NS65NE_1073,1,1_6,6.67929762212,-9999.0,-9999.0,-9999.0,71.4290008545,159.313658058705,53.5504288675887,265636.17,659333.29,12,8,71.429
NS65NE_1075,1,1_6,2.44933905425,-9999.0,-9999.0,-9999.0,62.5019989014,28.1695200048924,22.565158704682,265962.81,659329.01,12,8,62.502
NS65NE_1077,1,1_6,5.88379689023,-9999.0,-9999.0,-9999.0,68.6630020142,147.04933431645,58.0080673086413,265807.82,659331.74,36,20,68.663
NS65NE_1079,1,1_6,6.89246570587,-9999.0,-9999.0,-9999.0,60.6650009155,128.783381906454,45.4745427120349,266080.02,659332.29,12,8,60.665
NS65NE_1085,1,1_6,6.28226107643,-9999.0,-9999.0,-9999.0,71.6330032349,138.864115724187,54.1158239743672,265658.54,659327.97,20,12,71.633
NS65NE_1086,1,1_6,6.84581032906,-9999.0,-9999.0,-9999.0,63.7589988708,191.477934305504,59.4020604194936,266192.09,659332.12,12,8,63.759
NS65NE_1090,1,1_6,3.06846350954,-9999.0,-9999.0,-9999.0,68.4499969482,44.1444637524676,27.0128132071684,265825.91,659324.85,12,8,68.45
NS65NE_1092,1,1_6,5.06254769621,-9999.0,-9999.0,-9999.0,62.8260002136,234.472935252464,62.9451198208045,266146.43,659330.9,24,14,62.826
NS65NE_1105,1,1_6,6.41900496833,-9999.0,-9999.0,-9999.0,71.513999939,134.419281029793,51.6776375575877,265681.24,659321.81,12,8,71.514
NS65NE_1106,1,1_6,2.33772145147,-9999.0,-9999.0,-9999.0,68.9929962158,24.9708824960635,20.5837960460414,265789.26,659318.66,12,8,68.993
NS65NE_1107,1,1_6,7.36456749287,-9999.0,-9999.0,-9999.0,65.5360031128,191.992510149043,57.2610217136774,265923.08,659325.71,12,8,65.536
NS65NE_1109,1,1_6,3.88850040516,-9999.0,-9999.0,-9999.0,59.8310012817,122.102501422389,44.2000103450436,266013.74,659321.49,12,8,59.831
NS65NE_1111,1,1_6,5.8466204669,-9999.0,-9999.0,-9999.0,70.5319976807,145.062794187743,57.7668131264184,265723.21,659324.03,36,20,70.532
NS65NE_1112,1,1_6,5.67597806865,-9999.0,-9999.0,-9999.0,61.9519996643,93.0007575319099,40.8742878380596,266103.6,659320.2,28,16,61.952
NS65NE_1115,1,1_6,5.40496180943,-9999.0,-9999.0,-9999.0,67.6839981079,181.815321997279,57.4333653019536,265880.81,659323.13,24,14,67.684
NS65NE_1120,1,1_6,2.06288986664,-9999.0,-9999.0,-9999.0,63.5110015869,87.6578023259773,40.0737157806444,265957.04,659316.31,20,12,63.511
NS65NE_1123,1,1_6,4.58325740762,-9999.0,-9999.0,-9999.0,60.4700012207,484.259717156239,125.749115510519,265979.28,659326.91,44,24,60.47
NS65NE_1126,1,1_6,6.00284082749,-9999.0,-9999.0,-9999.0,71.3560028076,182.848838947868,61.5896167096689,265705.06,659314.65,20,12,71.356
NS65NE_1129,1,1_6,5.33311899959,-9999.0,-9999.0,-9999.0,63.1694717407,251.536318926373,75.4014680417803,266159.42,659318.38,52,28,63.169
NS65NE_1130,1,1_6,6.91836877853,-9999.0,-9999.0,-9999.0,61.3520011902,131.190155508208,45.9297812157645,266073.16,659314.46,12,8,61.352
NS65NE_1136,1,1_6,5.33907775669,-9999.0,-9999.0,-9999.0,69.4619979858,187.954011707515,71.0514390127555,265755.34,659316.14,28,16,69.462
NS65NE_1137,1,1_6,6.98735731516,-9999.0,-9999.0,-9999.0,64.0599975586,194.608793679166,60.0114023050348,266208.22,659313.41,12,8,64.06
NS65NE_1143,1,1_6,2.92700536245,-9999.0,-9999.0,-9999.0,59.1935005188,98.6794385102631,44.1249568099496,266024.77,659306.63,28,16,59.194
NS65NE_1146,1,1_6,2.37353319999,-9999.0,-9999.0,-9999.0,68.1335983276,22.0770524961328,19.6242616395059,265833.08,659300.66,12,8,68.134
NS65NE_1152,1,1_6,6.29500235059,-9999.0,-9999.0,-9999.0,62.2089996338,128.213975424258,45.3565821263531,266111.27,659302.61,12,8,62.209
NS65NE_1155,1,1_6,2.46866999044,-9999.0,-9999.0,-9999.0,64.0530014038,39.2632050061389,25.1634877274786,266178.52,659300.02,12,8,64.053
NS65NE_1157,1,1_6,6.97705790805,-9999.0,-9999.0,-9999.0,67.4250030518,191.861789160416,57.2623388797196,265914.23,659305.24,12,8,67.425
NS65NE_1163,1,1_6,6.19582706028,-9999.0,-9999.0,-9999.0,68.1240005493,129.949844825696,48.8907923719086,265873.64,659302.07,12,8,68.124
NS65NE_1168,1,1_6,6.66022817294,-9999.0,-9999.0,-9999.0,62.4869995117,111.841303735333,44.3405346239842,266064.63,659297.89,20,12,62.487
NS65NE_1169,1,1_6,5.44514407405,-9999.0,-9999.0,-9999.0,68.9400024414,285.119372814579,104.761352432144,265772.45,659301.86,60,32,68.94
NS65NE_1178,1,1_6,2.01900408106,-9999.0,-9999.0,-9999.0,67.9752807617,30.4750199981894,25.7712651512896,265937.59,659291.4,8,6,67.975
NS65NE_1180,1,1_6,5.06672873778,-9999.0,-9999.0,-9999.0,61.1780014038,347.199692743722,93.8981497400782,266005.17,659300.81,36,20,61.178
NS65NE_1184,1,1_6,5.90658734161,-9999.0,-9999.0,-9999.0,68.861000061,159.23471785667,57.6193371306402,265789.69,659291.16,28,16,68.861
NS65NE_1187,1,1_6,7.18668873045,-9999.0,-9999.0,-9999.0,65.1770019531,182.977125818854,58.9443773490341,266224.46,659294.44,12,8,65.177
NS65NE_1190,1,1_6,2.51628505769,-9999.0,-9999.0,-9999.0,71.9029998779,110.274516800245,45.7964819354335,265649.22,659289.26,12,8,71.903
NS65NE_1191,1,1_6,2.4135853884,-9999.0,-9999.0,-9999.0,63.2480010986,37.7144512470522,24.8593882741851,266142.66,659284.35,12,8,63.248
NS65NE_1193,1,1_6,5.57791929812,-9999.0,-9999.0,-9999.0,63.2000007629,94.4445736647102,40.1157736758588,266106.62,659286.31,20,12,63.2
NS65NE_1195,1,1_6,6.15848046466,-9999.0,-9999.0,-9999.0,68.6679992676,121.783637150847,44.6099162924988,265809.64,659286.17,12,8,68.668
NS65NE_1196,1,1_6,6.49706077078,-9999.0,-9999.0,-9999.0,63.1920013428,100.601755252175,40.1232236152083,266056.18,659285.34,12,8,63.192
NS65NE_1206,1,1_6,6.47914204683,-9999.0,-9999.0,-9999.0,63.5800018311,129.842454701401,45.7185061078628,266089.26,659282.98,12,8,63.58
NS65NE_1207,1,1_6,5.63718479058,-9999.0,-9999.0,-9999.0,63.9653358459,354.138730675052,112.973057790195,265962.39,659291.05,48,26,63.965
NS65NE_1210,1,1_6,6.89861886738,-9999.0,-9999.0,-9999.0,67.8359985352,189.6725363384,57.0236306219392,265907.16,659283.17,12,8,67.836
NS65NE_1211,1,1_6,5.45945995486,-9999.0,-9999.0,-9999.0,68.2750015259,186.322139914216,64.7500372837235,265828.83,659281.31,36,20,68.275
NS65NE_1214,1,1_6,7.03332911013,-9999.0,-9999.0,-9999.0,64.7229995728,199.36658315754,60.6159043364666,266177.61,659283.0,24,14,64.723
NS65NE_1216,1,1_6,3.40325642332,-9999.0,-9999.0,-9999.0,71.547996521,106.816410014344,45.3743287134403,265662.97,659276.1,20,12,71.548
NS65NE_1217,1,1_6,6.54208091149,-9999.0,-9999.0,-9999.0,68.1149978638,166.027986985308,57.4550307944101,265869.77,659280.63,28,16,68.115
NS65NE_1226,1,1_6,5.46634200298,-9999.0,-9999.0,-9999.0,63.7873344421,120.966746250863,44.3833823725439,266049.89,659273.62,16,10,63.787
NS65NE_1230,1,1_6,6.47784528425,-9999.0,-9999.0,-9999.0,68.013999939,156.395016292047,52.9813761269787,265850.91,659271.84,12,8,68.014
NS65NE_1233,1,1_6,7.18093574636,-9999.0,-9999.0,-9999.0,66.8199996948,193.844136066011,59.8092840384106,266240.46,659275.11,20,12,66.82
NS65NE_1238,1,1_6,5.07754744688,-9999.0,-9999.0,-9999.0,62.5690002441,349.850149469181,115.388670239402,265995.52,659277.06,64,34,62.569
NS65NE_1251,1,1_6,7.15579831566,-9999.0,-9999.0,-9999.0,65.2300033569,180.15405401006,58.0957857774899,266154.7,659264.7,12,8,65.23
NS65NE_1252,1,1_6,2.5668656654,-9999.0,-9999.0,-9999.0,65.5859985352,29.7446924948542,24.9175343071249,266098.75,659258.62,8,6,65.586
NS65NE_1265,1,1_6,4.33246751868,-9999.0,-9999.0,-9999.0,67.2129974365,176.79424558434,53.8466290878922,265902.21,659254.16,12,8,67.213
NS65NE_1271,1,1_6,7.19260408845,-9999.0,-9999.0,-9999.0,65.5899963379,165.68639269918,54.6397828730884,266129.52,659253.15,12,8,65.59
NS65NE_1277,1,1_6,4.07062780069,-9999.0,-9999.0,-9999.0,67.1930007935,440.00516899076,155.010165661004,265949.43,659253.68,76,40,67.193
NS65NE_1279,1,1_6,5.74786829831,-9999.0,-9999.0,-9999.0,65.3850021362,104.99225087219,43.2336459393974,266071.68,659249.89,28,16,65.385
NS65NE_1280,1,1_6,6.81041166463,-9999.0,-9999.0,-9999.0,65.6009979248,198.56813971801,63.6630117083464,266205.79,659248.88,28,16,65.601
NS65NE_1286,1,1_6,4.55428020006,-9999.0,-9999.0,-9999.0,62.6829986572,234.323618206624,95.1821472477279,265988.81,659252.75,48,26,62.683
NS65NE_1290,1,1_6,6.33083638605,-9999.0,-9999.0,-9999.0,63.9889984131,233.736930442447,96.1662415909898,266039.24,659253.96,52,28,63.989
NS65NE_1298,1,1_6,6.96539530613,-9999.0,-9999.0,-9999.0,65.5999984741,193.641620608116,59.1645792890242,266179.58,659242.8,12,8,65.6
NS65NE_1302,1,1_6,3.23911556052,-9999.0,-9999.0,-9999.0,63.6349983215,47.0538112521319,28.3269541770758,265971.64,659235.11,12,8,63.635
NS65NE_1305,1,1_6,5.90475522043,-9999.0,-9999.0,-9999.0,67.8990020752,121.448624201126,46.2366012757498,266230.42,659235.74,20,12,67.899
NS65NE_1307,1,1_6,6.89348663855,-9999.0,-9999.0,-9999.0,67.1119995117,192.608245784894,59.3961729119816,266103.15,659238.22,12,8,67.112
NS65NE_1312,1,1_6,6.54793846494,-9999.0,-9999.0,-9999.0,64.75,109.977303278148,42.1877844008623,266019.49,659233.84,12,8,64.75
NS65NE_1314,1,1_6,2.56979741277,-9999.0,-9999.0,-9999.0,66.9489974976,38.1038437500636,24.7774480944099,266178.43,659228.62,12,8,66.949
NS65NE_1316,1,1_6,7.10474808969,-9999.0,-9999.0,-9999.0,66.4580001831,190.064895239348,59.2307980080438,266156.36,659232.32,12,8,66.458
NS65NE_1322,1,1_6,5.60040455424,-9999.0,-9999.0,-9999.0,65.9609985352,114.549641843446,44.5523252143407,266060.75,659228.86,20,12,65.961
NS65NE_1332,1,1_6,6.3911191022,-9999.0,-9999.0,-9999.0,68.0810012817,105.504240274605,41.1319233787603,266223.66,659222.51,12,8,68.081
NS65NE_1333,1,1_6,6.52496139502,-9999.0,-9999.0,-9999.0,67.3960037231,163.600863105363,51.7318025960924,266082.53,659224.33,12,8,67.396
NS65NE_1335,1,1_6,5.93744195448,-9999.0,-9999.0,-9999.0,65.1480026245,101.090621096112,40.2187704068117,266005.27,659219.74,12,8,65.148
NS65NE_1337,1,1_6,7.16110845486,-9999.0,-9999.0,-9999.0,67.8239974976,170.295996652681,55.1670381419373,266131.89,659220.77,12,8,67.824
NS65NE_1354,1,1_6,7.04727070482,-9999.0,-9999.0,-9999.0,68.43800354,101.569741087715,40.3207070555194,266217.35,659209.29,12,8,68.438
NS65NE_1357,1,1_6,5.65853401227,-9999.0,-9999.0,-9999.0,65.7689971924,91.8416526384513,40.8693689827208,266009.04,659202.78,28,16,65.769
NS65NE_1361,1,1_6,6.87642098658,-9999.0,-9999.0,-9999.0,67.5299987793,163.051090292069,54.1828761026263,266112.11,659204.47,12,8,67.53
NS65NE_1364,1,1_6,6.98543523973,-9999.0,-9999.0,-9999.0,69.1179962158,106.003945476282,41.1838898871144,266211.67,659196.84,12,8,69.118
NS65NE_1369,1,1_6,6.36044273069,-9999.0,-9999.0,-9999.0,66.3219985962,128.247254035869,45.3891250989658,266023.27,659193.51,12,8,66.322
NS65NE_1370,1,1_6,6.79485415023,-9999.0,-9999.0,-9999.0,67.1699981689,192.815554860988,59.7214311239404,266060.74,659196.34,12,8,67.17
NS65NE_1377,1,1_6,2.82248126221,-9999.0,-9999.0,-9999.0,67.0670013428,32.6222774974971,23.053111703221,266113.52,659182.31,12,8,67.067
NS65NE_1386,1,1_6,6.93960936224,-9999.0,-9999.0,-9999.0,67.1009979248,165.406055246379,54.505009475219,266099.36,659181.52,12,8,67.101
NS65NE_1390,1,1_6,5.48347204493,-9999.0,-9999.0,-9999.0,69.5370025635,260.095542233206,93.7011303453036,266202.0,659178.68,68,36,69.537
NS65NE_1399,1,1_6,6.66628338567,-9999.0,-9999.0,-9999.0,67.3069992065,195.408353613056,59.9440350869189,266064.8,659169.54,12,8,67.307
NS65NE_1401,1,1_6,5.39888495221,-9999.0,-9999.0,-9999.0,69.1029968262,107.645124681,41.5110642065286,266246.44,659161.41,12,8,69.103
NS65NE_1402,1,1_6,5.36764272054,-9999.0,-9999.0,-9999.0,69.6449966431,198.896721035033,87.2629804171298,266189.17,659160.93,44,24,69.645
NS65NE_1404,1,1_6,6.7660717142,-9999.0,-9999.0,-9999.0,67.5110015869,191.964528569579,59.2893448962854,266094.38,659155.31,12,8,67.511
NS65NE_1414,1,1_6,6.82477028139,-9999.0,-9999.0,-9999.0,69.4749984741,104.964777728639,40.9832718149904,266186.46,659144.47,12,8,69.475
NS65NE_1416,1,1_6,6.03500987666,-9999.0,-9999.0,-9999.0,69.2760009766,108.356886014484,44.9713622377076,266224.3,659139.32,20,12,69.276
NS65NE_1419,1,1_6,6.99229346162,-9999.0,-9999.0,-9999.0,68.0989990234,197.44693621527,60.5284358882272,266056.52,659140.59,12,8,68.099
NS65NE_1423,1,1_6,5.45343686206,-9999.0,-9999.0,-9999.0,69.3590011597,142.359777312958,51.5174220618111,266179.45,659130.16,20,12,69.359
NS65NE_1430,1,1_6,4.84609070023,-9999.0,-9999.0,-9999.0,69.408996582,197.70922545361,81.3715004874413,266210.49,659124.05,36,20,69.409
NS65NE_1438,1,1_6,4.98224186826,-9999.0,-9999.0,-9999.0,69.3020019531,345.18656163548,126.331847904365,266239.57,659119.78,64,34,69.302
NS65NE_1454,1,1_6,2.83037259084,-9999.0,-9999.0,-9999.0,73.6819992065,133.02932035983,46.3344198439597,265921.52,659062.57,12,8,73.682
NS65NE_1456,1,1_6,4.19349892444,-9999.0,-9999.0,-9999.0,73.5049972534,284.269243259235,85.5595998968219,265934.31,659052.88,32,16,73.505
NS65NE_1457,1,1_6,3.93296887569,-9999.0,-9999.0,-9999.0,73.4209976196,2584.82678541559,395.320266321548,265892.2,659068.5,144,70,73.421
NS65NE_1458,1,1_6,3.98689641549,-9999.0,-9999.0,-9999.0,73.5220031738,630.043682850021,116.96068308129,265972.23,659029.13,28,16,73.522
NS65NE_100,1,1_7,6.9446890605,-9999.0,-9999.0,-9999.0,41.0760002136,302.194380321319,76.9950912778797,265954.17,659942.14,12,8,41.076
NS65NE_1000,1,1_7,7.03163478558,-9999.0,-9999.0,-9999.0,59.2900009155,232.863567149842,70.0602635013038,266003.68,659375.91,28,16,59.29
NS65NE_102,1,1_7,6.87900749697,-9999.0,-9999.0,-9999.0,43.6710014343,194.46660051191,57.6497125164786,265756.28,659939.66,12,8,43.671
NS65NE_103,1,1_7,5.95987674003,-9999.0,-9999.0,-9999.0,39.5750007629,682.633953160373,192.101433710463,266069.82,659949.02,52,28,39.575
NS65NE_114,1,1_7,5.95523778115,-9999.0,-9999.0,-9999.0,40.7729988098,1367.5959367845,358.376456640675,266006.14,659979.22,128,66,40.773
NS65NE_119,1,1_7,6.95929646461,-9999.0,-9999.0,-9999.0,42.6069984436,190.743200473222,57.1767278248538,265870.88,659930.1,12,8,42.607
NS65NE_128,1,1_7,7.08678540091,-9999.0,-9999.0,-9999.0,41.2849998474,197.252234637139,58.3720343297212,265893.48,659924.47,12,8,41.285
NS65NE_132,1,1_7,7.07453995354,-9999.0,-9999.0,-9999.0,44.3720016479,193.122633367615,57.5343018069887,265721.5,659925.24,12,8,44.372
NS65NE_133,1,1_7,2.57736643623,-9999.0,-9999.0,-9999.0,39.3059997559,30.5275125025073,26.7916829335079,266055.26,659919.79,8,6,39.306
NS65NE_136,1,1_7,6.89684880608,-9999.0,-9999.0,-9999.0,42.6539993286,192.947257663076,57.3828686718199,265816.11,659924.02,12,8,42.654
NS65NE_137,1,1_7,5.42199949363,-9999.0,-9999.0,-9999.0,41.8180007935,607.550994020036,134.668638900547,266219.92,659936.07,60,32,41.818
NS65NE_141,1,1_7,7.19839431525,-9999.0,-9999.0,-9999.0,40.608001709,199.541926520132,58.7096290616902,265915.8,659918.72,12,8,40.608
NS65NE_147,1,1_7,6.59447534286,-9999.0,-9999.0,-9999.0,43.986000061,205.354261357001,63.4842189469209,265752.81,659917.1,28,16,43.986
NS65NE_148,1,1_7,5.74771490929,-9999.0,-9999.0,-9999.0,40.5159988403,663.586312664069,189.407354312109,266156.93,659937.2,80,42,40.516
NS65NE_149,1,1_7,7.05208737438,-9999.0,-9999.0,-9999.0,42.7439994812,193.199430397661,57.4203492900931,265846.49,659916.39,12,8,42.744
NS65NE_150,1,1_7,7.0042066268,-9999.0,-9999.0,-9999.0,40.4430007935,198.613651317226,58.7090207612939,265938.11,659913.15,12,8,40.443
NS65NE_151,1,1_7,9.97320650821,-9999.0,-9999.0,-9999.0,45.9140014648,971.099289260762,219.253208515656,265671.71,659946.93,96,50,45.914
NS65NE_156,1,1_7,7.21775959546,-9999.0,-9999.0,-9999.0,40.3699989319,193.529252728847,57.7479270080223,265960.43,659907.49,12,8,40.37
NS65NE_158,1,1_7,6.17646702734,-9999.0,-9999.0,-9999.0,39.1829986572,151.782789101762,51.8984421594027,266066.5,659906.6,20,12,39.183
NS65NE_169,1,1_7,2.45304827623,-9999.0,-9999.0,-9999.0,39.8180007935,21.4829662470298,21.7223696088026,265913.12,659896.31,8,6,39.818
NS65NE_172,1,1_7,5.88913065309,-9999.0,-9999.0,-9999.0,39.7770004272,164.443171578919,57.9523984307694,266091.39,659900.32,36,20,39.777
NS65NE_173,1,1_7,5.54561615564,-9999.0,-9999.0,-9999.0,40.966999054,354.662121724407,112.602030041881,266194.43,659900.97,56,30,40.967
NS65NE_176,1,1_7,7.05390598419,-9999.0,-9999.0,-9999.0,44.5830001831,190.366879692404,57.0363709731942,265717.01,659902.46,12,8,44.583
NS65NE_178,1,1_7,6.93912922575,-9999.0,-9999.0,-9999.0,42.4420013428,189.255714923279,56.7958190273938,265810.31,659901.66,12,8,42.442
NS65NE_181,1,1_7,6.63542774439,-9999.0,-9999.0,-9999.0,39.858001709,315.95526027204,81.2077562084568,266128.21,659902.48,12,8,39.858
NS65NE_185,1,1_7,6.85966409956,-9999.0,-9999.0,-9999.0,44.091999054,209.315622385775,64.3095136537836,265747.48,659895.45,20,12,44.092
NS65NE_188,1,1_7,7.02945801813,-9999.0,-9999.0,-9999.0,42.2439994812,191.473430070851,57.1294009094554,265840.69,659893.89,12,8,42.244
NS65NE_195,1,1_7,8.17362304829,-9999.0,-9999.0,-9999.0,46.5265007019,334.408530156165,81.3644000011376,265663.61,659891.93,48,26,46.526
NS65NE_198,1,1_7,7.25001659481,-9999.0,-9999.0,-9999.0,45.2320022583,166.471408920939,57.1428080717073,265696.9,659884.3,20,12,45.232
NS65NE_213,1,1_7,6.92722152911,-9999.0,-9999.0,-9999.0,42.1920013428,192.096869297892,57.2712863912257,265804.58,659879.16,12,8,42.192
NS65NE_22,1,1_7,5.85680941054,-9999.0,-9999.0,-9999.0,43.0229988098,206.020562650555,64.0952006351397,266071.38,659986.6,28,16,43.023
NS65NE_222,1,1_7,7.09739499383,-9999.0,-9999.0,-9999.0,43.2610015869,192.299485973212,57.3026033344714,265760.52,659871.13,12,8,43.261
NS65NE_225,1,1_7,7.01007935875,-9999.0,-9999.0,-9999.0,41.9309997559,193.434075980024,57.5463311862613,265836.38,659870.98,12,8,41.931
NS65NE_229,1,1_7,5.74495602754,-9999.0,-9999.0,-9999.0,40.0379981995,269.70859432489,107.749840826391,266188.51,659871.33,68,36,40.038
NS65NE_236,1,1_7,7.11409641448,-9999.0,-9999.0,-9999.0,42.486000061,192.626935648515,57.3585381779623,265783.08,659865.09,12,8,42.486
NS65NE_24,1,1_7,6.93186583866,-9999.0,-9999.0,-9999.0,42.9580001831,192.474972169118,57.1688171470754,265785.65,659985.58,12,8,42.958
NS65NE_244,1,1_7,6.01177098264,-9999.0,-9999.0,-9999.0,40.2039985657,122.281221518171,48.5043076708137,266201.59,659859.42,28,16,40.204
NS65NE_258,1,1_7,5.80491301231,-9999.0,-9999.0,-9999.0,40.2420005798,133.538867370352,51.0685632282346,266211.12,659849.36,20,12,40.242
NS65NE_259,1,1_7,7.1161298927,-9999.0,-9999.0,-9999.0,42.0800018311,194.089489409793,57.6608813988679,265829.13,659848.86,12,8,42.08
NS65NE_264,1,1_7,2.4381686078,-9999.0,-9999.0,-9999.0,40.5320014954,40.8971587457234,25.7129201447684,265851.87,659839.76,12,8,40.532
NS65NE_266,1,1_7,7.12859348516,-9999.0,-9999.0,-9999.0,42.9609985352,166.667657336687,54.7227548036855,265753.02,659841.45,12,8,42.961
NS65NE_273,1,1_7,2.00666447931,-9999.0,-9999.0,-9999.0,45.0769996643,148.215610879642,62.7204636222645,265703.61,659844.71,12,8,45.077
NS65NE_274,1,1_7,8.67991512399,-9999.0,-9999.0,-9999.0,40.9010009766,1515.52406304524,169.59667209667,266041.87,659852.53,12,8,40.901
NS65NE_277,1,1_7,6.82532468125,-9999.0,-9999.0,-9999.0,42.6409988403,165.698398289558,54.6323968261757,265775.06,659835.67,12,8,42.641
NS65NE_287,1,1_7,3.9556646453,-9999.0,-9999.0,-9999.0,41.2229995728,97.9723932624141,40.6787916896463,266233.3,659829.67,20,12,41.223
NS65NE_289,1,1_7,2.64523281298,-9999.0,-9999.0,-9999.0,40.8019981384,48.7041449922264,28.0026530177082,266161.17,659824.46,12,8,40.802
NS65NE_292,1,1_7,7.21218726749,-9999.0,-9999.0,-9999.0,44.1137504578,170.454450351371,55.4356640667399,265733.67,659828.8,20,12,44.114
NS65NE_294,1,1_7,6.95652930319,-9999.0,-9999.0,-9999.0,42.2900009155,193.899880729774,57.6493875705355,265823.36,659826.52,12,8,42.29
NS65NE_298,1,1_7,3.55694332873,-9999.0,-9999.0,-9999.0,40.8019981384,128.428028590132,57.3632808233713,266091.78,659817.03,28,16,40.802
NS65NE_299,1,1_7,10.9564668041,-9999.0,-9999.0,-9999.0,45.6753311157,872.255765048632,229.767005998889,265680.31,659835.93,72,38,45.675
NS65NE_30,1,1_7,6.85183197041,-9999.0,-9999.0,-9999.0,42.891998291,193.358157314097,57.4676367021421,265809.09,659979.52,12,8,42.892
NS65NE_300,1,1_7,2.68450539287,-9999.0,-9999.0,-9999.0,40.6829986572,129.847182151293,52.7700055588963,266143.3,659817.15,28,16,40.683
NS65NE_306,1,1_7,7.07535479015,-9999.0,-9999.0,-9999.0,42.8499984741,189.949091619222,57.0077636208591,265787.45,659811.81,12,8,42.85
NS65NE_312,1,1_7,7.33231477824,-9999.0,-9999.0,-9999.0,44.4010009766,168.415388249034,54.876188433702,265730.6,659806.63,12,8,44.401
NS65NE_320,1,1_7,7.12493548048,-9999.0,-9999.0,-9999.0,42.8170013428,216.310404297506,63.4220809357597,265817.23,659802.22,12,8,42.817
NS65NE_334,1,1_7,2.96317036947,-9999.0,-9999.0,-9999.0,47.1819992065,35.3694712478075,24.974041207246,265907.45,659781.86,16,10,47.182
NS65NE_339,1,1_7,6.8086362273,-9999.0,-9999.0,-9999.0,42.9199981689,196.506479816834,59.8434093716901,265781.93,659787.92,12,8,42.92
NS65NE_34,1,1_7,5.16145673153,-9999.0,-9999.0,-9999.0,42.7050018311,628.604251816238,206.356547657693,266205.1,659985.38,124,64,42.705
NS65NE_340,1,1_7,7.2868330608,-9999.0,-9999.0,-9999.0,44.718334198,164.366473437824,54.3795437728454,265724.87,659785.05,12,8,44.718
NS65NE_341,1,1_7,10.9214003812,-9999.0,-9999.0,-9999.0,46.0480003357,263.971985453267,74.2106926831922,265686.93,659781.9,20,12,46.048
NS65NE_343,1,1_7,6.28572054877,-9999.0,-9999.0,-9999.0,41.9179649353,176.370454251603,54.4115064619133,266238.92,659780.74,12,8,41.918
NS65NE_347,1,1_7,2.88212420716,-9999.0,-9999.0,-9999.0,41.8320007324,293.988386062998,85.3112979113801,266148.48,659780.45,36,20,41.832
NS65NE_355,1,1_7,10.2723922439,-9999.0,-9999.0,-9999.0,45.6930007935,747.174686400993,189.457301207718,265656.8,659786.36,44,24,45.693
NS65NE_356,1,1_7,2.60563932734,-9999.0,-9999.0,-9999.0,45.8129997253,141.16733678977,59.5539198227223,265684.81,659759.87,12,8,45.813
NS65NE_361,1,1_7,7.35705005421,-9999.0,-9999.0,-9999.0,43.3969993591,180.242233568128,56.9463513005793,265775.13,659761.71,12,8,43.397
NS65NE_367,1,1_7,4.26584163308,-9999.0,-9999.0,-9999.0,43.0155029297,37.2048487509535,37.1839324727922,266185.18,659754.56,8,6,43.016
NS65NE_376,1,1_7,6.20674941443,-9999.0,-9999.0,-9999.0,42.513999939,177.689127591198,54.5195645809895,266230.99,659749.22,12,8,42.514
NS65NE_381,1,1_7,7.82111923824,-9999.0,-9999.0,-9999.0,45.702999115,354.683119281956,103.638189374285,265696.05,659741.78,20,12,45.703
NS65NE_384,1,1_7,4.3155828809,-9999.0,-9999.0,-9999.0,42.9819984436,34.3923556251583,30.801693052638,266165.98,659740.24,12,8,42.982
NS65NE_39,1,1_7,5.61134848087,-9999.0,-9999.0,-9999.0,41.2560005188,316.735904123056,85.8478824561477,266150.99,659982.75,32,18,41.256
NS65NE_398,1,1_7,7.01090153273,-9999.0,-9999.0,-9999.0,44.3380012512,1738.2001864573,284.555571748404,265851.99,659743.98,152,74,44.338
NS65NE_40,1,1_7,6.80794609309,-9999.0,-9999.0,-9999.0,42.716999054,195.479642350794,57.6944723051667,265832.44,659973.62,12,8,42.717
NS65NE_407,1,1_7,5.05582653306,-9999.0,-9999.0,-9999.0,43.3650016785,158.055287315467,51.9835418281344,266235.37,659719.91,12,8,43.365
NS65NE_408,1,1_7,10.9898738589,-9999.0,-9999.0,-9999.0,44.8269996643,449.934908774062,118.227800262115,265764.76,659719.05,28,16,44.827
NS65NE_425,1,1_7,4.76378662877,-9999.0,-9999.0,-9999.0,44.5429992676,847.639180103276,152.560864061832,265725.9,659716.54,36,20,44.543
NS65NE_426,1,1_7,8.07565591507,-9999.0,-9999.0,-9999.0,43.5299987793,833.155920345218,177.32231535814,265634.25,659714.17,84,44,43.53
NS65NE_428,1,1_7,2.7766755359,-9999.0,-9999.0,-9999.0,43.7397499084,29.7802837518737,27.7966213950066,266124.5,659690.21,8,6,43.74
NS65NE_434,1,1_7,2.31195192559,-9999.0,-9999.0,-9999.0,45.1150016785,32.9304450058359,22.9930122577408,266232.53,659686.8,12,8,45.115
NS65NE_440,1,1_7,2.36455372402,-9999.0,-9999.0,-9999.0,43.9490013123,52.7248050058453,31.7382277168995,266124.69,659683.05,12,8,43.949
NS65NE_451,1,1_7,12.6386692573,-9999.0,-9999.0,-9999.0,45.3100013733,880.244249673769,176.272969019999,265802.14,659688.0,68,36,45.31
NS65NE_452,1,1_7,4.68678819831,-9999.0,-9999.0,-9999.0,46.297000885,130.77319536326,46.4995561552852,265843.69,659677.72,12,8,46.297
NS65NE_453,1,1_7,5.80380940584,-9999.0,-9999.0,-9999.0,45.6520004272,84.7281999074802,37.8593437458573,266246.53,659675.95,20,12,45.652
NS65NE_459,1,1_7,3.52688941956,-9999.0,-9999.0,-9999.0,44.7154006958,21.4242112481821,25.2011491846794,266192.42,659666.4,8,6,44.715
NS65NE_464,1,1_7,6.99179305068,-9999.0,-9999.0,-9999.0,44.3619995117,800.379552715029,134.650132855332,265691.28,659678.15,68,36,44.362
NS65NE_465,1,1_7,5.5005054017,-9999.0,-9999.0,-9999.0,46.3530006409,89.4240869062512,39.2210226260073,266246.16,659664.82,20,12,46.353
NS65NE_474,1,1_7,6.31399670591,-9999.0,-9999.0,-9999.0,45.3730010986,132.321007988709,46.3369035654186,265637.83,659661.26,12,8,45.373
NS65NE_478,1,1_7,2.76252036995,-9999.0,-9999.0,-9999.0,44.8549995422,39.4550271871933,36.0930646427865,266197.76,659654.52,28,16,44.855
NS65NE_48,1,1_7,7.06555345713,-9999.0,-9999.0,-9999.0,45.0719985962,191.946832975221,57.3416855163193,265711.27,659970.97,12,8,45.072
NS65NE_487,1,1_7,6.27909658982,-9999.0,-9999.0,-9999.0,47.2010002136,152.271706206316,50.2778232344194,266249.15,659651.01,12,8,47.201
NS65NE_49,1,1_7,5.88339159194,-9999.0,-9999.0,-9999.0,42.9290008545,742.285008752885,188.49297113496,266027.95,659996.75,48,26,42.929
NS65NE_494,1,1_7,6.43518518972,-9999.0,-9999.0,-9999.0,45.4290008545,129.078690446618,45.7564443277877,265636.66,659646.86,12,8,45.429
NS65NE_504,1,1_7,4.98224746389,-9999.0,-9999.0,-9999.0,44.4970016479,172.440181373169,59.2138927685316,265747.71,659645.58,28,16,44.497
NS65NE_509,1,1_7,6.33527209178,-9999.0,-9999.0,-9999.0,45.1469993591,120.502329779378,44.3955539888476,265672.09,659639.59,12,8,45.147
NS65NE_511,1,1_7,5.67707830105,-9999.0,-9999.0,-9999.0,44.2750015259,774.241028267387,120.44626699891,265726.95,659652.71,24,14,44.275
NS65NE_512,1,1_7,5.10339316752,-9999.0,-9999.0,-9999.0,45.3899993896,514.473821396382,149.426099712972,265812.74,659642.92,68,36,45.39
NS65NE_513,1,1_7,4.30290999071,-9999.0,-9999.0,-9999.0,44.811000824,156.647558449386,52.0358500338632,265759.35,659639.53,20,12,44.811
NS65NE_53,1,1_7,6.9312942192,-9999.0,-9999.0,-9999.0,42.4949989319,194.642234942306,57.5011131782314,265855.83,659967.75,12,8,42.495
NS65NE_532,1,1_7,6.79711157521,-9999.0,-9999.0,-9999.0,45.716999054,125.515693032392,49.2738626120856,265686.78,659625.28,28,16,45.717
NS65NE_533,1,1_7,4.5665071729,-9999.0,-9999.0,-9999.0,45.2060012817,351.794190750425,109.024323103,265778.63,659629.85,64,34,45.206
NS65NE_541,1,1_7,6.21713375143,-9999.0,-9999.0,-9999.0,44.6899986267,1310.92273410773,255.091682791863,266183.32,659646.69,128,66,44.69
NS65NE_544,1,1_7,2.90986996162,-9999.0,-9999.0,-9999.0,48.0390014648,23.3209537426921,27.9980165807667,266185.96,659612.89,16,10,48.039
NS65NE_546,1,1_7,10.0797147313,-9999.0,-9999.0,-9999.0,46.9020004272,320.363073409066,74.7044635423417,265845.81,659621.68,28,16,46.902
NS65NE_554,1,1_7,6.85514937388,-9999.0,-9999.0,-9999.0,46.2659988403,137.751958545792,51.9765877539405,265703.27,659613.39,12,8,46.266
NS65NE_566,1,1_7,5.16158507034,-9999.0,-9999.0,-9999.0,47.2739982605,359.93815611215,81.9726114295483,265802.08,659613.85,32,18,47.274
NS65NE_57,1,1_7,5.65435864375,-9999.0,-9999.0,-9999.0,43.3510017395,107.815602394999,44.347743228136,266223.68,659964.91,20,12,43.351
NS65NE_571,1,1_7,5.34810694007,-9999.0,-9999.0,-9999.0,45.5880012512,517.985319246748,145.117472191189,265630.19,659619.14,60,32,45.588
NS65NE_578,1,1_7,6.6558289376,-9999.0,-9999.0,-9999.0,46.6259994507,166.432218856565,53.9629647148853,265722.94,659603.44,12,8,46.626
NS65NE_582,1,1_7,4.14323307643,-9999.0,-9999.0,-9999.0,51.8269996643,162.408298112655,56.649687419282,265874.13,659603.0,36,20,51.827
NS65NE_589,1,1_7,6.48728192193,-9999.0,-9999.0,-9999.0,46.9679985046,152.013997831601,62.5984021502654,265664.58,659600.34,44,24,46.968
NS65NE_59,1,1_7,5.17128983387,-9999.0,-9999.0,-9999.0,42.1470031738,240.573980907685,73.0317510070122,266183.41,659969.27,28,16,42.147
NS65NE_6,1,1_7,2.58672989862,-9999.0,-9999.0,-9999.0,42.8209991455,42.9329999999609,26.9412052558672,265769.17,659997.07,12,8,42.821
NS65NE_601,1,1_7,6.75693692529,-9999.0,-9999.0,-9999.0,47.1069984436,156.469639348596,52.8932316044104,265740.49,659591.23,12,8,47.107
NS65NE_604,1,1_7,6.50832285542,-9999.0,-9999.0,-9999.0,48.7410011292,124.875573163896,45.3237521141033,265679.08,659589.3,12,8,48.741
NS65NE_607,1,1_7,4.05807886728,-9999.0,-9999.0,-9999.0,54.7540016174,591.69145430631,141.798852785526,266012.06,659590.68,12,8,54.754
NS65NE_613,1,1_7,8.92240974025,-9999.0,-9999.0,-9999.0,47.5400009155,195.772398086527,62.5804459242024,266176.36,659585.33,20,12,47.54
NS65NE_618,1,1_7,4.37385017069,-9999.0,-9999.0,-9999.0,52.6059989929,477.254663484557,124.036693987436,265897.31,659587.11,68,36,52.606
NS65NE_624,1,1_7,6.50815332095,-9999.0,-9999.0,-9999.0,48.2369995117,137.060943698028,51.2407946522785,265757.09,659577.09,12,8,48.237
NS65NE_630,1,1_7,6.52859358798,-9999.0,-9999.0,-9999.0,51.2179985046,120.167141235244,44.3025690176215,265677.97,659569.84,12,8,51.218
NS65NE_634,1,1_7,4.52992997692,-9999.0,-9999.0,-9999.0,54.4290008545,201.622642120551,62.7498787144005,265922.8,659569.89,28,16,54.429
NS65NE_637,1,1_7,6.5081368056,-9999.0,-9999.0,-9999.0,50.2319984436,121.030486468972,44.4520607075698,265710.94,659566.97,12,8,50.232
NS65NE_641,1,1_7,6.85296653066,-9999.0,-9999.0,-9999.0,49.639667511,126.662764795544,45.4612804977938,265774.21,659566.69,12,8,49.64
NS65NE_643,1,1_7,4.40188194513,-9999.0,-9999.0,-9999.0,51.7540016174,246.407926027233,65.8119176569496,265874.02,659567.62,28,16,51.754
NS65NE_65,1,1_7,7.02800725636,-9999.0,-9999.0,-9999.0,42.3699989319,191.536956732405,57.2804967873819,265879.02,659961.79,12,8,42.37
NS65NE_650,1,1_7,4.01852819774,-9999.0,-9999.0,-9999.0,49.3530006409,738.562869078949,190.207251736626,265835.9,659579.03,84,44,49.353
NS65NE_656,1,1_7,4.58684747244,-9999.0,-9999.0,-9999.0,54.9630012512,196.871890347336,63.997840066214,265938.67,659559.64,44,24,54.963
NS65NE_658,1,1_7,6.45028846694,-9999.0,-9999.0,-9999.0,50.408000946,126.598930261459,50.044310274699,265734.61,659555.85,12,8,50.408
NS65NE_659,1,1_7,4.07935780745,-9999.0,-9999.0,-9999.0,52.6259994507,940.102825086857,129.958393566504,266217.15,659569.78,12,8,52.626
NS65NE_664,1,1_7,5.16879621086,-9999.0,-9999.0,-9999.0,52.8540000916,206.362733503784,61.6729986259841,265892.25,659553.89,20,12,52.854
NS65NE_666,1,1_7,33.4674351392,-9999.0,-9999.0,-9999.0,55.2060012817,636.797498948042,118.495101702293,266078.47,659559.45,44,24,55.206
NS65NE_668,1,1_7,3.91618909128,-9999.0,-9999.0,-9999.0,55.5480003357,198.739258121538,62.9470669897013,265961.87,659551.54,20,12,55.548
NS65NE_670,1,1_7,5.6132948096,-9999.0,-9999.0,-9999.0,51.1730003357,202.219642576259,60.958096466729,265802.05,659550.46,28,16,51.173
NS65NE_675,1,1_7,6.11940078603,-9999.0,-9999.0,-9999.0,53.6230010986,150.027793058072,57.8626055118868,265670.97,659548.55,32,18,53.623
NS65NE_678,1,1_7,6.35627348318,-9999.0,-9999.0,-9999.0,53.0709991455,122.421072164507,44.765310903538,265703.9,659545.56,12,8,53.071
NS65NE_680,1,1_7,4.24118282281,-9999.0,-9999.0,-9999.0,53.46900177,209.307861102677,59.593461441123,265904.13,659546.56,20,12,53.469
NS65NE_683,1,1_7,2.12137798853,-9999.0,-9999.0,-9999.0,55.4140014648,245.372146522597,111.708563393511,266026.18,659548.9,40,22,55.414
NS65NE_687,1,1_7,6.53780195275,-9999.0,-9999.0,-9999.0,52.783000946,132.201286231645,50.7819969163031,265751.02,659540.81,12,8,52.783
NS65NE_689,1,1_7,6.62902018877,-9999.0,-9999.0,-9999.0,52.6669998169,120.59688383222,44.3427021449837,265817.87,659538.51,12,8,52.667
NS65NE_693,1,1_7,4.72446240253,-9999.0,-9999.0,-9999.0,54.1699981689,121.681679650067,48.2146292968168,265913.19,659536.47,20,12,54.17
NS65NE_695,1,1_7,3.57230388483,-9999.0,-9999.0,-9999.0,56.2350006104,44.1802223185064,32.3072179731805,266011.26,659534.1,12,8,56.235
NS65NE_698,1,1_7,3.36638923343,-9999.0,-9999.0,-9999.0,56.1839981079,141.757162468933,50.8147168952764,266031.49,659533.15,20,12,56.184
NS65NE_702,1,1_7,4.10934738143,-9999.0,-9999.0,-9999.0,53.2260017395,708.53005067931,109.191547660226,266231.06,659541.07,12,8,53.226
NS65NE_703,1,1_7,6.77869794308,-9999.0,-9999.0,-9999.0,53.641998291,119.611270918856,44.205667331056,265831.93,659529.67,12,8,53.642
NS65NE_708,1,1_7,3.27075146458,-9999.0,-9999.0,-9999.0,51.3769989014,724.101820631244,232.711655018664,265857.03,659552.1,80,42,51.377
NS65NE_714,1,1_7,8.09136067266,-9999.0,-9999.0,-9999.0,55.7820014954,495.619919608572,106.380697954485,265982.35,659532.11,64,34,55.782
NS65NE_717,1,1_7,3.822460161,-9999.0,-9999.0,-9999.0,54.2280006409,218.344095274809,72.6255078491203,265930.36,659528.65,36,20,54.228
NS65NE_718,1,1_7,5.34060913367,-9999.0,-9999.0,-9999.0,56.158000946,185.202960429059,69.0855042964655,265663.69,659525.28,36,20,56.158
NS65NE_720,1,1_7,5.29265903751,-9999.0,-9999.0,-9999.0,55.733001709,176.70282683405,64.4051345996498,265702.14,659523.09,36,20,55.733
NS65NE_721,1,1_7,2.32932044634,-9999.0,-9999.0,-9999.0,54.8149986267,81.0011243732073,38.0744263711155,265910.44,659518.5,20,12,54.815
NS65NE_724,1,1_7,6.59495340694,-9999.0,-9999.0,-9999.0,55.2550010681,223.754884332286,70.4898789924875,265766.06,659521.74,44,24,55.255
NS65NE_725,1,1_7,6.18699391306,-9999.0,-9999.0,-9999.0,53.9679985046,171.782987914555,66.1439466435238,265848.74,659521.86,36,20,53.968
NS65NE_73,1,1_7,7.00596818542,-9999.0,-9999.0,-9999.0,41.9309997559,190.442775714078,56.992341610062,265901.8,659955.94,12,8,41.931
NS65NE_731,1,1_7,5.46088012619,-9999.0,-9999.0,-9999.0,55.4003334045,153.86780249585,53.7286874692123,265790.12,659513.47,28,16,55.4
NS65NE_732,1,1_7,4.01383844289,-9999.0,-9999.0,-9999.0,53.3680000305,134.99273362552,46.512269283653,266236.32,659514.75,12,8,53.368
NS65NE_735,1,1_7,5.37138063005,-9999.0,-9999.0,-9999.0,54.8549995422,372.80093684611,113.58817643276,265949.29,659518.32,44,24,54.855
NS65NE_740,1,1_7,6.2989267536,-9999.0,-9999.0,-9999.0,55.2290000916,143.884557074033,56.210706949338,265867.68,659508.0,28,16,55.229
NS65NE_741,1,1_7,4.43888841357,-9999.0,-9999.0,-9999.0,55.9640007019,168.703432170374,52.9293867431799,265966.92,659508.16,20,12,55.964
NS65NE_743,1,1_7,6.340231775,-9999.0,-9999.0,-9999.0,56.1489982605,123.275589502151,49.486087678805,265810.36,659506.41,12,8,56.149
NS65NE_749,1,1_7,3.17878368011,-9999.0,-9999.0,-9999.0,55.9010009766,123.638776057927,52.2121666274373,266016.07,659506.75,28,16,55.901
NS65NE_755,1,1_7,6.49943824763,-9999.0,-9999.0,-9999.0,54.3769989014,755.194203419577,132.390666595522,266172.12,659514.83,64,32,54.377
NS65NE_763,1,1_7,4.28152409268,-9999.0,-9999.0,-9999.0,55.4109992981,294.317935148845,83.8296125430342,266071.19,659508.66,12,8,55.411
NS65NE_765,1,1_7,5.26009828196,-9999.0,-9999.0,-9999.0,57.172000885,194.540677946077,71.0907025399516,265659.39,659501.33,36,20,57.172
NS65NE_766,1,1_7,5.29264999822,-9999.0,-9999.0,-9999.0,57.9049987793,172.156360943024,59.1196385822412,265697.69,659500.17,20,12,57.905
NS65NE_768,1,1_7,5.37918192931,-9999.0,-9999.0,-9999.0,55.7820014954,210.616146241392,70.0078534703023,265886.1,659498.44,36,20,55.782
NS65NE_771,1,1_7,6.39742574808,-9999.0,-9999.0,-9999.0,57.0670013428,126.467502207058,48.3751291488539,265827.36,659492.89,12,8,57.067
NS65NE_776,1,1_7,6.50443811367,-9999.0,-9999.0,-9999.0,56.3370018005,104.892904771008,41.1610153555792,265990.05,659489.07,12,8,56.337
NS65NE_784,1,1_7,6.36491900491,-9999.0,-9999.0,-9999.0,56.5349998474,118.659596385613,44.0443544600454,265902.97,659485.27,12,8,56.535
NS65NE_788,1,1_7,6.35005825679,-9999.0,-9999.0,-9999.0,57.6339988708,154.575987678968,57.9715191628248,265844.15,659481.95,28,16,57.634
NS65NE_789,1,1_7,4.46559333591,-9999.0,-9999.0,-9999.0,56.5540008545,240.157926840716,77.7426929667588,266158.64,659484.73,48,26,56.554
NS65NE_791,1,1_7,6.53753219896,-9999.0,-9999.0,-9999.0,58.3460006714,119.284781592015,44.2746034481171,265660.46,659480.66,12,8,58.346
NS65NE_795,1,1_7,6.34887234404,-9999.0,-9999.0,-9999.0,56.7579994202,116.473094335504,43.7317095693728,265917.08,659476.5,12,8,56.758
NS65NE_796,1,1_7,6.26473977743,-9999.0,-9999.0,-9999.0,59.7529983521,123.132217839463,44.8531404061627,265692.78,659476.54,12,8,59.753
NS65NE_799,1,1_7,6.42017851609,-9999.0,-9999.0,-9999.0,56.7260017395,99.0910350015531,38.6015321504542,265982.86,659473.91,16,10,56.726
NS65NE_802,1,1_7,5.32890263127,-9999.0,-9999.0,-9999.0,56.9850006104,178.630310396008,63.9641593983375,265949.24,659476.95,36,20,56.985
NS65NE_807,1,1_7,6.37521034361,-9999.0,-9999.0,-9999.0,58.2280006409,133.765332249637,50.1036434045767,265862.64,659470.86,12,8,58.228
NS65NE_808,1,1_7,3.2717273976,-9999.0,-9999.0,-9999.0,55.1930007935,239.330665921598,79.9887764087223,266210.48,659475.32,40,22,55.193
NS65NE_809,1,1_7,3.66310066257,-9999.0,-9999.0,-9999.0,56.0730018616,177.598843229542,56.5184483526142,266008.04,659472.12,12,8,56.073
NS65NE_81,1,1_7,6.85279044755,-9999.0,-9999.0,-9999.0,43.1629981995,197.330659549089,57.9218436951046,265777.68,659953.91,12,8,43.163
NS65NE_812,1,1_7,4.09116384558,-9999.0,-9999.0,-9999.0,56.1640014648,238.468842044226,75.0596671748649,266061.04,659471.74,44,24,56.164
NS65NE_817,1,1_7,6.2994705677,-9999.0,-9999.0,-9999.0,57.1220016479,121.316201155114,44.6295930725221,265931.24,659467.61,12,8,57.122
NS65NE_823,1,1_7,4.7860718479,-9999.0,-9999.0,-9999.0,56.3380012512,208.229553745195,56.0003386472157,266189.86,659466.3,20,12,56.338
NS65NE_824,1,1_7,5.38451388948,-9999.0,-9999.0,-9999.0,55.672000885,205.284543909637,67.1428854056115,266144.69,659465.73,28,16,55.672
NS65NE_830,1,1_7,5.69215890095,-9999.0,-9999.0,-9999.0,58.5180015564,157.026481717878,58.2691133981127,265879.23,659460.3,28,16,58.518
NS65NE_834,1,1_7,6.41883443627,-9999.0,-9999.0,-9999.0,61.5270004272,120.837094506834,44.4173692370529,265704.5,659458.35,12,8,61.527
NS65NE_836,1,1_7,6.35402340438,-9999.0,-9999.0,-9999.0,56.125,136.263498650022,46.8092811784015,266230.37,659457.11,12,8,56.125
NS65NE_838,1,1_7,3.94604720104,-9999.0,-9999.0,-9999.0,55.9953346252,100.714998959643,41.2540345286385,266027.34,659455.89,12,8,55.995
NS65NE_845,1,1_7,6.87800783276,-9999.0,-9999.0,-9999.0,59.3359985352,216.516526100191,65.2948207247769,265665.05,659455.97,20,12,59.336
NS65NE_846,1,1_7,4.22563449793,-9999.0,-9999.0,-9999.0,56.1230010986,226.425112742201,69.7443439376443,266080.42,659454.24,28,16,56.123
NS65NE_848,1,1_7,6.45719463556,-9999.0,-9999.0,-9999.0,62.8079986572,122.103070216216,44.6308898546091,265724.21,659449.59,12,8,62.808
NS65NE_849,1,1_7,6.30809223042,-9999.0,-9999.0,-9999.0,58.5040016174,125.242441088125,49.7900102511912,265899.53,659451.0,12,8,58.504
NS65NE_850,1,1_7,4.75939562427,-9999.0,-9999.0,-9999.0,57.125,195.825003802991,66.247273517134,266182.01,659452.85,28,16,57.125
NS65NE_853,1,1_7,3.03294066608,-9999.0,-9999.0,-9999.0,62.1759986877,52.026821251818,32.6276973058317,265794.82,659447.59,20,12,62.176
NS65NE_856,1,1_7,6.4574364565,-9999.0,-9999.0,-9999.0,63.2550010681,122.653898996158,44.758144177424,265741.58,659447.02,12,8,63.255
NS65NE_857,1,1_7,2.15727416783,-9999.0,-9999.0,-9999.0,57.0909996033,56.6181337516875,33.4811756568594,266195.99,659446.5,16,10,57.091
NS65NE_858,1,1_7,7.08301782948,-9999.0,-9999.0,-9999.0,63.6500015259,216.110987945551,63.2332298048811,265763.76,659446.74,12,8,63.65
NS65NE_866,1,1_7,6.16960099038,-9999.0,-9999.0,-9999.0,56.813999176,140.065648654345,47.4290015865949,266224.21,659444.64,12,8,56.814
NS65NE_87,1,1_7,7.17315323328,-9999.0,-9999.0,-9999.0,41.2910003662,201.353770021391,58.8785804156159,265926.2,659949.82,12,8,41.291
NS65NE_870,1,1_7,5.61541132113,-9999.0,-9999.0,-9999.0,56.0559997559,212.97666318806,69.3774485517137,266129.15,659444.8,52,28,56.056
NS65NE_872,1,1_7,6.75702137817,-9999.0,-9999.0,-9999.0,63.6240005493,120.344530921332,44.3839892138524,265785.06,659440.12,12,8,63.624
NS65NE_874,1,1_7,6.42136195867,-9999.0,-9999.0,-9999.0,64.1620025635,137.475900278607,52.2605949215962,265804.8,659435.92,12,8,64.162
NS65NE_875,1,1_7,4.39220786973,-9999.0,-9999.0,-9999.0,57.5750007629,205.30046021355,65.6828636667394,266172.34,659441.3,28,16,57.575
NS65NE_877,1,1_7,1.98939558007,-9999.0,-9999.0,-9999.0,57.9160003662,25.5196725014777,23.2565711554159,266189.49,659432.66,8,6,57.916
NS65NE_879,1,1_7,3.83978159098,-9999.0,-9999.0,-9999.0,57.3120002747,394.563014723108,121.03014079482,265976.98,659448.1,44,24,57.312
NS65NE_882,1,1_7,3.65222457656,-9999.0,-9999.0,-9999.0,57.5162124634,35.2626524996266,23.4650702176709,266019.88,659430.34,16,10,57.516
NS65NE_883,1,1_7,6.49261514178,-9999.0,-9999.0,-9999.0,64.2630004883,157.311827792032,53.0130040059655,265827.41,659432.77,12,8,64.263
NS65NE_889,1,1_7,4.81993046657,-9999.0,-9999.0,-9999.0,58.7540016174,204.072434973516,79.0637098352946,265920.12,659435.81,36,20,58.754
NS65NE_891,1,1_7,6.83071739318,-9999.0,-9999.0,-9999.0,61.672000885,225.560294202026,67.5321267293674,265680.9,659434.87,28,16,61.672
NS65NE_894,1,1_7,4.75594740687,-9999.0,-9999.0,-9999.0,58.0760002136,189.314642802431,60.4379953071953,266161.72,659430.57,28,16,58.076
NS65NE_897,1,1_7,6.2855912642,-9999.0,-9999.0,-9999.0,64.5260009766,126.140665741124,49.7151483469539,265705.22,659423.46,12,8,64.526
NS65NE_898,1,1_7,6.04259636389,-9999.0,-9999.0,-9999.0,57.1300010681,139.17453151378,47.2550148051948,266222.68,659426.29,12,8,57.13
NS65NE_90,1,1_7,6.86556688191,-9999.0,-9999.0,-9999.0,42.8269996643,192.054779722947,57.2254077503725,265801.08,659947.95,12,8,42.827
NS65NE_902,1,1_7,5.87198779306,-9999.0,-9999.0,-9999.0,57.8069992065,168.068475075197,59.4625692293985,266114.66,659425.65,28,16,57.807
NS65NE_905,1,1_7,6.7911181381,-9999.0,-9999.0,-9999.0,63.6259994507,157.768221992413,53.1047726669849,265849.18,659422.74,12,8,63.626
NS65NE_906,1,1_7,5.97210662641,-9999.0,-9999.0,-9999.0,56.0229988098,173.895199085666,52.7821908631238,266248.17,659423.66,12,8,56.023
NS65NE_908,1,1_7,6.30866546056,-9999.0,-9999.0,-9999.0,65.9810028076,139.282812828052,51.5472133567697,265727.19,659419.05,20,12,65.981
NS65NE_911,1,1_7,3.55351461315,-9999.0,-9999.0,-9999.0,56.2989997864,136.425338390477,46.971260553051,266066.01,659421.02,12,8,56.299
NS65NE_915,1,1_7,4.88240020774,-9999.0,-9999.0,-9999.0,58.4889984131,175.500163063147,58.0125956308914,266151.66,659420.21,28,16,58.489
NS65NE_920,1,1_7,7.18423421151,-9999.0,-9999.0,-9999.0,57.7509994507,160.360901708838,53.4554516293657,266008.54,659418.97,12,8,57.751
NS65NE_921,1,1_7,6.39994988702,-9999.0,-9999.0,-9999.0,57.8660011292,109.476418183143,42.2715676867364,266214.97,659417.06,12,8,57.866
NS65NE_927,1,1_7,6.81287359699,-9999.0,-9999.0,-9999.0,62.9739990234,135.974053737723,51.7233298676104,265870.85,659413.07,12,8,62.974
NS65NE_928,1,1_7,6.50286533958,-9999.0,-9999.0,-9999.0,60.2480010986,135.078863639828,51.9144963640144,265924.21,659414.77,12,8,60.248
NS65NE_932,1,1_7,6.82917493089,-9999.0,-9999.0,-9999.0,58.5989990234,103.363478598841,40.9925507626688,266204.96,659409.0,12,8,58.599
NS65NE_935,1,1_7,5.88037870978,-9999.0,-9999.0,-9999.0,66.9049987793,148.990601422211,57.7020392617052,265790.54,659406.94,44,24,66.905
NS65NE_936,1,1_7,6.09666870179,-9999.0,-9999.0,-9999.0,66.4489974976,125.300849952485,49.9561688748801,265812.78,659404.82,12,8,66.449
NS65NE_938,1,1_7,4.64441937524,-9999.0,-9999.0,-9999.0,58.7700004578,181.565858286732,64.2548627594052,266142.11,659407.98,36,20,58.77
NS65NE_940,1,1_7,7.11925013922,-9999.0,-9999.0,-9999.0,59.2789993286,195.293488419515,57.8219249090479,265959.52,659408.36,12,8,59.279
NS65NE_941,1,1_7,6.5613026125,-9999.0,-9999.0,-9999.0,63.388999939,120.645439806862,44.4122000229972,265890.04,659403.52,12,8,63.389
NS65NE_949,1,1_7,5.78796252329,-9999.0,-9999.0,-9999.0,67.6583328247,143.952112921038,55.0865252418052,265738.77,659402.75,20,12,67.658
NS65NE_95,1,1_7,7.11654770485,-9999.0,-9999.0,-9999.0,44.188999176,191.008402084536,57.1392025856818,265726.02,659947.87,12,8,44.189
NS65NE_954,1,1_7,6.35950200131,-9999.0,-9999.0,-9999.0,68.0810012817,121.85387931624,44.6265888444017,265771.17,659396.42,12,8,68.081
NS65NE_957,1,1_7,6.09671282686,-9999.0,-9999.0,-9999.0,66.2220001221,150.199298622313,56.999310054764,265834.91,659396.42,28,16,66.222
NS65NE_959,1,1_7,5.26869984959,-9999.0,-9999.0,-9999.0,59.0193328857,181.691047288646,59.6515268809973,266132.06,659396.87,36,20,59.019
NS65NE_961,1,1_7,6.22782982872,-9999.0,-9999.0,-9999.0,62.4799995422,143.845633798268,59.9262204763801,265911.53,659394.56,44,24,62.48
NS65NE_962,1,1_7,5.93499271578,-9999.0,-9999.0,-9999.0,59.09400177,172.715916700852,52.6338748204984,266204.36,659394.17,12,8,59.094
NS65NE_965,1,1_7,2.83306927151,-9999.0,-9999.0,-9999.0,68.8690032959,37.8474075010937,24.9741098377841,265779.17,659388.11,12,8,68.869
NS65NE_966,1,1_7,2.45382904053,-9999.0,-9999.0,-9999.0,59.827999115,23.1780750001979,22.3307839793203,265983.2,659389.46,8,6,59.828
NS65NE_979,1,1_7,6.42556890834,-9999.0,-9999.0,-9999.0,66.2959976196,134.413905385675,51.8341964274586,265856.36,659385.73,12,8,66.296
NS65NE_981,1,1_7,7.10293438819,-9999.0,-9999.0,-9999.0,60.7579994202,199.609793763501,58.270858828969,265950.53,659387.59,12,8,60.758
NS65NE_982,1,1_7,7.09112898673,-9999.0,-9999.0,-9999.0,58.4820022583,195.516909243642,58.0323540117039,266044.24,659387.96,12,8,58.482
NS65NE_984,1,1_7,2.43254013062,-9999.0,-9999.0,-9999.0,67.236000061,35.4799499921346,24.0428155448504,265707.03,659380.01,12,8,67.236
NS65NE_989,1,1_7,4.14595933599,-9999.0,-9999.0,-9999.0,59.3489990234,131.47882534262,46.4342598420459,266109.51,659377.7,20,12,59.349
NS65NE_991,1,1_7,5.89696584241,-9999.0,-9999.0,-9999.0,65.6709976196,152.849770209102,56.7125247934284,265877.59,659376.49,28,16,65.671
NS65NE_993,1,1_7,6.12168862025,-9999.0,-9999.0,-9999.0,69.0839996338,121.983926349163,44.6537749079913,265770.3,659375.91,12,8,69.084
NS65NE_995,1,1_7,6.65218521807,-9999.0,-9999.0,-9999.0,68.516998291,214.526638815931,62.9881075814208,265732.14,659377.76,12,8,68.517
NS65NE_997,1,1_7,6.23888462805,-9999.0,-9999.0,-9999.0,59.6310005188,260.992133246529,81.3133355806489,266217.17,659377.75,52,28,59.631
NS65NE_1469,1,2_5,8.37775332618,-9999.0,-9999.0,-9999.0,75.2239990234,1925.2675038252,284.663572428363,266730.78,658724.24,116,60,75.224
NS65NE_1470,1,2_5,2.42593814587,-9999.0,-9999.0,-9999.0,75.9749984741,60.3048443621885,32.9268062915584,266723.76,658673.89,12,8,75.975
NS65NE_1471,1,2_5,7.87381676713,-9999.0,-9999.0,-9999.0,76.7099990845,358.340270272078,89.7083103577088,266708.21,658680.21,44,24,76.71
NS65NE_1472,1,2_5,3.9658547305,-9999.0,-9999.0,-9999.0,78.2170028687,325.297821369666,81.2996169828077,266606.49,658638.49,60,32,78.217
NS65NE_1473,1,2_5,3.246753902,-9999.0,-9999.0,-9999.0,74.4339981079,191.081326227441,59.0639831046537,266755.01,658612.16,12,8,74.434
NS65NE_1476,1,2_5,5.96213976143,-9999.0,-9999.0,-9999.0,75.0599975586,793.531703723718,208.751704529668,266760.59,658577.32,80,42,75.06
NS65NE_1478,1,2_5,4.71026613081,-9999.0,-9999.0,-9999.0,75.2389984131,1667.94301075956,281.455603095698,266741.34,658559.78,60,32,75.239
NS65NE_1481,1,2_5,4.08589875146,-9999.0,-9999.0,-9999.0,74.2180023193,743.931728271472,133.246229785376,266797.97,658507.78,36,20,74.218
NS65NE_1482,1,2_5,4.53353321922,-9999.0,-9999.0,-9999.0,75.3109970093,426.864237980265,101.493924633078,266776.48,658492.0,28,16,75.311
NS65NE_1002,1,2_6,6.22871531289,-9999.0,-9999.0,-9999.0,47.952999115,117.47206063079,43.5399168743487,266499.78,659369.57,12,8,47.953
NS65NE_1003,1,2_6,6.20575073097,-9999.0,-9999.0,-9999.0,49.2280006409,82.1263192847944,36.4127822716596,266528.96,659367.17,12,8,49.228
NS65NE_1009,1,2_6,5.69101388946,-9999.0,-9999.0,-9999.0,47.0810012817,170.466377888346,56.2357876855238,266731.84,659366.9,28,16,47.081
NS65NE_1011,1,2_6,4.33034056854,-9999.0,-9999.0,-9999.0,47.8230018616,260.276914953245,84.4685511984561,266648.03,659371.55,44,24,47.823
NS65NE_1015,1,2_6,5.31013010433,-9999.0,-9999.0,-9999.0,47.6349983215,213.581086612957,69.0174660913545,266417.77,659367.96,32,18,47.635
NS65NE_1018,1,2_6,3.65249435914,-9999.0,-9999.0,-9999.0,47.0820007324,149.406196518614,54.7238047456967,266749.28,659365.99,28,16,47.082
NS65NE_1019,1,2_6,5.37129076535,-9999.0,-9999.0,-9999.0,57.7299995422,182.851444405517,54.134592099076,266272.61,659365.01,12,8,57.73
NS65NE_1021,1,2_6,5.90847869813,-9999.0,-9999.0,-9999.0,48.686000824,460.697166435914,150.36728768488,266872.32,659374.45,100,52,48.686
NS65NE_1023,1,2_6,5.83852635259,-9999.0,-9999.0,-9999.0,48.1500015259,87.9927446345051,38.6665495903785,266480.36,659359.07,20,12,48.15
NS65NE_1027,1,2_6,5.61979525982,-9999.0,-9999.0,-9999.0,49.6850013733,215.731146989924,68.370860478115,266565.28,659363.41,28,16,49.685
NS65NE_1028,1,2_6,6.006656007,-9999.0,-9999.0,-9999.0,47.0890007019,129.623995845297,47.7502975659312,266716.47,659358.65,24,14,47.089
NS65NE_1030,1,2_6,2.80131762368,-9999.0,-9999.0,-9999.0,56.293838501,52.3754313691954,31.3514632050011,266302.72,659356.28,20,12,56.294
NS65NE_1033,1,2_6,4.5576059637,-9999.0,-9999.0,-9999.0,47.1879997253,270.663742933916,106.897828433404,266831.82,659360.35,56,30,47.188
NS65NE_1034,1,2_6,3.38064645249,-9999.0,-9999.0,-9999.0,48.2420005798,168.271371855046,75.721075587643,266669.85,659355.75,44,24,48.242
NS65NE_1035,1,2_6,5.90529459364,-9999.0,-9999.0,-9999.0,59.3199996948,137.920202302078,47.1019523782685,266280.79,659353.69,12,8,59.32
NS65NE_1036,1,2_6,6.11011232649,-9999.0,-9999.0,-9999.0,49.9659996033,150.811677083887,50.1413879054174,266532.58,659353.86,12,8,49.966
NS65NE_1037,1,2_6,4.68456847958,-9999.0,-9999.0,-9999.0,46.9809989929,348.122619504965,114.712829433608,266777.38,659357.14,100,52,46.981
NS65NE_1044,1,2_6,6.26652671136,-9999.0,-9999.0,-9999.0,50.8849983215,92.938312581148,38.6386888528345,266569.54,659346.02,12,8,50.885
NS65NE_1045,1,2_6,5.75357096677,-9999.0,-9999.0,-9999.0,48.125,204.325773233578,80.517171987611,266468.63,659349.29,40,22,48.125
NS65NE_1047,1,2_6,5.94399925498,-9999.0,-9999.0,-9999.0,48.5680007935,229.384529538891,66.3138496704031,266432.44,659349.36,20,12,48.568
NS65NE_1050,1,2_6,6.1093115836,-9999.0,-9999.0,-9999.0,47.7459983826,123.972743284776,48.8459243768782,266705.88,659344.91,28,16,47.746
NS65NE_1051,1,2_6,6.56689121552,-9999.0,-9999.0,-9999.0,46.8540000916,121.968803055051,44.7941047436057,266742.87,659344.26,12,8,46.854
NS65NE_1058,1,2_6,6.12627851606,-9999.0,-9999.0,-9999.0,47.15599823,95.4043083080898,39.0726459924088,266770.24,659338.71,12,8,47.156
NS65NE_1067,1,2_6,10.0947059197,-9999.0,-9999.0,-9999.0,50.0680007935,467.784529370446,99.6158890153956,266369.58,659348.92,12,8,50.068
NS65NE_1068,1,2_6,5.57993734985,-9999.0,-9999.0,-9999.0,50.0419998169,122.05523798165,45.4862443605709,266621.22,659335.71,20,12,50.042
NS65NE_1070,1,2_6,6.22276723903,-9999.0,-9999.0,-9999.0,51.1240005493,93.2646148189062,40.4323761555501,266567.17,659334.51,20,12,51.124
NS65NE_1072,1,2_6,6.06980602618,-9999.0,-9999.0,-9999.0,59.7019996643,251.350969559638,90.8628151060233,266292.03,659339.74,52,28,59.702
NS65NE_1074,1,2_6,5.56940173844,-9999.0,-9999.0,-9999.0,48.9420013428,96.5201407353666,39.3071586797951,266858.65,659331.97,12,8,48.942
NS65NE_1076,1,2_6,5.80487213865,-9999.0,-9999.0,-9999.0,61.688999176,111.931606758918,46.0204934220792,266255.29,659332.34,20,12,61.689
NS65NE_1078,1,2_6,5.87317914594,-9999.0,-9999.0,-9999.0,48.1780014038,92.1019238831187,40.0507052248865,266700.22,659332.12,20,12,48.178
NS65NE_1080,1,2_6,5.73928202916,-9999.0,-9999.0,-9999.0,47.7229995728,234.477583491836,93.0591078519186,266801.59,659335.71,68,36,47.723
NS65NE_1082,1,2_6,5.58794711773,-9999.0,-9999.0,-9999.0,48.1829986572,88.4113725027976,41.6320810555105,266827.61,659330.58,20,12,48.183
NS65NE_1083,1,2_6,6.24479097801,-9999.0,-9999.0,-9999.0,47.7579994202,119.557309901559,44.3947819072568,266729.4,659330.98,12,8,47.758
NS65NE_1091,1,2_6,5.99156169535,-9999.0,-9999.0,-9999.0,52.702999115,151.551257863591,50.3074522746381,266488.42,659328.71,12,8,52.703
NS65NE_1093,1,2_6,6.39899557268,-9999.0,-9999.0,-9999.0,60.0530014038,116.183025223406,43.162563071674,266302.63,659326.82,12,8,60.053
NS65NE_1094,1,2_6,5.35558715688,-9999.0,-9999.0,-9999.0,49.1739997864,215.748832004123,68.6411715120203,266447.92,659329.06,28,16,49.174
NS65NE_1097,1,2_6,5.64335845281,-9999.0,-9999.0,-9999.0,49.6510009766,160.427973547356,55.2151407528532,266644.51,659328.15,20,12,49.651
NS65NE_1098,1,2_6,6.01731006247,-9999.0,-9999.0,-9999.0,47.5079994202,108.245327863812,42.0095448185577,266768.12,659325.24,12,8,47.508
NS65NE_1100,1,2_6,6.22060852885,-9999.0,-9999.0,-9999.0,53.7440414429,92.761500884794,40.3957748057174,266503.69,659324.6,20,12,53.744
NS65NE_1101,1,2_6,6.02653366089,-9999.0,-9999.0,-9999.0,49.0209999084,77.8536256776715,36.776941127793,266856.58,659321.41,20,12,49.021
NS65NE_1113,1,2_6,2.99937228153,-9999.0,-9999.0,-9999.0,49.2249984741,52.9098937484955,29.7668859146572,266693.65,659318.62,12,8,49.225
NS65NE_1116,1,2_6,6.07280024055,-9999.0,-9999.0,-9999.0,52.2630004883,150.688947998006,50.1239983917272,266560.68,659321.31,12,8,52.263
NS65NE_1118,1,2_6,6.4959309346,-9999.0,-9999.0,-9999.0,60.2249984741,92.853686106028,38.6913124551321,266309.84,659318.12,12,8,60.225
NS65NE_1119,1,2_6,6.12326052196,-9999.0,-9999.0,-9999.0,48.1440010071,84.0816522372852,37.2447608967467,266729.16,659316.75,12,8,48.144
NS65NE_1121,1,2_6,6.0002399361,-9999.0,-9999.0,-9999.0,48.3489990234,107.843986061261,42.4098238680404,266821.82,659317.04,12,8,48.349
NS65NE_1124,1,2_6,6.74601031364,-9999.0,-9999.0,-9999.0,61.9910011292,216.422269860773,78.8011744675394,266265.53,659319.67,28,16,61.991
NS65NE_1127,1,2_6,5.65871552763,-9999.0,-9999.0,-9999.0,50.4650001526,179.332560011085,57.6526970376486,266610.06,659318.29,24,14,50.465
NS65NE_1133,1,2_6,5.33026998862,-9999.0,-9999.0,-9999.0,50.1160011292,121.660959396373,44.2690345945178,266665.88,659311.3,20,12,50.116
NS65NE_1134,1,2_6,6.25495605469,-9999.0,-9999.0,-9999.0,60.3499984741,97.7399141077387,39.6383295783409,266316.83,659310.06,12,8,60.35
NS65NE_1138,1,2_6,5.59942912466,-9999.0,-9999.0,-9999.0,52.9440002441,124.691139863779,48.0436530128169,266461.29,659310.09,20,12,52.944
NS65NE_1139,1,2_6,6.09709640541,-9999.0,-9999.0,-9999.0,49.2599983215,107.169730538793,42.0554025149659,266848.91,659307.12,16,10,49.26
NS65NE_1147,1,2_6,5.86288199666,-9999.0,-9999.0,-9999.0,51.6879997253,462.503115110542,136.804757444583,266521.3,659319.67,36,22,51.688
NS65NE_1148,1,2_6,5.9403950433,-9999.0,-9999.0,-9999.0,50.4819984436,523.190416665913,117.883366053619,266393.08,659314.52,20,12,50.482
NS65NE_1149,1,2_6,6.14618535639,-9999.0,-9999.0,-9999.0,53.8100013733,149.67764732767,50.0364278600983,266551.25,659305.61,12,8,53.81
NS65NE_1150,1,2_6,4.47505085052,-9999.0,-9999.0,-9999.0,47.7519989014,229.323405151902,76.8388563414827,266759.92,659307.74,28,16,47.752
NS65NE_1159,1,2_6,5.11182334768,-9999.0,-9999.0,-9999.0,49.2729988098,224.471087504932,81.3654787940517,266699.6,659304.87,52,28,49.273
NS65NE_1166,1,2_6,5.66018873831,-9999.0,-9999.0,-9999.0,50.7849998474,171.68416565841,55.9858475405382,266640.37,659303.14,12,8,50.785
NS65NE_1170,1,2_6,6.43367611713,-9999.0,-9999.0,-9999.0,62.1780014038,252.915822672036,85.8526249863677,266279.87,659302.6,36,20,62.178
NS65NE_1171,1,2_6,5.67987184088,-9999.0,-9999.0,-9999.0,51.4420013428,162.155826356308,54.0999521141589,266597.63,659296.99,12,8,51.442
NS65NE_1172,1,2_6,5.44686495793,-9999.0,-9999.0,-9999.0,50.78099823,119.007541823332,46.5556083300391,266667.07,659295.52,20,12,50.781
NS65NE_1175,1,2_6,6.0653627781,-9999.0,-9999.0,-9999.0,54.1139984131,151.141594519344,50.5208558679267,266472.52,659297.32,16,10,54.114
NS65NE_1181,1,2_6,5.6896418362,-9999.0,-9999.0,-9999.0,48.2729988098,363.995339751949,100.355472401884,266789.58,659305.83,48,26,48.273
NS65NE_1183,1,2_6,3.62224226785,-9999.0,-9999.0,-9999.0,52.0009994507,141.639124016356,50.8984407667125,266863.42,659293.3,20,12,52.001
NS65NE_1186,1,2_6,6.06805031566,-9999.0,-9999.0,-9999.0,49.9490013123,145.449965333363,49.7320277131166,266723.75,659291.4,16,10,49.949
NS65NE_1189,1,2_6,6.10522281735,-9999.0,-9999.0,-9999.0,55.4599990845,111.360039137167,42.3600687554096,266535.63,659289.13,12,8,55.46
NS65NE_1194,1,2_6,6.12849742419,-9999.0,-9999.0,-9999.0,54.9980010986,114.787751763079,43.0442251870944,266486.69,659287.91,12,8,54.998
NS65NE_1198,1,2_6,6.27078506315,-9999.0,-9999.0,-9999.0,60.6450004578,308.677955232059,120.793725984344,266330.83,659293.88,68,36,60.645
NS65NE_1200,1,2_6,5.91221959918,-9999.0,-9999.0,-9999.0,51.71900177,106.250855688574,41.2883022337163,266615.51,659284.69,12,8,51.719
NS65NE_1202,1,2_6,6.05815503995,-9999.0,-9999.0,-9999.0,48.8390007019,147.430254279746,49.5896859585997,266748.73,659285.17,12,8,48.839
NS65NE_1208,1,2_6,5.96871410221,-9999.0,-9999.0,-9999.0,55.6360015869,102.230995973302,41.6857421487248,266546.66,659281.63,24,14,55.636
NS65NE_1209,1,2_6,4.51276320904,-9999.0,-9999.0,-9999.0,49.186000824,398.469246382133,124.153715259286,266826.95,659283.7,76,40,49.186
NS65NE_1212,1,2_6,5.90077578376,-9999.0,-9999.0,-9999.0,51.1839981079,109.40291515614,41.8631018012092,266665.42,659280.07,12,8,51.184
NS65NE_1213,1,2_6,5.98760206392,-9999.0,-9999.0,-9999.0,50.5970001221,106.016754508283,41.2943610675984,266693.1,659279.31,12,8,50.597
NS65NE_1220,1,2_6,2.03001641608,-9999.0,-9999.0,-9999.0,68.0970001221,23.7950249944865,22.5576266647831,266256.78,659273.81,8,6,68.097
NS65NE_1221,1,2_6,2.25127636547,-9999.0,-9999.0,-9999.0,50.0250015259,37.9158862497486,24.7561297121091,266795.88,659272.76,12,8,50.025
NS65NE_1225,1,2_6,7.08874143681,-9999.0,-9999.0,-9999.0,62.2890014648,109.103374656032,42.1708624906232,266342.81,659272.78,12,8,62.289
NS65NE_1227,1,2_6,5.61700445481,-9999.0,-9999.0,-9999.0,49.1590003967,116.973977379545,44.4621355821793,266767.55,659273.47,20,12,49.159
NS65NE_1229,1,2_6,5.72856373021,-9999.0,-9999.0,-9999.0,52.1500015259,163.924151001852,55.7439357328102,266632.45,659273.99,28,16,52.15
NS65NE_1231,1,2_6,5.76436434641,-9999.0,-9999.0,-9999.0,52.9710006714,195.316794953872,58.5335489770943,266589.34,659273.4,12,8,52.971
NS65NE_1234,1,2_6,6.1404591436,-9999.0,-9999.0,-9999.0,62.8989982605,322.265954435425,97.7345527416696,266291.72,659279.56,36,20,62.899
NS65NE_1236,1,2_6,6.07011060207,-9999.0,-9999.0,-9999.0,55.7239990234,189.726953624691,83.2016631805261,266500.31,659274.46,60,32,55.724
NS65NE_1242,1,2_6,5.9271850316,-9999.0,-9999.0,-9999.0,49.3699989319,109.418611135265,41.8517353335452,266781.11,659267.61,12,8,49.37
NS65NE_1243,1,2_6,2.3947277832,-9999.0,-9999.0,-9999.0,53.1430015564,22.9928625007742,22.39543923241,266860.84,659262.26,8,6,53.143
NS65NE_1244,1,2_6,5.76577041512,-9999.0,-9999.0,-9999.0,51.4459991455,103.705984693522,40.815307861193,266688.9,659265.24,12,8,51.446
NS65NE_1249,1,2_6,3.02876270351,-9999.0,-9999.0,-9999.0,64.6299972534,55.6544198281081,32.0761634511115,266291.7,659260.59,20,12,64.63
NS65NE_1250,1,2_6,5.14223921366,-9999.0,-9999.0,-9999.0,52.7389984131,141.814087141276,52.362844966703,266850.2,659264.46,28,16,52.739
NS65NE_1253,1,2_6,6.79025961098,-9999.0,-9999.0,-9999.0,67.8160018921,102.376315913984,41.0476658067308,266256.28,659262.41,12,8,67.816
NS65NE_1254,1,2_6,4.72481385822,-9999.0,-9999.0,-9999.0,56.8870010376,760.516914526734,117.396725675331,266418.68,659276.04,12,8,56.887
NS65NE_1255,1,2_6,5.81718615604,-9999.0,-9999.0,-9999.0,50.1800003052,107.60933888329,41.558771330519,266795.09,659261.31,12,8,50.18
NS65NE_1256,1,2_6,6.3021811215,-9999.0,-9999.0,-9999.0,63.3530006409,97.154049858777,41.0691787480062,266340.71,659260.38,20,12,63.353
NS65NE_1258,1,2_6,5.78314384567,-9999.0,-9999.0,-9999.0,52.0870018005,110.446451667194,42.0536964794123,266656.61,659259.83,16,10,52.087
NS65NE_1259,1,2_6,5.69901960528,-9999.0,-9999.0,-9999.0,53.2220001221,121.998256073706,45.3053190311003,266612.6,659257.74,12,8,53.222
NS65NE_1260,1,2_6,6.87520293415,-9999.0,-9999.0,-9999.0,67.71900177,102.727319406222,40.9223707686803,266265.12,659256.11,12,8,67.719
NS65NE_1261,1,2_6,6.00154668874,-9999.0,-9999.0,-9999.0,56.9440002441,111.233265273133,42.3974475627341,266508.82,659256.82,12,8,56.944
NS65NE_1263,1,2_6,5.59414391682,-9999.0,-9999.0,-9999.0,50.6090011597,122.214439126042,47.1221824598176,266809.32,659255.29,20,12,50.609
NS65NE_1270,1,2_6,3.64111348299,-9999.0,-9999.0,-9999.0,54.4477500916,55.8152867720567,32.9692917907624,266554.92,659251.79,28,16,54.448
NS65NE_1273,1,2_6,5.73664004848,-9999.0,-9999.0,-9999.0,52.1599998474,112.993752053359,42.519532687309,266682.29,659251.66,12,8,52.16
NS65NE_1278,1,2_6,5.78452281263,-9999.0,-9999.0,-9999.0,50.1920013428,214.902979990176,66.9161039049897,266744.79,659250.3,28,16,50.192
NS65NE_1281,1,2_6,4.89971522067,-9999.0,-9999.0,-9999.0,51.1549987793,146.383583887524,50.8313582531636,266825.25,659250.01,28,16,51.155
NS65NE_1283,1,2_6,6.01891052281,-9999.0,-9999.0,-9999.0,57.0629997253,110.855066132272,42.3358429117566,266524.11,659248.74,12,8,57.063
NS65NE_1284,1,2_6,5.75113897104,-9999.0,-9999.0,-9999.0,53.4679985046,124.109537557655,45.5996061850806,266629.17,659248.72,12,8,53.468
NS65NE_1285,1,2_6,6.96233312348,-9999.0,-9999.0,-9999.0,64.2099990845,211.990214829162,81.2012732748727,266324.68,659251.26,36,20,64.21
NS65NE_1288,1,2_6,5.75872521415,-9999.0,-9999.0,-9999.0,67.2720031738,171.585016817941,52.4482346632135,266276.31,659248.2,12,8,67.272
NS65NE_1294,1,2_6,5.42089148767,-9999.0,-9999.0,-9999.0,53.3260002136,171.365315251833,58.0858975696619,266571.68,659244.98,28,16,53.326
NS65NE_1295,1,2_6,5.73965446252,-9999.0,-9999.0,-9999.0,52.9620018005,124.001863628021,45.6254799579701,266648.99,659244.47,12,8,52.962
NS65NE_1296,1,2_6,5.99793477644,-9999.0,-9999.0,-9999.0,50.0439987183,104.040036066479,40.8417159989789,266763.19,659242.91,12,8,50.044
NS65NE_1308,1,2_6,5.49534416756,-9999.0,-9999.0,-9999.0,53.5719985962,174.167151243537,59.2081397844019,266592.68,659236.09,20,12,53.572
NS65NE_1309,1,2_6,5.29903524661,-9999.0,-9999.0,-9999.0,52.8810005188,125.865697294037,47.0533188300915,266677.52,659235.66,28,16,52.881
NS65NE_1313,1,2_6,6.24764683527,-9999.0,-9999.0,-9999.0,66.6750030518,217.044174549877,88.4719754568098,266301.27,659238.02,48,24,66.675
NS65NE_1315,1,2_6,5.8719734067,-9999.0,-9999.0,-9999.0,51.358001709,176.986267487746,56.7301406113717,266835.48,659232.77,24,14,51.358
NS65NE_1318,1,2_6,5.713889643,-9999.0,-9999.0,-9999.0,53.5569992065,111.295405891638,42.206392753998,266612.43,659230.18,12,8,53.557
NS65NE_1319,1,2_6,5.28306387341,-9999.0,-9999.0,-9999.0,50.2430000305,130.951940397774,51.066549966963,266771.92,659230.51,20,12,50.243
NS65NE_1324,1,2_6,3.75420597621,-9999.0,-9999.0,-9999.0,67.608001709,100.116921585604,40.806554227194,266316.65,659228.4,12,8,67.608
NS65NE_1325,1,2_6,3.30210407133,-9999.0,-9999.0,-9999.0,56.9700012207,487.445010020603,96.6864619066783,266458.32,659236.93,36,20,56.97
NS65NE_1328,1,2_6,5.41135058308,-9999.0,-9999.0,-9999.0,50.3730010986,533.249555420227,163.639746757232,266711.49,659246.51,96,50,50.373
NS65NE_1331,1,2_6,5.86254936687,-9999.0,-9999.0,-9999.0,53.7760009766,113.643227378051,42.6519806060885,266668.54,659223.09,12,8,53.776
NS65NE_1336,1,2_6,5.01556722791,-9999.0,-9999.0,-9999.0,50.8590011597,322.085209315868,107.757401130738,266818.48,659225.45,60,32,50.859
NS65NE_1338,1,2_6,2.788620008,-9999.0,-9999.0,-9999.0,56.2430000305,78.5477629505381,38.9401056111838,266563.23,659216.63,20,12,56.243
NS65NE_1340,1,2_6,5.03348365799,-9999.0,-9999.0,-9999.0,50.5359992981,128.530008400569,51.4505204279105,266778.3,659217.49,20,12,50.536
NS65NE_1342,1,2_6,5.89767317885,-9999.0,-9999.0,-9999.0,68.1790008545,99.2790893170633,42.1274239219025,266254.62,659216.92,20,12,68.179
NS65NE_1344,1,2_6,4.68006088459,-9999.0,-9999.0,-9999.0,56.6669998169,58.7750250013982,30.1804279936871,266548.42,659212.57,16,10,56.667
NS65NE_1345,1,2_6,3.3351407814,-9999.0,-9999.0,-9999.0,56.1510009766,105.976535608248,43.1613898144662,266592.93,659213.21,12,8,56.151
NS65NE_1350,1,2_6,3.47549945407,-9999.0,-9999.0,-9999.0,50.9700012207,61.0223324990724,31.6053283790081,266763.1,659208.52,12,8,50.97
NS65NE_1351,1,2_6,5.78633286571,-9999.0,-9999.0,-9999.0,54.186000824,174.373150243899,66.5779412396069,266689.55,659211.65,52,28,54.186
NS65NE_1352,1,2_6,5.56170467209,-9999.0,-9999.0,-9999.0,51.5589981079,278.332979847511,80.5553654411906,266744.36,659218.44,36,20,51.559
NS65NE_1359,1,2_6,6.82441741553,-9999.0,-9999.0,-9999.0,68.7959976196,241.009575726439,73.9732422313871,266269.56,659205.14,44,24,68.796
NS65NE_1365,1,2_6,5.43823079611,-9999.0,-9999.0,-9999.0,52.9090003967,188.880373450931,67.780313227527,266720.15,659200.14,36,20,52.909
NS65NE_1367,1,2_6,6.94763836436,-9999.0,-9999.0,-9999.0,69.0579986572,229.870247036813,66.343281641359,266293.57,659198.11,28,16,69.058
NS65NE_1371,1,2_6,2.55450276768,-9999.0,-9999.0,-9999.0,68.9589996338,36.1684800022895,24.9696675269451,266272.0,659186.96,12,8,68.959
NS65NE_1372,1,2_6,5.20498469773,-9999.0,-9999.0,-9999.0,51.3795013428,379.884185832089,98.2800706179069,266787.7,659197.46,44,24,51.38
NS65NE_1374,1,2_6,5.79366787838,-9999.0,-9999.0,-9999.0,54.1450004578,115.50680112222,43.5425949401062,266705.0,659191.3,12,8,54.145
NS65NE_1375,1,2_6,5.74426632931,-9999.0,-9999.0,-9999.0,69.1930007935,98.0760255829887,40.7844288298539,266315.98,659188.52,20,12,69.193
NS65NE_1378,1,2_6,5.65466939667,-9999.0,-9999.0,-9999.0,68.8330001831,145.039462312295,48.5882102690492,266260.14,659186.85,12,8,68.833
NS65NE_1380,1,2_6,5.85092451676,-9999.0,-9999.0,-9999.0,69.1660003662,117.255904814787,45.3877058530877,266329.62,659183.82,20,12,69.166
NS65NE_1381,1,2_6,5.48404470403,-9999.0,-9999.0,-9999.0,54.9269981384,105.723056249684,44.8137278501212,266696.03,659182.09,16,10,54.927
NS65NE_1383,1,2_6,6.35266271664,-9999.0,-9999.0,-9999.0,69.7058029175,101.111092726845,40.2561729105237,266288.33,659178.86,12,8,69.706
NS65NE_1384,1,2_6,5.61761999629,-9999.0,-9999.0,-9999.0,69.2829971313,147.227421852622,48.889995720303,266342.94,659179.14,12,8,69.283
NS65NE_1385,1,2_6,5.51416349696,-9999.0,-9999.0,-9999.0,53.8380012512,717.770975622072,219.622966758831,266647.74,659198.86,140,72,53.838
NS65NE_1389,1,2_6,5.71505528893,-9999.0,-9999.0,-9999.0,51.7659988403,348.694158629938,122.856103009653,266758.32,659185.57,72,40,51.766
NS65NE_1391,1,2_6,5.88983927253,-9999.0,-9999.0,-9999.0,69.0240020752,116.46850708619,45.287081899137,266252.96,659172.45,20,12,69.024
NS65NE_1393,1,2_6,2.95180208255,-9999.0,-9999.0,-9999.0,59.8423576355,23.8405537507045,22.323714049632,266595.38,659163.79,8,6,59.842
NS65NE_1394,1,2_6,6.23126318671,-9999.0,-9999.0,-9999.0,57.4109992981,112.750318954898,45.8162095639456,266675.93,659167.63,20,12,57.411
NS65NE_1396,1,2_6,6.11825773552,-9999.0,-9999.0,-9999.0,69.875,107.500785035297,44.716194468226,266281.37,659167.26,20,12,69.875
NS65NE_1397,1,2_6,5.1490547933,-9999.0,-9999.0,-9999.0,69.0230026245,334.134658220381,125.26789717339,266366.94,659170.43,60,32,69.023
NS65NE_1400,1,2_6,2.08324180459,-9999.0,-9999.0,-9999.0,57.0260009766,41.0129808540504,29.348703796941,266696.1,659161.58,20,12,57.026
NS65NE_1403,1,2_6,6.9034201369,-9999.0,-9999.0,-9999.0,69.4420013428,104.240136504005,40.8392437795314,266378.07,659152.12,12,8,69.442
NS65NE_1405,1,2_6,4.9907285845,-9999.0,-9999.0,-9999.0,69.7080001831,153.52686374585,61.6622168820605,266289.0,659154.15,28,16,69.708
NS65NE_1407,1,2_6,5.44126533382,-9999.0,-9999.0,-9999.0,58.2159996033,233.616225128322,71.4673734870338,266688.68,659154.65,36,20,58.216
NS65NE_1408,1,2_6,4.21477847302,-9999.0,-9999.0,-9999.0,60.5540008545,65.5653814775555,32.391192249794,266598.43,659148.6,12,8,60.554
NS65NE_1409,1,2_6,5.92723136802,-9999.0,-9999.0,-9999.0,69.6579971313,118.373597074242,45.5545896036663,266263.83,659149.06,20,12,69.658
NS65NE_1410,1,2_6,4.72228442316,-9999.0,-9999.0,-9999.0,60.7620010376,150.739757942841,51.6699427976527,266583.24,659149.72,28,16,60.762
NS65NE_1411,1,2_6,2.7788533783,-9999.0,-9999.0,-9999.0,58.6062011719,38.7662399961776,24.9923785420515,266675.35,659145.41,12,8,58.606
NS65NE_1412,1,2_6,5.69959057294,-9999.0,-9999.0,-9999.0,69.8079986572,109.980742018709,41.9497720611181,266318.44,659146.91,12,8,69.808
NS65NE_1415,1,2_6,2.42964342085,-9999.0,-9999.0,-9999.0,62.1489982605,60.890169451645,33.0282808515899,266624.14,659139.81,12,8,62.149
NS65NE_1417,1,2_6,6.79972410202,-9999.0,-9999.0,-9999.0,69.46900177,104.693911782807,40.929120869591,266377.2,659137.42,12,8,69.469
NS65NE_1418,1,2_6,2.15376627123,-9999.0,-9999.0,-9999.0,63.283000946,22.0706250008401,22.432337624733,266632.79,659134.31,8,6,63.283
NS65NE_1420,1,2_6,5.85980191582,-9999.0,-9999.0,-9999.0,69.763999939,116.938296638751,45.3720045107321,266275.44,659135.29,20,12,69.764
NS65NE_1421,1,2_6,5.41101427847,-9999.0,-9999.0,-9999.0,56.8940010071,243.172164262037,70.5361189402804,266709.84,659139.59,44,24,56.894
NS65NE_1422,1,2_6,5.6610793479,-9999.0,-9999.0,-9999.0,69.8280029297,100.813006069613,41.3431335620832,266316.87,659133.58,20,12,69.828
NS65NE_1424,1,2_6,6.42770142374,-9999.0,-9999.0,-9999.0,69.75,103.553053911292,40.7529191541364,266287.24,659128.46,12,8,69.75
NS65NE_1425,1,2_6,5.60475896938,-9999.0,-9999.0,-9999.0,58.7630004883,117.523235902623,44.5784634124499,266676.22,659127.41,20,12,58.763
NS65NE_1426,1,2_6,5.77391791771,-9999.0,-9999.0,-9999.0,69.2949981689,101.565402002247,40.5878963664725,266376.72,659125.18,12,8,69.295
NS65NE_1427,1,2_6,5.94059337985,-9999.0,-9999.0,-9999.0,69.3479995728,206.035287028366,73.7908415008496,266346.4,659130.07,44,24,69.348
NS65NE_1428,1,2_6,2.39836839635,-9999.0,-9999.0,-9999.0,64.0410003662,35.9704275057702,25.3575212288703,266654.18,659117.96,12,8,64.041
NS65NE_1429,1,2_6,4.66873518312,-9999.0,-9999.0,-9999.0,63.2490005493,1188.18993654814,239.553064221865,266506.28,659139.64,80,42,63.249
NS65NE_1431,1,2_6,5.1829617599,-9999.0,-9999.0,-9999.0,69.2399978638,212.125062638079,99.6944500149697,266316.0,659117.98,48,26,69.24
NS65NE_1432,1,2_6,5.76841315034,-9999.0,-9999.0,-9999.0,69.1129989624,108.418411203739,41.6505543258534,266375.75,659111.29,12,8,69.113
NS65NE_1433,1,2_6,5.70907198648,-9999.0,-9999.0,-9999.0,69.1456604004,109.824684722307,41.9193621640621,266331.54,659110.61,12,8,69.146
NS65NE_1434,1,2_6,5.65679275116,-9999.0,-9999.0,-9999.0,69.2689971924,110.463238860403,42.0458783012773,266256.59,659109.94,12,8,69.269
NS65NE_1435,1,2_6,5.95208971077,-9999.0,-9999.0,-9999.0,62.983001709,110.951169601396,42.1336739407183,266554.8,659108.74,12,8,62.983
NS65NE_1437,1,2_6,5.70876364935,-9999.0,-9999.0,-9999.0,69.2969970703,109.034697711164,41.7687405444728,266270.12,659104.42,12,8,69.297
NS65NE_1439,1,2_6,6.31916244507,-9999.0,-9999.0,-9999.0,68.9722518921,104.136977889849,40.8407287299971,266344.34,659104.5,12,8,68.972
NS65NE_1440,1,2_6,3.01662640501,-9999.0,-9999.0,-9999.0,63.1630439758,53.7929850044299,29.7458225016444,266659.83,659100.52,12,8,63.163
NS65NE_1441,1,2_6,6.70540626469,-9999.0,-9999.0,-9999.0,68.9599990845,109.459045684246,42.5031239947814,266374.43,659098.62,20,12,68.96
NS65NE_1443,1,2_6,5.88884134465,-9999.0,-9999.0,-9999.0,58.6870002747,413.027528443296,105.93746327709,266687.42,659108.78,44,24,58.687
NS65NE_1444,1,2_6,5.92700039371,-9999.0,-9999.0,-9999.0,69.1350021362,116.694033626391,45.4452387459881,266281.45,659098.71,20,12,69.135
NS65NE_1445,1,2_6,5.04555989269,-9999.0,-9999.0,-9999.0,62.9290008545,516.678474350004,169.74058360287,266630.21,659109.34,84,48,62.929
NS65NE_1446,1,2_6,6.9924289684,-9999.0,-9999.0,-9999.0,69.0220031738,103.256648455474,40.6484885679789,266295.59,659092.82,12,8,69.022
NS65NE_1447,1,2_6,6.81431842421,-9999.0,-9999.0,-9999.0,68.9530029297,108.909290801478,42.8713460773526,266307.68,659088.12,20,12,68.953
NS65NE_1448,1,2_6,6.84718748493,-9999.0,-9999.0,-9999.0,68.7860031128,105.323475530337,41.0516108317965,266373.52,659083.65,12,8,68.786
NS65NE_1449,1,2_6,5.85191300724,-9999.0,-9999.0,-9999.0,68.888999939,119.691587580901,45.9297988831447,266321.3,659081.65,20,12,68.889
NS65NE_1450,1,2_6,5.58917229198,-9999.0,-9999.0,-9999.0,68.7509994507,111.481544291903,42.2346782850426,266333.71,659077.61,12,8,68.751
NS65NE_1451,1,2_6,5.5891317351,-9999.0,-9999.0,-9999.0,68.6930007935,145.621768056444,48.6348521821318,266347.89,659071.42,12,8,68.693
NS65NE_1452,1,2_6,5.67716510479,-9999.0,-9999.0,-9999.0,68.9899978638,109.148512242737,41.7917024842372,266372.44,659069.77,12,8,68.99
NS65NE_1455,1,2_6,5.6389743965,-9999.0,-9999.0,-9999.0,69.1129989624,145.644683896332,48.651674266458,266370.55,659055.13,12,8,69.113
NS65NE_1460,1,2_6,3.00018971141,-9999.0,-9999.0,-9999.0,66.8815307617,85.0926940253573,40.1397409050225,266483.32,658969.37,12,8,66.882
NS65NE_1462,1,2_6,4.51645738428,-9999.0,-9999.0,-9999.0,71.047996521,207.162420327,69.999365935205,266753.98,658879.61,36,20,71.048
NS65NE_1467,1,2_6,2.42760570014,-9999.0,-9999.0,-9999.0,75.1500015259,22.1811225013953,21.9732683615531,266718.5,658772.66,8,6,75.15
NS65NE_996,1,2_6,5.31806267403,-9999.0,-9999.0,-9999.0,47.4119987488,95.6746986328561,39.1273135334698,266801.25,659372.68,12,8,47.412
NS65NE_1006,1,2_7,10.1307062049,-9999.0,-9999.0,-9999.0,49.827999115,474.981652958158,100.308984946298,266348.21,659380.91,12,8,49.828
NS65NE_1016,1,2_7,5.45232005006,-9999.0,-9999.0,-9999.0,47.2080001831,413.49955227075,124.524409970447,266678.35,659377.4,76,40,47.208
NS65NE_104,1,2_7,6.26494665009,-9999.0,-9999.0,-9999.0,43.4869995117,106.854936277353,41.3595221916099,266332.7,659935.78,12,8,43.487
NS65NE_105,1,2_7,6.44721027078,-9999.0,-9999.0,-9999.0,35.9539985657,117.847749600265,46.7170719405997,266831.2,659935.77,20,12,35.954
NS65NE_106,1,2_7,5.99260964099,-9999.0,-9999.0,-9999.0,43.1710014343,867.680952060149,260.32069615574,266397.41,659937.54,136,72,43.171
NS65NE_107,1,2_7,6.29757866948,-9999.0,-9999.0,-9999.0,34.9150009155,83.1923767555861,36.8954702926107,266760.55,659934.79,12,8,34.915
NS65NE_109,1,2_7,5.69696443019,-9999.0,-9999.0,-9999.0,34.9249992371,209.938555924646,69.0225263183733,266776.84,659933.67,28,16,34.925
NS65NE_110,1,2_7,6.28507226836,-9999.0,-9999.0,-9999.0,36.2120018005,115.707052448532,46.0230211803556,266863.49,659933.16,20,12,36.212
NS65NE_115,1,2_7,6.35781228751,-9999.0,-9999.0,-9999.0,35.7569999695,116.732825747299,46.4911268091902,266810.43,659931.27,20,12,35.757
NS65NE_116,1,2_7,6.45766127461,-9999.0,-9999.0,-9999.0,35.5400009155,131.347030000288,46.6001314818728,266795.59,659930.96,20,12,35.54
NS65NE_118,1,2_7,5.52687534848,-9999.0,-9999.0,-9999.0,40.797000885,222.939511866286,91.1011264697096,266506.73,659936.27,52,28,40.797
NS65NE_12,1,2_7,5.21585937767,-9999.0,-9999.0,-9999.0,38.370552063,380.424141187885,109.069852537566,266544.33,659997.05,48,26,38.371
NS65NE_122,1,2_7,5.60685208741,-9999.0,-9999.0,-9999.0,43.1199989319,130.731380348627,51.6689807020914,266331.65,659924.34,28,16,43.12
NS65NE_13,1,2_7,5.86202686615,-9999.0,-9999.0,-9999.0,38.2659988403,92.8399813096904,40.8414525772034,266567.12,659991.13,20,12,38.266
NS65NE_130,1,2_7,5.64117579867,-9999.0,-9999.0,-9999.0,41.6689987183,658.175385993443,209.687695449401,266566.29,659927.53,124,64,41.669
NS65NE_131,1,2_7,6.26731471148,-9999.0,-9999.0,-9999.0,36.3880004883,112.061281027659,42.3438864360093,266832.86,659922.11,12,8,36.388
NS65NE_134,1,2_7,6.0495188295,-9999.0,-9999.0,-9999.0,41.9594993591,105.906529182374,41.3914224139952,266599.9,659920.99,12,8,41.959
NS65NE_138,1,2_7,6.33450346189,-9999.0,-9999.0,-9999.0,37.5369987488,118.832954719019,43.612204003847,266861.46,659919.45,12,8,37.537
NS65NE_144,1,2_7,5.82138207288,-9999.0,-9999.0,-9999.0,42.5379981995,93.564703803386,40.9777606939573,266497.13,659915.33,20,12,42.538
NS65NE_145,1,2_7,6.27680589648,-9999.0,-9999.0,-9999.0,36.1570014954,103.886504852838,40.7844066536037,266727.32,659914.31,12,8,36.157
NS65NE_146,1,2_7,5.89396230725,-9999.0,-9999.0,-9999.0,43.0009994507,89.7587058979124,40.1094138565518,266333.47,659913.72,20,12,43.001
NS65NE_15,1,2_7,5.71496371937,-9999.0,-9999.0,-9999.0,37.466999054,156.857696904311,59.7374254488559,266595.96,659990.93,28,16,37.467
NS65NE_152,1,2_7,5.92003156399,-9999.0,-9999.0,-9999.0,42.0239982605,117.823514040211,45.6608909848494,266366.76,659909.63,20,12,42.024
NS65NE_154,1,2_7,6.04422800882,-9999.0,-9999.0,-9999.0,43.2989997864,110.68578887898,44.4099097836542,266427.97,659908.93,20,12,43.299
NS65NE_157,1,2_7,5.75387132433,-9999.0,-9999.0,-9999.0,36.6570014954,101.697025834206,41.9178836920414,266803.88,659905.38,20,12,36.657
NS65NE_159,1,2_7,5.96392145549,-9999.0,-9999.0,-9999.0,38.6646156311,609.858469196076,197.916438715199,266624.25,659922.87,104,56,38.665
NS65NE_160,1,2_7,6.27368671478,-9999.0,-9999.0,-9999.0,35.9570007324,80.4042598297807,36.2754681378216,266752.01,659904.43,12,8,35.957
NS65NE_161,1,2_7,5.29664056412,-9999.0,-9999.0,-9999.0,42.7369995117,101.940404595953,41.9101283208891,266462.09,659902.74,20,12,42.737
NS65NE_163,1,2_7,5.76986007311,-9999.0,-9999.0,-9999.0,35.7709999084,102.98743217479,42.0550376643674,266762.0,659903.23,20,12,35.771
NS65NE_165,1,2_7,6.35154943043,-9999.0,-9999.0,-9999.0,37.2519989014,103.056348918097,40.6330385582084,266834.79,659900.77,12,8,37.252
NS65NE_166,1,2_7,6.05705547817,-9999.0,-9999.0,-9999.0,35.8460006714,203.759150967547,65.3672923904768,266779.27,659901.23,28,16,35.846
NS65NE_168,1,2_7,5.64680507722,-9999.0,-9999.0,-9999.0,42.547000885,369.159930272466,120.768973127524,266400.62,659902.17,76,40,42.547
NS65NE_17,1,2_7,5.39127673378,-9999.0,-9999.0,-9999.0,37.9343681335,134.949480548999,48.5037413156135,266578.02,659989.54,20,12,37.934
NS65NE_170,1,2_7,5.7605306111,-9999.0,-9999.0,-9999.0,41.4599990845,96.1386683037304,39.3022848741882,266366.65,659898.92,12,8,41.46
NS65NE_179,1,2_7,5.51020922577,-9999.0,-9999.0,-9999.0,42.388999939,601.726810925779,181.880042362885,266518.1,659899.87,92,48,42.389
NS65NE_18,1,2_7,5.48675608537,-9999.0,-9999.0,-9999.0,40.6189994812,256.693543477459,109.768922974685,266467.08,659990.31,60,32,40.619
NS65NE_180,1,2_7,5.70768049533,-9999.0,-9999.0,-9999.0,42.4620018005,97.4250180389767,40.8247477303476,266552.21,659895.08,20,12,42.462
NS65NE_182,1,2_7,5.84608381481,-9999.0,-9999.0,-9999.0,42.638999939,194.295253707498,66.11461660244,266331.66,659896.5,44,24,42.639
NS65NE_184,1,2_7,6.59290467996,-9999.0,-9999.0,-9999.0,41.2051124573,162.544278061732,57.9127050150622,266623.37,659892.04,28,16,41.205
NS65NE_186,1,2_7,5.91169364689,-9999.0,-9999.0,-9999.0,42.5680007935,105.391181478502,43.2264906827559,266465.66,659890.73,20,12,42.568
NS65NE_187,1,2_7,6.34912741132,-9999.0,-9999.0,-9999.0,38.0419998169,235.727182245079,78.7476774546558,266861.51,659890.75,28,16,38.042
NS65NE_194,1,2_7,5.7766357055,-9999.0,-9999.0,-9999.0,38.2449989319,798.306158228518,180.873520317402,266666.54,659906.07,76,40,38.245
NS65NE_196,1,2_7,5.64507340466,-9999.0,-9999.0,-9999.0,37.7150001526,145.096383256555,50.335209871459,266834.67,659886.34,20,12,37.715
NS65NE_199,1,2_7,5.97147738905,-9999.0,-9999.0,-9999.0,37.1780014038,213.724014671285,62.6082901653583,266802.9,659887.84,20,12,37.178
NS65NE_20,1,2_7,5.39753655708,-9999.0,-9999.0,-9999.0,37.091999054,97.3735146258916,40.6088424381819,266610.25,659987.14,20,12,37.092
NS65NE_201,1,2_7,5.28246801736,-9999.0,-9999.0,-9999.0,42.7010002136,108.947999105717,44.8795277771238,266329.24,659881.69,20,12,42.701
NS65NE_204,1,2_7,5.38354738297,-9999.0,-9999.0,-9999.0,42.3149986267,113.186447944916,45.5375072353276,266471.94,659881.88,28,16,42.315
NS65NE_205,1,2_7,5.99414545841,-9999.0,-9999.0,-9999.0,36.2260017395,323.061642834853,98.649956230078,266725.71,659890.91,52,28,36.226
NS65NE_208,1,2_7,5.48229991119,-9999.0,-9999.0,-9999.0,41.4539985657,104.20171368006,44.1283603431784,266365.52,659880.46,28,16,41.454
NS65NE_211,1,2_7,5.97879934413,-9999.0,-9999.0,-9999.0,42.1870002747,362.604310721933,113.297648556729,266584.35,659885.89,36,20,42.187
NS65NE_212,1,2_7,3.05558502842,-9999.0,-9999.0,-9999.0,40.5445022583,54.1245262549998,29.6595725224334,266674.86,659874.94,12,8,40.544
NS65NE_214,1,2_7,6.34509544251,-9999.0,-9999.0,-9999.0,37.6510009766,80.5117837753808,36.2838595285951,266772.13,659874.3,12,8,37.651
NS65NE_215,1,2_7,2.8994356342,-9999.0,-9999.0,-9999.0,40.9910011292,95.3693275401349,44.0862801377325,266390.93,659872.94,20,12,40.991
NS65NE_217,1,2_7,6.70363280623,-9999.0,-9999.0,-9999.0,40.7900009155,106.468607420922,41.2743445024821,266659.84,659871.99,12,8,40.79
NS65NE_218,1,2_7,5.56050811245,-9999.0,-9999.0,-9999.0,38.186000824,104.917616332382,42.3680974748504,266834.16,659872.27,20,12,38.186
NS65NE_219,1,2_7,5.31072894534,-9999.0,-9999.0,-9999.0,43.6510009766,3342.36921524607,342.280356402278,266264.87,659925.04,60,32,43.651
NS65NE_220,1,2_7,5.42737252656,-9999.0,-9999.0,-9999.0,42.1010017395,99.0343192057383,41.3126043051409,266478.1,659872.85,20,12,42.101
NS65NE_221,1,2_7,6.43179284814,-9999.0,-9999.0,-9999.0,37.2439994812,131.211386153088,45.9795026098594,266752.99,659871.11,12,8,37.244
NS65NE_223,1,2_7,6.55556963131,-9999.0,-9999.0,-9999.0,36.9990005493,97.7789766733296,39.5717243624497,266723.4,659867.66,12,8,36.999
NS65NE_226,1,2_7,5.22092525743,-9999.0,-9999.0,-9999.0,41.7319984436,242.209099282348,96.0977489750235,266539.05,659869.02,76,40,41.732
NS65NE_228,1,2_7,6.30631620897,-9999.0,-9999.0,-9999.0,41.6590003967,95.783238356798,39.2644587920919,266489.35,659867.21,12,8,41.659
NS65NE_230,1,2_7,2.52457504272,-9999.0,-9999.0,-9999.0,42.3089981079,24.5680687499698,23.0062413265198,266596.42,659863.72,8,6,42.309
NS65NE_232,1,2_7,5.77129915965,-9999.0,-9999.0,-9999.0,41.3740005493,223.6932405918,82.8118526074304,266516.56,659867.95,40,22,41.374
NS65NE_233,1,2_7,5.7722190645,-9999.0,-9999.0,-9999.0,41.3650016785,95.4104361721992,39.4062341481044,266500.63,659865.64,12,8,41.365
NS65NE_237,1,2_7,5.93415760367,-9999.0,-9999.0,-9999.0,40.8390007019,157.608710246076,54.1446753350186,266406.71,659864.57,20,12,40.839
NS65NE_240,1,2_7,5.64362697077,-9999.0,-9999.0,-9999.0,42.59400177,218.076708436655,83.1810048989165,266332.57,659864.36,52,28,42.594
NS65NE_242,1,2_7,5.99678659848,-9999.0,-9999.0,-9999.0,40.9049987793,152.559082490826,52.5563180203837,266383.38,659858.28,20,12,40.905
NS65NE_243,1,2_7,6.2802029545,-9999.0,-9999.0,-9999.0,38.1199989319,121.763722001775,47.3005499935611,266790.96,659858.54,20,12,38.12
NS65NE_245,1,2_7,5.93677624739,-9999.0,-9999.0,-9999.0,41.4140014648,548.673789294811,186.735095934759,266437.92,659876.62,108,56,41.414
NS65NE_248,1,2_7,5.50662032626,-9999.0,-9999.0,-9999.0,41.8240013123,332.178580028001,116.688319525497,266580.35,659858.78,80,42,41.824
NS65NE_25,1,2_7,6.17308648888,-9999.0,-9999.0,-9999.0,44.9440002441,110.035339071377,44.1907243698198,266339.21,659984.63,20,12,44.944
NS65NE_251,1,2_7,6.55569464569,-9999.0,-9999.0,-9999.0,37.3559989929,104.672703240507,40.923892441574,266722.16,659853.07,12,8,37.356
NS65NE_257,1,2_7,6.42063909284,-9999.0,-9999.0,-9999.0,38.0069999695,106.575462589963,41.2983841931186,266779.42,659849.38,12,8,38.007
NS65NE_261,1,2_7,5.74432929318,-9999.0,-9999.0,-9999.0,41.3470001221,210.518546982673,66.1982813986991,266362.46,659848.09,36,20,41.347
NS65NE_263,1,2_7,5.8359219026,-9999.0,-9999.0,-9999.0,41.1619987488,235.425538049625,90.1295453340079,266460.07,659847.57,32,20,41.162
NS65NE_268,1,2_7,5.52337048158,-9999.0,-9999.0,-9999.0,41.0849990845,101.931971239822,41.0584327908106,266516.18,659839.35,16,10,41.085
NS65NE_269,1,2_7,4.72480071349,-9999.0,-9999.0,-9999.0,41.4140014648,714.959230889828,191.668931432846,266611.7,659859.2,100,52,41.414
NS65NE_270,1,2_7,5.75430759913,-9999.0,-9999.0,-9999.0,37.6549987793,204.015202927451,70.9111706927052,266763.46,659842.12,44,24,37.655
NS65NE_271,1,2_7,2.63055055635,-9999.0,-9999.0,-9999.0,40.3989982605,57.9038236633267,38.8081538245651,266667.12,659839.49,20,12,40.399
NS65NE_278,1,2_7,6.019828972,-9999.0,-9999.0,-9999.0,37.5289993286,105.447270480554,41.0750169158478,266748.96,659835.73,12,8,37.529
NS65NE_280,1,2_7,5.43442420437,-9999.0,-9999.0,-9999.0,42.8819999695,208.655175218409,59.5213709578365,266337.37,659836.72,20,12,42.882
NS65NE_281,1,2_7,6.23004188072,-9999.0,-9999.0,-9999.0,41.0880012512,216.887114330925,68.1913563831038,266480.69,659835.17,36,20,41.088
NS65NE_283,1,2_7,5.97953389514,-9999.0,-9999.0,-9999.0,41.6189994812,230.605986106986,71.8992226669742,266540.88,659833.66,36,20,41.619
NS65NE_284,1,2_7,5.34040247407,-9999.0,-9999.0,-9999.0,41.0,613.2701007127,152.488030265159,266648.93,659846.43,60,32,41.0
NS65NE_285,1,2_7,6.28810589462,-9999.0,-9999.0,-9999.0,37.5730018616,227.379311620082,72.6122824590495,266716.38,659833.38,28,16,37.573
NS65NE_286,1,2_7,6.39976803298,-9999.0,-9999.0,-9999.0,37.4189987183,98.8827943233467,39.7909198341987,266736.82,659831.06,12,8,37.419
NS65NE_288,1,2_7,2.26626257588,-9999.0,-9999.0,-9999.0,43.2799987793,37.1687550013767,24.6532462653274,266278.97,659823.71,12,8,43.28
NS65NE_29,1,2_7,5.30681556967,-9999.0,-9999.0,-9999.0,41.9199981689,103.854883539394,40.8087336911324,266460.68,659979.32,12,8,41.92
NS65NE_290,1,2_7,5.62572988447,-9999.0,-9999.0,-9999.0,42.9622497559,168.284420319959,55.89156180466,266322.86,659825.63,20,12,42.962
NS65NE_295,1,2_7,4.03335834079,-9999.0,-9999.0,-9999.0,41.5880012512,195.032700595625,62.8311622754596,266390.34,659826.1,36,20,41.588
NS65NE_297,1,2_7,4.01442593189,-9999.0,-9999.0,-9999.0,41.3289985657,175.798725788737,56.2135706868493,266412.62,659824.1,20,12,41.329
NS65NE_301,1,2_7,5.68880628433,-9999.0,-9999.0,-9999.0,41.466999054,248.630707307224,91.404129278148,266514.99,659821.82,40,22,41.467
NS65NE_303,1,2_7,5.47608690904,-9999.0,-9999.0,-9999.0,41.5320014954,309.821677312707,104.824203160545,266450.03,659821.25,68,36,41.532
NS65NE_305,1,2_7,3.3207555962,-9999.0,-9999.0,-9999.0,41.3429985046,138.270654370308,50.8814367750128,266417.65,659810.42,28,16,41.343
NS65NE_308,1,2_7,5.81337668256,-9999.0,-9999.0,-9999.0,39.6220016479,1653.35006676985,433.564383730204,266855.21,659822.4,216,112,39.622
NS65NE_310,1,2_7,5.79885243541,-9999.0,-9999.0,-9999.0,42.5219993591,162.351642754817,55.7134909161233,266287.11,659806.43,20,12,42.522
NS65NE_313,1,2_7,3.65339539397,-9999.0,-9999.0,-9999.0,41.6850013733,310.193050735466,103.688563504796,266371.4,659809.74,52,28,41.685
NS65NE_315,1,2_7,4.81244110779,-9999.0,-9999.0,-9999.0,40.7649993896,474.76200663462,112.039006295965,266256.09,659810.56,68,36,40.765
NS65NE_317,1,2_7,6.15917185565,-9999.0,-9999.0,-9999.0,42.2929992676,93.6037478853594,40.1431087457695,266855.19,659799.34,16,10,42.293
NS65NE_319,1,2_7,5.44675701941,-9999.0,-9999.0,-9999.0,38.4955825806,239.672632782972,77.664903884327,266767.29,659802.21,36,20,38.496
NS65NE_325,1,2_7,5.81829856892,-9999.0,-9999.0,-9999.0,41.6619987488,204.363749023933,60.0860323359805,266838.84,659794.99,16,10,41.662
NS65NE_326,1,2_7,6.00687386997,-9999.0,-9999.0,-9999.0,41.6180000305,458.95798410867,129.41809674825,266486.38,659799.68,76,40,41.618
NS65NE_327,1,2_7,2.02623739475,-9999.0,-9999.0,-9999.0,41.5613327026,45.2564798719547,28.2832153956059,266490.95,659787.67,12,8,41.561
NS65NE_329,1,2_7,4.11731528942,-9999.0,-9999.0,-9999.0,41.2060012817,164.683169068746,51.6173531131353,266427.66,659788.26,12,8,41.206
NS65NE_331,1,2_7,5.70196476654,-9999.0,-9999.0,-9999.0,41.6240005493,102.390942030533,40.5917949257325,266826.37,659786.55,12,8,41.624
NS65NE_335,1,2_7,5.19888067305,-9999.0,-9999.0,-9999.0,40.9339981079,419.924485594305,113.312453162117,266339.69,659791.75,44,24,40.934
NS65NE_345,1,2_7,5.33239380267,-9999.0,-9999.0,-9999.0,41.2919998169,365.677098134736,104.612760792564,266807.07,659778.76,76,40,41.292
NS65NE_35,1,2_7,1.88810028693,-9999.0,-9999.0,-9999.0,34.3689994812,29.3907374973642,24.7902563224836,266828.79,659972.44,8,6,34.369
NS65NE_352,1,2_7,5.54982568464,-9999.0,-9999.0,-9999.0,38.8030014038,682.364554894776,217.201916285486,266750.5,659780.67,128,66,38.803
NS65NE_354,1,2_7,6.1394161389,-9999.0,-9999.0,-9999.0,42.0279998779,144.264052301683,54.8497767232385,266252.82,659766.74,28,16,42.028
NS65NE_359,1,2_7,6.28801753078,-9999.0,-9999.0,-9999.0,41.5789985657,338.12465534177,91.2835505760577,266304.4,659767.38,32,18,41.579
NS65NE_360,1,2_7,5.39767810154,-9999.0,-9999.0,-9999.0,40.6020011902,114.041949962852,45.8332763097129,266440.17,659761.18,28,16,40.602
NS65NE_362,1,2_7,6.40930135656,-9999.0,-9999.0,-9999.0,41.0089988708,529.28131867344,144.778029738638,266385.13,659768.23,92,48,41.009
NS65NE_363,1,2_7,3.92138242231,-9999.0,-9999.0,-9999.0,40.9580001831,175.646150257706,57.2290567001376,266423.67,659758.31,28,16,40.958
NS65NE_366,1,2_7,5.67971417236,-9999.0,-9999.0,-9999.0,41.3069992065,163.003316255694,50.864682390001,266347.76,659754.49,24,14,41.307
NS65NE_368,1,2_7,5.58643212851,-9999.0,-9999.0,-9999.0,43.466999054,789.466871287178,246.979450868929,266850.21,659758.09,132,68,43.467
NS65NE_369,1,2_7,5.63665644757,-9999.0,-9999.0,-9999.0,42.1100006104,230.719405421213,66.7319623088449,266272.12,659757.58,20,12,42.11
NS65NE_370,1,2_7,6.17708877037,-9999.0,-9999.0,-9999.0,42.8899993896,98.3977172069026,39.7679199515426,266807.72,659751.47,12,8,42.89
NS65NE_372,1,2_7,5.91418277516,-9999.0,-9999.0,-9999.0,40.8909988403,92.1762121479522,39.2441411393439,266411.86,659751.02,12,8,40.891
NS65NE_373,1,2_7,5.46749209012,-9999.0,-9999.0,-9999.0,39.8230018616,488.862692270366,168.510526297179,266711.7,659765.93,84,44,39.823
NS65NE_375,1,2_7,5.6069157887,-9999.0,-9999.0,-9999.0,42.3510017395,106.088375176076,41.5061186226196,266778.07,659746.87,12,8,42.351
NS65NE_380,1,2_7,6.3582832665,-9999.0,-9999.0,-9999.0,41.9278869629,109.177657093934,41.7970867026138,266309.96,659743.5,12,8,41.928
NS65NE_385,1,2_7,5.31768024165,-9999.0,-9999.0,-9999.0,41.5009994507,110.101480141952,46.9411191502639,266342.87,659741.58,28,16,41.501
NS65NE_386,1,2_7,5.0407896336,-9999.0,-9999.0,-9999.0,40.9350013733,118.328315853105,46.6861613196213,266429.58,659738.9,24,14,40.935
NS65NE_387,1,2_7,5.73003718389,-9999.0,-9999.0,-9999.0,41.0009994507,100.230597496673,43.1020076904176,266392.4,659739.39,20,12,41.001
NS65NE_389,1,2_7,5.70989196814,-9999.0,-9999.0,-9999.0,42.4896011353,104.46169087679,40.8874716527481,266270.02,659734.89,12,8,42.49
NS65NE_391,1,2_7,3.30021321751,-9999.0,-9999.0,-9999.0,40.90599823,137.251148731602,51.9331955233619,266438.59,659734.51,28,16,40.906
NS65NE_392,1,2_7,6.276141764,-9999.0,-9999.0,-9999.0,41.8549995422,120.573182215751,44.0379608843189,266330.52,659732.14,12,8,41.855
NS65NE_393,1,2_7,3.80361367566,-9999.0,-9999.0,-9999.0,41.3300018311,188.728853820175,62.5375020843195,266380.4,659733.21,36,20,41.33
NS65NE_397,1,2_7,6.37957906348,-9999.0,-9999.0,-9999.0,42.7589988708,196.984679851263,58.672584678379,266253.85,659726.76,12,8,42.759
NS65NE_399,1,2_7,5.82409202093,-9999.0,-9999.0,-9999.0,40.9760017395,90.8133874553131,38.9301908256067,266401.91,659719.65,12,8,40.976
NS65NE_400,1,2_7,5.82723035895,-9999.0,-9999.0,-9999.0,43.3320007324,421.254971470512,104.758120227089,266770.42,659721.67,28,16,43.332
NS65NE_401,1,2_7,6.21163392742,-9999.0,-9999.0,-9999.0,41.8969993591,119.022873397226,43.7097186695095,266316.71,659722.27,16,10,41.897
NS65NE_404,1,2_7,3.41782477085,-9999.0,-9999.0,-9999.0,40.8079986572,125.940710978944,49.454956458582,266444.46,659717.78,20,12,40.808
NS65NE_405,1,2_7,5.93522519216,-9999.0,-9999.0,-9999.0,44.0,201.275631364882,60.9476907105125,266804.04,659718.96,28,16,44.0
NS65NE_409,1,2_7,6.08160264068,-9999.0,-9999.0,-9999.0,41.3670005798,169.832234397746,71.4289992071848,266366.9,659720.26,28,16,41.367
NS65NE_41,1,2_7,6.0303021808,-9999.0,-9999.0,-9999.0,36.9679985046,166.214108900189,56.8191465016957,266643.78,659975.51,20,12,36.968
NS65NE_410,1,2_7,2.37655333047,-9999.0,-9999.0,-9999.0,47.4179992676,27.4029412504969,20.9753085726999,266714.52,659710.35,12,8,47.418
NS65NE_415,1,2_7,6.30637950076,-9999.0,-9999.0,-9999.0,42.4020004272,115.86386731594,43.0584319380566,266297.71,659709.05,12,8,42.402
NS65NE_416,1,2_7,3.28438139798,-9999.0,-9999.0,-9999.0,41.0620002747,145.031946592919,55.6190907140539,266393.03,659708.84,28,16,41.062
NS65NE_418,1,2_7,6.24530459251,-9999.0,-9999.0,-9999.0,41.9449996948,108.0474371641,42.0947478785031,266353.18,659709.04,20,12,41.945
NS65NE_419,1,2_7,2.43695237901,-9999.0,-9999.0,-9999.0,48.2220001221,32.0182499948439,22.7840499730602,266702.81,659704.99,12,8,48.222
NS65NE_42,1,2_7,6.10993405784,-9999.0,-9999.0,-9999.0,44.8089981079,104.798453199905,43.3355956319867,266340.69,659972.1,20,12,44.809
NS65NE_420,1,2_7,5.73207986321,-9999.0,-9999.0,-9999.0,40.7140007019,92.2156022079752,39.1502695232201,266436.65,659707.14,12,8,40.714
NS65NE_421,1,2_7,5.41809042203,-9999.0,-9999.0,-9999.0,44.3699989319,1332.72514251433,314.069200764983,266871.47,659713.65,172,88,44.37
NS65NE_427,1,2_7,5.735033934,-9999.0,-9999.0,-9999.0,40.7859992981,156.26239484882,54.2943234019126,266428.93,659697.27,32,18,40.786
NS65NE_429,1,2_7,6.09979885173,-9999.0,-9999.0,-9999.0,43.6959991455,341.222254623645,112.277843356197,266276.53,659697.94,60,32,43.696
NS65NE_43,1,2_7,6.27780982393,-9999.0,-9999.0,-9999.0,43.4700012207,104.370141007988,43.2523939459033,266419.39,659971.93,20,12,43.47
NS65NE_430,1,2_7,5.61941447328,-9999.0,-9999.0,-9999.0,41.0579986572,160.626134530456,55.8940249631452,266404.11,659695.0,44,24,41.058
NS65NE_431,1,2_7,5.83514705186,-9999.0,-9999.0,-9999.0,47.89220047,228.709021436468,66.5104446144595,266710.55,659691.91,28,16,47.892
NS65NE_432,1,2_7,5.82770775967,-9999.0,-9999.0,-9999.0,41.5566673279,96.9996131388272,39.396663627577,266469.39,659691.6,12,8,41.557
NS65NE_436,1,2_7,6.05008870473,-9999.0,-9999.0,-9999.0,48.0320014954,536.96901614105,117.472228744753,266744.29,659691.73,28,16,48.032
NS65NE_438,1,2_7,5.73217772142,-9999.0,-9999.0,-9999.0,44.5410003662,154.225786872006,55.9054881369762,266254.01,659688.72,28,16,44.541
NS65NE_439,1,2_7,6.33480997143,-9999.0,-9999.0,-9999.0,42.1910018921,218.259394934244,62.9652019063026,266339.02,659691.94,28,16,42.191
NS65NE_442,1,2_7,6.31023235111,-9999.0,-9999.0,-9999.0,42.0050010681,119.613836463957,43.852370388393,266378.27,659683.93,12,8,42.005
NS65NE_444,1,2_7,5.78393422021,-9999.0,-9999.0,-9999.0,50.216999054,233.621296026756,94.1339712021522,266848.39,659682.79,68,36,50.217
NS65NE_445,1,2_7,6.34897051917,-9999.0,-9999.0,-9999.0,50.686000824,120.613339115023,44.0780945393414,266868.84,659680.59,12,8,50.686
NS65NE_446,1,2_7,5.49580411642,-9999.0,-9999.0,-9999.0,48.5989990234,486.77156807756,157.55919042488,266790.7,659686.29,96,50,48.599
NS65NE_447,1,2_7,5.94383527334,-9999.0,-9999.0,-9999.0,42.8829994202,84.8529619177742,37.0919206613104,266308.76,659679.2,16,10,42.883
NS65NE_448,1,2_7,3.28126474754,-9999.0,-9999.0,-9999.0,40.6879997253,153.222672052734,69.8909789178853,266419.21,659681.32,44,24,40.688
NS65NE_449,1,2_7,5.8819244934,-9999.0,-9999.0,-9999.0,41.9230003357,169.533406368328,77.0889704130539,266359.05,659678.32,52,28,41.923
NS65NE_45,1,2_7,5.09666361014,-9999.0,-9999.0,-9999.0,39.7010002136,126.377131864889,48.10137189407,266501.78,659972.71,20,12,39.701
NS65NE_454,1,2_7,6.19762222663,-9999.0,-9999.0,-9999.0,50.2280006409,97.1499639743043,39.4404044394698,266831.31,659677.44,12,8,50.228
NS65NE_460,1,2_7,6.18063261423,-9999.0,-9999.0,-9999.0,47.5973320007,85.9398643342686,37.6580380555816,266712.85,659666.7,12,8,47.597
NS65NE_461,1,2_7,5.8969660184,-9999.0,-9999.0,-9999.0,50.2879981995,71.6126982788191,35.2112243666651,266824.4,659668.61,12,8,50.288
NS65NE_462,1,2_7,6.25411208778,-9999.0,-9999.0,-9999.0,41.7140007019,120.678814322102,44.0575907710618,266392.47,659668.35,12,8,41.714
NS65NE_466,1,2_7,6.15895581194,-9999.0,-9999.0,-9999.0,43.0349998474,118.203624901963,43.5381988905576,266314.82,659667.21,12,8,43.035
NS65NE_467,1,2_7,5.26450819809,-9999.0,-9999.0,-9999.0,41.7280006409,417.874561782745,141.790931676235,266608.3,659674.57,96,50,41.728
NS65NE_47,1,2_7,5.90356986089,-9999.0,-9999.0,-9999.0,43.4230003357,90.7174684947124,40.0473744171433,266430.13,659969.72,20,12,43.423
NS65NE_470,1,2_7,4.92853573348,-9999.0,-9999.0,-9999.0,41.2003326416,339.44768689495,148.018718398499,266566.6,659671.03,100,52,41.2
NS65NE_475,1,2_7,3.29852541755,-9999.0,-9999.0,-9999.0,41.3899993896,49.1557537470769,30.6167002606123,266400.72,659657.59,12,8,41.39
NS65NE_476,1,2_7,6.34921246562,-9999.0,-9999.0,-9999.0,50.2900009155,120.844466047995,44.6831182218305,266815.75,659660.15,20,12,50.29
NS65NE_479,1,2_7,6.30056617402,-9999.0,-9999.0,-9999.0,44.7900009155,170.363470717755,56.0570540613424,266280.88,659660.46,28,16,44.79
NS65NE_480,1,2_7,5.53221321639,-9999.0,-9999.0,-9999.0,42.5600013733,190.227600604479,66.4347487870257,266643.22,659659.35,28,16,42.56
NS65NE_481,1,2_7,6.19063645291,-9999.0,-9999.0,-9999.0,49.3460006714,89.0406195506832,39.4399206677255,266775.7,659655.14,20,12,49.346
NS65NE_482,1,2_7,5.31883542225,-9999.0,-9999.0,-9999.0,42.9920005798,102.129162863899,44.846147399279,266320.77,659654.96,28,16,42.992
NS65NE_485,1,2_7,3.16072782557,-9999.0,-9999.0,-9999.0,40.9710006714,50.7761475037288,28.5539130876573,266462.66,659649.6,12,8,40.971
NS65NE_486,1,2_7,6.30546421671,-9999.0,-9999.0,-9999.0,48.5089988708,203.33156508285,74.6571615186877,266739.35,659655.06,28,16,48.509
NS65NE_488,1,2_7,5.88183611915,-9999.0,-9999.0,-9999.0,41.7960014343,125.83367750713,51.9539316948154,266385.69,659650.51,36,20,41.796
NS65NE_490,1,2_7,5.42953343615,-9999.0,-9999.0,-9999.0,41.3489990234,373.722411316542,133.954381460599,266483.62,659658.79,76,40,41.349
NS65NE_493,1,2_7,2.6324032215,-9999.0,-9999.0,-9999.0,49.5019989014,78.3106181895933,40.7881863648052,266790.0,659646.53,28,16,49.502
NS65NE_495,1,2_7,6.25823715273,-9999.0,-9999.0,-9999.0,49.9739990234,125.875281754459,45.6063129704876,266804.76,659647.52,16,10,49.974
NS65NE_497,1,2_7,5.19275562113,-9999.0,-9999.0,-9999.0,41.2369995117,633.201543891962,209.48559233065,266442.35,659663.51,148,76,41.237
NS65NE_498,1,2_7,5.77567925735,-9999.0,-9999.0,-9999.0,49.1800003052,102.068812501354,42.3919139685286,266775.1,659645.21,20,12,49.18
NS65NE_507,1,2_7,6.10967542496,-9999.0,-9999.0,-9999.0,44.0439987183,124.180479683389,46.7390111867015,266338.67,659640.66,20,12,44.044
NS65NE_508,1,2_7,4.56358711286,-9999.0,-9999.0,-9999.0,41.7220001221,184.935288722008,69.8719794543046,266615.47,659640.08,44,24,41.722
NS65NE_510,1,2_7,5.19891415264,-9999.0,-9999.0,-9999.0,50.78099823,209.162121351694,66.069726200542,266841.32,659641.09,44,24,50.781
NS65NE_514,1,2_7,5.63905638952,-9999.0,-9999.0,-9999.0,41.2379989624,264.413496188496,98.7912399435059,266584.8,659644.71,64,34,41.238
NS65NE_515,1,2_7,5.82856650719,-9999.0,-9999.0,-9999.0,49.6119995117,66.9818651377306,34.3336447476651,266796.37,659636.23,12,8,49.612
NS65NE_517,1,2_7,6.26465953623,-9999.0,-9999.0,-9999.0,44.8629989624,123.608794562042,46.6776591121275,266326.9,659636.17,20,12,44.863
NS65NE_519,1,2_7,5.22923722861,-9999.0,-9999.0,-9999.0,41.0349998474,320.912346809996,103.739687902073,266551.38,659637.38,60,32,41.035
NS65NE_52,1,2_7,6.38181234977,-9999.0,-9999.0,-9999.0,37.6279983521,179.999561920068,64.6917681458361,266629.33,659971.48,28,16,37.628
NS65NE_520,1,2_7,5.48667750607,-9999.0,-9999.0,-9999.0,46.4910011292,376.490943979476,105.31325660002,266713.46,659644.83,60,32,46.491
NS65NE_521,1,2_7,5.96038483762,-9999.0,-9999.0,-9999.0,48.1510009766,136.161402439449,49.1295495900784,266253.93,659633.96,20,12,48.151
NS65NE_522,1,2_7,5.38788142593,-9999.0,-9999.0,-9999.0,41.2879981995,182.542500937458,71.287420078397,266465.12,659634.15,56,30,41.288
NS65NE_523,1,2_7,5.858222427,-9999.0,-9999.0,-9999.0,49.1220016479,107.259033235402,44.535980983955,266769.29,659632.96,20,12,49.122
NS65NE_524,1,2_7,5.39263957779,-9999.0,-9999.0,-9999.0,41.3009986877,202.439885976448,77.4594373920887,266409.64,659633.63,28,16,41.301
NS65NE_525,1,2_7,5.97552651161,-9999.0,-9999.0,-9999.0,47.3829994202,254.126107427909,92.8194393981844,266291.1,659636.35,44,26,47.383
NS65NE_526,1,2_7,5.21593437927,-9999.0,-9999.0,-9999.0,49.3849983215,119.437707332054,45.88444395355,266790.02,659628.77,20,12,49.385
NS65NE_527,1,2_7,5.38127691672,-9999.0,-9999.0,-9999.0,50.5750007629,109.505872501633,43.2482285569231,266830.31,659627.55,24,14,50.575
NS65NE_531,1,2_7,5.4939546899,-9999.0,-9999.0,-9999.0,41.4459991455,102.105819461152,43.7748279641911,266479.72,659625.49,20,12,41.446
NS65NE_537,1,2_7,5.55996934637,-9999.0,-9999.0,-9999.0,48.7709999084,101.191225641104,42.8960873486494,266260.06,659621.85,20,12,48.771
NS65NE_538,1,2_7,5.40798189092,-9999.0,-9999.0,-9999.0,40.983001709,772.075400887266,276.825945088495,266524.27,659643.61,196,100,40.983
NS65NE_539,1,2_7,5.85336388916,-9999.0,-9999.0,-9999.0,48.4150009155,307.982778153527,88.6062400770304,266739.88,659629.47,60,32,48.415
NS65NE_54,1,2_7,6.12071489315,-9999.0,-9999.0,-9999.0,43.6940002441,413.531712716512,117.950316073347,266392.21,659968.98,48,26,43.694
NS65NE_542,1,2_7,5.40521652439,-9999.0,-9999.0,-9999.0,45.6870002747,169.78405561745,70.0350440605702,266315.69,659624.64,36,20,45.687
NS65NE_543,1,2_7,6.16389454881,-9999.0,-9999.0,-9999.0,49.9020004272,92.3595530583491,40.8901368550919,266823.0,659619.91,20,12,49.902
NS65NE_545,1,2_7,5.27457667951,-9999.0,-9999.0,-9999.0,42.1479988098,102.573012598909,44.0151592302972,266582.2,659617.1,20,12,42.148
NS65NE_547,1,2_7,5.46682042906,-9999.0,-9999.0,-9999.0,41.5970001221,91.2202784431701,38.5781077165958,266385.3,659616.1,20,12,41.597
NS65NE_55,1,2_7,5.93985495444,-9999.0,-9999.0,-9999.0,36.7910003662,181.450017600139,59.8877821372352,266659.47,659969.96,20,12,36.791
NS65NE_551,1,2_7,2.15476968939,-9999.0,-9999.0,-9999.0,47.2430000305,28.69237500499,22.3148735662028,266724.46,659611.57,12,8,47.243
NS65NE_553,1,2_7,5.89574437638,-9999.0,-9999.0,-9999.0,46.1300010681,214.975834101811,67.8533919703201,266708.3,659616.86,44,24,46.13
NS65NE_555,1,2_7,4.93633023382,-9999.0,-9999.0,-9999.0,42.0900001526,123.083928754357,49.3304649811524,266569.2,659612.55,24,14,42.09
NS65NE_556,1,2_7,5.4372177124,-9999.0,-9999.0,-9999.0,51.1090011597,265.998404850623,90.573078286838,266871.07,659614.54,36,20,51.109
NS65NE_559,1,2_7,6.0177693655,-9999.0,-9999.0,-9999.0,48.5670013428,153.589253413485,56.1363985736755,266779.73,659614.77,28,16,48.567
NS65NE_56,1,2_7,6.29527174385,-9999.0,-9999.0,-9999.0,44.6069984436,105.120387838902,41.0135386082423,266353.38,659966.68,12,8,44.607
NS65NE_560,1,2_7,5.5702318464,-9999.0,-9999.0,-9999.0,50.438999176,220.783942839372,93.3739427050591,266848.12,659611.95,60,32,50.439
NS65NE_561,1,2_7,5.14406410357,-9999.0,-9999.0,-9999.0,41.4140014648,297.814160863153,105.35950470743,266533.38,659617.17,76,40,41.414
NS65NE_562,1,2_7,5.58441829106,-9999.0,-9999.0,-9999.0,48.9049987793,126.10825817697,48.1374037912994,266262.42,659610.79,20,12,48.905
NS65NE_563,1,2_7,5.1883642247,-9999.0,-9999.0,-9999.0,41.3950004578,88.2468700999196,42.5066511799976,266449.58,659608.67,28,16,41.395
NS65NE_564,1,2_7,5.18969249005,-9999.0,-9999.0,-9999.0,42.5859985352,316.718005085126,94.8770665481956,266634.62,659620.5,60,32,42.586
NS65NE_568,1,2_7,5.57587293967,-9999.0,-9999.0,-9999.0,42.2439994812,101.456516535269,41.8153412736081,266559.74,659607.52,20,12,42.244
NS65NE_570,1,2_7,5.55681330319,-9999.0,-9999.0,-9999.0,41.9889984131,309.161189318501,97.3037200479155,266610.24,659616.36,92,48,41.989
NS65NE_575,1,2_7,6.11907400665,-9999.0,-9999.0,-9999.0,49.4659996033,67.2772690175969,33.3341138470634,266806.38,659602.54,12,8,49.466
NS65NE_579,1,2_7,5.36867525328,-9999.0,-9999.0,-9999.0,46.0789985657,139.33471498486,46.1557413954583,266706.77,659601.0,24,14,46.079
NS65NE_580,1,2_7,6.52275423121,-9999.0,-9999.0,-9999.0,47.1349983215,69.2518640200271,33.7627486209751,266727.49,659600.06,12,8,47.135
NS65NE_583,1,2_7,5.32752491707,-9999.0,-9999.0,-9999.0,42.2379989624,95.1167568465852,42.0830939723516,266553.45,659599.21,20,12,42.238
NS65NE_584,1,2_7,6.18415757285,-9999.0,-9999.0,-9999.0,47.3559989929,187.335640258338,58.394535046198,266740.98,659599.47,20,12,47.356
NS65NE_585,1,2_7,6.3835714676,-9999.0,-9999.0,-9999.0,47.8650016785,67.954113888237,33.4973752213651,266759.54,659598.54,12,8,47.865
NS65NE_586,1,2_7,5.7024799354,-9999.0,-9999.0,-9999.0,47.9710006714,291.25729634225,84.8027704808602,266297.12,659607.77,36,20,47.971
NS65NE_587,1,2_7,4.56023848441,-9999.0,-9999.0,-9999.0,41.0839996338,262.279102507506,96.409299049422,266434.66,659605.91,48,26,41.084
NS65NE_588,1,2_7,5.83603624472,-9999.0,-9999.0,-9999.0,44.5079994202,239.130727666512,86.1495061440181,266328.5,659602.19,36,20,44.508
NS65NE_592,1,2_7,5.68597514521,-9999.0,-9999.0,-9999.0,41.0239982605,185.968453426748,67.2826558489082,266464.83,659600.25,44,24,41.024
NS65NE_594,1,2_7,4.87483796174,-9999.0,-9999.0,-9999.0,41.5136642456,359.483159363666,117.015925962679,266502.7,659595.86,80,42,41.514
NS65NE_596,1,2_7,6.39812517714,-9999.0,-9999.0,-9999.0,48.7340011597,91.145793506592,38.1910356310509,266799.25,659593.56,12,8,48.734
NS65NE_598,1,2_7,5.91023114022,-9999.0,-9999.0,-9999.0,41.9920005798,93.2578311414189,38.6311287132987,266424.03,659591.66,12,8,41.992
NS65NE_599,1,2_7,5.12093503799,-9999.0,-9999.0,-9999.0,41.6279983521,302.258183244657,127.042064353821,266403.9,659600.34,84,44,41.628
NS65NE_60,1,2_7,5.72088086535,-9999.0,-9999.0,-9999.0,44.3559989929,90.3475899414489,40.3130352030352,266364.96,659963.7,20,12,44.356
NS65NE_603,1,2_7,5.39879712751,-9999.0,-9999.0,-9999.0,48.1160011292,97.3655336398281,41.2733020599761,266301.37,659587.45,20,12,48.116
NS65NE_608,1,2_7,5.90679023459,-9999.0,-9999.0,-9999.0,48.3989982605,120.238501202541,47.0643852871979,266791.96,659586.04,28,16,48.399
NS65NE_609,1,2_7,5.51178309232,-9999.0,-9999.0,-9999.0,43.5159988403,243.895661513837,78.3640888318284,266370.96,659588.18,44,24,43.516
NS65NE_610,1,2_7,6.38003009763,-9999.0,-9999.0,-9999.0,49.577999115,120.095949986978,43.9828036603883,266833.3,659582.21,12,8,49.578
NS65NE_612,1,2_7,5.83601156194,-9999.0,-9999.0,-9999.0,49.2560005188,124.667639835915,48.6019687674084,266819.77,659583.78,28,16,49.256
NS65NE_614,1,2_7,5.89480060221,-9999.0,-9999.0,-9999.0,49.8009986877,92.0743579580987,40.1493954254927,266846.49,659580.18,20,12,49.801
NS65NE_616,1,2_7,5.40773912195,-9999.0,-9999.0,-9999.0,42.0004463196,194.4178711891,78.1051602724336,266451.97,659582.24,44,24,42.0
NS65NE_619,1,2_7,5.10315691008,-9999.0,-9999.0,-9999.0,44.1030006409,116.181305496408,46.8598245847336,266614.63,659578.05,28,16,44.103
NS65NE_62,1,2_7,6.33704479575,-9999.0,-9999.0,-9999.0,43.2879981995,104.585945614605,43.2967921770735,266438.67,659964.21,20,12,43.288
NS65NE_621,1,2_7,5.97573325018,-9999.0,-9999.0,-9999.0,50.4140014648,198.436187422615,61.6224947247041,266869.03,659576.47,28,16,50.414
NS65NE_622,1,2_7,5.39377129462,-9999.0,-9999.0,-9999.0,48.0349998474,96.358597221469,43.2127130469316,266305.63,659576.73,28,16,48.035
NS65NE_625,1,2_7,5.10396347309,-9999.0,-9999.0,-9999.0,43.5713996887,149.417595524782,57.3277200167974,266395.4,659573.41,36,20,43.571
NS65NE_627,1,2_7,5.00180311151,-9999.0,-9999.0,-9999.0,42.7910003662,93.0485357346812,45.0360286114336,266440.67,659568.76,28,16,42.791
NS65NE_629,1,2_7,5.72903564041,-9999.0,-9999.0,-9999.0,43.8680000305,97.3562114236938,39.4677012988996,266605.64,659570.66,12,8,43.868
NS65NE_631,1,2_7,5.97910433618,-9999.0,-9999.0,-9999.0,47.7649993896,84.3696281763566,36.7413680828,266310.38,659568.09,12,8,47.765
NS65NE_633,1,2_7,4.6465513156,-9999.0,-9999.0,-9999.0,46.2220001221,270.241147267184,96.934648462703,266715.94,659569.35,60,32,46.222
NS65NE_635,1,2_7,5.32735337011,-9999.0,-9999.0,-9999.0,44.3009986877,360.698460528327,115.177358556626,266339.31,659576.99,64,34,44.301
NS65NE_638,1,2_7,5.69970009442,-9999.0,-9999.0,-9999.0,42.8037490845,183.923001910788,57.7386934578989,266551.69,659567.82,16,10,42.804
NS65NE_639,1,2_7,4.76802296563,-9999.0,-9999.0,-9999.0,46.5589981079,180.854043999308,56.8306689551105,266740.39,659567.16,28,16,46.559
NS65NE_640,1,2_7,6.42777178649,-9999.0,-9999.0,-9999.0,47.4609985352,99.6232751619785,39.9468549605862,266769.24,659565.36,12,8,47.461
NS65NE_642,1,2_7,5.70351025671,-9999.0,-9999.0,-9999.0,43.8870010376,108.553758961919,41.8177358277327,266386.69,659564.47,12,8,43.887
NS65NE_644,1,2_7,2.66718583737,-9999.0,-9999.0,-9999.0,48.8819999695,28.8871312501051,22.1076105860814,266817.86,659561.32,12,8,48.882
NS65NE_647,1,2_7,4.2156497969,-9999.0,-9999.0,-9999.0,46.4809989929,220.930668831597,60.5930226056963,266691.18,659565.59,20,12,46.481
NS65NE_649,1,2_7,5.17743994275,-9999.0,-9999.0,-9999.0,42.1539993286,214.2928267164,92.1122348981554,266487.54,659572.02,48,28,42.154
NS65NE_651,1,2_7,5.04757499852,-9999.0,-9999.0,-9999.0,45.3860015869,318.771054418616,116.502026930679,266636.06,659570.73,100,52,45.386
NS65NE_652,1,2_7,5.38861958386,-9999.0,-9999.0,-9999.0,44.2070007324,102.44920681121,43.8256447134652,266598.22,659562.12,20,12,44.207
NS65NE_653,1,2_7,2.84513062239,-9999.0,-9999.0,-9999.0,43.0709991455,50.3573662495492,28.7968817459342,266447.87,659558.21,12,8,43.071
NS65NE_655,1,2_7,5.52856646413,-9999.0,-9999.0,-9999.0,43.9550018311,94.6384135616122,40.1826760710156,266379.14,659556.8,20,12,43.955
NS65NE_66,1,2_7,7.14253872527,-9999.0,-9999.0,-9999.0,36.5839996338,172.207169671815,55.2522365780132,266673.06,659962.77,20,12,36.584
NS65NE_660,1,2_7,6.45342425144,-9999.0,-9999.0,-9999.0,47.1040000916,68.2177741878737,33.7016027273513,266707.67,659552.46,12,8,47.104
NS65NE_661,1,2_7,6.10831198932,-9999.0,-9999.0,-9999.0,47.6640014648,107.616174324459,42.7384962648816,266766.0,659553.19,20,12,47.664
NS65NE_662,1,2_7,5.25178480283,-9999.0,-9999.0,-9999.0,43.0579986572,279.724779886495,95.7757709137332,266468.45,659554.63,68,36,43.058
NS65NE_665,1,2_7,5.01654085943,-9999.0,-9999.0,-9999.0,45.2509994507,122.759986224403,48.6055000413423,266609.59,659549.01,28,16,45.251
NS65NE_667,1,2_7,4.80985864542,-9999.0,-9999.0,-9999.0,49.5340003967,184.79052809325,57.235128381512,266821.71,659548.66,20,12,49.534
NS65NE_669,1,2_7,5.77076223721,-9999.0,-9999.0,-9999.0,46.8050003052,264.829807644582,75.0382537072498,266321.03,659553.4,36,20,46.805
NS65NE_671,1,2_7,5.73686707108,-9999.0,-9999.0,-9999.0,42.8499984741,324.380019040439,85.419432195312,266416.08,659553.05,28,16,42.85
NS65NE_672,1,2_7,5.11717202878,-9999.0,-9999.0,-9999.0,43.861000061,225.443335818004,88.3408021026705,266570.21,659553.7,52,28,43.861
NS65NE_673,1,2_7,6.41888724107,-9999.0,-9999.0,-9999.0,49.1459999084,99.2614105354983,39.8626951319336,266794.82,659546.74,12,8,49.146
NS65NE_674,1,2_7,6.18338884878,-9999.0,-9999.0,-9999.0,49.7470016479,112.114113671954,46.6202828477919,266840.38,659547.07,20,12,49.747
NS65NE_676,1,2_7,4.48846094079,-9999.0,-9999.0,-9999.0,46.4770011902,177.408511881711,66.3163756115778,266626.67,659548.39,28,16,46.477
NS65NE_68,1,2_7,5.40263638434,-9999.0,-9999.0,-9999.0,39.1689987183,524.173665316958,176.774276366395,266529.06,659962.32,92,48,39.169
NS65NE_681,1,2_7,6.34889688297,-9999.0,-9999.0,-9999.0,47.5099983215,114.071993958765,43.9348955907014,266704.19,659541.67,20,12,47.51
NS65NE_682,1,2_7,6.57549206208,-9999.0,-9999.0,-9999.0,47.6679992676,97.3351780291594,39.4667676567241,266761.64,659540.64,12,8,47.668
NS65NE_684,1,2_7,4.40711209786,-9999.0,-9999.0,-9999.0,47.2000007629,208.1057376205,62.8707459868952,266731.83,659544.48,36,20,47.2
NS65NE_686,1,2_7,5.8094416761,-9999.0,-9999.0,-9999.0,44.2389984131,257.278761942038,79.9257866396422,266366.5,659545.15,52,28,44.239
NS65NE_690,1,2_7,3.69917719523,-9999.0,-9999.0,-9999.0,50.2490005493,193.45917890988,60.3132321999279,266858.71,659539.85,20,12,50.249
NS65NE_692,1,2_7,5.82068517596,-9999.0,-9999.0,-9999.0,43.077999115,90.8090436931157,40.1828842021437,266386.4,659536.47,20,12,43.078
NS65NE_697,1,2_7,6.1776029986,-9999.0,-9999.0,-9999.0,47.7439994812,109.229356352834,43.168396558127,266699.89,659531.25,20,12,47.744
NS65NE_699,1,2_7,6.3468076126,-9999.0,-9999.0,-9999.0,47.7949981689,69.9757800055798,32.6747171197701,266761.33,659529.19,16,10,47.795
NS65NE_70,1,2_7,5.773398475,-9999.0,-9999.0,-9999.0,38.4589996338,200.288837634968,79.6587716329439,266565.04,659957.7,36,20,38.459
NS65NE_701,1,2_7,5.93420688967,-9999.0,-9999.0,-9999.0,42.9449996948,84.4761991452308,36.7974103693271,266394.76,659529.64,12,8,42.945
NS65NE_704,1,2_7,5.14280630943,-9999.0,-9999.0,-9999.0,41.8709983826,812.796795102305,252.064209694332,266512.24,659560.08,180,92,41.871
NS65NE_705,1,2_7,3.62539754225,-9999.0,-9999.0,-9999.0,49.125,192.340694150682,58.5043672750349,266790.6,659530.13,20,12,49.125
NS65NE_707,1,2_7,2.56301158905,-9999.0,-9999.0,-9999.0,48.7956008911,27.6503024934459,21.6583464899827,266778.37,659523.37,12,8,48.796
NS65NE_711,1,2_7,5.17256496069,-9999.0,-9999.0,-9999.0,42.827999115,413.261314839369,152.820416116922,266541.11,659538.54,124,64,42.828
NS65NE_712,1,2_7,2.22568000447,-9999.0,-9999.0,-9999.0,48.2680015564,34.9407225049266,24.9035281396849,266709.91,659521.27,12,8,48.268
NS65NE_715,1,2_7,3.99636100204,-9999.0,-9999.0,-9999.0,53.3170013428,195.285462309076,57.4559198024641,266254.26,659527.29,12,8,53.317
NS65NE_716,1,2_7,4.46561631857,-9999.0,-9999.0,-9999.0,47.9000015259,181.071773472821,59.7519319665056,266726.82,659525.16,28,16,47.9
NS65NE_719,1,2_7,3.43032616974,-9999.0,-9999.0,-9999.0,49.3600006104,136.11591249479,51.122633752128,266825.87,659520.95,36,20,49.36
NS65NE_72,1,2_7,8.30616608243,-9999.0,-9999.0,-9999.0,33.9790000916,415.494106330125,90.487350419206,266735.87,659966.85,12,8,33.979
NS65NE_722,1,2_7,5.6756404859,-9999.0,-9999.0,-9999.0,45.7529983521,280.514242296074,95.2988938502988,266347.45,659525.43,68,36,45.753
NS65NE_726,1,2_7,5.75217742669,-9999.0,-9999.0,-9999.0,48.2229995728,78.9758726975885,38.1341430242833,266760.6,659517.05,20,12,48.223
NS65NE_727,1,2_7,6.5612004359,-9999.0,-9999.0,-9999.0,47.7540016174,68.4928114019507,33.6534586194645,266682.54,659516.02,12,8,47.754
NS65NE_728,1,2_7,5.1403576614,-9999.0,-9999.0,-9999.0,46.5929985046,330.250880067146,125.101306769331,266619.28,659518.66,80,42,46.593
NS65NE_729,1,2_7,5.48901258791,-9999.0,-9999.0,-9999.0,46.9199981689,1062.62113871216,331.355440019326,266289.25,659556.59,172,90,46.92
NS65NE_730,1,2_7,4.90334783723,-9999.0,-9999.0,-9999.0,44.2569999695,345.000205096892,122.367050799236,266559.89,659524.48,108,56,44.257
NS65NE_733,1,2_7,5.14747984219,-9999.0,-9999.0,-9999.0,43.6870002747,175.49405423133,62.1363289244649,266377.85,659516.54,28,16,43.687
NS65NE_736,1,2_7,5.63774496791,-9999.0,-9999.0,-9999.0,42.4519996643,698.982604328313,191.054466295048,266455.31,659525.24,76,40,42.452
NS65NE_738,1,2_7,4.93486518695,-9999.0,-9999.0,-9999.0,43.2900009155,251.629827637171,89.0951688890728,266518.23,659511.15,52,28,43.29
NS65NE_739,1,2_7,4.54270396627,-9999.0,-9999.0,-9999.0,49.983001709,202.581914013743,61.7586697575239,266847.46,659510.27,28,16,49.983
NS65NE_74,1,2_7,6.32283880196,-9999.0,-9999.0,-9999.0,43.2789993286,103.550272601546,40.7040965730525,266447.67,659956.26,12,8,43.279
NS65NE_744,1,2_7,5.69247621392,-9999.0,-9999.0,-9999.0,47.9449996948,358.296241077682,105.73355534873,266703.5,659509.04,60,32,47.945
NS65NE_745,1,2_7,6.06261616144,-9999.0,-9999.0,-9999.0,50.7820014954,110.621601613234,45.9451658574214,266865.63,659506.63,20,12,50.782
NS65NE_747,1,2_7,5.8260108868,-9999.0,-9999.0,-9999.0,43.0079994202,74.7593294795983,34.5973654025299,266442.31,659503.99,12,8,43.008
NS65NE_75,1,2_7,5.26886872274,-9999.0,-9999.0,-9999.0,37.9049987793,265.938579964969,107.085728721919,266602.35,659954.86,68,36,37.905
NS65NE_750,1,2_7,6.04104671414,-9999.0,-9999.0,-9999.0,46.6650009155,155.092058022772,50.6654638068918,266321.51,659506.02,12,8,46.665
NS65NE_751,1,2_7,5.05687538353,-9999.0,-9999.0,-9999.0,44.091999054,123.967098393029,44.8990432427633,266550.71,659504.1,12,8,44.092
NS65NE_752,1,2_7,5.25084831946,-9999.0,-9999.0,-9999.0,44.6459999084,122.791739996412,46.4136906086833,266367.89,659503.8,24,14,44.646
NS65NE_753,1,2_7,5.49024935344,-9999.0,-9999.0,-9999.0,48.341999054,97.8697357583252,41.9717270362209,266724.64,659503.59,12,8,48.342
NS65NE_754,1,2_7,4.20792078661,-9999.0,-9999.0,-9999.0,49.5,199.086131259942,75.3550829948338,266824.64,659504.74,36,20,49.5
NS65NE_757,1,2_7,5.68522960498,-9999.0,-9999.0,-9999.0,43.2369995117,125.379285972864,46.5430303024558,266486.07,659503.01,20,12,43.237
NS65NE_758,1,2_7,6.05311987934,-9999.0,-9999.0,-9999.0,48.4679985046,120.972361490137,45.1544460219186,266736.08,659500.91,20,12,48.468
NS65NE_76,1,2_7,5.68612722106,-9999.0,-9999.0,-9999.0,40.5320014954,220.12095366476,72.1676539405296,266486.04,659958.6,52,28,40.532
NS65NE_760,1,2_7,4.69271082768,-9999.0,-9999.0,-9999.0,48.4609985352,203.276106037272,67.968141502159,266761.16,659502.48,36,20,48.461
NS65NE_764,1,2_7,5.0227033455,-9999.0,-9999.0,-9999.0,44.8260002136,485.129215136184,144.938983142299,266589.15,659513.78,108,56,44.826
NS65NE_767,1,2_7,5.15225427892,-9999.0,-9999.0,-9999.0,46.4129981995,100.204432504622,39.6851578801869,266330.09,659496.19,20,12,46.413
NS65NE_769,1,2_7,5.21390651834,-9999.0,-9999.0,-9999.0,45.2120018005,99.7210837506962,45.5909192771716,266600.66,659495.77,20,12,45.212
NS65NE_77,1,2_7,5.54474333751,-9999.0,-9999.0,-9999.0,38.3219985962,105.326602699834,45.5314457658551,266581.37,659953.99,28,16,38.322
NS65NE_770,1,2_7,5.13378237596,-9999.0,-9999.0,-9999.0,45.9570007324,211.872067620672,82.9010090694693,266619.4,659496.43,68,36,45.957
NS65NE_774,1,2_7,9.25343300692,-9999.0,-9999.0,-9999.0,52.4790000916,345.985217556491,81.4795557653614,266254.94,659498.92,12,8,52.479
NS65NE_775,1,2_7,4.67843748641,-9999.0,-9999.0,-9999.0,47.811000824,191.689115165323,57.6736784827783,266668.53,659492.1,20,12,47.811
NS65NE_779,1,2_7,5.88216819806,-9999.0,-9999.0,-9999.0,43.4379997253,230.749425395286,77.4579369178301,266502.33,659490.56,44,24,43.438
NS65NE_780,1,2_7,5.86184026802,-9999.0,-9999.0,-9999.0,48.141998291,111.207902129422,43.3692851134375,266683.92,659485.98,20,12,48.142
NS65NE_781,1,2_7,5.25967522339,-9999.0,-9999.0,-9999.0,49.1329994202,430.632556126437,159.38273699823,266788.28,659500.16,96,52,49.133
NS65NE_785,1,2_7,5.48266285252,-9999.0,-9999.0,-9999.0,42.4700012207,560.254929705201,181.114526507133,266407.95,659501.71,96,52,42.47
NS65NE_786,1,2_7,5.6904206845,-9999.0,-9999.0,-9999.0,43.0260009766,123.639441722479,46.4070917374721,266466.92,659484.34,20,12,43.026
NS65NE_79,1,2_7,7.39825337407,-9999.0,-9999.0,-9999.0,33.5810012817,398.065950883606,89.3287369410233,266778.0,659963.51,12,8,33.581
NS65NE_792,1,2_7,6.08304504697,-9999.0,-9999.0,-9999.0,50.3800010681,231.51124614925,73.0609900344588,266816.22,659482.42,44,24,50.38
NS65NE_793,1,2_7,6.42488390207,-9999.0,-9999.0,-9999.0,50.6850013733,99.6792671570173,39.9512871819668,266834.97,659478.69,12,8,50.685
NS65NE_794,1,2_7,5.86157574808,-9999.0,-9999.0,-9999.0,43.3129997253,344.340021539791,88.8575870873403,266429.32,659486.69,36,20,43.313
NS65NE_800,1,2_7,5.64722601502,-9999.0,-9999.0,-9999.0,44.0200004578,242.164920285997,68.1068674991847,266520.61,659477.44,28,16,44.02
NS65NE_801,1,2_7,3.22074241638,-9999.0,-9999.0,-9999.0,45.1920013428,22.5966637486,22.1535816912581,266549.17,659468.85,8,6,45.192
NS65NE_803,1,2_7,6.45834438787,-9999.0,-9999.0,-9999.0,51.2999992371,142.734721349337,48.8382586722776,266851.11,659472.6,12,8,51.3
NS65NE_810,1,2_7,5.83018944549,-9999.0,-9999.0,-9999.0,48.2220001221,670.628315960292,248.225971890381,266721.31,659475.52,168,86,48.222
NS65NE_813,1,2_7,5.06855699497,-9999.0,-9999.0,-9999.0,43.8339996338,536.293410265317,165.121979646676,266569.05,659479.36,100,52,43.834
NS65NE_818,1,2_7,6.13668104158,-9999.0,-9999.0,-9999.0,51.8530006409,145.623678326135,58.262571309469,266870.16,659466.81,28,16,51.853
NS65NE_819,1,2_7,5.53627061262,-9999.0,-9999.0,-9999.0,45.452999115,188.783874996373,66.4573733423061,266374.64,659469.56,36,20,45.453
NS65NE_820,1,2_7,5.64905139762,-9999.0,-9999.0,-9999.0,44.3450012207,109.260015538578,44.967519233855,266416.44,659467.37,20,12,44.345
NS65NE_821,1,2_7,5.99108254144,-9999.0,-9999.0,-9999.0,49.9339981079,113.093949398967,43.8193102814198,266759.78,659465.66,20,12,49.934
NS65NE_826,1,2_7,5.9092004035,-9999.0,-9999.0,-9999.0,43.716999054,185.236491320104,58.9205644474742,266485.61,659464.41,20,12,43.717
NS65NE_827,1,2_7,2.19632689158,-9999.0,-9999.0,-9999.0,45.2680015564,20.8398037506573,21.5149229077214,266584.33,659457.11,8,6,45.268
NS65NE_828,1,2_7,3.65948448342,-9999.0,-9999.0,-9999.0,50.0989990234,184.154644393426,54.5491403420949,266773.46,659461.05,12,8,50.099
NS65NE_83,1,2_7,6.76820799697,-9999.0,-9999.0,-9999.0,33.9440002441,344.60245710095,88.9612046354904,266803.58,659961.6,28,16,33.944
NS65NE_835,1,2_7,3.46476571431,-9999.0,-9999.0,-9999.0,47.9280014038,175.027002433179,75.8656280608465,266678.51,659459.35,28,16,47.928
NS65NE_837,1,2_7,10.0892781441,-9999.0,-9999.0,-9999.0,51.6520004272,474.966798110049,100.760871562938,266276.31,659468.02,12,8,51.652
NS65NE_839,1,2_7,5.43633234399,-9999.0,-9999.0,-9999.0,47.2663002014,122.754805435595,47.3735641932736,266348.1,659455.89,20,12,47.266
NS65NE_841,1,2_7,5.55806754571,-9999.0,-9999.0,-9999.0,43.0209999084,389.585404347112,98.937717553622,266452.75,659465.1,28,16,43.021
NS65NE_842,1,2_7,4.61739171758,-9999.0,-9999.0,-9999.0,50.1990013123,260.869425066615,85.1014277806318,266793.09,659453.96,60,32,50.199
NS65NE_847,1,2_7,5.9938737733,-9999.0,-9999.0,-9999.0,44.2430000305,72.0096934574148,33.9454975183079,266516.72,659449.95,12,8,44.243
NS65NE_85,1,2_7,6.05640947402,-9999.0,-9999.0,-9999.0,38.3353347778,138.032994546068,46.3205372186437,266624.77,659951.23,16,10,38.335
NS65NE_851,1,2_7,5.75592596936,-9999.0,-9999.0,-9999.0,44.9350013733,275.066453916239,100.440881749089,266605.87,659456.2,52,30,44.935
NS65NE_852,1,2_7,6.14686652519,-9999.0,-9999.0,-9999.0,47.9570007324,96.933555720409,39.3847255885709,266673.75,659448.49,12,8,47.957
NS65NE_854,1,2_7,5.93175211218,-9999.0,-9999.0,-9999.0,50.5130004883,75.6992246574415,36.4401425287855,266810.77,659447.84,20,12,50.513
NS65NE_859,1,2_7,5.80640307851,-9999.0,-9999.0,-9999.0,44.5390014648,89.0652424405704,40.764336141557,266439.17,659446.51,20,12,44.539
NS65NE_860,1,2_7,5.57299308334,-9999.0,-9999.0,-9999.0,45.0050010681,500.432120734623,141.41561763052,266547.83,659457.28,92,48,45.005
NS65NE_863,1,2_7,4.86980181727,-9999.0,-9999.0,-9999.0,50.7140007019,182.232858694788,56.5463284685491,266825.62,659445.43,20,12,50.714
NS65NE_865,1,2_7,5.80759394314,-9999.0,-9999.0,-9999.0,45.1930007935,191.951049563826,62.6295190116635,266398.79,659446.87,36,20,45.193
NS65NE_868,1,2_7,5.62932108794,-9999.0,-9999.0,-9999.0,44.2084999084,242.968464016425,69.1160743138754,266472.56,659447.43,20,12,44.209
NS65NE_869,1,2_7,6.40898958842,-9999.0,-9999.0,-9999.0,51.1329994202,98.4455773347278,39.6983883640297,266842.45,659441.81,12,8,51.133
NS65NE_876,1,2_7,11.9039784453,-9999.0,-9999.0,-9999.0,50.6349983215,218.564246609476,61.0027480686476,266306.04,659436.94,12,8,50.635
NS65NE_878,1,2_7,6.3926175502,-9999.0,-9999.0,-9999.0,51.4230003357,96.3977581603295,39.2855313759086,266856.81,659437.61,12,8,51.423
NS65NE_88,1,2_7,6.60379004032,-9999.0,-9999.0,-9999.0,34.7859992981,345.807972553972,91.3999940635763,266846.0,659957.96,44,24,34.786
NS65NE_880,1,2_7,4.90483159863,-9999.0,-9999.0,-9999.0,47.7949981689,341.454557871485,110.241767340718,266703.18,659444.26,60,32,47.795
NS65NE_881,1,2_7,5.82391691861,-9999.0,-9999.0,-9999.0,46.5130004883,76.9592566345638,35.1001596345503,266541.23,659433.6,12,8,46.513
NS65NE_886,1,2_7,6.21748767429,-9999.0,-9999.0,-9999.0,47.4029998779,93.2753302711885,38.6335136980588,266665.07,659431.95,12,8,47.403
NS65NE_887,1,2_7,5.38224686317,-9999.0,-9999.0,-9999.0,44.3650016785,274.337949096523,71.9059954108555,266505.62,659437.5,24,14,44.365
NS65NE_888,1,2_7,3.62923608175,-9999.0,-9999.0,-9999.0,49.3660011292,147.934191833967,52.583588989608,266745.75,659433.83,20,12,49.366
NS65NE_890,1,2_7,5.21292293895,-9999.0,-9999.0,-9999.0,46.5447502136,288.617779666702,91.3573637768856,266578.07,659436.88,64,34,46.545
NS65NE_892,1,2_7,5.69244647227,-9999.0,-9999.0,-9999.0,45.5279998779,154.287059446358,55.855165150675,266462.01,659431.84,28,16,45.528
NS65NE_893,1,2_7,2.59592299991,-9999.0,-9999.0,-9999.0,51.077999115,37.0976250014102,24.5326506884257,266848.04,659426.14,12,8,51.078
NS65NE_895,1,2_7,5.59175999709,-9999.0,-9999.0,-9999.0,48.2260017395,132.592582606397,52.4191148721428,266730.0,659426.85,44,24,48.226
NS65NE_900,1,2_7,5.61769800117,-9999.0,-9999.0,-9999.0,45.9020004272,107.638527322944,41.6069843268427,266496.43,659423.59,12,8,45.902
NS65NE_901,1,2_7,5.76389067514,-9999.0,-9999.0,-9999.0,46.9119987488,121.303917571097,46.5899253003504,266536.25,659423.88,20,12,46.912
NS65NE_907,1,2_7,5.70880245915,-9999.0,-9999.0,-9999.0,45.5089988708,352.569019706762,114.563943799819,266410.75,659425.73,60,32,45.509
NS65NE_909,1,2_7,6.16764772203,-9999.0,-9999.0,-9999.0,47.0999984741,106.050877639113,42.5297927260851,266677.85,659420.65,20,12,47.1
NS65NE_91,1,2_7,5.5321634393,-9999.0,-9999.0,-9999.0,44.0159988403,146.99154075204,50.7824155922954,266336.62,659949.65,20,12,44.016
NS65NE_916,1,2_7,6.22513772851,-9999.0,-9999.0,-9999.0,47.2000007629,81.8757122269435,36.6608983106956,266690.95,659417.49,12,8,47.2
NS65NE_917,1,2_7,3.58763511533,-9999.0,-9999.0,-9999.0,50.03099823,156.553374376818,57.8699621500162,266827.89,659417.54,36,20,50.031
NS65NE_92,1,2_7,6.52919148402,-9999.0,-9999.0,-9999.0,35.2760009766,347.224775486684,97.5089564493339,266870.07,659956.01,60,32,35.276
NS65NE_923,1,2_7,5.55880344056,-9999.0,-9999.0,-9999.0,47.0929985046,108.941794452253,45.5041432675519,266525.19,659416.7,20,12,47.093
NS65NE_925,1,2_7,5.22690385866,-9999.0,-9999.0,-9999.0,47.3849983215,223.707304364768,75.6492875975531,266596.95,659416.59,44,24,47.385
NS65NE_929,1,2_7,6.15293678196,-9999.0,-9999.0,-9999.0,46.0769996643,89.0396371215075,39.0847747816198,266446.99,659411.94,20,12,46.077
NS65NE_934,1,2_7,4.88824445239,-9999.0,-9999.0,-9999.0,46.1269989014,203.46540287459,67.0845664742165,266488.79,659411.78,52,28,46.127
NS65NE_942,1,2_7,4.3626186478,-9999.0,-9999.0,-9999.0,47.4770011902,250.698960038516,85.2600775587066,266756.69,659404.5,36,20,47.477
NS65NE_943,1,2_7,6.11787498084,-9999.0,-9999.0,-9999.0,48.8250007629,108.036258989839,42.5233334399087,266813.27,659402.32,12,8,48.825
NS65NE_944,1,2_7,5.74943336697,-9999.0,-9999.0,-9999.0,47.0760002136,264.787152754296,90.2667215977899,266715.7,659408.02,44,24,47.076
NS65NE_945,1,2_7,5.27298520646,-9999.0,-9999.0,-9999.0,46.9869995117,177.760358218737,62.4745113155077,266508.43,659403.23,44,24,46.987
NS65NE_946,1,2_7,2.6038311259,-9999.0,-9999.0,-9999.0,48.1629981995,23.1878249997972,22.3851442091032,266582.86,659396.17,8,6,48.163
NS65NE_947,1,2_7,5.85409207551,-9999.0,-9999.0,-9999.0,46.4420013428,120.138197966109,44.0961921358183,266438.42,659401.03,12,8,46.442
NS65NE_948,1,2_7,10.039832813,-9999.0,-9999.0,-9999.0,49.5550003052,473.592108523685,100.809013998833,266325.82,659412.79,12,8,49.555
NS65NE_950,1,2_7,6.49878125334,-9999.0,-9999.0,-9999.0,47.3660011292,120.01091508559,44.5306020063099,266737.24,659397.39,12,8,47.366
NS65NE_951,1,2_7,5.93413094376,-9999.0,-9999.0,-9999.0,53.1259994507,227.309038706761,90.0710949457334,266270.35,659402.11,64,34,53.126
NS65NE_958,1,2_7,5.86491302629,-9999.0,-9999.0,-9999.0,48.9939994812,261.40019218883,95.9400349161456,266858.2,659401.52,56,30,48.994
NS65NE_960,1,2_7,5.38891714836,-9999.0,-9999.0,-9999.0,47.7869987488,441.562451142412,149.213710379347,266557.39,659401.61,96,50,47.787
NS65NE_963,1,2_7,5.70746459526,-9999.0,-9999.0,-9999.0,46.9280014038,780.801406950116,205.972846324224,266377.35,659418.91,124,64,46.928
NS65NE_964,1,2_7,5.53541315243,-9999.0,-9999.0,-9999.0,47.1710014343,196.425749827271,67.1820681929875,266658.52,659394.39,36,20,47.171
NS65NE_967,1,2_7,5.65060190523,-9999.0,-9999.0,-9999.0,46.6539993286,113.947955866045,45.4365025792298,266430.53,659391.43,20,12,46.654
NS65NE_972,1,2_7,6.18599555257,-9999.0,-9999.0,-9999.0,46.8339996338,95.8436608951108,39.1624249216342,266712.77,659387.81,12,8,46.834
NS65NE_973,1,2_7,4.59286601265,-9999.0,-9999.0,-9999.0,47.6399993896,259.712561821289,84.1264070599618,266784.7,659393.27,40,22,47.64
NS65NE_974,1,2_7,2.57022119497,-9999.0,-9999.0,-9999.0,47.0880012512,24.395880006154,22.8043959328753,266427.41,659382.0,8,6,47.088
NS65NE_976,1,2_7,5.83110424235,-9999.0,-9999.0,-9999.0,48.6590003967,82.2581099956458,35.5574093921986,266847.15,659385.71,16,10,48.659
NS65NE_98,1,2_7,5.46254612191,-9999.0,-9999.0,-9999.0,37.9230003357,170.906107765261,57.4420362798381,266673.7,659942.63,20,12,37.923
NS65NE_983,1,2_7,6.52612743906,-9999.0,-9999.0,-9999.0,47.6640014648,119.91285704746,44.4789971578096,266809.3,659384.53,12,8,47.664
NS65NE_985,1,2_7,6.09117795883,-9999.0,-9999.0,-9999.0,47.2820014954,118.121265268944,43.6609340700943,266406.11,659382.26,12,8,47.282
NS65NE_988,1,2_7,6.18500102952,-9999.0,-9999.0,-9999.0,47.6749992371,88.4268109457989,39.0021670341003,266487.29,659376.68,20,12,47.675
NS65NE_990,1,2_7,4.90248068785,-9999.0,-9999.0,-9999.0,47.7729988098,123.525831154208,53.9463646230946,266837.23,659377.26,36,20,47.773
NS65NE_999,1,2_7,5.73790461659,-9999.0,-9999.0,-9999.0,47.4109992981,412.588559118912,130.809865680492,266454.56,659382.58,60,32,47.411
NS65NE_1484,1,3_5,4.2351132136,-9999.0,-9999.0,-9999.0,75.1119995117,228.484385048827,72.5862065817678,266933.24,658282.83,36,20,75.112
NS65NE_1485,1,3_5,1.63035710653,-9999.0,-9999.0,-9999.0,76.1019973755,36.0939946542464,29.1582012219207,266922.06,658264.78,8,6,76.102
NS65NE_1486,1,3_5,4.62034357401,-9999.0,-9999.0,-9999.0,74.6979980469,204.119366160369,67.8476783426701,266946.61,658268.94,36,20,74.698
NS65NE_1487,1,3_5,4.67412905501,-9999.0,-9999.0,-9999.0,73.8229980469,338.014076150042,85.5158037018986,266962.02,658252.93,28,16,73.823
NS65NE_1488,1,3_5,4.58671587949,-9999.0,-9999.0,-9999.0,73.202003479,352.081814196694,83.3538185468759,266980.46,658233.78,44,24,73.202
NS65NE_1060,1,3_6,3.68929666406,-9999.0,-9999.0,-9999.0,52.0970001221,273.579061516689,90.1423051757986,266921.43,659346.71,44,24,52.097
NS65NE_1125,1,3_6,3.70756425975,-9999.0,-9999.0,-9999.0,51.7260017395,600.513705186372,189.586607963635,266892.67,659327.05,96,52,51.726
NS65NE_1156,1,3_6,5.19697336389,-9999.0,-9999.0,-9999.0,54.858001709,160.904491976382,71.1091917293479,266912.25,659303.09,52,28,54.858
NS65NE_1292,1,3_6,5.76280571545,-9999.0,-9999.0,-9999.0,53.5760002136,734.891904702031,206.282276499205,266879.08,659268.45,120,62,53.576
NS65NE_1459,1,3_6,5.48756275226,-9999.0,-9999.0,-9999.0,73.0660018921,506.41595849866,160.461297498882,266909.82,659002.07,112,58,73.066
NS65NE_1461,1,3_6,5.3733522442,-9999.0,-9999.0,-9999.0,67.5999984741,91.9784726883791,38.4197109806141,266908.4,658900.09,12,8,67.6
NS65NE_1491,1,3_6,2.50765668935,-9999.0,-9999.0,-9999.0,56.196231842,113.191599164049,51.6161754897167,267120.15,658996.27,20,12,56.196
NS65NE_1492,1,3_6,2.59069897755,-9999.0,-9999.0,-9999.0,52.4440002441,43.3893493755243,26.9957179021717,267151.2,658981.78,12,8,52.444
NS65NE_1493,1,3_6,3.81075410033,-9999.0,-9999.0,-9999.0,57.7140007019,200.530602120971,58.8880503853927,267088.84,658983.72,28,16,57.714
NS65NE_1495,1,3_6,4.50985788122,-9999.0,-9999.0,-9999.0,53.8759994507,97.5357626809574,43.3914277700573,267122.24,658970.01,12,8,53.876
NS65NE_1496,1,3_6,3.62140304256,-9999.0,-9999.0,-9999.0,55.2880020142,137.366468774637,52.1007872514753,267104.92,658972.2,12,8,55.288
NS65NE_1588,1,3_6,4.91359963461,-9999.0,-9999.0,-9999.0,58.0117797852,261.226478697205,86.2936160160177,267102.15,659016.47,28,16,58.012
NS65NE_1005,1,3_7,4.81271954552,-9999.0,-9999.0,-9999.0,51.6199989319,454.085358291044,153.343576852685,266920.25,659377.07,92,48,51.62
NS65NE_121,1,3_7,6.12959408356,-9999.0,-9999.0,-9999.0,37.9476661682,121.802302349049,49.5173698371747,266922.51,659928.8,28,16,37.948
NS65NE_123,1,3_7,5.29762404752,-9999.0,-9999.0,-9999.0,36.9259986877,112.767329013936,49.8492581268251,266881.99,659927.03,28,16,36.926
NS65NE_129,1,3_7,6.40096654095,-9999.0,-9999.0,-9999.0,38.7430000305,112.522460326686,45.7854401549025,266895.69,659923.2,20,12,38.743
NS65NE_139,1,3_7,6.07335306534,-9999.0,-9999.0,-9999.0,40.2420005798,323.344801198413,100.828329292139,266951.45,659918.88,52,28,40.242
NS65NE_140,1,3_7,6.41625652083,-9999.0,-9999.0,-9999.0,40.608001709,108.347370960429,41.6363853206226,266975.37,659917.46,12,8,40.608
NS65NE_142,1,3_7,5.60874705685,-9999.0,-9999.0,-9999.0,40.483001709,100.947645265385,41.7668137014247,266987.87,659916.79,20,12,40.483
NS65NE_143,1,3_7,6.50139514323,-9999.0,-9999.0,-9999.0,40.8810005188,103.548946436367,40.7487769389651,267000.61,659916.76,12,8,40.881
NS65NE_1565,1,3_7,5.82367360834,-9999.0,-9999.0,-9999.0,39.6749992371,220.819792472591,82.9087819152273,267024.07,659964.67,32,18,39.675
NS65NE_1566,1,3_7,6.15690339917,-9999.0,-9999.0,-9999.0,40.7000007629,70.6536732150124,34.6554022893019,267025.53,659947.42,12,8,40.7
NS65NE_1567,1,3_7,6.1849382282,-9999.0,-9999.0,-9999.0,40.6590003967,128.765460890901,45.446108091813,267019.39,659936.68,12,8,40.659
NS65NE_1568,1,3_7,6.28261768712,-9999.0,-9999.0,-9999.0,41.2819976807,113.359140249757,45.9274543329743,267011.91,659905.94,20,12,41.282
NS65NE_162,1,3_7,6.53992883154,-9999.0,-9999.0,-9999.0,39.2989997864,219.240322615219,63.3742538967447,266920.09,659908.76,16,10,39.299
NS65NE_174,1,3_7,6.37599136123,-9999.0,-9999.0,-9999.0,39.9990005493,101.763628633822,40.3716414165831,266888.29,659898.41,12,8,39.999
NS65NE_191,1,3_7,5.91833880785,-9999.0,-9999.0,-9999.0,40.716999054,150.036933237442,49.1915351763215,266918.56,659888.81,12,8,40.717
NS65NE_197,1,3_7,5.91138657082,-9999.0,-9999.0,-9999.0,41.2659988403,203.354827065481,64.9179421431586,266990.85,659889.85,36,20,41.266
NS65NE_202,1,3_7,6.05593297009,-9999.0,-9999.0,-9999.0,40.891998291,293.754353643341,78.6505586566996,266946.77,659890.02,20,12,40.892
NS65NE_203,1,3_7,6.41097517232,-9999.0,-9999.0,-9999.0,40.5530014038,137.633320229123,47.1855101303468,266886.42,659882.61,12,8,40.553
NS65NE_224,1,3_7,6.43580958992,-9999.0,-9999.0,-9999.0,40.7229995728,133.817806119206,46.576677587074,266881.05,659869.03,12,8,40.723
NS65NE_238,1,3_7,6.00511849947,-9999.0,-9999.0,-9999.0,42.2379989624,253.953418759096,78.9198592457647,266980.11,659869.03,44,24,42.238
NS65NE_246,1,3_7,5.75673673261,-9999.0,-9999.0,-9999.0,41.3250007629,356.926009358344,97.1113349182857,266914.12,659859.83,52,28,41.325
NS65NE_247,1,3_7,6.4142420977,-9999.0,-9999.0,-9999.0,42.5029983521,110.382975390191,42.0259736606286,266937.02,659856.67,12,8,42.503
NS65NE_250,1,3_7,6.42809569505,-9999.0,-9999.0,-9999.0,42.9980010986,101.618694290665,40.3398928832206,266949.32,659853.94,12,8,42.998
NS65NE_265,1,3_7,6.02860384255,-9999.0,-9999.0,-9999.0,43.9850006104,245.480205851897,84.0696540537067,266968.79,659845.73,52,28,43.985
NS65NE_31,1,3_7,5.39713380369,-9999.0,-9999.0,-9999.0,37.5374984741,100.128525037387,45.8655967548203,266964.09,659977.7,28,16,37.538
NS65NE_311,1,3_7,5.6536145162,-9999.0,-9999.0,-9999.0,46.5,331.082299232729,89.3275587139382,266944.89,659807.14,24,14,46.5
NS65NE_333,1,3_7,5.90647287802,-9999.0,-9999.0,-9999.0,43.1539993286,320.114077034271,90.7307639459525,266875.21,659787.26,44,24,43.154
NS65NE_383,1,3_7,5.76411890095,-9999.0,-9999.0,-9999.0,45.8979988098,636.590353261649,156.398817695934,266901.3,659765.59,68,36,45.898
NS65NE_406,1,3_7,5.54101446549,-9999.0,-9999.0,-9999.0,48.0629997253,783.555222724239,203.942121402241,266936.65,659749.88,120,62,48.063
NS65NE_44,1,3_7,6.11642598913,-9999.0,-9999.0,-9999.0,38.8180007935,126.776580104816,45.0996201708676,266991.01,659972.19,12,8,38.818
NS65NE_450,1,3_7,5.82466713917,-9999.0,-9999.0,-9999.0,50.8851242065,253.784345134845,95.6268900216416,266891.5,659680.11,60,32,50.885
NS65NE_455,1,3_7,5.67395432322,-9999.0,-9999.0,-9999.0,51.7610015869,125.266077282034,48.4964702261094,266909.94,659678.08,28,16,51.761
NS65NE_456,1,3_7,5.45173852417,-9999.0,-9999.0,-9999.0,51.9189987183,259.874294764219,73.1837492573179,266926.68,659676.58,36,20,51.919
NS65NE_484,1,3_7,5.93686416243,-9999.0,-9999.0,-9999.0,53.9910011292,72.535110990014,34.0841512492509,266961.4,659652.07,12,8,53.991
NS65NE_499,1,3_7,6.01151246515,-9999.0,-9999.0,-9999.0,52.6819992065,66.503277205174,33.6455009277636,266928.17,659643.67,12,8,52.682
NS65NE_500,1,3_7,5.4612843745,-9999.0,-9999.0,-9999.0,51.1819992065,520.379579882744,119.106960091462,266880.01,659645.14,52,28,51.182
NS65NE_501,1,3_7,5.66495231346,-9999.0,-9999.0,-9999.0,53.8380012512,98.9251537550794,43.0709359389189,266962.81,659641.91,24,14,53.838
NS65NE_502,1,3_7,6.02438776816,-9999.0,-9999.0,-9999.0,52.1160011292,206.042961041549,78.4626237046865,266911.89,659643.66,44,24,52.116
NS65NE_503,1,3_7,5.45989135004,-9999.0,-9999.0,-9999.0,52.9959983826,82.4592462683753,39.7447963331505,266937.78,659642.94,20,12,52.996
NS65NE_528,1,3_7,5.97731023182,-9999.0,-9999.0,-9999.0,54.2449989319,136.468550541127,51.2385063547185,266962.96,659627.16,28,16,54.245
NS65NE_535,1,3_7,5.8373428922,-9999.0,-9999.0,-9999.0,53.1360015869,124.076349547767,44.5558640109766,266930.87,659622.75,12,8,53.136
NS65NE_552,1,3_7,6.16841642751,-9999.0,-9999.0,-9999.0,54.1539993286,111.65422471684,42.4958436533683,266961.45,659613.3,12,8,54.154
NS65NE_572,1,3_7,5.82482909229,-9999.0,-9999.0,-9999.0,52.0970001221,432.588566088891,95.2060709549073,266898.64,659607.2,36,20,52.097
NS65NE_576,1,3_7,5.90692612079,-9999.0,-9999.0,-9999.0,52.8190002441,74.6938229267801,35.787479408815,266919.64,659603.44,12,8,52.819
NS65NE_590,1,3_7,5.96834013985,-9999.0,-9999.0,-9999.0,53.7529983521,70.4726463999099,33.9455620150199,266947.02,659595.47,12,8,53.753
NS65NE_595,1,3_7,5.76371204309,-9999.0,-9999.0,-9999.0,54.0180015564,76.5879219314946,36.2444680002001,266956.2,659594.12,12,8,54.018
NS65NE_597,1,3_7,6.07939748052,-9999.0,-9999.0,-9999.0,55.0279998779,86.0024199627346,38.8914103115734,266968.27,659591.93,20,12,55.028
NS65NE_626,1,3_7,5.94617549518,-9999.0,-9999.0,-9999.0,51.8250007629,136.697104590005,49.3837524234157,266887.64,659572.56,20,12,51.825
NS65NE_632,1,3_7,5.87040101532,-9999.0,-9999.0,-9999.0,52.4659996033,248.817600599734,72.5213593598164,266906.99,659569.73,36,20,52.466
NS65NE_645,1,3_7,6.05978965759,-9999.0,-9999.0,-9999.0,55.0040016174,87.7747712489267,39.100977361629,266964.86,659562.55,20,12,55.004
NS65NE_646,1,3_7,5.20348360975,-9999.0,-9999.0,-9999.0,53.1430015564,422.442355669647,113.005777652604,266935.02,659566.53,76,40,53.143
NS65NE_657,1,3_7,2.39409442658,-9999.0,-9999.0,-9999.0,54.1599998474,27.844818753538,24.4471719690956,266951.57,659554.46,8,6,54.16
NS65NE_67,1,3_7,2.34360608437,-9999.0,-9999.0,-9999.0,36.0270004272,36.2593425032972,24.6302268888477,266898.07,659956.39,12,8,36.027
NS65NE_688,1,3_7,4.81336220125,-9999.0,-9999.0,-9999.0,50.9920005798,321.186202621557,99.0233411809596,266885.34,659540.72,56,30,50.992
NS65NE_691,1,3_7,5.09264810401,-9999.0,-9999.0,-9999.0,52.1609992981,109.208257279859,46.2253007655407,266905.48,659538.37,24,14,52.161
NS65NE_696,1,3_7,4.32386576961,-9999.0,-9999.0,-9999.0,52.5069999695,220.063523902746,63.5803959218618,266920.02,659534.42,28,16,52.507
NS65NE_700,1,3_7,3.42012393251,-9999.0,-9999.0,-9999.0,53.2550010681,140.138555615823,47.4580729666422,266935.84,659532.09,12,8,53.255
NS65NE_709,1,3_7,3.75219251389,-9999.0,-9999.0,-9999.0,53.952999115,190.897073530759,58.9561827094233,266954.83,659528.48,20,12,53.953
NS65NE_746,1,3_7,4.44166332084,-9999.0,-9999.0,-9999.0,51.4949989319,206.345973748582,60.4548630073923,266883.59,659506.72,36,20,51.495
NS65NE_756,1,3_7,3.58603324583,-9999.0,-9999.0,-9999.0,53.5089988708,192.372519570696,69.8148301073992,266952.34,659505.68,28,16,53.509
NS65NE_762,1,3_7,3.63359747282,-9999.0,-9999.0,-9999.0,52.2840003967,246.51038084801,74.5256208067979,266910.14,659503.44,52,28,52.284
NS65NE_782,1,3_7,3.25101813209,-9999.0,-9999.0,-9999.0,53.1040000916,213.335249652364,61.630749432816,266945.44,659488.81,20,12,53.104
NS65NE_790,1,3_7,3.72721855199,-9999.0,-9999.0,-9999.0,52.1819992065,220.084611967726,62.5986970505863,266907.31,659483.14,20,12,52.182
NS65NE_806,1,3_7,6.30243687069,-9999.0,-9999.0,-9999.0,52.1599998474,72.0227775711601,34.3067096833573,266894.3,659469.54,12,8,52.16
NS65NE_814,1,3_7,3.67705101095,-9999.0,-9999.0,-9999.0,52.6669998169,200.302246201916,59.6595616864772,266942.56,659470.35,24,14,52.667
NS65NE_816,1,3_7,5.87748460512,-9999.0,-9999.0,-9999.0,52.09400177,82.1826169082046,38.0288815037515,266884.76,659467.21,20,12,52.094
NS65NE_843,1,3_7,3.53008109957,-9999.0,-9999.0,-9999.0,52.3955001831,134.611672161016,46.5957074693854,266919.44,659452.24,12,8,52.395
NS65NE_861,1,3_7,3.83980128778,-9999.0,-9999.0,-9999.0,52.8289985657,190.335027036693,55.2761700432474,266933.53,659447.79,12,8,52.829
NS65NE_867,1,3_7,3.19092496819,-9999.0,-9999.0,-9999.0,53.7290000916,117.297960650578,51.0345338992212,266948.34,659444.47,36,20,53.729
NS65NE_89,1,3_7,6.0347483135,-9999.0,-9999.0,-9999.0,37.986000061,220.749180221733,75.9264525163943,266961.48,659949.05,36,20,37.986
NS65NE_918,1,3_7,3.20297377213,-9999.0,-9999.0,-9999.0,51.3320007324,29.9363812449594,23.0112782348769,266890.09,659415.37,12,8,51.332
NS65NE_922,1,3_7,4.00667699081,-9999.0,-9999.0,-9999.0,51.2280006409,680.070310426681,229.746057291404,266895.14,659424.68,124,64,51.228
NS65NE_93,1,3_7,6.15568451292,-9999.0,-9999.0,-9999.0,38.8460006714,128.809735119074,45.4828479969259,266980.76,659945.4,12,8,38.846
NS65NE_930,1,3_7,3.8024017923,-9999.0,-9999.0,-9999.0,53.2719993591,215.121025484147,59.1514091949145,266935.49,659412.75,12,8,53.272
NS65NE_96,1,3_7,6.04297016427,-9999.0,-9999.0,-9999.0,39.4780006409,130.079016349487,45.7314394263578,266997.13,659943.4,12,8,39.478
NS65NE_969,1,3_7,6.06219081136,-9999.0,-9999.0,-9999.0,50.9519996643,80.8474591911624,37.4387386754452,266897.73,659389.32,20,12,50.952
NS65NE_97,1,3_7,8.13625937133,-9999.0,-9999.0,-9999.0,37.033000946,344.441480489903,90.636160076652,266930.26,659951.06,44,24,37.033
NS65NE_1502,1,4_5,6.2587790411,-9999.0,-9999.0,-9999.0,37.4140014648,124.851254383535,46.776706851808,267952.52,658683.56,28,16,37.414
NS65NE_1503,1,4_5,5.62107173778,-9999.0,-9999.0,-9999.0,37.7210006714,143.802191243202,51.9186754818414,267919.2,658669.62,36,20,37.721
NS65NE_1504,1,4_5,5.39318820169,-9999.0,-9999.0,-9999.0,38.9319992065,146.793076605822,64.2293696563111,267962.6,658667.69,28,16,38.932
NS65NE_1505,1,4_5,3.1602957212,-9999.0,-9999.0,-9999.0,40.483001709,37.2754912517361,31.2038837321799,267851.46,658652.51,20,12,40.483
NS65NE_1506,1,4_5,5.57119249244,-9999.0,-9999.0,-9999.0,38.4379997253,128.625647788127,45.5029867368111,267925.79,658653.22,12,8,38.438
NS65NE_1507,1,4_5,6.15982367265,-9999.0,-9999.0,-9999.0,40.3300018311,121.239552365589,44.3534168477793,267962.9,658649.55,12,8,40.33
NS65NE_1508,1,4_5,2.92919687188,-9999.0,-9999.0,-9999.0,40.6450004578,120.50158510245,48.0833731312567,267849.18,658638.8,28,16,40.645
NS65NE_1509,1,4_5,5.11437799837,-9999.0,-9999.0,-9999.0,39.5929985046,153.250884586238,51.6326045876852,267930.87,658637.22,20,12,39.593
NS65NE_1510,1,4_5,5.4285185415,-9999.0,-9999.0,-9999.0,41.6040000916,152.734179936802,75.8251311668858,267971.12,658632.94,44,24,41.604
NS65NE_1511,1,4_5,5.3332796941,-9999.0,-9999.0,-9999.0,43.2789993286,77.3026955034643,38.4466345169382,267986.21,658625.17,20,12,43.279
NS65NE_1512,1,4_5,5.92314085439,-9999.0,-9999.0,-9999.0,44.3930015564,60.239890310989,33.1067243112188,267998.13,658622.49,16,10,44.393
NS65NE_1513,1,4_5,5.87973005941,-9999.0,-9999.0,-9999.0,40.3129997253,133.843678359442,51.5762595021115,267934.73,658621.24,28,16,40.313
NS65NE_1514,1,4_5,4.56855151528,-9999.0,-9999.0,-9999.0,40.9449996948,104.883952504765,43.2901807618785,267845.07,658618.87,20,12,40.945
NS65NE_1515,1,4_5,3.75691697459,-9999.0,-9999.0,-9999.0,54.9071235657,245.14883838337,83.1814365996098,267568.6,658613.33,36,20,54.907
NS65NE_1516,1,4_5,6.12418041149,-9999.0,-9999.0,-9999.0,41.6829986572,120.555985763563,44.3079518695254,267937.59,658604.81,12,8,41.683
NS65NE_1517,1,4_5,5.24523617309,-9999.0,-9999.0,-9999.0,44.5410003662,84.7611767921648,38.4622841196364,267979.37,658595.86,20,12,44.541
NS65NE_1519,1,4_5,5.33387084066,-9999.0,-9999.0,-9999.0,44.4949989319,82.3468573087207,38.9140615982276,267971.08,658589.76,20,12,44.495
NS65NE_1520,1,4_5,6.13139504007,-9999.0,-9999.0,-9999.0,42.7799987793,121.983139886707,44.5231281092646,267939.97,658588.72,12,8,42.78
NS65NE_1521,1,4_5,5.36294922319,-9999.0,-9999.0,-9999.0,46.611000061,133.19109497674,45.4432064766183,267998.3,658582.37,16,10,46.611
NS65NE_1523,1,4_5,5.15475274653,-9999.0,-9999.0,-9999.0,43.9671821594,164.640290275031,68.95019442957,267938.77,658574.18,28,16,43.967
NS65NE_1524,1,4_5,3.55285143702,-9999.0,-9999.0,-9999.0,47.2890014648,164.607314496707,82.1036697511922,267997.02,658566.56,52,28,47.289
NS65NE_1525,1,4_5,5.44350546598,-9999.0,-9999.0,-9999.0,46.25,135.777495576656,48.7851855789682,267977.16,658565.52,20,12,46.25
NS65NE_1526,1,4_5,5.93232613066,-9999.0,-9999.0,-9999.0,45.7700004578,127.565392913731,48.4560323956795,267944.63,658555.94,20,12,45.77
NS65NE_1527,1,4_5,5.19502632745,-9999.0,-9999.0,-9999.0,47.8359985352,139.128389340717,49.6840560404654,267983.58,658550.72,20,12,47.836
NS65NE_1528,1,4_5,5.5168353802,-9999.0,-9999.0,-9999.0,48.733001709,75.4484567069343,34.7149212575962,267999.57,658546.32,16,10,48.733
NS65NE_1529,1,4_5,4.89727262756,-9999.0,-9999.0,-9999.0,47.2260017395,210.004062736225,105.813313641687,267943.23,658535.28,68,36,47.226
NS65NE_1530,1,4_5,5.89296178587,-9999.0,-9999.0,-9999.0,48.9480018616,74.5169132346919,34.7326244434433,267944.45,658521.0,12,8,48.948
NS65NE_1531,1,4_5,2.25787792649,-9999.0,-9999.0,-9999.0,49.202999115,21.7068674997283,19.2277814407981,267935.62,658515.49,12,8,49.203
NS65NE_1532,1,4_5,5.88575002964,-9999.0,-9999.0,-9999.0,49.2389984131,131.493473382642,47.4472987386099,267992.97,658517.51,20,12,49.239
NS65NE_1533,1,4_5,5.71860218601,-9999.0,-9999.0,-9999.0,49.5683326721,131.630577891911,50.7097273420012,267975.25,658511.65,28,16,49.568
NS65NE_1534,1,4_5,4.85137989346,-9999.0,-9999.0,-9999.0,50.5629997253,100.759978415044,40.6021209555217,267994.41,658499.61,20,12,50.563
NS65NE_1535,1,4_5,5.22606406369,-9999.0,-9999.0,-9999.0,49.5299987793,187.685187042634,72.7594873698968,267934.36,658503.18,36,20,49.53
NS65NE_1536,1,4_5,2.50488304798,-9999.0,-9999.0,-9999.0,50.9889984131,46.0865887514312,35.2128159500473,267919.62,658487.85,24,14,50.989
NS65NE_1537,1,4_5,4.93034778415,-9999.0,-9999.0,-9999.0,50.7280006409,149.659783671025,54.5282719289259,267963.83,658488.47,28,16,50.728
NS65NE_1538,1,4_5,5.99354722765,-9999.0,-9999.0,-9999.0,50.9399986267,108.435486899195,41.938830657313,267994.71,658485.09,12,8,50.94
NS65NE_1539,1,4_5,5.22762801564,-9999.0,-9999.0,-9999.0,51.0909996033,135.786149987785,48.9696756461173,267954.55,658476.78,28,16,51.091
NS65NE_1540,1,4_5,2.45189984312,-9999.0,-9999.0,-9999.0,51.3660011292,105.303386255302,49.6428483474409,267972.01,658473.45,20,12,51.366
NS65NE_1541,1,4_5,1.76643424698,-9999.0,-9999.0,-9999.0,51.5429992676,26.0001824990355,23.2991293402009,267957.37,658462.39,8,6,51.543
NS65NE_1542,1,4_5,4.41020417366,-9999.0,-9999.0,-9999.0,51.5019989014,128.295636168418,45.7824360656699,267944.14,658463.64,12,8,51.502
NS65NE_1544,1,4_5,2.16811182041,-9999.0,-9999.0,-9999.0,52.8199996948,25.0876949968945,21.0267910770174,267960.69,658453.91,12,8,52.82
NS65NE_1545,1,4_5,2.04983736764,-9999.0,-9999.0,-9999.0,51.936000824,80.0692050078388,52.0293890784067,267993.68,658451.62,32,18,51.936
NS65NE_1546,1,4_5,2.39405056075,-9999.0,-9999.0,-9999.0,52.7296676636,30.9108675018173,25.4954311577341,267952.55,658446.52,8,6,52.73
NS65NE_1547,1,4_5,4.80333877663,-9999.0,-9999.0,-9999.0,52.6059989929,161.746875495505,54.0515343779069,267974.81,658448.27,20,12,52.606
NS65NE_1548,1,4_5,5.85425754496,-9999.0,-9999.0,-9999.0,52.7910003662,74.4059594058166,34.7471981279176,267960.27,658440.36,12,8,52.791
NS65NE_1549,1,4_5,4.47278771628,-9999.0,-9999.0,-9999.0,52.3730010986,177.848209798937,62.9466859655893,267991.75,658435.66,44,24,52.373
NS65NE_1550,1,4_5,5.71366976916,-9999.0,-9999.0,-9999.0,53.3400001526,63.4002602763488,32.1849849276259,267994.43,658397.12,12,8,53.34
NS65NE_1551,1,4_5,5.94349776307,-9999.0,-9999.0,-9999.0,55.2039985657,86.2845855647519,39.5071699118853,267939.8,658379.33,20,12,55.204
NS65NE_1552,1,4_5,5.83945987987,-9999.0,-9999.0,-9999.0,55.2000961304,79.0468116435425,37.3802398793523,267933.35,658372.75,20,12,55.2
NS65NE_1553,1,4_5,4.64577177036,-9999.0,-9999.0,-9999.0,46.1969985962,85.2134148303099,36.9702645899287,267821.38,658362.49,12,8,46.197
NS65NE_1554,1,4_5,5.62589553083,-9999.0,-9999.0,-9999.0,55.2400016785,138.062249995914,49.2707054694023,267982.06,658358.02,20,12,55.24
NS65NE_1555,1,4_5,2.9028838864,-9999.0,-9999.0,-9999.0,44.952999115,206.585611277304,71.3895241261296,267842.65,658364.35,20,12,44.953
NS65NE_1556,1,4_5,5.45713222511,-9999.0,-9999.0,-9999.0,56.0340003967,135.461127135646,50.2082420562283,267991.99,658339.77,20,12,56.034
NS65NE_1557,1,4_5,5.74457286403,-9999.0,-9999.0,-9999.0,56.1739997864,87.7647114652756,38.0385718374202,267997.73,658329.34,16,10,56.174
NS65NE_1558,1,4_5,5.82342603932,-9999.0,-9999.0,-9999.0,56.4729995728,83.0646572975208,36.2839311756487,268001.41,658320.22,16,10,56.473
NS65NE_1559,1,4_5,5.40157944883,-9999.0,-9999.0,-9999.0,55.561000824,319.536267318419,127.727469952247,267965.98,658323.91,84,44,55.561
NS65NE_1560,1,4_5,5.54689352163,-9999.0,-9999.0,-9999.0,56.9370002747,298.879977270556,111.284312208752,267974.03,658289.7,84,44,56.937
NS65NE_1562,1,4_5,3.60986057917,-9999.0,-9999.0,-9999.0,54.9259986877,83.6275173690434,37.3670443947789,267786.28,658186.69,16,10,54.926
NS65NE_1563,1,4_5,4.82436778598,-9999.0,-9999.0,-9999.0,54.733001709,339.534734754952,95.9079341722698,267802.61,658192.52,36,20,54.733
NS65NE_1564,1,4_5,4.24336733241,-9999.0,-9999.0,-9999.0,64.3560028076,684.431600412335,152.222288789279,267718.97,658162.56,72,38,64.356
NS65NE_1787,1,4_5,4.55205329185,-9999.0,-9999.0,-9999.0,49.8629989624,114.565387193513,45.5693674846254,268076.44,658743.63,20,12,49.863
NS65NE_1792,1,4_5,4.34932412207,-9999.0,-9999.0,-9999.0,49.5649986267,135.085521462363,52.5800265364999,268037.83,658741.19,28,16,49.565
NS65NE_1802,1,4_5,5.07623337691,-9999.0,-9999.0,-9999.0,50.0750007629,177.258901335553,56.585994433815,268113.06,658735.01,32,18,50.075
NS65NE_1805,1,4_5,5.74381851296,-9999.0,-9999.0,-9999.0,49.7220001221,77.9894341637546,35.5419191457114,268040.44,658729.22,12,8,49.722
NS65NE_1806,1,4_5,4.12977337459,-9999.0,-9999.0,-9999.0,50.313999176,132.869015314857,49.794638233638,268071.38,658728.94,28,16,50.314
NS65NE_1810,1,4_5,2.22440326832,-9999.0,-9999.0,-9999.0,50.516998291,38.6855774973378,27.3708396879886,268090.48,658721.51,12,8,50.517
NS65NE_1814,1,4_5,5.73454533249,-9999.0,-9999.0,-9999.0,50.2659988403,64.7598414379902,33.0595312639781,268105.91,658722.06,12,8,50.266
NS65NE_1816,1,4_5,5.81877412023,-9999.0,-9999.0,-9999.0,49.9790000916,75.0609140145593,34.8559176145303,268041.4,658716.56,12,8,49.979
NS65NE_1819,1,4_5,5.35173606873,-9999.0,-9999.0,-9999.0,50.608001709,128.464608897545,47.2630052157229,268076.97,658714.61,20,12,50.608
NS65NE_1820,1,4_5,5.43075227577,-9999.0,-9999.0,-9999.0,50.436000824,77.1631650065613,40.171310331604,268100.53,658711.16,24,14,50.436
NS65NE_1836,1,4_5,5.11878568861,-9999.0,-9999.0,-9999.0,50.2929992676,138.211790288769,49.4510568074204,268087.77,658699.29,20,12,50.293
NS65NE_1837,1,4_5,5.66017696652,-9999.0,-9999.0,-9999.0,49.9469985962,67.6607499028743,33.2784181224286,268041.02,658695.54,12,8,49.947
NS65NE_1840,1,4_5,5.17884145377,-9999.0,-9999.0,-9999.0,50.0180015564,80.4426375005436,35.0416801999421,268050.6,658688.77,16,10,50.018
NS65NE_1843,1,4_5,5.02997338876,-9999.0,-9999.0,-9999.0,50.1570014954,89.4678458825767,43.2289038932588,268056.31,658681.1,28,16,50.157
NS65NE_1844,1,4_5,5.42926398715,-9999.0,-9999.0,-9999.0,51.158000946,73.6644283283731,36.568306062576,268111.31,658680.26,20,12,51.158
NS65NE_1847,1,4_5,6.14136328255,-9999.0,-9999.0,-9999.0,51.2389984131,101.253250554113,40.6232399839052,268122.57,658673.62,12,8,51.239
NS65NE_1851,1,4_5,5.3640510488,-9999.0,-9999.0,-9999.0,49.6189994812,167.412527038524,71.4503521525652,268065.57,658666.78,32,18,49.619
NS65NE_1852,1,4_5,5.40339348948,-9999.0,-9999.0,-9999.0,50.3089981079,150.02977258077,53.3344513093004,268076.78,658660.65,36,20,50.309
NS65NE_1856,1,4_5,5.1895577025,-9999.0,-9999.0,-9999.0,50.6150016785,140.142065329364,49.5442247927953,268090.64,658649.17,20,12,50.615
NS65NE_1858,1,4_5,6.21597117424,-9999.0,-9999.0,-9999.0,50.5839996338,100.467833515267,40.4501466915642,268106.07,658641.86,12,8,50.584
NS65NE_1859,1,4_5,2.44139600268,-9999.0,-9999.0,-9999.0,50.2849998474,30.4432687431188,25.8131255789075,268115.25,658635.19,8,6,50.285
NS65NE_1863,1,4_5,5.6507342069,-9999.0,-9999.0,-9999.0,50.0029983521,93.2054516126428,40.4917659922682,268121.67,658629.36,12,8,50.003
NS65NE_1866,1,4_5,6.02481737432,-9999.0,-9999.0,-9999.0,49.6699981689,124.508668867022,46.806328883448,268115.2,658618.02,20,12,49.67
NS65NE_1870,1,4_5,5.543830708,-9999.0,-9999.0,-9999.0,49.1259994507,153.548429692438,51.8803932705403,268102.59,658608.12,20,12,49.126
NS65NE_1871,1,4_5,4.84984861556,-9999.0,-9999.0,-9999.0,45.7050018311,410.315920232139,153.18627317981,268021.32,658608.92,96,50,45.705
NS65NE_1875,1,4_5,5.33124293837,-9999.0,-9999.0,-9999.0,48.3149986267,180.045340773242,60.4026310380081,268089.21,658598.3,24,14,48.315
NS65NE_1876,1,4_5,5.5247974861,-9999.0,-9999.0,-9999.0,47.1730003357,75.7062864328354,36.3641212138693,268034.2,658593.93,20,12,47.173
NS65NE_1879,1,4_5,5.99053608499,-9999.0,-9999.0,-9999.0,48.108001709,127.70729425052,46.6233269379121,268077.56,658585.05,20,12,48.108
NS65NE_1882,1,4_5,5.86411966138,-9999.0,-9999.0,-9999.0,47.7569999695,75.0543065459451,34.8545701262092,268024.38,658577.51,12,8,47.757
NS65NE_1884,1,4_5,5.57941887595,-9999.0,-9999.0,-9999.0,48.1790008545,142.897393834482,51.3504386195847,268065.12,658576.11,20,12,48.179
NS65NE_1888,1,4_5,5.74695924958,-9999.0,-9999.0,-9999.0,47.9490013123,74.9075630687877,34.8200662668248,268016.32,658568.46,12,8,47.949
NS65NE_1889,1,4_5,4.69879356159,-9999.0,-9999.0,-9999.0,48.2389984131,105.555510737347,44.3867762893101,268053.35,658568.33,20,12,48.239
NS65NE_1895,1,4_5,4.68497181706,-9999.0,-9999.0,-9999.0,48.4449996948,95.3458351842229,41.4596508748609,268041.04,658556.27,20,12,48.445
NS65NE_1896,1,4_5,5.32669330702,-9999.0,-9999.0,-9999.0,49.2579994202,247.332684006423,79.620920009001,268099.23,658558.71,40,22,49.258
NS65NE_1900,1,4_5,5.26597765409,-9999.0,-9999.0,-9999.0,50.5449981689,88.1525550057131,49.0976776423323,268117.96,658547.66,24,14,50.545
NS65NE_1902,1,4_5,5.32558038885,-9999.0,-9999.0,-9999.0,49.4259986877,139.794425015934,49.3387127802072,268083.44,658547.13,20,12,49.426
NS65NE_1903,1,4_5,5.99593537482,-9999.0,-9999.0,-9999.0,48.8390007019,126.744708559922,46.7304503649392,268032.03,658546.23,20,12,48.839
NS65NE_1908,1,4_5,5.78173751123,-9999.0,-9999.0,-9999.0,49.2099990845,109.548285069655,42.0177515464019,268019.25,658538.89,12,8,49.21
NS65NE_1909,1,4_5,4.79809399309,-9999.0,-9999.0,-9999.0,49.4449996948,93.2946471054007,40.4169412314089,268075.65,658536.21,12,8,49.445
NS65NE_1911,1,4_5,3.97693840145,-9999.0,-9999.0,-9999.0,51.1539993286,153.087917079491,61.5689260719339,268124.24,658534.72,28,16,51.154
NS65NE_1914,1,4_5,2.73378071189,-9999.0,-9999.0,-9999.0,51.6100006104,35.1877349976871,27.7494040716501,268108.67,658524.64,8,6,51.61
NS65NE_1916,1,4_5,5.58373691418,-9999.0,-9999.0,-9999.0,49.2509994507,68.8967169223813,33.5285217877153,268047.54,658519.74,12,8,49.251
NS65NE_1917,1,4_5,5.42189614539,-9999.0,-9999.0,-9999.0,50.6990013123,129.621346065628,46.8714361873874,268090.4,658521.36,20,12,50.699
NS65NE_1919,1,4_5,1.98870714405,-9999.0,-9999.0,-9999.0,52.0089988708,23.0479312501502,23.0757068740505,268108.97,658513.09,8,6,52.009
NS65NE_1923,1,4_5,6.12656054919,-9999.0,-9999.0,-9999.0,49.483001709,123.803646477677,44.9737974553905,268055.69,658510.01,12,8,49.483
NS65NE_1927,1,4_5,5.29062363888,-9999.0,-9999.0,-9999.0,51.4799995422,130.314103621006,47.665199846288,268099.91,658507.98,20,12,51.48
NS65NE_1930,1,4_5,5.55182505836,-9999.0,-9999.0,-9999.0,49.5989990234,123.484708977287,50.1027953960123,268032.79,658503.74,28,16,49.599
NS65NE_1931,1,4_5,4.35925616072,-9999.0,-9999.0,-9999.0,52.6189994812,141.860720265776,64.0255067633393,268116.15,658502.28,32,18,52.619
NS65NE_1934,1,4_5,5.67801074033,-9999.0,-9999.0,-9999.0,50.2480010986,139.741945805432,53.4598515884406,268067.37,658498.15,28,16,50.248
NS65NE_1936,1,4_5,5.54418827071,-9999.0,-9999.0,-9999.0,50.2089996338,69.2332569628781,33.6356858653492,268025.15,658493.38,12,8,50.209
NS65NE_1937,1,4_5,5.39136544694,-9999.0,-9999.0,-9999.0,53.2799987793,94.4954599707082,43.4378470713623,268122.98,658493.8,20,12,53.28
NS65NE_1943,1,4_5,5.73002668637,-9999.0,-9999.0,-9999.0,51.0979995728,135.833603331815,48.5246293363726,268076.71,658484.31,20,12,51.098
NS65NE_1948,1,4_5,5.90987753813,-9999.0,-9999.0,-9999.0,50.5629997253,111.290608565972,45.5404182561074,268039.38,658478.21,20,12,50.563
NS65NE_1949,1,4_5,5.70475208983,-9999.0,-9999.0,-9999.0,51.4399986267,67.212634117128,33.1377883341641,268085.83,658473.6,12,8,51.44
NS65NE_1950,1,4_5,5.6602106165,-9999.0,-9999.0,-9999.0,51.8689994812,68.4140857111425,33.476330459103,268095.27,658469.92,12,8,51.869
NS65NE_1953,1,4_5,6.14235008319,-9999.0,-9999.0,-9999.0,51.3079986572,96.9965400678249,40.1285227165626,267999.23,658468.37,16,10,51.308
NS65NE_1955,1,4_5,5.36539718138,-9999.0,-9999.0,-9999.0,50.8059997559,128.549849293042,47.095124968172,268050.25,658465.72,20,12,50.806
NS65NE_1957,1,4_5,5.27026752409,-9999.0,-9999.0,-9999.0,52.2140007019,80.4912492135895,38.9964761615848,268103.55,658462.95,20,12,52.214
NS65NE_1960,1,4_5,5.61519997102,-9999.0,-9999.0,-9999.0,52.5719985962,67.5142111206031,33.2078634092928,268112.7,658458.97,12,8,52.572
NS65NE_1963,1,4_5,5.71472870602,-9999.0,-9999.0,-9999.0,51.3120002747,138.347872597313,49.556716781908,268011.25,658455.66,20,12,51.312
NS65NE_1964,1,4_5,5.12730181947,-9999.0,-9999.0,-9999.0,51.3390007019,138.039306535584,50.9176890537212,268061.26,658453.07,28,16,51.339
NS65NE_1965,1,4_5,5.32784394496,-9999.0,-9999.0,-9999.0,53.563999176,123.983543699036,44.6718581841472,268124.86,658451.32,12,8,53.564
NS65NE_1971,1,4_5,2.25608712376,-9999.0,-9999.0,-9999.0,53.4500007629,29.5761074983989,25.2763963869709,268115.9,658441.69,8,6,53.45
NS65NE_1972,1,4_5,2.14110257075,-9999.0,-9999.0,-9999.0,52.0909996033,30.7091512501832,25.4349568300597,268087.75,658440.75,8,6,52.091
NS65NE_1976,1,4_5,5.85402372957,-9999.0,-9999.0,-9999.0,51.6689987183,139.168798288078,52.4387302123317,268072.8,658441.12,28,16,51.669
NS65NE_1984,1,4_5,6.13751838125,-9999.0,-9999.0,-9999.0,52.1020011902,117.367228447949,43.5923531958403,268085.93,658430.72,12,8,52.102
NS65NE_1986,1,4_5,4.8069000118,-9999.0,-9999.0,-9999.0,51.6450004578,153.545943175432,54.0255443805229,268033.33,658432.15,28,16,51.645
NS65NE_1987,1,4_5,5.41592333139,-9999.0,-9999.0,-9999.0,52.8429985046,125.306517725461,45.0241018406669,268102.49,658422.51,12,8,52.843
NS65NE_1991,1,4_5,5.4560783962,-9999.0,-9999.0,-9999.0,52.4129981995,69.7119332872652,34.1227201609596,268015.38,658419.9,12,8,52.413
NS65NE_1992,1,4_5,5.34226852258,-9999.0,-9999.0,-9999.0,52.0789985657,121.552529239747,44.2270735982418,268045.48,658421.27,12,8,52.079
NS65NE_1994,1,4_5,5.63815937802,-9999.0,-9999.0,-9999.0,53.2459983826,122.902390959049,44.4828963384428,268118.59,658416.26,12,8,53.246
NS65NE_1996,1,4_5,4.98911284223,-9999.0,-9999.0,-9999.0,52.5110015869,81.5559955837227,38.1378279498682,268055.88,658412.89,20,12,52.511
NS65NE_2003,1,4_5,4.39900924288,-9999.0,-9999.0,-9999.0,52.5789985657,221.989261849797,111.561547682204,268007.58,658408.1,72,38,52.579
NS65NE_2007,1,4_5,5.78974850317,-9999.0,-9999.0,-9999.0,52.7820014954,74.1235423757951,34.7325946986308,268043.62,658398.21,12,8,52.782
NS65NE_2011,1,4_5,1.95500716041,-9999.0,-9999.0,-9999.0,53.4749984741,35.3177662502994,23.8945040615106,268004.08,658390.54,12,8,53.475
NS65NE_2014,1,4_5,4.55562231182,-9999.0,-9999.0,-9999.0,52.8860015869,128.467652727394,63.5591594568422,268032.87,658395.38,44,24,52.886
NS65NE_2015,1,4_5,5.8876081033,-9999.0,-9999.0,-9999.0,53.1279983521,139.458805284228,48.1011152726036,268072.28,658387.91,12,8,53.128
NS65NE_2018,1,4_5,5.3557245773,-9999.0,-9999.0,-9999.0,53.5019989014,167.680506795113,51.9338887774487,268089.72,658385.49,12,8,53.502
NS65NE_2022,1,4_5,5.66094328771,-9999.0,-9999.0,-9999.0,53.983001709,133.693327413835,49.0079145905237,268106.15,658381.77,20,12,53.983
NS65NE_2023,1,4_5,5.51206017637,-9999.0,-9999.0,-9999.0,54.3160018921,87.2776305941117,39.6939816283305,268119.03,658379.48,20,12,54.316
NS65NE_2024,1,4_5,4.84426380452,-9999.0,-9999.0,-9999.0,53.0390014648,204.543338456513,66.7696436022248,268020.13,658381.75,28,16,53.039
NS65NE_2028,1,4_5,1.99593976988,-9999.0,-9999.0,-9999.0,54.3759994507,36.3210663151922,25.6449205282687,268099.73,658370.06,12,8,54.376
NS65NE_2031,1,4_5,5.35561904293,-9999.0,-9999.0,-9999.0,53.408000946,132.530857842994,49.2090233889938,268057.54,658372.13,20,12,53.408
NS65NE_2035,1,4_5,4.52552303337,-9999.0,-9999.0,-9999.0,53.8079986572,177.017173972085,75.2873903266812,268052.67,658355.88,36,20,53.808
NS65NE_2038,1,4_5,4.18861382522,-9999.0,-9999.0,-9999.0,55.641998291,219.143811482378,78.9999831918261,268117.53,658356.12,44,24,55.642
NS65NE_2043,1,4_5,2.60125577902,-9999.0,-9999.0,-9999.0,55.96900177,23.0450925040941,22.5867744379185,268003.64,658340.55,8,6,55.969
NS65NE_2044,1,4_5,2.50728673,-9999.0,-9999.0,-9999.0,55.3473320007,132.679811842431,64.1808998448078,268084.47,658345.04,36,20,55.347
NS65NE_2047,1,4_5,6.63045615404,-9999.0,-9999.0,-9999.0,55.2665710449,161.912243375984,58.1571329519474,268066.07,658341.35,44,24,55.267
NS65NE_2049,1,4_5,1.91798727291,-9999.0,-9999.0,-9999.0,56.4920005798,29.9301599944222,25.5714258825693,268105.7,658336.12,8,6,56.492
NS65NE_2052,1,4_5,2.45589124079,-9999.0,-9999.0,-9999.0,56.6469993591,104.643682504601,51.918339292194,268121.23,658332.94,24,14,56.647
NS65NE_2055,1,4_5,4.28562586585,-9999.0,-9999.0,-9999.0,56.013999939,166.094240293395,61.1582125010693,268077.92,658329.55,44,24,56.014
NS65NE_2056,1,4_5,4.96856569737,-9999.0,-9999.0,-9999.0,56.263999939,145.845952921683,50.6821529309901,268095.44,658328.52,28,16,56.264
NS65NE_2057,1,4_5,5.74185020045,-9999.0,-9999.0,-9999.0,56.7630004883,64.2334895220487,32.4183584668633,268124.12,658320.84,12,8,56.763
NS65NE_2058,1,4_5,6.00196319992,-9999.0,-9999.0,-9999.0,56.5460014343,124.34968539451,47.5650991734397,268111.57,658321.19,20,12,56.546
NS65NE_2062,1,4_5,5.15175149238,-9999.0,-9999.0,-9999.0,56.3429985046,147.225116568469,56.7846479023248,268026.44,658315.44,36,20,56.343
NS65NE_2066,1,4_5,5.53595514815,-9999.0,-9999.0,-9999.0,57.1570014954,130.278608280415,46.0975372788567,268003.85,658305.55,16,10,57.157
NS65NE_2067,1,4_5,3.26098884169,-9999.0,-9999.0,-9999.0,56.783000946,33.4338600007099,23.4308876666996,268017.69,658299.86,12,8,56.783
NS65NE_2075,1,4_5,5.31328241485,-9999.0,-9999.0,-9999.0,57.0149993896,144.540746933953,54.9468220332707,268052.01,658292.42,32,18,57.015
NS65NE_2078,1,4_5,6.29660765726,-9999.0,-9999.0,-9999.0,57.3849983215,103.116870524863,40.718832438726,268039.13,658281.34,12,8,57.385
NS65NE_2083,1,4_5,6.15132394344,-9999.0,-9999.0,-9999.0,58.3069992065,61.8482282247304,32.3641849546609,268006.12,658275.77,16,10,58.307
NS65NE_2084,1,4_5,2.85993981685,-9999.0,-9999.0,-9999.0,58.1759986877,60.627070189351,33.0554361670687,268054.76,658271.41,20,12,58.176
NS65NE_2085,1,4_5,5.72698134457,-9999.0,-9999.0,-9999.0,57.8680000305,111.818854391465,46.8562079135344,268068.15,658272.06,20,12,57.868
NS65NE_2086,1,4_5,5.46065733248,-9999.0,-9999.0,-9999.0,58.0209999084,138.274422544178,53.207447713366,268028.97,658271.65,28,16,58.021
NS65NE_2268,1,4_5,5.87912788895,-9999.0,-9999.0,-9999.0,57.7340011597,190.885052354596,57.5585931145462,267978.35,658265.24,24,14,57.734
NS65NE_1494,1,4_6,2.24537396013,-9999.0,-9999.0,-9999.0,33.3170013428,57.8396400026975,30.4552736951512,267992.38,658976.02,12,8,33.317
NS65NE_1497,1,4_6,5.83191708156,-9999.0,-9999.0,-9999.0,33.5149993896,118.243273411653,43.2516468433712,267996.59,658964.0,16,10,33.515
NS65NE_1498,1,4_6,6.13470467763,-9999.0,-9999.0,-9999.0,33.158000946,121.759406742949,44.3976720775394,267986.26,658951.46,12,8,33.158
NS65NE_1500,1,4_6,6.37518754881,-9999.0,-9999.0,-9999.0,52.4430007935,77.5874136678926,47.8228877263044,267744.45,658772.71,36,20,52.443
NS65NE_1590,1,4_6,5.28840045978,-9999.0,-9999.0,-9999.0,34.6010017395,101.031393783973,42.6419103227046,268049.25,658994.31,20,12,34.601
NS65NE_1591,1,4_6,5.1873050853,-9999.0,-9999.0,-9999.0,36.1539993286,101.246941312457,41.7773888693913,268076.01,658994.16,12,8,36.154
NS65NE_1594,1,4_6,5.54065862363,-9999.0,-9999.0,-9999.0,33.4000015259,139.372671922765,53.5144337930989,268014.5,658992.78,36,20,33.4
NS65NE_1601,1,4_6,6.02803791197,-9999.0,-9999.0,-9999.0,34.5499992371,78.1897148477203,35.6272658569526,268043.01,658985.94,12,8,34.55
NS65NE_1606,1,4_6,5.81897826844,-9999.0,-9999.0,-9999.0,36.3300018311,76.9416962978362,35.3068807853357,268078.83,658979.85,12,8,36.33
NS65NE_1608,1,4_6,6.10601726798,-9999.0,-9999.0,-9999.0,33.4350013733,122.771473169451,44.7894912853319,268006.27,658978.24,16,10,33.435
NS65NE_1611,1,4_6,5.32949712118,-9999.0,-9999.0,-9999.0,34.6459999084,77.8605985880118,37.421753132665,268034.91,658969.62,20,12,34.646
NS65NE_1612,1,4_6,5.93357849121,-9999.0,-9999.0,-9999.0,38.7610015869,69.5368702484837,33.6907169674333,268121.32,658969.48,12,8,38.761
NS65NE_1614,1,4_6,3.99027522543,-9999.0,-9999.0,-9999.0,36.5573348999,185.722796547928,75.6272182674548,268083.68,658971.48,48,26,36.557
NS65NE_1615,1,4_6,5.08140387165,-9999.0,-9999.0,-9999.0,37.0909996033,113.332982046529,46.6734183461475,268098.12,658966.72,20,12,37.091
NS65NE_1621,1,4_6,5.75603938856,-9999.0,-9999.0,-9999.0,35.2890014648,120.903894495803,46.6908823298242,268045.9,658963.57,20,12,35.289
NS65NE_1627,1,4_6,5.63179946143,-9999.0,-9999.0,-9999.0,35.6679992676,124.966562061012,46.8315027340503,268060.94,658954.82,20,12,35.668
NS65NE_1630,1,4_6,5.66209844816,-9999.0,-9999.0,-9999.0,36.3740005493,121.255717911526,46.2778770937737,268076.06,658949.4,20,12,36.374
NS65NE_1632,1,4_6,5.22495250064,-9999.0,-9999.0,-9999.0,37.841999054,86.4152591637486,40.7934755643486,268088.65,658945.62,20,12,37.842
NS65NE_1635,1,4_6,5.13438685403,-9999.0,-9999.0,-9999.0,34.3909988403,86.5654670564895,37.2697162767391,268020.01,658938.64,12,8,34.391
NS65NE_1637,1,4_6,4.67517612826,-9999.0,-9999.0,-9999.0,39.0019989014,208.279698517645,99.4453010733093,268104.27,658938.52,76,40,39.002
NS65NE_1638,1,4_6,5.50545948499,-9999.0,-9999.0,-9999.0,40.5159988403,74.2872621523408,36.9362865689284,268115.53,658932.96,20,12,40.516
NS65NE_1640,1,4_6,5.75202895977,-9999.0,-9999.0,-9999.0,34.9550018311,139.402508120783,51.6431092960949,268031.7,658931.04,28,16,34.955
NS65NE_1651,1,4_6,5.07051642436,-9999.0,-9999.0,-9999.0,37.1819992065,107.885817559281,45.1661336652345,268059.42,658919.62,20,12,37.182
NS65NE_1653,1,4_6,6.0922019008,-9999.0,-9999.0,-9999.0,39.2200012207,76.0325850774935,35.0945843437175,268080.87,658913.51,12,8,39.22
NS65NE_1655,1,4_6,4.52614680884,-9999.0,-9999.0,-9999.0,35.4930000305,242.73715106224,91.8306825865713,268045.56,658917.42,52,28,35.493
NS65NE_1656,1,4_6,4.54343768932,-9999.0,-9999.0,-9999.0,38.1310005188,138.007479704424,62.0502362758943,268069.83,658913.54,36,20,38.131
NS65NE_1660,1,4_6,2.95081147151,-9999.0,-9999.0,-9999.0,37.6069984436,36.7954574977407,24.6412301721366,268057.73,658903.95,12,8,37.607
NS65NE_1661,1,4_6,5.80403116666,-9999.0,-9999.0,-9999.0,40.0130004883,99.0905946982847,42.1269668165492,268089.23,658907.55,12,8,40.013
NS65NE_1662,1,4_6,5.73718535526,-9999.0,-9999.0,-9999.0,40.9630012512,73.3750556846714,36.9238018228583,268098.89,658905.26,20,12,40.963
NS65NE_1666,1,4_6,5.79756346136,-9999.0,-9999.0,-9999.0,42.1119995117,69.9966121924229,33.9197864655313,268106.63,658899.45,12,8,42.112
NS65NE_1670,1,4_6,5.02174267956,-9999.0,-9999.0,-9999.0,42.875,84.2966983933288,36.8325313402759,268117.08,658892.62,12,8,42.875
NS65NE_1684,1,4_6,5.13424574749,-9999.0,-9999.0,-9999.0,43.4469985962,174.01996393576,57.7703796589168,268103.16,658872.95,28,16,43.447
NS65NE_1694,1,4_6,5.85573618036,-9999.0,-9999.0,-9999.0,44.438999176,139.448440498428,50.0097870260467,268094.73,658858.32,20,12,44.439
NS65NE_1704,1,4_6,2.33146486005,-9999.0,-9999.0,-9999.0,45.3829994202,28.3808625014718,23.9826626362279,268072.21,658842.6,12,8,45.383
NS65NE_1705,1,4_6,6.12395800644,-9999.0,-9999.0,-9999.0,45.2220001221,121.722255624065,45.0016870417799,268088.18,658843.93,20,12,45.222
NS65NE_1712,1,4_6,6.08493783491,-9999.0,-9999.0,-9999.0,45.3489990234,107.524777859188,44.5664377328167,268122.6,658834.13,20,12,45.349
NS65NE_1714,1,4_6,2.0716646531,-9999.0,-9999.0,-9999.0,46.8370018005,25.2337725017235,23.2610902433237,268066.91,658827.75,8,6,46.837
NS65NE_1715,1,4_6,5.79795700726,-9999.0,-9999.0,-9999.0,46.2939987183,144.553064811056,52.639809026062,268080.21,658829.26,28,16,46.294
NS65NE_1724,1,4_6,6.17791674797,-9999.0,-9999.0,-9999.0,46.4599990845,101.716953031636,40.674735813617,268116.27,658819.5,12,8,46.46
NS65NE_1729,1,4_6,5.76722454669,-9999.0,-9999.0,-9999.0,47.4109992981,136.045568432666,48.4464218924768,268072.85,658813.6,20,12,47.411
NS65NE_1730,1,4_6,5.74307012018,-9999.0,-9999.0,-9999.0,47.297000885,66.8944559511779,33.0647618504006,268108.99,658807.95,12,8,47.297
NS65NE_1738,1,4_6,5.68643010746,-9999.0,-9999.0,-9999.0,47.7680015564,66.3708348352634,33.019460812418,268102.61,658800.07,12,8,47.768
NS65NE_1740,1,4_6,5.07305045606,-9999.0,-9999.0,-9999.0,47.9780006409,149.120325464408,52.0374041352223,268063.59,658801.66,20,12,47.978
NS65NE_1750,1,4_6,5.5249768746,-9999.0,-9999.0,-9999.0,48.1049995422,152.323045714492,49.3682477464557,268098.09,658788.16,12,8,48.105
NS65NE_1752,1,4_6,5.15083764008,-9999.0,-9999.0,-9999.0,48.7249984741,139.754056253985,49.1974983230116,268056.0,658785.37,20,12,48.725
NS65NE_1756,1,4_6,2.62057038943,-9999.0,-9999.0,-9999.0,48.7319984436,65.4972975028491,38.5552145008408,268121.08,658778.62,20,12,48.732
NS65NE_1762,1,4_6,6.26549910691,-9999.0,-9999.0,-9999.0,48.7369995117,119.829157257906,44.0731929737262,268089.64,658774.12,12,8,48.737
NS65NE_1763,1,4_6,5.54697263343,-9999.0,-9999.0,-9999.0,49.0239982605,120.280688819685,44.0939793789894,268048.34,658771.82,12,8,49.024
NS65NE_1776,1,4_6,6.23155005064,-9999.0,-9999.0,-9999.0,49.3040008545,123.562809896931,44.6222594638506,268082.5,658759.22,12,8,49.304
NS65NE_1780,1,4_6,5.42398720484,-9999.0,-9999.0,-9999.0,49.2659988403,125.5449887998,47.5351682486004,268043.88,658755.07,20,12,49.266
NS65NE_1784,1,4_6,6.19990976049,-9999.0,-9999.0,-9999.0,49.9399986267,103.573565509026,41.0913239822416,268121.37,658750.33,12,8,49.94
NS65NE_2162,1,4_6,2.28685358408,-9999.0,-9999.0,-9999.0,33.7070007324,20.4307799983868,21.6849209172724,268117.18,659194.09,8,6,33.707
NS65NE_2164,1,4_6,5.58061758077,-9999.0,-9999.0,-9999.0,33.6469993591,66.7962437022937,33.1007079539284,268106.35,659185.05,12,8,33.647
NS65NE_2166,1,4_6,5.31843829203,-9999.0,-9999.0,-9999.0,33.8540000916,125.579334868281,44.9760545949957,268117.31,659179.35,12,8,33.854
NS65NE_2168,1,4_6,5.58740820465,-9999.0,-9999.0,-9999.0,33.2599983215,66.5242271787158,32.9865333325013,268082.97,659166.07,12,8,33.26
NS65NE_2171,1,4_6,6.10844167074,-9999.0,-9999.0,-9999.0,33.1870002747,125.292680439969,44.8984280266526,268074.74,659156.44,12,8,33.187
NS65NE_2174,1,4_6,5.71511640512,-9999.0,-9999.0,-9999.0,34.1220016479,65.241432412536,32.6767001404236,268104.95,659147.25,12,8,34.122
NS65NE_2176,1,4_6,5.77520811742,-9999.0,-9999.0,-9999.0,34.4249992371,117.867907506495,44.4241094523052,268117.89,659143.8,20,12,34.425
NS65NE_2177,1,4_6,5.54855358302,-9999.0,-9999.0,-9999.0,33.1669998169,142.114211249691,50.9376168729496,268065.35,659142.36,20,12,33.167
NS65NE_2181,1,4_6,5.58757650657,-9999.0,-9999.0,-9999.0,33.1839981079,142.153669514271,50.7943008339649,268057.16,659129.89,20,12,33.184
NS65NE_2182,1,4_6,5.42385293561,-9999.0,-9999.0,-9999.0,33.952999115,133.236298490182,47.4652237274077,268093.31,659129.58,20,12,33.953
NS65NE_2185,1,4_6,2.06282254119,-9999.0,-9999.0,-9999.0,35.5660018921,37.6332150042352,25.1856347336846,268116.75,659121.9,12,8,35.566
NS65NE_2186,1,4_6,2.16924153841,-9999.0,-9999.0,-9999.0,34.3554992676,23.1717187495669,22.9250405155493,268097.89,659118.82,8,6,34.355
NS65NE_2189,1,4_6,2.31567267849,-9999.0,-9999.0,-9999.0,33.2420005798,21.2131799954029,21.173392946193,268034.91,659111.7,8,6,33.242
NS65NE_2190,1,4_6,5.5535272549,-9999.0,-9999.0,-9999.0,33.1549987793,146.595456883494,50.6565655132622,268048.37,659114.69,28,16,33.155
NS65NE_2192,1,4_6,5.18661512647,-9999.0,-9999.0,-9999.0,34.6180000305,96.5516088610576,41.5012538729242,268103.97,659110.12,20,12,34.618
NS65NE_2193,1,4_6,5.80016173543,-9999.0,-9999.0,-9999.0,35.5,75.217676718411,34.9080081750425,268118.25,659110.03,12,8,35.5
NS65NE_2195,1,4_6,5.65370740235,-9999.0,-9999.0,-9999.0,33.9739990234,170.435554235458,73.2064143395164,268087.17,659107.99,44,24,33.974
NS65NE_2197,1,4_6,5.27765486566,-9999.0,-9999.0,-9999.0,33.2089996338,92.3085123510587,42.2758803909321,268044.08,659102.61,20,12,33.209
NS65NE_2200,1,4_6,5.81684600123,-9999.0,-9999.0,-9999.0,33.4490013123,78.2938219140413,35.624447213848,268041.7,659091.3,12,8,33.449
NS65NE_2202,1,4_6,5.66171261083,-9999.0,-9999.0,-9999.0,33.6710014343,82.2029491001083,36.6224851121231,268038.82,659080.69,12,8,33.671
NS65NE_2207,1,4_6,6.20254676155,-9999.0,-9999.0,-9999.0,34.3310012817,120.902201879777,44.2245099610564,268075.61,659075.92,12,8,34.331
NS65NE_2208,1,4_6,6.44355093208,-9999.0,-9999.0,-9999.0,36.1790008545,102.150775296963,40.7760387165877,268124.14,659074.14,12,8,36.179
NS65NE_2210,1,4_6,5.78220513473,-9999.0,-9999.0,-9999.0,33.827999115,76.5942579540903,35.1704630377965,268037.08,659069.61,12,8,33.828
NS65NE_2215,1,4_6,5.37511068115,-9999.0,-9999.0,-9999.0,35.0629997253,165.820224929922,51.6398114216003,268096.03,659066.38,12,8,35.063
NS65NE_2216,1,4_6,4.61513398871,-9999.0,-9999.0,-9999.0,34.4370002747,214.409675090992,76.2919139716517,268072.97,659059.98,44,24,34.437
NS65NE_2218,1,4_6,2.35236571176,-9999.0,-9999.0,-9999.0,34.1459999084,36.827880001374,24.5386599803136,268021.31,659053.65,12,8,34.146
NS65NE_2219,1,4_6,5.36384180492,-9999.0,-9999.0,-9999.0,34.0800018311,131.887831652236,46.023522156317,268034.38,659056.41,12,8,34.08
NS65NE_2223,1,4_6,5.8026078808,-9999.0,-9999.0,-9999.0,35.811000824,67.1341448371917,33.1090900083282,268093.99,659045.74,12,8,35.811
NS65NE_2227,1,4_6,6.06149710127,-9999.0,-9999.0,-9999.0,34.6329994202,123.632980311058,46.7762693905986,268065.35,659043.97,20,12,34.633
NS65NE_2228,1,4_6,5.71034275684,-9999.0,-9999.0,-9999.0,36.5979995728,127.648113736936,49.8544678841841,268123.59,659041.16,28,16,36.598
NS65NE_2229,1,4_6,5.42993965149,-9999.0,-9999.0,-9999.0,34.1139984131,128.226385793204,45.4238409654678,268031.26,659039.31,12,8,34.114
NS65NE_2234,1,4_6,5.50358644039,-9999.0,-9999.0,-9999.0,35.5830001831,120.447363709214,44.1673871046063,268091.48,659032.84,12,8,35.583
NS65NE_2236,1,4_6,6.19996905176,-9999.0,-9999.0,-9999.0,34.8190002441,120.81720509205,44.1886796672101,268062.25,659027.32,12,8,34.819
NS65NE_2237,1,4_6,6.26539925194,-9999.0,-9999.0,-9999.0,36.7410011292,129.735172988187,45.6439495493162,268123.19,659024.49,12,8,36.741
NS65NE_2241,1,4_6,5.34882597559,-9999.0,-9999.0,-9999.0,33.8460006714,131.91121856286,46.011425470732,268027.33,659022.71,12,8,33.846
NS65NE_2243,1,4_6,5.45233663685,-9999.0,-9999.0,-9999.0,34.8100013733,86.2783570203722,39.5168701279998,268058.64,659015.22,20,12,34.81
NS65NE_2246,1,4_6,2.52113433251,-9999.0,-9999.0,-9999.0,33.1310005188,37.5746737459301,28.2448248334246,268003.58,659006.29,8,6,33.131
NS65NE_2247,1,4_6,5.55801248252,-9999.0,-9999.0,-9999.0,33.5540008545,121.625642550038,44.2451286868469,268021.59,659007.04,12,8,33.554
NS65NE_2248,1,4_6,5.83969328777,-9999.0,-9999.0,-9999.0,34.6189994812,84.0283896455593,38.8438700978209,268052.94,659005.5,20,12,34.619
NS65NE_2249,1,4_6,5.29916011903,-9999.0,-9999.0,-9999.0,35.9599990845,268.582004434726,77.8856511331552,268086.27,659010.39,44,24,35.96
NS65NE_2250,1,4_6,6.43105480235,-9999.0,-9999.0,-9999.0,37.3100013733,119.730051860248,44.1345363804243,268123.87,659006.25,12,8,37.31
NS65NE_1569,1,4_7,6.18308996054,-9999.0,-9999.0,-9999.0,43.077999115,133.112520543723,46.506573492731,267960.08,659719.2,12,8,43.078
NS65NE_1570,1,4_7,5.97531754956,-9999.0,-9999.0,-9999.0,43.047000885,167.733155095154,56.6380788179924,267948.81,659707.09,20,12,43.047
NS65NE_1571,1,4_7,5.88546351685,-9999.0,-9999.0,-9999.0,42.5769996643,155.327470380525,53.3894138645249,267975.57,659704.59,20,12,42.577
NS65NE_1572,1,4_7,5.75365045093,-9999.0,-9999.0,-9999.0,42.2039985657,254.637363429834,73.0495636578312,267993.74,659687.46,28,16,42.204
NS65NE_1573,1,4_7,5.55874760556,-9999.0,-9999.0,-9999.0,44.0929985046,171.729867776362,55.7454919219264,267936.28,659678.73,20,12,44.093
NS65NE_1574,1,4_7,6.09789660188,-9999.0,-9999.0,-9999.0,44.0709991455,264.980787269291,92.8120710043816,267909.13,659662.3,40,22,44.071
NS65NE_1575,1,4_7,3.48094841178,-9999.0,-9999.0,-9999.0,44.3899993896,169.970335049735,73.2759589913092,267972.71,659655.33,28,16,44.39
NS65NE_1576,1,4_7,6.52525997677,-9999.0,-9999.0,-9999.0,44.6520004272,98.4350125117015,41.0369656836832,267919.01,659647.97,20,12,44.652
NS65NE_1577,1,4_7,5.97664991973,-9999.0,-9999.0,-9999.0,44.6710014343,198.980009416399,63.0620539969407,267961.41,659644.81,20,12,44.671
NS65NE_1578,1,4_7,5.21702638192,-9999.0,-9999.0,-9999.0,44.8050003052,297.11617299196,104.836613410613,267932.63,659632.53,68,36,44.805
NS65NE_1579,1,4_7,4.32257690369,-9999.0,-9999.0,-9999.0,44.5369987488,324.450529752763,117.934066472479,267987.27,659630.84,56,30,44.537
NS65NE_1580,1,4_7,5.35443256238,-9999.0,-9999.0,-9999.0,45.4790000916,333.769146457792,96.3557582935372,267961.56,659617.13,52,28,45.479
NS65NE_1581,1,4_7,3.21574934236,-9999.0,-9999.0,-9999.0,45.6910018921,48.8581933567245,27.9723289954085,267996.75,659579.94,12,8,45.691
NS65NE_1582,1,4_7,5.19945901063,-9999.0,-9999.0,-9999.0,45.5719985962,474.753858510901,134.568531039982,267974.07,659584.59,60,32,45.572
NS65NE_1583,1,4_7,2.64732662761,-9999.0,-9999.0,-9999.0,45.8499984741,58.0607091260923,33.0903989972794,267995.91,659569.27,20,12,45.85
NS65NE_1584,1,4_7,3.16576070693,-9999.0,-9999.0,-9999.0,29.2099990845,28.8645000021211,22.4958585445249,267839.36,659546.02,12,8,29.21
NS65NE_1585,1,4_7,6.07491074839,-9999.0,-9999.0,-9999.0,46.172000885,246.846811448813,72.1779379322811,267992.85,659551.11,28,16,46.172
NS65NE_1586,1,4_7,10.1052282949,-9999.0,-9999.0,-9999.0,28.4270000458,869.496334697829,151.548880169141,267847.97,659519.73,76,38,28.427
NS65NE_2132,1,4_7,3.43647606968,-9999.0,-9999.0,-9999.0,44.7010002136,126.402163748641,44.9850137972824,268011.28,659605.54,12,8,44.701
NS65NE_2133,1,4_7,2.29608525728,-9999.0,-9999.0,-9999.0,43.4179992676,30.7742250026071,23.878198737507,268080.16,659594.17,12,8,43.418
NS65NE_2134,1,4_7,4.39340528064,-9999.0,-9999.0,-9999.0,44.6160011292,239.534069772311,88.5036747410902,268008.94,659591.25,52,28,44.616
NS65NE_2135,1,4_7,5.51558755096,-9999.0,-9999.0,-9999.0,42.4430007935,1455.1106533585,452.74650869299,268039.77,659628.13,320,162,42.443
NS65NE_2136,1,4_7,3.48667571051,-9999.0,-9999.0,-9999.0,44.4399986267,156.659469977549,51.4259364710158,268031.09,659583.17,20,12,44.44
NS65NE_2137,1,4_7,6.08973773201,-9999.0,-9999.0,-9999.0,44.6949996948,102.290708803154,40.4559655538159,268021.92,659573.02,12,8,44.695
NS65NE_2138,1,4_7,5.16623339934,-9999.0,-9999.0,-9999.0,45.2449989319,132.232551969289,50.9483414009185,268011.52,659568.96,20,12,45.245
NS65NE_2139,1,4_7,5.29931858953,-9999.0,-9999.0,-9999.0,43.8400001526,403.053102479307,125.328301534938,268075.18,659556.26,68,36,43.84
NS65NE_2140,1,4_7,5.47208126654,-9999.0,-9999.0,-9999.0,44.187538147,138.484327353859,47.4950850521502,268052.72,659547.6,12,8,44.188
NS65NE_2141,1,4_7,5.53688434371,-9999.0,-9999.0,-9999.0,44.797000885,137.670796114674,47.3274248888898,268079.71,659532.54,12,8,44.797
NS65NE_2142,1,4_7,4.16565309888,-9999.0,-9999.0,-9999.0,44.6669998169,328.850878221544,118.374908142332,268042.59,659528.93,52,28,44.667
NS65NE_2143,1,4_7,5.60219009629,-9999.0,-9999.0,-9999.0,44.8069992065,404.947591419695,111.689538219023,268062.95,659514.99,60,32,44.807
NS65NE_2144,1,4_7,5.38324820044,-9999.0,-9999.0,-9999.0,44.6069984436,1205.37501522226,369.545047154018,268117.24,659503.79,264,134,44.607
NS65NE_2145,1,4_7,5.26642087001,-9999.0,-9999.0,-9999.0,45.5950012207,1510.52902059906,433.422313551515,268044.42,659493.67,256,132,45.595
NS65NE_2147,1,4_7,5.56462542701,-9999.0,-9999.0,-9999.0,45.8759994507,134.20352558904,46.7126533419157,268099.6,659451.82,12,8,45.876
NS65NE_2150,1,4_7,5.78902802632,-9999.0,-9999.0,-9999.0,45.9840011597,624.946920888372,179.544033596009,268123.41,659419.69,116,60,45.984
NS65NE_2123,1,5_4,5.31298504768,-9999.0,-9999.0,-9999.0,60.9799995422,239.070546397163,75.056235485526,268394.7,658118.09,20,12,60.98
NS65NE_2124,1,5_4,6.46701700409,-9999.0,-9999.0,-9999.0,60.4799995422,205.365496452143,67.0856589425366,268422.58,658116.3,12,8,60.48
NS65NE_1785,1,5_5,4.90917814415,-9999.0,-9999.0,-9999.0,49.90599823,167.41179581131,57.707417983721,268160.44,658749.24,20,12,49.906
NS65NE_1786,1,5_5,5.53107263004,-9999.0,-9999.0,-9999.0,48.7659988403,111.725298609969,42.2938373789607,268376.05,658747.8,12,8,48.766
NS65NE_1788,1,5_5,5.47011056225,-9999.0,-9999.0,-9999.0,50.1360015869,151.260943977974,49.2140218134008,268198.64,658743.66,12,8,50.136
NS65NE_1789,1,5_5,6.43036929593,-9999.0,-9999.0,-9999.0,48.9119987488,130.041803036967,45.8344566453789,268389.6,658742.57,12,8,48.912
NS65NE_1790,1,5_5,2.05977188669,-9999.0,-9999.0,-9999.0,50.2229995728,23.8343062504811,22.4774218199034,268187.54,658737.26,8,6,50.223
NS65NE_1791,1,5_5,6.02508360284,-9999.0,-9999.0,-9999.0,49.7700004578,111.417508526822,42.2219318099195,268462.64,658742.1,12,8,49.77
NS65NE_1793,1,5_5,5.41535141594,-9999.0,-9999.0,-9999.0,50.9109992981,137.26000947553,50.9112972522916,268526.62,658741.75,20,12,50.911
NS65NE_1794,1,5_5,5.84052720945,-9999.0,-9999.0,-9999.0,50.34400177,145.911865367364,49.9698142548016,268214.86,658738.23,20,12,50.344
NS65NE_1795,1,5_5,5.96478048071,-9999.0,-9999.0,-9999.0,49.0400009155,148.506914465803,52.1902623476465,268406.28,658737.9,20,12,49.04
NS65NE_1796,1,5_5,5.87120586754,-9999.0,-9999.0,-9999.0,50.2620010376,216.160239392779,78.3549170298861,268494.97,658737.1,36,20,50.262
NS65NE_1797,1,5_5,2.13754551385,-9999.0,-9999.0,-9999.0,51.0050010681,28.1698012447272,24.2859765288238,268180.27,658732.76,8,6,51.005
NS65NE_1798,1,5_5,5.46001224604,-9999.0,-9999.0,-9999.0,49.4550018311,237.545652453749,65.6598824849506,268315.16,658741.44,28,16,49.455
NS65NE_1799,1,5_5,6.06960158315,-9999.0,-9999.0,-9999.0,49.3230018616,109.814072849415,41.9206077068613,268420.35,658733.32,12,8,49.323
NS65NE_1800,1,5_5,5.43896244418,-9999.0,-9999.0,-9999.0,49.8149986267,112.125094759695,43.1356145957301,268450.43,658732.26,24,14,49.815
NS65NE_1801,1,5_5,5.41279724778,-9999.0,-9999.0,-9999.0,50.5509986877,127.484827243903,45.3301156886066,268152.3,658733.44,12,8,50.551
NS65NE_1803,1,5_5,6.4420585247,-9999.0,-9999.0,-9999.0,49.5929985046,128.961881204512,45.6336312521781,268434.98,658731.09,12,8,49.593
NS65NE_1804,1,5_5,1.80663634635,-9999.0,-9999.0,-9999.0,51.388999939,20.8366499986494,21.4228687362278,268193.43,658726.65,8,6,51.389
NS65NE_1807,1,5_5,6.14029966427,-9999.0,-9999.0,-9999.0,50.8180007935,120.017201498711,44.0410687902572,268227.86,658728.79,12,8,50.818
NS65NE_1808,1,5_5,5.94957630286,-9999.0,-9999.0,-9999.0,50.8829994202,112.696719819212,45.0165974561982,268533.09,658728.09,28,16,50.883
NS65NE_1809,1,5_5,5.59043743317,-9999.0,-9999.0,-9999.0,49.111000061,125.166831484265,46.7689175542057,268332.02,658726.73,20,12,49.111
NS65NE_1811,1,5_5,5.70372203666,-9999.0,-9999.0,-9999.0,51.1520004272,69.6674738490215,33.5923864665623,268169.46,658723.54,12,8,51.152
NS65NE_1812,1,5_5,5.57802737234,-9999.0,-9999.0,-9999.0,48.9379997253,109.898937722245,41.9536369427008,268343.08,658723.87,12,8,48.938
NS65NE_1813,1,5_5,5.61896004264,-9999.0,-9999.0,-9999.0,49.6160011292,131.070441161893,50.4506315768753,268309.57,658724.62,28,16,49.616
NS65NE_1815,1,5_5,5.30935142082,-9999.0,-9999.0,-9999.0,51.2929992676,133.863249288048,48.5254192247185,268181.33,658718.25,28,16,51.293
NS65NE_1817,1,5_5,5.44263866887,-9999.0,-9999.0,-9999.0,50.9889984131,173.989070394969,57.4912947572928,268244.69,658718.7,28,16,50.989
NS65NE_1818,1,5_5,6.00337606822,-9999.0,-9999.0,-9999.0,48.9900016785,292.252766552289,100.658879525103,268365.4,658718.89,52,28,48.99
NS65NE_1821,1,5_5,5.96550781008,-9999.0,-9999.0,-9999.0,49.2739982605,112.318298583911,42.3977493735993,268386.88,658710.41,12,8,49.274
NS65NE_1822,1,5_5,4.56118280132,-9999.0,-9999.0,-9999.0,51.5379981995,166.689456573338,69.62596656843,268200.68,658710.96,28,16,51.538
NS65NE_1823,1,5_5,5.85951143661,-9999.0,-9999.0,-9999.0,50.65599823,67.5954485308904,33.1909756983171,268132.74,658707.86,12,8,50.656
NS65NE_1824,1,5_5,5.99094459246,-9999.0,-9999.0,-9999.0,51.1409988403,107.742858117733,41.6374009182334,268544.77,658708.71,12,8,51.141
NS65NE_1825,1,5_5,5.56144175639,-9999.0,-9999.0,-9999.0,49.3909988403,133.619058015266,49.2809221336813,268397.66,658705.9,20,12,49.391
NS65NE_1826,1,5_5,6.23991960401,-9999.0,-9999.0,-9999.0,49.6590003967,135.504897271069,48.2276676593466,268413.16,658702.81,28,16,49.659
NS65NE_1827,1,5_5,5.63783669896,-9999.0,-9999.0,-9999.0,50.7389984131,100.487048810535,40.1353269588543,268519.13,658702.07,12,8,50.739
NS65NE_1828,1,5_5,5.9793477258,-9999.0,-9999.0,-9999.0,49.7620010376,110.775011035041,42.162992362066,268427.02,658700.81,12,8,49.762
NS65NE_1829,1,5_5,6.46452981686,-9999.0,-9999.0,-9999.0,50.0019989014,125.174493243068,44.9925984594675,268452.8,658700.49,12,8,50.002
NS65NE_1830,1,5_5,6.02080443935,-9999.0,-9999.0,-9999.0,50.96900177,105.635605408517,41.1245099026425,268530.95,658700.27,12,8,50.969
NS65NE_1831,1,5_5,5.23955734819,-9999.0,-9999.0,-9999.0,51.4039993286,130.914830638945,49.5361673460417,268211.37,658701.88,28,16,51.404
NS65NE_1832,1,5_5,6.1349044116,-9999.0,-9999.0,-9999.0,49.7869987488,108.401353133144,41.8335173700311,268438.77,658700.42,12,8,49.787
NS65NE_1833,1,5_5,5.63883791397,-9999.0,-9999.0,-9999.0,51.1689987183,69.3199220304892,33.681529099483,268149.22,658699.24,12,8,51.169
NS65NE_1834,1,5_5,5.45345960513,-9999.0,-9999.0,-9999.0,50.2719993591,350.388947011651,111.225879008131,268496.2,658699.96,52,28,50.272
NS65NE_1835,1,5_5,6.34128324677,-9999.0,-9999.0,-9999.0,50.0149993896,152.322023839134,51.5134731752659,268470.05,658699.38,20,12,50.015
NS65NE_1838,1,5_5,5.69117438336,-9999.0,-9999.0,-9999.0,51.2309989929,144.305184444151,51.0951289385568,268161.34,658693.51,28,16,51.231
NS65NE_1839,1,5_5,4.99789494411,-9999.0,-9999.0,-9999.0,50.7719993591,194.798117885907,69.401837724547,268125.22,658695.14,36,20,50.772
NS65NE_1841,1,5_5,4.40839392922,-9999.0,-9999.0,-9999.0,51.016998291,319.42838514547,137.544191068627,268230.84,658697.95,100,52,51.017
NS65NE_1842,1,5_5,6.11735409648,-9999.0,-9999.0,-9999.0,51.4640007019,120.499454422389,44.1964868145531,268174.38,658685.17,12,8,51.464
NS65NE_1845,1,5_5,2.14769310584,-9999.0,-9999.0,-9999.0,51.3619995117,34.0350937497569,23.7079482539298,268136.38,658676.66,12,8,51.362
NS65NE_1846,1,5_5,5.70967593532,-9999.0,-9999.0,-9999.0,51.3359985352,66.973627518586,33.1251153155654,268185.83,658677.15,12,8,51.336
NS65NE_1848,1,5_5,2.17243674596,-9999.0,-9999.0,-9999.0,51.4990005493,34.4621281774167,25.7349856345269,268150.11,658667.83,12,8,51.499
NS65NE_1849,1,5_5,5.58589741656,-9999.0,-9999.0,-9999.0,51.2700004578,66.7056089090988,33.0421784111647,268193.37,658670.44,12,8,51.27
NS65NE_1850,1,5_5,6.28432440758,-9999.0,-9999.0,-9999.0,51.2900009155,100.786723363658,40.4679606477522,268135.84,658664.55,12,8,51.29
NS65NE_1853,1,5_5,5.87469101721,-9999.0,-9999.0,-9999.0,51.5760002136,125.430779611003,47.0007374043872,268225.24,658657.22,20,12,51.576
NS65NE_1854,1,5_5,4.6989028538,-9999.0,-9999.0,-9999.0,51.2470016479,181.927345173466,86.5512288674392,268156.1,658657.58,52,28,51.247
NS65NE_1855,1,5_5,5.50456081118,-9999.0,-9999.0,-9999.0,51.2709999084,73.7730217887943,34.5673250226029,268161.07,658648.14,12,8,51.271
NS65NE_1857,1,5_5,6.08999676357,-9999.0,-9999.0,-9999.0,51.5680007935,120.629060702041,44.2972808315363,268217.94,658643.17,12,8,51.568
NS65NE_1860,1,5_5,2.0684337616,-9999.0,-9999.0,-9999.0,52.0079994202,20.8885049991463,19.414364084128,268199.75,658630.57,12,8,52.008
NS65NE_1861,1,5_5,6.02531918612,-9999.0,-9999.0,-9999.0,51.7560005188,78.2254562513842,35.7877584188598,268212.06,658632.13,12,8,51.756
NS65NE_1862,1,5_5,5.4114245992,-9999.0,-9999.0,-9999.0,51.2599983215,77.4900848589727,37.7292242198836,268157.06,658630.05,20,12,51.26
NS65NE_1864,1,5_5,5.60523883418,-9999.0,-9999.0,-9999.0,51.9070014954,100.717739996098,41.1395334433434,268206.66,658622.44,20,12,51.907
NS65NE_1865,1,5_5,2.24985571787,-9999.0,-9999.0,-9999.0,51.771648407,37.6818449926907,24.7280657185759,268168.9,658616.92,12,8,51.772
NS65NE_1867,1,5_5,5.94357131889,-9999.0,-9999.0,-9999.0,51.186000824,113.051455743751,45.6824334848177,268154.05,658617.45,20,12,51.186
NS65NE_1868,1,5_5,4.54952430725,-9999.0,-9999.0,-9999.0,52.1360015869,121.072953936493,48.5654590667636,268198.97,658609.8,20,12,52.136
NS65NE_1869,1,5_5,2.67668093168,-9999.0,-9999.0,-9999.0,51.6059989929,38.7761362516265,25.1541999481652,268162.58,658605.26,12,8,51.606
NS65NE_1872,1,5_5,5.34240384397,-9999.0,-9999.0,-9999.0,50.5699996948,147.113534689401,57.3664723077208,268147.51,658603.88,36,20,50.57
NS65NE_1873,1,5_5,6.54267401643,-9999.0,-9999.0,-9999.0,52.1319999695,231.151463603715,68.9007507372653,268263.81,658604.61,12,8,52.132
NS65NE_1874,1,5_5,6.25284409523,-9999.0,-9999.0,-9999.0,52.4319992065,101.378039028228,40.6718761100591,268198.38,658595.87,12,8,52.432
NS65NE_1877,1,5_5,5.60252554125,-9999.0,-9999.0,-9999.0,50.3880004883,123.443021235261,44.5771702086805,268140.02,658590.82,12,8,50.388
NS65NE_1878,1,5_5,6.90333386193,-9999.0,-9999.0,-9999.0,52.3959999084,248.861686645329,75.0683799367536,268241.94,658593.0,12,8,52.396
NS65NE_1880,1,5_5,2.95676510743,-9999.0,-9999.0,-9999.0,51.1819992065,28.9489574969132,25.1013924799889,268151.34,658579.99,8,6,51.182
NS65NE_1881,1,5_5,5.16417381163,-9999.0,-9999.0,-9999.0,52.7249984741,171.641983847306,52.4084100228794,268191.15,658582.37,12,8,52.725
NS65NE_1883,1,5_5,5.026449333,-9999.0,-9999.0,-9999.0,49.7919998169,87.1852703973982,37.7875712451505,268130.99,658576.76,12,8,49.792
NS65NE_1885,1,5_5,6.82082146205,-9999.0,-9999.0,-9999.0,52.4580001831,224.741608117318,67.9117180262028,268276.33,658580.14,12,8,52.458
NS65NE_1886,1,5_5,6.42062476937,-9999.0,-9999.0,-9999.0,52.7840003967,167.174678812473,58.8490621549263,268310.2,658573.65,28,16,52.784
NS65NE_1887,1,5_5,2.37586350039,-9999.0,-9999.0,-9999.0,50.077999115,22.3013700005876,20.4840261682476,268138.05,658568.25,12,8,50.078
NS65NE_1890,1,5_5,6.6493668436,-9999.0,-9999.0,-9999.0,51.7949981689,786.533641958896,130.788708490039,268374.17,658582.84,28,16,51.795
NS65NE_1891,1,5_5,2.4521080193,-9999.0,-9999.0,-9999.0,51.5110015869,125.198512502734,48.3902485638239,268160.89,658564.99,28,16,51.511
NS65NE_1892,1,5_5,6.18070540641,-9999.0,-9999.0,-9999.0,53.2630004883,126.188700831148,46.0813084647793,268188.13,658564.54,12,8,53.263
NS65NE_1893,1,5_5,2.05562217281,-9999.0,-9999.0,-9999.0,52.4939994812,43.6961662578271,29.6661001001915,268171.65,658557.9,12,8,52.494
NS65NE_1894,1,5_5,6.08935329,-9999.0,-9999.0,-9999.0,50.908000946,127.919916512676,48.7435749151626,268147.8,658558.9,28,16,50.908
NS65NE_1897,1,5_5,6.68899239917,-9999.0,-9999.0,-9999.0,53.111000061,224.955344129262,70.5392082564468,268333.99,658558.41,28,16,53.111
NS65NE_1898,1,5_5,6.16442371246,-9999.0,-9999.0,-9999.0,51.6160011292,393.126234778993,112.447280160607,268488.62,658551.03,28,16,51.616
NS65NE_1899,1,5_5,6.22750152078,-9999.0,-9999.0,-9999.0,51.9230003357,122.12806133303,44.5193954078691,268161.83,658548.21,12,8,51.923
NS65NE_1901,1,5_5,6.22454690526,-9999.0,-9999.0,-9999.0,52.8730010986,119.270885331552,44.0646698458282,268178.49,658546.27,12,8,52.873
NS65NE_1904,1,5_5,6.81698166583,-9999.0,-9999.0,-9999.0,53.1710014343,222.846163130391,67.637924573774,268298.85,658550.92,12,8,53.171
NS65NE_1905,1,5_5,6.49431027697,-9999.0,-9999.0,-9999.0,53.0200004578,370.106465532517,101.847010437818,268231.34,658557.37,20,12,53.02
NS65NE_1906,1,5_5,6.69727587991,-9999.0,-9999.0,-9999.0,51.5400009155,208.239903002722,67.7017759313975,268449.03,658544.91,12,8,51.54
NS65NE_1907,1,5_5,2.2795730167,-9999.0,-9999.0,-9999.0,54.8523330688,22.3760474981716,19.7715935632529,268243.66,658538.7,12,8,54.852
NS65NE_1910,1,5_5,6.90744394942,-9999.0,-9999.0,-9999.0,53.09400177,342.976438321428,92.9197147256466,268267.16,658546.52,12,8,53.094
NS65NE_1912,1,5_5,6.59226424039,-9999.0,-9999.0,-9999.0,52.0019989014,218.51371253901,68.3889816918061,268561.99,658533.32,20,12,52.002
NS65NE_1913,1,5_5,5.61272425691,-9999.0,-9999.0,-9999.0,51.8590011597,125.737187469161,44.9343316440236,268139.03,658527.45,12,8,51.859
NS65NE_1915,1,5_5,6.61561477649,-9999.0,-9999.0,-9999.0,51.6049995422,325.009108986929,94.8603311281497,268415.52,658529.84,20,12,51.605
NS65NE_1918,1,5_5,6.96631092527,-9999.0,-9999.0,-9999.0,53.3470001221,347.012416443892,95.9881465122695,268352.45,658527.79,28,16,53.347
NS65NE_1920,1,5_5,5.21475014584,-9999.0,-9999.0,-9999.0,52.6170005798,147.070487883471,49.5294751012684,268153.76,658516.05,20,12,52.617
NS65NE_1921,1,5_5,6.79742424783,-9999.0,-9999.0,-9999.0,54.6430015564,224.573885694295,67.7284133557641,268290.23,658519.5,12,8,54.643
NS65NE_1922,1,5_5,6.68616464245,-9999.0,-9999.0,-9999.0,52.6367759705,204.453757574204,67.2388046084351,268587.49,658516.24,12,8,52.637
NS65NE_1924,1,5_5,5.67472839355,-9999.0,-9999.0,-9999.0,52.6189994812,339.753378723947,100.90141912123,268506.79,658523.34,12,8,52.619
NS65NE_1925,1,5_5,5.51711012064,-9999.0,-9999.0,-9999.0,53.3190002441,123.914639215734,44.7320819293327,268167.41,658506.75,12,8,53.319
NS65NE_1926,1,5_5,6.85951387513,-9999.0,-9999.0,-9999.0,54.9550018311,333.701333579414,92.4338879365976,268220.16,658519.48,12,8,54.955
NS65NE_1928,1,5_5,2.4152862854,-9999.0,-9999.0,-9999.0,53.5209999084,32.7873524961898,23.1086731522561,268429.75,658501.12,12,8,53.521
NS65NE_1929,1,5_5,5.83953607357,-9999.0,-9999.0,-9999.0,52.4430007935,341.972120598021,100.734246607363,268534.98,658519.44,12,8,52.443
NS65NE_1932,1,5_5,6.8240788919,-9999.0,-9999.0,-9999.0,53.516998291,205.149811101254,67.2500943673267,268475.62,658499.87,12,8,53.517
NS65NE_1933,1,5_5,6.77600770538,-9999.0,-9999.0,-9999.0,56.141998291,229.630429061244,68.321816539026,268307.16,658498.76,12,8,56.142
NS65NE_1935,1,5_5,6.7429909888,-9999.0,-9999.0,-9999.0,55.2000007629,349.662438360798,93.301258846837,268256.87,658507.57,12,8,55.2
NS65NE_1938,1,5_5,6.66373665019,-9999.0,-9999.0,-9999.0,55.0439987183,226.249453834253,68.3295158716832,268371.99,658497.6,12,8,55.044
NS65NE_1939,1,5_5,5.21991251871,-9999.0,-9999.0,-9999.0,53.8520011902,170.95528274927,68.9274307727471,268137.02,658488.53,36,20,53.852
NS65NE_1940,1,5_5,6.03701225972,-9999.0,-9999.0,-9999.0,54.6500015259,148.000355864505,51.3752029854244,268152.34,658483.39,20,12,54.65
NS65NE_1941,1,5_5,6.60333623783,-9999.0,-9999.0,-9999.0,53.9710006714,210.793614553392,68.0558354127851,268551.59,658486.97,12,8,53.971
NS65NE_1942,1,5_5,1.99343852407,-9999.0,-9999.0,-9999.0,55.5110015869,28.185929998222,24.9282604111248,268377.92,658477.8,8,6,55.511
NS65NE_1944,1,5_5,6.40057110402,-9999.0,-9999.0,-9999.0,53.8269996643,245.063392314098,74.5163485928221,268444.51,658485.11,12,8,53.827
NS65NE_1945,1,5_5,5.13916134889,-9999.0,-9999.0,-9999.0,55.0,110.611154672085,42.1743778415392,268166.27,658479.28,12,8,55.0
NS65NE_1946,1,5_5,5.906707964,-9999.0,-9999.0,-9999.0,52.9780006409,341.366494245192,100.95830683233,268411.97,658493.17,12,8,52.978
NS65NE_1947,1,5_5,7.01715774905,-9999.0,-9999.0,-9999.0,51.533000946,270.948915398971,90.2869182396503,268610.78,658489.66,20,12,51.533
NS65NE_1951,1,5_5,6.51583383083,-9999.0,-9999.0,-9999.0,54.0730018616,326.995083761855,97.9630510810457,268509.18,658470.45,20,12,54.073
NS65NE_1952,1,5_5,6.76780787439,-9999.0,-9999.0,-9999.0,57.3160018921,226.309964945578,67.897426504597,268322.56,658476.34,12,8,57.316
NS65NE_1954,1,5_5,6.83943032933,-9999.0,-9999.0,-9999.0,55.1619987488,337.230566321946,92.3767350791722,268208.61,658480.57,12,8,55.162
NS65NE_1956,1,5_5,6.79997107612,-9999.0,-9999.0,-9999.0,57.1199989319,229.075223337775,68.4920814535208,268297.29,658465.39,12,8,57.12
NS65NE_1958,1,5_5,6.16008274508,-9999.0,-9999.0,-9999.0,55.4560012817,248.659120715385,77.0174164851277,268366.7,658466.7,28,16,55.456
NS65NE_1959,1,5_5,6.34910281442,-9999.0,-9999.0,-9999.0,54.5509986877,210.669047923115,67.6765665761882,268575.4,658466.46,12,8,54.551
NS65NE_1961,1,5_5,6.78791314679,-9999.0,-9999.0,-9999.0,56.4000015259,338.139992216785,92.5103346633987,268247.03,658468.97,12,8,56.4
NS65NE_1962,1,5_5,6.71310779467,-9999.0,-9999.0,-9999.0,54.1771659851,317.128252864007,94.1702231439837,268464.51,658462.41,12,8,54.177
NS65NE_1966,1,5_5,2.12921659214,-9999.0,-9999.0,-9999.0,55.1459999084,37.3336779539521,29.5755423899645,268492.78,658450.11,20,12,55.146
NS65NE_1967,1,5_5,6.56901876465,-9999.0,-9999.0,-9999.0,56.9179992676,222.551800601111,67.5027142892357,268272.0,658457.21,12,8,56.918
NS65NE_1968,1,5_5,6.26053110902,-9999.0,-9999.0,-9999.0,56.8530006409,226.357722756797,73.8925634422396,268222.68,658449.78,20,12,56.853
NS65NE_1969,1,5_5,6.51544894061,-9999.0,-9999.0,-9999.0,54.4480018616,209.198534560539,67.5987553316721,268544.16,658454.42,12,8,54.448
NS65NE_1970,1,5_5,2.14722410455,-9999.0,-9999.0,-9999.0,55.2034454346,26.2245187512017,24.6614965833466,268446.2,658442.02,8,6,55.203
NS65NE_1973,1,5_5,5.54176767651,-9999.0,-9999.0,-9999.0,54.4770011902,122.410738123609,44.4056245818771,268139.97,658444.56,12,8,54.477
NS65NE_1974,1,5_5,6.21301333497,-9999.0,-9999.0,-9999.0,54.5769996643,253.479972605834,77.7868916238396,268392.15,658448.01,28,16,54.577
NS65NE_1975,1,5_5,4.73731752542,-9999.0,-9999.0,-9999.0,54.8730010986,122.489561839786,46.0358428249956,268154.56,658440.5,20,12,54.873
NS65NE_1977,1,5_5,2.82726943325,-9999.0,-9999.0,-9999.0,56.2299995422,21.1744499979069,22.3050828090747,268483.94,658432.35,8,6,56.23
NS65NE_1978,1,5_5,2.32208444041,-9999.0,-9999.0,-9999.0,54.5970001221,36.2658824921834,24.3240281140452,268142.16,658432.31,12,8,54.597
NS65NE_1979,1,5_5,6.516177122,-9999.0,-9999.0,-9999.0,54.1660003662,215.30114909601,68.0332997624854,268593.47,658440.71,12,8,54.166
NS65NE_1980,1,5_5,6.54975438576,-9999.0,-9999.0,-9999.0,56.5630645752,214.43321064994,69.5587394339251,268283.58,658434.7,28,16,56.563
NS65NE_1981,1,5_5,6.64050869751,-9999.0,-9999.0,-9999.0,55.4029998779,233.119285903291,68.8892608135444,268348.82,658439.89,12,8,55.403
NS65NE_1982,1,5_5,6.59655732272,-9999.0,-9999.0,-9999.0,55.1380004883,217.140686569566,71.8313904551516,268413.5,658437.98,28,16,55.138
NS65NE_1983,1,5_5,6.80183097825,-9999.0,-9999.0,-9999.0,50.7613716125,409.329671502582,119.281151964613,268640.21,658447.69,12,8,50.761
NS65NE_1985,1,5_5,6.5976901138,-9999.0,-9999.0,-9999.0,55.9449996948,116.061057804622,47.2029143143023,268305.36,658429.26,28,16,55.945
NS65NE_1988,1,5_5,6.52785865044,-9999.0,-9999.0,-9999.0,55.1780014038,223.553214675847,73.9732315356038,268454.62,658429.32,28,16,55.178
NS65NE_1989,1,5_5,6.66682211949,-9999.0,-9999.0,-9999.0,55.3740005493,205.61179997938,67.3419699472877,268539.54,658425.9,12,8,55.374
NS65NE_1990,1,5_5,6.8125469266,-9999.0,-9999.0,-9999.0,55.3390007019,200.078963333619,63.2066582621316,268326.8,658422.9,12,8,55.339
NS65NE_1993,1,5_5,6.18410837062,-9999.0,-9999.0,-9999.0,57.391998291,231.51037404233,74.4378151387153,268212.83,658420.1,20,12,57.392
NS65NE_1995,1,5_5,6.85008362006,-9999.0,-9999.0,-9999.0,55.25,216.820853676033,64.5878401991804,268374.83,658422.92,16,10,55.25
NS65NE_1997,1,5_5,5.52929191514,-9999.0,-9999.0,-9999.0,54.1370010376,131.390320308348,45.9428084744152,268134.93,658414.24,12,8,54.137
NS65NE_1998,1,5_5,4.51592222467,-9999.0,-9999.0,-9999.0,54.3409996033,112.15531253418,57.6793442783613,268147.03,658416.8,28,16,54.341
NS65NE_1999,1,5_5,6.44113187317,-9999.0,-9999.0,-9999.0,57.4949989319,211.407853521472,68.2330128812855,268240.85,658413.53,20,12,57.495
NS65NE_2000,1,5_5,6.76247559157,-9999.0,-9999.0,-9999.0,56.9620018005,103.178466736923,41.1863033663152,268263.0,658407.75,12,8,56.962
NS65NE_2001,1,5_5,6.39757539087,-9999.0,-9999.0,-9999.0,56.6513328552,236.820174000701,76.55309462631,268431.87,658412.1,28,16,56.651
NS65NE_2002,1,5_5,6.69371370738,-9999.0,-9999.0,-9999.0,50.549079895,205.485949570582,67.4678871787842,268664.97,658410.73,12,8,50.549
NS65NE_2004,1,5_5,6.59383363344,-9999.0,-9999.0,-9999.0,56.9399986267,221.38946565641,68.779462607606,268509.02,658407.36,12,8,56.94
NS65NE_2005,1,5_5,6.79364745668,-9999.0,-9999.0,-9999.0,56.2789993286,199.20657855145,63.2059775481693,268286.72,658401.49,12,8,56.279
NS65NE_2006,1,5_5,6.57461369561,-9999.0,-9999.0,-9999.0,56.7220001221,216.729907100954,73.7699426310194,268475.75,658406.44,20,12,56.722
NS65NE_2008,1,5_5,9.27103383333,-9999.0,-9999.0,-9999.0,56.6920013428,29.8650899988493,22.2475253005304,268422.28,658395.37,12,8,56.692
NS65NE_2009,1,5_5,6.33019498469,-9999.0,-9999.0,-9999.0,55.6870002747,230.513057631667,74.6246180940896,268389.52,658399.74,28,16,55.687
NS65NE_2010,1,5_5,6.62049348971,-9999.0,-9999.0,-9999.0,53.5690612793,319.418670817491,93.9280168813844,268612.79,658408.59,12,8,53.569
NS65NE_2012,1,5_5,6.90082328707,-9999.0,-9999.0,-9999.0,55.6800003052,244.961631846073,72.6742484338269,268315.21,658393.76,20,12,55.68
NS65NE_2016,1,5_5,6.4983849205,-9999.0,-9999.0,-9999.0,57.1489982605,320.464067879156,94.1240004013911,268191.88,658398.32,12,8,57.149
NS65NE_2017,1,5_5,6.99412467223,-9999.0,-9999.0,-9999.0,55.5,225.358974544546,68.3239474751077,268344.46,658385.72,12,8,55.5
NS65NE_2019,1,5_5,6.84136633632,-9999.0,-9999.0,-9999.0,57.4199981689,205.149914655428,67.0661914367796,268453.67,658388.66,12,8,57.42
NS65NE_2020,1,5_5,6.45026135226,-9999.0,-9999.0,-9999.0,50.0667266846,224.172656966797,73.1369394345851,268687.05,658388.55,28,16,50.067
NS65NE_2021,1,5_5,3.63830110257,-9999.0,-9999.0,-9999.0,56.9970016479,48.6358162541524,28.2282066022219,268258.41,658380.52,12,8,56.997
NS65NE_2025,1,5_5,6.77054289293,-9999.0,-9999.0,-9999.0,56.0379981995,223.301733192426,68.31479619891,268411.03,658382.12,12,8,56.038
NS65NE_2026,1,5_5,2.42934067609,-9999.0,-9999.0,-9999.0,56.0349998474,21.4633987483664,21.468853487108,268322.75,658372.57,8,6,56.035
NS65NE_2027,1,5_5,2.25888652371,-9999.0,-9999.0,-9999.0,57.4259986877,35.6684849956949,24.0434064566626,268230.43,658372.42,12,8,57.426
NS65NE_2029,1,5_5,6.66781677586,-9999.0,-9999.0,-9999.0,52.7746658325,205.166609470263,67.1553779210927,268634.42,658377.32,12,8,52.775
NS65NE_2030,1,5_5,6.95818363004,-9999.0,-9999.0,-9999.0,55.5830001831,196.877164725061,62.7830965227856,268370.43,658374.19,12,8,55.583
NS65NE_2032,1,5_5,3.489708127,-9999.0,-9999.0,-9999.0,51.3079986572,35.5771649998187,26.3949667515222,268670.48,658368.04,12,8,51.308
NS65NE_2033,1,5_5,2.45204313178,-9999.0,-9999.0,-9999.0,51.4970016479,23.8992750034939,22.4841282990937,268668.21,658354.76,8,6,51.497
NS65NE_2034,1,5_5,6.9168975326,-9999.0,-9999.0,-9999.0,56.6510009766,198.928147094205,63.1040203596008,268432.17,658362.26,12,8,56.651
NS65NE_2036,1,5_5,5.42010196067,-9999.0,-9999.0,-9999.0,57.9000015259,243.976675176294,76.3287687260249,268459.21,658360.49,28,16,57.9
NS65NE_2037,1,5_5,6.46284126896,-9999.0,-9999.0,-9999.0,56.9760017395,533.768203479415,146.501201076735,268223.27,658359.86,12,8,56.976
NS65NE_2039,1,5_5,6.81419054829,-9999.0,-9999.0,-9999.0,55.90599823,203.423751480977,63.1436976817032,268391.77,658357.76,12,8,55.906
NS65NE_2040,1,5_5,6.57577260957,-9999.0,-9999.0,-9999.0,51.9367256165,207.8249267702,67.4816852145501,268656.6,658355.92,12,8,51.937
NS65NE_2041,1,5_5,5.62862009141,-9999.0,-9999.0,-9999.0,49.7504997253,364.660930822946,108.147467426935,268688.81,658357.19,28,16,49.751
NS65NE_2042,1,5_5,2.66788463828,-9999.0,-9999.0,-9999.0,51.9770011902,25.0779900013063,23.8305180362543,268666.84,658341.82,8,6,51.977
NS65NE_2045,1,5_5,5.86741985643,-9999.0,-9999.0,-9999.0,56.5069999695,106.988934491408,41.5870106843547,268127.9,658342.09,12,8,56.507
NS65NE_2046,1,5_5,6.59606968471,-9999.0,-9999.0,-9999.0,57.2869987488,451.417654119819,126.377601590257,268286.9,658343.36,28,16,57.287
NS65NE_2048,1,5_5,2.70253815828,-9999.0,-9999.0,-9999.0,56.966999054,34.9634062543826,23.9928662124039,268389.78,658336.35,12,8,56.967
NS65NE_2050,1,5_5,5.84103529794,-9999.0,-9999.0,-9999.0,56.6749992371,167.024083077693,55.7766374917587,268410.44,658340.66,12,8,56.675
NS65NE_2051,1,5_5,5.96841159796,-9999.0,-9999.0,-9999.0,56.7579994202,237.14738551542,75.4962440255553,268202.2,658335.52,20,12,56.758
NS65NE_2054,1,5_5,6.72357780863,-9999.0,-9999.0,-9999.0,57.7220001221,215.078705649232,68.2527487026086,268329.9,658332.11,12,8,57.722
NS65NE_2059,1,5_5,6.19578186595,-9999.0,-9999.0,-9999.0,58.1150016785,160.419992389432,61.4817483421143,268355.83,658320.62,28,16,58.115
NS65NE_2061,1,5_5,5.98629229451,-9999.0,-9999.0,-9999.0,57.6940002441,166.990146184014,55.696793595108,268413.82,658318.44,12,8,57.694
NS65NE_2063,1,5_5,6.44895084718,-9999.0,-9999.0,-9999.0,57.242641449,433.164712373403,120.322760553763,268280.32,658315.09,12,8,57.243
NS65NE_2065,1,5_5,6.08573086769,-9999.0,-9999.0,-9999.0,53.2200012207,225.616492362021,65.8848909960408,268647.14,658312.12,12,8,53.22
NS65NE_2068,1,5_5,6.70908506113,-9999.0,-9999.0,-9999.0,58.6030006409,211.371433373104,67.7844960894828,268322.53,658303.57,12,8,58.603
NS65NE_2069,1,5_5,6.57416685151,-9999.0,-9999.0,-9999.0,56.8819999695,209.691856392557,67.4257816091094,268217.15,658307.98,12,8,56.882
NS65NE_2070,1,5_5,5.95210425594,-9999.0,-9999.0,-9999.0,58.9290008545,166.966160395772,55.8963405763487,268374.26,658303.16,12,8,58.929
NS65NE_2071,1,5_5,5.78951642654,-9999.0,-9999.0,-9999.0,58.9850006104,179.056603585909,57.5255038002532,268397.76,658302.09,12,8,58.985
NS65NE_2072,1,5_5,6.43441215746,-9999.0,-9999.0,-9999.0,57.0929985046,208.867042015495,67.5860412362863,268245.76,658301.36,12,8,57.093
NS65NE_2073,1,5_5,5.26999798943,-9999.0,-9999.0,-9999.0,58.5460014343,4027.13325325425,389.108741699714,268554.24,658327.49,36,20,58.546
NS65NE_2074,1,5_5,6.54853831579,-9999.0,-9999.0,-9999.0,50.1917800903,206.668170442384,67.4373568768973,268727.85,658296.02,12,8,50.192
NS65NE_2076,1,5_5,5.99057396253,-9999.0,-9999.0,-9999.0,53.3339996338,150.37025189936,49.0543252299212,268637.02,658293.66,12,8,53.334
NS65NE_2077,1,5_5,6.87208046332,-9999.0,-9999.0,-9999.0,58.9385223389,103.861957283359,41.197742145035,268341.7,658285.69,12,8,58.938
NS65NE_2080,1,5_5,6.32322287236,-9999.0,-9999.0,-9999.0,53.4099998474,168.341718215605,51.899988728814,268627.48,658281.97,12,8,53.41
NS65NE_2081,1,5_5,6.69383268379,-9999.0,-9999.0,-9999.0,58.2551193237,104.051637272616,41.2632634203913,268325.55,658278.51,12,8,58.255
NS65NE_2082,1,5_5,6.73226817373,-9999.0,-9999.0,-9999.0,59.2998313904,105.527008174893,41.570065079209,268400.69,658278.71,12,8,59.3
NS65NE_2087,1,5_5,6.29831601488,-9999.0,-9999.0,-9999.0,57.0149993896,566.312222758061,155.709555768497,268180.49,658297.7,48,26,57.015
NS65NE_2089,1,5_5,6.75669523682,-9999.0,-9999.0,-9999.0,57.4109992981,199.969653503384,66.2158927393469,268216.81,658276.32,12,8,57.411
NS65NE_2091,1,5_5,6.03083055609,-9999.0,-9999.0,-9999.0,53.5239982605,149.519010021095,49.3771576386327,268617.52,658270.14,12,8,53.524
NS65NE_2092,1,5_5,5.33030469035,-9999.0,-9999.0,-9999.0,57.1310005188,250.798440896716,80.4360976423954,268255.63,658272.02,28,16,57.131
NS65NE_2096,1,5_5,6.58574992873,-9999.0,-9999.0,-9999.0,58.9070014954,129.851380863304,46.4701112316648,268359.48,658262.46,12,8,58.907
NS65NE_2098,1,5_5,6.88116980637,-9999.0,-9999.0,-9999.0,59.0450019836,197.417449430597,62.7160906025538,268417.12,658263.39,12,8,59.045
NS65NE_2101,1,5_5,6.71332640608,-9999.0,-9999.0,-9999.0,59.0249671936,119.218728955898,45.0633780005974,268380.1,658258.42,12,8,59.025
NS65NE_2103,1,5_5,5.43097807721,-9999.0,-9999.0,-9999.0,58.6010017395,230.467931053433,70.0634075170168,268443.95,658261.09,12,8,58.601
NS65NE_2105,1,5_5,2.64668005371,-9999.0,-9999.0,-9999.0,58.5979995728,35.7983962470226,25.3865847031794,268362.93,658247.1,12,8,58.598
NS65NE_2106,1,5_5,6.87836581658,-9999.0,-9999.0,-9999.0,58.1749992371,217.256577432201,67.838558149417,268328.26,658251.51,12,8,58.175
NS65NE_2107,1,5_5,6.84802861554,-9999.0,-9999.0,-9999.0,58.3655471802,117.927060064829,44.7367354963375,268351.21,658243.29,12,8,58.365
NS65NE_2108,1,5_5,6.83960795032,-9999.0,-9999.0,-9999.0,58.9663848877,197.195589366192,62.759060828798,268397.02,658242.51,12,8,58.966
NS65NE_2112,1,5_5,6.57633419324,-9999.0,-9999.0,-9999.0,57.1329994202,641.932147903128,182.360221837027,268298.52,658228.53,36,20,57.133
NS65NE_2113,1,5_5,6.41804844536,-9999.0,-9999.0,-9999.0,58.908000946,336.21293928112,99.9430413828997,268396.85,658211.83,20,12,58.908
NS65NE_2116,1,5_5,5.3110307659,-9999.0,-9999.0,-9999.0,58.1180000305,240.586120262352,78.5352142536061,268342.15,658187.61,28,16,58.118
NS65NE_2117,1,5_5,6.66964029136,-9999.0,-9999.0,-9999.0,59.0060005188,205.204030212449,67.4943514287359,268371.22,658183.86,12,8,59.006
NS65NE_2118,1,5_5,5.42179152346,-9999.0,-9999.0,-9999.0,58.4239997864,230.437062448077,74.1906420509075,268321.21,658167.75,12,8,58.424
NS65NE_2119,1,5_5,6.45756020573,-9999.0,-9999.0,-9999.0,59.4949989319,227.669737154515,72.7682586302846,268395.91,658166.32,12,8,59.495
NS65NE_2120,1,5_5,6.25685554801,-9999.0,-9999.0,-9999.0,59.125,380.181785213535,113.477481797041,268428.59,658161.91,36,20,59.125
NS65NE_2121,1,5_5,6.44079250023,-9999.0,-9999.0,-9999.0,60.0950012207,104.652266499871,45.7230822275452,268330.53,658142.19,20,12,60.095
NS65NE_2122,1,5_5,6.5124644814,-9999.0,-9999.0,-9999.0,60.6380004883,418.925469415768,123.464751356283,268366.36,658132.77,28,16,60.638
NS65NE_1592,1,5_6,6.43921094551,-9999.0,-9999.0,-9999.0,43.3709983826,117.608214948767,43.6784742598578,268204.96,658992.81,12,8,43.371
NS65NE_1593,1,5_6,4.97946694268,-9999.0,-9999.0,-9999.0,47.03099823,116.676022496913,43.5961663818508,268366.31,658992.94,24,14,47.031
NS65NE_1595,1,5_6,6.28941517649,-9999.0,-9999.0,-9999.0,42.7579994202,120.175194070264,44.1217831464483,268188.31,658990.33,12,8,42.758
NS65NE_1596,1,5_6,5.49623293896,-9999.0,-9999.0,-9999.0,45.0719985962,125.485257034997,44.9484914998492,268254.16,658989.82,12,8,45.072
NS65NE_1597,1,5_6,5.81537874571,-9999.0,-9999.0,-9999.0,45.5825004578,70.4085465537825,34.3084450400096,268266.74,658989.26,12,8,45.583
NS65NE_1598,1,5_6,5.42570826395,-9999.0,-9999.0,-9999.0,44.1090011597,143.453593962392,49.1855917989462,268221.11,658990.47,20,12,44.109
NS65NE_1599,1,5_6,5.05479079158,-9999.0,-9999.0,-9999.0,41.2420005798,238.515627635742,72.5513502536519,268157.61,658991.5,36,20,41.242
NS65NE_1600,1,5_6,5.53119522626,-9999.0,-9999.0,-9999.0,44.716999054,128.53752994729,50.4371107111431,268237.72,658988.77,28,16,44.717
NS65NE_1602,1,5_6,5.40879241765,-9999.0,-9999.0,-9999.0,42.1180000305,90.009452322313,51.4760976128061,268177.95,658986.65,24,14,42.118
NS65NE_1603,1,5_6,5.3930818123,-9999.0,-9999.0,-9999.0,46.5050010681,138.488210926913,51.4965312009444,268308.56,658984.55,28,16,46.505
NS65NE_1604,1,5_6,2.19303691059,-9999.0,-9999.0,-9999.0,46.5519981384,29.647417508846,22.7474600350253,268297.92,658978.69,12,8,46.552
NS65NE_1605,1,5_6,2.33904986911,-9999.0,-9999.0,-9999.0,44.6230010986,32.5569637503512,23.3251820404706,268228.79,658977.67,12,8,44.623
NS65NE_1607,1,5_6,5.34677676476,-9999.0,-9999.0,-9999.0,38.486000061,161.159306257178,69.6309793160744,268127.25,658983.37,28,16,38.486
NS65NE_1609,1,5_6,5.56053507018,-9999.0,-9999.0,-9999.0,47.0460014343,107.691587266908,41.5457521548044,268363.88,658975.52,12,8,47.046
NS65NE_1610,1,5_6,2.28506536069,-9999.0,-9999.0,-9999.0,39.513999939,32.3200499976384,26.120562009968,268133.63,658971.45,8,6,39.514
NS65NE_1613,1,5_6,5.33505996008,-9999.0,-9999.0,-9999.0,46.6769981384,134.643204041477,48.4178947312237,268306.59,658969.23,20,12,46.677
NS65NE_1616,1,5_6,5.59358502236,-9999.0,-9999.0,-9999.0,43.0600013733,121.453923618424,44.2693128145661,268188.06,658963.87,12,8,43.06
NS65NE_1617,1,5_6,2.29224212157,-9999.0,-9999.0,-9999.0,41.7989997864,48.5969850005787,27.971024356355,268142.29,658962.37,12,8,41.799
NS65NE_1618,1,5_6,5.84317052687,-9999.0,-9999.0,-9999.0,47.2229995728,118.455471961689,43.5905913158151,268364.16,658963.44,12,8,47.223
NS65NE_1619,1,5_6,5.66085049589,-9999.0,-9999.0,-9999.0,45.5489997864,66.7889620812712,33.0376843986815,268265.94,658962.15,12,8,45.549
NS65NE_1620,1,5_6,4.52560589701,-9999.0,-9999.0,-9999.0,43.8660011292,214.200613958271,92.5017946243363,268217.55,658971.7,48,26,43.866
NS65NE_1622,1,5_6,4.05751648373,-9999.0,-9999.0,-9999.0,43.3219985962,233.704426912369,83.0341848485676,268201.74,658969.12,36,20,43.322
NS65NE_1623,1,5_6,6.1626152349,-9999.0,-9999.0,-9999.0,44.9729995728,118.726703362729,43.8179203504815,268253.56,658961.44,12,8,44.973
NS65NE_1624,1,5_6,6.23279297003,-9999.0,-9999.0,-9999.0,42.7229995728,122.598000019073,44.4803615249926,268171.73,658961.16,12,8,42.723
NS65NE_1625,1,5_6,6.00350091553,-9999.0,-9999.0,-9999.0,42.2459983826,131.552726384706,46.6981929771627,268155.18,658961.44,16,10,42.246
NS65NE_1626,1,5_6,6.06594022755,-9999.0,-9999.0,-9999.0,44.3260002136,126.231709317636,48.026201310237,268237.05,658961.31,20,12,44.326
NS65NE_1628,1,5_6,4.4458370685,-9999.0,-9999.0,-9999.0,46.4039993286,200.213986128805,77.2081390244598,268299.46,658955.17,44,24,46.404
NS65NE_1629,1,5_6,5.44568608247,-9999.0,-9999.0,-9999.0,46.9620018005,253.318365751468,80.8847426061856,268399.34,658957.16,44,24,46.962
NS65NE_1631,1,5_6,6.16981308079,-9999.0,-9999.0,-9999.0,41.922000885,126.166465016597,45.0932642499212,268140.95,658949.44,12,8,41.922
NS65NE_1633,1,5_6,5.96822794515,-9999.0,-9999.0,-9999.0,47.0340003967,110.670317342282,42.2292802917501,268358.47,658944.26,12,8,47.034
NS65NE_1634,1,5_6,5.63729346086,-9999.0,-9999.0,-9999.0,47.2879981995,104.780936912591,40.9847860587175,268370.05,658941.58,12,8,47.288
NS65NE_1636,1,5_6,5.77994552974,-9999.0,-9999.0,-9999.0,46.8450012207,121.258340598077,46.7495046907877,268399.7,658938.5,20,12,46.845
NS65NE_1639,1,5_6,5.66814131486,-9999.0,-9999.0,-9999.0,44.8289985657,68.0664419952373,33.3701794593872,268239.8,658930.44,12,8,44.829
NS65NE_1641,1,5_6,6.41911015268,-9999.0,-9999.0,-9999.0,45.2709999084,119.202764002098,43.9416625508184,268252.25,658929.28,12,8,45.271
NS65NE_1642,1,5_6,6.39502808571,-9999.0,-9999.0,-9999.0,45.7910003662,102.151847480601,40.7411637990425,268268.58,658928.51,12,8,45.791
NS65NE_1643,1,5_6,5.34722432929,-9999.0,-9999.0,-9999.0,43.2690010071,154.306727155387,52.6523713401012,268197.36,658929.75,20,12,43.269
NS65NE_1644,1,5_6,4.89588653685,-9999.0,-9999.0,-9999.0,42.9869995117,160.445182159595,56.4142558354118,268178.54,658929.16,28,16,42.987
NS65NE_1645,1,5_6,6.08668587638,-9999.0,-9999.0,-9999.0,41.8030014038,129.387474545237,45.6528092120456,268127.98,658927.72,12,8,41.803
NS65NE_1646,1,5_6,5.59326967986,-9999.0,-9999.0,-9999.0,46.7159996033,106.296809202668,41.2551548658618,268401.41,658926.3,12,8,46.716
NS65NE_1647,1,5_6,6.27773155536,-9999.0,-9999.0,-9999.0,46.3699989319,102.144035315028,40.6979910775777,268283.79,658924.22,12,8,46.37
NS65NE_1648,1,5_6,4.71303258084,-9999.0,-9999.0,-9999.0,42.6879997253,108.804999124515,43.2025945478665,268164.54,658925.53,12,8,42.688
NS65NE_1649,1,5_6,4.97906042792,-9999.0,-9999.0,-9999.0,43.7550010681,87.3801431681469,38.7173544870391,268209.25,658924.37,12,8,43.755
NS65NE_1650,1,5_6,2.10284989567,-9999.0,-9999.0,-9999.0,44.8730010986,31.8976387464388,24.8775477250978,268236.47,658916.96,12,8,44.873
NS65NE_1652,1,5_6,5.62472619132,-9999.0,-9999.0,-9999.0,46.9090003967,120.042491893851,47.6781731886554,268298.77,658919.0,28,16,46.909
NS65NE_1654,1,5_6,5.50893696398,-9999.0,-9999.0,-9999.0,47.1489982605,137.241578624575,48.2370178247381,268352.23,658911.25,20,12,47.149
NS65NE_1657,1,5_6,5.51789150238,-9999.0,-9999.0,-9999.0,46.4179992676,200.910890124657,76.5638339853772,268416.19,658913.02,52,28,46.418
NS65NE_1658,1,5_6,4.61510201365,-9999.0,-9999.0,-9999.0,43.138999939,104.861328848668,46.8235264139065,268159.34,658907.69,28,16,43.139
NS65NE_1659,1,5_6,4.64743752315,-9999.0,-9999.0,-9999.0,47.1710014343,129.314667039541,61.7829362384159,268308.68,658911.12,28,16,47.171
NS65NE_1663,1,5_6,6.14012072493,-9999.0,-9999.0,-9999.0,43.9760017395,103.874822670244,41.0797682416581,268201.9,658904.96,12,8,43.976
NS65NE_1664,1,5_6,5.09573552584,-9999.0,-9999.0,-9999.0,46.9140014648,228.334347414605,83.4293504252361,268370.27,658907.16,68,36,46.914
NS65NE_1665,1,5_6,5.49977616341,-9999.0,-9999.0,-9999.0,45.0069999695,129.212764139561,45.5854560231125,268238.08,658903.09,12,8,45.007
NS65NE_1667,1,5_6,4.9690168139,-9999.0,-9999.0,-9999.0,43.2820014954,92.9194096814859,40.6530888731109,268154.72,658899.6,12,8,43.282
NS65NE_1668,1,5_6,6.52344724697,-9999.0,-9999.0,-9999.0,46.8260002136,126.218542364944,45.3633556811503,268428.73,658897.69,12,8,46.826
NS65NE_1669,1,5_6,5.38745696269,-9999.0,-9999.0,-9999.0,45.6759986877,136.20708885802,55.3328222643711,268253.49,658896.63,36,20,45.676
NS65NE_1671,1,5_6,5.79809167603,-9999.0,-9999.0,-9999.0,46.4440002441,113.831110511305,48.1037760543852,268268.71,658891.95,28,16,46.444
NS65NE_1672,1,5_6,5.01550385548,-9999.0,-9999.0,-9999.0,43.3940010071,87.1195407232379,39.052769047999,268151.53,658890.09,12,8,43.394
NS65NE_1673,1,5_6,6.11485718844,-9999.0,-9999.0,-9999.0,46.7470016479,101.4482073856,40.6544292826291,268285.19,658890.9,12,8,46.747
NS65NE_1674,1,5_6,2.26887978448,-9999.0,-9999.0,-9999.0,44.0429992676,25.5325650045013,21.3899732659062,268179.12,658885.84,12,8,44.043
NS65NE_1675,1,5_6,5.50855606601,-9999.0,-9999.0,-9999.0,47.0810012817,153.28061796199,53.322711171542,268301.62,658889.72,20,12,47.081
NS65NE_1676,1,5_6,4.71742195138,-9999.0,-9999.0,-9999.0,43.688999176,231.826825890364,79.0348272675279,268193.72,658893.61,44,24,43.689
NS65NE_1677,1,5_6,5.82711078722,-9999.0,-9999.0,-9999.0,46.9879989624,298.921412376396,104.448266756823,268392.61,658891.63,48,28,46.988
NS65NE_1678,1,5_6,6.41594905238,-9999.0,-9999.0,-9999.0,48.09400177,222.104619091838,65.4762670179943,268349.9,658884.43,12,8,48.094
NS65NE_1679,1,5_6,5.86972552174,-9999.0,-9999.0,-9999.0,47.1549987793,139.765805447477,49.9507326780619,268439.37,658883.33,20,12,47.155
NS65NE_1680,1,5_6,2.43157561487,-9999.0,-9999.0,-9999.0,47.2179985046,31.8068174962187,22.6946208237417,268454.71,658876.35,12,8,47.218
NS65NE_1681,1,5_6,5.3207923401,-9999.0,-9999.0,-9999.0,43.4799995422,173.047993858701,53.4538368888664,268145.59,658877.88,20,12,43.48
NS65NE_1682,1,5_6,5.67305839319,-9999.0,-9999.0,-9999.0,45.1180000305,72.7701603010996,34.3744758708816,268218.1,658873.48,12,8,45.118
NS65NE_1683,1,5_6,5.27581649105,-9999.0,-9999.0,-9999.0,44.2470016479,161.636995285818,51.0276639368819,268186.66,658876.2,12,8,44.247
NS65NE_1685,1,5_6,5.39625510282,-9999.0,-9999.0,-9999.0,45.5769996643,167.655658244303,54.4577774332168,268230.07,658871.95,28,16,45.577
NS65NE_1686,1,5_6,6.26013563161,-9999.0,-9999.0,-9999.0,46.2760009766,102.855872171992,40.9237980269299,268246.16,658867.63,12,8,46.276
NS65NE_1687,1,5_6,5.83650238788,-9999.0,-9999.0,-9999.0,44.2309989929,77.4556906333624,35.393472889539,268178.99,658864.09,12,8,44.231
NS65NE_1688,1,5_6,2.59754834856,-9999.0,-9999.0,-9999.0,45.4140014648,41.2770674953838,26.4068390278565,268212.66,658859.62,12,8,45.414
NS65NE_1689,1,5_6,5.872444793,-9999.0,-9999.0,-9999.0,46.9620018005,112.968247062179,44.0673883819906,268261.11,658861.09,20,12,46.962
NS65NE_1690,1,5_6,5.81707951495,-9999.0,-9999.0,-9999.0,44.1059989929,132.394467145453,48.3898988681859,268136.95,658863.11,20,12,44.106
NS65NE_1691,1,5_6,6.03723286414,-9999.0,-9999.0,-9999.0,47.4410018921,228.659590866879,71.5049748312189,268449.78,658864.81,44,24,47.441
NS65NE_1692,1,5_6,5.82374770659,-9999.0,-9999.0,-9999.0,47.361000061,66.9439173533339,33.0972577876029,268273.12,658857.77,12,8,47.361
NS65NE_1693,1,5_6,2.3280602773,-9999.0,-9999.0,-9999.0,47.1329994202,23.9120512542688,19.7520221281119,268422.26,658854.3,12,8,47.133
NS65NE_1695,1,5_6,5.90304471317,-9999.0,-9999.0,-9999.0,44.5340003967,76.1757392655862,35.116961033879,268174.5,658855.07,12,8,44.534
NS65NE_1696,1,5_6,6.36243991721,-9999.0,-9999.0,-9999.0,47.0239982605,226.670600299439,65.6432490993083,268410.39,658858.87,12,8,47.024
NS65NE_1697,1,5_6,5.7548975304,-9999.0,-9999.0,-9999.0,47.6590003967,67.2831029725413,33.1706205861724,268282.29,658853.7,12,8,47.659
NS65NE_1698,1,5_6,6.25032304597,-9999.0,-9999.0,-9999.0,48.2260017395,233.331281685208,70.4708526366624,268340.41,658851.24,36,20,48.226
NS65NE_1699,1,5_6,5.73071191825,-9999.0,-9999.0,-9999.0,47.7690010071,77.3476121678725,35.4134620961328,268292.67,658848.09,12,8,47.769
NS65NE_1700,1,5_6,6.34763597975,-9999.0,-9999.0,-9999.0,47.3069992065,131.093474868469,46.0941894707551,268389.82,658849.46,12,8,47.307
NS65NE_1701,1,5_6,5.44884082675,-9999.0,-9999.0,-9999.0,45.6319999695,131.759304816074,55.1967527895327,268214.3,658847.25,28,16,45.632
NS65NE_1702,1,5_6,5.19757353502,-9999.0,-9999.0,-9999.0,44.6947479248,133.935385810996,46.3879632888611,268132.08,658847.46,12,8,44.695
NS65NE_1703,1,5_6,5.23351946399,-9999.0,-9999.0,-9999.0,44.7989997864,102.613346063506,42.0572173119502,268167.57,658845.24,12,8,44.799
NS65NE_1706,1,5_6,4.94466829796,-9999.0,-9999.0,-9999.0,46.2319984436,176.576511547053,53.3879308307946,268228.78,658842.06,12,8,46.232
NS65NE_1707,1,5_6,6.45415553312,-9999.0,-9999.0,-9999.0,47.2529983521,125.892595096407,45.2112447979171,268424.02,658840.89,12,8,47.253
NS65NE_1708,1,5_6,6.39075920181,-9999.0,-9999.0,-9999.0,47.6170005798,129.34619486522,45.8063966661545,268375.59,658838.98,12,8,47.617
NS65NE_1709,1,5_6,6.07708699906,-9999.0,-9999.0,-9999.0,47.263999939,237.789645425275,76.2331888326762,268462.24,658842.23,52,28,47.264
NS65NE_1710,1,5_6,5.65827610326,-9999.0,-9999.0,-9999.0,45.1489982605,88.0803128938335,39.4636947333441,268164.6,658836.16,20,12,45.149
NS65NE_1711,1,5_6,2.84651578937,-9999.0,-9999.0,-9999.0,45.7579994202,34.1776012496153,30.23140983407,268154.46,658833.52,16,10,45.758
NS65NE_1713,1,5_6,5.05067070958,-9999.0,-9999.0,-9999.0,46.8969993591,151.594417548919,53.1509817244164,268243.13,658833.69,36,20,46.897
NS65NE_1716,1,5_6,5.52406690938,-9999.0,-9999.0,-9999.0,47.6990013123,125.424751646787,46.4794722016912,268430.82,658827.3,20,12,47.699
NS65NE_1717,1,5_6,4.53436159584,-9999.0,-9999.0,-9999.0,47.388999939,318.737927535677,83.8382296266554,268264.97,658830.57,44,24,47.389
NS65NE_1718,1,5_6,2.29460864121,-9999.0,-9999.0,-9999.0,46.3339996338,22.8533624990801,19.5959614709119,268128.87,658820.66,12,8,46.334
NS65NE_1719,1,5_6,5.2111555581,-9999.0,-9999.0,-9999.0,47.8549995422,111.487303937192,42.4762462756327,268285.42,658822.51,12,8,47.855
NS65NE_1720,1,5_6,6.25419417401,-9999.0,-9999.0,-9999.0,47.9490013123,125.914657473455,44.9957960410984,268408.64,658821.94,12,8,47.949
NS65NE_1721,1,5_6,5.48353761141,-9999.0,-9999.0,-9999.0,48.5740013123,159.044019958617,58.3148996170569,268474.14,658823.06,28,16,48.574
NS65NE_1722,1,5_6,5.49380831651,-9999.0,-9999.0,-9999.0,45.9869995117,125.049981993891,44.8821971345392,268160.27,658822.07,12,8,45.987
NS65NE_1723,1,5_6,6.27669337706,-9999.0,-9999.0,-9999.0,48.3219985962,135.26289275177,46.8397411165508,268366.01,658821.45,12,8,48.322
NS65NE_1725,1,5_6,6.22223178018,-9999.0,-9999.0,-9999.0,48.6170005798,228.955374055582,66.5255023081247,268334.47,658824.6,20,12,48.617
NS65NE_1726,1,5_6,5.65202373702,-9999.0,-9999.0,-9999.0,46.0760002136,144.737532938304,51.2476320272125,268196.6,658820.51,20,12,46.076
NS65NE_1727,1,5_6,5.27335692498,-9999.0,-9999.0,-9999.0,46.7719993591,89.0462912769465,45.4217488888485,268212.72,658813.39,20,12,46.772
NS65NE_1728,1,5_6,6.03037140179,-9999.0,-9999.0,-9999.0,48.3979988098,108.507920647526,41.7804768065675,268397.05,658812.81,12,8,48.398
NS65NE_1731,1,5_6,6.00896307205,-9999.0,-9999.0,-9999.0,48.7080001831,111.859019049027,42.3077700375148,268384.99,658808.08,12,8,48.708
NS65NE_1732,1,5_6,2.74350023491,-9999.0,-9999.0,-9999.0,47.09400177,56.2968824944161,31.5778899171756,268137.92,658806.11,12,8,47.094
NS65NE_1733,1,5_6,6.31148789218,-9999.0,-9999.0,-9999.0,46.9370002747,120.778738138066,44.2279551379953,268187.09,658807.84,12,8,46.937
NS65NE_1734,1,5_6,5.98224063866,-9999.0,-9999.0,-9999.0,48.9739990234,141.720420806195,51.6968873813454,268482.04,658808.96,20,12,48.974
NS65NE_1735,1,5_6,5.43205326561,-9999.0,-9999.0,-9999.0,47.1650009155,133.751078744024,46.4875721566878,268153.25,658807.32,20,12,47.165
NS65NE_1736,1,5_6,6.19845897492,-9999.0,-9999.0,-9999.0,47.3819999695,124.231670060429,44.7420414991064,268225.93,658805.02,12,8,47.382
NS65NE_1737,1,5_6,6.34875665657,-9999.0,-9999.0,-9999.0,48.763999939,132.330197409855,46.3234954781955,268361.77,658804.31,12,8,48.764
NS65NE_1739,1,5_6,5.53478407485,-9999.0,-9999.0,-9999.0,48.4090003967,213.960599672657,61.6750054000525,268442.3,658804.11,16,10,48.409
NS65NE_1741,1,5_6,6.21907808842,-9999.0,-9999.0,-9999.0,48.0379981995,118.24427484154,43.7122816615051,268240.86,658797.17,12,8,48.038
NS65NE_1742,1,5_6,5.99805224581,-9999.0,-9999.0,-9999.0,48.5340003967,110.661589841688,42.1990454349957,268426.99,658794.32,12,8,48.534
NS65NE_1743,1,5_6,2.43975464115,-9999.0,-9999.0,-9999.0,48.2919998169,33.5478674963917,23.3510599814283,268130.0,658789.42,12,8,48.292
NS65NE_1744,1,5_6,5.48039478649,-9999.0,-9999.0,-9999.0,48.4300003052,72.2619496459104,34.5540083293238,268252.33,658791.47,12,8,48.43
NS65NE_1745,1,5_6,6.34050399139,-9999.0,-9999.0,-9999.0,48.96900177,226.537259042463,66.0717050214999,268327.61,658798.24,20,12,48.969
NS65NE_1746,1,5_6,5.2507445452,-9999.0,-9999.0,-9999.0,47.8699989319,144.323762768602,51.8016919185962,268144.87,658792.71,28,16,47.87
NS65NE_1747,1,5_6,2.43785873017,-9999.0,-9999.0,-9999.0,48.5190010071,22.9116375049495,22.3555683718085,268209.84,658786.69,8,6,48.519
NS65NE_1748,1,5_6,5.67543909001,-9999.0,-9999.0,-9999.0,47.9440002441,144.754249891391,61.2636659123137,268187.72,658790.73,28,16,47.944
NS65NE_1749,1,5_6,6.21098435758,-9999.0,-9999.0,-9999.0,49.0229988098,129.087615757503,45.5565404873984,268357.8,658787.66,12,8,49.023
NS65NE_1751,1,5_6,5.69306581883,-9999.0,-9999.0,-9999.0,48.8959999084,168.971102021311,53.5343158739275,268457.05,658787.41,20,12,48.896
NS65NE_1753,1,5_6,5.36527305722,-9999.0,-9999.0,-9999.0,49.2589988708,235.309826849843,75.8172659449102,268492.71,658789.52,36,20,49.259
NS65NE_1754,1,5_6,5.00517530219,-9999.0,-9999.0,-9999.0,48.7019996643,91.1159375181825,42.5980268944915,268272.98,658781.52,20,12,48.702
NS65NE_1755,1,5_6,5.03686511096,-9999.0,-9999.0,-9999.0,48.5489997864,88.3065011573922,42.7640603765175,268200.06,658781.77,28,16,48.549
NS65NE_1757,1,5_6,4.6873200028,-9999.0,-9999.0,-9999.0,48.6230010986,123.077380206691,51.843547213428,268260.55,658782.96,36,20,48.623
NS65NE_1758,1,5_6,5.99373480126,-9999.0,-9999.0,-9999.0,48.8079986572,109.865059833481,41.9344998595905,268376.23,658777.46,12,8,48.808
NS65NE_1759,1,5_6,4.83457427305,-9999.0,-9999.0,-9999.0,48.6269989014,172.437876504703,62.0623173879302,268136.82,658777.61,36,20,48.627
NS65NE_1760,1,5_6,5.90136750427,-9999.0,-9999.0,-9999.0,47.9819984436,148.201560239622,51.6281739887096,268324.22,658776.82,20,12,47.982
NS65NE_1761,1,5_6,5.51593140111,-9999.0,-9999.0,-9999.0,48.8839988708,124.908818291306,44.8518275107144,268212.59,658775.62,12,8,48.884
NS65NE_1764,1,5_6,5.96288672143,-9999.0,-9999.0,-9999.0,48.841999054,144.998728843686,51.4793277221081,268354.54,658770.88,20,12,48.842
NS65NE_1765,1,5_6,6.4156164717,-9999.0,-9999.0,-9999.0,49.0519981384,130.041159036346,45.8400252185393,268464.98,658770.99,12,8,49.052
NS65NE_1766,1,5_6,6.0006909419,-9999.0,-9999.0,-9999.0,48.4869995117,334.453674609578,106.998211945113,268396.99,658771.84,52,28,48.487
NS65NE_1767,1,5_6,4.97082651602,-9999.0,-9999.0,-9999.0,49.2789993286,162.676383286042,59.2963463606557,268227.6,658768.85,44,24,49.279
NS65NE_1768,1,5_6,5.89354961307,-9999.0,-9999.0,-9999.0,48.6829986572,110.713831077139,42.1855477796111,268444.2,658766.76,12,8,48.683
NS65NE_1769,1,5_6,5.85094751252,-9999.0,-9999.0,-9999.0,48.4230003357,109.37481871586,41.8338607711783,268418.31,658764.81,12,8,48.423
NS65NE_1770,1,5_6,6.19774893587,-9999.0,-9999.0,-9999.0,49.4230003357,102.403766860536,40.8722005618513,268128.73,658764.58,12,8,49.423
NS65NE_1771,1,5_6,5.98666426767,-9999.0,-9999.0,-9999.0,48.6279983521,109.926201613871,41.9383498590753,268430.6,658762.18,12,8,48.628
NS65NE_1772,1,5_6,5.42766745885,-9999.0,-9999.0,-9999.0,49.7099990845,121.781920403834,44.3358612655339,268241.95,658760.62,12,8,49.71
NS65NE_1773,1,5_6,5.63973215931,-9999.0,-9999.0,-9999.0,49.7439994812,67.5868931594173,33.2643614341996,268254.91,658759.03,12,8,49.744
NS65NE_1774,1,5_6,6.30929979445,-9999.0,-9999.0,-9999.0,49.4850006104,131.176771934447,45.9448695897945,268320.59,658760.21,12,8,49.485
NS65NE_1775,1,5_6,4.9108082023,-9999.0,-9999.0,-9999.0,49.3979988098,158.415878671559,54.0039006683722,268170.23,658760.69,20,12,49.398
NS65NE_1777,1,5_6,5.6280940629,-9999.0,-9999.0,-9999.0,49.3489990234,104.461797703854,40.9320893024317,268465.96,658755.81,12,8,49.349
NS65NE_1778,1,5_6,5.31386719498,-9999.0,-9999.0,-9999.0,49.9589996338,78.4587742743563,39.2277191364291,268266.59,658755.53,20,12,49.959
NS65NE_1779,1,5_6,4.74933560095,-9999.0,-9999.0,-9999.0,49.8959999084,280.963933274967,79.4134980181075,268498.72,658763.36,52,28,49.896
NS65NE_1781,1,5_6,5.7632765572,-9999.0,-9999.0,-9999.0,49.7286682129,67.1150316028312,33.1373676992231,268187.61,658753.27,12,8,49.729
NS65NE_1782,1,5_6,6.01627668759,-9999.0,-9999.0,-9999.0,48.6440010071,110.604612894974,42.0770536741284,268365.02,658751.42,12,8,48.644
NS65NE_1783,1,5_6,5.32420426751,-9999.0,-9999.0,-9999.0,50.8639984131,119.80700857157,46.7238901691301,268516.89,658751.69,20,12,50.864
NS65NE_2152,1,5_6,5.39321665987,-9999.0,-9999.0,-9999.0,47.0519981384,451.239840343976,166.536918458541,268138.48,659368.98,100,52,47.052
NS65NE_2153,1,5_6,6.49318264567,-9999.0,-9999.0,-9999.0,47.9620018005,99.8643056463478,40.0371148355748,268147.26,659341.89,12,8,47.962
NS65NE_2154,1,5_6,3.50001119531,-9999.0,-9999.0,-9999.0,48.1129989624,131.250463660122,50.0355327361494,268173.86,659330.22,20,12,48.113
NS65NE_2155,1,5_6,4.81495977331,-9999.0,-9999.0,-9999.0,48.28099823,187.185492673875,74.0939640764425,268160.27,659321.55,36,20,48.281
NS65NE_2156,1,5_6,5.25213698487,-9999.0,-9999.0,-9999.0,48.6730003357,137.582855398299,49.7866375921863,268172.52,659308.86,20,12,48.673
NS65NE_2157,1,5_6,6.04443083138,-9999.0,-9999.0,-9999.0,48.7459983826,91.0361396799118,38.2266083678584,268179.79,659299.95,12,8,48.746
NS65NE_2158,1,5_6,6.09181747437,-9999.0,-9999.0,-9999.0,48.5999984741,112.642657505885,42.7458016991508,268192.48,659286.52,16,10,48.6
NS65NE_2159,1,5_6,5.62222674773,-9999.0,-9999.0,-9999.0,47.0589981079,896.251452948842,265.100536268225,268212.52,659306.91,148,76,47.059
NS65NE_2160,1,5_6,5.73949063559,-9999.0,-9999.0,-9999.0,48.8569984436,168.379195579946,54.6898690626766,268234.6,659258.47,20,12,48.857
NS65NE_2161,1,5_6,3.78923242379,-9999.0,-9999.0,-9999.0,50.5989990234,51.5099445383671,29.2566254945425,268241.59,659201.7,20,12,50.599
NS65NE_2163,1,5_6,2.2394382726,-9999.0,-9999.0,-9999.0,34.1380004883,53.9263462493584,31.0387685812055,268129.0,659188.16,12,8,34.138
NS65NE_2165,1,5_6,4.37883615868,-9999.0,-9999.0,-9999.0,50.0920028687,353.74572537728,100.614435289264,268255.21,659189.91,44,24,50.092
NS65NE_2167,1,5_6,4.99111305343,-9999.0,-9999.0,-9999.0,34.3689994812,149.202941095586,64.3739604217617,268135.86,659174.44,36,20,34.369
NS65NE_2169,1,5_6,5.39505103947,-9999.0,-9999.0,-9999.0,35.1980018616,133.479720836471,49.9461014375338,268145.73,659164.47,28,16,35.198
NS65NE_2170,1,5_6,6.06032702257,-9999.0,-9999.0,-9999.0,36.1769981384,74.934740486959,34.8507266564412,268157.45,659156.55,12,8,36.177
NS65NE_2172,1,5_6,4.78114671121,-9999.0,-9999.0,-9999.0,44.2599983215,202.778304307949,60.9476353718048,268262.88,659159.1,28,16,44.26
NS65NE_2173,1,5_6,5.42963520914,-9999.0,-9999.0,-9999.0,36.78099823,91.5660143657681,41.8374691180946,268168.33,659155.27,28,16,36.781
NS65NE_2175,1,5_6,3.87347879428,-9999.0,-9999.0,-9999.0,42.3310012817,130.407119857176,46.5994863913664,268239.78,659148.56,20,12,42.331
NS65NE_2178,1,5_6,4.01299116794,-9999.0,-9999.0,-9999.0,39.7459983826,197.28622078344,84.5506258659573,268189.27,659141.85,44,24,39.746
NS65NE_2179,1,5_6,3.79888422261,-9999.0,-9999.0,-9999.0,42.4949989319,135.876823660603,46.8785190582171,268225.43,659135.96,12,8,42.495
NS65NE_2180,1,5_6,6.52420731792,-9999.0,-9999.0,-9999.0,43.1040000916,133.099308462663,46.1705445712458,268268.92,659131.41,12,8,43.104
NS65NE_2183,1,5_6,5.61155000982,-9999.0,-9999.0,-9999.0,40.0660018921,98.1166979667131,41.0008374794589,268184.93,659126.08,12,8,40.066
NS65NE_2184,1,5_6,5.12462494058,-9999.0,-9999.0,-9999.0,35.1479988098,270.760379795315,83.5949890856224,268138.16,659132.69,44,24,35.148
NS65NE_2187,1,5_6,5.77459361435,-9999.0,-9999.0,-9999.0,38.263999939,68.2068887916604,33.4759975009758,268152.22,659113.07,12,8,38.264
NS65NE_2188,1,5_6,4.91167233244,-9999.0,-9999.0,-9999.0,40.0820007324,123.792732959333,52.814907110144,268184.32,659115.19,28,16,40.082
NS65NE_2191,1,5_6,5.52594801625,-9999.0,-9999.0,-9999.0,43.1539993286,120.274764942593,44.6288316117138,268219.92,659113.18,12,8,43.154
NS65NE_2194,1,5_6,6.74470590569,-9999.0,-9999.0,-9999.0,42.9840011597,192.248179643549,56.268455301692,268249.77,659112.64,20,12,42.984
NS65NE_2196,1,5_6,4.93613445725,-9999.0,-9999.0,-9999.0,38.7910003662,94.2357033015007,40.3758460154704,268152.86,659103.25,20,12,38.791
NS65NE_2198,1,5_6,5.48467891804,-9999.0,-9999.0,-9999.0,36.1259994507,69.6553960616355,33.7431903795989,268126.08,659100.11,12,8,36.126
NS65NE_2199,1,5_6,6.30884427922,-9999.0,-9999.0,-9999.0,43.6959991455,95.0371768017446,39.0562007556976,268216.29,659099.29,12,8,43.696
NS65NE_2201,1,5_6,4.98279720096,-9999.0,-9999.0,-9999.0,36.3699989319,109.069234173081,45.3117947062709,268126.65,659087.91,16,10,36.37
NS65NE_2203,1,5_6,6.28650979789,-9999.0,-9999.0,-9999.0,44.4140014648,128.53330875791,48.0420600765078,268213.63,659081.89,24,14,44.414
NS65NE_2204,1,5_6,5.90394074072,-9999.0,-9999.0,-9999.0,45.5750007629,198.717746829142,61.1460292243506,268246.64,659084.41,20,12,45.575
NS65NE_2205,1,5_6,3.93871098283,-9999.0,-9999.0,-9999.0,48.8190002441,307.707376919286,88.422692020533,268400.49,659081.46,28,16,48.819
NS65NE_2206,1,5_6,5.9757327682,-9999.0,-9999.0,-9999.0,46.0260009766,155.672003259486,53.6912853122273,268284.4,659075.92,20,12,46.026
NS65NE_2209,1,5_6,6.18598137545,-9999.0,-9999.0,-9999.0,45.6254997253,98.3114326769483,39.6988846350091,268299.48,659070.82,12,8,45.626
NS65NE_2211,1,5_6,4.92910096989,-9999.0,-9999.0,-9999.0,40.4930000305,530.459633208822,178.303674215225,268186.86,659086.91,96,50,40.493
NS65NE_2212,1,5_6,1.956275177,-9999.0,-9999.0,-9999.0,37.1409988403,23.3174624982057,20.5580383929204,268132.38,659065.72,12,8,37.141
NS65NE_2213,1,5_6,5.4926310106,-9999.0,-9999.0,-9999.0,39.8829994202,335.289374672265,97.6524576646746,268152.28,659077.43,48,26,39.883
NS65NE_2214,1,5_6,2.50828478413,-9999.0,-9999.0,-9999.0,42.1360015869,26.7734250033754,23.8501456199978,268193.86,659062.27,8,6,42.136
NS65NE_2217,1,5_6,5.51785454054,-9999.0,-9999.0,-9999.0,36.5250015259,142.531687839207,50.1159759815642,268125.57,659057.27,12,8,36.525
NS65NE_2220,1,5_6,3.84700274138,-9999.0,-9999.0,-9999.0,45.03099823,339.672088639882,84.1761381720773,268218.05,659061.83,56,30,45.031
NS65NE_2221,1,5_6,6.0103309959,-9999.0,-9999.0,-9999.0,41.8810005188,124.361313116487,47.5939172283412,268186.16,659053.22,20,12,41.881
NS65NE_2222,1,5_6,3.92414249386,-9999.0,-9999.0,-9999.0,46.4259986877,170.896886798823,53.4461682441428,268237.64,659051.25,20,12,46.426
NS65NE_2224,1,5_6,6.22213010737,-9999.0,-9999.0,-9999.0,46.8709983826,95.6634423455171,39.215500635383,268288.49,659045.34,12,8,46.871
NS65NE_2225,1,5_6,5.0640751416,-9999.0,-9999.0,-9999.0,46.7156677246,292.164454735613,101.515507315681,268262.39,659045.97,44,24,46.716
NS65NE_2226,1,5_6,5.15067059298,-9999.0,-9999.0,-9999.0,40.013999939,202.153568419336,79.3346437929249,268150.05,659049.52,52,28,40.014
NS65NE_2230,1,5_6,5.22458073233,-9999.0,-9999.0,-9999.0,46.7000007629,151.53815111761,53.2027521278206,268306.99,659038.66,28,16,46.7
NS65NE_2231,1,5_6,5.5975545334,-9999.0,-9999.0,-9999.0,42.0410003662,152.168851688543,52.8087915967797,268186.59,659036.74,20,12,42.041
NS65NE_2232,1,5_6,2.19663113768,-9999.0,-9999.0,-9999.0,45.1609992981,41.3322449982464,25.9866694730395,268234.2,659033.1,12,8,45.161
NS65NE_2233,1,5_6,2.38355730726,-9999.0,-9999.0,-9999.0,45.9850006104,23.824342497515,22.4402270520614,268268.21,659030.92,8,6,45.985
NS65NE_2235,1,5_6,5.81262998063,-9999.0,-9999.0,-9999.0,42.3160018921,65.4212021331461,32.7028435214368,268188.13,659024.62,12,8,42.316
NS65NE_2238,1,5_6,5.5245117348,-9999.0,-9999.0,-9999.0,43.6450004578,273.370767660632,102.962923094901,268217.73,659025.46,44,24,43.645
NS65NE_2239,1,5_6,5.43854490403,-9999.0,-9999.0,-9999.0,44.9440002441,131.41577429722,46.0864877846526,268242.32,659023.12,12,8,44.944
NS65NE_2240,1,5_6,6.26137341348,-9999.0,-9999.0,-9999.0,45.5200004578,117.897507202652,43.6489219848782,268258.49,659021.17,12,8,45.52
NS65NE_2242,1,5_6,5.91951533546,-9999.0,-9999.0,-9999.0,46.0769996643,155.893590032781,50.9798130298906,268276.45,659018.76,12,8,46.077
NS65NE_2244,1,5_6,5.17114534643,-9999.0,-9999.0,-9999.0,46.1850013733,80.0921297313309,42.8602822147944,268310.64,659011.43,28,16,46.185
NS65NE_2245,1,5_6,4.7459245447,-9999.0,-9999.0,-9999.0,40.9399986267,355.786838430581,93.4435205592095,268151.91,659020.37,40,22,40.94
NS65NE_2251,1,5_6,5.31502044343,-9999.0,-9999.0,-9999.0,46.4309997559,134.319556423546,46.419977124765,268312.9,659000.02,12,8,46.431
NS65NE_2252,1,5_6,2.91784965335,-9999.0,-9999.0,-9999.0,46.8300018311,34.7896947649349,28.5798231319763,268364.56,659002.82,8,6,46.83
NS65NE_2253,1,5_6,5.61985808366,-9999.0,-9999.0,-9999.0,47.0149993896,105.485441717498,41.1202524189016,268375.98,659005.78,12,8,47.015
NS65NE_2146,1,5_7,6.09366515625,-9999.0,-9999.0,-9999.0,45.8079986572,88.3084799711728,37.77485066549,268141.9,659453.47,12,8,45.808
NS65NE_2148,1,5_7,2.89035724429,-9999.0,-9999.0,-9999.0,42.4129981995,155.445725598037,49.8719023712673,268351.42,659444.47,12,8,42.413
NS65NE_2149,1,5_7,6.10799955946,-9999.0,-9999.0,-9999.0,45.8089981079,348.869506591392,91.8137804001323,268151.9,659434.1,36,20,45.809
NS65NE_2151,1,5_7,3.59463052449,-9999.0,-9999.0,-9999.0,46.9850006104,155.666506343998,50.689613132804,268156.22,659386.71,24,14,46.985
NS65NE_2053,1,6_5,6.34531287687,-9999.0,-9999.0,-9999.0,48.9949798584,225.842072217641,69.4466288470797,268753.76,658336.33,12,8,48.995
NS65NE_2064,1,6_5,6.68203597362,-9999.0,-9999.0,-9999.0,48.8386383057,367.905925065409,116.797427908091,268793.54,658318.4,20,12,48.839
NS65NE_2088,1,6_5,6.58160175774,-9999.0,-9999.0,-9999.0,49.4129981995,293.963725259542,92.4240597884503,268812.02,658282.06,16,10,49.413
NS65NE_2090,1,6_5,6.60378564383,-9999.0,-9999.0,-9999.0,50.3101654053,455.666853011866,121.830207432583,268768.72,658278.37,12,8,50.31
NS65NE_2093,1,6_5,7.22481975363,-9999.0,-9999.0,-9999.0,49.6269989014,130.203735192209,47.0088472505233,268838.33,658266.32,12,8,49.627
