uid,lod,cell,height,height_max,height_min,height_pct90,ground_z,footprint_area,footprint_length,centre_e,centre_n,n_triangles,n_vertices,zmin_odn
NS46NE_791,1,7_0,2.28591821754,-9999.0,-9999.0,-9999.0,11.0810003281,331.10595493868,119.093739952005,249732.12,665595.66,12,8,11.081
NS46NE_792,1,7_0,41.648704724,-9999.0,-9999.0,-9999.0,13.5823335648,553.450672612194,105.314613741666,249509.84,665606.81,36,20,13.582
NS46NE_793,1,7_0,8.4794794172,-9999.0,-9999.0,-9999.0,11.3199996948,484.949900037026,120.652212708946,249743.41,665558.62,12,8,11.32
NS46NE_794,1,7_0,2.99088935852,-9999.0,-9999.0,-9999.0,11.3509998322,43.7643483178961,27.021169327176,249715.87,665539.35,12,8,11.351
NS46NE_795,1,7_0,5.8909503549,-9999.0,-9999.0,-9999.0,11.5229997635,520.671934818175,139.394052747316,249815.32,665556.1,28,16,11.523
NS46NE_796,1,7_0,6.18721866608,-9999.0,-9999.0,-9999.0,11.7270002365,213.350261450854,68.3422762774107,249532.49,665529.86,16,10,11.727
NS46NE_797,1,7_0,6.15379790394,-9999.0,-9999.0,-9999.0,11.4379997253,160.857916661926,55.5575261638255,249558.11,665528.31,12,8,11.438
NS46NE_798,1,7_0,8.52747931886,-9999.0,-9999.0,-9999.0,11.7930002213,479.243811154168,120.148384086809,249747.2,665530.76,12,8,11.793
NS46NE_799,1,7_0,5.93546992221,-9999.0,-9999.0,-9999.0,11.3109998703,537.395801454766,135.933949246333,249788.22,665552.08,12,8,11.311
NS46NE_800,1,7_0,6.09676189446,-9999.0,-9999.0,-9999.0,11.3319997787,208.130745772808,66.622269513429,249590.39,665525.91,12,8,11.332
NS46NE_801,1,7_0,5.85481790311,-9999.0,-9999.0,-9999.0,11.4519996643,230.468752046476,68.9405139638854,249618.89,665519.23,12,8,11.452
NS46NE_803,1,7_0,6.01105961866,-9999.0,-9999.0,-9999.0,12.3210000992,306.568603677764,88.4853382962951,249758.36,665504.34,12,8,12.321
NS46NE_804,1,7_0,6.18220554073,-9999.0,-9999.0,-9999.0,11.625,287.902499936366,84.6678704693219,249825.33,665506.78,12,8,11.625
NS46NE_806,1,7_0,6.40054311717,-9999.0,-9999.0,-9999.0,12.5419998169,204.637116602821,66.3469671654475,249632.09,665494.44,12,8,12.542
NS46NE_807,1,7_0,6.27598577855,-9999.0,-9999.0,-9999.0,13.5089998245,155.82093389386,54.4976122098894,249535.44,665486.04,12,8,13.509
NS46NE_808,1,7_0,6.49369983903,-9999.0,-9999.0,-9999.0,13.6049995422,106.19770174103,42.3746936369585,249557.18,665485.41,12,8,13.605
NS46NE_809,1,7_0,3.09845372041,-9999.0,-9999.0,-9999.0,11.9619998932,37.8410362531421,24.2044567069954,249839.82,665481.52,16,10,11.962
NS46NE_810,1,7_0,3.43765418876,-9999.0,-9999.0,-9999.0,12.406999588,293.81778346572,106.615764502131,249663.68,665490.65,60,32,12.407
NS46NE_811,1,7_0,6.10981407166,-9999.0,-9999.0,-9999.0,12.3940000534,211.199077874917,66.0175327990642,249768.1,665478.09,12,8,12.394
NS46NE_812,1,7_0,6.61956051622,-9999.0,-9999.0,-9999.0,14.6350002289,203.886525353882,66.4941492939735,249576.03,665470.61,12,8,14.635
NS46NE_813,1,7_0,6.80996210564,-9999.0,-9999.0,-9999.0,14.8677997589,115.647891852278,46.8364214602163,249598.37,665465.01,28,16,14.868
NS46NE_814,1,7_0,6.10094570027,-9999.0,-9999.0,-9999.0,13.8039999008,215.815049453295,67.5318026972408,249618.5,665468.34,12,8,13.804
NS46NE_815,1,7_0,6.13765834599,-9999.0,-9999.0,-9999.0,13.5509996414,210.006802602135,67.4836165830525,249518.98,665465.62,12,8,13.551
NS46NE_816,1,7_0,5.94512938856,-9999.0,-9999.0,-9999.0,13.2250003815,162.130147437717,54.5154821211058,249728.04,665455.39,12,8,13.225
NS46NE_817,1,7_0,3.36305657967,-9999.0,-9999.0,-9999.0,14.3680000305,146.350884130343,60.7353446025611,249645.7,665452.66,28,16,14.368
NS46NE_818,1,7_0,3.36932703248,-9999.0,-9999.0,-9999.0,13.357000351,292.627062642116,106.529508220271,249678.76,665457.22,60,32,13.357
NS46NE_819,1,7_0,3.38986155171,-9999.0,-9999.0,-9999.0,14.7110004425,77.6102853754582,35.6635944901993,249630.3,665444.68,12,8,14.711
NS46NE_820,1,7_0,8.56103255822,-9999.0,-9999.0,-9999.0,11.8789997101,502.022674802551,121.847108885426,249829.36,665459.39,20,12,11.879
NS46NE_821,1,7_0,3.2858008843,-9999.0,-9999.0,-9999.0,15.0380001068,80.4982425043857,36.7786872073098,249624.87,665433.9,20,12,15.038
NS46NE_822,1,7_0,6.50849261163,-9999.0,-9999.0,-9999.0,14.3120002747,290.220771401163,87.3511941970734,249545.75,665435.57,12,8,14.312
NS46NE_823,1,7_0,6.05541902707,-9999.0,-9999.0,-9999.0,12.8380002975,409.990935770326,111.74010987733,249795.72,665446.65,12,8,12.838
NS46NE_824,1,7_0,3.34225968571,-9999.0,-9999.0,-9999.0,15.2379999161,81.7879581366709,36.4393626660775,249619.01,665423.17,12,8,15.238
NS46NE_825,1,7_0,5.62546441989,-9999.0,-9999.0,-9999.0,14.5469999313,241.790241129596,73.5515013206779,249713.94,665429.97,36,20,14.547
NS46NE_826,1,7_0,5.90497706608,-9999.0,-9999.0,-9999.0,14.1649999619,221.494072172153,67.6171257534365,249741.85,665427.56,12,8,14.165
NS46NE_827,1,7_0,6.47183617062,-9999.0,-9999.0,-9999.0,15.6470003128,115.416926803231,49.4350677054136,249568.82,665418.59,36,20,15.647
NS46NE_828,1,7_0,2.05140989668,-9999.0,-9999.0,-9999.0,14.8149995804,35.4408787466724,23.8691395657436,249712.82,665412.07,12,8,14.815
NS46NE_829,1,7_0,8.51461171338,-9999.0,-9999.0,-9999.0,12.7810001373,252.692313143291,71.8825270070124,249838.43,665417.06,12,8,12.781
NS46NE_830,1,7_0,3.4302537732,-9999.0,-9999.0,-9999.0,15.607000351,149.669783883554,60.8269955930663,249617.24,665406.24,28,16,15.607
NS46NE_831,1,7_0,5.99541802908,-9999.0,-9999.0,-9999.0,14.5659999847,162.181821965839,54.4804666295243,249756.12,665406.26,12,8,14.566
NS46NE_832,1,7_0,6.02749052071,-9999.0,-9999.0,-9999.0,13.4770002365,210.172322595999,65.772724090727,249801.36,665407.07,12,8,13.477
NS46NE_833,1,7_0,3.00370231428,-9999.0,-9999.0,-9999.0,13.2810001373,38.5521374964262,26.0867841466448,249851.4,665396.44,12,8,13.281
NS46NE_834,1,7_0,5.95095884901,-9999.0,-9999.0,-9999.0,15.1236000061,209.626072698075,65.7120408967028,249699.7,665404.35,12,8,15.124
NS46NE_835,1,7_0,5.9304300511,-9999.0,-9999.0,-9999.0,14.7860002518,210.302996591762,65.8751986178308,249730.4,665404.27,12,8,14.786
NS46NE_836,1,7_0,6.39481629395,-9999.0,-9999.0,-9999.0,15.734000206,146.59126556605,52.7583583705736,249581.07,665398.87,12,8,15.734
NS46NE_837,1,7_0,4.26876707913,-9999.0,-9999.0,-9999.0,15.7469997406,247.795400962431,69.5000611957054,249956.09,665398.77,12,8,15.747
NS46NE_838,1,7_0,6.08494545363,-9999.0,-9999.0,-9999.0,16.0069999695,208.817593972093,65.4612408039403,249658.16,665394.13,12,8,16.007
NS46NE_839,1,7_0,6.04108928337,-9999.0,-9999.0,-9999.0,15.8000001907,247.762500111752,77.6751681179973,249512.74,665387.07,20,12,15.8
NS46NE_840,1,7_0,6.01941763203,-9999.0,-9999.0,-9999.0,16.1350002289,163.463994862047,54.8638326750021,249685.74,665379.02,12,8,16.135
NS46NE_841,1,7_0,3.2869535159,-9999.0,-9999.0,-9999.0,16.561000824,47.0480587421458,27.484465908382,249945.43,665374.87,12,8,16.561
NS46NE_842,1,7_0,5.84417021035,-9999.0,-9999.0,-9999.0,15.2620000839,215.509570240744,66.6663865285017,249759.95,665381.55,12,8,15.262
NS46NE_843,1,7_0,6.10580170357,-9999.0,-9999.0,-9999.0,15.7559995651,263.302860546274,87.7590898450933,249536.76,665375.66,28,16,15.756
NS46NE_844,1,7_0,6.2422811276,-9999.0,-9999.0,-9999.0,15.6300001144,354.197413117919,91.3533351603497,249712.7,665374.63,12,8,15.63
NS46NE_845,1,7_0,6.02172863708,-9999.0,-9999.0,-9999.0,15.718000412,107.033940870959,42.135605440832,249750.27,665363.81,12,8,15.718
NS46NE_846,1,7_0,6.04712352969,-9999.0,-9999.0,-9999.0,15.4090003967,136.466755698504,49.6410493580527,249768.64,665360.49,20,12,15.409
NS46NE_847,1,7_0,8.51448370923,-9999.0,-9999.0,-9999.0,13.0419998169,484.31034952544,120.419013987246,249841.45,665373.92,12,8,13.042
NS46NE_848,1,7_0,6.0067209063,-9999.0,-9999.0,-9999.0,13.8800001144,415.335956550954,112.208655396848,249806.89,665367.52,12,8,13.88
NS46NE_849,1,7_0,6.02108432821,-9999.0,-9999.0,-9999.0,15.9010000229,346.935921526935,99.7761331933008,249561.92,665362.11,20,12,15.901
NS46NE_850,1,7_0,6.50919369241,-9999.0,-9999.0,-9999.0,16.3050003052,145.708647385591,52.5672352885203,249538.12,665348.21,12,8,16.305
NS46NE_851,1,7_0,5.91186249755,-9999.0,-9999.0,-9999.0,16.1499996185,215.11950311472,69.5315157283673,249748.4,665343.67,28,16,16.15
NS46NE_852,1,7_0,6.09009824303,-9999.0,-9999.0,-9999.0,16.0830001831,156.784942703229,53.8169823000226,249769.6,665333.08,12,8,16.083
NS46NE_853,1,7_0,6.40638696703,-9999.0,-9999.0,-9999.0,16.3700008392,149.41261164549,52.7236873995506,249523.69,665323.59,12,8,16.37
NS46NE_855,1,7_0,4.56281772866,-9999.0,-9999.0,-9999.0,16.2849998474,1612.04848899873,223.979395105677,249642.06,665327.7,76,40,16.285
NS46NE_856,1,7_0,3.8556109286,-9999.0,-9999.0,-9999.0,14.1719999313,1671.2299080182,279.445568674962,249841.41,665317.37,120,58,14.172
NS46NE_857,1,7_0,5.99190624808,-9999.0,-9999.0,-9999.0,16.188999176,159.495482022712,54.3102947751286,249766.36,665295.34,12,8,16.189
NS46NE_858,1,7_0,5.91882891292,-9999.0,-9999.0,-9999.0,16.6669998169,334.923069142723,100.093106121484,249525.22,665294.92,28,16,16.667
NS46NE_859,1,7_0,6.17479041427,-9999.0,-9999.0,-9999.0,16.1480007172,259.401508578634,89.7344781127313,249789.4,665272.99,32,18,16.148
NS46NE_860,1,7_0,3.50664181429,-9999.0,-9999.0,-9999.0,15.4499998093,219.97524865363,80.5454123140234,249828.97,665263.33,44,24,15.45
NS46NE_861,1,7_0,6.00940246402,-9999.0,-9999.0,-9999.0,16.7220001221,162.358667189696,54.5491984206692,249747.5,665260.16,12,8,16.722
NS46NE_863,1,7_0,3.39783616793,-9999.0,-9999.0,-9999.0,16.357000351,135.726673770888,47.6837834240809,249574.61,665246.68,12,8,16.357
NS46NE_864,1,7_0,6.18429527095,-9999.0,-9999.0,-9999.0,16.1380004883,577.218009458743,143.777758509145,249783.54,665236.92,36,20,16.138
NS46NE_865,1,7_0,3.53519821381,-9999.0,-9999.0,-9999.0,16.6049995422,226.673698193567,82.3433940121836,249845.36,665210.17,44,24,16.605
NS46NE_866,1,7_0,3.64392121778,-9999.0,-9999.0,-9999.0,17.1299991608,171.1363260167,57.1867624035737,249762.23,665201.17,36,20,17.13
NS46NE_867,1,7_0,6.15587873228,-9999.0,-9999.0,-9999.0,16.7189998627,239.442269067958,68.49101194044,249704.16,665177.77,12,8,16.719
NS46NE_868,1,7_0,3.52929345626,-9999.0,-9999.0,-9999.0,17.267999649,294.625729915931,109.031518412303,249843.37,665178.13,60,32,17.268
NS46NE_869,1,7_0,4.14519747935,-9999.0,-9999.0,-9999.0,16.093000412,2764.70147082003,390.271426430695,249598.31,665190.86,256,128,16.093
NS46NE_870,1,7_0,6.05718358211,-9999.0,-9999.0,-9999.0,16.7430000305,334.053803778697,96.9687249694585,249735.09,665170.42,28,16,16.743
NS46NE_871,1,7_0,3.3865993862,-9999.0,-9999.0,-9999.0,30.6210002899,91.8482819628562,43.8297713260539,249930.96,665153.08,36,20,30.621
NS46NE_872,1,7_0,6.88463400308,-9999.0,-9999.0,-9999.0,15.6059999466,216.062025186637,61.8082035960391,249512.14,665157.65,12,8,15.606
NS46NE_873,1,7_0,5.97715173773,-9999.0,-9999.0,-9999.0,16.6739997864,163.274157028692,54.9366348112284,249692.83,665154.97,16,10,16.674
NS46NE_875,1,7_0,6.21539862208,-9999.0,-9999.0,-9999.0,17.2789993286,329.512589989197,92.4862088171892,249770.78,665151.04,20,12,17.279
NS46NE_876,1,7_0,3.42364426459,-9999.0,-9999.0,-9999.0,17.3129997253,221.096635217096,81.9450004784091,249831.71,665146.54,44,24,17.313
NS46NE_877,1,7_0,6.17798950124,-9999.0,-9999.0,-9999.0,16.5709991455,246.234958586856,69.2876251499032,249680.15,665132.85,12,8,16.571
NS46NE_878,1,7_0,5.94719788893,-9999.0,-9999.0,-9999.0,17.8180007935,134.644274129212,49.7515216472415,249770.35,665126.37,28,16,17.818
NS46NE_879,1,7_0,7.60763788808,-9999.0,-9999.0,-9999.0,31.1819992065,329.37395526685,79.4444481317884,249936.07,665129.76,20,12,31.182
NS46NE_880,1,7_0,7.32312407913,-9999.0,-9999.0,-9999.0,14.9169998169,364.130328485898,91.3732390829079,249545.9,665128.09,20,12,14.917
NS46NE_881,1,7_0,6.15276737657,-9999.0,-9999.0,-9999.0,15.6800003052,152.893036437442,52.5302349001832,249618.73,665117.83,12,8,15.68
NS46NE_883,1,7_0,6.18659801952,-9999.0,-9999.0,-9999.0,17.888999939,123.950076687647,44.8773605134882,249753.0,665101.09,12,8,17.889
NS46NE_884,1,7_0,3.5168885908,-9999.0,-9999.0,-9999.0,18.1550006866,434.459910003002,157.657255593647,249801.17,665109.36,92,48,18.155
NS46NE_885,1,7_0,7.41485198668,-9999.0,-9999.0,-9999.0,15.0579996109,550.604211442,125.768370554186,249571.04,665107.94,12,8,15.058
NS46NE_886,1,7_0,6.26502282955,-9999.0,-9999.0,-9999.0,23.6790008545,807.802188051583,265.336609667314,249876.49,665106.48,192,98,23.679
NS46NE_887,1,7_0,6.15595309356,-9999.0,-9999.0,-9999.0,16.0182495117,155.017322530681,53.0222828214261,249617.42,665094.64,12,8,16.018
NS46NE_888,1,7_0,5.95337683003,-9999.0,-9999.0,-9999.0,29.8759994507,186.811338742064,58.2031526491104,249925.71,665094.34,28,16,29.876
NS46NE_889,1,7_0,5.79861777182,-9999.0,-9999.0,-9999.0,16.7189998627,553.418894488477,153.040093796497,249720.89,665099.4,76,40,16.719
NS46NE_890,1,7_0,5.36809792064,-9999.0,-9999.0,-9999.0,27.0100002289,241.552627488843,65.5942186631256,249887.26,665087.64,20,12,27.01
NS46NE_891,1,7_0,6.12135172866,-9999.0,-9999.0,-9999.0,16.017999649,409.786537204289,109.050258022023,249668.0,665093.46,16,10,16.018
NS46NE_892,1,7_0,3.5691871878,-9999.0,-9999.0,-9999.0,15.9600000381,52.7148426233785,29.3684656135175,249574.49,665075.55,12,8,15.96
NS46NE_893,1,7_0,6.02829028511,-9999.0,-9999.0,-9999.0,16.0200004578,154.312429858683,52.8570967195387,249594.68,665077.44,12,8,16.02
NS46NE_894,1,7_0,5.91355383278,-9999.0,-9999.0,-9999.0,16.1560001373,155.130160561809,53.0400698652129,249655.53,665075.29,12,8,16.156
NS46NE_895,1,7_0,6.60098923374,-9999.0,-9999.0,-9999.0,26.5839996338,159.840735059331,55.1096308673335,249869.97,665074.56,28,16,26.584
NS46NE_896,1,7_0,3.41726946747,-9999.0,-9999.0,-9999.0,18.6630001068,148.420794719782,56.2563726535041,249768.74,665071.86,28,16,18.663
NS46NE_897,1,7_0,6.3649622718,-9999.0,-9999.0,-9999.0,23.1930007935,376.510285481752,116.022592647463,249827.1,665076.66,56,30,23.193
NS46NE_898,1,7_0,6.50397412107,-9999.0,-9999.0,-9999.0,28.2399997711,163.512426154587,56.2603602316133,249904.86,665064.66,36,20,28.24
NS46NE_899,1,7_0,6.90690369031,-9999.0,-9999.0,-9999.0,14.7100000381,420.886704678504,105.225472171283,249542.21,665073.43,40,22,14.71
NS46NE_900,1,7_0,5.42301185419,-9999.0,-9999.0,-9999.0,25.7509994507,216.960856368384,86.3698949780759,249856.28,665059.53,60,32,25.751
NS46NE_902,1,7_0,6.04901881195,-9999.0,-9999.0,-9999.0,15.9779996872,156.756493078778,52.9774449876686,249605.11,665055.97,12,8,15.978
NS46NE_903,1,7_0,6.08151170018,-9999.0,-9999.0,-9999.0,16.9340000153,417.979759401531,123.53170738868,249707.43,665063.53,44,24,16.934
NS46NE_904,1,7_0,5.94074960762,-9999.0,-9999.0,-9999.0,16.6019992828,262.465799335654,74.7899455407322,249651.59,665050.62,28,16,16.602
NS46NE_905,1,7_0,7.02518909324,-9999.0,-9999.0,-9999.0,24.7609996796,141.156714471292,48.1889844372131,249816.26,665047.05,12,8,24.761
NS46NE_906,1,7_0,5.74718818309,-9999.0,-9999.0,-9999.0,25.0739994049,581.541290372523,162.664722733111,249868.3,665044.52,92,48,25.074
NS46NE_907,1,7_0,5.98236883295,-9999.0,-9999.0,-9999.0,16.2630004883,113.815430223083,43.4826091319406,249613.12,665032.8,12,8,16.263
NS46NE_908,1,7_0,7.20436825639,-9999.0,-9999.0,-9999.0,14.9300003052,380.676383100228,94.4257580005019,249560.62,665036.98,24,14,14.93
NS46NE_909,1,7_0,6.05232422073,-9999.0,-9999.0,-9999.0,18.0739994049,214.405031103832,66.2773040725857,249709.43,665027.91,12,8,18.074
NS46NE_910,1,7_0,5.86505059361,-9999.0,-9999.0,-9999.0,19.2619991302,182.417143024356,60.6796821669723,249732.85,665024.34,28,16,19.262
NS46NE_911,1,7_0,6.10343790202,-9999.0,-9999.0,-9999.0,17.1040000916,166.043292775542,55.0593384626107,249677.18,665023.01,12,8,17.104
NS46NE_912,1,7_0,6.11852145021,-9999.0,-9999.0,-9999.0,23.8819999695,181.148722491552,58.7775906063092,249819.64,665020.87,28,16,23.882
NS46NE_913,1,7_0,7.1311112073,-9999.0,-9999.0,-9999.0,14.779999733,389.522535919162,97.8519584710366,249529.66,665029.09,28,16,14.78
NS46NE_914,1,7_0,6.2889002348,-9999.0,-9999.0,-9999.0,17.0729999542,265.747711694607,70.3207667600596,249649.7,665023.37,12,8,17.073
NS46NE_915,1,7_0,6.52312627895,-9999.0,-9999.0,-9999.0,23.2889995575,154.722086993507,52.3227056343522,249801.6,665013.28,20,12,23.289
NS46NE_917,1,7_0,7.25116667747,-9999.0,-9999.0,-9999.0,14.9189996719,219.444572659639,63.9327967967308,249544.97,665000.12,12,8,14.919
NS46NE_918,1,7_0,6.83597140775,-9999.0,-9999.0,-9999.0,14.9160003662,206.771219895411,59.1633237633092,249575.57,665005.64,12,8,14.916
NS46NE_919,1,7_0,5.94058740919,-9999.0,-9999.0,-9999.0,16.7849998474,110.459102415375,42.7710639061168,249662.57,665001.95,12,8,16.785
NS46NE_920,1,7_0,6.18385796028,-9999.0,-9999.0,-9999.0,22.841999054,217.779594764983,71.9986638644076,249780.79,665005.34,40,22,22.842
NS46NE_571,1,7_1,4.09203640054,-9999.0,-9999.0,-9999.0,10.6639995575,222.327061641049,78.6396734341325,249802.21,666245.51,48,26,10.664
NS46NE_572,1,7_1,5.68314566018,-9999.0,-9999.0,-9999.0,11.3509998322,489.260060758477,132.417851239476,249737.67,666241.24,44,24,11.351
NS46NE_574,1,7_1,3.9744412508,-9999.0,-9999.0,-9999.0,10.2760000229,193.040735855731,75.4275785624029,249964.42,666237.0,44,24,10.276
NS46NE_575,1,7_1,5.51352195865,-9999.0,-9999.0,-9999.0,13.5329999924,238.704524359728,74.7781724379713,249524.88,666233.41,36,20,13.533
NS46NE_576,1,7_1,3.96146440087,-9999.0,-9999.0,-9999.0,12.3660001755,205.485605159675,69.7207086949384,249619.83,666232.91,28,16,12.366
NS46NE_577,1,7_1,5.38024599117,-9999.0,-9999.0,-9999.0,13.154999733,177.357540717719,62.7703891455451,249565.09,666230.5,36,20,13.155
NS46NE_578,1,7_1,2.58626599371,-9999.0,-9999.0,-9999.0,13.3780002594,44.3394000045526,27.0855228330903,249584.3,666221.02,12,8,13.378
NS46NE_579,1,7_1,7.01499498522,-9999.0,-9999.0,-9999.0,10.9790000916,261.130577610363,79.4190318555722,249817.76,666223.64,36,20,10.979
NS46NE_580,1,7_1,6.42881144095,-9999.0,-9999.0,-9999.0,10.2950000763,158.723927389076,56.5239140653672,249987.04,666221.66,12,8,10.295
NS46NE_581,1,7_1,6.99028106558,-9999.0,-9999.0,-9999.0,10.9020004272,261.256167880106,79.1467112295365,249848.46,666216.7,36,20,10.902
NS46NE_582,1,7_1,7.91792304345,-9999.0,-9999.0,-9999.0,10.3190002441,663.548687592727,180.969809069618,249897.08,666221.9,92,48,10.319
NS46NE_583,1,7_1,6.2823444314,-9999.0,-9999.0,-9999.0,13.8920001984,138.373928639835,50.6605152360424,249556.02,666214.7,20,12,13.892
NS46NE_584,1,7_1,3.95023694513,-9999.0,-9999.0,-9999.0,11.3070001602,234.590762214292,71.0556494961387,249701.63,666208.46,36,20,11.307
NS46NE_586,1,7_1,3.80680873193,-9999.0,-9999.0,-9999.0,11.5760002136,285.562750771021,83.6241872757682,249667.81,666210.72,36,20,11.576
NS46NE_587,1,7_1,6.40525786946,-9999.0,-9999.0,-9999.0,14.0530004501,129.426583691031,46.2261722738458,249544.81,666200.32,12,8,14.053
NS46NE_588,1,7_1,3.67581430669,-9999.0,-9999.0,-9999.0,13.7019996643,144.803588070688,52.5397816236773,249595.3,666199.71,20,12,13.702
NS46NE_589,1,7_1,5.84958604965,-9999.0,-9999.0,-9999.0,10.3350000381,167.747294316785,58.5071208883383,249993.59,666199.9,16,10,10.335
NS46NE_590,1,7_1,6.96891808412,-9999.0,-9999.0,-9999.0,10.486000061,254.412016426384,72.6212381152241,249939.62,666196.21,16,10,10.486
NS46NE_591,1,7_1,7.04326860351,-9999.0,-9999.0,-9999.0,10.4720001221,256.217331397226,79.5887674293745,249971.0,666189.16,36,20,10.472
NS46NE_592,1,7_1,3.85850802943,-9999.0,-9999.0,-9999.0,13.7370004654,127.581637674783,45.1910521119898,249587.57,666187.23,12,8,13.737
NS46NE_593,1,7_1,5.61775862254,-9999.0,-9999.0,-9999.0,14.0059995651,175.354607523059,64.4335622938541,249537.61,666185.39,44,24,14.006
NS46NE_594,1,7_1,4.112738151,-9999.0,-9999.0,-9999.0,10.6400003433,490.040973552941,156.463857497986,249792.61,666186.66,60,32,10.64
NS46NE_595,1,7_1,4.21715165861,-9999.0,-9999.0,-9999.0,11.1730003357,115.072939217511,46.7706111839951,249825.72,666180.31,20,12,11.173
NS46NE_596,1,7_1,4.03401684598,-9999.0,-9999.0,-9999.0,12.529999733,265.966335774063,76.5096434480059,249652.1,666185.47,32,18,12.53
NS46NE_597,1,7_1,2.77691712612,-9999.0,-9999.0,-9999.0,11.0399999619,45.1414490988728,28.5964043647617,249710.76,666174.82,12,8,11.04
NS46NE_598,1,7_1,3.71704018595,-9999.0,-9999.0,-9999.0,13.8819999695,132.613915218706,48.9359971233337,249577.89,666174.69,20,12,13.882
NS46NE_599,1,7_1,4.76383756022,-9999.0,-9999.0,-9999.0,10.7030000687,163.387110155691,52.0272479437523,249764.11,666176.47,12,8,10.703
NS46NE_600,1,7_1,4.39753328699,-9999.0,-9999.0,-9999.0,10.6840000153,584.008177076794,164.170526829828,249731.27,666186.86,92,48,10.684
NS46NE_601,1,7_1,5.47235565952,-9999.0,-9999.0,-9999.0,14.0050001144,174.076888022727,56.0497921728795,249524.13,666170.6,28,16,14.005
NS46NE_602,1,7_1,2.3497954132,-9999.0,-9999.0,-9999.0,11.125,35.8046999985818,26.004582608659,249802.41,666162.82,12,8,11.125
NS46NE_603,1,7_1,3.93535801697,-9999.0,-9999.0,-9999.0,11.1219997406,279.920154520444,86.7686749180916,249873.15,666167.28,36,20,11.122
NS46NE_604,1,7_1,4.055527332,-9999.0,-9999.0,-9999.0,13.8620004654,153.136516051652,51.8151730553559,249568.52,666162.2,20,12,13.862
NS46NE_605,1,7_1,4.34971106843,-9999.0,-9999.0,-9999.0,11.3330001831,196.041305059806,61.9254650025004,249816.6,666162.73,28,16,11.333
NS46NE_606,1,7_1,4.31200676964,-9999.0,-9999.0,-9999.0,13.3140001297,234.877156103562,73.1393183655525,249636.78,666164.86,36,20,13.314
NS46NE_607,1,7_1,5.57888165423,-9999.0,-9999.0,-9999.0,10.9139995575,350.041384528083,118.953516363612,249904.43,666162.33,76,40,10.914
NS46NE_608,1,7_1,4.43222180139,-9999.0,-9999.0,-9999.0,10.8140001297,232.387616076095,67.0057835257364,249751.66,666159.58,36,20,10.814
NS46NE_609,1,7_1,2.57578181295,-9999.0,-9999.0,-9999.0,11.5830001831,26.006639996752,21.3560044257395,249900.07,666150.07,12,8,11.583
NS46NE_610,1,7_1,4.52928990892,-9999.0,-9999.0,-9999.0,14.1599998474,189.025499375389,70.6840992025308,249518.4,666155.65,44,24,14.16
NS46NE_611,1,7_1,2.26178885932,-9999.0,-9999.0,-9999.0,12.1992311478,79.4365850459545,39.7935097794762,249686.18,666152.46,20,12,12.199
NS46NE_612,1,7_1,4.58373356094,-9999.0,-9999.0,-9999.0,11.0889997482,215.562474675648,65.1299628763987,249710.86,666155.0,20,12,11.089
NS46NE_613,1,7_1,5.22032117042,-9999.0,-9999.0,-9999.0,10.3999996185,338.134990062864,115.971249094133,249964.84,666151.49,72,38,10.4
NS46NE_614,1,7_1,3.84483674793,-9999.0,-9999.0,-9999.0,13.9359998703,206.681545385215,59.8829018151108,249558.95,666151.44,28,16,13.936
NS46NE_615,1,7_1,2.89017467065,-9999.0,-9999.0,-9999.0,11.1239995956,26.0265262510804,24.5114273297884,249792.58,666142.99,8,6,11.124
NS46NE_616,1,7_1,4.43811071415,-9999.0,-9999.0,-9999.0,11.5380001068,227.650781206403,67.9097177156285,249850.06,666152.23,20,12,11.538
NS46NE_617,1,7_1,4.00052633801,-9999.0,-9999.0,-9999.0,11.343000412,172.455252027944,60.4628211786323,249806.66,666148.87,44,24,11.343
NS46NE_618,1,7_1,5.52716159641,-9999.0,-9999.0,-9999.0,14.4160003662,137.252639895297,48.333793832835,249506.57,666144.26,20,12,14.416
NS46NE_620,1,7_1,3.89755100477,-9999.0,-9999.0,-9999.0,14.0749998093,150.725025280524,54.9128132531982,249550.13,666137.49,20,12,14.075
NS46NE_621,1,7_1,5.96773958979,-9999.0,-9999.0,-9999.0,11.4940004349,148.330080555918,55.1989138015449,249902.75,666138.01,28,16,11.494
NS46NE_622,1,7_1,5.61282366239,-9999.0,-9999.0,-9999.0,11.2069997787,165.15470877602,55.840026335278,249944.58,666138.08,28,16,11.207
NS46NE_623,1,7_1,2.68109513492,-9999.0,-9999.0,-9999.0,11.593000412,64.9004445236097,32.2288691844383,249854.35,666134.1,12,8,11.593
NS46NE_624,1,7_1,2.50027488569,-9999.0,-9999.0,-9999.0,11.8100004196,56.7937875062522,30.2527378604578,249665.51,666131.1,12,8,11.81
NS46NE_625,1,7_1,4.24187928554,-9999.0,-9999.0,-9999.0,11.1280002594,226.778103432246,67.6297388033275,249735.97,666137.63,28,16,11.128
NS46NE_626,1,7_1,2.58125165895,-9999.0,-9999.0,-9999.0,11.1280002594,113.034390726451,58.7484588025701,249962.09,666134.97,28,16,11.128
NS46NE_627,1,7_1,4.51463030326,-9999.0,-9999.0,-9999.0,11.5740003586,220.545991614644,66.6976697517999,249793.48,666129.09,20,12,11.574
NS46NE_628,1,7_1,3.55478393207,-9999.0,-9999.0,-9999.0,14.2229995728,165.439458334264,65.8490072862429,249539.44,666124.91,36,20,14.223
NS46NE_629,1,7_1,2.92135195171,-9999.0,-9999.0,-9999.0,11.6470003128,87.9349005375891,46.2185171674444,249949.26,666123.08,32,18,11.647
NS46NE_630,1,7_1,5.77895393238,-9999.0,-9999.0,-9999.0,11.8780002594,147.753017456674,48.6354167097007,249892.57,666124.48,12,8,11.878
NS46NE_631,1,7_1,6.36567284291,-9999.0,-9999.0,-9999.0,11.6610002518,127.939909102222,48.20614652932,249933.11,666124.1,20,12,11.661
NS46NE_633,1,7_1,4.18550413842,-9999.0,-9999.0,-9999.0,11.734000206,329.123649446077,97.6955508243228,249837.18,666128.17,44,24,11.734
NS46NE_634,1,7_1,4.19083608003,-9999.0,-9999.0,-9999.0,11.7130002975,136.349121455873,46.8389575782528,249723.47,666118.87,12,8,11.713
NS46NE_635,1,7_1,2.50611965712,-9999.0,-9999.0,-9999.0,14.7539997101,58.4079378425279,30.5874245251092,249515.97,666115.87,12,8,14.754
NS46NE_636,1,7_1,3.86175473106,-9999.0,-9999.0,-9999.0,14.7220001221,135.088796827981,48.7188353779818,249533.84,666112.53,20,12,14.722
NS46NE_637,1,7_1,2.06090142261,-9999.0,-9999.0,-9999.0,12.6079998016,26.3834699958339,22.3986845742324,249872.19,666106.5,12,8,12.608
NS46NE_638,1,7_1,2.09650772374,-9999.0,-9999.0,-9999.0,11.8350000381,44.3265525020818,32.8972960745033,249936.23,666108.97,20,12,11.835
NS46NE_639,1,7_1,3.58440452814,-9999.0,-9999.0,-9999.0,12.1169996262,209.099430018364,64.6029250835666,249824.69,666112.57,36,20,12.117
NS46NE_640,1,7_1,3.02706498026,-9999.0,-9999.0,-9999.0,12.2729997635,38.9907862495383,25.5681664824427,249751.85,666106.24,12,8,12.273
NS46NE_641,1,7_1,4.90725850168,-9999.0,-9999.0,-9999.0,12.0609998703,176.706731248121,82.4048375899275,249883.02,666114.3,60,32,12.061
NS46NE_642,1,7_1,3.90000794061,-9999.0,-9999.0,-9999.0,11.5900001526,594.649143959376,182.292013857994,249685.59,666124.01,116,60,11.59
NS46NE_643,1,7_1,3.84437355289,-9999.0,-9999.0,-9999.0,11.5530004501,328.31803317501,107.718132945508,249777.22,666113.46,60,32,11.553
NS46NE_644,1,7_1,2.63431852004,-9999.0,-9999.0,-9999.0,12.3109998703,30.2511150020676,26.1143922180084,249733.17,666097.2,8,6,12.311
NS46NE_645,1,7_1,4.31584751789,-9999.0,-9999.0,-9999.0,11.8400001526,183.332130031979,54.5045594696132,249714.87,666103.51,20,12,11.84
NS46NE_646,1,7_1,4.30500787836,-9999.0,-9999.0,-9999.0,12.6540002823,124.30138559367,44.6529691548642,249813.08,666100.72,12,8,12.654
NS46NE_647,1,7_1,4.19164821806,-9999.0,-9999.0,-9999.0,15.0543994904,135.922266115039,46.6357026317866,249525.16,666100.03,12,8,15.054
NS46NE_648,1,7_1,4.73528906963,-9999.0,-9999.0,-9999.0,11.8789997101,240.510031299598,80.0783811082835,249923.72,666104.52,44,24,11.879
NS46NE_649,1,7_1,2.63982506715,-9999.0,-9999.0,-9999.0,12.8699998856,59.5800900003092,34.722206598973,249857.34,666095.51,20,12,12.87
NS46NE_650,1,7_1,2.80443612083,-9999.0,-9999.0,-9999.0,12.9440002441,31.2680999990717,22.7279540292559,249652.37,666091.24,12,8,12.944
NS46NE_651,1,7_1,6.10460797581,-9999.0,-9999.0,-9999.0,12.5860004425,138.009554487028,49.804767380564,249872.99,666095.31,28,16,12.586
NS46NE_652,1,7_1,3.74765029368,-9999.0,-9999.0,-9999.0,12.2629995346,200.980886795836,80.5460092651175,249663.2,666099.16,32,18,12.263
NS46NE_653,1,7_1,5.64102515292,-9999.0,-9999.0,-9999.0,11.9930000305,152.115140510653,55.7306841552873,249912.08,666095.18,20,12,11.993
NS46NE_654,1,7_1,4.35513714008,-9999.0,-9999.0,-9999.0,12.8400001526,132.287596273929,46.1945514321892,249765.58,666088.84,12,8,12.84
NS46NE_655,1,7_1,4.11368676043,-9999.0,-9999.0,-9999.0,15.1759996414,126.00415151704,44.9436547811038,249516.9,666087.64,12,8,15.176
NS46NE_656,1,7_1,2.05682256554,-9999.0,-9999.0,-9999.0,13.2309999466,41.9909220744114,33.0406532703356,249821.53,666082.62,20,12,13.231
NS46NE_657,1,7_1,3.98725199102,-9999.0,-9999.0,-9999.0,13.1479997635,183.718053748284,56.5109136536378,249804.94,666085.38,20,12,13.148
NS46NE_658,1,7_1,4.30085692796,-9999.0,-9999.0,-9999.0,12.4270000458,291.721625625687,69.9896338519073,249701.85,666085.86,12,8,12.427
NS46NE_659,1,7_1,3.09955671493,-9999.0,-9999.0,-9999.0,12.8739995956,49.1200199945987,28.0898734189228,249721.17,666076.76,12,8,12.874
NS46NE_660,1,7_1,6.2245421019,-9999.0,-9999.0,-9999.0,12.6719999313,165.470566553963,53.6210323221357,249861.42,666081.08,20,12,12.672
NS46NE_661,1,7_1,2.54786721984,-9999.0,-9999.0,-9999.0,13.3461103439,20.9957212476356,22.0976788827546,249739.32,666071.32,8,6,13.346
NS46NE_662,1,7_1,4.086803269,-9999.0,-9999.0,-9999.0,15.2399997711,129.058558319162,48.8520834331199,249508.03,666076.22,20,12,15.24
NS46NE_663,1,7_1,4.10062588796,-9999.0,-9999.0,-9999.0,13.3319997787,132.877353054783,48.5669891795542,249755.35,666074.5,28,16,13.332
NS46NE_664,1,7_1,5.19663139472,-9999.0,-9999.0,-9999.0,13.545999527,159.879346595223,51.093138185745,249794.26,666073.97,12,8,13.546
NS46NE_665,1,7_1,4.35200345104,-9999.0,-9999.0,-9999.0,13.2410001755,284.677814711721,95.1296964583923,249652.48,666073.96,28,16,13.241
NS46NE_666,1,7_1,2.29804557597,-9999.0,-9999.0,-9999.0,12.9899997711,45.7911224962147,28.7502959946933,249838.07,666065.1,12,8,12.99
NS46NE_667,1,7_1,2.37731180097,-9999.0,-9999.0,-9999.0,13.5550003052,29.3744249997544,25.2339621877328,249913.87,666063.41,8,6,13.555
NS46NE_668,1,7_1,2.88991063024,-9999.0,-9999.0,-9999.0,13.232000351,85.2522914682541,40.4566836783874,249711.2,666064.92,20,12,13.232
NS46NE_669,1,7_1,6.49859137255,-9999.0,-9999.0,-9999.0,12.8389997482,128.251477658219,46.0358233675028,249852.17,666065.79,12,8,12.839
NS46NE_670,1,7_1,2.39856675213,-9999.0,-9999.0,-9999.0,13.5220003128,72.6616237543962,35.3364131875161,249818.43,666062.4,12,8,13.522
NS46NE_672,1,7_1,4.99145808955,-9999.0,-9999.0,-9999.0,12.968000412,296.711729695553,77.1032642789532,249687.22,666066.32,44,24,12.968
NS46NE_673,1,7_1,4.14160421719,-9999.0,-9999.0,-9999.0,13.4849996567,200.34931764825,62.3828781678207,249783.04,666057.33,20,12,13.485
NS46NE_674,1,7_1,6.25389621935,-9999.0,-9999.0,-9999.0,13.1780004501,106.070308686525,42.2569265344187,249842.06,666051.17,12,8,13.178
NS46NE_675,1,7_1,2.34921073914,-9999.0,-9999.0,-9999.0,14.6689996719,52.7794050047888,29.2824292428628,249688.27,666047.62,12,8,14.669
NS46NE_676,1,7_1,4.98528987485,-9999.0,-9999.0,-9999.0,12.4899997711,567.581334839859,196.882933067462,249891.45,666064.89,132,68,12.49
NS46NE_677,1,7_1,2.20573047045,-9999.0,-9999.0,-9999.0,17.0480003357,77.7115162551791,39.3201497982423,249616.17,666045.97,20,12,17.048
NS46NE_678,1,7_1,3.89873111992,-9999.0,-9999.0,-9999.0,16.0849990845,199.965817834982,68.1477754817543,249633.85,666048.32,36,20,16.085
NS46NE_680,1,7_1,4.70761281992,-9999.0,-9999.0,-9999.0,14.859000206,277.272054237328,68.0289888281702,249672.4,666044.55,12,8,14.859
NS46NE_681,1,7_1,5.56624201153,-9999.0,-9999.0,-9999.0,13.3489999771,140.615428170408,52.6777667895852,249830.78,666037.68,28,16,13.349
NS46NE_682,1,7_1,4.38174949779,-9999.0,-9999.0,-9999.0,13.5069999695,527.147365354945,157.972459275806,249734.6,666046.17,76,40,13.507
NS46NE_683,1,7_1,4.38437666242,-9999.0,-9999.0,-9999.0,13.6669998169,233.535734273173,66.0347216370082,249767.93,666036.89,28,16,13.667
NS46NE_684,1,7_1,5.21018094615,-9999.0,-9999.0,-9999.0,16.861000061,159.586379671408,51.2196603173279,249622.3,666031.93,20,12,16.861
NS46NE_685,1,7_1,2.29959497484,-9999.0,-9999.0,-9999.0,16.1459999084,80.3031154731086,37.8335972916471,249686.16,666026.94,20,12,16.146
NS46NE_686,1,7_1,2.29609437891,-9999.0,-9999.0,-9999.0,13.8999996185,38.9968799988952,25.1594353121875,249769.69,666021.52,12,8,13.9
NS46NE_687,1,7_1,4.48432752961,-9999.0,-9999.0,-9999.0,13.829000473,25.0747349980293,26.2712567185608,249794.03,666021.56,12,8,13.829
NS46NE_688,1,7_1,6.38869016736,-9999.0,-9999.0,-9999.0,13.4960002899,130.606178819284,46.4772424103729,249821.28,666022.86,12,8,13.496
NS46NE_689,1,7_1,2.41123141413,-9999.0,-9999.0,-9999.0,16.3169994354,29.4234037503089,22.0150309055977,249600.91,666017.74,12,8,16.317
NS46NE_690,1,7_1,6.19342829428,-9999.0,-9999.0,-9999.0,16.6529998779,80.2869974556692,36.1238022285201,249613.57,666018.71,12,8,16.653
NS46NE_691,1,7_1,3.66369919138,-9999.0,-9999.0,-9999.0,16.4899997711,262.68432406361,86.8980864796689,249659.87,666023.95,44,24,16.49
NS46NE_692,1,7_1,5.52396989163,-9999.0,-9999.0,-9999.0,13.0410003662,338.017834972465,99.7134352104621,249864.21,666028.21,36,20,13.041
NS46NE_693,1,7_1,5.47284668595,-9999.0,-9999.0,-9999.0,14.9359998703,240.172499587046,64.1335322062478,249713.67,666020.9,20,12,14.936
NS46NE_694,1,7_1,4.27684717126,-9999.0,-9999.0,-9999.0,14.0590000153,233.169445301423,71.3676571075418,249753.43,666016.51,36,20,14.059
NS46NE_695,1,7_1,4.22746342007,-9999.0,-9999.0,-9999.0,13.3950004578,103.525915891445,41.8652865865795,249849.52,666007.99,20,12,13.395
NS46NE_696,1,7_1,2.68656023741,-9999.0,-9999.0,-9999.0,15.343000412,22.6843200060528,22.0621787600264,249572.76,666002.51,8,6,15.343
NS46NE_698,1,7_1,5.71307346463,-9999.0,-9999.0,-9999.0,15.6490001678,133.226699416256,50.7704005761094,249604.49,666005.98,28,16,15.649
NS46NE_699,1,7_1,4.03727237214,-9999.0,-9999.0,-9999.0,13.9790000916,191.808122459586,62.7725224031158,249808.83,666006.33,28,16,13.979
NS46NE_700,1,7_1,2.37816876056,-9999.0,-9999.0,-9999.0,14.5654668808,27.9813037536211,25.1373244069616,249764.63,665996.96,8,6,14.566
NS46NE_701,1,7_1,4.51240918769,-9999.0,-9999.0,-9999.0,16.0009994507,151.472009879674,54.5301834426023,249704.17,666002.75,36,20,16.001
NS46NE_702,1,7_1,4.01990784571,-9999.0,-9999.0,-9999.0,15.0380001068,168.796014152075,57.7400447714222,249743.01,665999.29,28,16,15.038
NS46NE_703,1,7_1,2.37222392537,-9999.0,-9999.0,-9999.0,15.2880001068,28.5855562500693,22.295962252277,249580.6,665991.34,12,8,15.288
NS46NE_704,1,7_1,4.60120032997,-9999.0,-9999.0,-9999.0,13.6870002747,95.6605854705824,39.591211894621,249840.07,665995.07,12,8,13.687
NS46NE_705,1,7_1,2.5553279185,-9999.0,-9999.0,-9999.0,15.1870002747,26.1951187507038,25.5580676911248,249571.4,665989.24,16,10,15.187
NS46NE_706,1,7_1,8.12850286866,-9999.0,-9999.0,-9999.0,13.3640003204,4265.94220806316,519.659736977725,249577.77,666050.69,300,146,13.364
NS46NE_707,1,7_1,5.21738657787,-9999.0,-9999.0,-9999.0,14.9790000916,170.824089861324,56.1028422830283,249592.97,665989.32,20,12,14.979
NS46NE_708,1,7_1,4.49581634515,-9999.0,-9999.0,-9999.0,15.4630002975,482.017337817651,132.498626259467,249638.92,665998.12,52,28,15.463
NS46NE_709,1,7_1,3.94315545554,-9999.0,-9999.0,-9999.0,16.0300006866,127.710737081509,45.2265819914414,249691.69,665987.51,12,8,16.03
NS46NE_710,1,7_1,4.10221962109,-9999.0,-9999.0,-9999.0,13.5740003586,130.083702137013,47.4143189745607,249508.07,665985.97,12,8,13.574
NS46NE_711,1,7_1,4.86048961297,-9999.0,-9999.0,-9999.0,15.904999733,159.543288958304,51.0129671614088,249730.4,665984.77,12,8,15.905
NS46NE_712,1,7_1,2.42556418871,-9999.0,-9999.0,-9999.0,14.9890003204,23.0189287490026,21.9343443366061,249575.6,665979.34,8,6,14.989
NS46NE_713,1,7_1,4.17411562163,-9999.0,-9999.0,-9999.0,13.8326663971,112.384742087175,46.9144505551771,249832.13,665982.25,28,16,13.833
NS46NE_714,1,7_1,1.97441283269,-9999.0,-9999.0,-9999.0,13.4479999542,21.4633724968531,22.2639877327079,249538.96,665970.04,8,6,13.448
NS46NE_715,1,7_1,4.00760106559,-9999.0,-9999.0,-9999.0,15.9600000381,163.649295424629,54.2104410268574,249679.9,665976.29,36,20,15.96
NS46NE_716,1,7_1,2.35281191167,-9999.0,-9999.0,-9999.0,13.4429998398,24.9577875029063,20.9778190177943,249541.73,665968.72,12,8,13.443
NS46NE_717,1,7_1,3.93494792626,-9999.0,-9999.0,-9999.0,14.1660003662,453.81696054948,132.953568473601,249787.51,665983.0,56,30,14.166
NS46NE_718,1,7_1,2.66417554855,-9999.0,-9999.0,-9999.0,14.1800003052,30.1150275041186,25.4768442401116,249565.16,665965.35,8,6,14.18
NS46NE_719,1,7_1,3.01640433178,-9999.0,-9999.0,-9999.0,15.8800001144,59.8151975209688,32.5662278380848,249742.07,665967.82,12,8,15.88
NS46NE_720,1,7_1,5.40575970995,-9999.0,-9999.0,-9999.0,14.2740001678,112.491128242407,46.35374387093,249820.4,665969.12,28,16,14.274
NS46NE_721,1,7_1,3.84444724373,-9999.0,-9999.0,-9999.0,14.2559995651,207.832225935113,78.3535754588144,249580.42,665974.32,24,14,14.256
NS46NE_722,1,7_1,3.55179837737,-9999.0,-9999.0,-9999.0,16.1170005798,205.780134846495,66.0029759928572,249721.66,665968.19,36,20,16.117
NS46NE_723,1,7_1,2.77922095271,-9999.0,-9999.0,-9999.0,15.3540000916,35.6456250021701,24.7448980314836,249641.44,665962.05,12,8,15.354
NS46NE_724,1,7_1,3.97303536135,-9999.0,-9999.0,-9999.0,13.2559995651,201.057329542019,63.2674556015809,249523.99,665966.37,20,12,13.256
NS46NE_725,1,7_1,5.39919975885,-9999.0,-9999.0,-9999.0,14.9192857742,183.491043541107,66.8075159523125,249618.69,665970.23,32,18,14.919
NS46NE_727,1,7_1,5.61618423304,-9999.0,-9999.0,-9999.0,15.829000473,155.230939336804,57.0835719598833,249668.09,665962.0,28,16,15.829
NS46NE_728,1,7_1,4.60128214987,-9999.0,-9999.0,-9999.0,12.8719997406,96.5974215952575,39.6760727205538,249541.03,665955.02,12,8,12.872
NS46NE_729,1,7_1,6.484414813,-9999.0,-9999.0,-9999.0,15.1780004501,104.771073771907,42.0750537820906,249650.0,665953.07,12,8,15.178
NS46NE_730,1,7_1,4.5280255409,-9999.0,-9999.0,-9999.0,15.8420000076,96.9762376380844,39.7641430232331,249707.44,665954.72,12,8,15.842
NS46NE_731,1,7_1,6.12872070332,-9999.0,-9999.0,-9999.0,15.4219999313,153.634380183643,53.6142624427786,249771.9,665956.21,20,12,15.422
NS46NE_732,1,7_1,5.98652035135,-9999.0,-9999.0,-9999.0,14.7790002823,157.472140670839,56.3106637401255,249812.75,665954.86,28,16,14.779
NS46NE_733,1,7_1,2.57737615045,-9999.0,-9999.0,-9999.0,15.8680000305,62.5489237511456,38.0643241827812,249722.3,665950.27,16,10,15.868
NS46NE_734,1,7_1,4.44307977548,-9999.0,-9999.0,-9999.0,14.6990003586,101.863958212998,40.872149693158,249632.21,665948.81,12,8,14.699
NS46NE_735,1,7_1,4.42396072719,-9999.0,-9999.0,-9999.0,13.9270000458,102.314795855481,41.6636710584999,249606.64,665946.73,20,12,13.927
NS46NE_736,1,7_1,4.43682756246,-9999.0,-9999.0,-9999.0,15.7600002289,156.005431956205,52.4809452822091,249757.92,665945.68,28,16,15.76
NS46NE_737,1,7_1,4.81780907519,-9999.0,-9999.0,-9999.0,12.6619997025,103.02700340196,40.9401477334652,249506.24,665943.36,12,8,12.662
NS46NE_738,1,7_1,5.28919276657,-9999.0,-9999.0,-9999.0,12.7600002289,326.383062207692,111.501071629035,249566.24,665946.12,52,28,12.76
NS46NE_739,1,7_1,5.57947154883,-9999.0,-9999.0,-9999.0,15.6540002823,212.968143112922,64.3635879746149,249738.57,665942.77,28,16,15.654
NS46NE_740,1,7_1,2.33427635523,-9999.0,-9999.0,-9999.0,15.6820001602,30.819765003797,25.6024901400431,249724.1,665937.22,8,6,15.682
NS46NE_741,1,7_1,5.91157647625,-9999.0,-9999.0,-9999.0,15.1820001602,127.964286573895,48.7033051264989,249801.05,665939.97,20,12,15.182
NS46NE_742,1,7_1,4.13996680445,-9999.0,-9999.0,-9999.0,12.4099998474,186.303429764972,57.8905795496146,249524.32,665932.07,12,8,12.41
NS46NE_743,1,7_1,5.57689237916,-9999.0,-9999.0,-9999.0,15.3039999008,190.652325333715,56.7889520124225,249675.56,665924.44,20,12,15.304
NS46NE_745,1,7_1,5.60140125751,-9999.0,-9999.0,-9999.0,14.329000473,105.612075712818,44.31900396123,249644.47,665919.64,28,16,14.329
NS46NE_746,1,7_1,5.94332705943,-9999.0,-9999.0,-9999.0,15.5469999313,195.527595846608,56.6566977457642,249785.27,665923.23,12,8,15.547
NS46NE_747,1,7_1,4.29051315043,-9999.0,-9999.0,-9999.0,12.0970001221,142.258823677149,47.7125986024867,249541.18,665920.11,12,8,12.097
NS46NE_748,1,7_1,4.08053063962,-9999.0,-9999.0,-9999.0,13.4519996643,166.519201816274,56.123976014104,249626.84,665919.23,28,16,13.452
NS46NE_749,1,7_1,5.68167595559,-9999.0,-9999.0,-9999.0,15.6920003891,321.106337650282,83.3121801073601,249699.94,665920.0,36,20,15.692
NS46NE_750,1,7_1,4.35400583937,-9999.0,-9999.0,-9999.0,13.001999855,140.417078574817,47.399946853542,249610.29,665915.72,12,8,13.002
NS46NE_751,1,7_1,4.15162242576,-9999.0,-9999.0,-9999.0,12.1809997559,129.638169261191,48.9123459719924,249557.68,665913.6,20,12,12.181
NS46NE_752,1,7_1,4.26869451855,-9999.0,-9999.0,-9999.0,12.4960002899,129.704939877666,46.1997762684225,249593.56,665912.81,20,12,12.496
NS46NE_753,1,7_1,3.14051334531,-9999.0,-9999.0,-9999.0,16.0499992371,58.3263996186574,30.5899840839965,249727.82,665910.97,12,8,16.05
NS46NE_754,1,7_1,4.40538677583,-9999.0,-9999.0,-9999.0,12.2950000763,155.151979593378,53.9307038239075,249577.02,665911.35,28,16,12.295
NS46NE_755,1,7_1,5.49659877462,-9999.0,-9999.0,-9999.0,15.8000001907,404.654596981738,122.177026625375,249757.4,665913.05,76,40,15.8
NS46NE_756,1,7_1,5.96273647062,-9999.0,-9999.0,-9999.0,12.2309999466,133.626037790559,47.0798771410602,249506.9,665903.22,20,12,12.231
NS46NE_757,1,7_1,2.80120095406,-9999.0,-9999.0,-9999.0,12.015999794,71.1998321966412,36.340670971992,249562.76,665898.52,12,8,12.016
NS46NE_758,1,7_1,6.59971951456,-9999.0,-9999.0,-9999.0,12.1079998016,112.376595101187,43.2953046033284,249522.02,665893.97,12,8,12.108
NS46NE_759,1,7_1,2.67850443212,-9999.0,-9999.0,-9999.0,13.1339998245,22.0965599954286,19.9267702554714,249626.06,665887.91,12,8,13.134
NS46NE_760,1,7_1,6.38372839644,-9999.0,-9999.0,-9999.0,13.3350000381,122.263570019471,48.7533428447893,249640.24,665888.67,28,16,13.335
NS46NE_761,1,7_1,6.18223063151,-9999.0,-9999.0,-9999.0,12.1199998856,63.8965354322778,32.0422182737404,249571.23,665883.77,12,8,12.12
NS46NE_762,1,7_1,6.12500312467,-9999.0,-9999.0,-9999.0,11.8859996796,149.395848051924,52.0055849344835,249539.64,665886.18,20,12,11.886
NS46NE_763,1,7_1,4.63312165799,-9999.0,-9999.0,-9999.0,14.1462306976,264.300880979322,91.721930397319,249676.68,665891.54,68,36,14.146
NS46NE_764,1,7_1,5.76829858776,-9999.0,-9999.0,-9999.0,12.031999588,129.858922206926,45.5904352113134,249571.96,665872.91,12,8,12.032
NS46NE_765,1,7_1,5.43473118421,-9999.0,-9999.0,-9999.0,12.984000206,166.718774230208,60.9563758279075,249665.47,665869.53,36,20,12.984
NS46NE_766,1,7_1,4.98085441883,-9999.0,-9999.0,-9999.0,12.1759996414,304.848477112386,101.885907136602,249603.35,665875.8,68,36,12.176
NS46NE_767,1,7_1,4.70078370478,-9999.0,-9999.0,-9999.0,12.4340000153,142.026551254987,49.4018653431846,249627.04,665868.34,28,16,12.434
NS46NE_768,1,7_1,5.8706486732,-9999.0,-9999.0,-9999.0,12.170999527,130.641927059872,45.7685536626175,249542.01,665863.59,12,8,12.171
NS46NE_770,1,7_1,6.14017068621,-9999.0,-9999.0,-9999.0,12.3920001984,126.965897458922,45.585459919918,249572.55,665856.39,12,8,12.392
NS46NE_771,1,7_1,2.56013154409,-9999.0,-9999.0,-9999.0,12.3830003738,24.4608000026153,23.6405949110298,249544.53,665849.4,8,6,12.383
NS46NE_772,1,7_1,5.57225562417,-9999.0,-9999.0,-9999.0,12.361000061,95.089878560539,41.8751574514139,249531.62,665852.19,20,12,12.361
NS46NE_773,1,7_1,6.06269781532,-9999.0,-9999.0,-9999.0,12.5360002518,149.31028564127,52.9980275082245,249512.17,665848.56,28,16,12.536
NS46NE_774,1,7_1,4.60521069772,-9999.0,-9999.0,-9999.0,12.0850000381,226.468005551293,76.4943179568559,249654.1,665851.64,48,26,12.085
NS46NE_775,1,7_1,5.93200386026,-9999.0,-9999.0,-9999.0,12.6809997559,133.984830112319,49.3604145284678,249569.92,665838.63,20,12,12.681
NS46NE_776,1,7_1,5.69877053315,-9999.0,-9999.0,-9999.0,11.970000267,149.480497448734,55.9602382748445,249641.98,665840.08,36,20,11.97
NS46NE_777,1,7_1,6.85110158876,-9999.0,-9999.0,-9999.0,11.8873996735,11801.4357272271,501.548254477928,249956.9,665906.09,108,56,11.887
NS46NE_778,1,7_1,4.82350413802,-9999.0,-9999.0,-9999.0,12.1909999847,204.321886724392,66.8093522093881,249603.46,665832.7,36,20,12.191
NS46NE_779,1,7_1,2.85513063861,-9999.0,-9999.0,-9999.0,12.8640003204,41.3221912478246,26.2494707935096,249559.18,665829.0,16,10,12.864
NS46NE_780,1,7_1,6.04018032262,-9999.0,-9999.0,-9999.0,13.7060003281,1438.72596352049,190.542023826916,249735.44,665849.79,64,34,13.706
NS46NE_781,1,7_1,6.17881991506,-9999.0,-9999.0,-9999.0,12.0200004578,128.077635372396,61.3175997053277,249621.42,665830.3,28,16,12.02
NS46NE_782,1,7_1,6.13873293671,-9999.0,-9999.0,-9999.0,12.8109998703,102.195505948207,41.1067447434374,249570.5,665821.44,12,8,12.811
NS46NE_783,1,7_1,2.44981282587,-9999.0,-9999.0,-9999.0,12.7860002518,48.4538287497006,29.0080283414539,249558.84,665817.22,12,8,12.786
NS46NE_784,1,7_1,5.2208642313,-9999.0,-9999.0,-9999.0,13.2729997635,210.650025456906,65.8570515687762,249511.43,665818.01,44,24,13.273
NS46NE_785,1,7_1,2.9958344551,-9999.0,-9999.0,-9999.0,12.7729997635,37.8410850069529,25.5200426638927,249638.66,665811.15,12,8,12.773
NS46NE_786,1,7_1,5.59421072842,-9999.0,-9999.0,-9999.0,13.0190000534,257.773430131619,70.8619766974773,249538.29,665814.3,20,12,13.019
NS46NE_787,1,7_1,6.0697233662,-9999.0,-9999.0,-9999.0,12.734000206,168.219075006645,54.8078968570451,249623.57,665810.25,16,10,12.734
NS46NE_788,1,7_1,5.34845705889,-9999.0,-9999.0,-9999.0,12.7770004272,174.084778031812,56.6872225589149,249601.06,665803.92,20,12,12.777
NS46NE_789,1,7_1,2.35952665954,-9999.0,-9999.0,-9999.0,12.9809999466,32.6318962461154,23.8176900805702,249554.81,665801.44,12,8,12.981
NS46NE_790,1,7_1,5.71955307165,-9999.0,-9999.0,-9999.0,12.7309999466,179.971379201646,61.5320687876809,249568.16,665803.66,28,16,12.731
NS46NE_384,1,7_2,5.14299986493,-9999.0,-9999.0,-9999.0,8.67800045013,117.428524798388,45.877336943334,249865.35,666872.09,20,12,8.678
NS46NE_385,1,7_2,5.8695350647,-9999.0,-9999.0,-9999.0,8.79599952698,94.7589153283943,40.4958449388211,249873.83,666864.47,20,12,8.796
NS46NE_386,1,7_2,6.56400846122,-9999.0,-9999.0,-9999.0,6.8189997673,198.504535665095,60.3588775431406,249716.86,666866.64,12,8,6.819
NS46NE_387,1,7_2,5.90063290201,-9999.0,-9999.0,-9999.0,7.66200017929,86.881371349893,38.6839319413388,249780.28,666861.77,20,12,7.662
NS46NE_388,1,7_2,9.48762807184,-9999.0,-9999.0,-9999.0,8.34500026703,351.950865823807,85.6504706101435,249930.88,666867.33,28,16,8.345
NS46NE_389,1,7_2,5.87565767949,-9999.0,-9999.0,-9999.0,8.14500045776,303.325168736598,84.0425681365294,249815.97,666855.06,32,18,8.145
NS46NE_390,1,7_2,5.81956134902,-9999.0,-9999.0,-9999.0,9.05700016022,96.4306465185686,40.3369908851667,249903.61,666845.62,20,12,9.057
NS46NE_391,1,7_2,6.52498504353,-9999.0,-9999.0,-9999.0,6.757999897,202.462530826106,60.9606214834677,249702.01,666846.55,12,8,6.758
NS46NE_392,1,7_2,6.06382251202,-9999.0,-9999.0,-9999.0,7.79199981689,88.6249209479304,38.9688464353768,249766.32,666840.03,20,12,7.792
NS46NE_393,1,7_2,5.54493808121,-9999.0,-9999.0,-9999.0,8.54100036621,200.129628407334,89.7304904952499,249843.27,666841.77,44,24,8.541
NS46NE_394,1,7_2,9.87086371272,-9999.0,-9999.0,-9999.0,8.46800041199,666.987934945584,121.021763080898,249981.67,666845.37,32,18,8.468
NS46NE_395,1,7_2,6.09129200292,-9999.0,-9999.0,-9999.0,7.27699995041,269.476891136421,73.2304886194685,249733.23,666836.02,12,8,7.277
NS46NE_396,1,7_2,6.33006300688,-9999.0,-9999.0,-9999.0,9.10900020599,226.741589348805,64.4077723867933,249919.9,666835.45,16,10,9.109
NS46NE_397,1,7_2,6.30255970344,-9999.0,-9999.0,-9999.0,7.83599996567,97.6675355895496,39.6109845891154,249759.91,666828.41,12,8,7.836
NS46NE_398,1,7_2,6.24483895143,-9999.0,-9999.0,-9999.0,9.14200019836,118.554596996762,43.8152955449964,249938.45,666823.59,16,10,9.142
NS46NE_399,1,7_2,6.26758542716,-9999.0,-9999.0,-9999.0,7.9359998703,274.689708474644,73.9663042029226,249798.65,666828.46,16,10,7.936
NS46NE_400,1,7_2,5.54412742527,-9999.0,-9999.0,-9999.0,8.53178596497,248.624471244782,89.6000796120219,249826.58,666821.09,48,26,8.532
NS46NE_401,1,7_2,5.85210260936,-9999.0,-9999.0,-9999.0,8.01799964905,111.802832951227,45.0770162409726,249760.95,666814.91,20,12,8.018
NS46NE_402,1,7_2,5.93538064464,-9999.0,-9999.0,-9999.0,9.07999992371,110.667647480871,45.9754330365493,249907.18,666809.29,20,12,9.08
NS46NE_403,1,7_2,6.06024020117,-9999.0,-9999.0,-9999.0,9.17700004578,241.148655687016,71.232393178541,249957.27,666810.41,36,20,9.177
NS46NE_404,1,7_2,5.80615168554,-9999.0,-9999.0,-9999.0,8.53699970245,86.5999724953454,38.948933144597,249820.18,666805.72,12,8,8.537
NS46NE_405,1,7_2,6.55257969748,-9999.0,-9999.0,-9999.0,8.04599952698,92.0381903124164,38.4024790398459,249767.78,666803.38,12,8,8.046
NS46NE_406,1,7_2,5.48593952889,-9999.0,-9999.0,-9999.0,9.04100036621,109.579113167027,54.3548446855824,249904.49,666798.73,28,16,9.041
NS46NE_407,1,7_2,6.24882337645,-9999.0,-9999.0,-9999.0,8.67599964142,121.031435916533,44.8965521217304,249973.92,666799.78,20,12,8.676
NS46NE_408,1,7_2,5.72329642617,-9999.0,-9999.0,-9999.0,8.06799983978,187.600854791615,92.4180042876043,249782.8,666793.45,44,24,8.068
NS46NE_409,1,7_2,6.29111064944,-9999.0,-9999.0,-9999.0,9.07199954987,118.272739522203,44.8640042175555,249894.05,666787.84,20,12,9.072
NS46NE_410,1,7_2,5.63710995247,-9999.0,-9999.0,-9999.0,7.91699981689,125.379902647714,54.6193943971869,249767.28,666786.97,20,12,7.917
NS46NE_411,1,7_2,8.17989793799,-9999.0,-9999.0,-9999.0,6.73799991608,1946.98540895719,275.127860370497,249706.43,666797.83,92,48,6.738
NS46NE_412,1,7_2,6.13453093391,-9999.0,-9999.0,-9999.0,8.25599956512,89.1888412567903,37.4003905630077,249807.0,666777.82,16,10,8.256
NS46NE_413,1,7_2,5.94694566207,-9999.0,-9999.0,-9999.0,9.01599979401,285.036767261339,81.0352340981473,249928.14,666784.73,28,16,9.016
NS46NE_414,1,7_2,6.00278720669,-9999.0,-9999.0,-9999.0,7.97499990463,92.0452324376431,39.5608376256119,249758.68,666774.97,20,12,7.975
NS46NE_415,1,7_2,6.20077086977,-9999.0,-9999.0,-9999.0,8.38199996948,98.6759610638304,39.8075260395104,249817.38,666772.63,12,8,8.382
NS46NE_416,1,7_2,5.65601151483,-9999.0,-9999.0,-9999.0,8.97399997711,199.46393235171,91.7171899966372,249883.78,666771.73,52,28,8.974
NS46NE_417,1,7_2,6.24247588441,-9999.0,-9999.0,-9999.0,8.50100040436,79.3749376551814,35.6657501108818,249826.73,666765.54,12,8,8.501
NS46NE_418,1,7_2,6.25881603412,-9999.0,-9999.0,-9999.0,7.87300014496,102.218357645665,40.4830585818095,249754.18,666764.23,12,8,7.873
NS46NE_419,1,7_2,6.3182083492,-9999.0,-9999.0,-9999.0,8.38899993896,100.639195397016,40.1763228028929,249842.92,666758.66,12,8,8.389
NS46NE_420,1,7_2,5.97121159143,-9999.0,-9999.0,-9999.0,7.86999988556,88.838471301721,39.3880989423872,249746.17,666753.85,20,12,7.87
NS46NE_421,1,7_2,5.99449334704,-9999.0,-9999.0,-9999.0,8.90799999237,317.708496951387,83.8924416489659,249951.79,666763.32,20,12,8.908
NS46NE_422,1,7_2,6.29777926696,-9999.0,-9999.0,-9999.0,7.92399978638,183.573855043747,56.4398240813597,249797.46,666755.46,12,8,7.924
NS46NE_423,1,7_2,6.00890345569,-9999.0,-9999.0,-9999.0,8.84500026703,276.736707445604,74.5680635993457,249911.74,666758.67,24,14,8.845
NS46NE_424,1,7_2,6.19445375926,-9999.0,-9999.0,-9999.0,8.24300003052,125.153864091508,45.7285945770098,249835.96,666746.8,20,12,8.243
NS46NE_425,1,7_2,5.84787331355,-9999.0,-9999.0,-9999.0,7.54899978638,96.9511432632085,41.1468410014572,249743.42,666744.23,20,12,7.549
NS46NE_426,1,7_2,6.10215556755,-9999.0,-9999.0,-9999.0,8.64099979401,90.6431407758125,39.4610355025201,249871.45,666741.69,20,12,8.641
NS46NE_427,1,7_2,5.9752598599,-9999.0,-9999.0,-9999.0,8.63399982452,90.8047581084597,39.5093690245996,249932.28,666738.88,20,12,8.634
NS46NE_428,1,7_2,5.97890055595,-9999.0,-9999.0,-9999.0,7.82899999619,141.51251045446,50.0429453439931,249786.11,666739.34,28,16,7.829
NS46NE_429,1,7_2,13.8307914928,-9999.0,-9999.0,-9999.0,6.06699991226,2171.45994454684,289.364236351164,249542.86,666779.17,52,28,6.067
NS46NE_430,1,7_2,6.12880017724,-9999.0,-9999.0,-9999.0,8.19999980927,90.472073460203,39.4685649376705,249866.13,666732.71,20,12,8.2
NS46NE_431,1,7_2,6.2370193052,-9999.0,-9999.0,-9999.0,8.27999973297,77.4961783934462,35.2267612014302,249886.94,666730.26,12,8,8.28
NS46NE_432,1,7_2,6.28628788122,-9999.0,-9999.0,-9999.0,8.56999969482,117.732884639285,43.6526942580358,249943.38,666731.47,12,8,8.57
NS46NE_433,1,7_2,6.24365523702,-9999.0,-9999.0,-9999.0,7.84700012207,128.085351500585,45.4844295546153,249770.39,666727.95,12,8,7.847
NS46NE_434,1,7_2,5.9459692789,-9999.0,-9999.0,-9999.0,7.79400014877,254.90899388595,72.4565743446847,249819.11,666728.58,36,20,7.794
NS46NE_435,1,7_2,10.6348704736,-9999.0,-9999.0,-9999.0,7.94199991226,1306.12635418332,244.975438765262,249988.48,666739.88,68,36,7.942
NS46NE_436,1,7_2,6.07383199244,-9999.0,-9999.0,-9999.0,7.81500005722,169.715232327567,54.0200162840582,249860.89,666714.2,12,8,7.815
NS46NE_437,1,7_2,5.47873439956,-9999.0,-9999.0,-9999.0,7.50400018692,148.528068762215,45.8986192785524,249801.2,666712.54,20,12,7.504
NS46NE_438,1,7_2,6.00992873198,-9999.0,-9999.0,-9999.0,8.45499992371,370.873158405604,92.1970038795875,249914.35,666710.66,12,8,8.455
NS46NE_439,1,7_2,5.48320077538,-9999.0,-9999.0,-9999.0,7.00600004196,1450.06255271758,208.978637691177,249657.18,666730.68,52,28,7.006
NS46NE_440,1,7_2,6.18302562828,-9999.0,-9999.0,-9999.0,7.52899980545,150.292425966197,49.3843995145553,249785.91,666702.94,12,8,7.529
NS46NE_441,1,7_2,5.86291657689,-9999.0,-9999.0,-9999.0,7.9439997673,213.714937795068,63.133503628674,249852.81,666696.67,12,8,7.944
NS46NE_442,1,7_2,5.94904413921,-9999.0,-9999.0,-9999.0,7.47200012207,155.108349186797,49.5794188980742,249778.38,666686.41,16,10,7.472
NS46NE_443,1,7_2,6.10607622343,-9999.0,-9999.0,-9999.0,7.73500013351,230.930163538099,65.2376001191869,249849.19,666672.61,28,16,7.735
NS46NE_445,1,7_2,6.04640236279,-9999.0,-9999.0,-9999.0,7.66900014877,267.115711371233,70.9064192479799,249772.25,666665.11,20,12,7.669
NS46NE_446,1,7_2,6.16910651876,-9999.0,-9999.0,-9999.0,7.76999998093,278.465279110314,73.5537439149673,249825.45,666659.17,24,14,7.77
NS46NE_447,1,7_2,10.0714955785,-9999.0,-9999.0,-9999.0,8.02200031281,700.975094008861,137.196785607107,249879.96,666663.99,28,16,8.022
NS46NE_448,1,7_2,6.01291083875,-9999.0,-9999.0,-9999.0,7.82999992371,264.410505061005,71.1223772526283,249748.64,666649.52,28,16,7.83
NS46NE_449,1,7_2,8.39698043628,-9999.0,-9999.0,-9999.0,7.95100021362,869.096355713789,187.11844464151,249936.84,666667.9,52,28,7.951
NS46NE_451,1,7_2,2.57145439877,-9999.0,-9999.0,-9999.0,7.93699979782,28.9556662477577,25.4040616476686,249977.32,666633.19,8,6,7.937
NS46NE_452,1,7_2,6.06305655051,-9999.0,-9999.0,-9999.0,7.64400005341,318.187313563177,82.3851379335884,249813.07,666634.3,36,20,7.644
NS46NE_453,1,7_2,5.903657248,-9999.0,-9999.0,-9999.0,7.86600017548,258.963947001829,72.1502072335658,249745.21,666619.55,36,20,7.866
NS46NE_454,1,7_2,6.07762477511,-9999.0,-9999.0,-9999.0,7.95900011063,171.198031561696,54.3677088990271,249737.51,666599.35,20,12,7.959
NS46NE_455,1,7_2,5.92690492194,-9999.0,-9999.0,-9999.0,7.66300010681,345.923630519911,87.2466156081924,249785.5,666592.89,36,20,7.663
NS46NE_456,1,7_2,10.1949060804,-9999.0,-9999.0,-9999.0,7.57999992371,261.07532227922,71.5270280872285,249701.53,666587.52,20,12,7.58
NS46NE_457,1,7_2,2.01406420937,-9999.0,-9999.0,-9999.0,8.09899997711,23.4865162519383,22.7558379685497,249842.46,666575.25,8,6,8.099
NS46NE_458,1,7_2,10.2749362597,-9999.0,-9999.0,-9999.0,7.94600009918,1758.62270100077,189.98864150808,249984.93,666593.33,52,28,7.946
NS46NE_459,1,7_2,6.4995579925,-9999.0,-9999.0,-9999.0,7.82800006866,848.083676032991,192.6214368134,249835.43,666597.86,100,52,7.828
NS46NE_460,1,7_2,10.2718043885,-9999.0,-9999.0,-9999.0,7.69999980927,253.758532580116,68.9622865039115,249721.97,666571.62,20,12,7.7
NS46NE_461,1,7_2,6.0460380016,-9999.0,-9999.0,-9999.0,8.07100009918,268.164664515632,72.9335122803628,249764.07,666570.57,36,20,8.071
NS46NE_462,1,7_2,5.29748810177,-9999.0,-9999.0,-9999.0,8.05500030518,159.173276902865,52.6487515537435,249812.51,666552.98,40,22,8.055
NS46NE_463,1,7_2,10.3224991706,-9999.0,-9999.0,-9999.0,7.88000011444,251.295881038569,68.4156022398082,249706.19,666550.89,20,12,7.88
NS46NE_464,1,7_2,10.3832379109,-9999.0,-9999.0,-9999.0,7.90799999237,254.260655215304,68.7707839952133,249769.65,666546.76,20,12,7.908
NS46NE_465,1,7_2,7.90649718465,-9999.0,-9999.0,-9999.0,7.56199979782,2077.30944379188,394.565572816459,249871.36,666576.98,172,88,7.562
NS46NE_467,1,7_2,7.53366751687,-9999.0,-9999.0,-9999.0,7.96199989319,236.270678623436,70.785355895205,249728.96,666525.0,20,12,7.962
NS46NE_468,1,7_2,7.73190243925,-9999.0,-9999.0,-9999.0,8.24499988556,584.566750976592,141.054642929556,249669.95,666527.3,52,28,8.245
NS46NE_469,1,7_2,6.69461728531,-9999.0,-9999.0,-9999.0,8.71300029755,270.467091650247,79.683712472541,249617.63,666512.54,28,16,8.713
NS46NE_470,1,7_2,7.2311818234,-9999.0,-9999.0,-9999.0,8.38599967957,126.089452064623,46.0030073672379,249756.54,666504.91,12,8,8.386
NS46NE_471,1,7_2,10.5505967642,-9999.0,-9999.0,-9999.0,8.40400028229,680.993749166416,157.171235100041,249809.12,666515.85,60,32,8.404
NS46NE_473,1,7_2,6.52413927068,-9999.0,-9999.0,-9999.0,8.52700042725,569.943384191298,150.162234872501,249903.01,666504.37,60,32,8.527
NS46NE_474,1,7_2,7.32323256885,-9999.0,-9999.0,-9999.0,8.78600025177,260.826050214146,79.6773910287634,249635.53,666494.34,44,24,8.786
NS46NE_475,1,7_2,6.68575806469,-9999.0,-9999.0,-9999.0,8.67099952698,269.295222569621,78.7787627707972,249593.5,666489.77,28,16,8.671
NS46NE_477,1,7_2,5.67254135876,-9999.0,-9999.0,-9999.0,8.82999992371,181.481745842628,59.583617511127,249929.62,666485.39,44,24,8.83
NS46NE_478,1,7_2,7.30091683993,-9999.0,-9999.0,-9999.0,8.40900039673,242.384101928388,65.8863757840632,249565.73,666480.99,12,8,8.409
NS46NE_479,1,7_2,8.38247274331,-9999.0,-9999.0,-9999.0,8.91699981689,433.246728787156,111.083324807115,249707.5,666488.51,28,16,8.917
NS46NE_480,1,7_2,10.3570177049,-9999.0,-9999.0,-9999.0,8.43700027466,671.18572817523,161.042770505045,249785.63,666484.21,72,38,8.437
NS46NE_481,1,7_2,3.85925482332,-9999.0,-9999.0,-9999.0,8.47799968719,713.9964459674,156.687732560284,249983.02,666477.18,76,40,8.478
NS46NE_482,1,7_2,2.52352891862,-9999.0,-9999.0,-9999.0,9.25100040436,33.4956262492701,23.6754532792366,249693.9,666464.66,12,8,9.251
NS46NE_483,1,7_2,7.24685734655,-9999.0,-9999.0,-9999.0,8.70899963379,264.258399143982,80.423153713318,249610.6,666470.78,44,24,8.709
NS46NE_484,1,7_2,7.33397907129,-9999.0,-9999.0,-9999.0,8.35400009155,240.621014562113,66.6419256051663,249545.66,666464.74,20,12,8.354
NS46NE_485,1,7_2,2.12319081266,-9999.0,-9999.0,-9999.0,8.98200035095,21.726491247619,21.8427462018249,249962.06,666455.44,8,6,8.982
NS46NE_486,1,7_2,2.2188286574,-9999.0,-9999.0,-9999.0,8.97399997711,22.2653699978532,23.60682248582,249971.43,666453.07,8,6,8.974
NS46NE_487,1,7_2,6.88171369241,-9999.0,-9999.0,-9999.0,9.10200023651,263.569883030838,76.7045786296699,249676.32,666460.55,20,12,9.102
NS46NE_488,1,7_2,2.36568494128,-9999.0,-9999.0,-9999.0,9.02600002289,32.0924699980752,23.6272780740441,249995.03,666450.9,12,8,9.026
NS46NE_489,1,7_2,6.60488363359,-9999.0,-9999.0,-9999.0,9.13599967957,287.418424058981,102.038785584741,249644.61,666462.47,52,28,9.136
NS46NE_490,1,7_2,9.20914866715,-9999.0,-9999.0,-9999.0,8.89599990845,643.042104402073,152.918476202056,249729.57,666471.21,36,20,8.896
NS46NE_491,1,7_2,9.65039670016,-9999.0,-9999.0,-9999.0,9.05300045013,478.439183423805,129.46609976395,249853.61,666459.68,68,36,9.053
NS46NE_492,1,7_2,2.10690759242,-9999.0,-9999.0,-9999.0,9.08899974823,26.6563725002638,24.1234923111784,249995.16,666438.41,8,6,9.089
NS46NE_493,1,7_2,8.31447471113,-9999.0,-9999.0,-9999.0,9.10299968719,504.350078782904,128.719813605595,249901.9,666453.68,44,24,9.103
NS46NE_494,1,7_2,10.1072762797,-9999.0,-9999.0,-9999.0,8.56799983978,246.771000541489,66.3492776389439,249599.04,666441.52,12,8,8.568
NS46NE_495,1,7_2,7.3137396929,-9999.0,-9999.0,-9999.0,9.10299968719,221.316935142061,68.8461866358978,249708.05,666433.22,20,12,9.103
NS46NE_496,1,7_2,6.80843229367,-9999.0,-9999.0,-9999.0,9.11900043488,273.65385972197,77.6370624989141,249650.38,666430.0,20,12,9.119
NS46NE_497,1,7_2,10.25331836,-9999.0,-9999.0,-9999.0,8.38399982452,245.068926648886,66.2860613195592,249577.9,666424.22,12,8,8.384
NS46NE_498,1,7_2,3.9792629218,-9999.0,-9999.0,-9999.0,8.93500041962,1300.02102418008,261.499728761144,249977.02,666434.36,104,54,8.935
NS46NE_500,1,7_2,8.23991763651,-9999.0,-9999.0,-9999.0,9.03499984741,833.341687940943,206.453230006205,249761.68,666442.23,92,48,9.035
NS46NE_501,1,7_2,2.66744044819,-9999.0,-9999.0,-9999.0,9.57699966431,28.8353287480339,21.7081546701311,249866.54,666411.19,12,8,9.577
NS46NE_502,1,7_2,6.87639573933,-9999.0,-9999.0,-9999.0,8.65299987793,269.116556714573,77.3434582648998,249547.15,666419.39,20,12,8.653
NS46NE_503,1,7_2,6.21388782797,-9999.0,-9999.0,-9999.0,9.15499973297,153.465249968814,51.9230698402113,249879.65,666414.91,20,12,9.155
NS46NE_504,1,7_2,6.54419137403,-9999.0,-9999.0,-9999.0,9.57400035858,270.960936293565,83.9941644531736,249827.15,666418.48,28,16,9.574
NS46NE_505,1,7_2,6.59881945533,-9999.0,-9999.0,-9999.0,9.27200031281,144.840589302032,49.7620403472089,249717.85,666411.05,12,8,9.272
NS46NE_506,1,7_2,2.24508331483,-9999.0,-9999.0,-9999.0,9.31299972534,25.6819500043455,23.4476555136317,249919.97,666404.55,8,6,9.313
NS46NE_507,1,7_2,6.79093118658,-9999.0,-9999.0,-9999.0,9.27900028229,268.303207871648,79.1399589991584,249639.19,666407.32,36,20,9.279
NS46NE_508,1,7_2,3.86549344407,-9999.0,-9999.0,-9999.0,9.09500026703,847.767570736351,163.18232745051,249942.13,666412.97,44,24,9.095
NS46NE_509,1,7_2,7.22634370692,-9999.0,-9999.0,-9999.0,9.14000034332,224.443976203527,68.9187516576071,249682.6,666403.32,12,8,9.14
NS46NE_510,1,7_2,6.78035857627,-9999.0,-9999.0,-9999.0,9.25699996948,139.111978332262,48.7830228195059,249705.53,666396.58,12,8,9.257
NS46NE_511,1,7_2,6.81896136853,-9999.0,-9999.0,-9999.0,8.65799999237,276.952835482525,81.0308010054221,249519.54,666397.99,36,20,8.658
NS46NE_512,1,7_2,10.1896976943,-9999.0,-9999.0,-9999.0,9.79399967194,239.364807109911,69.9793444889173,249742.19,666396.35,32,18,9.794
NS46NE_513,1,7_2,6.22430628829,-9999.0,-9999.0,-9999.0,9.54599952698,157.637238027492,53.5209522110601,249902.68,666392.28,20,12,9.546
NS46NE_514,1,7_2,2.30025619268,-9999.0,-9999.0,-9999.0,9.30599975586,44.9887200059017,26.9958612429035,249957.79,666384.94,12,8,9.306
NS46NE_515,1,7_2,2.74253841788,-9999.0,-9999.0,-9999.0,9.64500045776,43.6338587175123,27.272200585109,249844.06,666383.06,12,8,9.645
NS46NE_516,1,7_2,8.56285088302,-9999.0,-9999.0,-9999.0,9.02700042725,314.963324196703,93.73942963197,249571.74,666388.91,44,24,9.027
NS46NE_518,1,7_2,6.61243161952,-9999.0,-9999.0,-9999.0,9.54800033569,265.103466435681,83.4208026816721,249806.26,666389.89,28,16,9.548
NS46NE_519,1,7_2,4.13369448843,-9999.0,-9999.0,-9999.0,9.52700042725,273.441482650072,81.5152492685088,249861.16,666388.73,36,20,9.527
NS46NE_520,1,7_2,6.70001464029,-9999.0,-9999.0,-9999.0,9.22900009155,315.313499124177,103.365172448437,249616.12,666386.85,44,24,9.229
NS46NE_522,1,7_2,9.94119568254,-9999.0,-9999.0,-9999.0,9.94600009918,241.998063869189,74.1249999117458,249727.34,666375.17,44,24,9.946
NS46NE_524,1,7_2,6.04905569376,-9999.0,-9999.0,-9999.0,9.54699993134,157.260410937384,52.176252924157,249940.11,666368.62,12,8,9.547
NS46NE_525,1,7_2,6.760644233,-9999.0,-9999.0,-9999.0,9.65600013733,269.118876303695,76.7938554570197,249593.49,666371.07,12,8,9.656
NS46NE_526,1,7_2,7.04200546284,-9999.0,-9999.0,-9999.0,9.58100032806,247.828088495126,75.1911618317586,249885.58,666370.66,28,16,9.581
NS46NE_527,1,7_2,9.56521106374,-9999.0,-9999.0,-9999.0,9.71199989319,233.694552469529,68.0618530414405,249786.0,666365.84,28,16,9.712
NS46NE_528,1,7_2,9.22660750141,-9999.0,-9999.0,-9999.0,9.29699993134,645.722066015965,160.730205214357,249647.6,666376.95,56,30,9.297
NS46NE_529,1,7_2,7.2700318413,-9999.0,-9999.0,-9999.0,10.1750001907,241.928798727183,69.2055538285897,249703.45,666360.12,20,12,10.175
NS46NE_530,1,7_2,8.55111170517,-9999.0,-9999.0,-9999.0,9.51900005341,299.316970603854,100.061256749773,249548.57,666364.63,40,22,9.519
NS46NE_531,1,7_2,6.04919133551,-9999.0,-9999.0,-9999.0,9.71399974823,155.40943309042,52.9726221639206,249871.22,666347.79,12,8,9.714
NS46NE_532,1,7_2,9.51190730967,-9999.0,-9999.0,-9999.0,9.71399974823,240.648022422042,68.6028327436289,249974.04,666346.12,28,16,9.714
NS46NE_533,1,7_2,9.24168771966,-9999.0,-9999.0,-9999.0,9.88599967957,237.6188740851,68.9048321134046,249770.64,666344.4,28,16,9.886
NS46NE_534,1,7_2,9.53584303033,-9999.0,-9999.0,-9999.0,9.75399971008,227.021941370004,67.5474719184529,249924.69,666345.11,12,8,9.754
NS46NE_535,1,7_2,6.79541103427,-9999.0,-9999.0,-9999.0,9.55700016022,268.917023379761,78.0064258340769,249564.44,666343.53,24,14,9.557
NS46NE_536,1,7_2,10.1994906815,-9999.0,-9999.0,-9999.0,10.5410003662,256.595508966845,69.4291609708648,249683.97,666341.93,20,12,10.541
NS46NE_537,1,7_2,7.17691618432,-9999.0,-9999.0,-9999.0,9.77370929718,225.232205354227,69.1645366983898,249622.34,666340.38,20,12,9.774
NS46NE_538,1,7_2,5.56449387742,-9999.0,-9999.0,-9999.0,9.67399978638,503.569223742382,133.026328066983,249829.48,666350.77,52,28,9.674
NS46NE_539,1,7_2,2.56907507268,-9999.0,-9999.0,-9999.0,9.94799995422,23.3210625007658,23.0118857591799,249767.55,666328.65,8,6,9.948
NS46NE_540,1,7_2,2.33877417858,-9999.0,-9999.0,-9999.0,9.78699970245,71.274993244309,39.5671229929987,249883.54,666328.59,24,14,9.787
NS46NE_541,1,7_2,3.25717153016,-9999.0,-9999.0,-9999.0,10.0430002213,43.8140877689607,27.7194284419681,249807.42,666325.93,12,8,10.043
NS46NE_542,1,7_2,9.6038791942,-9999.0,-9999.0,-9999.0,9.77900028229,235.840122890499,67.832571536512,249995.56,666330.81,28,16,9.779
NS46NE_543,1,7_2,6.70355128164,-9999.0,-9999.0,-9999.0,9.85999965668,140.478864937664,49.1693329453321,249559.72,666325.22,12,8,9.86
NS46NE_544,1,7_2,9.36739911753,-9999.0,-9999.0,-9999.0,9.83399963379,232.706138839101,69.7171647385524,249908.25,666321.76,16,10,9.834
NS46NE_545,1,7_2,7.16826997228,-9999.0,-9999.0,-9999.0,10.7569999695,251.856337024678,72.5308183686126,249673.76,666318.08,28,16,10.757
NS46NE_546,1,7_2,6.43609382463,-9999.0,-9999.0,-9999.0,10.1668329239,223.922565031604,76.618000550796,249750.81,666316.64,36,20,10.167
NS46NE_547,1,7_2,8.86935684151,-9999.0,-9999.0,-9999.0,9.64900016785,274.867369203956,78.2627977472971,249637.15,666317.04,28,16,9.649
NS46NE_548,1,7_2,7.22583353353,-9999.0,-9999.0,-9999.0,9.77799987793,229.173504802612,69.5609123421798,249593.81,666313.38,20,12,9.778
NS46NE_549,1,7_2,6.73304971702,-9999.0,-9999.0,-9999.0,9.98900032043,143.212903207065,51.6582894650237,249575.24,666306.64,28,16,9.989
NS46NE_550,1,7_2,4.03299382001,-9999.0,-9999.0,-9999.0,10.1739997864,238.471402662499,78.3408875901748,249803.55,666308.62,36,20,10.174
NS46NE_551,1,7_2,6.29226553045,-9999.0,-9999.0,-9999.0,10.0539999008,156.060658538415,56.5157503525437,249873.78,666302.38,12,8,10.054
NS46NE_552,1,7_2,7.00316503506,-9999.0,-9999.0,-9999.0,10.1850004196,254.578403457352,76.0931328238907,249840.73,666302.42,28,16,10.185
NS46NE_553,1,7_2,8.98063647555,-9999.0,-9999.0,-9999.0,9.57100009918,270.312854271094,78.0647923494039,249616.41,666297.35,28,16,9.571
NS46NE_554,1,7_2,10.3426717939,-9999.0,-9999.0,-9999.0,11.1850004196,238.151998999004,71.3526334898779,249667.07,666291.18,32,18,11.185
NS46NE_555,1,7_2,6.19019961664,-9999.0,-9999.0,-9999.0,10.6700000763,119.868506673979,45.1784448259502,249552.48,666286.59,12,8,10.67
NS46NE_556,1,7_2,6.04806406311,-9999.0,-9999.0,-9999.0,10.5059995651,154.113761791693,52.7573033903594,249788.44,666286.72,12,8,10.506
NS46NE_557,1,7_2,6.34890504765,-9999.0,-9999.0,-9999.0,10.1929998398,228.914618428068,76.320629293945,249729.94,666288.25,44,24,10.193
NS46NE_558,1,7_2,3.86650614856,-9999.0,-9999.0,-9999.0,10.1009998322,217.459898414534,83.7811642915118,249894.78,666285.71,56,30,10.101
NS46NE_559,1,7_2,6.07938180555,-9999.0,-9999.0,-9999.0,11.1812858582,146.602347841724,51.1297872053028,249567.3,666272.78,20,12,11.181
NS46NE_560,1,7_2,6.93310749784,-9999.0,-9999.0,-9999.0,10.361000061,261.070296727661,75.8379336970478,249822.2,666276.45,28,16,10.361
NS46NE_562,1,7_2,9.04112468489,-9999.0,-9999.0,-9999.0,10.1540002823,251.372533313719,73.495277745962,249918.53,666269.64,36,20,10.154
NS46NE_563,1,7_2,10.0666057847,-9999.0,-9999.0,-9999.0,11.1879997253,241.042463864234,70.2431212746265,249652.16,666269.43,28,16,11.188
NS46NE_564,1,7_2,4.95926680374,-9999.0,-9999.0,-9999.0,10.8830003738,195.933150576838,71.971967266959,249717.4,666262.19,40,22,10.883
NS46NE_565,1,7_2,6.79360735706,-9999.0,-9999.0,-9999.0,11.7709999084,143.401036396487,50.2737017200811,249635.62,666253.32,20,12,11.771
NS46NE_566,1,7_2,9.33101812352,-9999.0,-9999.0,-9999.0,10.1490001678,242.93855512358,68.531168199575,249940.93,666254.03,28,16,10.149
NS46NE_567,1,7_2,5.58947009061,-9999.0,-9999.0,-9999.0,12.3319997787,172.050713910607,58.1415031220235,249539.65,666251.39,20,12,12.332
NS46NE_569,1,7_2,5.84192068204,-9999.0,-9999.0,-9999.0,11.4549999237,320.294957538629,95.4049463051904,249588.33,666254.65,44,24,11.455
NS46NE_570,1,7_2,4.13081040436,-9999.0,-9999.0,-9999.0,10.6829996109,213.171223353734,83.4959256324842,249773.24,666250.87,56,30,10.683
NS46NE_158,1,7_3,2.53572291429,-9999.0,-9999.0,-9999.0,5.67600011826,67.7122950013069,38.5350738353666,249747.52,667493.29,8,6,5.676
NS46NE_159,1,7_3,6.54961524367,-9999.0,-9999.0,-9999.0,6.09700012207,176.445038412684,56.8615838400341,249910.26,667486.03,12,8,6.097
NS46NE_161,1,7_3,5.61233209579,-9999.0,-9999.0,-9999.0,5.76200008392,853.647577417013,157.026305049524,249713.52,667469.68,28,16,5.762
NS46NE_162,1,7_3,6.64551695091,-9999.0,-9999.0,-9999.0,8.06999969482,750.157843633289,205.812336302819,249599.93,667475.27,72,38,8.07
NS46NE_163,1,7_3,6.63441851242,-9999.0,-9999.0,-9999.0,8.14200019836,376.030442456674,111.577083454289,249627.05,667459.65,40,22,8.142
NS46NE_164,1,7_3,5.77136036129,-9999.0,-9999.0,-9999.0,7.69999980927,182.216262782682,59.9986374936391,249540.72,667448.1,44,24,7.7
NS46NE_165,1,7_3,8.15296012783,-9999.0,-9999.0,-9999.0,7.13500022888,228.782385032813,77.4402209651281,249563.53,667439.32,28,16,7.135
NS46NE_166,1,7_3,9.08473021378,-9999.0,-9999.0,-9999.0,7.93699979782,205.541252755677,60.3390170646355,249609.02,667434.41,12,8,7.937
NS46NE_167,1,7_3,6.88708656912,-9999.0,-9999.0,-9999.0,6.47900009155,164.081842996448,53.5252374456037,249651.26,667418.06,12,8,6.479
NS46NE_168,1,7_3,8.97404858959,-9999.0,-9999.0,-9999.0,7.8060002327,208.755339284837,61.0903918306638,249593.83,667418.44,12,8,7.806
NS46NE_169,1,7_3,6.72711043786,-9999.0,-9999.0,-9999.0,6.21999979019,661.735571344895,190.234620075925,249677.68,667427.8,68,36,6.22
NS46NE_170,1,7_3,6.36303168808,-9999.0,-9999.0,-9999.0,7.88999986649,97.7688272078536,39.5938184752323,249555.56,667404.54,12,8,7.89
NS46NE_171,1,7_3,6.55637595341,-9999.0,-9999.0,-9999.0,6.49800014496,116.94842285785,47.0079774980822,249640.37,667404.73,20,12,6.498
NS46NE_172,1,7_3,6.59172094372,-9999.0,-9999.0,-9999.0,7.632999897,93.9163011909623,38.8163260248584,249584.23,667399.19,12,8,7.633
NS46NE_173,1,7_3,6.55153789314,-9999.0,-9999.0,-9999.0,7.54699993134,381.573682722512,115.939917285659,249530.09,667408.35,52,28,7.547
NS46NE_174,1,7_3,6.36616360617,-9999.0,-9999.0,-9999.0,7.47700023651,93.7872637523296,37.2295701690904,249581.16,667388.02,16,10,7.477
NS46NE_175,1,7_3,6.73413833435,-9999.0,-9999.0,-9999.0,6.23199987411,271.16231651578,88.7079814904592,249625.44,667385.64,36,20,6.232
NS46NE_176,1,7_3,5.98543329167,-9999.0,-9999.0,-9999.0,7.37799978256,211.636089581611,97.6544497061828,249546.13,667378.51,44,24,7.378
NS46NE_177,1,7_3,6.71512901292,-9999.0,-9999.0,-9999.0,6.14599990845,681.976951159267,191.616959013025,249736.71,667387.68,96,50,6.146
NS46NE_178,1,7_3,9.20745001477,-9999.0,-9999.0,-9999.0,7.33500003815,201.8228828557,59.7091127069189,249579.15,667364.14,12,8,7.335
NS46NE_179,1,7_3,6.30533741062,-9999.0,-9999.0,-9999.0,6.38000011444,815.045363237377,233.191266944591,249689.96,667381.58,84,44,6.38
NS46NE_180,1,7_3,5.64062922675,-9999.0,-9999.0,-9999.0,6.29500007629,143.882253194695,48.5838234995691,249994.89,667363.43,12,8,6.295
NS46NE_181,1,7_3,6.86622335766,-9999.0,-9999.0,-9999.0,6.53042840958,213.426894807511,69.2042669530384,249645.13,667360.7,28,16,6.53
NS46NE_182,1,7_3,2.74672854574,-9999.0,-9999.0,-9999.0,6.74499988556,27.9291900020067,25.4354707092925,249950.0,667345.2,8,6,6.745
NS46NE_183,1,7_3,6.31940786086,-9999.0,-9999.0,-9999.0,7.28200006485,99.4597317720705,39.892202830627,249543.57,667346.92,12,8,7.282
NS46NE_184,1,7_3,5.22141330668,-9999.0,-9999.0,-9999.0,6.3060002327,175.235484826237,56.053543356931,249982.91,667346.85,12,8,6.306
NS46NE_185,1,7_3,8.27574963961,-9999.0,-9999.0,-9999.0,6.24900007248,341.165664630206,109.133198257465,249731.33,667349.45,36,20,6.249
NS46NE_186,1,7_3,6.1495570865,-9999.0,-9999.0,-9999.0,6.72499990463,102.227399457039,40.4754965596989,249950.18,667334.72,12,8,6.725
NS46NE_187,1,7_3,5.83127051145,-9999.0,-9999.0,-9999.0,5.97800016403,253.87192530031,93.4496588778328,249755.98,667336.17,36,20,5.978
NS46NE_188,1,7_3,5.27950316916,-9999.0,-9999.0,-9999.0,6.57700014114,98.3126536882835,43.2159136035408,249993.12,667331.26,28,16,6.577
NS46NE_189,1,7_3,6.75524517271,-9999.0,-9999.0,-9999.0,6.54677772522,306.828892789853,91.6402476255542,249657.91,667335.26,32,18,6.547
NS46NE_190,1,7_3,6.53804928016,-9999.0,-9999.0,-9999.0,6.4279999733,225.27474754119,73.1619562071866,249687.19,667332.18,28,16,6.428
NS46NE_191,1,7_3,6.10188886611,-9999.0,-9999.0,-9999.0,6.6890001297,62.4055267469243,32.6721739236933,249948.23,667322.02,12,8,6.689
NS46NE_192,1,7_3,5.03054256719,-9999.0,-9999.0,-9999.0,6.51800012589,107.497789023737,43.1512483619637,249983.35,667322.03,24,14,6.518
NS46NE_193,1,7_3,5.25801138536,-9999.0,-9999.0,-9999.0,6.75114297867,100.018596786897,60.0062026521409,249941.23,667315.83,44,24,6.751
NS46NE_194,1,7_3,6.94825722417,-9999.0,-9999.0,-9999.0,6.13800001144,180.03240275445,57.347347815782,249711.0,667317.86,12,8,6.138
NS46NE_195,1,7_3,6.49804279844,-9999.0,-9999.0,-9999.0,7.41300010681,666.328113275355,185.198429870826,249518.23,667336.46,56,30,7.413
NS46NE_196,1,7_3,6.39849025278,-9999.0,-9999.0,-9999.0,7.47100019455,102.964918112647,40.590005831773,249533.65,667314.47,12,8,7.471
NS46NE_197,1,7_3,6.37539211988,-9999.0,-9999.0,-9999.0,7.54799985886,632.087768614137,183.556865889424,249597.98,667331.34,76,40,7.548
NS46NE_198,1,7_3,2.24601401509,-9999.0,-9999.0,-9999.0,6.59800004959,22.7136899996173,21.946765532721,249958.18,667306.87,8,6,6.598
NS46NE_199,1,7_3,4.80862710416,-9999.0,-9999.0,-9999.0,6.50500011444,206.89159988034,69.4192911022554,249758.87,667307.53,20,12,6.505
NS46NE_200,1,7_3,5.70024819123,-9999.0,-9999.0,-9999.0,7.25250005722,69.5065597781833,37.7518879610296,249927.1,667306.54,28,16,7.253
NS46NE_201,1,7_3,5.29842571131,-9999.0,-9999.0,-9999.0,6.61299991608,195.423231275131,89.2329592847173,249986.08,667306.87,56,32,6.613
NS46NE_202,1,7_3,6.10486794177,-9999.0,-9999.0,-9999.0,7.19899988174,56.490541814793,31.3261278232641,249892.73,667297.9,16,10,7.199
NS46NE_203,1,7_3,5.35012463866,-9999.0,-9999.0,-9999.0,6.78000020981,130.933762502178,56.1501359770846,249558.64,667300.72,28,16,6.78
NS46NE_204,1,7_3,5.94468850581,-9999.0,-9999.0,-9999.0,7.15000009537,160.344785840548,53.9056717998946,249940.21,667296.64,20,12,7.15
NS46NE_206,1,7_3,5.9746503985,-9999.0,-9999.0,-9999.0,7.33300018311,64.0642651776846,34.4875492013545,249901.94,667293.21,20,12,7.333
NS46NE_207,1,7_3,2.66914596991,-9999.0,-9999.0,-9999.0,7.28000020981,28.2769724987813,22.0571689008158,249891.46,667287.79,12,8,7.28
NS46NE_209,1,7_3,2.71580156083,-9999.0,-9999.0,-9999.0,6.8639998436,65.5895848560757,38.4477294137715,249667.35,667284.86,12,8,6.864
NS46NE_210,1,7_3,5.54018584903,-9999.0,-9999.0,-9999.0,6.68800020218,131.519054162767,46.368136737661,249564.74,667285.24,12,8,6.688
NS46NE_211,1,7_3,6.14420625535,-9999.0,-9999.0,-9999.0,7.23099994659,93.7482206028409,38.7865058153641,249933.17,667281.39,12,8,7.231
NS46NE_212,1,7_3,5.94787959461,-9999.0,-9999.0,-9999.0,8.25800037384,141.170708687463,50.2723045218707,249977.98,667283.37,20,12,8.258
NS46NE_214,1,7_3,5.03636118502,-9999.0,-9999.0,-9999.0,6.77400016785,158.249792872414,63.5123424294411,249656.87,667277.75,44,24,6.774
NS46NE_215,1,7_3,3.05185607835,-9999.0,-9999.0,-9999.0,7.57566690445,26.1202612484972,21.0560772994958,249840.43,667272.22,12,8,7.576
NS46NE_216,1,7_3,6.26389021223,-9999.0,-9999.0,-9999.0,7.26200008392,115.294394517834,43.2037726047957,249679.37,667274.21,12,8,7.262
NS46NE_217,1,7_3,6.0602495283,-9999.0,-9999.0,-9999.0,7.55999994278,143.372634297297,52.528146910185,249882.77,667273.88,28,16,7.56
NS46NE_218,1,7_3,6.15759627825,-9999.0,-9999.0,-9999.0,7.76599979401,105.982688191291,41.2585811169675,249868.97,667269.24,12,8,7.766
NS46NE_219,1,7_3,6.39924467055,-9999.0,-9999.0,-9999.0,8.25599956512,123.33279013334,44.6442462040461,249967.12,667269.81,12,8,8.256
NS46NE_220,1,7_3,6.11864529584,-9999.0,-9999.0,-9999.0,7.36999988556,125.421944455431,46.6895088172918,249711.28,667269.28,20,12,7.37
NS46NE_221,1,7_3,6.13573490184,-9999.0,-9999.0,-9999.0,7.35400009155,104.837311992521,41.0190500950846,249921.87,667268.61,12,8,7.354
NS46NE_222,1,7_3,6.03272813512,-9999.0,-9999.0,-9999.0,7.73600006104,98.5395818360721,39.7478689600022,249853.94,667266.86,12,8,7.736
NS46NE_223,1,7_3,5.30850036948,-9999.0,-9999.0,-9999.0,6.93849992752,236.001679906216,74.5252052166097,249624.82,667270.45,40,22,6.939
NS46NE_224,1,7_3,6.28994251799,-9999.0,-9999.0,-9999.0,7.08500003815,67.430740837796,33.5771205073178,249679.65,667262.1,12,8,7.085
NS46NE_225,1,7_3,6.32258943531,-9999.0,-9999.0,-9999.0,6.78000020981,149.486345487679,51.7122784136805,249652.37,667261.85,28,16,6.78
NS46NE_226,1,7_3,5.30951811942,-9999.0,-9999.0,-9999.0,7.04799985886,168.316626565894,68.8622890126727,249742.1,667264.1,36,20,7.048
NS46NE_227,1,7_3,6.37934528698,-9999.0,-9999.0,-9999.0,7.42399978638,66.8870713806044,33.5245804466723,249771.66,667258.09,12,8,7.424
NS46NE_228,1,7_3,5.87442083493,-9999.0,-9999.0,-9999.0,7.36899995804,185.927734337731,77.6387080210328,249603.54,667259.09,36,20,7.369
NS46NE_229,1,7_3,5.72745155787,-9999.0,-9999.0,-9999.0,7.44299983978,122.920924293249,47.1725826380244,249910.11,667257.18,20,12,7.443
NS46NE_230,1,7_3,6.31024480001,-9999.0,-9999.0,-9999.0,7.6939997673,89.5851838867921,37.9214001612029,249717.81,667255.37,12,8,7.694
NS46NE_231,1,7_3,5.68802505659,-9999.0,-9999.0,-9999.0,7.50600004196,132.035165608079,54.3574615839329,249784.11,667255.81,24,14,7.506
NS46NE_232,1,7_3,5.16208123921,-9999.0,-9999.0,-9999.0,7.61000013351,473.63873486807,171.968188027349,249818.18,667257.46,88,46,7.61
NS46NE_233,1,7_3,7.60305906301,-9999.0,-9999.0,-9999.0,6.78599977493,347.89691779913,107.684876381749,249533.36,667260.91,28,16,6.786
NS46NE_234,1,7_3,6.33795716106,-9999.0,-9999.0,-9999.0,8.22299957275,217.574115503264,63.4890834678839,249955.51,667254.66,20,12,8.223
NS46NE_235,1,7_3,6.12667328119,-9999.0,-9999.0,-9999.0,7.65700006485,95.8051486687379,39.1781117811896,249897.52,667248.52,12,8,7.657
NS46NE_236,1,7_3,6.47129160358,-9999.0,-9999.0,-9999.0,7.08900022507,121.229358075065,46.3253008859227,249587.88,667247.15,20,12,7.089
NS46NE_237,1,7_3,6.26033879351,-9999.0,-9999.0,-9999.0,7.03599977493,106.540039150769,41.6599101706543,249647.51,667245.36,12,8,7.036
NS46NE_238,1,7_3,5.04589968946,-9999.0,-9999.0,-9999.0,7.27600002289,179.24110352757,75.7648111274275,249671.96,667248.71,28,16,7.276
NS46NE_239,1,7_3,2.74562523195,-9999.0,-9999.0,-9999.0,7.59600019455,29.0399325006686,21.8795167731097,249679.11,667236.41,12,8,7.596
NS46NE_240,1,7_3,5.65392486388,-9999.0,-9999.0,-9999.0,7.80200004578,125.345421872121,47.9308860580285,249851.1,667240.12,28,16,7.802
NS46NE_241,1,7_3,5.77402839083,-9999.0,-9999.0,-9999.0,7.90500020981,123.979056921539,47.944889129069,249880.93,667240.58,20,12,7.905
NS46NE_242,1,7_3,6.12778497239,-9999.0,-9999.0,-9999.0,7.26800012589,123.863963396194,45.9308567299572,249690.26,667239.34,12,8,7.268
NS46NE_243,1,7_3,6.59847320874,-9999.0,-9999.0,-9999.0,7.21799993515,118.322139924864,45.1479148085051,249577.79,667234.96,20,12,7.218
NS46NE_244,1,7_3,6.04947435306,-9999.0,-9999.0,-9999.0,7.25500011444,66.6933600500931,33.3885822100026,249763.37,667233.3,12,8,7.255
NS46NE_245,1,7_3,5.87913545795,-9999.0,-9999.0,-9999.0,7.26200008392,135.595806170327,52.8110448179968,249748.54,667235.85,28,16,7.262
NS46NE_246,1,7_3,6.01291257467,-9999.0,-9999.0,-9999.0,8.47700023651,63.2593120868099,32.9623313579783,249836.54,667230.43,16,10,8.477
NS46NE_247,1,7_3,5.65762268074,-9999.0,-9999.0,-9999.0,7.64200019836,129.826177730697,48.0161285167025,249704.8,667231.89,20,12,7.642
NS46NE_248,1,7_3,6.28752092265,-9999.0,-9999.0,-9999.0,7.62200021744,115.379844734581,43.3387082163946,249638.95,667230.64,12,8,7.622
NS46NE_249,1,7_3,2.88670772161,-9999.0,-9999.0,-9999.0,6.80700016022,29.8453500004252,22.3035653427851,249906.5,667227.82,12,8,6.807
NS46NE_250,1,7_3,6.45209576184,-9999.0,-9999.0,-9999.0,7.90700006485,215.912768584778,62.7565326142697,249941.71,667234.9,20,12,7.907
NS46NE_251,1,7_3,6.45995598144,-9999.0,-9999.0,-9999.0,8.23200035095,213.063469943749,62.1078295904598,249985.83,667233.0,20,12,8.232
NS46NE_252,1,7_3,6.12490940923,-9999.0,-9999.0,-9999.0,7.12900018692,89.0013651125539,39.2364585755937,249769.89,667227.89,20,12,7.129
NS46NE_253,1,7_3,6.10075243581,-9999.0,-9999.0,-9999.0,7.67899990082,62.9901898714972,32.5218573654021,249802.43,667225.84,12,8,7.679
NS46NE_255,1,7_3,5.30787755796,-9999.0,-9999.0,-9999.0,7.26200008392,128.262020724878,64.0385378258944,249894.41,667226.41,44,24,7.262
NS46NE_256,1,7_3,4.48965035794,-9999.0,-9999.0,-9999.0,7.30499982834,133.726511250381,58.807943840003,249609.61,667226.55,28,16,7.305
NS46NE_257,1,7_3,5.76676513447,-9999.0,-9999.0,-9999.0,7.42999982834,66.6916169320305,35.1855685571334,249793.74,667222.58,20,12,7.43
NS46NE_258,1,7_3,6.3815577848,-9999.0,-9999.0,-9999.0,7.62922239304,88.1658564721621,37.6193806826328,249569.12,667222.35,12,8,7.629
NS46NE_259,1,7_3,6.26426548838,-9999.0,-9999.0,-9999.0,7.58099985123,114.561575026975,43.2243323990442,249732.89,667223.32,12,8,7.581
NS46NE_260,1,7_3,6.15462291617,-9999.0,-9999.0,-9999.0,7.66599988937,99.0133635570656,39.8366184122942,249859.11,667224.07,12,8,7.666
NS46NE_261,1,7_3,6.07247656793,-9999.0,-9999.0,-9999.0,7.85200023651,109.867013344319,42.2702581074206,249657.41,667219.31,12,8,7.852
NS46NE_262,1,7_3,6.05707037217,-9999.0,-9999.0,-9999.0,7.33799982071,68.7199970969176,33.4846239890316,249708.12,667217.02,12,8,7.338
NS46NE_263,1,7_3,6.21520508774,-9999.0,-9999.0,-9999.0,7.96899986267,62.1391766515959,32.2321345279495,249832.72,667216.09,12,8,7.969
NS46NE_265,1,7_3,6.26131944198,-9999.0,-9999.0,-9999.0,7.71500015259,90.734100544823,38.1659562139547,249674.37,667217.06,12,8,7.715
NS46NE_266,1,7_3,5.97177016927,-9999.0,-9999.0,-9999.0,7.73600006104,65.9939690707117,33.357189920252,249865.76,667213.76,12,8,7.736
NS46NE_267,1,7_3,5.97312505778,-9999.0,-9999.0,-9999.0,7.4470000267,72.1164428948664,34.3667117500117,249685.53,667213.74,12,8,7.447
NS46NE_268,1,7_3,5.98454421298,-9999.0,-9999.0,-9999.0,7.78100013733,114.803541772474,45.0330075446243,249618.08,667211.36,20,12,7.781
NS46NE_269,1,7_3,6.1676016653,-9999.0,-9999.0,-9999.0,7.95800018311,96.8778076111734,40.1268992376353,249745.33,667210.68,20,12,7.958
NS46NE_270,1,7_3,6.31301947944,-9999.0,-9999.0,-9999.0,7.81699991226,213.119935969958,62.5065817432825,249928.43,667215.25,24,14,7.817
NS46NE_271,1,7_3,6.39362327501,-9999.0,-9999.0,-9999.0,8.01500034332,214.465199375608,61.850015495936,249971.33,667215.71,12,8,8.015
NS46NE_272,1,7_3,5.03663746036,-9999.0,-9999.0,-9999.0,7.41099977493,212.237364320326,89.4715787216551,249597.05,667213.78,52,28,7.411
NS46NE_273,1,7_3,2.24492359161,-9999.0,-9999.0,-9999.0,8.34300041199,29.8321762481029,25.1044224032762,249609.72,667203.34,8,6,8.343
NS46NE_274,1,7_3,5.9066564266,-9999.0,-9999.0,-9999.0,7.82000017166,120.237104388234,48.7916599067847,249564.32,667206.09,20,12,7.82
NS46NE_275,1,7_3,6.00356651774,-9999.0,-9999.0,-9999.0,7.97599983215,112.769708210778,42.5663422979654,249836.71,667204.86,12,8,7.976
NS46NE_276,1,7_3,6.1564529829,-9999.0,-9999.0,-9999.0,8.0,106.605868354462,41.3607800684937,249809.72,667203.02,12,8,8.0
NS46NE_277,1,7_3,6.17118504854,-9999.0,-9999.0,-9999.0,7.56799983978,138.426713305395,49.3019286906976,249760.76,667204.56,12,8,7.568
NS46NE_278,1,7_3,6.12755931651,-9999.0,-9999.0,-9999.0,8.14000034332,77.5657477987457,36.6978497035714,249625.37,667200.18,20,12,8.14
NS46NE_279,1,7_3,5.89027035795,-9999.0,-9999.0,-9999.0,7.54500007629,68.6030867807252,33.7803228318477,249872.89,667198.97,12,8,7.545
NS46NE_280,1,7_3,6.3235230808,-9999.0,-9999.0,-9999.0,7.66699981689,120.618171735961,44.0818608067016,249917.49,667199.87,12,8,7.667
NS46NE_281,1,7_3,6.30720383007,-9999.0,-9999.0,-9999.0,7.49499988556,118.297406081644,43.6221662523312,249786.26,667195.27,12,8,7.495
NS46NE_282,1,7_3,5.92324050704,-9999.0,-9999.0,-9999.0,7.99100017548,108.777177743169,41.7566397055491,249558.98,667191.73,12,8,7.991
NS46NE_283,1,7_3,6.21914745188,-9999.0,-9999.0,-9999.0,7.90899991989,77.062002481094,36.4406648284063,249627.19,667190.42,20,12,7.909
NS46NE_284,1,7_3,6.45729393826,-9999.0,-9999.0,-9999.0,7.77799987793,217.981952022668,62.313516611186,249955.49,667193.76,12,8,7.778
NS46NE_285,1,7_3,5.2869502184,-9999.0,-9999.0,-9999.0,7.50899982452,82.1452363342327,38.9036334200654,249859.77,667190.16,12,8,7.509
NS46NE_286,1,7_3,6.33114688145,-9999.0,-9999.0,-9999.0,8.07800006866,89.8442074814475,37.9833890378451,249590.11,667187.01,12,8,8.078
NS46NE_287,1,7_3,5.76320639134,-9999.0,-9999.0,-9999.0,7.62300014496,125.298976415697,47.4689173891105,249841.51,667189.45,28,16,7.623
NS46NE_288,1,7_3,5.89025797139,-9999.0,-9999.0,-9999.0,7.92600011826,296.158874047136,83.1987611412922,249665.82,667188.22,28,16,7.926
NS46NE_289,1,7_3,6.47837582456,-9999.0,-9999.0,-9999.0,7.55800008774,120.79105873764,44.1406890805643,249907.41,667186.69,12,8,7.558
NS46NE_290,1,7_3,5.83957524378,-9999.0,-9999.0,-9999.0,7.97900009155,77.9917593342809,37.1337853828893,249734.86,667183.12,20,12,7.979
NS46NE_291,1,7_3,6.28649442282,-9999.0,-9999.0,-9999.0,8.16899967194,106.431180098637,41.6102029147764,249575.68,667181.21,12,8,8.169
NS46NE_292,1,7_3,6.26992992422,-9999.0,-9999.0,-9999.0,7.64699983597,121.044385333637,44.1225217189776,249777.12,667182.04,12,8,7.647
NS46NE_293,1,7_3,5.40129219822,-9999.0,-9999.0,-9999.0,7.51499986649,185.548706605113,59.448943999116,249811.95,667182.74,12,8,7.515
NS46NE_294,1,7_3,3.52309802114,-9999.0,-9999.0,-9999.0,7.28000020981,49.7012662503842,28.2069108945554,249898.23,667175.85,12,8,7.28
NS46NE_295,1,7_3,6.05416306514,-9999.0,-9999.0,-9999.0,7.51000022888,231.05495471356,67.7764744257039,249972.78,667180.75,24,14,7.51
NS46NE_296,1,7_3,5.86261814515,-9999.0,-9999.0,-9999.0,7.84000015259,165.335285952156,58.3712875114562,249748.42,667175.55,28,16,7.84
NS46NE_297,1,7_3,6.17626384848,-9999.0,-9999.0,-9999.0,7.59899997711,156.181325213188,51.5809657461643,249931.84,667170.97,12,8,7.599
NS46NE_298,1,7_3,6.31105252792,-9999.0,-9999.0,-9999.0,8.01299953461,89.2242432774062,37.8400451311796,249645.33,667168.27,12,8,8.013
NS46NE_299,1,7_3,5.81915202914,-9999.0,-9999.0,-9999.0,8.42399978638,124.804842254537,49.6952432873122,249604.56,667168.01,20,12,8.424
NS46NE_300,1,7_3,5.61928527123,-9999.0,-9999.0,-9999.0,7.64400005341,89.048827438222,40.9020291013524,249674.47,667164.16,28,16,7.644
NS46NE_301,1,7_3,6.22949871257,-9999.0,-9999.0,-9999.0,7.47100019455,97.1434230846642,39.6294554790314,249872.6,667163.85,12,8,7.471
NS46NE_302,1,7_3,3.82154756481,-9999.0,-9999.0,-9999.0,6.93499994278,63.480066840815,34.5858194052373,249995.21,667162.11,12,8,6.935
NS46NE_303,1,7_3,5.66291344556,-9999.0,-9999.0,-9999.0,7.0560002327,207.548430264074,67.8371195705726,249792.03,667162.93,36,20,7.056
NS46NE_304,1,7_3,6.38354110892,-9999.0,-9999.0,-9999.0,8.19999980927,142.379511530323,49.0603165858296,249622.1,667160.19,20,12,8.2
NS46NE_305,1,7_3,5.50345892477,-9999.0,-9999.0,-9999.0,7.24900007248,532.547553621205,146.839005937268,249710.55,667173.42,116,60,7.249
NS46NE_306,1,7_3,4.86136978894,-9999.0,-9999.0,-9999.0,8.18799972534,214.264258212531,72.8570007503299,249730.4,667156.26,44,24,8.188
NS46NE_307,1,7_3,6.14126292994,-9999.0,-9999.0,-9999.0,7.32000017166,192.933792440174,62.1171665744097,249841.85,667157.41,24,14,7.32
NS46NE_308,1,7_3,5.93725225191,-9999.0,-9999.0,-9999.0,7.46400022507,189.130860262192,60.2057112784912,249948.95,667156.64,36,20,7.464
NS46NE_309,1,7_3,5.83570787709,-9999.0,-9999.0,-9999.0,8.47200012207,160.420990834164,62.9490831241788,249637.32,667149.01,44,24,8.472
NS46NE_310,1,7_3,5.77178904893,-9999.0,-9999.0,-9999.0,7.78499984741,78.6830401735414,37.3439741086757,249743.94,667146.1,20,12,7.785
NS46NE_311,1,7_3,6.30661745578,-9999.0,-9999.0,-9999.0,7.58599996567,158.347899274288,54.0242571562262,249916.18,667149.41,28,16,7.586
NS46NE_312,1,7_3,5.79468697588,-9999.0,-9999.0,-9999.0,7.38399982452,119.667211096656,46.5754894559606,249756.66,667146.9,20,12,7.384
NS46NE_313,1,7_3,6.48534914171,-9999.0,-9999.0,-9999.0,7.17199993134,119.068786848221,43.8333611505505,249964.66,667145.44,12,8,7.172
NS46NE_314,1,7_3,5.80073361124,-9999.0,-9999.0,-9999.0,7.47100019455,75.8655973498057,36.674535001718,249782.64,667136.07,20,12,7.471
NS46NE_315,1,7_3,6.54539938376,-9999.0,-9999.0,-9999.0,7.60699987411,130.262846908368,45.9793001835619,249940.85,667136.01,12,8,7.607
NS46NE_316,1,7_3,6.30723235524,-9999.0,-9999.0,-9999.0,7.44000005722,216.245325606431,65.9264784454854,249868.33,667140.49,12,8,7.44
NS46NE_317,1,7_3,5.64774059889,-9999.0,-9999.0,-9999.0,7.29400014877,245.091727397921,79.5792436438476,249819.89,667139.61,60,32,7.294
NS46NE_318,1,7_3,6.40259531801,-9999.0,-9999.0,-9999.0,7.10699987411,159.273722363924,51.6840781134122,249978.8,667134.45,12,8,7.107
NS46NE_319,1,7_3,5.99424144686,-9999.0,-9999.0,-9999.0,7.66599988937,75.0696266699122,36.3244896754496,249775.34,667128.78,20,12,7.666
NS46NE_320,1,7_3,5.79127744961,-9999.0,-9999.0,-9999.0,8.24600028992,418.246196892583,117.493558284613,249660.07,667142.15,76,40,8.246
NS46NE_321,1,7_3,6.35145020286,-9999.0,-9999.0,-9999.0,7.50199985504,122.323747808686,44.4437531497633,249911.88,667129.56,12,8,7.502
NS46NE_322,1,7_3,5.80337835423,-9999.0,-9999.0,-9999.0,8.39799976349,78.1864775022161,37.1596864978235,249714.1,667126.74,20,12,8.398
NS46NE_323,1,7_3,5.76647926565,-9999.0,-9999.0,-9999.0,7.40100002289,76.9594984934445,36.9343928927078,249812.0,667123.69,20,12,7.401
NS46NE_324,1,7_3,5.80080289769,-9999.0,-9999.0,-9999.0,7.53900003433,135.420509174015,51.5413843871378,249836.1,667122.67,28,16,7.539
NS46NE_325,1,7_3,5.53232649978,-9999.0,-9999.0,-9999.0,8.34399986267,272.176360790204,85.4010288526687,249688.53,667125.99,56,30,8.344
NS46NE_326,1,7_3,6.45998252432,-9999.0,-9999.0,-9999.0,7.6360001564,174.358211643599,54.1881090293195,249941.53,667116.75,12,8,7.636
NS46NE_327,1,7_3,5.72729211935,-9999.0,-9999.0,-9999.0,8.08500003815,183.64970670273,68.4146613592888,249763.37,667116.39,36,20,8.085
NS46NE_328,1,7_3,4.63014141342,-9999.0,-9999.0,-9999.0,7.89799976349,250.661662500543,102.039954878187,249727.82,667114.46,56,30,7.898
NS46NE_329,1,7_3,5.62040840143,-9999.0,-9999.0,-9999.0,7.30999994278,169.859231367069,63.4391588232302,249858.72,667113.11,44,24,7.31
NS46NE_330,1,7_3,6.41770341143,-9999.0,-9999.0,-9999.0,7.3109998703,119.458973980882,43.9136897517026,249908.78,667111.12,12,8,7.311
NS46NE_331,1,7_3,5.72231624509,-9999.0,-9999.0,-9999.0,8.16699981689,134.332649989771,51.741678593668,249677.26,667110.35,28,16,8.167
NS46NE_332,1,7_3,5.62151244469,-9999.0,-9999.0,-9999.0,7.65799999237,275.397952494194,83.1008237954428,249792.34,667107.29,60,32,7.658
NS46NE_333,1,7_3,2.71194523451,-9999.0,-9999.0,-9999.0,7.21400022507,51.9308681167244,29.8647854524686,249914.97,667098.44,16,10,7.214
NS46NE_334,1,7_3,6.46942670302,-9999.0,-9999.0,-9999.0,7.47599983215,184.937375310328,56.5938924252939,249958.23,667101.52,12,8,7.476
NS46NE_335,1,7_3,6.49003020887,-9999.0,-9999.0,-9999.0,7.33500003815,115.277109799313,42.9718458916168,249927.1,667093.03,12,8,7.335
NS46NE_336,1,7_3,6.41596086678,-9999.0,-9999.0,-9999.0,7.32800006866,170.923204418647,52.7808383147959,249996.36,667093.39,16,10,7.328
NS46NE_337,1,7_3,5.73652638648,-9999.0,-9999.0,-9999.0,7.92100000381,357.787217843683,100.702469867955,249701.16,667097.28,52,28,7.921
NS46NE_338,1,7_3,5.6497715238,-9999.0,-9999.0,-9999.0,7.95900011063,386.254690598622,109.771921436262,249766.41,667090.11,84,44,7.959
NS46NE_339,1,7_3,5.57971082409,-9999.0,-9999.0,-9999.0,7.27600002289,313.618594856567,95.6138481567815,249829.54,667088.77,68,36,7.276
NS46NE_340,1,7_3,6.37320406281,-9999.0,-9999.0,-9999.0,7.41800022125,189.12730619352,57.1208839255372,249945.1,667083.66,12,8,7.418
NS46NE_341,1,7_3,6.47174393336,-9999.0,-9999.0,-9999.0,7.20900011063,122.738844122578,45.0414497223887,249908.83,667066.6,20,12,7.209
NS46NE_342,1,7_3,5.56962714122,-9999.0,-9999.0,-9999.0,7.77299976349,285.336920230953,89.1611644958533,249723.03,667069.24,60,32,7.773
NS46NE_343,1,7_3,3.90699750397,-9999.0,-9999.0,-9999.0,7.03299999237,155.208945490753,54.2807906567179,249538.65,667060.08,20,12,7.033
NS46NE_344,1,7_3,6.3272343405,-9999.0,-9999.0,-9999.0,7.36100006104,120.005794219614,44.9136553623885,249924.26,667055.63,28,16,7.361
NS46NE_345,1,7_3,5.50518245919,-9999.0,-9999.0,-9999.0,7.50028562546,386.793659369356,84.1843457311227,249979.85,667060.61,28,16,7.5
NS46NE_346,1,7_3,5.64662046404,-9999.0,-9999.0,-9999.0,8.09399986267,432.826551799578,133.882382329817,249806.38,667061.53,84,44,8.094
NS46NE_347,1,7_3,10.2453008275,-9999.0,-9999.0,-9999.0,6.49599981308,4023.54083893651,479.231804289228,249609.18,667090.22,108,56,6.496
NS46NE_348,1,7_3,5.49877020505,-9999.0,-9999.0,-9999.0,8.21399974823,388.677775109169,121.050839198753,249750.03,667055.22,84,44,8.214
NS46NE_349,1,7_3,5.6504813751,-9999.0,-9999.0,-9999.0,8.41600036621,141.174912922801,54.6452869161093,249769.79,667041.13,36,20,8.416
NS46NE_350,1,7_3,6.42784149688,-9999.0,-9999.0,-9999.0,7.83099985123,226.152102632556,65.2307335908429,249898.09,667040.15,16,10,7.831
NS46NE_351,1,7_3,5.68704182605,-9999.0,-9999.0,-9999.0,8.50899982452,113.145228392434,44.6668334148046,249781.66,667035.08,20,12,8.509
NS46NE_352,1,7_3,5.2586530201,-9999.0,-9999.0,-9999.0,6.87699985504,1103.03081259244,251.745973218653,249869.65,667059.75,108,56,6.877
NS46NE_353,1,7_3,6.63208758235,-9999.0,-9999.0,-9999.0,6.78999996185,42.8031374998391,28.6284921875598,249666.7,667017.49,12,8,6.79
NS46NE_354,1,7_3,6.41886200346,-9999.0,-9999.0,-9999.0,7.94199991226,226.805445139717,64.705934890453,249881.68,667017.99,20,12,7.942
NS46NE_356,1,7_3,6.4826258453,-9999.0,-9999.0,-9999.0,7.41200017929,179.863295590403,57.9291182202067,249914.06,666989.54,28,16,7.412
NS46NE_357,1,7_3,4.21462913975,-9999.0,-9999.0,-9999.0,6.72100019455,36.9572587996443,28.1461653013519,249695.22,666981.82,12,8,6.721
NS46NE_358,1,7_3,9.93944281403,-9999.0,-9999.0,-9999.0,6.88199996948,1626.41680157905,317.188607657766,249845.0,666991.47,120,62,6.882
NS46NE_359,1,7_3,6.04075125924,-9999.0,-9999.0,-9999.0,7.18200016022,163.595635477959,58.5150054227148,249793.37,666962.85,20,12,7.182
NS46NE_360,1,7_3,6.15175049749,-9999.0,-9999.0,-9999.0,7.51900005341,616.624172508101,143.928548132636,249895.74,666958.53,76,40,7.519
NS46NE_361,1,7_3,6.99027326501,-9999.0,-9999.0,-9999.0,7.2389998436,147.690697390722,50.6837164135899,249804.37,666943.59,12,8,7.239
NS46NE_362,1,7_3,6.52136402156,-9999.0,-9999.0,-9999.0,7.01700019836,188.371327849446,58.1435060246355,249773.95,666944.76,16,10,7.017
NS46NE_363,1,7_3,3.33059446383,-9999.0,-9999.0,-9999.0,6.86100006104,65.8394185612512,37.5264287076457,249643.58,666925.13,28,16,6.861
NS46NE_364,1,7_3,6.51656473288,-9999.0,-9999.0,-9999.0,6.98299980164,186.08332000899,57.8722828335382,249761.9,666928.05,12,8,6.983
NS46NE_365,1,7_3,8.41505768995,-9999.0,-9999.0,-9999.0,7.69899988174,673.126702592423,126.305818364509,249839.68,666935.26,52,28,7.699
NS46NE_366,1,7_3,6.53590349184,-9999.0,-9999.0,-9999.0,8.07400035858,5834.88901805298,582.78158263514,249967.94,666973.91,208,100,8.074
NS46NE_367,1,7_3,2.72885404959,-9999.0,-9999.0,-9999.0,8.34399986267,42.66703125029,26.38109472569,249973.06,666918.37,12,8,8.344
NS46NE_368,1,7_3,2.66007631982,-9999.0,-9999.0,-9999.0,6.50299978256,130.912337451333,46.2465055451836,249628.01,666920.7,12,8,6.503
NS46NE_369,1,7_3,6.28676953585,-9999.0,-9999.0,-9999.0,7.70200014114,224.584928228476,65.2126270563894,249790.0,666916.79,20,12,7.702
NS46NE_370,1,7_3,6.91843850826,-9999.0,-9999.0,-9999.0,6.24300003052,5950.07608946554,560.24765193242,249660.14,666953.24,300,146,6.243
NS46NE_371,1,7_3,6.52692309357,-9999.0,-9999.0,-9999.0,6.97800016403,190.811041501589,58.5397585482369,249749.68,666911.46,12,8,6.978
NS46NE_372,1,7_3,6.365913097,-9999.0,-9999.0,-9999.0,8.1219997406,226.097794076519,64.8253711264684,249811.25,666903.62,12,8,8.122
NS46NE_373,1,7_3,6.34756908166,-9999.0,-9999.0,-9999.0,8.43999958038,119.937695343205,44.0759977184726,249829.47,666891.86,12,8,8.44
NS46NE_374,1,7_3,6.41624990191,-9999.0,-9999.0,-9999.0,6.96299982071,186.672108017933,57.9157962890483,249737.51,666894.84,12,8,6.963
NS46NE_375,1,7_3,3.05591615805,-9999.0,-9999.0,-9999.0,7.24300003052,27.3743475018141,21.8767047544309,249764.91,666887.25,12,8,7.243
NS46NE_376,1,7_3,9.38063421049,-9999.0,-9999.0,-9999.0,8.27200031281,359.645789127866,85.2088521314612,249881.11,666896.93,20,12,8.272
NS46NE_377,1,7_3,6.22499975183,-9999.0,-9999.0,-9999.0,6.55316638947,552.011400590194,103.325002024764,249670.75,666899.77,28,16,6.553
NS46NE_379,1,7_3,6.19952379956,-9999.0,-9999.0,-9999.0,7.16699981689,82.5228589791982,42.1468737995068,249753.95,666882.11,20,12,7.167
NS46NE_380,1,7_3,6.29549002565,-9999.0,-9999.0,-9999.0,8.68799972534,224.693748315314,65.1022816279652,249848.72,666879.92,20,12,8.688
NS46NE_381,1,7_3,6.24971994441,-9999.0,-9999.0,-9999.0,7.32399988174,84.9563603188498,37.116786625824,249765.05,666875.75,16,10,7.324
NS46NE_383,1,7_3,6.22762568189,-9999.0,-9999.0,-9999.0,7.74700021744,225.136612289074,65.0036776384407,249790.63,666877.63,20,12,7.747
NS46NE_100,1,7_4,6.30081282425,-9999.0,-9999.0,-9999.0,5.6890001297,207.212397994554,69.7203777827972,249534.84,667663.52,12,8,5.689
NS46NE_102,1,7_4,2.53292907936,-9999.0,-9999.0,-9999.0,6.18400001526,69.1957626778342,33.756761512952,249971.66,667658.83,12,8,6.184
NS46NE_103,1,7_4,5.93987537408,-9999.0,-9999.0,-9999.0,6.04400014877,186.729229254643,64.7826850843455,249563.86,667658.88,28,16,6.044
NS46NE_104,1,7_4,7.75414380388,-9999.0,-9999.0,-9999.0,5.83599996567,618.206112135347,142.063848496911,249850.39,667658.47,52,28,5.836
NS46NE_105,1,7_4,3.47971585234,-9999.0,-9999.0,-9999.0,6.16599988937,42.3746400036345,26.0575739581647,249605.82,667652.96,12,8,6.166
NS46NE_106,1,7_4,4.86950866413,-9999.0,-9999.0,-9999.0,6.13899993896,330.914838929287,128.537232730385,249956.59,667668.41,52,28,6.139
NS46NE_107,1,7_4,4.68371888172,-9999.0,-9999.0,-9999.0,5.75299978256,169.5338204395,57.8146486094784,249787.19,667654.84,12,8,5.753
NS46NE_108,1,7_4,9.04699743076,-9999.0,-9999.0,-9999.0,5.5720000267,371.365599017406,96.9253482769205,249723.75,667651.5,12,8,5.572
NS46NE_109,1,7_4,4.64475928979,-9999.0,-9999.0,-9999.0,6.46099996567,162.643537471523,56.9902155856765,249913.96,667652.79,12,8,6.461
NS46NE_110,1,7_4,6.0465249786,-9999.0,-9999.0,-9999.0,5.24599981308,326.032759840891,103.116021099811,249679.22,667634.39,28,16,5.246
NS46NE_111,1,7_4,9.20218070702,-9999.0,-9999.0,-9999.0,5.88199996948,215.380152318181,66.3205361775526,249816.29,667638.97,12,8,5.882
NS46NE_112,1,7_4,4.69945550493,-9999.0,-9999.0,-9999.0,6.14200019836,162.226269967887,57.05506947352,249952.36,667637.02,12,8,6.142
NS46NE_113,1,7_4,6.22822596059,-9999.0,-9999.0,-9999.0,5.75600004196,209.521060273568,70.8942576666487,249513.83,667632.22,12,8,5.756
NS46NE_114,1,7_4,9.03693540099,-9999.0,-9999.0,-9999.0,5.89699983597,218.032898889072,66.4326059600176,249574.59,667637.26,16,10,5.897
NS46NE_115,1,7_4,5.84584016561,-9999.0,-9999.0,-9999.0,5.65000009537,188.079328315624,61.6786296822836,249771.99,667636.5,12,8,5.65
NS46NE_116,1,7_4,9.38002365405,-9999.0,-9999.0,-9999.0,5.76000022888,210.446028549015,65.7651807077478,249884.9,667636.84,12,8,5.76
NS46NE_117,1,7_4,5.96042351558,-9999.0,-9999.0,-9999.0,6.15500020981,189.557936096699,61.494862873935,249928.31,667634.17,12,8,6.155
NS46NE_118,1,7_4,6.10596854099,-9999.0,-9999.0,-9999.0,5.17299985886,205.593123692749,69.4158123720792,249718.04,667626.67,12,8,5.173
NS46NE_119,1,7_4,9.03411835606,-9999.0,-9999.0,-9999.0,6.03700017929,379.310566266556,100.673120691991,249980.65,667626.64,20,12,6.037
NS46NE_120,1,7_4,5.95018385544,-9999.0,-9999.0,-9999.0,5.96000003815,210.494345554885,65.2192107849981,249554.78,667621.86,12,8,5.96
NS46NE_121,1,7_4,6.02751543888,-9999.0,-9999.0,-9999.0,6.03700017929,214.112681710883,66.1965942606275,249788.03,667620.54,20,12,6.037
NS46NE_122,1,7_4,6.15411906261,-9999.0,-9999.0,-9999.0,6.15399980545,206.381010797286,64.6889755867521,249911.73,667618.63,12,8,6.154
NS46NE_123,1,7_4,8.99842327443,-9999.0,-9999.0,-9999.0,5.67100000381,422.997447248971,112.155972899402,249628.78,667626.48,12,8,5.671
NS46NE_125,1,7_4,6.20352513946,-9999.0,-9999.0,-9999.0,5.69899988174,202.698687297435,69.244144530203,249525.75,667600.33,12,8,5.699
NS46NE_126,1,7_4,6.00792668268,-9999.0,-9999.0,-9999.0,5.87799978256,94.7195099954867,39.2390915633362,249555.66,667597.05,16,10,5.878
NS46NE_127,1,7_4,6.13793404507,-9999.0,-9999.0,-9999.0,5.12599992752,319.272704693864,99.6961183726413,249671.87,667598.36,20,12,5.126
NS46NE_128,1,7_4,6.45704912284,-9999.0,-9999.0,-9999.0,6.16400003433,178.10422237261,56.7715599902786,249952.96,667596.13,12,8,6.164
NS46NE_129,1,7_4,4.04934130516,-9999.0,-9999.0,-9999.0,5.72499990463,206.67298761436,74.7895203219446,249771.92,667595.51,36,20,5.725
NS46NE_130,1,7_4,6.05759337269,-9999.0,-9999.0,-9999.0,6.16800022125,213.197536449598,65.4811802734314,249926.33,667594.11,12,8,6.168
NS46NE_131,1,7_4,5.95130446615,-9999.0,-9999.0,-9999.0,5.36877775192,234.339604643118,76.7915081162706,249739.51,667603.52,28,16,5.369
NS46NE_132,1,7_4,6.16018455662,-9999.0,-9999.0,-9999.0,6.1810002327,208.464323739483,64.958473593915,249799.4,667594.5,12,8,6.181
NS46NE_133,1,7_4,6.21368119528,-9999.0,-9999.0,-9999.0,6.07899999619,213.815040034495,65.4735777952529,249899.81,667592.89,12,8,6.079
NS46NE_134,1,7_4,5.92745541655,-9999.0,-9999.0,-9999.0,6.26499986649,142.736985420081,50.0969999396585,249997.71,667593.63,12,8,6.265
NS46NE_135,1,7_4,6.38393444764,-9999.0,-9999.0,-9999.0,5.10599994659,197.943798110632,68.7885309391052,249710.94,667590.77,12,8,5.106
NS46NE_136,1,7_4,8.26096376557,-9999.0,-9999.0,-9999.0,5.88100004196,629.247737415085,172.99141612654,249849.14,667588.83,52,28,5.881
NS46NE_137,1,7_4,6.26748968093,-9999.0,-9999.0,-9999.0,5.29600000381,91.677585388108,39.693544284031,249630.53,667581.58,12,8,5.296
NS46NE_138,1,7_4,4.98169458958,-9999.0,-9999.0,-9999.0,5.70900011063,391.029786286411,152.794483727665,249591.78,667578.99,76,40,5.709
NS46NE_139,1,7_4,6.6963320037,-9999.0,-9999.0,-9999.0,6.16400003433,193.255770663013,60.7230725310735,249967.59,667579.29,12,8,6.164
NS46NE_140,1,7_4,6.2672513042,-9999.0,-9999.0,-9999.0,5.08300018311,194.922612039126,68.6292682860233,249656.27,667573.91,12,8,5.083
NS46NE_141,1,7_4,6.64330976131,-9999.0,-9999.0,-9999.0,5.80900001526,190.975471593912,59.919605245373,249760.74,667573.97,12,8,5.809
NS46NE_142,1,7_4,6.26063191485,-9999.0,-9999.0,-9999.0,4.96400022507,210.050965544461,69.6212423359049,249688.59,667567.03,16,10,4.964
NS46NE_143,1,7_4,6.62807074044,-9999.0,-9999.0,-9999.0,6.05999994278,178.75918179213,57.1139431124162,249951.07,667563.32,12,8,6.06
NS46NE_144,1,7_4,9.70437566189,-9999.0,-9999.0,-9999.0,5.85599994659,217.491806109342,61.6867818479753,249775.95,667559.44,12,8,5.856
NS46NE_145,1,7_4,9.58196528493,-9999.0,-9999.0,-9999.0,5.89300012589,434.643532279595,99.5492263386597,249920.57,667557.09,12,8,5.893
NS46NE_146,1,7_4,6.76252516372,-9999.0,-9999.0,-9999.0,5.89499998093,174.039780877713,56.1680793238906,249798.22,667554.17,12,8,5.895
NS46NE_147,1,7_4,6.3912568079,-9999.0,-9999.0,-9999.0,5.89400005341,182.79353567812,57.9904842771589,249888.46,667551.13,12,8,5.894
NS46NE_148,1,7_4,6.74597035265,-9999.0,-9999.0,-9999.0,5.94899988174,173.197249260602,56.0803353632516,249820.4,667550.17,12,8,5.949
NS46NE_149,1,7_4,6.5640346598,-9999.0,-9999.0,-9999.0,5.95699977875,179.113506760698,57.1058813066114,249866.13,667548.37,12,8,5.957
NS46NE_150,1,7_4,9.59446386735,-9999.0,-9999.0,-9999.0,5.98600006104,226.344900706177,62.5022296993393,249843.26,667548.82,12,8,5.986
NS46NE_151,1,7_4,6.70757506143,-9999.0,-9999.0,-9999.0,5.78900003433,171.684932283722,56.0358645268695,249751.46,667536.67,12,8,5.789
NS46NE_152,1,7_4,6.22542496052,-9999.0,-9999.0,-9999.0,5.38899993896,200.050705778214,68.8736334370141,249716.4,667542.81,12,8,5.389
NS46NE_153,1,7_4,6.60090115765,-9999.0,-9999.0,-9999.0,5.82600021362,180.506018382326,57.4583218364991,249772.9,667532.32,12,8,5.826
NS46NE_154,1,7_4,8.60771391271,-9999.0,-9999.0,-9999.0,5.9439997673,610.566812196516,158.414012123886,249813.7,667524.23,52,28,5.944
NS46NE_155,1,7_4,6.49142370831,-9999.0,-9999.0,-9999.0,5.96700000763,182.956472964172,57.2755804014365,249854.77,667515.32,12,8,5.967
NS46NE_156,1,7_4,3.96579183409,-9999.0,-9999.0,-9999.0,5.53000020981,457.94981980012,91.2174805167204,249678.41,667509.01,20,12,5.53
NS46NE_157,1,7_4,9.50310230994,-9999.0,-9999.0,-9999.0,5.97300004959,439.814617221298,100.044996605392,249884.44,667505.2,16,10,5.973
NS46NE_160,1,7_4,5.59690201965,-9999.0,-9999.0,-9999.0,6.21799993515,2783.10156830909,350.083741513623,249979.54,667506.38,120,62,6.218
NS46NE_58,1,7_4,4.68564294857,-9999.0,-9999.0,-9999.0,4.90399980545,809.764285055585,123.467661154732,249922.98,668115.44,28,16,4.904
NS46NE_59,1,7_4,4.0997403205,-9999.0,-9999.0,-9999.0,6.16300010681,1106.54703290355,162.378872125251,249797.31,668117.14,36,20,6.163
NS46NE_60,1,7_4,2.7266057411,-9999.0,-9999.0,-9999.0,6.04899978638,28.0135725053808,23.1133735341513,249814.38,668094.82,12,8,6.049
NS46NE_61,1,7_4,4.13181067394,-9999.0,-9999.0,-9999.0,4.26200008392,102.041780634815,43.4883520810475,249511.62,668084.05,20,12,4.262
NS46NE_62,1,7_4,6.42191219584,-9999.0,-9999.0,-9999.0,6.375,244.648393687046,68.3860116623166,249795.74,668082.09,28,16,6.375
NS46NE_63,1,7_4,6.55712481582,-9999.0,-9999.0,-9999.0,6.46999979019,176.919335250116,56.6656015896834,249818.61,668075.16,20,12,6.47
NS46NE_64,1,7_4,6.27532500745,-9999.0,-9999.0,-9999.0,6.25600004196,203.731546853272,64.4099268028395,249795.3,668052.5,28,16,6.256
NS46NE_66,1,7_4,3.7470553025,-9999.0,-9999.0,-9999.0,5.8140001297,382.335489128373,98.8467561120512,249649.07,667971.26,28,16,5.814
NS46NE_67,1,7_4,10.2042701627,-9999.0,-9999.0,-9999.0,5.36100006104,1254.02286760081,205.29042552213,249972.91,667986.36,32,18,5.361
NS46NE_68,1,7_4,2.47049451882,-9999.0,-9999.0,-9999.0,5.55000019073,21.1060049943656,21.5334812678864,249731.85,667928.59,8,6,5.55
NS46NE_69,1,7_4,7.21233406366,-9999.0,-9999.0,-9999.0,5.63000011444,12709.252430784,801.531290488127,249845.29,667969.3,228,116,5.63
NS46NE_71,1,7_4,2.52646157477,-9999.0,-9999.0,-9999.0,5.56500005722,32.5182600006569,23.0259963573781,249933.85,667856.85,12,8,5.565
NS46NE_72,1,7_4,6.35496634761,-9999.0,-9999.0,-9999.0,6.40000009537,165.66536644316,66.1602431540075,249595.02,667805.07,28,16,6.4
NS46NE_73,1,7_4,3.05690764877,-9999.0,-9999.0,-9999.0,5.44199991226,424.855786760906,96.5222071462371,249911.13,667813.28,12,8,5.442
NS46NE_75,1,7_4,8.52442489674,-9999.0,-9999.0,-9999.0,6.57800006866,202.540479983245,68.25879874727,249587.04,667756.85,24,14,6.578
NS46NE_76,1,7_4,5.7867352956,-9999.0,-9999.0,-9999.0,6.11600017548,190.609618037194,65.1607612114379,249533.21,667749.19,28,16,6.116
NS46NE_77,1,7_4,8.38955227,-9999.0,-9999.0,-9999.0,6.64200019836,206.645010955556,68.2498334664908,249663.03,667741.08,28,16,6.642
NS46NE_78,1,7_4,6.01952687692,-9999.0,-9999.0,-9999.0,6.22900009155,142.687159382414,50.1420235663881,249520.3,667729.84,12,8,6.229
NS46NE_79,1,7_4,8.77887543069,-9999.0,-9999.0,-9999.0,6.22100019455,384.865119137799,102.697481964024,249962.82,667725.52,28,16,6.221
NS46NE_80,1,7_4,7.48806638299,-9999.0,-9999.0,-9999.0,6.00400018692,396.834960922748,103.930772043777,249738.35,667724.13,20,12,6.004
NS46NE_82,1,7_4,5.94893599495,-9999.0,-9999.0,-9999.0,6.40000009537,144.190821305661,50.563170929687,249709.87,667713.67,12,8,6.4
NS46NE_83,1,7_4,5.92261968971,-9999.0,-9999.0,-9999.0,6.14400005341,187.815324111942,61.690297407603,249525.21,667706.81,12,8,6.144
NS46NE_84,1,7_4,4.69021532321,-9999.0,-9999.0,-9999.0,6.26200008392,161.391879692563,56.9005758231691,249941.45,667702.46,12,8,6.262
NS46NE_85,1,7_4,6.09212399803,-9999.0,-9999.0,-9999.0,5.75099992752,225.399397872646,69.6360433501533,249798.14,667693.28,20,12,5.751
NS46NE_86,1,7_4,6.23758271622,-9999.0,-9999.0,-9999.0,6.12099981308,208.713013010158,65.2472367848918,249902.66,667691.76,12,8,6.121
NS46NE_87,1,7_4,6.39081821753,-9999.0,-9999.0,-9999.0,6.06733322144,602.586264057279,182.976974347927,249558.34,667716.17,44,24,6.067
NS46NE_88,1,7_4,5.97935018401,-9999.0,-9999.0,-9999.0,6.132999897,143.153101703416,50.3034192957178,249706.45,667691.21,12,8,6.133
NS46NE_89,1,7_4,7.81664838484,-9999.0,-9999.0,-9999.0,5.69000005722,672.279602807206,177.956634996126,249851.51,667689.87,52,28,5.69
NS46NE_90,1,7_4,4.68737305093,-9999.0,-9999.0,-9999.0,6.132999897,162.533006610393,57.1151937702513,249572.62,667684.41,12,8,6.133
NS46NE_91,1,7_4,6.36932520458,-9999.0,-9999.0,-9999.0,6.11899995804,609.715883761303,198.118641938466,249602.6,667707.14,76,40,6.119
NS46NE_92,1,7_4,6.12783233528,-9999.0,-9999.0,-9999.0,5.6859998703,148.339146825191,53.5473765112374,249509.24,667673.28,12,8,5.686
NS46NE_93,1,7_4,6.12275273677,-9999.0,-9999.0,-9999.0,5.60500001907,190.171513549052,61.7765480245175,249780.19,667677.6,12,8,5.605
NS46NE_94,1,7_4,6.34543732243,-9999.0,-9999.0,-9999.0,6.13199996948,643.713883547478,210.333185182705,249633.96,667699.53,100,52,6.132
NS46NE_95,1,7_4,4.66593182239,-9999.0,-9999.0,-9999.0,6.07700014114,163.279505403585,57.3617796374059,249648.66,667668.96,12,8,6.077
NS46NE_96,1,7_4,5.98327631353,-9999.0,-9999.0,-9999.0,6.06799983978,187.271342365975,62.3450515595424,249921.15,667675.53,20,12,6.068
NS46NE_97,1,7_4,6.11460389243,-9999.0,-9999.0,-9999.0,6.01599979401,142.696885023074,50.2243266823526,249700.95,667669.35,12,8,6.016
NS46NE_98,1,7_4,6.41847113475,-9999.0,-9999.0,-9999.0,6.09399986267,599.554897412448,181.643266071103,249678.43,667691.99,44,24,6.094
NS46NE_99,1,7_4,5.02117271996,-9999.0,-9999.0,-9999.0,5.625,450.755466635197,146.547876812742,249754.91,667685.01,28,16,5.625
NS46NE_56,1,7_5,4.24455934763,-9999.0,-9999.0,-9999.0,6.11199998856,353.796156525684,81.664239908887,249752.91,668143.2,12,8,6.112
NS46NE_57,1,7_5,6.60340801012,-9999.0,-9999.0,-9999.0,5.50899982452,780.381756867826,117.145001495153,249975.57,668144.98,12,8,5.509
NS46NE_1,1,7_7,5.18538068406,-9999.0,-9999.0,-9999.0,5.44299983978,60.9509999972069,33.3639556177212,249607.66,669995.74,12,8,5.443
NS46NE_10,1,7_7,6.594254173,-9999.0,-9999.0,-9999.0,7.86100006104,250.846308426925,74.025789584291,249874.38,669968.56,16,10,7.861
NS46NE_11,1,7_7,2.49640654174,-9999.0,-9999.0,-9999.0,7.882999897,23.1001424993951,22.5215822537719,249845.19,669942.64,8,6,7.883
NS46NE_12,1,7_7,6.44265516108,-9999.0,-9999.0,-9999.0,8.35000038147,252.203161477837,74.7282825631485,249897.28,669946.51,24,14,8.35
NS46NE_13,1,7_7,10.7547519255,-9999.0,-9999.0,-9999.0,6.86800003052,564.406777706123,130.672222371619,249825.93,669951.28,20,12,6.868
NS46NE_14,1,7_7,4.20679679786,-9999.0,-9999.0,-9999.0,8.88300037384,309.271104488837,73.2246558046021,249912.14,669929.54,20,12,8.883
NS46NE_15,1,7_7,6.90274371788,-9999.0,-9999.0,-9999.0,7.77500009537,301.817137410579,84.2944474571498,249857.83,669922.73,12,8,7.775
NS46NE_16,1,7_7,10.3768603481,-9999.0,-9999.0,-9999.0,5.24399995804,3192.99836339552,420.414481304483,249632.84,669944.47,180,90,5.244
NS46NE_17,1,7_7,10.5343705468,-9999.0,-9999.0,-9999.0,7.96199989319,716.803187126487,162.879050094763,249890.64,669891.4,48,26,7.962
NS46NE_18,1,7_7,12.6235866523,-9999.0,-9999.0,-9999.0,9.51599979401,310.475120802881,79.9038127123679,249969.3,669888.96,12,8,9.516
NS46NE_19,1,7_7,16.0532735914,-9999.0,-9999.0,-9999.0,4.96299982071,3973.04740637924,527.670699610325,249729.54,669914.09,352,178,4.963
NS46NE_20,1,7_7,5.27236481999,-9999.0,-9999.0,-9999.0,6.77199983597,92.3547929830041,42.9628760164273,249740.22,669856.99,20,12,6.772
NS46NE_21,1,7_7,12.3834343976,-9999.0,-9999.0,-9999.0,8.77000045776,327.67291203861,78.2834511558209,249948.63,669829.27,32,18,8.77
NS46NE_22,1,7_7,10.1367834829,-9999.0,-9999.0,-9999.0,8.78100013733,930.141201556021,187.205975918266,249985.1,669849.16,32,18,8.781
NS46NE_24,1,7_7,7.96349241322,-9999.0,-9999.0,-9999.0,7.97100019455,219.810468173904,59.6031149950548,249979.73,669797.77,12,8,7.971
NS46NE_27,1,7_7,10.8535598531,-9999.0,-9999.0,-9999.0,6.625,962.524691119409,216.513371800426,249940.01,669759.05,92,48,6.625
NS46NE_28,1,7_7,2.78667056195,-9999.0,-9999.0,-9999.0,8.01799964905,43.0175549932569,27.2623932217256,249969.53,669725.7,12,8,8.018
NS46NE_29,1,7_7,6.60745056953,-9999.0,-9999.0,-9999.0,7.85799980164,322.034025865983,86.427684395463,249986.93,669734.24,60,32,7.858
NS46NE_3,1,7_7,5.16137756948,-9999.0,-9999.0,-9999.0,5.42000007629,160.150929248665,52.1857846047983,249596.99,669988.44,16,10,5.42
NS46NE_31,1,7_7,2.24086914744,-9999.0,-9999.0,-9999.0,7.99100017548,29.0625412488267,22.2363476220205,249963.53,669716.1,12,8,7.991
NS46NE_32,1,7_7,6.65725433794,-9999.0,-9999.0,-9999.0,7.3060002327,671.714069438957,146.692961757894,249964.69,669697.29,60,32,7.306
NS46NE_33,1,7_7,8.10913231682,-9999.0,-9999.0,-9999.0,6.37300014496,532.402571800907,118.638698371564,249932.77,669681.34,48,26,6.373
NS46NE_35,1,7_7,6.2470906894,-9999.0,-9999.0,-9999.0,6.617000103,285.139002079703,93.0617478828201,249953.85,669659.87,40,22,6.617
NS46NE_36,1,7_7,10.2970039202,-9999.0,-9999.0,-9999.0,5.71799993515,992.864210409272,145.659822738094,249631.7,669664.96,44,24,5.718
NS46NE_37,1,7_7,11.2541776503,-9999.0,-9999.0,-9999.0,5.13500022888,1195.05465708588,212.631069906578,249890.4,669680.72,56,30,5.135
NS46NE_38,1,7_7,7.35282819038,-9999.0,-9999.0,-9999.0,6.7610001564,658.619938944749,104.099866743895,249977.45,669624.35,20,12,6.761
NS46NE_39,1,7_7,3.10085119262,-9999.0,-9999.0,-9999.0,5.44500017166,36.4671524975378,25.1541936940304,249662.96,669594.79,12,8,5.445
NS46NE_4,1,7_7,2.97050004952,-9999.0,-9999.0,-9999.0,9.28299999237,68.5964099879797,34.8649555000051,249945.04,669982.84,20,12,9.283
NS46NE_40,1,7_7,7.16591619715,-9999.0,-9999.0,-9999.0,6.07100009918,692.549733314381,113.580258276131,249931.98,669601.53,36,20,6.071
NS46NE_41,1,7_7,4.29631093291,-9999.0,-9999.0,-9999.0,6.23199987411,108.979702844399,47.3342096463721,249985.47,669591.12,28,16,6.232
NS46NE_43,1,7_7,3.82719077451,-9999.0,-9999.0,-9999.0,5.68400001526,206.424061592119,57.6595228663958,249939.78,669583.16,12,8,5.684
NS46NE_44,1,7_7,3.91359625488,-9999.0,-9999.0,-9999.0,5.71000003815,35.6573150706482,32.7833658700252,249954.52,669573.67,20,12,5.71
NS46NE_45,1,7_7,15.680774104,-9999.0,-9999.0,-9999.0,5.33099985123,7123.77600593128,745.267848757492,249731.97,669605.47,188,96,5.331
NS46NE_46,1,7_7,6.84337207004,-9999.0,-9999.0,-9999.0,5.90399980545,603.738056543565,103.940658493275,249964.1,669555.94,20,12,5.904
NS46NE_47,1,7_7,12.5271860442,-9999.0,-9999.0,-9999.0,5.41900014877,959.916881576441,156.851191761593,249805.31,669552.87,28,16,5.419
NS46NE_48,1,7_7,15.4967340529,-9999.0,-9999.0,-9999.0,5.36100006104,734.343200642123,130.142946215423,249746.87,669541.72,12,8,5.361
NS46NE_5,1,7_7,4.98565455704,-9999.0,-9999.0,-9999.0,7.56225013733,281.782149288134,74.4977776270811,249855.04,669988.85,24,14,7.562
NS46NE_51,1,7_7,19.1093363163,-9999.0,-9999.0,-9999.0,5.47100019455,3246.36832935496,266.080137167736,249671.97,669501.48,24,14,5.471
NS46NE_6,1,7_7,3.16233931457,-9999.0,-9999.0,-9999.0,5.51399993896,494.302432305949,109.453834857906,249719.11,669984.16,40,22,5.514
NS46NE_8,1,7_7,7.25636788767,-9999.0,-9999.0,-9999.0,10.1739997864,550.164017196648,122.822356885657,249994.16,669988.68,12,8,10.174
NS46NE_9,1,7_7,3.72911682748,-9999.0,-9999.0,-9999.0,5.00750017166,103.926978960855,41.4490780051313,249703.3,669966.81,12,8,5.008
